Version,Benchmark Class,qtr,value
18,Aviation Liab,1,1.30E-04
18,Aviation Liab,2,1.18E-03
18,Aviation Liab,3,1.04E-02
18,Aviation Liab,4,5.18E-02
18,Aviation Liab,5,0.207320535
18,Aviation Liab,6,0.414640071
18,Aviation Liab,7,0.621960606
18,Aviation Liab,8,0.701070271
18,Aviation Liab,9,0.764564146
18,Aviation Liab,10,0.815117391
18,Aviation Liab,11,0.85532444
18,Aviation Liab,12,0.887400086
18,Aviation Liab,13,0.91312256
18,Aviation Liab,14,0.933885108
18,Aviation Liab,15,0.950761273
18,Aviation Liab,16,0.964579443
18,Aviation Liab,17,0.975973789
18,Aviation Liab,18,0.985435612
18,Aviation Liab,19,0.993345413
18,Aviation Liab,20,1
18,Aviation Liab,21,1
18,Aviation Liab,22,1
18,Aviation Liab,23,1
18,Aviation Liab,24,1
18,Aviation Liab,25,1
18,Aviation Liab,26,1
18,Aviation Liab,27,1
18,Aviation Liab,28,1
18,Aviation Liab,29,1
18,Aviation Liab,30,1
18,Aviation Liab,31,1
18,Aviation Liab,32,1
18,Aviation Liab,33,1
18,Aviation Liab,34,1
18,Aviation Liab,35,1
18,Aviation Liab,36,1
18,Aviation Liab,37,1
18,Aviation Liab,38,1
18,Aviation Liab,39,1
18,Aviation Liab,40,1
18,Aviation Liab,41,1
18,Aviation Liab,42,1
18,Aviation Liab,43,1
18,Aviation Liab,44,1
18,Aviation Liab,45,1
18,Aviation Liab,46,1
18,Aviation Liab,47,1
18,Aviation Liab,48,1
18,Aviation Liab,49,1
18,Aviation Liab,50,1
18,Aviation Liab,51,1
18,Aviation Liab,52,1
18,Aviation Liab,53,1
18,Aviation Liab,54,1
18,Aviation Liab,55,1
18,Aviation Liab,56,1
18,Aviation Liab,57,1
18,Aviation Liab,58,1
18,Aviation Liab,59,1
18,Aviation Liab,60,1
18,Aviation Liab,61,1
18,Aviation Liab,62,1
18,Aviation Liab,63,1
18,Aviation Liab,64,1
18,Aviation Liab,65,1
18,Aviation Liab,66,1
18,Aviation Liab,67,1
18,Aviation Liab,68,1
18,Aviation Liab,69,1
18,Aviation Liab,70,1
18,Aviation Liab,71,1
18,Aviation Liab,72,1
18,Aviation Liab,73,1
18,Aviation Liab,74,1
18,Aviation Liab,75,1
18,Aviation Liab,76,1
18,Aviation Liab,77,1
18,Aviation Liab,78,1
18,Aviation Liab,79,1
18,Aviation Liab,80,1
18,Aviation PD,1,0.033273
18,Aviation PD,2,0.071966
18,Aviation PD,3,0.116382
18,Aviation PD,4,0.289682
18,Aviation PD,5,0.502674
18,Aviation PD,6,0.713693
18,Aviation PD,7,0.815753
18,Aviation PD,8,0.897329
18,Aviation PD,9,0.954109
18,Aviation PD,10,0.999026
18,Aviation PD,11,1
18,Aviation PD,12,1
18,Aviation PD,13,1
18,Aviation PD,14,1
18,Aviation PD,15,1
18,Aviation PD,16,1
18,Aviation PD,17,1
18,Aviation PD,18,1
18,Aviation PD,19,1
18,Aviation PD,20,1
18,Aviation PD,21,1
18,Aviation PD,22,1
18,Aviation PD,23,1
18,Aviation PD,24,1
18,Aviation PD,25,1
18,Aviation PD,26,1
18,Aviation PD,27,1
18,Aviation PD,28,1
18,Aviation PD,29,1
18,Aviation PD,30,1
18,Aviation PD,31,1
18,Aviation PD,32,1
18,Aviation PD,33,1
18,Aviation PD,34,1
18,Aviation PD,35,1
18,Aviation PD,36,1
18,Aviation PD,37,1
18,Aviation PD,38,1
18,Aviation PD,39,1
18,Aviation PD,40,1
18,Aviation PD,41,1
18,Aviation PD,42,1
18,Aviation PD,43,1
18,Aviation PD,44,1
18,Aviation PD,45,1
18,Aviation PD,46,1
18,Aviation PD,47,1
18,Aviation PD,48,1
18,Aviation PD,49,1
18,Aviation PD,50,1
18,Aviation PD,51,1
18,Aviation PD,52,1
18,Aviation PD,53,1
18,Aviation PD,54,1
18,Aviation PD,55,1
18,Aviation PD,56,1
18,Aviation PD,57,1
18,Aviation PD,58,1
18,Aviation PD,59,1
18,Aviation PD,60,1
18,Aviation PD,61,1
18,Aviation PD,62,1
18,Aviation PD,63,1
18,Aviation PD,64,1
18,Aviation PD,65,1
18,Aviation PD,66,1
18,Aviation PD,67,1
18,Aviation PD,68,1
18,Aviation PD,69,1
18,Aviation PD,70,1
18,Aviation PD,71,1
18,Aviation PD,72,1
18,Aviation PD,73,1
18,Aviation PD,74,1
18,Aviation PD,75,1
18,Aviation PD,76,1
18,Aviation PD,77,1
18,Aviation PD,78,1
18,Aviation PD,79,1
18,Aviation PD,80,1
18,US Marine,1,0.014674
18,US Marine,2,0.025245
18,US Marine,3,0.080435
18,US Marine,4,0.263058
18,US Marine,5,0.469184
18,US Marine,6,0.613411
18,US Marine,7,0.726191
18,US Marine,8,0.807452
18,US Marine,9,0.867393
18,US Marine,10,0.899999
18,US Marine,11,0.922069
18,US Marine,12,0.938405
18,US Marine,13,0.950689
18,US Marine,14,0.960066
18,US Marine,15,0.967325
18,US Marine,16,0.980909
18,US Marine,17,0.991597
18,US Marine,18,1
18,US Marine,19,1
18,US Marine,20,1
18,US Marine,21,1
18,US Marine,22,1
18,US Marine,23,1
18,US Marine,24,1
18,US Marine,25,1
18,US Marine,26,1
18,US Marine,27,1
18,US Marine,28,1
18,US Marine,29,1
18,US Marine,30,1
18,US Marine,31,1
18,US Marine,32,1
18,US Marine,33,1
18,US Marine,34,1
18,US Marine,35,1
18,US Marine,36,1
18,US Marine,37,1
18,US Marine,38,1
18,US Marine,39,1
18,US Marine,40,1
18,US Marine,41,1
18,US Marine,42,1
18,US Marine,43,1
18,US Marine,44,1
18,US Marine,45,1
18,US Marine,46,1
18,US Marine,47,1
18,US Marine,48,1
18,US Marine,49,1
18,US Marine,50,1
18,US Marine,51,1
18,US Marine,52,1
18,US Marine,53,1
18,US Marine,54,1
18,US Marine,55,1
18,US Marine,56,1
18,US Marine,57,1
18,US Marine,58,1
18,US Marine,59,1
18,US Marine,60,1
18,US Marine,61,1
18,US Marine,62,1
18,US Marine,63,1
18,US Marine,64,1
18,US Marine,65,1
18,US Marine,66,1
18,US Marine,67,1
18,US Marine,68,1
18,US Marine,69,1
18,US Marine,70,1
18,US Marine,71,1
18,US Marine,72,1
18,US Marine,73,1
18,US Marine,74,1
18,US Marine,75,1
18,US Marine,76,1
18,US Marine,77,1
18,US Marine,78,1
18,US Marine,79,1
18,US Marine,80,1
18,Cargo,1,0.00062
18,Cargo,2,0.01439
18,Cargo,3,0.12926
18,Cargo,4,0.235676
18,Cargo,5,0.396145
18,Cargo,6,0.568518
18,Cargo,7,0.717091
18,Cargo,8,0.829141
18,Cargo,9,0.895526
18,Cargo,10,0.918519
18,Cargo,11,0.944673
18,Cargo,12,0.964247
18,Cargo,13,0.979194
18,Cargo,14,0.990816
18,Cargo,15,1
18,Cargo,16,1
18,Cargo,17,1
18,Cargo,18,1
18,Cargo,19,1
18,Cargo,20,1
18,Cargo,21,1
18,Cargo,22,1
18,Cargo,23,1
18,Cargo,24,1
18,Cargo,25,1
18,Cargo,26,1
18,Cargo,27,1
18,Cargo,28,1
18,Cargo,29,1
18,Cargo,30,1
18,Cargo,31,1
18,Cargo,32,1
18,Cargo,33,1
18,Cargo,34,1
18,Cargo,35,1
18,Cargo,36,1
18,Cargo,37,1
18,Cargo,38,1
18,Cargo,39,1
18,Cargo,40,1
18,Cargo,41,1
18,Cargo,42,1
18,Cargo,43,1
18,Cargo,44,1
18,Cargo,45,1
18,Cargo,46,1
18,Cargo,47,1
18,Cargo,48,1
18,Cargo,49,1
18,Cargo,50,1
18,Cargo,51,1
18,Cargo,52,1
18,Cargo,53,1
18,Cargo,54,1
18,Cargo,55,1
18,Cargo,56,1
18,Cargo,57,1
18,Cargo,58,1
18,Cargo,59,1
18,Cargo,60,1
18,Cargo,61,1
18,Cargo,62,1
18,Cargo,63,1
18,Cargo,64,1
18,Cargo,65,1
18,Cargo,66,1
18,Cargo,67,1
18,Cargo,68,1
18,Cargo,69,1
18,Cargo,70,1
18,Cargo,71,1
18,Cargo,72,1
18,Cargo,73,1
18,Cargo,74,1
18,Cargo,75,1
18,Cargo,76,1
18,Cargo,77,1
18,Cargo,78,1
18,Cargo,79,1
18,Cargo,80,1
18,Downhole,1,0.001364
18,Downhole,2,0.033718
18,Downhole,3,0.125575
18,Downhole,4,0.253616
18,Downhole,5,0.499151
18,Downhole,6,0.654129
18,Downhole,7,0.880918
18,Downhole,8,1
18,Downhole,9,1
18,Downhole,10,1
18,Downhole,11,1
18,Downhole,12,1
18,Downhole,13,1
18,Downhole,14,1
18,Downhole,15,1
18,Downhole,16,1
18,Downhole,17,1
18,Downhole,18,1
18,Downhole,19,1
18,Downhole,20,1
18,Downhole,21,1
18,Downhole,22,1
18,Downhole,23,1
18,Downhole,24,1
18,Downhole,25,1
18,Downhole,26,1
18,Downhole,27,1
18,Downhole,28,1
18,Downhole,29,1
18,Downhole,30,1
18,Downhole,31,1
18,Downhole,32,1
18,Downhole,33,1
18,Downhole,34,1
18,Downhole,35,1
18,Downhole,36,1
18,Downhole,37,1
18,Downhole,38,1
18,Downhole,39,1
18,Downhole,40,1
18,Downhole,41,1
18,Downhole,42,1
18,Downhole,43,1
18,Downhole,44,1
18,Downhole,45,1
18,Downhole,46,1
18,Downhole,47,1
18,Downhole,48,1
18,Downhole,49,1
18,Downhole,50,1
18,Downhole,51,1
18,Downhole,52,1
18,Downhole,53,1
18,Downhole,54,1
18,Downhole,55,1
18,Downhole,56,1
18,Downhole,57,1
18,Downhole,58,1
18,Downhole,59,1
18,Downhole,60,1
18,Downhole,61,1
18,Downhole,62,1
18,Downhole,63,1
18,Downhole,64,1
18,Downhole,65,1
18,Downhole,66,1
18,Downhole,67,1
18,Downhole,68,1
18,Downhole,69,1
18,Downhole,70,1
18,Downhole,71,1
18,Downhole,72,1
18,Downhole,73,1
18,Downhole,74,1
18,Downhole,75,1
18,Downhole,76,1
18,Downhole,77,1
18,Downhole,78,1
18,Downhole,79,1
18,Downhole,80,1
18,Energy Liab and Cas,1,0.053136
18,Energy Liab and Cas,2,0.207989
18,Energy Liab and Cas,3,0.393948
18,Energy Liab and Cas,4,0.54626
18,Energy Liab and Cas,5,0.656487
18,Energy Liab and Cas,6,0.734357
18,Energy Liab and Cas,7,0.789942
18,Energy Liab and Cas,8,0.830461
18,Energy Liab and Cas,9,0.860682
18,Energy Liab and Cas,10,0.883723
18,Energy Liab and Cas,11,0.901643
18,Energy Liab and Cas,12,0.915832
18,Energy Liab and Cas,13,0.927246
18,Energy Liab and Cas,14,0.936557
18,Energy Liab and Cas,15,0.944249
18,Energy Liab and Cas,16,0.950674
18,Energy Liab and Cas,17,0.956096
18,Energy Liab and Cas,18,0.960712
18,Energy Liab and Cas,19,0.964674
18,Energy Liab and Cas,20,0.9681
18,Energy Liab and Cas,21,0.971083
18,Energy Liab and Cas,22,0.973695
18,Energy Liab and Cas,23,0.975996
18,Energy Liab and Cas,24,0.978034
18,Energy Liab and Cas,25,0.979847
18,Energy Liab and Cas,26,0.981467
18,Energy Liab and Cas,27,0.982921
18,Energy Liab and Cas,28,0.98423
18,Energy Liab and Cas,29,0.985414
18,Energy Liab and Cas,30,0.986487
18,Energy Liab and Cas,31,0.987464
18,Energy Liab and Cas,32,0.988356
18,Energy Liab and Cas,33,0.989172
18,Energy Liab and Cas,34,0.98992
18,Energy Liab and Cas,35,0.990608
18,Energy Liab and Cas,36,0.991585
18,Energy Liab and Cas,37,0.992452
18,Energy Liab and Cas,38,0.993223
18,Energy Liab and Cas,39,0.99391
18,Energy Liab and Cas,40,0.994521
18,Energy Liab and Cas,41,0.995067
18,Energy Liab and Cas,42,0.995555
18,Energy Liab and Cas,43,0.995991
18,Energy Liab and Cas,44,0.996382
18,Energy Liab and Cas,45,0.996731
18,Energy Liab and Cas,46,0.997045
18,Energy Liab and Cas,47,0.997326
18,Energy Liab and Cas,48,0.997579
18,Energy Liab and Cas,49,0.997807
18,Energy Liab and Cas,50,0.998011
18,Energy Liab and Cas,51,0.998195
18,Energy Liab and Cas,52,0.998362
18,Energy Liab and Cas,53,0.998511
18,Energy Liab and Cas,54,0.998647
18,Energy Liab and Cas,55,0.998769
18,Energy Liab and Cas,56,0.998879
18,Energy Liab and Cas,57,0.998979
18,Energy Liab and Cas,58,0.99907
18,Energy Liab and Cas,59,0.999152
18,Energy Liab and Cas,60,0.999226
18,Energy Liab and Cas,61,1
18,Energy Liab and Cas,62,1
18,Energy Liab and Cas,63,1
18,Energy Liab and Cas,64,1
18,Energy Liab and Cas,65,1
18,Energy Liab and Cas,66,1
18,Energy Liab and Cas,67,1
18,Energy Liab and Cas,68,1
18,Energy Liab and Cas,69,1
18,Energy Liab and Cas,70,1
18,Energy Liab and Cas,71,1
18,Energy Liab and Cas,72,1
18,Energy Liab and Cas,73,1
18,Energy Liab and Cas,74,1
18,Energy Liab and Cas,75,1
18,Energy Liab and Cas,76,1
18,Energy Liab and Cas,77,1
18,Energy Liab and Cas,78,1
18,Energy Liab and Cas,79,1
18,Energy Liab and Cas,80,1
18,Energy PD,1,0.001145
18,Energy PD,2,0.011364
18,Energy PD,3,0.075509
18,Energy PD,4,0.154804
18,Energy PD,5,0.296977
18,Energy PD,6,0.40985
18,Energy PD,7,0.697399
18,Energy PD,8,0.783304
18,Energy PD,9,0.841772
18,Energy PD,10,0.886337
18,Energy PD,11,0.920727
18,Energy PD,12,0.947628
18,Energy PD,13,0.968956
18,Energy PD,14,0.986082
18,Energy PD,15,1
18,Energy PD,16,1
18,Energy PD,17,1
18,Energy PD,18,1
18,Energy PD,19,1
18,Energy PD,20,1
18,Energy PD,21,1
18,Energy PD,22,1
18,Energy PD,23,1
18,Energy PD,24,1
18,Energy PD,25,1
18,Energy PD,26,1
18,Energy PD,27,1
18,Energy PD,28,1
18,Energy PD,29,1
18,Energy PD,30,1
18,Energy PD,31,1
18,Energy PD,32,1
18,Energy PD,33,1
18,Energy PD,34,1
18,Energy PD,35,1
18,Energy PD,36,1
18,Energy PD,37,1
18,Energy PD,38,1
18,Energy PD,39,1
18,Energy PD,40,1
18,Energy PD,41,1
18,Energy PD,42,1
18,Energy PD,43,1
18,Energy PD,44,1
18,Energy PD,45,1
18,Energy PD,46,1
18,Energy PD,47,1
18,Energy PD,48,1
18,Energy PD,49,1
18,Energy PD,50,1
18,Energy PD,51,1
18,Energy PD,52,1
18,Energy PD,53,1
18,Energy PD,54,1
18,Energy PD,55,1
18,Energy PD,56,1
18,Energy PD,57,1
18,Energy PD,58,1
18,Energy PD,59,1
18,Energy PD,60,1
18,Energy PD,61,1
18,Energy PD,62,1
18,Energy PD,63,1
18,Energy PD,64,1
18,Energy PD,65,1
18,Energy PD,66,1
18,Energy PD,67,1
18,Energy PD,68,1
18,Energy PD,69,1
18,Energy PD,70,1
18,Energy PD,71,1
18,Energy PD,72,1
18,Energy PD,73,1
18,Energy PD,74,1
18,Energy PD,75,1
18,Energy PD,76,1
18,Energy PD,77,1
18,Energy PD,78,1
18,Energy PD,79,1
18,Energy PD,80,1
18,Hull,1,0.014674
18,Hull,2,0.025245
18,Hull,3,0.080435
18,Hull,4,0.263058
18,Hull,5,0.469184
18,Hull,6,0.613411
18,Hull,7,0.726191
18,Hull,8,0.807452
18,Hull,9,0.867393
18,Hull,10,0.899999
18,Hull,11,0.922069
18,Hull,12,0.938405
18,Hull,13,0.950689
18,Hull,14,0.960066
18,Hull,15,0.967325
18,Hull,16,0.980909
18,Hull,17,0.991597
18,Hull,18,1
18,Hull,19,1
18,Hull,20,1
18,Hull,21,1
18,Hull,22,1
18,Hull,23,1
18,Hull,24,1
18,Hull,25,1
18,Hull,26,1
18,Hull,27,1
18,Hull,28,1
18,Hull,29,1
18,Hull,30,1
18,Hull,31,1
18,Hull,32,1
18,Hull,33,1
18,Hull,34,1
18,Hull,35,1
18,Hull,36,1
18,Hull,37,1
18,Hull,38,1
18,Hull,39,1
18,Hull,40,1
18,Hull,41,1
18,Hull,42,1
18,Hull,43,1
18,Hull,44,1
18,Hull,45,1
18,Hull,46,1
18,Hull,47,1
18,Hull,48,1
18,Hull,49,1
18,Hull,50,1
18,Hull,51,1
18,Hull,52,1
18,Hull,53,1
18,Hull,54,1
18,Hull,55,1
18,Hull,56,1
18,Hull,57,1
18,Hull,58,1
18,Hull,59,1
18,Hull,60,1
18,Hull,61,1
18,Hull,62,1
18,Hull,63,1
18,Hull,64,1
18,Hull,65,1
18,Hull,66,1
18,Hull,67,1
18,Hull,68,1
18,Hull,69,1
18,Hull,70,1
18,Hull,71,1
18,Hull,72,1
18,Hull,73,1
18,Hull,74,1
18,Hull,75,1
18,Hull,76,1
18,Hull,77,1
18,Hull,78,1
18,Hull,79,1
18,Hull,80,1
18,Marine Libs,1,0.014013
18,Marine Libs,2,0.040108
18,Marine Libs,3,0.077619
18,Marine Libs,4,0.116758
18,Marine Libs,5,0.20792
18,Marine Libs,6,0.276852
18,Marine Libs,7,0.382623
18,Marine Libs,8,0.491825
18,Marine Libs,9,0.544849
18,Marine Libs,10,0.61417
18,Marine Libs,11,0.679359
18,Marine Libs,12,0.74004
18,Marine Libs,13,0.796069
18,Marine Libs,14,0.847474
18,Marine Libs,15,0.87698
18,Marine Libs,16,0.902496
18,Marine Libs,17,0.924634
18,Marine Libs,18,0.943907
18,Marine Libs,19,0.960747
18,Marine Libs,20,0.975516
18,Marine Libs,21,0.988516
18,Marine Libs,22,1
18,Marine Libs,23,1
18,Marine Libs,24,1
18,Marine Libs,25,1
18,Marine Libs,26,1
18,Marine Libs,27,1
18,Marine Libs,28,1
18,Marine Libs,29,1
18,Marine Libs,30,1
18,Marine Libs,31,1
18,Marine Libs,32,1
18,Marine Libs,33,1
18,Marine Libs,34,1
18,Marine Libs,35,1
18,Marine Libs,36,1
18,Marine Libs,37,1
18,Marine Libs,38,1
18,Marine Libs,39,1
18,Marine Libs,40,1
18,Marine Libs,41,1
18,Marine Libs,42,1
18,Marine Libs,43,1
18,Marine Libs,44,1
18,Marine Libs,45,1
18,Marine Libs,46,1
18,Marine Libs,47,1
18,Marine Libs,48,1
18,Marine Libs,49,1
18,Marine Libs,50,1
18,Marine Libs,51,1
18,Marine Libs,52,1
18,Marine Libs,53,1
18,Marine Libs,54,1
18,Marine Libs,55,1
18,Marine Libs,56,1
18,Marine Libs,57,1
18,Marine Libs,58,1
18,Marine Libs,59,1
18,Marine Libs,60,1
18,Marine Libs,61,1
18,Marine Libs,62,1
18,Marine Libs,63,1
18,Marine Libs,64,1
18,Marine Libs,65,1
18,Marine Libs,66,1
18,Marine Libs,67,1
18,Marine Libs,68,1
18,Marine Libs,69,1
18,Marine Libs,70,1
18,Marine Libs,71,1
18,Marine Libs,72,1
18,Marine Libs,73,1
18,Marine Libs,74,1
18,Marine Libs,75,1
18,Marine Libs,76,1
18,Marine Libs,77,1
18,Marine Libs,78,1
18,Marine Libs,79,1
18,Marine Libs,80,1
18,Marine Misc,1,0.037802
18,Marine Misc,2,0.130426
18,Marine Misc,3,0.278211
18,Marine Misc,4,0.439833
18,Marine Misc,5,0.581572
18,Marine Misc,6,0.692202
18,Marine Misc,7,0.773938
18,Marine Misc,8,0.83307
18,Marine Misc,9,0.875716
18,Marine Misc,10,0.906657
18,Marine Misc,11,0.92934
18,Marine Misc,12,0.946175
18,Marine Misc,13,0.95883
18,Marine Misc,14,0.968465
18,Marine Misc,15,0.975891
18,Marine Misc,16,0.981679
18,Marine Misc,17,0.986241
18,Marine Misc,18,0.989872
18,Marine Misc,19,0.99279
18,Marine Misc,20,0.995156
18,Marine Misc,21,0.997089
18,Marine Misc,22,0.99868
18,Marine Misc,23,1
18,Marine Misc,24,1
18,Marine Misc,25,1
18,Marine Misc,26,1
18,Marine Misc,27,1
18,Marine Misc,28,1
18,Marine Misc,29,1
18,Marine Misc,30,1
18,Marine Misc,31,1
18,Marine Misc,32,1
18,Marine Misc,33,1
18,Marine Misc,34,1
18,Marine Misc,35,1
18,Marine Misc,36,1
18,Marine Misc,37,1
18,Marine Misc,38,1
18,Marine Misc,39,1
18,Marine Misc,40,1
18,Marine Misc,41,1
18,Marine Misc,42,1
18,Marine Misc,43,1
18,Marine Misc,44,1
18,Marine Misc,45,1
18,Marine Misc,46,1
18,Marine Misc,47,1
18,Marine Misc,48,1
18,Marine Misc,49,1
18,Marine Misc,50,1
18,Marine Misc,51,1
18,Marine Misc,52,1
18,Marine Misc,53,1
18,Marine Misc,54,1
18,Marine Misc,55,1
18,Marine Misc,56,1
18,Marine Misc,57,1
18,Marine Misc,58,1
18,Marine Misc,59,1
18,Marine Misc,60,1
18,Marine Misc,61,1
18,Marine Misc,62,1
18,Marine Misc,63,1
18,Marine Misc,64,1
18,Marine Misc,65,1
18,Marine Misc,66,1
18,Marine Misc,67,1
18,Marine Misc,68,1
18,Marine Misc,69,1
18,Marine Misc,70,1
18,Marine Misc,71,1
18,Marine Misc,72,1
18,Marine Misc,73,1
18,Marine Misc,74,1
18,Marine Misc,75,1
18,Marine Misc,76,1
18,Marine Misc,77,1
18,Marine Misc,78,1
18,Marine Misc,79,1
18,Marine Misc,80,1
18,Satellite,1,0.00062
18,Satellite,2,0.01439
18,Satellite,3,0.12926
18,Satellite,4,0.235676
18,Satellite,5,0.396145
18,Satellite,6,0.568518
18,Satellite,7,0.717091
18,Satellite,8,0.829141
18,Satellite,9,0.895526
18,Satellite,10,0.918519
18,Satellite,11,0.944673
18,Satellite,12,0.964247
18,Satellite,13,0.979194
18,Satellite,14,0.990816
18,Satellite,15,1
18,Satellite,16,1
18,Satellite,17,1
18,Satellite,18,1
18,Satellite,19,1
18,Satellite,20,1
18,Satellite,21,1
18,Satellite,22,1
18,Satellite,23,1
18,Satellite,24,1
18,Satellite,25,1
18,Satellite,26,1
18,Satellite,27,1
18,Satellite,28,1
18,Satellite,29,1
18,Satellite,30,1
18,Satellite,31,1
18,Satellite,32,1
18,Satellite,33,1
18,Satellite,34,1
18,Satellite,35,1
18,Satellite,36,1
18,Satellite,37,1
18,Satellite,38,1
18,Satellite,39,1
18,Satellite,40,1
18,Satellite,41,1
18,Satellite,42,1
18,Satellite,43,1
18,Satellite,44,1
18,Satellite,45,1
18,Satellite,46,1
18,Satellite,47,1
18,Satellite,48,1
18,Satellite,49,1
18,Satellite,50,1
18,Satellite,51,1
18,Satellite,52,1
18,Satellite,53,1
18,Satellite,54,1
18,Satellite,55,1
18,Satellite,56,1
18,Satellite,57,1
18,Satellite,58,1
18,Satellite,59,1
18,Satellite,60,1
18,Satellite,61,1
18,Satellite,62,1
18,Satellite,63,1
18,Satellite,64,1
18,Satellite,65,1
18,Satellite,66,1
18,Satellite,67,1
18,Satellite,68,1
18,Satellite,69,1
18,Satellite,70,1
18,Satellite,71,1
18,Satellite,72,1
18,Satellite,73,1
18,Satellite,74,1
18,Satellite,75,1
18,Satellite,76,1
18,Satellite,77,1
18,Satellite,78,1
18,Satellite,79,1
18,Satellite,80,1
18,War,1,0.096138
18,War,2,0.109642
18,War,3,0.284605
18,War,4,0.411047
18,War,5,0.49648
18,War,6,0.59619
18,War,7,0.715428
18,War,8,0.782163
18,War,9,0.839831
18,War,10,0.889467
18,War,11,0.93209
18,War,12,0.968651
18,War,13,1
18,War,14,1
18,War,15,1
18,War,16,1
18,War,17,1
18,War,18,1
18,War,19,1
18,War,20,1
18,War,21,1
18,War,22,1
18,War,23,1
18,War,24,1
18,War,25,1
18,War,26,1
18,War,27,1
18,War,28,1
18,War,29,1
18,War,30,1
18,War,31,1
18,War,32,1
18,War,33,1
18,War,34,1
18,War,35,1
18,War,36,1
18,War,37,1
18,War,38,1
18,War,39,1
18,War,40,1
18,War,41,1
18,War,42,1
18,War,43,1
18,War,44,1
18,War,45,1
18,War,46,1
18,War,47,1
18,War,48,1
18,War,49,1
18,War,50,1
18,War,51,1
18,War,52,1
18,War,53,1
18,War,54,1
18,War,55,1
18,War,56,1
18,War,57,1
18,War,58,1
18,War,59,1
18,War,60,1
18,War,61,1
18,War,62,1
18,War,63,1
18,War,64,1
18,War,65,1
18,War,66,1
18,War,67,1
18,War,68,1
18,War,69,1
18,War,70,1
18,War,71,1
18,War,72,1
18,War,73,1
18,War,74,1
18,War,75,1
18,War,76,1
18,War,77,1
18,War,78,1
18,War,79,1
18,War,80,1
18,Contingency,1,0.025716
18,Contingency,2,0.047291
18,Contingency,3,0.223086
18,Contingency,4,0.490633
18,Contingency,5,0.687041
18,Contingency,6,0.804467
18,Contingency,7,0.873061
18,Contingency,8,0.914412
18,Contingency,9,0.940438
18,Contingency,10,0.957517
18,Contingency,11,0.969153
18,Contingency,12,0.97734
18,Contingency,13,0.983265
18,Contingency,14,0.987658
18,Contingency,15,0.990983
18,Contingency,16,0.993548
18,Contingency,17,0.995559
18,Contingency,18,0.997157
18,Contingency,19,0.998445
18,Contingency,20,0.99913
18,Contingency,21,0.999519
18,Contingency,22,0.999737
18,Contingency,23,0.999858
18,Contingency,24,0.999924
18,Contingency,25,0.99996
18,Contingency,26,0.999979
18,Contingency,27,0.999989
18,Contingency,28,0.999995
18,Contingency,29,0.999997
18,Contingency,30,0.999999
18,Contingency,31,0.999999
18,Contingency,32,1
18,Contingency,33,1
18,Contingency,34,1
18,Contingency,35,1
18,Contingency,36,1
18,Contingency,37,1
18,Contingency,38,1
18,Contingency,39,1
18,Contingency,40,1
18,Contingency,41,1
18,Contingency,42,1
18,Contingency,43,1
18,Contingency,44,1
18,Contingency,45,1
18,Contingency,46,1
18,Contingency,47,1
18,Contingency,48,1
18,Contingency,49,1
18,Contingency,50,1
18,Contingency,51,1
18,Contingency,52,1
18,Contingency,53,1
18,Contingency,54,1
18,Contingency,55,1
18,Contingency,56,1
18,Contingency,57,1
18,Contingency,58,1
18,Contingency,59,1
18,Contingency,60,1
18,Contingency,61,1
18,Contingency,62,1
18,Contingency,63,1
18,Contingency,64,1
18,Contingency,65,1
18,Contingency,66,1
18,Contingency,67,1
18,Contingency,68,1
18,Contingency,69,1
18,Contingency,70,1
18,Contingency,71,1
18,Contingency,72,1
18,Contingency,73,1
18,Contingency,74,1
18,Contingency,75,1
18,Contingency,76,1
18,Contingency,77,1
18,Contingency,78,1
18,Contingency,79,1
18,Contingency,80,1
18,Political,1,0.000006
18,Political,2,0.000061
18,Political,3,0.00061
18,Political,4,0.006098
18,Political,5,0.030491
18,Political,6,0.152455
18,Political,7,0.232799
18,Political,8,0.318172
18,Political,9,0.401761
18,Political,10,0.479267
18,Political,11,0.548623
18,Political,12,0.609295
18,Political,13,0.661634
18,Political,14,0.706423
18,Political,15,0.744597
18,Political,16,0.777091
18,Political,17,0.804764
18,Political,18,0.828373
18,Political,19,0.848564
18,Political,20,0.865887
18,Political,21,0.880798
18,Political,22,0.893679
18,Political,23,0.904846
18,Political,24,0.914563
18,Political,25,0.923049
18,Political,26,0.930484
18,Political,27,0.937023
18,Political,28,0.942791
18,Political,29,0.947896
18,Political,30,0.952429
18,Political,31,0.956465
18,Political,32,0.960069
18,Political,33,0.963297
18,Political,34,0.966194
18,Political,35,0.968803
18,Political,36,0.971156
18,Political,37,0.973285
18,Political,38,0.975214
18,Political,39,0.976967
18,Political,40,0.978562
18,Political,41,0.980017
18,Political,42,0.981347
18,Political,43,0.982564
18,Political,44,0.983681
18,Political,45,0.984707
18,Political,46,0.985651
18,Political,47,0.986521
18,Political,48,0.987324
18,Political,49,0.988066
18,Political,50,0.988753
18,Political,51,0.98939
18,Political,52,0.989982
18,Political,53,0.990532
18,Political,54,0.991043
18,Political,55,0.99152
18,Political,56,0.991964
18,Political,57,0.99238
18,Political,58,0.992768
18,Political,59,0.993131
18,Political,60,0.993471
18,Political,61,1
18,Political,62,1
18,Political,63,1
18,Political,64,1
18,Political,65,1
18,Political,66,1
18,Political,67,1
18,Political,68,1
18,Political,69,1
18,Political,70,1
18,Political,71,1
18,Political,72,1
18,Political,73,1
18,Political,74,1
18,Political,75,1
18,Political,76,1
18,Political,77,1
18,Political,78,1
18,Political,79,1
18,Political,80,1
18,Terrorism,1,0
18,Terrorism,2,0.000091
18,Terrorism,3,0.003297
18,Terrorism,4,0.030284
18,Terrorism,5,0.153423
18,Terrorism,6,0.314058
18,Terrorism,7,0.464521
18,Terrorism,8,0.604818
18,Terrorism,9,0.721276
18,Terrorism,10,0.809816
18,Terrorism,11,0.873191
18,Terrorism,12,0.916757
18,Terrorism,13,0.945917
18,Terrorism,14,0.965098
18,Terrorism,15,0.977575
18,Terrorism,16,0.985632
18,Terrorism,17,0.990811
18,Terrorism,18,0.99413
18,Terrorism,19,0.996253
18,Terrorism,20,0.997609
18,Terrorism,21,0.998475
18,Terrorism,22,0.999027
18,Terrorism,23,0.99938
18,Terrorism,24,0.999605
18,Terrorism,25,0.999748
18,Terrorism,26,0.999839
18,Terrorism,27,0.999898
18,Terrorism,28,0.999935
18,Terrorism,29,0.999958
18,Terrorism,30,0.999973
18,Terrorism,31,0.999983
18,Terrorism,32,0.999989
18,Terrorism,33,0.999993
18,Terrorism,34,0.999996
18,Terrorism,35,0.999997
18,Terrorism,36,0.999998
18,Terrorism,37,0.999999
18,Terrorism,38,0.999999
18,Terrorism,39,1
18,Terrorism,40,1
18,Terrorism,41,1
18,Terrorism,42,1
18,Terrorism,43,1
18,Terrorism,44,1
18,Terrorism,45,1
18,Terrorism,46,1
18,Terrorism,47,1
18,Terrorism,48,1
18,Terrorism,49,1
18,Terrorism,50,1
18,Terrorism,51,1
18,Terrorism,52,1
18,Terrorism,53,1
18,Terrorism,54,1
18,Terrorism,55,1
18,Terrorism,56,1
18,Terrorism,57,1
18,Terrorism,58,1
18,Terrorism,59,1
18,Terrorism,60,1
18,Terrorism,61,1
18,Terrorism,62,1
18,Terrorism,63,1
18,Terrorism,64,1
18,Terrorism,65,1
18,Terrorism,66,1
18,Terrorism,67,1
18,Terrorism,68,1
18,Terrorism,69,1
18,Terrorism,70,1
18,Terrorism,71,1
18,Terrorism,72,1
18,Terrorism,73,1
18,Terrorism,74,1
18,Terrorism,75,1
18,Terrorism,76,1
18,Terrorism,77,1
18,Terrorism,78,1
18,Terrorism,79,1
18,Terrorism,80,1
18,BICI A&H PA,1,0
18,BICI A&H PA,2,0
18,BICI A&H PA,3,0
18,BICI A&H PA,4,0
18,BICI A&H PA,5,0
18,BICI A&H PA,6,0
18,BICI A&H PA,7,0
18,BICI A&H PA,8,0
18,BICI A&H PA,9,0
18,BICI A&H PA,10,0
18,BICI A&H PA,11,0
18,BICI A&H PA,12,0
18,BICI A&H PA,13,0
18,BICI A&H PA,14,0
18,BICI A&H PA,15,0
18,BICI A&H PA,16,0
18,BICI A&H PA,17,0
18,BICI A&H PA,18,0
18,BICI A&H PA,19,0
18,BICI A&H PA,20,0
18,BICI A&H PA,21,0
18,BICI A&H PA,22,0
18,BICI A&H PA,23,0
18,BICI A&H PA,24,0
18,BICI A&H PA,25,0
18,BICI A&H PA,26,0
18,BICI A&H PA,27,0
18,BICI A&H PA,28,0
18,BICI A&H PA,29,0
18,BICI A&H PA,30,0
18,BICI A&H PA,31,0
18,BICI A&H PA,32,0
18,BICI A&H PA,33,0
18,BICI A&H PA,34,0
18,BICI A&H PA,35,0
18,BICI A&H PA,36,0
18,BICI A&H PA,37,0
18,BICI A&H PA,38,0
18,BICI A&H PA,39,0
18,BICI A&H PA,40,0
18,BICI A&H PA,41,0
18,BICI A&H PA,42,0
18,BICI A&H PA,43,0
18,BICI A&H PA,44,0
18,BICI A&H PA,45,0
18,BICI A&H PA,46,0
18,BICI A&H PA,47,0
18,BICI A&H PA,48,0
18,BICI A&H PA,49,0
18,BICI A&H PA,50,0
18,BICI A&H PA,51,0
18,BICI A&H PA,52,0
18,BICI A&H PA,53,0
18,BICI A&H PA,54,0
18,BICI A&H PA,55,0
18,BICI A&H PA,56,0
18,BICI A&H PA,57,0
18,BICI A&H PA,58,0
18,BICI A&H PA,59,0
18,BICI A&H PA,60,0
18,BICI A&H PA,61,1
18,BICI A&H PA,62,1
18,BICI A&H PA,63,1
18,BICI A&H PA,64,1
18,BICI A&H PA,65,1
18,BICI A&H PA,66,1
18,BICI A&H PA,67,1
18,BICI A&H PA,68,1
18,BICI A&H PA,69,1
18,BICI A&H PA,70,1
18,BICI A&H PA,71,1
18,BICI A&H PA,72,1
18,BICI A&H PA,73,1
18,BICI A&H PA,74,1
18,BICI A&H PA,75,1
18,BICI A&H PA,76,1
18,BICI A&H PA,77,1
18,BICI A&H PA,78,1
18,BICI A&H PA,79,1
18,BICI A&H PA,80,1
18,Life Direct,1,0.008957
18,Life Direct,2,0.036228
18,Life Direct,3,0.122755
18,Life Direct,4,0.228205
18,Life Direct,5,0.368573
18,Life Direct,6,0.506108
18,Life Direct,7,0.653451
18,Life Direct,8,0.77343
18,Life Direct,9,0.850081
18,Life Direct,10,0.920224
18,Life Direct,11,0.966247
18,Life Direct,12,0.970675
18,Life Direct,13,0.985549
18,Life Direct,14,0.989807
18,Life Direct,15,0.992744
18,Life Direct,16,0.994807
18,Life Direct,17,0.99628
18,Life Direct,18,0.997348
18,Life Direct,19,0.998132
18,Life Direct,20,0.998788
18,Life Direct,21,0.999215
18,Life Direct,22,0.999493
18,Life Direct,23,0.999674
18,Life Direct,24,0.999791
18,Life Direct,25,0.999868
18,Life Direct,26,0.999918
18,Life Direct,27,0.99995
18,Life Direct,28,0.999971
18,Life Direct,29,0.999985
18,Life Direct,30,0.999994
18,Life Direct,31,1
18,Life Direct,32,1
18,Life Direct,33,1
18,Life Direct,34,1
18,Life Direct,35,1
18,Life Direct,36,1
18,Life Direct,37,1
18,Life Direct,38,1
18,Life Direct,39,1
18,Life Direct,40,1
18,Life Direct,41,1
18,Life Direct,42,1
18,Life Direct,43,1
18,Life Direct,44,1
18,Life Direct,45,1
18,Life Direct,46,1
18,Life Direct,47,1
18,Life Direct,48,1
18,Life Direct,49,1
18,Life Direct,50,1
18,Life Direct,51,1
18,Life Direct,52,1
18,Life Direct,53,1
18,Life Direct,54,1
18,Life Direct,55,1
18,Life Direct,56,1
18,Life Direct,57,1
18,Life Direct,58,1
18,Life Direct,59,1
18,Life Direct,60,1
18,Life Direct,61,1
18,Life Direct,62,1
18,Life Direct,63,1
18,Life Direct,64,1
18,Life Direct,65,1
18,Life Direct,66,1
18,Life Direct,67,1
18,Life Direct,68,1
18,Life Direct,69,1
18,Life Direct,70,1
18,Life Direct,71,1
18,Life Direct,72,1
18,Life Direct,73,1
18,Life Direct,74,1
18,Life Direct,75,1
18,Life Direct,76,1
18,Life Direct,77,1
18,Life Direct,78,1
18,Life Direct,79,1
18,Life Direct,80,1
18,Life Reinsurance,1,0.008957
18,Life Reinsurance,2,0.036228
18,Life Reinsurance,3,0.122755
18,Life Reinsurance,4,0.228205
18,Life Reinsurance,5,0.368573
18,Life Reinsurance,6,0.506108
18,Life Reinsurance,7,0.653451
18,Life Reinsurance,8,0.77343
18,Life Reinsurance,9,0.850081
18,Life Reinsurance,10,0.920224
18,Life Reinsurance,11,0.966247
18,Life Reinsurance,12,0.970675
18,Life Reinsurance,13,0.985549
18,Life Reinsurance,14,0.989807
18,Life Reinsurance,15,0.992744
18,Life Reinsurance,16,0.994807
18,Life Reinsurance,17,0.99628
18,Life Reinsurance,18,0.997348
18,Life Reinsurance,19,0.998132
18,Life Reinsurance,20,0.998788
18,Life Reinsurance,21,0.999215
18,Life Reinsurance,22,0.999493
18,Life Reinsurance,23,0.999674
18,Life Reinsurance,24,0.999791
18,Life Reinsurance,25,0.999868
18,Life Reinsurance,26,0.999918
18,Life Reinsurance,27,0.99995
18,Life Reinsurance,28,0.999971
18,Life Reinsurance,29,0.999985
18,Life Reinsurance,30,0.999994
18,Life Reinsurance,31,1
18,Life Reinsurance,32,1
18,Life Reinsurance,33,1
18,Life Reinsurance,34,1
18,Life Reinsurance,35,1
18,Life Reinsurance,36,1
18,Life Reinsurance,37,1
18,Life Reinsurance,38,1
18,Life Reinsurance,39,1
18,Life Reinsurance,40,1
18,Life Reinsurance,41,1
18,Life Reinsurance,42,1
18,Life Reinsurance,43,1
18,Life Reinsurance,44,1
18,Life Reinsurance,45,1
18,Life Reinsurance,46,1
18,Life Reinsurance,47,1
18,Life Reinsurance,48,1
18,Life Reinsurance,49,1
18,Life Reinsurance,50,1
18,Life Reinsurance,51,1
18,Life Reinsurance,52,1
18,Life Reinsurance,53,1
18,Life Reinsurance,54,1
18,Life Reinsurance,55,1
18,Life Reinsurance,56,1
18,Life Reinsurance,57,1
18,Life Reinsurance,58,1
18,Life Reinsurance,59,1
18,Life Reinsurance,60,1
18,Life Reinsurance,61,1
18,Life Reinsurance,62,1
18,Life Reinsurance,63,1
18,Life Reinsurance,64,1
18,Life Reinsurance,65,1
18,Life Reinsurance,66,1
18,Life Reinsurance,67,1
18,Life Reinsurance,68,1
18,Life Reinsurance,69,1
18,Life Reinsurance,70,1
18,Life Reinsurance,71,1
18,Life Reinsurance,72,1
18,Life Reinsurance,73,1
18,Life Reinsurance,74,1
18,Life Reinsurance,75,1
18,Life Reinsurance,76,1
18,Life Reinsurance,77,1
18,Life Reinsurance,78,1
18,Life Reinsurance,79,1
18,Life Reinsurance,80,1
18,PA Direct,1,0.006677
18,PA Direct,2,0.030726
18,PA Direct,3,0.069955
18,PA Direct,4,0.134292
18,PA Direct,5,0.22925
18,PA Direct,6,0.320277
18,PA Direct,7,0.449375
18,PA Direct,8,0.601975
18,PA Direct,9,0.689462
18,PA Direct,10,0.758639
18,PA Direct,11,0.830511
18,PA Direct,12,0.887946
18,PA Direct,13,0.912466
18,PA Direct,14,0.930903
18,PA Direct,15,0.944902
18,PA Direct,16,0.955638
18,PA Direct,17,0.963955
18,PA Direct,18,0.970461
18,PA Direct,19,0.975598
18,PA Direct,20,0.979692
18,PA Direct,21,0.98298
18,PA Direct,22,0.985643
18,PA Direct,23,0.987816
18,PA Direct,24,0.989601
18,PA Direct,25,0.991077
18,PA Direct,26,0.992305
18,PA Direct,27,0.993334
18,PA Direct,28,0.994199
18,PA Direct,29,0.994931
18,PA Direct,30,0.995553
18,PA Direct,31,0.996085
18,PA Direct,32,0.996541
18,PA Direct,33,0.996933
18,PA Direct,34,0.997273
18,PA Direct,35,0.997568
18,PA Direct,36,0.997824
18,PA Direct,37,0.998049
18,PA Direct,38,0.998245
18,PA Direct,39,0.998418
18,PA Direct,40,0.998571
18,PA Direct,41,0.998706
18,PA Direct,42,0.998826
18,PA Direct,43,0.998932
18,PA Direct,44,0.999027
18,PA Direct,45,0.999112
18,PA Direct,46,0.999188
18,PA Direct,47,0.999256
18,PA Direct,48,0.999318
18,PA Direct,49,0.999373
18,PA Direct,50,0.999423
18,PA Direct,51,0.999468
18,PA Direct,52,0.999509
18,PA Direct,53,0.999546
18,PA Direct,54,0.99958
18,PA Direct,55,0.99961
18,PA Direct,56,0.999639
18,PA Direct,57,0.999664
18,PA Direct,58,0.999688
18,PA Direct,59,0.999709
18,PA Direct,60,0.999729
18,PA Direct,61,1
18,PA Direct,62,1
18,PA Direct,63,1
18,PA Direct,64,1
18,PA Direct,65,1
18,PA Direct,66,1
18,PA Direct,67,1
18,PA Direct,68,1
18,PA Direct,69,1
18,PA Direct,70,1
18,PA Direct,71,1
18,PA Direct,72,1
18,PA Direct,73,1
18,PA Direct,74,1
18,PA Direct,75,1
18,PA Direct,76,1
18,PA Direct,77,1
18,PA Direct,78,1
18,PA Direct,79,1
18,PA Direct,80,1
18,PA reinsurance,1,1.72E-02
18,PA reinsurance,2,2.99E-02
18,PA reinsurance,3,0.123066172
18,PA reinsurance,4,0.305923089
18,PA reinsurance,5,0.405375327
18,PA reinsurance,6,0.521462664
18,PA reinsurance,7,0.635485302
18,PA reinsurance,8,0.701880491
18,PA reinsurance,9,0.763892213
18,PA reinsurance,10,0.813750937
18,PA reinsurance,11,0.852603518
18,PA reinsurance,12,0.882825523
18,PA reinsurance,13,0.907146018
18,PA reinsurance,14,0.926746974
18,PA reinsurance,15,0.942562905
18,PA reinsurance,16,0.955336689
18,PA reinsurance,17,0.96565669
18,PA reinsurance,18,0.973997401
18,PA reinsurance,19,0.980737824
18,PA reinsurance,20,0.985911167
18,PA reinsurance,21,0.990014067
18,PA reinsurance,22,0.993342995
18,PA reinsurance,23,0.996042539
18,PA reinsurance,24,0.998229221
18,PA reinsurance,25,1
18,PA reinsurance,26,1
18,PA reinsurance,27,1
18,PA reinsurance,28,1
18,PA reinsurance,29,1
18,PA reinsurance,30,1
18,PA reinsurance,31,1
18,PA reinsurance,32,1
18,PA reinsurance,33,1
18,PA reinsurance,34,1
18,PA reinsurance,35,1
18,PA reinsurance,36,1
18,PA reinsurance,37,1
18,PA reinsurance,38,1
18,PA reinsurance,39,1
18,PA reinsurance,40,1
18,PA reinsurance,41,1
18,PA reinsurance,42,1
18,PA reinsurance,43,1
18,PA reinsurance,44,1
18,PA reinsurance,45,1
18,PA reinsurance,46,1
18,PA reinsurance,47,1
18,PA reinsurance,48,1
18,PA reinsurance,49,1
18,PA reinsurance,50,1
18,PA reinsurance,51,1
18,PA reinsurance,52,1
18,PA reinsurance,53,1
18,PA reinsurance,54,1
18,PA reinsurance,55,1
18,PA reinsurance,56,1
18,PA reinsurance,57,1
18,PA reinsurance,58,1
18,PA reinsurance,59,1
18,PA reinsurance,60,1
18,PA reinsurance,61,1
18,PA reinsurance,62,1
18,PA reinsurance,63,1
18,PA reinsurance,64,1
18,PA reinsurance,65,1
18,PA reinsurance,66,1
18,PA reinsurance,67,1
18,PA reinsurance,68,1
18,PA reinsurance,69,1
18,PA reinsurance,70,1
18,PA reinsurance,71,1
18,PA reinsurance,72,1
18,PA reinsurance,73,1
18,PA reinsurance,74,1
18,PA reinsurance,75,1
18,PA reinsurance,76,1
18,PA reinsurance,77,1
18,PA reinsurance,78,1
18,PA reinsurance,79,1
18,PA reinsurance,80,1
18,Sports,1,0.006677
18,Sports,2,0.030726
18,Sports,3,0.069955
18,Sports,4,0.134292
18,Sports,5,0.22925
18,Sports,6,0.320277
18,Sports,7,0.449375
18,Sports,8,0.601975
18,Sports,9,0.689462
18,Sports,10,0.758639
18,Sports,11,0.830511
18,Sports,12,0.887946
18,Sports,13,0.912466
18,Sports,14,0.930903
18,Sports,15,0.944902
18,Sports,16,0.955638
18,Sports,17,0.963955
18,Sports,18,0.970461
18,Sports,19,0.975598
18,Sports,20,0.979692
18,Sports,21,0.98298
18,Sports,22,0.985643
18,Sports,23,0.987816
18,Sports,24,0.989601
18,Sports,25,0.991077
18,Sports,26,0.992305
18,Sports,27,0.993334
18,Sports,28,0.994199
18,Sports,29,0.994931
18,Sports,30,0.995553
18,Sports,31,0.996085
18,Sports,32,0.996541
18,Sports,33,0.996933
18,Sports,34,0.997273
18,Sports,35,0.997568
18,Sports,36,0.997824
18,Sports,37,0.998049
18,Sports,38,0.998245
18,Sports,39,0.998418
18,Sports,40,0.998571
18,Sports,41,0.998706
18,Sports,42,0.998826
18,Sports,43,0.998932
18,Sports,44,0.999027
18,Sports,45,0.999112
18,Sports,46,0.999188
18,Sports,47,0.999256
18,Sports,48,0.999318
18,Sports,49,0.999373
18,Sports,50,0.999423
18,Sports,51,0.999468
18,Sports,52,0.999509
18,Sports,53,0.999546
18,Sports,54,0.99958
18,Sports,55,0.99961
18,Sports,56,0.999639
18,Sports,57,0.999664
18,Sports,58,0.999688
18,Sports,59,0.999709
18,Sports,60,0.999729
18,Sports,61,1
18,Sports,62,1
18,Sports,63,1
18,Sports,64,1
18,Sports,65,1
18,Sports,66,1
18,Sports,67,1
18,Sports,68,1
18,Sports,69,1
18,Sports,70,1
18,Sports,71,1
18,Sports,72,1
18,Sports,73,1
18,Sports,74,1
18,Sports,75,1
18,Sports,76,1
18,Sports,77,1
18,Sports,78,1
18,Sports,79,1
18,Sports,80,1
18,Open Market,1,0.007354
18,Open Market,2,0.038498
18,Open Market,3,0.168357
18,Open Market,4,0.320159
18,Open Market,5,0.519702
18,Open Market,6,0.772858
18,Open Market,7,0.904564
18,Open Market,8,0.972501
18,Open Market,9,0.997219
18,Open Market,10,1
18,Open Market,11,1
18,Open Market,12,1
18,Open Market,13,1
18,Open Market,14,1
18,Open Market,15,1
18,Open Market,16,1
18,Open Market,17,1
18,Open Market,18,1
18,Open Market,19,1
18,Open Market,20,1
18,Open Market,21,1
18,Open Market,22,1
18,Open Market,23,1
18,Open Market,24,1
18,Open Market,25,1
18,Open Market,26,1
18,Open Market,27,1
18,Open Market,28,1
18,Open Market,29,1
18,Open Market,30,1
18,Open Market,31,1
18,Open Market,32,1
18,Open Market,33,1
18,Open Market,34,1
18,Open Market,35,1
18,Open Market,36,1
18,Open Market,37,1
18,Open Market,38,1
18,Open Market,39,1
18,Open Market,40,1
18,Open Market,41,1
18,Open Market,42,1
18,Open Market,43,1
18,Open Market,44,1
18,Open Market,45,1
18,Open Market,46,1
18,Open Market,47,1
18,Open Market,48,1
18,Open Market,49,1
18,Open Market,50,1
18,Open Market,51,1
18,Open Market,52,1
18,Open Market,53,1
18,Open Market,54,1
18,Open Market,55,1
18,Open Market,56,1
18,Open Market,57,1
18,Open Market,58,1
18,Open Market,59,1
18,Open Market,60,1
18,Open Market,61,1
18,Open Market,62,1
18,Open Market,63,1
18,Open Market,64,1
18,Open Market,65,1
18,Open Market,66,1
18,Open Market,67,1
18,Open Market,68,1
18,Open Market,69,1
18,Open Market,70,1
18,Open Market,71,1
18,Open Market,72,1
18,Open Market,73,1
18,Open Market,74,1
18,Open Market,75,1
18,Open Market,76,1
18,Open Market,77,1
18,Open Market,78,1
18,Open Market,79,1
18,Open Market,80,1
18,E&S Property,1,0.005529
18,E&S Property,2,0.058839
18,E&S Property,3,0.14692
18,E&S Property,4,0.344682
18,E&S Property,5,0.554451
18,E&S Property,6,0.817369
18,E&S Property,7,0.908354
18,E&S Property,8,0.952038
18,E&S Property,9,0.976432
18,E&S Property,10,0.981755
18,E&S Property,11,0.986327
18,E&S Property,12,0.990292
18,E&S Property,13,0.993758
18,E&S Property,14,0.99681
18,E&S Property,15,0.99681
18,E&S Property,16,0.99681
18,E&S Property,17,0.99681
18,E&S Property,18,1
18,E&S Property,19,1
18,E&S Property,20,1
18,E&S Property,21,1
18,E&S Property,22,1
18,E&S Property,23,1
18,E&S Property,24,1
18,E&S Property,25,1
18,E&S Property,26,1
18,E&S Property,27,1
18,E&S Property,28,1
18,E&S Property,29,1
18,E&S Property,30,1
18,E&S Property,31,1
18,E&S Property,32,1
18,E&S Property,33,1
18,E&S Property,34,1
18,E&S Property,35,1
18,E&S Property,36,1
18,E&S Property,37,1
18,E&S Property,38,1
18,E&S Property,39,1
18,E&S Property,40,1
18,E&S Property,41,1
18,E&S Property,42,1
18,E&S Property,43,1
18,E&S Property,44,1
18,E&S Property,45,1
18,E&S Property,46,1
18,E&S Property,47,1
18,E&S Property,48,1
18,E&S Property,49,1
18,E&S Property,50,1
18,E&S Property,51,1
18,E&S Property,52,1
18,E&S Property,53,1
18,E&S Property,54,1
18,E&S Property,55,1
18,E&S Property,56,1
18,E&S Property,57,1
18,E&S Property,58,1
18,E&S Property,59,1
18,E&S Property,60,1
18,E&S Property,61,1
18,E&S Property,62,1
18,E&S Property,63,1
18,E&S Property,64,1
18,E&S Property,65,1
18,E&S Property,66,1
18,E&S Property,67,1
18,E&S Property,68,1
18,E&S Property,69,1
18,E&S Property,70,1
18,E&S Property,71,1
18,E&S Property,72,1
18,E&S Property,73,1
18,E&S Property,74,1
18,E&S Property,75,1
18,E&S Property,76,1
18,E&S Property,77,1
18,E&S Property,78,1
18,E&S Property,79,1
18,E&S Property,80,1
18,E&S Homeowners,1,0.062309
18,E&S Homeowners,2,0.114489
18,E&S Homeowners,3,0.159727
18,E&S Homeowners,4,0.279131
18,E&S Homeowners,5,0.416709
18,E&S Homeowners,6,0.607821
18,E&S Homeowners,7,0.751036
18,E&S Homeowners,8,0.829095
18,E&S Homeowners,9,0.888069
18,E&S Homeowners,10,0.9231
18,E&S Homeowners,11,0.943909
18,E&S Homeowners,12,0.960789
18,E&S Homeowners,13,0.974152
18,E&S Homeowners,14,0.984767
18,E&S Homeowners,15,0.99323
18,E&S Homeowners,16,1
18,E&S Homeowners,17,1
18,E&S Homeowners,18,1
18,E&S Homeowners,19,1
18,E&S Homeowners,20,1
18,E&S Homeowners,21,1
18,E&S Homeowners,22,1
18,E&S Homeowners,23,1
18,E&S Homeowners,24,1
18,E&S Homeowners,25,1
18,E&S Homeowners,26,1
18,E&S Homeowners,27,1
18,E&S Homeowners,28,1
18,E&S Homeowners,29,1
18,E&S Homeowners,30,1
18,E&S Homeowners,31,1
18,E&S Homeowners,32,1
18,E&S Homeowners,33,1
18,E&S Homeowners,34,1
18,E&S Homeowners,35,1
18,E&S Homeowners,36,1
18,E&S Homeowners,37,1
18,E&S Homeowners,38,1
18,E&S Homeowners,39,1
18,E&S Homeowners,40,1
18,E&S Homeowners,41,1
18,E&S Homeowners,42,1
18,E&S Homeowners,43,1
18,E&S Homeowners,44,1
18,E&S Homeowners,45,1
18,E&S Homeowners,46,1
18,E&S Homeowners,47,1
18,E&S Homeowners,48,1
18,E&S Homeowners,49,1
18,E&S Homeowners,50,1
18,E&S Homeowners,51,1
18,E&S Homeowners,52,1
18,E&S Homeowners,53,1
18,E&S Homeowners,54,1
18,E&S Homeowners,55,1
18,E&S Homeowners,56,1
18,E&S Homeowners,57,1
18,E&S Homeowners,58,1
18,E&S Homeowners,59,1
18,E&S Homeowners,60,1
18,E&S Homeowners,61,1
18,E&S Homeowners,62,1
18,E&S Homeowners,63,1
18,E&S Homeowners,64,1
18,E&S Homeowners,65,1
18,E&S Homeowners,66,1
18,E&S Homeowners,67,1
18,E&S Homeowners,68,1
18,E&S Homeowners,69,1
18,E&S Homeowners,70,1
18,E&S Homeowners,71,1
18,E&S Homeowners,72,1
18,E&S Homeowners,73,1
18,E&S Homeowners,74,1
18,E&S Homeowners,75,1
18,E&S Homeowners,76,1
18,E&S Homeowners,77,1
18,E&S Homeowners,78,1
18,E&S Homeowners,79,1
18,E&S Homeowners,80,1
18,Covers,1,0.000896
18,Covers,2,0.013262
18,Covers,3,0.069577
18,Covers,4,0.155959
18,Covers,5,0.336122
18,Covers,6,0.518206
18,Covers,7,0.681601
18,Covers,8,0.792782
18,Covers,9,0.878653
18,Covers,10,0.931757
18,Covers,11,0.959218
18,Covers,12,0.962297
18,Covers,13,0.976115
18,Covers,14,0.980587
18,Covers,15,0.988613
18,Covers,16,0.993977
18,Covers,17,0.99845
18,Covers,18,0.999742
18,Covers,19,1
18,Covers,20,1
18,Covers,21,1
18,Covers,22,1
18,Covers,23,1
18,Covers,24,1
18,Covers,25,1
18,Covers,26,1
18,Covers,27,1
18,Covers,28,1
18,Covers,29,1
18,Covers,30,1
18,Covers,31,1
18,Covers,32,1
18,Covers,33,1
18,Covers,34,1
18,Covers,35,1
18,Covers,36,1
18,Covers,37,1
18,Covers,38,1
18,Covers,39,1
18,Covers,40,1
18,Covers,41,1
18,Covers,42,1
18,Covers,43,1
18,Covers,44,1
18,Covers,45,1
18,Covers,46,1
18,Covers,47,1
18,Covers,48,1
18,Covers,49,1
18,Covers,50,1
18,Covers,51,1
18,Covers,52,1
18,Covers,53,1
18,Covers,54,1
18,Covers,55,1
18,Covers,56,1
18,Covers,57,1
18,Covers,58,1
18,Covers,59,1
18,Covers,60,1
18,Covers,61,1
18,Covers,62,1
18,Covers,63,1
18,Covers,64,1
18,Covers,65,1
18,Covers,66,1
18,Covers,67,1
18,Covers,68,1
18,Covers,69,1
18,Covers,70,1
18,Covers,71,1
18,Covers,72,1
18,Covers,73,1
18,Covers,74,1
18,Covers,75,1
18,Covers,76,1
18,Covers,77,1
18,Covers,78,1
18,Covers,79,1
18,Covers,80,1
18,Specie,1,0.000039
18,Specie,2,0.00389
18,Specie,3,0.035324
18,Specie,4,0.195884
18,Specie,5,0.385326
18,Specie,6,0.557194
18,Specie,7,0.765323
18,Specie,8,0.841587
18,Specie,9,0.898177
18,Specie,10,0.94099
18,Specie,11,0.974027
18,Specie,12,1
18,Specie,13,1
18,Specie,14,1
18,Specie,15,1
18,Specie,16,1
18,Specie,17,1
18,Specie,18,1
18,Specie,19,1
18,Specie,20,1
18,Specie,21,1
18,Specie,22,1
18,Specie,23,1
18,Specie,24,1
18,Specie,25,1
18,Specie,26,1
18,Specie,27,1
18,Specie,28,1
18,Specie,29,1
18,Specie,30,1
18,Specie,31,1
18,Specie,32,1
18,Specie,33,1
18,Specie,34,1
18,Specie,35,1
18,Specie,36,1
18,Specie,37,1
18,Specie,38,1
18,Specie,39,1
18,Specie,40,1
18,Specie,41,1
18,Specie,42,1
18,Specie,43,1
18,Specie,44,1
18,Specie,45,1
18,Specie,46,1
18,Specie,47,1
18,Specie,48,1
18,Specie,49,1
18,Specie,50,1
18,Specie,51,1
18,Specie,52,1
18,Specie,53,1
18,Specie,54,1
18,Specie,55,1
18,Specie,56,1
18,Specie,57,1
18,Specie,58,1
18,Specie,59,1
18,Specie,60,1
18,Specie,61,1
18,Specie,62,1
18,Specie,63,1
18,Specie,64,1
18,Specie,65,1
18,Specie,66,1
18,Specie,67,1
18,Specie,68,1
18,Specie,69,1
18,Specie,70,1
18,Specie,71,1
18,Specie,72,1
18,Specie,73,1
18,Specie,74,1
18,Specie,75,1
18,Specie,76,1
18,Specie,77,1
18,Specie,78,1
18,Specie,79,1
18,Specie,80,1
18,Swiss,1,0.053585
18,Swiss,2,0.144997
18,Swiss,3,0.244051
18,Swiss,4,0.357917
18,Swiss,5,0.496475
18,Swiss,6,0.596282
18,Swiss,7,0.705888
18,Swiss,8,0.806719
18,Swiss,9,0.872148
18,Swiss,10,0.910598
18,Swiss,11,0.93924
18,Swiss,12,0.960782
18,Swiss,13,0.977161
18,Swiss,14,0.984302
18,Swiss,15,0.997561
18,Swiss,16,1.002035
18,Swiss,17,0.992272
18,Swiss,18,0.995665
18,Swiss,19,0.996166
18,Swiss,20,1
18,Swiss,21,1
18,Swiss,22,1
18,Swiss,23,1
18,Swiss,24,1
18,Swiss,25,1
18,Swiss,26,1
18,Swiss,27,1
18,Swiss,28,1
18,Swiss,29,1
18,Swiss,30,1
18,Swiss,31,1
18,Swiss,32,1
18,Swiss,33,1
18,Swiss,34,1
18,Swiss,35,1
18,Swiss,36,1
18,Swiss,37,1
18,Swiss,38,1
18,Swiss,39,1
18,Swiss,40,1
18,Swiss,41,1
18,Swiss,42,1
18,Swiss,43,1
18,Swiss,44,1
18,Swiss,45,1
18,Swiss,46,1
18,Swiss,47,1
18,Swiss,48,1
18,Swiss,49,1
18,Swiss,50,1
18,Swiss,51,1
18,Swiss,52,1
18,Swiss,53,1
18,Swiss,54,1
18,Swiss,55,1
18,Swiss,56,1
18,Swiss,57,1
18,Swiss,58,1
18,Swiss,59,1
18,Swiss,60,1
18,Swiss,61,1
18,Swiss,62,1
18,Swiss,63,1
18,Swiss,64,1
18,Swiss,65,1
18,Swiss,66,1
18,Swiss,67,1
18,Swiss,68,1
18,Swiss,69,1
18,Swiss,70,1
18,Swiss,71,1
18,Swiss,72,1
18,Swiss,73,1
18,Swiss,74,1
18,Swiss,75,1
18,Swiss,76,1
18,Swiss,77,1
18,Swiss,78,1
18,Swiss,79,1
18,Swiss,80,1
18,Jewellers,1,0.000488
18,Jewellers,2,0.05354
18,Jewellers,3,0.113982
18,Jewellers,4,0.264132
18,Jewellers,5,0.463766
18,Jewellers,6,0.568993
18,Jewellers,7,0.700896
18,Jewellers,8,0.827819
18,Jewellers,9,0.905601
18,Jewellers,10,0.963604
18,Jewellers,11,0.992133
18,Jewellers,12,1
18,Jewellers,13,1
18,Jewellers,14,1
18,Jewellers,15,1
18,Jewellers,16,1
18,Jewellers,17,1
18,Jewellers,18,1
18,Jewellers,19,1
18,Jewellers,20,1
18,Jewellers,21,1
18,Jewellers,22,1
18,Jewellers,23,1
18,Jewellers,24,1
18,Jewellers,25,1
18,Jewellers,26,1
18,Jewellers,27,1
18,Jewellers,28,1
18,Jewellers,29,1
18,Jewellers,30,1
18,Jewellers,31,1
18,Jewellers,32,1
18,Jewellers,33,1
18,Jewellers,34,1
18,Jewellers,35,1
18,Jewellers,36,1
18,Jewellers,37,1
18,Jewellers,38,1
18,Jewellers,39,1
18,Jewellers,40,1
18,Jewellers,41,1
18,Jewellers,42,1
18,Jewellers,43,1
18,Jewellers,44,1
18,Jewellers,45,1
18,Jewellers,46,1
18,Jewellers,47,1
18,Jewellers,48,1
18,Jewellers,49,1
18,Jewellers,50,1
18,Jewellers,51,1
18,Jewellers,52,1
18,Jewellers,53,1
18,Jewellers,54,1
18,Jewellers,55,1
18,Jewellers,56,1
18,Jewellers,57,1
18,Jewellers,58,1
18,Jewellers,59,1
18,Jewellers,60,1
18,Jewellers,61,1
18,Jewellers,62,1
18,Jewellers,63,1
18,Jewellers,64,1
18,Jewellers,65,1
18,Jewellers,66,1
18,Jewellers,67,1
18,Jewellers,68,1
18,Jewellers,69,1
18,Jewellers,70,1
18,Jewellers,71,1
18,Jewellers,72,1
18,Jewellers,73,1
18,Jewellers,74,1
18,Jewellers,75,1
18,Jewellers,76,1
18,Jewellers,77,1
18,Jewellers,78,1
18,Jewellers,79,1
18,Jewellers,80,1
18,Motor,1,0.000094
18,Motor,2,0.008123
18,Motor,3,0.050981
18,Motor,4,0.132683
18,Motor,5,0.265932
18,Motor,6,0.432709
18,Motor,7,0.597329
18,Motor,8,0.738147
18,Motor,9,0.84849
18,Motor,10,0.922672
18,Motor,11,0.952344
18,Motor,12,0.968589
18,Motor,13,0.968516
18,Motor,14,0.973005
18,Motor,15,0.974682
18,Motor,16,0.980657
18,Motor,17,0.981495
18,Motor,18,0.982026
18,Motor,19,0.986831
18,Motor,20,0.989044
18,Motor,21,0.989772
18,Motor,22,0.979868
18,Motor,23,0.979868
18,Motor,24,0.979868
18,Motor,25,0.979868
18,Motor,26,0.979868
18,Motor,27,0.985114
18,Motor,28,1.00125
18,Motor,29,1.00125
18,Motor,30,1.00125
18,Motor,31,1.001229
18,Motor,32,1.001229
18,Motor,33,1.001229
18,Motor,34,1.001229
18,Motor,35,1.000904
18,Motor,36,1.000904
18,Motor,37,1.001388
18,Motor,38,1.001252
18,Motor,39,1.001252
18,Motor,40,1.001252
18,Motor,41,1.001252
18,Motor,42,1.001252
18,Motor,43,1.000079
18,Motor,44,1.000079
18,Motor,45,1.000007
18,Motor,46,1.000007
18,Motor,47,1.000007
18,Motor,48,1.00001
18,Motor,49,0.999753
18,Motor,50,0.999747
18,Motor,51,0.999747
18,Motor,52,0.999686
18,Motor,53,0.999686
18,Motor,54,0.999686
18,Motor,55,0.999686
18,Motor,56,0.999857
18,Motor,57,0.999857
18,Motor,58,0.999792
18,Motor,59,0.999792
18,Motor,60,0.999792
18,Motor,61,1
18,Motor,62,1
18,Motor,63,1
18,Motor,64,1
18,Motor,65,1
18,Motor,66,1
18,Motor,67,1
18,Motor,68,1
18,Motor,69,1
18,Motor,70,1
18,Motor,71,1
18,Motor,72,1
18,Motor,73,1
18,Motor,74,1
18,Motor,75,1
18,Motor,76,1
18,Motor,77,1
18,Motor,78,1
18,Motor,79,1
18,Motor,80,1
18,Package,1,0.000497
18,Package,2,0.003053
18,Package,3,0.008108
18,Package,4,0.02049
18,Package,5,0.038363
18,Package,6,0.074695
18,Package,7,0.111599
18,Package,8,0.154147
18,Package,9,0.203141
18,Package,10,0.260221
18,Package,11,0.313782
18,Package,12,0.362428
18,Package,13,0.412622
18,Package,14,0.46546
18,Package,15,0.507003
18,Package,16,0.549784
18,Package,17,0.580119
18,Package,18,0.621455
18,Package,19,0.651341
18,Package,20,0.684006
18,Package,21,0.712272
18,Package,22,0.738834
18,Package,23,0.762141
18,Package,24,0.786565
18,Package,25,0.801686
18,Package,26,0.81652
18,Package,27,0.829947
18,Package,28,0.844947
18,Package,29,0.859947
18,Package,30,0.874947
18,Package,31,0.889947
18,Package,32,0.904947
18,Package,33,0.919947
18,Package,34,0.934947
18,Package,35,0.949947
18,Package,36,0.964947
18,Package,37,0.979947
18,Package,38,0.99
18,Package,39,0.995
18,Package,40,1
18,Package,41,1
18,Package,42,1
18,Package,43,1
18,Package,44,1
18,Package,45,1
18,Package,46,1
18,Package,47,1
18,Package,48,1
18,Package,49,1
18,Package,50,1
18,Package,51,1
18,Package,52,1
18,Package,53,1
18,Package,54,1
18,Package,55,1
18,Package,56,1
18,Package,57,1
18,Package,58,1
18,Package,59,1
18,Package,60,1
18,Package,61,1
18,Package,62,1
18,Package,63,1
18,Package,64,1
18,Package,65,1
18,Package,66,1
18,Package,67,1
18,Package,68,1
18,Package,69,1
18,Package,70,1
18,Package,71,1
18,Package,72,1
18,Package,73,1
18,Package,74,1
18,Package,75,1
18,Package,76,1
18,Package,77,1
18,Package,78,1
18,Package,79,1
18,Package,80,1
18,BPS - BBR,1,0.002414
18,BPS - BBR,2,0.006782
18,BPS - BBR,3,0.016087
18,BPS - BBR,4,0.032824
18,BPS - BBR,5,0.058723
18,BPS - BBR,6,0.118299
18,BPS - BBR,7,0.229563
18,BPS - BBR,8,0.353012
18,BPS - BBR,9,0.484046
18,BPS - BBR,10,0.564928
18,BPS - BBR,11,0.655791
18,BPS - BBR,12,0.765014
18,BPS - BBR,13,0.801849
18,BPS - BBR,14,0.858369
18,BPS - BBR,15,0.879772
18,BPS - BBR,16,0.903118
18,BPS - BBR,17,0.920519
18,BPS - BBR,18,0.934643
18,BPS - BBR,19,0.949981
18,BPS - BBR,20,0.961803
18,BPS - BBR,21,0.97088
18,BPS - BBR,22,0.977828
18,BPS - BBR,23,0.983134
18,BPS - BBR,24,0.987181
18,BPS - BBR,25,0.990261
18,BPS - BBR,26,0.992605
18,BPS - BBR,27,0.994386
18,BPS - BBR,28,0.99574
18,BPS - BBR,29,0.996767
18,BPS - BBR,30,0.997548
18,BPS - BBR,31,0.99814
18,BPS - BBR,32,0.998589
18,BPS - BBR,33,0.99893
18,BPS - BBR,34,0.999188
18,BPS - BBR,35,0.999384
18,BPS - BBR,36,0.999533
18,BPS - BBR,37,0.999646
18,BPS - BBR,38,0.999731
18,BPS - BBR,39,0.999796
18,BPS - BBR,40,0.999846
18,BPS - BBR,41,0.999883
18,BPS - BBR,42,0.999911
18,BPS - BBR,43,0.999933
18,BPS - BBR,44,0.999949
18,BPS - BBR,45,0.999961
18,BPS - BBR,46,0.999971
18,BPS - BBR,47,0.999978
18,BPS - BBR,48,0.999983
18,BPS - BBR,49,0.999987
18,BPS - BBR,50,0.99999
18,BPS - BBR,51,0.999993
18,BPS - BBR,52,0.999994
18,BPS - BBR,53,0.999996
18,BPS - BBR,54,0.999997
18,BPS - BBR,55,0.999998
18,BPS - BBR,56,0.999998
18,BPS - BBR,57,0.999999
18,BPS - BBR,58,0.999999
18,BPS - BBR,59,0.999999
18,BPS - BBR,60,0.999999
18,BPS - BBR,61,1
18,BPS - BBR,62,1
18,BPS - BBR,63,1
18,BPS - BBR,64,1
18,BPS - BBR,65,1
18,BPS - BBR,66,1
18,BPS - BBR,67,1
18,BPS - BBR,68,1
18,BPS - BBR,69,1
18,BPS - BBR,70,1
18,BPS - BBR,71,1
18,BPS - BBR,72,1
18,BPS - BBR,73,1
18,BPS - BBR,74,1
18,BPS - BBR,75,1
18,BPS - BBR,76,1
18,BPS - BBR,77,1
18,BPS - BBR,78,1
18,BPS - BBR,79,1
18,BPS - BBR,80,1
18,eTrading BBR,1,0.002414
18,eTrading BBR,2,0.006782
18,eTrading BBR,3,0.016087
18,eTrading BBR,4,0.032824
18,eTrading BBR,5,0.058723
18,eTrading BBR,6,0.118299
18,eTrading BBR,7,0.229563
18,eTrading BBR,8,0.353012
18,eTrading BBR,9,0.484046
18,eTrading BBR,10,0.564928
18,eTrading BBR,11,0.655791
18,eTrading BBR,12,0.765014
18,eTrading BBR,13,0.801849
18,eTrading BBR,14,0.858369
18,eTrading BBR,15,0.879772
18,eTrading BBR,16,0.903118
18,eTrading BBR,17,0.920519
18,eTrading BBR,18,0.934643
18,eTrading BBR,19,0.949981
18,eTrading BBR,20,0.961803
18,eTrading BBR,21,0.97088
18,eTrading BBR,22,0.977828
18,eTrading BBR,23,0.983134
18,eTrading BBR,24,0.987181
18,eTrading BBR,25,0.990261
18,eTrading BBR,26,0.992605
18,eTrading BBR,27,0.994386
18,eTrading BBR,28,0.99574
18,eTrading BBR,29,0.996767
18,eTrading BBR,30,0.997548
18,eTrading BBR,31,0.99814
18,eTrading BBR,32,0.998589
18,eTrading BBR,33,0.99893
18,eTrading BBR,34,0.999188
18,eTrading BBR,35,0.999384
18,eTrading BBR,36,0.999533
18,eTrading BBR,37,0.999646
18,eTrading BBR,38,0.999731
18,eTrading BBR,39,0.999796
18,eTrading BBR,40,0.999846
18,eTrading BBR,41,0.999883
18,eTrading BBR,42,0.999911
18,eTrading BBR,43,0.999933
18,eTrading BBR,44,0.999949
18,eTrading BBR,45,0.999961
18,eTrading BBR,46,0.999971
18,eTrading BBR,47,0.999978
18,eTrading BBR,48,0.999983
18,eTrading BBR,49,0.999987
18,eTrading BBR,50,0.99999
18,eTrading BBR,51,0.999993
18,eTrading BBR,52,0.999994
18,eTrading BBR,53,0.999996
18,eTrading BBR,54,0.999997
18,eTrading BBR,55,0.999998
18,eTrading BBR,56,0.999998
18,eTrading BBR,57,0.999999
18,eTrading BBR,58,0.999999
18,eTrading BBR,59,0.999999
18,eTrading BBR,60,0.999999
18,eTrading BBR,61,1
18,eTrading BBR,62,1
18,eTrading BBR,63,1
18,eTrading BBR,64,1
18,eTrading BBR,65,1
18,eTrading BBR,66,1
18,eTrading BBR,67,1
18,eTrading BBR,68,1
18,eTrading BBR,69,1
18,eTrading BBR,70,1
18,eTrading BBR,71,1
18,eTrading BBR,72,1
18,eTrading BBR,73,1
18,eTrading BBR,74,1
18,eTrading BBR,75,1
18,eTrading BBR,76,1
18,eTrading BBR,77,1
18,eTrading BBR,78,1
18,eTrading BBR,79,1
18,eTrading BBR,80,1
18,US PE London BBR,1,0.002414
18,US PE London BBR,2,0.006782
18,US PE London BBR,3,0.016087
18,US PE London BBR,4,0.032824
18,US PE London BBR,5,0.058723
18,US PE London BBR,6,0.118299
18,US PE London BBR,7,0.229563
18,US PE London BBR,8,0.353012
18,US PE London BBR,9,0.484046
18,US PE London BBR,10,0.564928
18,US PE London BBR,11,0.655791
18,US PE London BBR,12,0.765014
18,US PE London BBR,13,0.801849
18,US PE London BBR,14,0.858369
18,US PE London BBR,15,0.879772
18,US PE London BBR,16,0.903118
18,US PE London BBR,17,0.920519
18,US PE London BBR,18,0.934643
18,US PE London BBR,19,0.949981
18,US PE London BBR,20,0.961803
18,US PE London BBR,21,0.97088
18,US PE London BBR,22,0.977828
18,US PE London BBR,23,0.983134
18,US PE London BBR,24,0.987181
18,US PE London BBR,25,0.990261
18,US PE London BBR,26,0.992605
18,US PE London BBR,27,0.994386
18,US PE London BBR,28,0.99574
18,US PE London BBR,29,0.996767
18,US PE London BBR,30,0.997548
18,US PE London BBR,31,0.99814
18,US PE London BBR,32,0.998589
18,US PE London BBR,33,0.99893
18,US PE London BBR,34,0.999188
18,US PE London BBR,35,0.999384
18,US PE London BBR,36,0.999533
18,US PE London BBR,37,0.999646
18,US PE London BBR,38,0.999731
18,US PE London BBR,39,0.999796
18,US PE London BBR,40,0.999846
18,US PE London BBR,41,0.999883
18,US PE London BBR,42,0.999911
18,US PE London BBR,43,0.999933
18,US PE London BBR,44,0.999949
18,US PE London BBR,45,0.999961
18,US PE London BBR,46,0.999971
18,US PE London BBR,47,0.999978
18,US PE London BBR,48,0.999983
18,US PE London BBR,49,0.999987
18,US PE London BBR,50,0.99999
18,US PE London BBR,51,0.999993
18,US PE London BBR,52,0.999994
18,US PE London BBR,53,0.999996
18,US PE London BBR,54,0.999997
18,US PE London BBR,55,0.999998
18,US PE London BBR,56,0.999998
18,US PE London BBR,57,0.999999
18,US PE London BBR,58,0.999999
18,US PE London BBR,59,0.999999
18,US PE London BBR,60,0.999999
18,US PE London BBR,61,1
18,US PE London BBR,62,1
18,US PE London BBR,63,1
18,US PE London BBR,64,1
18,US PE London BBR,65,1
18,US PE London BBR,66,1
18,US PE London BBR,67,1
18,US PE London BBR,68,1
18,US PE London BBR,69,1
18,US PE London BBR,70,1
18,US PE London BBR,71,1
18,US PE London BBR,72,1
18,US PE London BBR,73,1
18,US PE London BBR,74,1
18,US PE London BBR,75,1
18,US PE London BBR,76,1
18,US PE London BBR,77,1
18,US PE London BBR,78,1
18,US PE London BBR,79,1
18,US PE London BBR,80,1
18,US - A&E MM,1,0.002251
18,US - A&E MM,2,0.011011
18,US - A&E MM,3,0.031099
18,US - A&E MM,4,0.065912
18,US - A&E MM,5,0.116413
18,US - A&E MM,6,0.181177
18,US - A&E MM,7,0.240465
18,US - A&E MM,8,0.319974
18,US - A&E MM,9,0.374323
18,US - A&E MM,10,0.431602
18,US - A&E MM,11,0.504276
18,US - A&E MM,12,0.552234
18,US - A&E MM,13,0.599073
18,US - A&E MM,14,0.651921
18,US - A&E MM,15,0.699308
18,US - A&E MM,16,0.741299
18,US - A&E MM,17,0.778176
18,US - A&E MM,18,0.810325
18,US - A&E MM,19,0.838184
18,US - A&E MM,20,0.862209
18,US - A&E MM,21,0.882844
18,US - A&E MM,22,0.90051
18,US - A&E MM,23,0.915595
18,US - A&E MM,24,0.928446
18,US - A&E MM,25,0.939377
18,US - A&E MM,26,0.948661
18,US - A&E MM,27,0.956538
18,US - A&E MM,28,0.963214
18,US - A&E MM,29,0.96887
18,US - A&E MM,30,0.973658
18,US - A&E MM,31,0.977711
18,US - A&E MM,32,0.981139
18,US - A&E MM,33,0.98404
18,US - A&E MM,34,0.986493
18,US - A&E MM,35,0.988568
18,US - A&E MM,36,0.990323
18,US - A&E MM,37,0.991807
18,US - A&E MM,38,0.993062
18,US - A&E MM,39,0.994125
18,US - A&E MM,40,0.995023
18,US - A&E MM,41,0.995784
18,US - A&E MM,42,0.996427
18,US - A&E MM,43,0.996972
18,US - A&E MM,44,0.997433
18,US - A&E MM,45,0.997824
18,US - A&E MM,46,0.998155
18,US - A&E MM,47,0.998435
18,US - A&E MM,48,0.998672
18,US - A&E MM,49,0.998873
18,US - A&E MM,50,0.999044
18,US - A&E MM,51,0.999188
18,US - A&E MM,52,0.999311
18,US - A&E MM,53,0.999415
18,US - A&E MM,54,0.999503
18,US - A&E MM,55,0.999578
18,US - A&E MM,56,0.999641
18,US - A&E MM,57,0.999695
18,US - A&E MM,58,0.999741
18,US - A&E MM,59,0.99978
18,US - A&E MM,60,0.999813
18,US - A&E MM,61,1
18,US - A&E MM,62,1
18,US - A&E MM,63,1
18,US - A&E MM,64,1
18,US - A&E MM,65,1
18,US - A&E MM,66,1
18,US - A&E MM,67,1
18,US - A&E MM,68,1
18,US - A&E MM,69,1
18,US - A&E MM,70,1
18,US - A&E MM,71,1
18,US - A&E MM,72,1
18,US - A&E MM,73,1
18,US - A&E MM,74,1
18,US - A&E MM,75,1
18,US - A&E MM,76,1
18,US - A&E MM,77,1
18,US - A&E MM,78,1
18,US - A&E MM,79,1
18,US - A&E MM,80,1
18,Digital US Cyber,1,9.59E-04
18,Digital US Cyber,2,1.04E-02
18,Digital US Cyber,3,4.99E-02
18,Digital US Cyber,4,0.101187267
18,Digital US Cyber,5,0.181489399
18,Digital US Cyber,6,0.27771062
18,Digital US Cyber,7,0.368136663
18,Digital US Cyber,8,0.486259255
18,Digital US Cyber,9,0.558603625
18,Digital US Cyber,10,0.630810205
18,Digital US Cyber,11,0.695293404
18,Digital US Cyber,12,0.757259654
18,Digital US Cyber,13,0.816146116
18,Digital US Cyber,14,0.858421378
18,Digital US Cyber,15,0.887661455
18,Digital US Cyber,16,0.911286478
18,Digital US Cyber,17,0.930217302
18,Digital US Cyber,18,0.945285696
18,Digital US Cyber,19,0.957215187
18,Digital US Cyber,20,0.966619404
18,Digital US Cyber,21,0.97400623
18,Digital US Cyber,22,0.979791135
18,Digital US Cyber,23,0.984310487
18,Digital US Cyber,24,0.98783405
18,Digital US Cyber,25,0.990576634
18,Digital US Cyber,26,0.99270809
18,Digital US Cyber,27,0.994362466
18,Digital US Cyber,28,0.99564467
18,Digital US Cyber,29,0.996637961
18,Digital US Cyber,30,0.997406451
18,Digital US Cyber,31,0.998000095
18,Digital US Cyber,32,0.99845969
18,Digital US Cyber,33,0.998813545
18,Digital US Cyber,34,0.999086638
18,Digital US Cyber,35,0.999298118
18,Digital US Cyber,36,0.999460475
18,Digital US Cyber,37,0.999585365
18,Digital US Cyber,38,0.999681114
18,Digital US Cyber,39,0.999755216
18,Digital US Cyber,40,0.999812665
18,Digital US Cyber,41,0.99985596
18,Digital US Cyber,42,0.999889264
18,Digital US Cyber,43,0.999915075
18,Digital US Cyber,44,0.999935057
18,Digital US Cyber,45,0.999950044
18,Digital US Cyber,46,0.9999617
18,Digital US Cyber,47,0.999970859
18,Digital US Cyber,48,0.99997752
18,Digital US Cyber,49,0.999983348
18,Digital US Cyber,50,0.999986678
18,Digital US Cyber,51,0.999990009
18,Digital US Cyber,52,0.999992507
18,Digital US Cyber,53,0.999994172
18,Digital US Cyber,54,0.999995837
18,Digital US Cyber,55,0.99999667
18,Digital US Cyber,56,0.999997502
18,Digital US Cyber,57,0.999998335
18,Digital US Cyber,58,0.999998335
18,Digital US Cyber,59,0.999999167
18,Digital US Cyber,60,0.999999167
18,Digital US Cyber,61,1
18,Digital US Cyber,62,1
18,Digital US Cyber,63,1
18,Digital US Cyber,64,1
18,Digital US Cyber,65,1
18,Digital US Cyber,66,1
18,Digital US Cyber,67,1
18,Digital US Cyber,68,1
18,Digital US Cyber,69,1
18,Digital US Cyber,70,1
18,Digital US Cyber,71,1
18,Digital US Cyber,72,1
18,Digital US Cyber,73,1
18,Digital US Cyber,74,1
18,Digital US Cyber,75,1
18,Digital US Cyber,76,1
18,Digital US Cyber,77,1
18,Digital US Cyber,78,1
18,Digital US Cyber,79,1
18,Digital US Cyber,80,1
18,Healthcare Misc,1,0.003967
18,Healthcare Misc,2,0.003967
18,Healthcare Misc,3,0.003967
18,Healthcare Misc,4,0.022803
18,Healthcare Misc,5,0.051847
18,Healthcare Misc,6,0.086711
18,Healthcare Misc,7,0.123008
18,Healthcare Misc,8,0.157254
18,Healthcare Misc,9,0.189588
18,Healthcare Misc,10,0.221053
18,Healthcare Misc,11,0.25269
18,Healthcare Misc,12,0.284998
18,Healthcare Misc,13,0.316291
18,Healthcare Misc,14,0.344339
18,Healthcare Misc,15,0.366913
18,Healthcare Misc,16,0.383305
18,Healthcare Misc,17,0.398907
18,Healthcare Misc,18,0.420631
18,Healthcare Misc,19,0.455392
18,Healthcare Misc,20,0.507552
18,Healthcare Misc,21,0.571258
18,Healthcare Misc,22,0.638106
18,Healthcare Misc,23,0.699692
18,Healthcare Misc,24,0.749425
18,Healthcare Misc,25,0.787973
18,Healthcare Misc,26,0.817817
18,Healthcare Misc,27,0.84144
18,Healthcare Misc,28,0.860979
18,Healthcare Misc,29,0.877188
18,Healthcare Misc,30,0.890477
18,Healthcare Misc,31,0.901256
18,Healthcare Misc,32,0.909931
18,Healthcare Misc,33,0.916898
18,Healthcare Misc,34,0.922547
18,Healthcare Misc,35,0.927269
18,Healthcare Misc,36,0.931407
18,Healthcare Misc,37,0.935101
18,Healthcare Misc,38,0.938438
18,Healthcare Misc,39,0.94151
18,Healthcare Misc,40,0.944391
18,Healthcare Misc,41,0.947098
18,Healthcare Misc,42,0.949633
18,Healthcare Misc,43,0.951999
18,Healthcare Misc,44,0.954199
18,Healthcare Misc,45,0.956248
18,Healthcare Misc,46,0.958161
18,Healthcare Misc,47,0.959954
18,Healthcare Misc,48,0.96164
18,Healthcare Misc,49,0.963229
18,Healthcare Misc,50,0.964725
18,Healthcare Misc,51,0.966136
18,Healthcare Misc,52,0.967467
18,Healthcare Misc,53,0.968725
18,Healthcare Misc,54,0.969914
18,Healthcare Misc,55,0.97104
18,Healthcare Misc,56,0.972108
18,Healthcare Misc,57,0.973121
18,Healthcare Misc,58,0.974084
18,Healthcare Misc,59,0.974999
18,Healthcare Misc,60,0.97587
18,Healthcare Misc,61,1
18,Healthcare Misc,62,1
18,Healthcare Misc,63,1
18,Healthcare Misc,64,1
18,Healthcare Misc,65,1
18,Healthcare Misc,66,1
18,Healthcare Misc,67,1
18,Healthcare Misc,68,1
18,Healthcare Misc,69,1
18,Healthcare Misc,70,1
18,Healthcare Misc,71,1
18,Healthcare Misc,72,1
18,Healthcare Misc,73,1
18,Healthcare Misc,74,1
18,Healthcare Misc,75,1
18,Healthcare Misc,76,1
18,Healthcare Misc,77,1
18,Healthcare Misc,78,1
18,Healthcare Misc,79,1
18,Healthcare Misc,80,1
18,Environmental,1,8.14E-05
18,Environmental,2,4.87E-04
18,Environmental,3,2.43E-03
18,Environmental,4,9.74E-03
18,Environmental,5,2.61E-02
18,Environmental,6,5.15E-02
18,Environmental,7,9.92E-02
18,Environmental,8,0.186230048
18,Environmental,9,0.340533806
18,Environmental,10,0.578907467
18,Environmental,11,0.662575304
18,Environmental,12,0.734594223
18,Environmental,13,0.794798408
18,Environmental,14,0.843966423
18,Environmental,15,0.883380084
18,Environmental,16,0.914503188
18,Environmental,17,0.938780929
18,Environmental,18,0.957529334
18,Environmental,19,0.971887877
18,Environmental,20,0.979498441
18,Environmental,21,0.985067351
18,Environmental,22,0.989132858
18,Environmental,23,0.992096363
18,Environmental,24,0.994255217
18,Environmental,25,0.995825069
18,Environmental,26,0.996966871
18,Environmental,27,0.997797122
18,Environmental,28,0.998400073
18,Environmental,29,0.998838524
18,Environmental,30,0.999156274
18,Environmental,31,0.999387549
18,Environmental,32,0.999554925
18,Environmental,33,0.99967695
18,Environmental,34,0.9997653
18,Environmental,35,0.9998302
18,Environmental,36,0.99987665
18,Environmental,37,0.999910325
18,Environmental,38,0.99993455
18,Environmental,39,0.999952775
18,Environmental,40,0.999965775
18,Environmental,41,0.999975
18,Environmental,42,0.999982
18,Environmental,43,0.999987
18,Environmental,44,0.99999
18,Environmental,45,0.999993
18,Environmental,46,0.999995
18,Environmental,47,0.999996
18,Environmental,48,0.999997
18,Environmental,49,0.999998
18,Environmental,50,0.999999
18,Environmental,51,0.999999
18,Environmental,52,0.999999
18,Environmental,53,0.999999
18,Environmental,54,1
18,Environmental,55,1
18,Environmental,56,1
18,Environmental,57,1
18,Environmental,58,1
18,Environmental,59,1
18,Environmental,60,1
18,Environmental,61,1
18,Environmental,62,1
18,Environmental,63,1
18,Environmental,64,1
18,Environmental,65,1
18,Environmental,66,1
18,Environmental,67,1
18,Environmental,68,1
18,Environmental,69,1
18,Environmental,70,1
18,Environmental,71,1
18,Environmental,72,1
18,Environmental,73,1
18,Environmental,74,1
18,Environmental,75,1
18,Environmental,76,1
18,Environmental,77,1
18,Environmental,78,1
18,Environmental,79,1
18,Environmental,80,1
18,Healthcare ML,1,1.25E-03
18,Healthcare ML,2,6.27E-03
18,Healthcare ML,3,2.04E-02
18,Healthcare ML,4,4.71E-02
18,Healthcare ML,5,8.58E-02
18,Healthcare ML,6,0.139295766
18,Healthcare ML,7,0.205150558
18,Healthcare ML,8,0.278421567
18,Healthcare ML,9,0.353850952
18,Healthcare ML,10,0.426772418
18,Healthcare ML,11,0.493697777
18,Healthcare ML,12,0.55258652
18,Healthcare ML,13,0.615754094
18,Healthcare ML,14,0.672239175
18,Healthcare ML,15,0.721788898
18,Healthcare ML,16,0.765535806
18,Healthcare ML,17,0.803618903
18,Healthcare ML,18,0.83618406
18,Healthcare ML,19,0.863814005
18,Healthcare ML,20,0.887104735
18,Healthcare ML,21,0.906634703
18,Healthcare ML,22,0.92293843
18,Healthcare ML,23,0.936500611
18,Healthcare ML,24,0.947748266
18,Healthcare ML,25,0.957053008
18,Healthcare ML,26,0.96473525
18,Healthcare ML,27,0.971066938
18,Healthcare ML,28,0.976277646
18,Healthcare ML,29,0.980561794
18,Healthcare ML,30,0.984079331
18,Healthcare ML,31,0.986966443
18,Healthcare ML,32,0.98933385
18,Healthcare ML,33,0.9912737
18,Healthcare ML,34,0.992863166
18,Healthcare ML,35,0.994164437
18,Healthcare ML,36,0.995228727
18,Healthcare ML,37,0.996100561
18,Healthcare ML,38,0.996812976
18,Healthcare ML,39,0.997396224
18,Healthcare ML,40,0.997872364
18,Healthcare ML,41,0.998262059
18,Healthcare ML,42,0.998580583
18,Healthcare ML,43,0.998840209
18,Healthcare ML,44,0.999053526
18,Healthcare ML,45,0.999226708
18,Healthcare ML,46,0.999368952
18,Healthcare ML,47,0.999485041
18,Healthcare ML,48,0.999579269
18,Healthcare ML,49,0.999657027
18,Healthcare ML,50,0.999719512
18,Healthcare ML,51,0.999771018
18,Healthcare ML,52,0.999813642
18,Healthcare ML,53,0.999847679
18,Healthcare ML,54,0.999876128
18,Healthcare ML,55,0.999898184
18,Healthcare ML,56,0.99991685
18,Healthcare ML,57,0.999932123
18,Healthcare ML,58,0.999945102
18,Healthcare ML,59,0.999955082
18,Healthcare ML,60,0.999963768
18,Healthcare ML,61,1
18,Healthcare ML,62,1
18,Healthcare ML,63,1
18,Healthcare ML,64,1
18,Healthcare ML,65,1
18,Healthcare ML,66,1
18,Healthcare ML,67,1
18,Healthcare ML,68,1
18,Healthcare ML,69,1
18,Healthcare ML,70,1
18,Healthcare ML,71,1
18,Healthcare ML,72,1
18,Healthcare ML,73,1
18,Healthcare ML,74,1
18,Healthcare ML,75,1
18,Healthcare ML,76,1
18,Healthcare ML,77,1
18,Healthcare ML,78,1
18,Healthcare ML,79,1
18,Healthcare ML,80,1
18,Lawyers,1,1.60E-04
18,Lawyers,2,7.55E-04
18,Lawyers,3,3.20E-03
18,Lawyers,4,9.07E-03
18,Lawyers,5,2.16E-02
18,Lawyers,6,4.01E-02
18,Lawyers,7,0.06852265
18,Lawyers,8,8.03E-02
18,Lawyers,9,0.125956145
18,Lawyers,10,0.165443446
18,Lawyers,11,0.208808611
18,Lawyers,12,0.25498429
18,Lawyers,13,0.302903679
18,Lawyers,14,0.351574063
18,Lawyers,15,0.40011615
18,Lawyers,16,0.447791322
18,Lawyers,17,0.494003043
18,Lawyers,18,0.538297244
18,Lawyers,19,0.58034744
18,Lawyers,20,0.619936209
18,Lawyers,21,0.656945003
18,Lawyers,22,0.691328488
18,Lawyers,23,0.723105164
18,Lawyers,24,0.752336293
18,Lawyers,25,0.779121117
18,Lawyers,26,0.803579573
18,Lawyers,27,0.825847012
18,Lawyers,28,0.84606929
18,Lawyers,29,0.864392735
18,Lawyers,30,0.880964196
18,Lawyers,31,0.895926502
18,Lawyers,32,0.909417637
18,Lawyers,33,0.921568118
18,Lawyers,34,0.932498167
18,Lawyers,35,0.942323497
18,Lawyers,36,0.95114799
18,Lawyers,37,0.959070231
18,Lawyers,38,0.966177977
18,Lawyers,39,0.972552024
18,Lawyers,40,0.978266171
18,Lawyers,41,0.980480012
18,Lawyers,42,0.982497147
18,Lawyers,43,0.984337322
18,Lawyers,44,0.986020198
18,Lawyers,45,0.98756048
18,Lawyers,46,0.988974785
18,Lawyers,47,0.990273986
18,Lawyers,48,0.991469703
18,Lawyers,49,0.992572681
18,Lawyers,50,0.993589751
18,Lawyers,51,0.994531616
18,Lawyers,52,0.995402192
18,Lawyers,53,0.996210139
18,Lawyers,54,0.996959374
18,Lawyers,55,0.997656642
18,Lawyers,56,0.9983049
18,Lawyers,57,0.998908937
18,Lawyers,58,0.999471669
18,Lawyers,59,0.999997882
18,Lawyers,60,0.999998263
18,Lawyers,61,1
18,Lawyers,62,1
18,Lawyers,63,1
18,Lawyers,64,1
18,Lawyers,65,1
18,Lawyers,66,1
18,Lawyers,67,1
18,Lawyers,68,1
18,Lawyers,69,1
18,Lawyers,70,1
18,Lawyers,71,1
18,Lawyers,72,1
18,Lawyers,73,1
18,Lawyers,74,1
18,Lawyers,75,1
18,Lawyers,76,1
18,Lawyers,77,1
18,Lawyers,78,1
18,Lawyers,79,1
18,Lawyers,80,1
18,Misc Med PE,1,0.008183
18,Misc Med PE,2,0.012823
18,Misc Med PE,3,0.041372
18,Misc Med PE,4,0.102067
18,Misc Med PE,5,0.171279
18,Misc Med PE,6,0.315474
18,Misc Med PE,7,0.434416
18,Misc Med PE,8,0.622966
18,Misc Med PE,9,0.664625
18,Misc Med PE,10,0.713706
18,Misc Med PE,11,0.762309
18,Misc Med PE,12,0.785662
18,Misc Med PE,13,0.832792
18,Misc Med PE,14,0.87293
18,Misc Med PE,15,0.906878
18,Misc Med PE,16,0.92707
18,Misc Med PE,17,0.942144
18,Misc Med PE,18,0.95333
18,Misc Med PE,19,0.961596
18,Misc Med PE,20,0.967685
18,Misc Med PE,21,0.972159
18,Misc Med PE,22,0.975532
18,Misc Med PE,23,0.978045
18,Misc Med PE,24,0.979916
18,Misc Med PE,25,0.981309
18,Misc Med PE,26,0.982345
18,Misc Med PE,27,0.983115
18,Misc Med PE,28,0.983688
18,Misc Med PE,29,0.984114
18,Misc Med PE,30,0.98443
18,Misc Med PE,31,0.984666
18,Misc Med PE,32,0.98484
18,Misc Med PE,33,0.98497
18,Misc Med PE,34,0.987639
18,Misc Med PE,35,0.989836
18,Misc Med PE,36,0.991645
18,Misc Med PE,37,0.993133
18,Misc Med PE,38,0.994357
18,Misc Med PE,39,0.995363
18,Misc Med PE,40,0.99619
18,Misc Med PE,41,0.99687
18,Misc Med PE,42,0.997429
18,Misc Med PE,43,0.997888
18,Misc Med PE,44,0.998265
18,Misc Med PE,45,0.998575
18,Misc Med PE,46,0.99883
18,Misc Med PE,47,0.999039
18,Misc Med PE,48,0.99921
18,Misc Med PE,49,0.999352
18,Misc Med PE,50,0.999467
18,Misc Med PE,51,0.999563
18,Misc Med PE,52,0.999641
18,Misc Med PE,53,0.999705
18,Misc Med PE,54,0.999758
18,Misc Med PE,55,0.999801
18,Misc Med PE,56,0.999837
18,Misc Med PE,57,0.999866
18,Misc Med PE,58,0.99989
18,Misc Med PE,59,0.999909
18,Misc Med PE,60,0.999926
18,Misc Med PE,61,1
18,Misc Med PE,62,1
18,Misc Med PE,63,1
18,Misc Med PE,64,1
18,Misc Med PE,65,1
18,Misc Med PE,66,1
18,Misc Med PE,67,1
18,Misc Med PE,68,1
18,Misc Med PE,69,1
18,Misc Med PE,70,1
18,Misc Med PE,71,1
18,Misc Med PE,72,1
18,Misc Med PE,73,1
18,Misc Med PE,74,1
18,Misc Med PE,75,1
18,Misc Med PE,76,1
18,Misc Med PE,77,1
18,Misc Med PE,78,1
18,Misc Med PE,79,1
18,Misc Med PE,80,1
18,BPS,1,0.002414
18,BPS,2,0.006782
18,BPS,3,0.016087
18,BPS,4,0.032824
18,BPS,5,0.058723
18,BPS,6,0.118299
18,BPS,7,0.229563
18,BPS,8,0.353012
18,BPS,9,0.484046
18,BPS,10,0.564928
18,BPS,11,0.655791
18,BPS,12,0.765014
18,BPS,13,0.801849
18,BPS,14,0.858369
18,BPS,15,0.879772
18,BPS,16,0.903118
18,BPS,17,0.920519
18,BPS,18,0.934643
18,BPS,19,0.949981
18,BPS,20,0.961803
18,BPS,21,0.97088
18,BPS,22,0.977828
18,BPS,23,0.983134
18,BPS,24,0.987181
18,BPS,25,0.990261
18,BPS,26,0.992605
18,BPS,27,0.994386
18,BPS,28,0.99574
18,BPS,29,0.996767
18,BPS,30,0.997548
18,BPS,31,0.99814
18,BPS,32,0.998589
18,BPS,33,0.99893
18,BPS,34,0.999188
18,BPS,35,0.999384
18,BPS,36,0.999533
18,BPS,37,0.999646
18,BPS,38,0.999731
18,BPS,39,0.999796
18,BPS,40,0.999846
18,BPS,41,0.999883
18,BPS,42,0.999911
18,BPS,43,0.999933
18,BPS,44,0.999949
18,BPS,45,0.999961
18,BPS,46,0.999971
18,BPS,47,0.999978
18,BPS,48,0.999983
18,BPS,49,0.999987
18,BPS,50,0.99999
18,BPS,51,0.999993
18,BPS,52,0.999994
18,BPS,53,0.999996
18,BPS,54,0.999997
18,BPS,55,0.999998
18,BPS,56,0.999998
18,BPS,57,0.999999
18,BPS,58,0.999999
18,BPS,59,0.999999
18,BPS,60,0.999999
18,BPS,61,1
18,BPS,62,1
18,BPS,63,1
18,BPS,64,1
18,BPS,65,1
18,BPS,66,1
18,BPS,67,1
18,BPS,68,1
18,BPS,69,1
18,BPS,70,1
18,BPS,71,1
18,BPS,72,1
18,BPS,73,1
18,BPS,74,1
18,BPS,75,1
18,BPS,76,1
18,BPS,77,1
18,BPS,78,1
18,BPS,79,1
18,BPS,80,1
18,Surety,1,0.001273
18,Surety,2,0.008331
18,Surety,3,0.027866
18,Surety,4,0.065465
18,Surety,5,0.122904
18,Surety,6,0.178428
18,Surety,7,0.257364
18,Surety,8,0.358619
18,Surety,9,0.505362
18,Surety,10,0.601846
18,Surety,11,0.664143
18,Surety,12,0.717879
18,Surety,13,0.764182
18,Surety,14,0.804148
18,Surety,15,0.838743
18,Surety,16,0.868795
18,Surety,17,0.895015
18,Surety,18,0.917033
18,Surety,19,0.934658
18,Surety,20,0.948687
18,Surety,21,0.959806
18,Surety,22,0.968579
18,Surety,23,0.975485
18,Surety,24,0.980908
18,Surety,25,0.985156
18,Surety,26,0.988476
18,Surety,27,0.991065
18,Surety,28,0.993077
18,Surety,29,0.994646
18,Surety,30,0.99586
18,Surety,31,0.996806
18,Surety,32,0.997543
18,Surety,33,0.998112
18,Surety,34,0.998551
18,Surety,35,0.998891
18,Surety,36,0.99915
18,Surety,37,0.99935
18,Surety,38,0.99951
18,Surety,39,0.99963
18,Surety,40,0.99972
18,Surety,41,0.99979
18,Surety,42,0.99984
18,Surety,43,0.99988
18,Surety,44,0.99991
18,Surety,45,0.99993
18,Surety,46,0.99995
18,Surety,47,0.99996
18,Surety,48,0.99997
18,Surety,49,0.99998
18,Surety,50,0.99999
18,Surety,51,1
18,Surety,52,1
18,Surety,53,1
18,Surety,54,1
18,Surety,55,1
18,Surety,56,1
18,Surety,57,1
18,Surety,58,1
18,Surety,59,1
18,Surety,60,1
18,Surety,61,1
18,Surety,62,1
18,Surety,63,1
18,Surety,64,1
18,Surety,65,1
18,Surety,66,1
18,Surety,67,1
18,Surety,68,1
18,Surety,69,1
18,Surety,70,1
18,Surety,71,1
18,Surety,72,1
18,Surety,73,1
18,Surety,74,1
18,Surety,75,1
18,Surety,76,1
18,Surety,77,1
18,Surety,78,1
18,Surety,79,1
18,Surety,80,1
18,Digital US Tech,1,0.000033
18,Digital US Tech,2,0.000466
18,Digital US Tech,3,0.003386
18,Digital US Tech,4,0.014444
18,Digital US Tech,5,0.040969
18,Digital US Tech,6,0.085932
18,Digital US Tech,7,0.145126
18,Digital US Tech,8,0.201557
18,Digital US Tech,9,0.263509
18,Digital US Tech,10,0.328394
18,Digital US Tech,11,0.393838
18,Digital US Tech,12,0.457866
18,Digital US Tech,13,0.518977
18,Digital US Tech,14,0.576131
18,Digital US Tech,15,0.628703
18,Digital US Tech,16,0.676399
18,Digital US Tech,17,0.719182
18,Digital US Tech,18,0.757198
18,Digital US Tech,19,0.790716
18,Digital US Tech,20,0.820075
18,Digital US Tech,21,0.845652
18,Digital US Tech,22,0.867835
18,Digital US Tech,23,0.887002
18,Digital US Tech,24,0.903512
18,Digital US Tech,25,0.917696
18,Digital US Tech,26,0.929855
18,Digital US Tech,27,0.94026
18,Digital US Tech,28,0.94915
18,Digital US Tech,29,0.956738
18,Digital US Tech,30,0.963207
18,Digital US Tech,31,0.968718
18,Digital US Tech,32,0.973409
18,Digital US Tech,33,0.977401
18,Digital US Tech,34,0.980796
18,Digital US Tech,35,0.983682
18,Digital US Tech,36,0.986135
18,Digital US Tech,37,0.98822
18,Digital US Tech,38,0.989991
18,Digital US Tech,39,0.991496
18,Digital US Tech,40,0.992774
18,Digital US Tech,41,0.99386
18,Digital US Tech,42,0.994782
18,Digital US Tech,43,0.995566
18,Digital US Tech,44,0.996231
18,Digital US Tech,45,0.996797
18,Digital US Tech,46,0.997277
18,Digital US Tech,47,0.997685
18,Digital US Tech,48,0.998032
18,Digital US Tech,49,0.998327
18,Digital US Tech,50,0.998577
18,Digital US Tech,51,0.99879
18,Digital US Tech,52,0.998971
18,Digital US Tech,53,0.999125
18,Digital US Tech,54,0.999255
18,Digital US Tech,55,0.999367
18,Digital US Tech,56,0.999461
18,Digital US Tech,57,0.999541
18,Digital US Tech,58,0.99961
18,Digital US Tech,59,0.999668
18,Digital US Tech,60,0.999717
18,Digital US Tech,61,1
18,Digital US Tech,62,1
18,Digital US Tech,63,1
18,Digital US Tech,64,1
18,Digital US Tech,65,1
18,Digital US Tech,66,1
18,Digital US Tech,67,1
18,Digital US Tech,68,1
18,Digital US Tech,69,1
18,Digital US Tech,70,1
18,Digital US Tech,71,1
18,Digital US Tech,72,1
18,Digital US Tech,73,1
18,Digital US Tech,74,1
18,Digital US Tech,75,1
18,Digital US Tech,76,1
18,Digital US Tech,77,1
18,Digital US Tech,78,1
18,Digital US Tech,79,1
18,Digital US Tech,80,1
18,US Programmes,1,0.008183
18,US Programmes,2,0.012823
18,US Programmes,3,0.041372
18,US Programmes,4,0.102067
18,US Programmes,5,0.171279
18,US Programmes,6,0.315474
18,US Programmes,7,0.434416
18,US Programmes,8,0.622966
18,US Programmes,9,0.664625
18,US Programmes,10,0.713706
18,US Programmes,11,0.762309
18,US Programmes,12,0.785662
18,US Programmes,13,0.832792
18,US Programmes,14,0.87293
18,US Programmes,15,0.906878
18,US Programmes,16,0.92707
18,US Programmes,17,0.942144
18,US Programmes,18,0.95333
18,US Programmes,19,0.961596
18,US Programmes,20,0.967685
18,US Programmes,21,0.972159
18,US Programmes,22,0.975532
18,US Programmes,23,0.978045
18,US Programmes,24,0.979916
18,US Programmes,25,0.981309
18,US Programmes,26,0.982345
18,US Programmes,27,0.983115
18,US Programmes,28,0.983688
18,US Programmes,29,0.984114
18,US Programmes,30,0.98443
18,US Programmes,31,0.984666
18,US Programmes,32,0.98484
18,US Programmes,33,0.98497
18,US Programmes,34,0.987639
18,US Programmes,35,0.989836
18,US Programmes,36,0.991645
18,US Programmes,37,0.993133
18,US Programmes,38,0.994357
18,US Programmes,39,0.995363
18,US Programmes,40,0.99619
18,US Programmes,41,0.99687
18,US Programmes,42,0.997429
18,US Programmes,43,0.997888
18,US Programmes,44,0.998265
18,US Programmes,45,0.998575
18,US Programmes,46,0.99883
18,US Programmes,47,0.999039
18,US Programmes,48,0.99921
18,US Programmes,49,0.999352
18,US Programmes,50,0.999467
18,US Programmes,51,0.999563
18,US Programmes,52,0.999641
18,US Programmes,53,0.999705
18,US Programmes,54,0.999758
18,US Programmes,55,0.999801
18,US Programmes,56,0.999837
18,US Programmes,57,0.999866
18,US Programmes,58,0.99989
18,US Programmes,59,0.999909
18,US Programmes,60,0.999926
18,US Programmes,61,1
18,US Programmes,62,1
18,US Programmes,63,1
18,US Programmes,64,1
18,US Programmes,65,1
18,US Programmes,66,1
18,US Programmes,67,1
18,US Programmes,68,1
18,US Programmes,69,1
18,US Programmes,70,1
18,US Programmes,71,1
18,US Programmes,72,1
18,US Programmes,73,1
18,US Programmes,74,1
18,US Programmes,75,1
18,US Programmes,76,1
18,US Programmes,77,1
18,US Programmes,78,1
18,US Programmes,79,1
18,US Programmes,80,1
18,Media,1,4.37E-02
18,Media,2,4.37E-02
18,Media,3,6.93E-02
18,Media,4,9.84E-02
18,Media,5,0.219502438
18,Media,6,0.311314255
18,Media,7,0.430956721
18,Media,8,0.52490081
18,Media,9,0.584622796
18,Media,10,0.639299861
18,Media,11,0.689402151
18,Media,12,0.734813442
18,Media,13,0.775626365
18,Media,14,0.81206638
18,Media,15,0.8444376
18,Media,16,0.873079965
18,Media,17,0.89834827
18,Media,18,0.920587699
18,Media,19,0.940129454
18,Media,20,0.957279393
18,Media,21,0.972318032
18,Media,22,0.985498798
18,Media,23,0.988743523
18,Media,24,0.991269043
18,Media,25,0.993232656
18,Media,26,0.994759328
18,Media,27,0.995944313
18,Media,28,0.996865384
18,Media,29,0.997579346
18,Media,30,0.998134261
18,Media,31,0.998565085
18,Media,32,0.998898908
18,Media,33,0.999158451
18,Media,34,0.999359444
18,Media,35,0.999514995
18,Media,36,0.999636465
18,Media,37,0.99972997
18,Media,38,0.999802503
18,Media,39,0.999859305
18,Media,40,0.999902999
18,Media,41,0.99993708
18,Media,42,0.999963297
18,Media,43,0.999983396
18,Media,44,1
18,Media,45,1
18,Media,46,1
18,Media,47,1
18,Media,48,1
18,Media,49,1
18,Media,50,1
18,Media,51,1
18,Media,52,1
18,Media,53,1
18,Media,54,1
18,Media,55,1
18,Media,56,1
18,Media,57,1
18,Media,58,1
18,Media,59,1
18,Media,60,1
18,Media,61,1
18,Media,62,1
18,Media,63,1
18,Media,64,1
18,Media,65,1
18,Media,66,1
18,Media,67,1
18,Media,68,1
18,Media,69,1
18,Media,70,1
18,Media,71,1
18,Media,72,1
18,Media,73,1
18,Media,74,1
18,Media,75,1
18,Media,76,1
18,Media,77,1
18,Media,78,1
18,Media,79,1
18,Media,80,1
18,Recall US,1,0.00381
18,Recall US,2,0.01042
18,Recall US,3,0.026339
18,Recall US,4,0.050506
18,Recall US,5,0.079969
18,Recall US,6,0.111778
18,Recall US,7,0.143407
18,Recall US,8,0.174033
18,Recall US,9,0.203259
18,Recall US,10,0.23069
18,Recall US,11,0.25617
18,Recall US,12,0.280509
18,Recall US,13,0.304757
18,Recall US,14,0.329964
18,Recall US,15,0.35678
18,Recall US,16,0.384251
18,Recall US,17,0.411025
18,Recall US,18,0.435745
18,Recall US,19,0.457457
18,Recall US,20,0.476789
18,Recall US,21,0.494772
18,Recall US,22,0.512431
18,Recall US,23,0.530495
18,Recall US,24,0.548483
18,Recall US,25,0.565613
18,Recall US,26,0.581105
18,Recall US,27,0.594454
18,Recall US,28,0.606265
18,Recall US,29,0.617421
18,Recall US,30,0.628805
18,Recall US,31,0.641265
18,Recall US,32,0.655519
18,Recall US,33,0.672253
18,Recall US,34,0.69215
18,Recall US,35,0.715615
18,Recall US,36,0.741922
18,Recall US,37,0.770066
18,Recall US,38,0.799041
18,Recall US,39,0.827798
18,Recall US,40,0.855117
18,Recall US,41,0.879737
18,Recall US,42,0.900394
18,Recall US,43,0.916213
18,Recall US,44,0.927852
18,Recall US,45,0.936358
18,Recall US,46,0.942775
18,Recall US,47,0.948026
18,Recall US,48,0.952549
18,Recall US,49,0.956657
18,Recall US,50,0.960667
18,Recall US,51,0.964792
18,Recall US,52,0.968842
18,Recall US,53,0.972525
18,Recall US,54,0.975551
18,Recall US,55,0.977721
18,Recall US,56,0.97921
18,Recall US,57,0.98029
18,Recall US,58,0.981228
18,Recall US,59,0.982239
18,Recall US,60,0.983315
18,Recall US,61,1
18,Recall US,62,1
18,Recall US,63,1
18,Recall US,64,1
18,Recall US,65,1
18,Recall US,66,1
18,Recall US,67,1
18,Recall US,68,1
18,Recall US,69,1
18,Recall US,70,1
18,Recall US,71,1
18,Recall US,72,1
18,Recall US,73,1
18,Recall US,74,1
18,Recall US,75,1
18,Recall US,76,1
18,Recall US,77,1
18,Recall US,78,1
18,Recall US,79,1
18,Recall US,80,1
18,DIN US Lawyers,1,0.001385
18,DIN US Lawyers,2,0.006901
18,DIN US Lawyers,3,0.03535
18,DIN US Lawyers,4,0.066191
18,DIN US Lawyers,5,0.127049
18,DIN US Lawyers,6,0.161724
18,DIN US Lawyers,7,0.259189
18,DIN US Lawyers,8,0.308953
18,DIN US Lawyers,9,0.378773
18,DIN US Lawyers,10,0.448797
18,DIN US Lawyers,11,0.516669
18,DIN US Lawyers,12,0.580586
18,DIN US Lawyers,13,0.639341
18,DIN US Lawyers,14,0.692272
18,DIN US Lawyers,15,0.739159
18,DIN US Lawyers,16,0.780109
18,DIN US Lawyers,17,0.815463
18,DIN US Lawyers,18,0.845701
18,DIN US Lawyers,19,0.871351
18,DIN US Lawyers,20,0.892969
18,DIN US Lawyers,21,0.911096
18,DIN US Lawyers,22,0.926221
18,DIN US Lawyers,23,0.938799
18,DIN US Lawyers,24,0.949229
18,DIN US Lawyers,25,0.957857
18,DIN US Lawyers,26,0.964984
18,DIN US Lawyers,27,0.970851
18,DIN US Lawyers,28,0.975686
18,DIN US Lawyers,29,0.979657
18,DIN US Lawyers,30,0.982919
18,DIN US Lawyers,31,0.985592
18,DIN US Lawyers,32,0.98779
18,DIN US Lawyers,33,0.989588
18,DIN US Lawyers,34,0.991063
18,DIN US Lawyers,35,0.992272
18,DIN US Lawyers,36,0.993264
18,DIN US Lawyers,37,0.994078
18,DIN US Lawyers,38,0.994744
18,DIN US Lawyers,39,0.995222
18,DIN US Lawyers,40,0.99565
18,DIN US Lawyers,41,0.996028
18,DIN US Lawyers,42,0.996367
18,DIN US Lawyers,43,0.996676
18,DIN US Lawyers,44,0.996955
18,DIN US Lawyers,45,0.997204
18,DIN US Lawyers,46,0.997423
18,DIN US Lawyers,47,0.997623
18,DIN US Lawyers,48,0.997803
18,DIN US Lawyers,49,0.997972
18,DIN US Lawyers,50,0.998122
18,DIN US Lawyers,51,0.998262
18,DIN US Lawyers,52,0.998391
18,DIN US Lawyers,53,0.998511
18,DIN US Lawyers,54,0.998621
18,DIN US Lawyers,55,0.998721
18,DIN US Lawyers,56,0.998811
18,DIN US Lawyers,57,0.998891
18,DIN US Lawyers,58,0.998971
18,DIN US Lawyers,59,0.99904
18,DIN US Lawyers,60,0.9991
18,DIN US Lawyers,61,1
18,DIN US Lawyers,62,1
18,DIN US Lawyers,63,1
18,DIN US Lawyers,64,1
18,DIN US Lawyers,65,1
18,DIN US Lawyers,66,1
18,DIN US Lawyers,67,1
18,DIN US Lawyers,68,1
18,DIN US Lawyers,69,1
18,DIN US Lawyers,70,1
18,DIN US Lawyers,71,1
18,DIN US Lawyers,72,1
18,DIN US Lawyers,73,1
18,DIN US Lawyers,74,1
18,DIN US Lawyers,75,1
18,DIN US Lawyers,76,1
18,DIN US Lawyers,77,1
18,DIN US Lawyers,78,1
18,DIN US Lawyers,79,1
18,DIN US Lawyers,80,1
18,Financial Institutions,1,0.000226
18,Financial Institutions,2,0.000992
18,Financial Institutions,3,0.002724
18,Financial Institutions,4,0.009182
18,Financial Institutions,5,0.02356
18,Financial Institutions,6,0.044266
18,Financial Institutions,7,0.071061
18,Financial Institutions,8,0.117647
18,Financial Institutions,9,0.167611
18,Financial Institutions,10,0.214812
18,Financial Institutions,11,0.265038
18,Financial Institutions,12,0.316922
18,Financial Institutions,13,0.369223
18,Financial Institutions,14,0.420877
18,Financial Institutions,15,0.471029
18,Financial Institutions,16,0.519027
18,Financial Institutions,17,0.564411
18,Financial Institutions,18,0.606883
18,Financial Institutions,19,0.646288
18,Financial Institutions,20,0.682577
18,Financial Institutions,21,0.715784
18,Financial Institutions,22,0.746011
18,Financial Institutions,23,0.773398
18,Financial Institutions,24,0.798115
18,Financial Institutions,25,0.820351
18,Financial Institutions,26,0.840302
18,Financial Institutions,27,0.858158
18,Financial Institutions,28,0.874103
18,Financial Institutions,29,0.888316
18,Financial Institutions,30,0.900974
18,Financial Institutions,31,0.912227
18,Financial Institutions,32,0.922225
18,Financial Institutions,33,0.931097
18,Financial Institutions,34,0.938965
18,Financial Institutions,35,0.945941
18,Financial Institutions,36,0.952128
18,Financial Institutions,37,0.957603
18,Financial Institutions,38,0.962448
18,Financial Institutions,39,0.966741
18,Financial Institutions,40,0.97054
18,Financial Institutions,41,0.973898
18,Financial Institutions,42,0.976878
18,Financial Institutions,43,0.979516
18,Financial Institutions,44,0.981847
18,Financial Institutions,45,0.983909
18,Financial Institutions,46,0.985739
18,Financial Institutions,47,0.987355
18,Financial Institutions,48,0.988787
18,Financial Institutions,49,0.990053
18,Financial Institutions,50,0.991172
18,Financial Institutions,51,0.992163
18,Financial Institutions,52,0.993046
18,Financial Institutions,53,0.99383
18,Financial Institutions,54,0.994526
18,Financial Institutions,55,0.995143
18,Financial Institutions,56,0.99569
18,Financial Institutions,57,0.996168
18,Financial Institutions,58,0.996596
18,Financial Institutions,59,0.996975
18,Financial Institutions,60,0.997314
18,Financial Institutions,61,1
18,Financial Institutions,62,1
18,Financial Institutions,63,1
18,Financial Institutions,64,1
18,Financial Institutions,65,1
18,Financial Institutions,66,1
18,Financial Institutions,67,1
18,Financial Institutions,68,1
18,Financial Institutions,69,1
18,Financial Institutions,70,1
18,Financial Institutions,71,1
18,Financial Institutions,72,1
18,Financial Institutions,73,1
18,Financial Institutions,74,1
18,Financial Institutions,75,1
18,Financial Institutions,76,1
18,Financial Institutions,77,1
18,Financial Institutions,78,1
18,Financial Institutions,79,1
18,Financial Institutions,80,1
18,Hospitals,1,0.000406
18,Hospitals,2,0.001389
18,Hospitals,3,0.002579
18,Hospitals,4,0.005681
18,Hospitals,5,0.011915
18,Hospitals,6,0.026464
18,Hospitals,7,0.077743
18,Hospitals,8,0.102225
18,Hospitals,9,0.140728
18,Hospitals,10,0.185562
18,Hospitals,11,0.235796
18,Hospitals,12,0.290036
18,Hospitals,13,0.346728
18,Hospitals,14,0.404316
18,Hospitals,15,0.461377
18,Hospitals,16,0.516707
18,Hospitals,17,0.56936
18,Hospitals,18,0.618659
18,Hospitals,19,0.664178
18,Hospitals,20,0.705702
18,Hospitals,21,0.743192
18,Hospitals,22,0.77674
18,Hospitals,23,0.806534
18,Hospitals,24,0.832821
18,Hospitals,25,0.855887
18,Hospitals,26,0.876029
18,Hospitals,27,0.893547
18,Hospitals,28,0.90873
18,Hospitals,29,0.92185
18,Hospitals,30,0.93316
18,Hospitals,31,0.942888
18,Hospitals,32,0.951241
18,Hospitals,33,0.958401
18,Hospitals,34,0.964531
18,Hospitals,35,0.969773
18,Hospitals,36,0.974252
18,Hospitals,37,0.978075
18,Hospitals,38,0.981336
18,Hospitals,39,0.984117
18,Hospitals,40,0.986486
18,Hospitals,41,0.988504
18,Hospitals,42,0.990223
18,Hospitals,43,0.991685
18,Hospitals,44,0.99293
18,Hospitals,45,0.993989
18,Hospitals,46,0.99489
18,Hospitals,47,0.995656
18,Hospitals,48,0.996308
18,Hospitals,49,0.996862
18,Hospitals,50,0.997333
18,Hospitals,51,0.997733
18,Hospitals,52,0.998073
18,Hospitals,53,0.998363
18,Hospitals,54,0.998609
18,Hospitals,55,0.998818
18,Hospitals,56,0.998995
18,Hospitals,57,0.999146
18,Hospitals,58,0.999274
18,Hospitals,59,0.999383
18,Hospitals,60,0.999476
18,Hospitals,61,1
18,Hospitals,62,1
18,Hospitals,63,1
18,Hospitals,64,1
18,Hospitals,65,1
18,Hospitals,66,1
18,Hospitals,67,1
18,Hospitals,68,1
18,Hospitals,69,1
18,Hospitals,70,1
18,Hospitals,71,1
18,Hospitals,72,1
18,Hospitals,73,1
18,Hospitals,74,1
18,Hospitals,75,1
18,Hospitals,76,1
18,Hospitals,77,1
18,Hospitals,78,1
18,Hospitals,79,1
18,Hospitals,80,1
18,Large Risk International Healthcare,1,0.000406
18,Large Risk International Healthcare,2,0.001389
18,Large Risk International Healthcare,3,0.002579
18,Large Risk International Healthcare,4,0.005681
18,Large Risk International Healthcare,5,0.011915
18,Large Risk International Healthcare,6,0.026464
18,Large Risk International Healthcare,7,0.077743
18,Large Risk International Healthcare,8,0.102225
18,Large Risk International Healthcare,9,0.140728
18,Large Risk International Healthcare,10,0.185562
18,Large Risk International Healthcare,11,0.235796
18,Large Risk International Healthcare,12,0.290036
18,Large Risk International Healthcare,13,0.346728
18,Large Risk International Healthcare,14,0.404316
18,Large Risk International Healthcare,15,0.461377
18,Large Risk International Healthcare,16,0.516707
18,Large Risk International Healthcare,17,0.56936
18,Large Risk International Healthcare,18,0.618659
18,Large Risk International Healthcare,19,0.664178
18,Large Risk International Healthcare,20,0.705702
18,Large Risk International Healthcare,21,0.743192
18,Large Risk International Healthcare,22,0.77674
18,Large Risk International Healthcare,23,0.806534
18,Large Risk International Healthcare,24,0.832821
18,Large Risk International Healthcare,25,0.855887
18,Large Risk International Healthcare,26,0.876029
18,Large Risk International Healthcare,27,0.893547
18,Large Risk International Healthcare,28,0.90873
18,Large Risk International Healthcare,29,0.92185
18,Large Risk International Healthcare,30,0.93316
18,Large Risk International Healthcare,31,0.942888
18,Large Risk International Healthcare,32,0.951241
18,Large Risk International Healthcare,33,0.958401
18,Large Risk International Healthcare,34,0.964531
18,Large Risk International Healthcare,35,0.969773
18,Large Risk International Healthcare,36,0.974252
18,Large Risk International Healthcare,37,0.978075
18,Large Risk International Healthcare,38,0.981336
18,Large Risk International Healthcare,39,0.984117
18,Large Risk International Healthcare,40,0.986486
18,Large Risk International Healthcare,41,0.988504
18,Large Risk International Healthcare,42,0.990223
18,Large Risk International Healthcare,43,0.991685
18,Large Risk International Healthcare,44,0.99293
18,Large Risk International Healthcare,45,0.993989
18,Large Risk International Healthcare,46,0.99489
18,Large Risk International Healthcare,47,0.995656
18,Large Risk International Healthcare,48,0.996308
18,Large Risk International Healthcare,49,0.996862
18,Large Risk International Healthcare,50,0.997333
18,Large Risk International Healthcare,51,0.997733
18,Large Risk International Healthcare,52,0.998073
18,Large Risk International Healthcare,53,0.998363
18,Large Risk International Healthcare,54,0.998609
18,Large Risk International Healthcare,55,0.998818
18,Large Risk International Healthcare,56,0.998995
18,Large Risk International Healthcare,57,0.999146
18,Large Risk International Healthcare,58,0.999274
18,Large Risk International Healthcare,59,0.999383
18,Large Risk International Healthcare,60,0.999476
18,Large Risk International Healthcare,61,1
18,Large Risk International Healthcare,62,1
18,Large Risk International Healthcare,63,1
18,Large Risk International Healthcare,64,1
18,Large Risk International Healthcare,65,1
18,Large Risk International Healthcare,66,1
18,Large Risk International Healthcare,67,1
18,Large Risk International Healthcare,68,1
18,Large Risk International Healthcare,69,1
18,Large Risk International Healthcare,70,1
18,Large Risk International Healthcare,71,1
18,Large Risk International Healthcare,72,1
18,Large Risk International Healthcare,73,1
18,Large Risk International Healthcare,74,1
18,Large Risk International Healthcare,75,1
18,Large Risk International Healthcare,76,1
18,Large Risk International Healthcare,77,1
18,Large Risk International Healthcare,78,1
18,Large Risk International Healthcare,79,1
18,Large Risk International Healthcare,80,1
18,PE Delegated Authority,1,0
18,PE Delegated Authority,2,5.15E-03
18,PE Delegated Authority,3,4.29E-02
18,PE Delegated Authority,4,0.136613304
18,PE Delegated Authority,5,0.204624676
18,PE Delegated Authority,6,0.266797574
18,PE Delegated Authority,7,0.332073744
18,PE Delegated Authority,8,0.377840735
18,PE Delegated Authority,9,0.423607726
18,PE Delegated Authority,10,0.451876308
18,PE Delegated Authority,11,0.480846285
18,PE Delegated Authority,12,0.513733872
18,PE Delegated Authority,13,0.554588737
18,PE Delegated Authority,14,0.568080702
18,PE Delegated Authority,15,0.593660498
18,PE Delegated Authority,16,0.622514071
18,PE Delegated Authority,17,0.651367643
18,PE Delegated Authority,18,0.681
18,PE Delegated Authority,19,0.705994484
18,PE Delegated Authority,20,0.7298573
18,PE Delegated Authority,21,0.754526685
18,PE Delegated Authority,22,0.780029903
18,PE Delegated Authority,23,0.806395138
18,PE Delegated Authority,24,0.818
18,PE Delegated Authority,25,0.825550888
18,PE Delegated Authority,26,0.826248511
18,PE Delegated Authority,27,0.843580523
18,PE Delegated Authority,28,0.844343939
18,PE Delegated Authority,29,0.852349502
18,PE Delegated Authority,30,0.872358525
18,PE Delegated Authority,31,0.894039645
18,PE Delegated Authority,32,0.896518377
18,PE Delegated Authority,33,0.893418943
18,PE Delegated Authority,34,0.904339491
18,PE Delegated Authority,35,0.904190713
18,PE Delegated Authority,36,0.904551113
18,PE Delegated Authority,37,0.903555139
18,PE Delegated Authority,38,0.911989862
18,PE Delegated Authority,39,0.916123208
18,PE Delegated Authority,40,0.916123236
18,PE Delegated Authority,41,0.941621136
18,PE Delegated Authority,42,0.945327694
18,PE Delegated Authority,43,0.964365276
18,PE Delegated Authority,44,0.963414165
18,PE Delegated Authority,45,0.982797439
18,PE Delegated Authority,46,0.991361409
18,PE Delegated Authority,47,1.000000004
18,PE Delegated Authority,48,1.000000004
18,PE Delegated Authority,49,1
18,PE Delegated Authority,50,1
18,PE Delegated Authority,51,1
18,PE Delegated Authority,52,1
18,PE Delegated Authority,53,1
18,PE Delegated Authority,54,1
18,PE Delegated Authority,55,1
18,PE Delegated Authority,56,1
18,PE Delegated Authority,57,1
18,PE Delegated Authority,58,1
18,PE Delegated Authority,59,1
18,PE Delegated Authority,60,1
18,PE Delegated Authority,61,1
18,PE Delegated Authority,62,1
18,PE Delegated Authority,63,1
18,PE Delegated Authority,64,1
18,PE Delegated Authority,65,1
18,PE Delegated Authority,66,1
18,PE Delegated Authority,67,1
18,PE Delegated Authority,68,1
18,PE Delegated Authority,69,1
18,PE Delegated Authority,70,1
18,PE Delegated Authority,71,1
18,PE Delegated Authority,72,1
18,PE Delegated Authority,73,1
18,PE Delegated Authority,74,1
18,PE Delegated Authority,75,1
18,PE Delegated Authority,76,1
18,PE Delegated Authority,77,1
18,PE Delegated Authority,78,1
18,PE Delegated Authority,79,1
18,PE Delegated Authority,80,1
18,International ML,1,0.000087
18,International ML,2,0.000932
18,International ML,3,0.003505
18,International ML,4,0.009685
18,International ML,5,0.015675
18,International ML,6,0.032708
18,International ML,7,0.056961
18,International ML,8,0.089849
18,International ML,9,0.136229
18,International ML,10,0.181552
18,International ML,11,0.216477
18,International ML,12,0.264206
18,International ML,13,0.301692
18,International ML,14,0.341334
18,International ML,15,0.396565
18,International ML,16,0.428743
18,International ML,17,0.454193
18,International ML,18,0.486863
18,International ML,19,0.508105
18,International ML,20,0.539546
18,International ML,21,0.582926
18,International ML,22,0.616526
18,International ML,23,0.647025
18,International ML,24,0.689023
18,International ML,25,0.724343
18,International ML,26,0.768477
18,International ML,27,0.793045
18,International ML,28,0.815274
18,International ML,29,0.83533
18,International ML,30,0.853373
18,International ML,31,0.86957
18,International ML,32,0.884075
18,International ML,33,0.897044
18,International ML,34,0.908616
18,International ML,35,0.918938
18,International ML,36,0.928127
18,International ML,37,0.936304
18,International ML,38,0.94357
18,International ML,39,0.950024
18,International ML,40,0.955752
18,International ML,41,0.960827
18,International ML,42,0.965324
18,International ML,43,0.969311
18,International ML,44,0.972839
18,International ML,45,0.975972
18,International ML,46,0.978743
18,International ML,47,0.9812
18,International ML,48,0.983369
18,International ML,49,0.985286
18,International ML,50,0.986981
18,International ML,51,0.988481
18,International ML,52,0.989815
18,International ML,53,0.990993
18,International ML,54,0.992034
18,International ML,55,0.992956
18,International ML,56,0.993771
18,International ML,57,0.994486
18,International ML,58,0.995123
18,International ML,59,0.99569
18,International ML,60,0.996188
18,International ML,61,1
18,International ML,62,1
18,International ML,63,1
18,International ML,64,1
18,International ML,65,1
18,International ML,66,1
18,International ML,67,1
18,International ML,68,1
18,International ML,69,1
18,International ML,70,1
18,International ML,71,1
18,International ML,72,1
18,International ML,73,1
18,International ML,74,1
18,International ML,75,1
18,International ML,76,1
18,International ML,77,1
18,International ML,78,1
18,International ML,79,1
18,International ML,80,1
18,London - A&E,1,1.60E-04
18,London - A&E,2,7.55E-04
18,London - A&E,3,3.20E-03
18,London - A&E,4,9.07E-03
18,London - A&E,5,2.16E-02
18,London - A&E,6,4.01E-02
18,London - A&E,7,0.06852265
18,London - A&E,8,8.03E-02
18,London - A&E,9,0.125956145
18,London - A&E,10,0.165443446
18,London - A&E,11,0.208808611
18,London - A&E,12,0.25498429
18,London - A&E,13,0.302903679
18,London - A&E,14,0.351574063
18,London - A&E,15,0.40011615
18,London - A&E,16,0.447791322
18,London - A&E,17,0.494003043
18,London - A&E,18,0.538297244
18,London - A&E,19,0.58034744
18,London - A&E,20,0.619936209
18,London - A&E,21,0.656945003
18,London - A&E,22,0.691328488
18,London - A&E,23,0.723105164
18,London - A&E,24,0.752336293
18,London - A&E,25,0.779121117
18,London - A&E,26,0.803579573
18,London - A&E,27,0.825847012
18,London - A&E,28,0.84606929
18,London - A&E,29,0.864392735
18,London - A&E,30,0.880964196
18,London - A&E,31,0.895926502
18,London - A&E,32,0.909417637
18,London - A&E,33,0.921568118
18,London - A&E,34,0.932498167
18,London - A&E,35,0.942323497
18,London - A&E,36,0.95114799
18,London - A&E,37,0.959070231
18,London - A&E,38,0.966177977
18,London - A&E,39,0.972552024
18,London - A&E,40,0.978266171
18,London - A&E,41,0.980480012
18,London - A&E,42,0.982497147
18,London - A&E,43,0.984337322
18,London - A&E,44,0.986020198
18,London - A&E,45,0.98756048
18,London - A&E,46,0.988974785
18,London - A&E,47,0.990273986
18,London - A&E,48,0.991469703
18,London - A&E,49,0.992572681
18,London - A&E,50,0.993589751
18,London - A&E,51,0.994531616
18,London - A&E,52,0.995402192
18,London - A&E,53,0.996210139
18,London - A&E,54,0.996959374
18,London - A&E,55,0.997656642
18,London - A&E,56,0.9983049
18,London - A&E,57,0.998908937
18,London - A&E,58,0.999471669
18,London - A&E,59,0.999997882
18,London - A&E,60,0.999998263
18,London - A&E,61,1
18,London - A&E,62,1
18,London - A&E,63,1
18,London - A&E,64,1
18,London - A&E,65,1
18,London - A&E,66,1
18,London - A&E,67,1
18,London - A&E,68,1
18,London - A&E,69,1
18,London - A&E,70,1
18,London - A&E,71,1
18,London - A&E,72,1
18,London - A&E,73,1
18,London - A&E,74,1
18,London - A&E,75,1
18,London - A&E,76,1
18,London - A&E,77,1
18,London - A&E,78,1
18,London - A&E,79,1
18,London - A&E,80,1
18,eTrading,1,0.010194
18,eTrading,2,0.018354
18,eTrading,3,0.030995
18,eTrading,4,0.049359
18,eTrading,5,0.080778
18,eTrading,6,0.119738
18,eTrading,7,0.165008
18,eTrading,8,0.215076
18,eTrading,9,0.268358
18,eTrading,10,0.323361
18,eTrading,11,0.378766
18,eTrading,12,0.433477
18,eTrading,13,0.486633
18,eTrading,14,0.552583
18,eTrading,15,0.611643
18,eTrading,16,0.667191
18,eTrading,17,0.701182
18,eTrading,18,0.731479
18,eTrading,19,0.758481
18,eTrading,20,0.782562
18,eTrading,21,0.804063
18,eTrading,22,0.82329
18,eTrading,23,0.840513
18,eTrading,24,0.855972
18,eTrading,25,0.869875
18,eTrading,26,0.882405
18,eTrading,27,0.893722
18,eTrading,28,0.903965
18,eTrading,29,0.913256
18,eTrading,30,0.921701
18,eTrading,31,0.929392
18,eTrading,32,0.93641
18,eTrading,33,0.942828
18,eTrading,34,0.948708
18,eTrading,35,0.954104
18,eTrading,36,0.959065
18,eTrading,37,0.963635
18,eTrading,38,0.967851
18,eTrading,39,0.971746
18,eTrading,40,0.975352
18,eTrading,41,0.978694
18,eTrading,42,0.981796
18,eTrading,43,0.98468
18,eTrading,44,0.987364
18,eTrading,45,0.989866
18,eTrading,46,0.992202
18,eTrading,47,0.994384
18,eTrading,48,0.995169
18,eTrading,49,0.995845
18,eTrading,50,0.996427
18,eTrading,51,0.996928
18,eTrading,52,0.997359
18,eTrading,53,0.99773
18,eTrading,54,0.998049
18,eTrading,55,0.998324
18,eTrading,56,0.998561
18,eTrading,57,0.998764
18,eTrading,58,0.998939
18,eTrading,59,0.99909
18,eTrading,60,0.99922
18,eTrading,61,1
18,eTrading,62,1
18,eTrading,63,1
18,eTrading,64,1
18,eTrading,65,1
18,eTrading,66,1
18,eTrading,67,1
18,eTrading,68,1
18,eTrading,69,1
18,eTrading,70,1
18,eTrading,71,1
18,eTrading,72,1
18,eTrading,73,1
18,eTrading,74,1
18,eTrading,75,1
18,eTrading,76,1
18,eTrading,77,1
18,eTrading,78,1
18,eTrading,79,1
18,eTrading,80,1
18,Specialty (PT),1,0.010194
18,Specialty (PT),2,0.018354
18,Specialty (PT),3,0.030995
18,Specialty (PT),4,0.049359
18,Specialty (PT),5,0.080778
18,Specialty (PT),6,0.119738
18,Specialty (PT),7,0.165008
18,Specialty (PT),8,0.215076
18,Specialty (PT),9,0.268358
18,Specialty (PT),10,0.323361
18,Specialty (PT),11,0.378766
18,Specialty (PT),12,0.433477
18,Specialty (PT),13,0.486633
18,Specialty (PT),14,0.552583
18,Specialty (PT),15,0.611643
18,Specialty (PT),16,0.667191
18,Specialty (PT),17,0.701182
18,Specialty (PT),18,0.731479
18,Specialty (PT),19,0.758481
18,Specialty (PT),20,0.782562
18,Specialty (PT),21,0.804063
18,Specialty (PT),22,0.82329
18,Specialty (PT),23,0.840513
18,Specialty (PT),24,0.855972
18,Specialty (PT),25,0.869875
18,Specialty (PT),26,0.882405
18,Specialty (PT),27,0.893722
18,Specialty (PT),28,0.903965
18,Specialty (PT),29,0.913256
18,Specialty (PT),30,0.921701
18,Specialty (PT),31,0.929392
18,Specialty (PT),32,0.93641
18,Specialty (PT),33,0.942828
18,Specialty (PT),34,0.948708
18,Specialty (PT),35,0.954104
18,Specialty (PT),36,0.959065
18,Specialty (PT),37,0.963635
18,Specialty (PT),38,0.967851
18,Specialty (PT),39,0.971746
18,Specialty (PT),40,0.975352
18,Specialty (PT),41,0.978694
18,Specialty (PT),42,0.981796
18,Specialty (PT),43,0.98468
18,Specialty (PT),44,0.987364
18,Specialty (PT),45,0.989866
18,Specialty (PT),46,0.992202
18,Specialty (PT),47,0.994384
18,Specialty (PT),48,0.995169
18,Specialty (PT),49,0.995845
18,Specialty (PT),50,0.996427
18,Specialty (PT),51,0.996928
18,Specialty (PT),52,0.997359
18,Specialty (PT),53,0.99773
18,Specialty (PT),54,0.998049
18,Specialty (PT),55,0.998324
18,Specialty (PT),56,0.998561
18,Specialty (PT),57,0.998764
18,Specialty (PT),58,0.998939
18,Specialty (PT),59,0.99909
18,Specialty (PT),60,0.99922
18,Specialty (PT),61,1
18,Specialty (PT),62,1
18,Specialty (PT),63,1
18,Specialty (PT),64,1
18,Specialty (PT),65,1
18,Specialty (PT),66,1
18,Specialty (PT),67,1
18,Specialty (PT),68,1
18,Specialty (PT),69,1
18,Specialty (PT),70,1
18,Specialty (PT),71,1
18,Specialty (PT),72,1
18,Specialty (PT),73,1
18,Specialty (PT),74,1
18,Specialty (PT),75,1
18,Specialty (PT),76,1
18,Specialty (PT),77,1
18,Specialty (PT),78,1
18,Specialty (PT),79,1
18,Specialty (PT),80,1
18,US PE London,1,0
18,US PE London,2,2.33E-03
18,US PE London,3,1.47E-02
18,US PE London,4,3.31E-02
18,US PE London,5,5.16E-02
18,US PE London,6,7.53E-02
18,US PE London,7,0.145069147
18,US PE London,8,0.230164452
18,US PE London,9,0.322725655
18,US PE London,10,0.416367645
18,US PE London,11,0.506649443
18,US PE London,12,0.590838852
18,US PE London,13,0.667470401
18,US PE London,14,0.735840098
18,US PE London,15,0.795726628
18,US PE London,16,0.847226516
18,US PE London,17,0.890641114
18,US PE London,18,0.926398948
18,US PE London,19,0.955002305
18,US PE London,20,0.976990529
18,US PE London,21,0.99291493
18,US PE London,22,1
18,US PE London,23,1
18,US PE London,24,1
18,US PE London,25,1
18,US PE London,26,1
18,US PE London,27,1
18,US PE London,28,1
18,US PE London,29,1
18,US PE London,30,1
18,US PE London,31,1
18,US PE London,32,1
18,US PE London,33,1
18,US PE London,34,1
18,US PE London,35,1
18,US PE London,36,1
18,US PE London,37,1
18,US PE London,38,1
18,US PE London,39,1
18,US PE London,40,1
18,US PE London,41,1
18,US PE London,42,1
18,US PE London,43,1
18,US PE London,44,1
18,US PE London,45,1
18,US PE London,46,1
18,US PE London,47,1
18,US PE London,48,1
18,US PE London,49,1
18,US PE London,50,1
18,US PE London,51,1
18,US PE London,52,1
18,US PE London,53,1
18,US PE London,54,1
18,US PE London,55,1
18,US PE London,56,1
18,US PE London,57,1
18,US PE London,58,1
18,US PE London,59,1
18,US PE London,60,1
18,US PE London,61,1
18,US PE London,62,1
18,US PE London,63,1
18,US PE London,64,1
18,US PE London,65,1
18,US PE London,66,1
18,US PE London,67,1
18,US PE London,68,1
18,US PE London,69,1
18,US PE London,70,1
18,US PE London,71,1
18,US PE London,72,1
18,US PE London,73,1
18,US PE London,74,1
18,US PE London,75,1
18,US PE London,76,1
18,US PE London,77,1
18,US PE London,78,1
18,US PE London,79,1
18,US PE London,80,1
18,PE International Healthcare,1,4.24E-04
18,PE International Healthcare,2,1.81E-03
18,PE International Healthcare,3,9.35E-03
18,PE International Healthcare,4,2.62E-02
18,PE International Healthcare,5,5.04E-02
18,PE International Healthcare,6,8.29E-02
18,PE International Healthcare,7,0.135520797
18,PE International Healthcare,8,0.172630334
18,PE International Healthcare,9,0.212441043
18,PE International Healthcare,10,0.266053004
18,PE International Healthcare,11,0.30764284
18,PE International Healthcare,12,0.36175241
18,PE International Healthcare,13,0.397178616
18,PE International Healthcare,14,0.476485246
18,PE International Healthcare,15,0.531685158
18,PE International Healthcare,16,0.561799081
18,PE International Healthcare,17,0.603655772
18,PE International Healthcare,18,0.642966632
18,PE International Healthcare,19,0.679667949
18,PE International Healthcare,20,0.713777346
18,PE International Healthcare,21,0.745367854
18,PE International Healthcare,22,0.774546341
18,PE International Healthcare,23,0.801443548
18,PE International Healthcare,24,0.822411786
18,PE International Healthcare,25,0.8419798
18,PE International Healthcare,26,0.860202697
18,PE International Healthcare,27,0.8771414
18,PE International Healthcare,28,0.892857815
18,PE International Healthcare,29,0.901175267
18,PE International Healthcare,30,0.908710554
18,PE International Healthcare,31,0.915552212
18,PE International Healthcare,32,0.921779498
18,PE International Healthcare,33,0.927460504
18,PE International Healthcare,34,0.933285126
18,PE International Healthcare,35,0.938564954
18,PE International Healthcare,36,0.943364942
18,PE International Healthcare,37,0.947738098
18,PE International Healthcare,38,0.951734479
18,PE International Healthcare,39,0.955394035
18,PE International Healthcare,40,0.958753599
18,PE International Healthcare,41,0.961844449
18,PE International Healthcare,42,0.964694472
18,PE International Healthcare,43,0.967327557
18,PE International Healthcare,44,0.969765147
18,PE International Healthcare,45,0.97202646
18,PE International Healthcare,46,0.974127383
18,PE International Healthcare,47,0.976082248
18,PE International Healthcare,48,0.977905552
18,PE International Healthcare,49,0.979607181
18,PE International Healthcare,50,0.981198354
18,PE International Healthcare,51,0.982688681
18,PE International Healthcare,52,0.984085935
18,PE International Healthcare,53,0.985397284
18,PE International Healthcare,54,0.9866305
18,PE International Healthcare,55,0.987790917
18,PE International Healthcare,56,0.988884142
18,PE International Healthcare,57,0.989914341
18,PE International Healthcare,58,0.990887567
18,PE International Healthcare,59,0.991807708
18,PE International Healthcare,60,0.992676929
18,PE International Healthcare,61,1
18,PE International Healthcare,62,1
18,PE International Healthcare,63,1
18,PE International Healthcare,64,1
18,PE International Healthcare,65,1
18,PE International Healthcare,66,1
18,PE International Healthcare,67,1
18,PE International Healthcare,68,1
18,PE International Healthcare,69,1
18,PE International Healthcare,70,1
18,PE International Healthcare,71,1
18,PE International Healthcare,72,1
18,PE International Healthcare,73,1
18,PE International Healthcare,74,1
18,PE International Healthcare,75,1
18,PE International Healthcare,76,1
18,PE International Healthcare,77,1
18,PE International Healthcare,78,1
18,PE International Healthcare,79,1
18,PE International Healthcare,80,1
18,Digital Int Package,1,0.000039
18,Digital Int Package,2,0.00389
18,Digital Int Package,3,0.035324
18,Digital Int Package,4,0.195884
18,Digital Int Package,5,0.385326
18,Digital Int Package,6,0.557194
18,Digital Int Package,7,0.765323
18,Digital Int Package,8,0.841587
18,Digital Int Package,9,0.898177
18,Digital Int Package,10,0.94099
18,Digital Int Package,11,0.974027
18,Digital Int Package,12,1
18,Digital Int Package,13,1
18,Digital Int Package,14,1
18,Digital Int Package,15,1
18,Digital Int Package,16,1
18,Digital Int Package,17,1
18,Digital Int Package,18,1
18,Digital Int Package,19,1
18,Digital Int Package,20,1
18,Digital Int Package,21,1
18,Digital Int Package,22,1
18,Digital Int Package,23,1
18,Digital Int Package,24,1
18,Digital Int Package,25,1
18,Digital Int Package,26,1
18,Digital Int Package,27,1
18,Digital Int Package,28,1
18,Digital Int Package,29,1
18,Digital Int Package,30,1
18,Digital Int Package,31,1
18,Digital Int Package,32,1
18,Digital Int Package,33,1
18,Digital Int Package,34,1
18,Digital Int Package,35,1
18,Digital Int Package,36,1
18,Digital Int Package,37,1
18,Digital Int Package,38,1
18,Digital Int Package,39,1
18,Digital Int Package,40,1
18,Digital Int Package,41,1
18,Digital Int Package,42,1
18,Digital Int Package,43,1
18,Digital Int Package,44,1
18,Digital Int Package,45,1
18,Digital Int Package,46,1
18,Digital Int Package,47,1
18,Digital Int Package,48,1
18,Digital Int Package,49,1
18,Digital Int Package,50,1
18,Digital Int Package,51,1
18,Digital Int Package,52,1
18,Digital Int Package,53,1
18,Digital Int Package,54,1
18,Digital Int Package,55,1
18,Digital Int Package,56,1
18,Digital Int Package,57,1
18,Digital Int Package,58,1
18,Digital Int Package,59,1
18,Digital Int Package,60,1
18,Digital Int Package,61,1
18,Digital Int Package,62,1
18,Digital Int Package,63,1
18,Digital Int Package,64,1
18,Digital Int Package,65,1
18,Digital Int Package,66,1
18,Digital Int Package,67,1
18,Digital Int Package,68,1
18,Digital Int Package,69,1
18,Digital Int Package,70,1
18,Digital Int Package,71,1
18,Digital Int Package,72,1
18,Digital Int Package,73,1
18,Digital Int Package,74,1
18,Digital Int Package,75,1
18,Digital Int Package,76,1
18,Digital Int Package,77,1
18,Digital Int Package,78,1
18,Digital Int Package,79,1
18,Digital Int Package,80,1
18,BBR Services MM,1,9.59E-04
18,BBR Services MM,2,1.04E-02
18,BBR Services MM,3,4.99E-02
18,BBR Services MM,4,0.101187267
18,BBR Services MM,5,0.181489399
18,BBR Services MM,6,0.27771062
18,BBR Services MM,7,0.368136663
18,BBR Services MM,8,0.486259255
18,BBR Services MM,9,0.558603625
18,BBR Services MM,10,0.630810205
18,BBR Services MM,11,0.695293404
18,BBR Services MM,12,0.757259654
18,BBR Services MM,13,0.816146116
18,BBR Services MM,14,0.858421378
18,BBR Services MM,15,0.887661455
18,BBR Services MM,16,0.911286478
18,BBR Services MM,17,0.930217302
18,BBR Services MM,18,0.945285696
18,BBR Services MM,19,0.957215187
18,BBR Services MM,20,0.966619404
18,BBR Services MM,21,0.97400623
18,BBR Services MM,22,0.979791135
18,BBR Services MM,23,0.984310487
18,BBR Services MM,24,0.98783405
18,BBR Services MM,25,0.990576634
18,BBR Services MM,26,0.99270809
18,BBR Services MM,27,0.994362466
18,BBR Services MM,28,0.99564467
18,BBR Services MM,29,0.996637961
18,BBR Services MM,30,0.997406451
18,BBR Services MM,31,0.998000095
18,BBR Services MM,32,0.99845969
18,BBR Services MM,33,0.998813545
18,BBR Services MM,34,0.999086638
18,BBR Services MM,35,0.999298118
18,BBR Services MM,36,0.999460475
18,BBR Services MM,37,0.999585365
18,BBR Services MM,38,0.999681114
18,BBR Services MM,39,0.999755216
18,BBR Services MM,40,0.999812665
18,BBR Services MM,41,0.99985596
18,BBR Services MM,42,0.999889264
18,BBR Services MM,43,0.999915075
18,BBR Services MM,44,0.999935057
18,BBR Services MM,45,0.999950044
18,BBR Services MM,46,0.9999617
18,BBR Services MM,47,0.999970859
18,BBR Services MM,48,0.99997752
18,BBR Services MM,49,0.999983348
18,BBR Services MM,50,0.999986678
18,BBR Services MM,51,0.999990009
18,BBR Services MM,52,0.999992507
18,BBR Services MM,53,0.999994172
18,BBR Services MM,54,0.999995837
18,BBR Services MM,55,0.99999667
18,BBR Services MM,56,0.999997502
18,BBR Services MM,57,0.999998335
18,BBR Services MM,58,0.999998335
18,BBR Services MM,59,0.999999167
18,BBR Services MM,60,0.999999167
18,BBR Services MM,61,1
18,BBR Services MM,62,1
18,BBR Services MM,63,1
18,BBR Services MM,64,1
18,BBR Services MM,65,1
18,BBR Services MM,66,1
18,BBR Services MM,67,1
18,BBR Services MM,68,1
18,BBR Services MM,69,1
18,BBR Services MM,70,1
18,BBR Services MM,71,1
18,BBR Services MM,72,1
18,BBR Services MM,73,1
18,BBR Services MM,74,1
18,BBR Services MM,75,1
18,BBR Services MM,76,1
18,BBR Services MM,77,1
18,BBR Services MM,78,1
18,BBR Services MM,79,1
18,BBR Services MM,80,1
18,Large Risk International TMB Info Sec,1,3.94E-03
18,Large Risk International TMB Info Sec,2,1.28E-02
18,Large Risk International TMB Info Sec,3,2.72E-02
18,Large Risk International TMB Info Sec,4,4.82E-02
18,Large Risk International TMB Info Sec,5,7.57E-02
18,Large Risk International TMB Info Sec,6,0.160210637
18,Large Risk International TMB Info Sec,7,0.279551478
18,Large Risk International TMB Info Sec,8,0.432848656
18,Large Risk International TMB Info Sec,9,0.607739359
18,Large Risk International TMB Info Sec,10,0.789630075
18,Large Risk International TMB Info Sec,11,0.828275502
18,Large Risk International TMB Info Sec,12,0.85998881
18,Large Risk International TMB Info Sec,13,0.885812304
18,Large Risk International TMB Info Sec,14,0.90679955
18,Large Risk International TMB Info Sec,15,0.92383756
18,Large Risk International TMB Info Sec,16,0.937664866
18,Large Risk International TMB Info Sec,17,0.948972436
18,Large Risk International TMB Info Sec,18,0.958087058
18,Large Risk International TMB Info Sec,19,0.965494387
18,Large Risk International TMB Info Sec,20,0.97152058
18,Large Risk International TMB Info Sec,21,0.976427434
18,Large Risk International TMB Info Sec,22,0.980429623
18,Large Risk International TMB Info Sec,23,0.98369598
18,Large Risk International TMB Info Sec,24,0.986367034
18,Large Risk International TMB Info Sec,25,0.988554038
18,Large Risk International TMB Info Sec,26,0.990354716
18,Large Risk International TMB Info Sec,27,0.991832863
18,Large Risk International TMB Info Sec,28,0.99304683
18,Large Risk International TMB Info Sec,29,0.994044651
18,Large Risk International TMB Info Sec,30,0.994866821
18,Large Risk International TMB Info Sec,31,0.995545051
18,Large Risk International TMB Info Sec,32,0.996104715
18,Large Risk International TMB Info Sec,33,0.996567282
18,Large Risk International TMB Info Sec,34,0.996900789
18,Large Risk International TMB Info Sec,35,0.997195018
18,Large Risk International TMB Info Sec,36,0.997456067
18,Large Risk International TMB Info Sec,37,0.997687597
18,Large Risk International TMB Info Sec,38,0.997893755
18,Large Risk International TMB Info Sec,39,0.998077466
18,Large Risk International TMB Info Sec,40,0.99824337
18,Large Risk International TMB Info Sec,41,0.998390731
18,Large Risk International TMB Info Sec,42,0.998524431
18,Large Risk International TMB Info Sec,43,0.998644467
18,Large Risk International TMB Info Sec,44,0.998753768
18,Large Risk International TMB Info Sec,45,0.998852335
18,Large Risk International TMB Info Sec,46,0.998941142
18,Large Risk International TMB Info Sec,47,0.999023118
18,Large Risk International TMB Info Sec,48,0.999097287
18,Large Risk International TMB Info Sec,49,0.999164625
18,Large Risk International TMB Info Sec,50,0.999227083
18,Large Risk International TMB Info Sec,51,0.999283685
18,Large Risk International TMB Info Sec,52,0.999335408
18,Large Risk International TMB Info Sec,53,0.999383228
18,Large Risk International TMB Info Sec,54,0.999427143
18,Large Risk International TMB Info Sec,55,0.999467155
18,Large Risk International TMB Info Sec,56,0.999505216
18,Large Risk International TMB Info Sec,57,0.999539373
18,Large Risk International TMB Info Sec,58,0.999571577
18,Large Risk International TMB Info Sec,59,0.999600855
18,Large Risk International TMB Info Sec,60,0.99962818
18,Large Risk International TMB Info Sec,61,1
18,Large Risk International TMB Info Sec,62,1
18,Large Risk International TMB Info Sec,63,1
18,Large Risk International TMB Info Sec,64,1
18,Large Risk International TMB Info Sec,65,1
18,Large Risk International TMB Info Sec,66,1
18,Large Risk International TMB Info Sec,67,1
18,Large Risk International TMB Info Sec,68,1
18,Large Risk International TMB Info Sec,69,1
18,Large Risk International TMB Info Sec,70,1
18,Large Risk International TMB Info Sec,71,1
18,Large Risk International TMB Info Sec,72,1
18,Large Risk International TMB Info Sec,73,1
18,Large Risk International TMB Info Sec,74,1
18,Large Risk International TMB Info Sec,75,1
18,Large Risk International TMB Info Sec,76,1
18,Large Risk International TMB Info Sec,77,1
18,Large Risk International TMB Info Sec,78,1
18,Large Risk International TMB Info Sec,79,1
18,Large Risk International TMB Info Sec,80,1
18,Commercial Crime,1,0.005924
18,Commercial Crime,2,0.013555613
18,Commercial Crime,3,2.81E-02
18,Commercial Crime,4,5.10E-02
18,Commercial Crime,5,0.179423728
18,Commercial Crime,6,0.262479251
18,Commercial Crime,7,0.352317153
18,Commercial Crime,8,0.441906381
18,Commercial Crime,9,0.549364852
18,Commercial Crime,10,0.63467079
18,Commercial Crime,11,0.709739837
18,Commercial Crime,12,0.773399366
18,Commercial Crime,13,0.825695388
18,Commercial Crime,14,0.867533837
18,Commercial Crime,15,0.900294811
18,Commercial Crime,16,0.925515333
18,Commercial Crime,17,0.944675163
18,Commercial Crime,18,0.95908557
18,Commercial Crime,19,0.969841724
18,Commercial Crime,20,0.977824517
18,Commercial Crime,21,0.983723017
18,Commercial Crime,22,0.988069206
18,Commercial Crime,23,0.991263157
18,Commercial Crime,24,0.993606969
18,Commercial Crime,25,0.995324234
18,Commercial Crime,26,0.996581733
18,Commercial Crime,27,0.997501369
18,Commercial Crime,28,0.998174269
18,Commercial Crime,29,0.998665937
18,Commercial Crime,30,0.999025206
18,Commercial Crime,31,0.999288416
18,Commercial Crime,32,0.999479754
18,Commercial Crime,33,0.999619889
18,Commercial Crime,34,0.999722512
18,Commercial Crime,35,0.999797339
18,Commercial Crime,36,0.999852128
18,Commercial Crime,37,0.999892226
18,Commercial Crime,38,0.999921
18,Commercial Crime,39,0.999942038
18,Commercial Crime,40,0.99995812
18,Commercial Crime,41,0.99996903
18,Commercial Crime,42,0.999977572
18,Commercial Crime,43,0.999983526
18,Commercial Crime,44,0.99998809
18,Commercial Crime,45,0.999991068
18,Commercial Crime,46,0.99999385
18,Commercial Crime,47,0.999995436
18,Commercial Crime,48,0.999996827
18,Commercial Crime,49,0.999997218
18,Commercial Crime,50,0.999998414
18,Commercial Crime,51,0.999998609
18,Commercial Crime,52,0.999998805
18,Commercial Crime,53,0.999999609
18,Commercial Crime,54,0.999999805
18,Commercial Crime,55,0.999999805
18,Commercial Crime,56,0.999999805
18,Commercial Crime,57,1
18,Commercial Crime,58,1
18,Commercial Crime,59,1
18,Commercial Crime,60,1
18,Commercial Crime,61,1
18,Commercial Crime,62,1
18,Commercial Crime,63,1
18,Commercial Crime,64,1
18,Commercial Crime,65,1
18,Commercial Crime,66,1
18,Commercial Crime,67,1
18,Commercial Crime,68,1
18,Commercial Crime,69,1
18,Commercial Crime,70,1
18,Commercial Crime,71,1
18,Commercial Crime,72,1
18,Commercial Crime,73,1
18,Commercial Crime,74,1
18,Commercial Crime,75,1
18,Commercial Crime,76,1
18,Commercial Crime,77,1
18,Commercial Crime,78,1
18,Commercial Crime,79,1
18,Commercial Crime,80,1
18,D&O MM,1,0.000348
18,D&O MM,2,0.001312
18,D&O MM,3,0.003487
18,D&O MM,4,0.007675
18,D&O MM,5,0.014914
18,D&O MM,6,0.026463
18,D&O MM,7,0.043779
18,D&O MM,8,0.068479
18,D&O MM,9,0.102293
18,D&O MM,10,0.147014
18,D&O MM,11,0.204443
18,D&O MM,12,0.308692
18,D&O MM,13,0.448589
18,D&O MM,14,0.524615
18,D&O MM,15,0.600641
18,D&O MM,16,0.676667
18,D&O MM,17,0.710157
18,D&O MM,18,0.743646
18,D&O MM,19,0.777135
18,D&O MM,20,0.810624
18,D&O MM,21,0.822433
18,D&O MM,22,0.834241
18,D&O MM,23,0.846049
18,D&O MM,24,0.857858
18,D&O MM,25,0.865303
18,D&O MM,26,0.872749
18,D&O MM,27,0.880195
18,D&O MM,28,0.88764
18,D&O MM,29,0.896074
18,D&O MM,30,0.904508
18,D&O MM,31,0.912941
18,D&O MM,32,0.921375
18,D&O MM,33,0.928075
18,D&O MM,34,0.934774
18,D&O MM,35,0.941474
18,D&O MM,36,0.948173
18,D&O MM,37,0.95345
18,D&O MM,38,0.958726
18,D&O MM,39,0.964002
18,D&O MM,40,0.969278
18,D&O MM,41,0.973406
18,D&O MM,42,0.977534
18,D&O MM,43,0.981662
18,D&O MM,44,0.985789
18,D&O MM,45,0.989002
18,D&O MM,46,0.992215
18,D&O MM,47,0.995428
18,D&O MM,48,0.99864
18,D&O MM,49,0.99864
18,D&O MM,50,0.99864
18,D&O MM,51,0.99864
18,D&O MM,52,0.99864
18,D&O MM,53,0.99898
18,D&O MM,54,0.99932
18,D&O MM,55,0.99966
18,D&O MM,56,1
18,D&O MM,57,1
18,D&O MM,58,1
18,D&O MM,59,1
18,D&O MM,60,1
18,D&O MM,61,1
18,D&O MM,62,1
18,D&O MM,63,1
18,D&O MM,64,1
18,D&O MM,65,1
18,D&O MM,66,1
18,D&O MM,67,1
18,D&O MM,68,1
18,D&O MM,69,1
18,D&O MM,70,1
18,D&O MM,71,1
18,D&O MM,72,1
18,D&O MM,73,1
18,D&O MM,74,1
18,D&O MM,75,1
18,D&O MM,76,1
18,D&O MM,77,1
18,D&O MM,78,1
18,D&O MM,79,1
18,D&O MM,80,1
18,EPL MM,1,0.001096
18,EPL MM,2,0.00348
18,EPL MM,3,0.009031
18,EPL MM,4,0.019601
18,EPL MM,5,0.070405
18,EPL MM,6,0.141326
18,EPL MM,7,0.222402
18,EPL MM,8,0.303673
18,EPL MM,9,0.37724
18,EPL MM,10,0.443435
18,EPL MM,11,0.504651
18,EPL MM,12,0.563281
18,EPL MM,13,0.620943
18,EPL MM,14,0.676153
18,EPL MM,15,0.726653
18,EPL MM,16,0.770184
18,EPL MM,17,0.805382
18,EPL MM,18,0.834453
18,EPL MM,19,0.860497
18,EPL MM,20,0.886616
18,EPL MM,21,0.914853
18,EPL MM,22,0.943031
18,EPL MM,23,0.967917
18,EPL MM,24,0.986276
18,EPL MM,25,0.995879
18,EPL MM,26,0.997143
18,EPL MM,27,0.998029
18,EPL MM,28,0.998647
18,EPL MM,29,0.999075
18,EPL MM,30,0.999371
18,EPL MM,31,0.999575
18,EPL MM,32,0.999715
18,EPL MM,33,0.99981
18,EPL MM,34,0.999875
18,EPL MM,35,0.999919
18,EPL MM,36,0.999948
18,EPL MM,37,0.999968
18,EPL MM,38,0.999981
18,EPL MM,39,0.99999
18,EPL MM,40,0.999996
18,EPL MM,41,1
18,EPL MM,42,1
18,EPL MM,43,1
18,EPL MM,44,1
18,EPL MM,45,1
18,EPL MM,46,1
18,EPL MM,47,1
18,EPL MM,48,1
18,EPL MM,49,1
18,EPL MM,50,1
18,EPL MM,51,1
18,EPL MM,52,1
18,EPL MM,53,1
18,EPL MM,54,1
18,EPL MM,55,1
18,EPL MM,56,1
18,EPL MM,57,1
18,EPL MM,58,1
18,EPL MM,59,1
18,EPL MM,60,1
18,EPL MM,61,1
18,EPL MM,62,1
18,EPL MM,63,1
18,EPL MM,64,1
18,EPL MM,65,1
18,EPL MM,66,1
18,EPL MM,67,1
18,EPL MM,68,1
18,EPL MM,69,1
18,EPL MM,70,1
18,EPL MM,71,1
18,EPL MM,72,1
18,EPL MM,73,1
18,EPL MM,74,1
18,EPL MM,75,1
18,EPL MM,76,1
18,EPL MM,77,1
18,EPL MM,78,1
18,EPL MM,79,1
18,EPL MM,80,1
18,EPL,1,0.001096
18,EPL,2,0.00348
18,EPL,3,0.009031
18,EPL,4,0.019601
18,EPL,5,0.070405
18,EPL,6,0.141326
18,EPL,7,0.222402
18,EPL,8,0.303673
18,EPL,9,0.37724
18,EPL,10,0.443435
18,EPL,11,0.504651
18,EPL,12,0.563281
18,EPL,13,0.620943
18,EPL,14,0.676153
18,EPL,15,0.726653
18,EPL,16,0.770184
18,EPL,17,0.805382
18,EPL,18,0.834453
18,EPL,19,0.860497
18,EPL,20,0.886616
18,EPL,21,0.914853
18,EPL,22,0.943031
18,EPL,23,0.967917
18,EPL,24,0.986276
18,EPL,25,0.995879
18,EPL,26,0.997143
18,EPL,27,0.998029
18,EPL,28,0.998647
18,EPL,29,0.999075
18,EPL,30,0.999371
18,EPL,31,0.999575
18,EPL,32,0.999715
18,EPL,33,0.99981
18,EPL,34,0.999875
18,EPL,35,0.999919
18,EPL,36,0.999948
18,EPL,37,0.999968
18,EPL,38,0.999981
18,EPL,39,0.99999
18,EPL,40,0.999996
18,EPL,41,1
18,EPL,42,1
18,EPL,43,1
18,EPL,44,1
18,EPL,45,1
18,EPL,46,1
18,EPL,47,1
18,EPL,48,1
18,EPL,49,1
18,EPL,50,1
18,EPL,51,1
18,EPL,52,1
18,EPL,53,1
18,EPL,54,1
18,EPL,55,1
18,EPL,56,1
18,EPL,57,1
18,EPL,58,1
18,EPL,59,1
18,EPL,60,1
18,EPL,61,1
18,EPL,62,1
18,EPL,63,1
18,EPL,64,1
18,EPL,65,1
18,EPL,66,1
18,EPL,67,1
18,EPL,68,1
18,EPL,69,1
18,EPL,70,1
18,EPL,71,1
18,EPL,72,1
18,EPL,73,1
18,EPL,74,1
18,EPL,75,1
18,EPL,76,1
18,EPL,77,1
18,EPL,78,1
18,EPL,79,1
18,EPL,80,1
18,Financial Crime,1,0.005924
18,Financial Crime,2,0.013555613
18,Financial Crime,3,2.81E-02
18,Financial Crime,4,5.10E-02
18,Financial Crime,5,0.179423728
18,Financial Crime,6,0.262479251
18,Financial Crime,7,0.352317153
18,Financial Crime,8,0.441906381
18,Financial Crime,9,0.549364852
18,Financial Crime,10,0.63467079
18,Financial Crime,11,0.709739837
18,Financial Crime,12,0.773399366
18,Financial Crime,13,0.825695388
18,Financial Crime,14,0.867533837
18,Financial Crime,15,0.900294811
18,Financial Crime,16,0.925515333
18,Financial Crime,17,0.944675163
18,Financial Crime,18,0.95908557
18,Financial Crime,19,0.969841724
18,Financial Crime,20,0.977824517
18,Financial Crime,21,0.983723017
18,Financial Crime,22,0.988069206
18,Financial Crime,23,0.991263157
18,Financial Crime,24,0.993606969
18,Financial Crime,25,0.995324234
18,Financial Crime,26,0.996581733
18,Financial Crime,27,0.997501369
18,Financial Crime,28,0.998174269
18,Financial Crime,29,0.998665937
18,Financial Crime,30,0.999025206
18,Financial Crime,31,0.999288416
18,Financial Crime,32,0.999479754
18,Financial Crime,33,0.999619889
18,Financial Crime,34,0.999722512
18,Financial Crime,35,0.999797339
18,Financial Crime,36,0.999852128
18,Financial Crime,37,0.999892226
18,Financial Crime,38,0.999921
18,Financial Crime,39,0.999942038
18,Financial Crime,40,0.99995812
18,Financial Crime,41,0.99996903
18,Financial Crime,42,0.999977572
18,Financial Crime,43,0.999983526
18,Financial Crime,44,0.99998809
18,Financial Crime,45,0.999991068
18,Financial Crime,46,0.99999385
18,Financial Crime,47,0.999995436
18,Financial Crime,48,0.999996827
18,Financial Crime,49,0.999997218
18,Financial Crime,50,0.999998414
18,Financial Crime,51,0.999998609
18,Financial Crime,52,0.999998805
18,Financial Crime,53,0.999999609
18,Financial Crime,54,0.999999805
18,Financial Crime,55,0.999999805
18,Financial Crime,56,0.999999805
18,Financial Crime,57,1
18,Financial Crime,58,1
18,Financial Crime,59,1
18,Financial Crime,60,1
18,Financial Crime,61,1
18,Financial Crime,62,1
18,Financial Crime,63,1
18,Financial Crime,64,1
18,Financial Crime,65,1
18,Financial Crime,66,1
18,Financial Crime,67,1
18,Financial Crime,68,1
18,Financial Crime,69,1
18,Financial Crime,70,1
18,Financial Crime,71,1
18,Financial Crime,72,1
18,Financial Crime,73,1
18,Financial Crime,74,1
18,Financial Crime,75,1
18,Financial Crime,76,1
18,Financial Crime,77,1
18,Financial Crime,78,1
18,Financial Crime,79,1
18,Financial Crime,80,1
18,TMB MM,1,0.000021
18,TMB MM,2,0.000272
18,TMB MM,3,0.003637
18,TMB MM,4,0.025401
18,TMB MM,5,0.063152
18,TMB MM,6,0.09889
18,TMB MM,7,0.174277
18,TMB MM,8,0.269733
18,TMB MM,9,0.351695
18,TMB MM,10,0.432065
18,TMB MM,11,0.527773
18,TMB MM,12,0.615334
18,TMB MM,13,0.691916
18,TMB MM,14,0.756497
18,TMB MM,15,0.809367
18,TMB MM,16,0.85161
18,TMB MM,17,0.884691
18,TMB MM,18,0.910167
18,TMB MM,19,0.92951
18,TMB MM,20,0.944021
18,TMB MM,21,0.954793
18,TMB MM,22,0.962716
18,TMB MM,23,0.96813
18,TMB MM,24,0.972617
18,TMB MM,25,0.976359
18,TMB MM,26,0.979496
18,TMB MM,27,0.982139
18,TMB MM,28,0.984379
18,TMB MM,29,0.986285
18,TMB MM,30,0.987914
18,TMB MM,31,0.989314
18,TMB MM,32,0.99052
18,TMB MM,33,0.991565
18,TMB MM,34,0.992472
18,TMB MM,35,0.993263
18,TMB MM,36,0.993955
18,TMB MM,37,0.994562
18,TMB MM,38,0.995097
18,TMB MM,39,0.995569
18,TMB MM,40,0.995987
18,TMB MM,41,0.996359
18,TMB MM,42,0.996689
18,TMB MM,43,0.996984
18,TMB MM,44,0.997248
18,TMB MM,45,0.997484
18,TMB MM,46,0.997696
18,TMB MM,47,0.997888
18,TMB MM,48,0.99806
18,TMB MM,49,0.998216
18,TMB MM,50,0.998357
18,TMB MM,51,0.998485
18,TMB MM,52,0.998602
18,TMB MM,53,0.998708
18,TMB MM,54,0.998804
18,TMB MM,55,0.998893
18,TMB MM,56,0.998973
18,TMB MM,57,0.999047
18,TMB MM,58,0.999115
18,TMB MM,59,0.999178
18,TMB MM,60,0.999235
18,TMB MM,61,1
18,TMB MM,62,1
18,TMB MM,63,1
18,TMB MM,64,1
18,TMB MM,65,1
18,TMB MM,66,1
18,TMB MM,67,1
18,TMB MM,68,1
18,TMB MM,69,1
18,TMB MM,70,1
18,TMB MM,71,1
18,TMB MM,72,1
18,TMB MM,73,1
18,TMB MM,74,1
18,TMB MM,75,1
18,TMB MM,76,1
18,TMB MM,77,1
18,TMB MM,78,1
18,TMB MM,79,1
18,TMB MM,80,1
18,TMB MM InfoSec,1,9.59E-04
18,TMB MM InfoSec,2,1.04E-02
18,TMB MM InfoSec,3,4.99E-02
18,TMB MM InfoSec,4,0.101187267
18,TMB MM InfoSec,5,0.181489399
18,TMB MM InfoSec,6,0.27771062
18,TMB MM InfoSec,7,0.368136663
18,TMB MM InfoSec,8,0.486259255
18,TMB MM InfoSec,9,0.558603625
18,TMB MM InfoSec,10,0.630810205
18,TMB MM InfoSec,11,0.695293404
18,TMB MM InfoSec,12,0.757259654
18,TMB MM InfoSec,13,0.816146116
18,TMB MM InfoSec,14,0.858421378
18,TMB MM InfoSec,15,0.887661455
18,TMB MM InfoSec,16,0.911286478
18,TMB MM InfoSec,17,0.930217302
18,TMB MM InfoSec,18,0.945285696
18,TMB MM InfoSec,19,0.957215187
18,TMB MM InfoSec,20,0.966619404
18,TMB MM InfoSec,21,0.97400623
18,TMB MM InfoSec,22,0.979791135
18,TMB MM InfoSec,23,0.984310487
18,TMB MM InfoSec,24,0.98783405
18,TMB MM InfoSec,25,0.990576634
18,TMB MM InfoSec,26,0.99270809
18,TMB MM InfoSec,27,0.994362466
18,TMB MM InfoSec,28,0.99564467
18,TMB MM InfoSec,29,0.996637961
18,TMB MM InfoSec,30,0.997406451
18,TMB MM InfoSec,31,0.998000095
18,TMB MM InfoSec,32,0.99845969
18,TMB MM InfoSec,33,0.998813545
18,TMB MM InfoSec,34,0.999086638
18,TMB MM InfoSec,35,0.999298118
18,TMB MM InfoSec,36,0.999460475
18,TMB MM InfoSec,37,0.999585365
18,TMB MM InfoSec,38,0.999681114
18,TMB MM InfoSec,39,0.999755216
18,TMB MM InfoSec,40,0.999812665
18,TMB MM InfoSec,41,0.99985596
18,TMB MM InfoSec,42,0.999889264
18,TMB MM InfoSec,43,0.999915075
18,TMB MM InfoSec,44,0.999935057
18,TMB MM InfoSec,45,0.999950044
18,TMB MM InfoSec,46,0.9999617
18,TMB MM InfoSec,47,0.999970859
18,TMB MM InfoSec,48,0.99997752
18,TMB MM InfoSec,49,0.999983348
18,TMB MM InfoSec,50,0.999986678
18,TMB MM InfoSec,51,0.999990009
18,TMB MM InfoSec,52,0.999992507
18,TMB MM InfoSec,53,0.999994172
18,TMB MM InfoSec,54,0.999995837
18,TMB MM InfoSec,55,0.99999667
18,TMB MM InfoSec,56,0.999997502
18,TMB MM InfoSec,57,0.999998335
18,TMB MM InfoSec,58,0.999998335
18,TMB MM InfoSec,59,0.999999167
18,TMB MM InfoSec,60,0.999999167
18,TMB MM InfoSec,61,1
18,TMB MM InfoSec,62,1
18,TMB MM InfoSec,63,1
18,TMB MM InfoSec,64,1
18,TMB MM InfoSec,65,1
18,TMB MM InfoSec,66,1
18,TMB MM InfoSec,67,1
18,TMB MM InfoSec,68,1
18,TMB MM InfoSec,69,1
18,TMB MM InfoSec,70,1
18,TMB MM InfoSec,71,1
18,TMB MM InfoSec,72,1
18,TMB MM InfoSec,73,1
18,TMB MM InfoSec,74,1
18,TMB MM InfoSec,75,1
18,TMB MM InfoSec,76,1
18,TMB MM InfoSec,77,1
18,TMB MM InfoSec,78,1
18,TMB MM InfoSec,79,1
18,TMB MM InfoSec,80,1
18,US Large Risk Cyber,1,6.36E-04
18,US Large Risk Cyber,2,4.21E-03
18,US Large Risk Cyber,3,1.88E-02
18,US Large Risk Cyber,4,0.047228501
18,US Large Risk Cyber,5,9.82E-02
18,US Large Risk Cyber,6,0.174304627
18,US Large Risk Cyber,7,0.270434292
18,US Large Risk Cyber,8,0.38304741
18,US Large Risk Cyber,9,0.495458733
18,US Large Risk Cyber,10,0.605159595
18,US Large Risk Cyber,11,0.813572474
18,US Large Risk Cyber,12,0.981259203
18,US Large Risk Cyber,13,0.992168409
18,US Large Risk Cyber,14,1
18,US Large Risk Cyber,15,1
18,US Large Risk Cyber,16,1
18,US Large Risk Cyber,17,1
18,US Large Risk Cyber,18,1
18,US Large Risk Cyber,19,1
18,US Large Risk Cyber,20,1
18,US Large Risk Cyber,21,1
18,US Large Risk Cyber,22,1
18,US Large Risk Cyber,23,1
18,US Large Risk Cyber,24,1
18,US Large Risk Cyber,25,1
18,US Large Risk Cyber,26,1
18,US Large Risk Cyber,27,1
18,US Large Risk Cyber,28,1
18,US Large Risk Cyber,29,1
18,US Large Risk Cyber,30,1
18,US Large Risk Cyber,31,1
18,US Large Risk Cyber,32,1
18,US Large Risk Cyber,33,1
18,US Large Risk Cyber,34,1
18,US Large Risk Cyber,35,1
18,US Large Risk Cyber,36,1
18,US Large Risk Cyber,37,1
18,US Large Risk Cyber,38,1
18,US Large Risk Cyber,39,1
18,US Large Risk Cyber,40,1
18,US Large Risk Cyber,41,1
18,US Large Risk Cyber,42,1
18,US Large Risk Cyber,43,1
18,US Large Risk Cyber,44,1
18,US Large Risk Cyber,45,1
18,US Large Risk Cyber,46,1
18,US Large Risk Cyber,47,1
18,US Large Risk Cyber,48,1
18,US Large Risk Cyber,49,1
18,US Large Risk Cyber,50,1
18,US Large Risk Cyber,51,1
18,US Large Risk Cyber,52,1
18,US Large Risk Cyber,53,1
18,US Large Risk Cyber,54,1
18,US Large Risk Cyber,55,1
18,US Large Risk Cyber,56,1
18,US Large Risk Cyber,57,1
18,US Large Risk Cyber,58,1
18,US Large Risk Cyber,59,1
18,US Large Risk Cyber,60,1
18,US Large Risk Cyber,61,1
18,US Large Risk Cyber,62,1
18,US Large Risk Cyber,63,1
18,US Large Risk Cyber,64,1
18,US Large Risk Cyber,65,1
18,US Large Risk Cyber,66,1
18,US Large Risk Cyber,67,1
18,US Large Risk Cyber,68,1
18,US Large Risk Cyber,69,1
18,US Large Risk Cyber,70,1
18,US Large Risk Cyber,71,1
18,US Large Risk Cyber,72,1
18,US Large Risk Cyber,73,1
18,US Large Risk Cyber,74,1
18,US Large Risk Cyber,75,1
18,US Large Risk Cyber,76,1
18,US Large Risk Cyber,77,1
18,US Large Risk Cyber,78,1
18,US Large Risk Cyber,79,1
18,US Large Risk Cyber,80,1
18,US M&A,1,0
18,US M&A,2,0
18,US M&A,3,0
18,US M&A,4,0
18,US M&A,5,0
18,US M&A,6,0
18,US M&A,7,0
18,US M&A,8,0.009713
18,US M&A,9,0.041178
18,US M&A,10,0.089758
18,US M&A,11,0.155299
18,US M&A,12,0.237646
18,US M&A,13,0.335217
18,US M&A,14,0.440702
18,US M&A,15,0.545363
18,US M&A,16,0.640461
18,US M&A,17,0.71914
18,US M&A,18,0.782076
18,US M&A,19,0.83183
18,US M&A,20,0.870961
18,US M&A,21,0.901803
18,US M&A,22,0.925793
18,US M&A,23,0.944143
18,US M&A,24,0.958065
18,US M&A,25,0.968663
18,US M&A,26,0.976609
18,US M&A,27,0.982468
18,US M&A,28,0.986804
18,US M&A,29,0.990116
18,US M&A,30,0.992628
18,US M&A,31,0.9945
18,US M&A,32,0.99589
18,US M&A,33,0.99694
18,US M&A,34,0.997724
18,US M&A,35,0.9983
18,US M&A,36,0.998724
18,US M&A,37,0.999046
18,US M&A,38,0.99929
18,US M&A,39,0.99947
18,US M&A,40,0.999604
18,US M&A,41,0.999705
18,US M&A,42,0.999781
18,US M&A,43,0.999836
18,US M&A,44,0.999877
18,US M&A,45,0.999908
18,US M&A,46,0.999932
18,US M&A,47,0.999949
18,US M&A,48,0.999962
18,US M&A,49,0.999972
18,US M&A,50,0.999979
18,US M&A,51,0.999984
18,US M&A,52,0.999988
18,US M&A,53,0.999991
18,US M&A,54,0.999993
18,US M&A,55,0.999995
18,US M&A,56,0.999996
18,US M&A,57,0.999997
18,US M&A,58,0.999998
18,US M&A,59,0.999998
18,US M&A,60,0.999999
18,US M&A,61,1
18,US M&A,62,1
18,US M&A,63,1
18,US M&A,64,1
18,US M&A,65,1
18,US M&A,66,1
18,US M&A,67,1
18,US M&A,68,1
18,US M&A,69,1
18,US M&A,70,1
18,US M&A,71,1
18,US M&A,72,1
18,US M&A,73,1
18,US M&A,74,1
18,US M&A,75,1
18,US M&A,76,1
18,US M&A,77,1
18,US M&A,78,1
18,US M&A,79,1
18,US M&A,80,1
18,D&O,1,0.001872
18,D&O,2,0.001872
18,D&O,3,0.002815
18,D&O,4,0.006754
18,D&O,5,0.013243
18,D&O,6,0.01956
18,D&O,7,0.030203
18,D&O,8,0.053206
18,D&O,9,0.133683
18,D&O,10,0.230286
18,D&O,11,0.322646
18,D&O,12,0.447838
18,D&O,13,0.608859
18,D&O,14,0.673206
18,D&O,15,0.729615
18,D&O,16,0.778085
18,D&O,17,0.819067
18,D&O,18,0.853271
18,D&O,19,0.881521
18,D&O,20,0.90466
18,D&O,21,0.923487
18,D&O,22,0.938725
18,D&O,23,0.951005
18,D&O,24,0.960869
18,D&O,25,0.96877
18,D&O,26,0.972911
18,D&O,27,0.976402
18,D&O,28,0.97936
18,D&O,29,0.981877
18,D&O,30,0.984029
18,D&O,31,0.985876
18,D&O,32,0.987469
18,D&O,33,0.988847
18,D&O,34,0.990044
18,D&O,35,0.991087
18,D&O,36,0.992
18,D&O,37,0.9928
18,D&O,38,0.993505
18,D&O,39,0.994127
18,D&O,40,0.994677
18,D&O,41,0.995165
18,D&O,42,0.9956
18,D&O,43,0.995987
18,D&O,44,0.996334
18,D&O,45,0.996644
18,D&O,46,0.996923
18,D&O,47,0.997174
18,D&O,48,0.997401
18,D&O,49,0.997605
18,D&O,50,0.99779
18,D&O,51,0.997958
18,D&O,52,0.99811
18,D&O,53,0.998249
18,D&O,54,0.998376
18,D&O,55,0.998491
18,D&O,56,0.998597
18,D&O,57,0.998694
18,D&O,58,0.998782
18,D&O,59,0.998864
18,D&O,60,0.998938
18,D&O,61,1
18,D&O,62,1
18,D&O,63,1
18,D&O,64,1
18,D&O,65,1
18,D&O,66,1
18,D&O,67,1
18,D&O,68,1
18,D&O,69,1
18,D&O,70,1
18,D&O,71,1
18,D&O,72,1
18,D&O,73,1
18,D&O,74,1
18,D&O,75,1
18,D&O,76,1
18,D&O,77,1
18,D&O,78,1
18,D&O,79,1
18,D&O,80,1
18,Intl M&A,1,0
18,Intl M&A,2,0
18,Intl M&A,3,0
18,Intl M&A,4,0
18,Intl M&A,5,0
18,Intl M&A,6,0
18,Intl M&A,7,0
18,Intl M&A,8,0.009713
18,Intl M&A,9,0.041178
18,Intl M&A,10,0.089758
18,Intl M&A,11,0.155299
18,Intl M&A,12,0.237646
18,Intl M&A,13,0.335217
18,Intl M&A,14,0.440702
18,Intl M&A,15,0.545363
18,Intl M&A,16,0.640461
18,Intl M&A,17,0.71914
18,Intl M&A,18,0.782076
18,Intl M&A,19,0.83183
18,Intl M&A,20,0.870961
18,Intl M&A,21,0.901803
18,Intl M&A,22,0.925793
18,Intl M&A,23,0.944143
18,Intl M&A,24,0.958065
18,Intl M&A,25,0.968663
18,Intl M&A,26,0.976609
18,Intl M&A,27,0.982468
18,Intl M&A,28,0.986804
18,Intl M&A,29,0.990116
18,Intl M&A,30,0.992628
18,Intl M&A,31,0.9945
18,Intl M&A,32,0.99589
18,Intl M&A,33,0.99694
18,Intl M&A,34,0.997724
18,Intl M&A,35,0.9983
18,Intl M&A,36,0.998724
18,Intl M&A,37,0.999046
18,Intl M&A,38,0.99929
18,Intl M&A,39,0.99947
18,Intl M&A,40,0.999604
18,Intl M&A,41,0.999705
18,Intl M&A,42,0.999781
18,Intl M&A,43,0.999836
18,Intl M&A,44,0.999877
18,Intl M&A,45,0.999908
18,Intl M&A,46,0.999932
18,Intl M&A,47,0.999949
18,Intl M&A,48,0.999962
18,Intl M&A,49,0.999972
18,Intl M&A,50,0.999979
18,Intl M&A,51,0.999984
18,Intl M&A,52,0.999988
18,Intl M&A,53,0.999991
18,Intl M&A,54,0.999993
18,Intl M&A,55,0.999995
18,Intl M&A,56,0.999996
18,Intl M&A,57,0.999997
18,Intl M&A,58,0.999998
18,Intl M&A,59,0.999998
18,Intl M&A,60,0.999999
18,Intl M&A,61,1
18,Intl M&A,62,1
18,Intl M&A,63,1
18,Intl M&A,64,1
18,Intl M&A,65,1
18,Intl M&A,66,1
18,Intl M&A,67,1
18,Intl M&A,68,1
18,Intl M&A,69,1
18,Intl M&A,70,1
18,Intl M&A,71,1
18,Intl M&A,72,1
18,Intl M&A,73,1
18,Intl M&A,74,1
18,Intl M&A,75,1
18,Intl M&A,76,1
18,Intl M&A,77,1
18,Intl M&A,78,1
18,Intl M&A,79,1
18,Intl M&A,80,1
18,Safeguard,1,0.000206
18,Safeguard,2,0.004661
18,Safeguard,3,0.016788
18,Safeguard,4,0.046496
18,Safeguard,5,0.095344
18,Safeguard,6,0.161296
18,Safeguard,7,0.237325
18,Safeguard,8,0.337823
18,Safeguard,9,0.442024
18,Safeguard,10,0.513177
18,Safeguard,11,0.575056
18,Safeguard,12,0.657451
18,Safeguard,13,0.727309
18,Safeguard,14,0.785881
18,Safeguard,15,0.833831
18,Safeguard,16,0.872332
18,Safeguard,17,0.902758
18,Safeguard,18,0.926487
18,Safeguard,19,0.944791
18,Safeguard,20,0.958779
18,Safeguard,21,0.969384
18,Safeguard,22,0.977368
18,Safeguard,23,0.983343
18,Safeguard,24,0.987791
18,Safeguard,25,0.991084
18,Safeguard,26,0.993513
18,Safeguard,27,0.995296
18,Safeguard,28,0.9966
18,Safeguard,29,0.99755
18,Safeguard,30,0.99824
18,Safeguard,31,0.99874
18,Safeguard,32,0.9991
18,Safeguard,33,0.999359
18,Safeguard,34,0.999545
18,Safeguard,35,0.999678
18,Safeguard,36,0.999772
18,Safeguard,37,0.999839
18,Safeguard,38,0.999887
18,Safeguard,39,0.999921
18,Safeguard,40,0.999945
18,Safeguard,41,0.999961
18,Safeguard,42,0.999973
18,Safeguard,43,0.999981
18,Safeguard,44,0.999987
18,Safeguard,45,0.999991
18,Safeguard,46,0.999994
18,Safeguard,47,0.999996
18,Safeguard,48,0.999997
18,Safeguard,49,0.999998
18,Safeguard,50,0.999999
18,Safeguard,51,0.999999
18,Safeguard,52,0.999999
18,Safeguard,53,1
18,Safeguard,54,1
18,Safeguard,55,1
18,Safeguard,56,1
18,Safeguard,57,1
18,Safeguard,58,1
18,Safeguard,59,1
18,Safeguard,60,1
18,Safeguard,61,1
18,Safeguard,62,1
18,Safeguard,63,1
18,Safeguard,64,1
18,Safeguard,65,1
18,Safeguard,66,1
18,Safeguard,67,1
18,Safeguard,68,1
18,Safeguard,69,1
18,Safeguard,70,1
18,Safeguard,71,1
18,Safeguard,72,1
18,Safeguard,73,1
18,Safeguard,74,1
18,Safeguard,75,1
18,Safeguard,76,1
18,Safeguard,77,1
18,Safeguard,78,1
18,Safeguard,79,1
18,Safeguard,80,1
18,Large Risk International TMB E&O,1,0.000075
18,Large Risk International TMB E&O,2,0.000559
18,Large Risk International TMB E&O,3,0.02074
18,Large Risk International TMB E&O,4,0.097691
18,Large Risk International TMB E&O,5,0.159474
18,Large Risk International TMB E&O,6,0.20958
18,Large Risk International TMB E&O,7,0.303257
18,Large Risk International TMB E&O,8,0.401548
18,Large Risk International TMB E&O,9,0.497483
18,Large Risk International TMB E&O,10,0.586057
18,Large Risk International TMB E&O,11,0.664382
18,Large Risk International TMB E&O,12,0.731347
18,Large Risk International TMB E&O,13,0.787098
18,Large Risk International TMB E&O,14,0.832547
18,Large Risk International TMB E&O,15,0.868981
18,Large Risk International TMB E&O,16,0.897798
18,Large Risk International TMB E&O,17,0.920341
18,Large Risk International TMB E&O,18,0.937821
18,Large Risk International TMB E&O,19,0.951276
18,Large Risk International TMB E&O,20,0.961568
18,Large Risk International TMB E&O,21,0.969401
18,Large Risk International TMB E&O,22,0.975336
18,Large Risk International TMB E&O,23,0.979277
18,Large Risk International TMB E&O,24,0.982764
18,Large Risk International TMB E&O,25,0.985864
18,Large Risk International TMB E&O,26,0.988633
18,Large Risk International TMB E&O,27,0.991117
18,Large Risk International TMB E&O,28,0.992828
18,Large Risk International TMB E&O,29,0.994211
18,Large Risk International TMB E&O,30,0.995327
18,Large Risk International TMB E&O,31,0.996229
18,Large Risk International TMB E&O,32,0.996957
18,Large Risk International TMB E&O,33,0.997544
18,Large Risk International TMB E&O,34,0.998018
18,Large Risk International TMB E&O,35,0.998401
18,Large Risk International TMB E&O,36,0.99871
18,Large Risk International TMB E&O,37,0.998959
18,Large Risk International TMB E&O,38,0.99916
18,Large Risk International TMB E&O,39,0.999323
18,Large Risk International TMB E&O,40,0.999454
18,Large Risk International TMB E&O,41,0.999559
18,Large Risk International TMB E&O,42,0.999644
18,Large Risk International TMB E&O,43,0.999713
18,Large Risk International TMB E&O,44,0.999769
18,Large Risk International TMB E&O,45,0.999813
18,Large Risk International TMB E&O,46,0.999849
18,Large Risk International TMB E&O,47,0.999878
18,Large Risk International TMB E&O,48,0.999902
18,Large Risk International TMB E&O,49,0.999921
18,Large Risk International TMB E&O,50,0.999936
18,Large Risk International TMB E&O,51,0.999949
18,Large Risk International TMB E&O,52,0.999958
18,Large Risk International TMB E&O,53,0.999967
18,Large Risk International TMB E&O,54,0.999973
18,Large Risk International TMB E&O,55,0.999978
18,Large Risk International TMB E&O,56,0.999982
18,Large Risk International TMB E&O,57,0.999986
18,Large Risk International TMB E&O,58,0.999989
18,Large Risk International TMB E&O,59,0.999991
18,Large Risk International TMB E&O,60,0.999993
18,Large Risk International TMB E&O,61,1
18,Large Risk International TMB E&O,62,1
18,Large Risk International TMB E&O,63,1
18,Large Risk International TMB E&O,64,1
18,Large Risk International TMB E&O,65,1
18,Large Risk International TMB E&O,66,1
18,Large Risk International TMB E&O,67,1
18,Large Risk International TMB E&O,68,1
18,Large Risk International TMB E&O,69,1
18,Large Risk International TMB E&O,70,1
18,Large Risk International TMB E&O,71,1
18,Large Risk International TMB E&O,72,1
18,Large Risk International TMB E&O,73,1
18,Large Risk International TMB E&O,74,1
18,Large Risk International TMB E&O,75,1
18,Large Risk International TMB E&O,76,1
18,Large Risk International TMB E&O,77,1
18,Large Risk International TMB E&O,78,1
18,Large Risk International TMB E&O,79,1
18,Large Risk International TMB E&O,80,1
18,TMB Info Sec,1,8.25E-04
18,TMB Info Sec,2,8.45E-03
18,TMB Info Sec,3,0.016824546
18,TMB Info Sec,4,4.49E-02
18,TMB Info Sec,5,9.71E-02
18,TMB Info Sec,6,0.167457367
18,TMB Info Sec,7,0.222989596
18,TMB Info Sec,8,0.282646522
18,TMB Info Sec,9,0.342759919
18,TMB Info Sec,10,0.399956856
18,TMB Info Sec,11,0.508268022
18,TMB Info Sec,12,0.613602089
18,TMB Info Sec,13,0.706692806
18,TMB Info Sec,14,0.78317622
18,TMB Info Sec,15,0.842315174
18,TMB Info Sec,16,0.885768744
18,TMB Info Sec,17,0.916748917
18,TMB Info Sec,18,0.937461706
18,TMB Info Sec,19,0.951032427
18,TMB Info Sec,20,0.958976613
18,TMB Info Sec,21,0.965491695
18,TMB Info Sec,22,0.970882816
18,TMB Info Sec,23,0.975376889
18,TMB Info Sec,24,0.979148732
18,TMB Info Sec,25,0.98233608
18,TMB Info Sec,26,0.985089086
18,TMB Info Sec,27,0.987436485
18,TMB Info Sec,28,0.989450889
18,TMB Info Sec,29,0.991186329
18,TMB Info Sec,30,0.992691058
18,TMB Info Sec,31,0.994000969
18,TMB Info Sec,32,0.995147845
18,TMB Info Sec,33,0.996152879
18,TMB Info Sec,34,0.997040196
18,TMB Info Sec,35,0.997823924
18,TMB Info Sec,36,0.998521125
18,TMB Info Sec,37,0.999141224
18,TMB Info Sec,38,0.999695987
18,TMB Info Sec,39,0.999773089
18,TMB Info Sec,40,0.999832245
18,TMB Info Sec,41,0.999876391
18,TMB Info Sec,42,0.999910825
18,TMB Info Sec,43,0.999937313
18,TMB Info Sec,44,0.999956737
18,TMB Info Sec,45,0.999972629
18,TMB Info Sec,46,0.999984107
18,TMB Info Sec,47,0.999992937
18,TMB Info Sec,48,1
18,TMB Info Sec,49,1
18,TMB Info Sec,50,1
18,TMB Info Sec,51,1
18,TMB Info Sec,52,1
18,TMB Info Sec,53,1
18,TMB Info Sec,54,1
18,TMB Info Sec,55,1
18,TMB Info Sec,56,1
18,TMB Info Sec,57,1
18,TMB Info Sec,58,1
18,TMB Info Sec,59,1
18,TMB Info Sec,60,1
18,TMB Info Sec,61,1
18,TMB Info Sec,62,1
18,TMB Info Sec,63,1
18,TMB Info Sec,64,1
18,TMB Info Sec,65,1
18,TMB Info Sec,66,1
18,TMB Info Sec,67,1
18,TMB Info Sec,68,1
18,TMB Info Sec,69,1
18,TMB Info Sec,70,1
18,TMB Info Sec,71,1
18,TMB Info Sec,72,1
18,TMB Info Sec,73,1
18,TMB Info Sec,74,1
18,TMB Info Sec,75,1
18,TMB Info Sec,76,1
18,TMB Info Sec,77,1
18,TMB Info Sec,78,1
18,TMB Info Sec,79,1
18,TMB Info Sec,80,1
18,TMB E&O,1,0.000033
18,TMB E&O,2,0.000466
18,TMB E&O,3,0.003386
18,TMB E&O,4,0.014444
18,TMB E&O,5,0.040969
18,TMB E&O,6,0.085932
18,TMB E&O,7,0.145126
18,TMB E&O,8,0.201557
18,TMB E&O,9,0.263509
18,TMB E&O,10,0.328394
18,TMB E&O,11,0.393838
18,TMB E&O,12,0.457866
18,TMB E&O,13,0.518977
18,TMB E&O,14,0.576131
18,TMB E&O,15,0.628703
18,TMB E&O,16,0.676399
18,TMB E&O,17,0.719182
18,TMB E&O,18,0.757198
18,TMB E&O,19,0.790716
18,TMB E&O,20,0.820075
18,TMB E&O,21,0.845652
18,TMB E&O,22,0.867835
18,TMB E&O,23,0.887002
18,TMB E&O,24,0.903512
18,TMB E&O,25,0.917696
18,TMB E&O,26,0.929855
18,TMB E&O,27,0.94026
18,TMB E&O,28,0.94915
18,TMB E&O,29,0.956738
18,TMB E&O,30,0.963207
18,TMB E&O,31,0.968718
18,TMB E&O,32,0.973409
18,TMB E&O,33,0.977401
18,TMB E&O,34,0.980796
18,TMB E&O,35,0.983682
18,TMB E&O,36,0.986135
18,TMB E&O,37,0.98822
18,TMB E&O,38,0.989991
18,TMB E&O,39,0.991496
18,TMB E&O,40,0.992774
18,TMB E&O,41,0.99386
18,TMB E&O,42,0.994782
18,TMB E&O,43,0.995566
18,TMB E&O,44,0.996231
18,TMB E&O,45,0.996797
18,TMB E&O,46,0.997277
18,TMB E&O,47,0.997685
18,TMB E&O,48,0.998032
18,TMB E&O,49,0.998327
18,TMB E&O,50,0.998577
18,TMB E&O,51,0.99879
18,TMB E&O,52,0.998971
18,TMB E&O,53,0.999125
18,TMB E&O,54,0.999255
18,TMB E&O,55,0.999367
18,TMB E&O,56,0.999461
18,TMB E&O,57,0.999541
18,TMB E&O,58,0.99961
18,TMB E&O,59,0.999668
18,TMB E&O,60,0.999717
18,TMB E&O,61,1
18,TMB E&O,62,1
18,TMB E&O,63,1
18,TMB E&O,64,1
18,TMB E&O,65,1
18,TMB E&O,66,1
18,TMB E&O,67,1
18,TMB E&O,68,1
18,TMB E&O,69,1
18,TMB E&O,70,1
18,TMB E&O,71,1
18,TMB E&O,72,1
18,TMB E&O,73,1
18,TMB E&O,74,1
18,TMB E&O,75,1
18,TMB E&O,76,1
18,TMB E&O,77,1
18,TMB E&O,78,1
18,TMB E&O,79,1
18,TMB E&O,80,1
18,Covers International,1,0.000896
18,Covers International,2,0.013262
18,Covers International,3,0.069577
18,Covers International,4,0.155959
18,Covers International,5,0.336122
18,Covers International,6,0.518206
18,Covers International,7,0.681601
18,Covers International,8,0.792782
18,Covers International,9,0.878653
18,Covers International,10,0.931757
18,Covers International,11,0.959218
18,Covers International,12,0.962297
18,Covers International,13,0.976115
18,Covers International,14,0.980587
18,Covers International,15,0.988613
18,Covers International,16,0.993977
18,Covers International,17,0.99845
18,Covers International,18,0.999742
18,Covers International,19,1
18,Covers International,20,1
18,Covers International,21,1
18,Covers International,22,1
18,Covers International,23,1
18,Covers International,24,1
18,Covers International,25,1
18,Covers International,26,1
18,Covers International,27,1
18,Covers International,28,1
18,Covers International,29,1
18,Covers International,30,1
18,Covers International,31,1
18,Covers International,32,1
18,Covers International,33,1
18,Covers International,34,1
18,Covers International,35,1
18,Covers International,36,1
18,Covers International,37,1
18,Covers International,38,1
18,Covers International,39,1
18,Covers International,40,1
18,Covers International,41,1
18,Covers International,42,1
18,Covers International,43,1
18,Covers International,44,1
18,Covers International,45,1
18,Covers International,46,1
18,Covers International,47,1
18,Covers International,48,1
18,Covers International,49,1
18,Covers International,50,1
18,Covers International,51,1
18,Covers International,52,1
18,Covers International,53,1
18,Covers International,54,1
18,Covers International,55,1
18,Covers International,56,1
18,Covers International,57,1
18,Covers International,58,1
18,Covers International,59,1
18,Covers International,60,1
18,Covers International,61,1
18,Covers International,62,1
18,Covers International,63,1
18,Covers International,64,1
18,Covers International,65,1
18,Covers International,66,1
18,Covers International,67,1
18,Covers International,68,1
18,Covers International,69,1
18,Covers International,70,1
18,Covers International,71,1
18,Covers International,72,1
18,Covers International,73,1
18,Covers International,74,1
18,Covers International,75,1
18,Covers International,76,1
18,Covers International,77,1
18,Covers International,78,1
18,Covers International,79,1
18,Covers International,80,1
