State,State Code,County,Lookup,AOP,WS,EQ,FL,Wildfire,PAF,Equipment Breakdown
Alabama,AL,Autauga County,ALAutauga County,Include,Include,Include,Include,Include,Include,Include
Alabama,AL,Baldwin County,ALBaldwin County,Include,Include,Include,Include,Include,Include,Include
Alabama,AL,Barbour County,ALBarbour County,Include,Include,Include,Include,Include,Include,Include
Alabama,AL,Bibb County,ALBibb County,Include,Include,Include,Include,Include,Include,Include
Alabama,AL,Blount County,ALBlount County,Include,Include,Include,Include,Include,Include,Include
Alabama,AL,Bullock County,ALBullock County,Include,Include,Include,Include,Include,Include,Include
Alabama,AL,Butler County,ALButler County,Include,Include,Include,Include,Include,Include,Include
Alabama,AL,Calhoun County,ALCalhoun County,Include,Include,Include,Include,Include,Include,Include
Alabama,AL,Chambers County,ALChambers County,Include,Include,Include,Include,Include,Include,Include
Alabama,AL,Cherokee County,ALCherokee County,Include,Include,Include,Include,Include,Include,Include
Alabama,AL,Chilton County,ALChilton County,Include,Include,Include,Include,Include,Include,Include
Alabama,AL,Choctaw County,ALChoctaw County,Include,Include,Include,Include,Include,Include,Include
Alabama,AL,Clarke County,ALClarke County,Include,Include,Include,Include,Include,Include,Include
Alabama,AL,Clay County,ALClay County,Include,Include,Include,Include,Include,Include,Include
Alabama,AL,Cleburne County,ALCleburne County,Include,Include,Include,Include,Include,Include,Include
Alabama,AL,Coffee County,ALCoffee County,Include,Include,Include,Include,Include,Include,Include
Alabama,AL,Colbert County,ALColbert County,Include,Include,Include,Include,Include,Include,Include
Alabama,AL,Conecuh County,ALConecuh County,Include,Include,Include,Include,Include,Include,Include
Alabama,AL,Coosa County,ALCoosa County,Include,Include,Include,Include,Include,Include,Include
Alabama,AL,Covington County,ALCovington County,Include,Include,Include,Include,Include,Include,Include
Alabama,AL,Crenshaw County,ALCrenshaw County,Include,Include,Include,Include,Include,Include,Include
Alabama,AL,Cullman County,ALCullman County,Include,Include,Include,Include,Include,Include,Include
Alabama,AL,Dale County,ALDale County,Include,Include,Include,Include,Include,Include,Include
Alabama,AL,Dallas County,ALDallas County,Include,Include,Include,Include,Include,Include,Include
Alabama,AL,DeKalb County,ALDeKalb County,Include,Include,Include,Include,Include,Include,Include
Alabama,AL,Elmore County,ALElmore County,Include,Include,Include,Include,Include,Include,Include
Alabama,AL,Escambia County,ALEscambia County,Include,Include,Include,Include,Include,Include,Include
Alabama,AL,Etowah County,ALEtowah County,Include,Include,Include,Include,Include,Include,Include
Alabama,AL,Fayette County,ALFayette County,Include,Include,Include,Include,Include,Include,Include
Alabama,AL,Franklin County,ALFranklin County,Include,Include,Include,Include,Include,Include,Include
Alabama,AL,Geneva County,ALGeneva County,Include,Include,Include,Include,Include,Include,Include
Alabama,AL,Greene County,ALGreene County,Include,Include,Include,Include,Include,Include,Include
Alabama,AL,Hale County,ALHale County,Include,Include,Include,Include,Include,Include,Include
Alabama,AL,Henry County,ALHenry County,Include,Include,Include,Include,Include,Include,Include
Alabama,AL,Houston County,ALHouston County,Include,Include,Include,Include,Include,Include,Include
Alabama,AL,Jackson County,ALJackson County,Include,Include,Include,Include,Include,Include,Include
Alabama,AL,Jefferson County,ALJefferson County,Include,Include,Include,Include,Include,Include,Include
Alabama,AL,Lamar County,ALLamar County,Include,Include,Include,Include,Include,Include,Include
Alabama,AL,Lauderdale County,ALLauderdale County,Include,Include,Include,Include,Include,Include,Include
Alabama,AL,Lawrence County,ALLawrence County,Include,Include,Include,Include,Include,Include,Include
Alabama,AL,Lee County,ALLee County,Include,Include,Include,Include,Include,Include,Include
Alabama,AL,Limestone County,ALLimestone County,Include,Include,Include,Include,Include,Include,Include
Alabama,AL,Lowndes County,ALLowndes County,Include,Include,Include,Include,Include,Include,Include
Alabama,AL,Macon County,ALMacon County,Include,Include,Include,Include,Include,Include,Include
Alabama,AL,Madison County,ALMadison County,Include,Include,Include,Include,Include,Include,Include
Alabama,AL,Marengo County,ALMarengo County,Include,Include,Include,Include,Include,Include,Include
Alabama,AL,Marion County,ALMarion County,Include,Include,Include,Include,Include,Include,Include
Alabama,AL,Marshall County,ALMarshall County,Include,Include,Include,Include,Include,Include,Include
Alabama,AL,Mobile County,ALMobile County,Include,Include,Include,Include,Include,Include,Include
Alabama,AL,Monroe County,ALMonroe County,Include,Include,Include,Include,Include,Include,Include
Alabama,AL,Montgomery County,ALMontgomery County,Include,Include,Include,Include,Include,Include,Include
Alabama,AL,Morgan County,ALMorgan County,Include,Include,Include,Include,Include,Include,Include
Alabama,AL,Perry County,ALPerry County,Include,Include,Include,Include,Include,Include,Include
Alabama,AL,Pickens County,ALPickens County,Include,Include,Include,Include,Include,Include,Include
Alabama,AL,Pike County,ALPike County,Include,Include,Include,Include,Include,Include,Include
Alabama,AL,Randolph County,ALRandolph County,Include,Include,Include,Include,Include,Include,Include
Alabama,AL,Russell County,ALRussell County,Include,Include,Include,Include,Include,Include,Include
Alabama,AL,Shelby County,ALShelby County,Include,Include,Include,Include,Include,Include,Include
Alabama,AL,St. Clair County,ALSt. Clair County,Include,Include,Include,Include,Include,Include,Include
Alabama,AL,Sumter County,ALSumter County,Include,Include,Include,Include,Include,Include,Include
Alabama,AL,Talladega County,ALTalladega County,Include,Include,Include,Include,Include,Include,Include
Alabama,AL,Tallapoosa County,ALTallapoosa County,Include,Include,Include,Include,Include,Include,Include
Alabama,AL,Tuscaloosa County,ALTuscaloosa County,Include,Include,Include,Include,Include,Include,Include
Alabama,AL,Walker County,ALWalker County,Include,Include,Include,Include,Include,Include,Include
Alabama,AL,Washington County,ALWashington County,Include,Include,Include,Include,Include,Include,Include
Alabama,AL,Wilcox County,ALWilcox County,Include,Include,Include,Include,Include,Include,Include
Alabama,AL,Winston County,ALWinston County,Include,Include,Include,Include,Include,Include,Include
Alaska,AK,Aleutians East Borough,AKAleutians East Borough,Exclude,Include,Include,Include,Include,Include,Include
Alaska,AK,Aleutians West Census Area,AKAleutians West Census Area,Exclude,Include,Include,Include,Include,Include,Include
Alaska,AK,"Anchorage, Municipality of","AKAnchorage, Municipality of",Exclude,Include,Include,Include,Include,Include,Include
Alaska,AK,Bethel Census Area,AKBethel Census Area,Exclude,Include,Include,Include,Include,Include,Include
Alaska,AK,Bristol Bay Borough,AKBristol Bay Borough,Exclude,Include,Include,Include,Include,Include,Include
Alaska,AK,Denali Borough,AKDenali Borough,Exclude,Include,Include,Include,Include,Include,Include
Alaska,AK,Dillingham Census Area,AKDillingham Census Area,Exclude,Include,Include,Include,Include,Include,Include
Alaska,AK,Fairbanks Excluderth Star Borough,AKFairbanks Excluderth Star Borough,Exclude,Include,Include,Include,Include,Include,Include
Alaska,AK,Haines Borough,AKHaines Borough,Exclude,Include,Include,Include,Include,Include,Include
Alaska,AK,Hoonah-Angoon Census Area,AKHoonah-Angoon Census Area,Exclude,Include,Include,Include,Include,Include,Include
Alaska,AK,"Juneau, City and Borough","AKJuneau, City and Borough",Exclude,Include,Include,Include,Include,Include,Include
Alaska,AK,Kenai Peninsula Borough,AKKenai Peninsula Borough,Exclude,Include,Include,Include,Include,Include,Include
Alaska,AK,Ketchikan Gateway Borough,AKKetchikan Gateway Borough,Exclude,Include,Include,Include,Include,Include,Include
Alaska,AK,Kodiak Island Borough,AKKodiak Island Borough,Exclude,Include,Include,Include,Include,Include,Include
Alaska,AK,Lake and Peninsula Borough,AKLake and Peninsula Borough,Exclude,Include,Include,Include,Include,Include,Include
Alaska,AK,Matanuska-Susitna Borough,AKMatanuska-Susitna Borough,Exclude,Include,Include,Include,Include,Include,Include
Alaska,AK,Excludeme Census Area,AKExcludeme Census Area,Exclude,Include,Include,Include,Include,Include,Include
Alaska,AK,Excluderth Slope Borough,AKExcluderth Slope Borough,Exclude,Include,Include,Include,Include,Include,Include
Alaska,AK,Excluderthwest Arctic Borough,AKExcluderthwest Arctic Borough,Exclude,Include,Include,Include,Include,Include,Include
Alaska,AK,Petersburg Census Area,AKPetersburg Census Area,Exclude,Include,Include,Include,Include,Include,Include
Alaska,AK,Prince of Wales-Hyder Census Area,AKPrince of Wales-Hyder Census Area,Exclude,Include,Include,Include,Include,Include,Include
Alaska,AK,"Sitka, City and Borough of","AKSitka, City and Borough of",Exclude,Include,Include,Include,Include,Include,Include
Alaska,AK,"Skagway Borough, Municipality of","AKSkagway Borough, Municipality of",Exclude,Include,Include,Include,Include,Include,Include
Alaska,AK,Southeast Fairbanks Census Area,AKSoutheast Fairbanks Census Area,Exclude,Include,Include,Include,Include,Include,Include
Alaska,AK,Valdez-Cordova Census Area,AKValdez-Cordova Census Area,Exclude,Include,Include,Include,Include,Include,Include
Alaska,AK,Wade Hampton Census Area,AKWade Hampton Census Area,Exclude,Include,Include,Include,Include,Include,Include
Alaska,AK,"Wrangell, City and Borough of","AKWrangell, City and Borough of",Exclude,Include,Include,Include,Include,Include,Include
Alaska,AK,"Yakutat, City and Borough of","AKYakutat, City and Borough of",Exclude,Include,Include,Include,Include,Include,Include
Alaska,AK,Yukon-Koyukuk Census Area,AKYukon-Koyukuk Census Area,Exclude,Include,Include,Include,Include,Include,Include
Arizona,AZ,Apache County,AZApache County,Include,Include,Include,Include,Include,Include,Include
Arizona,AZ,Cochise County,AZCochise County,Include,Include,Include,Include,Include,Include,Include
Arizona,AZ,CoconiExclude County,AZCoconiExclude County,Include,Include,Include,Include,Include,Include,Include
Arizona,AZ,Gila County,AZGila County,Include,Include,Include,Include,Include,Include,Include
Arizona,AZ,Graham County,AZGraham County,Include,Include,Include,Include,Include,Include,Include
Arizona,AZ,Greenlee County,AZGreenlee County,Include,Include,Include,Include,Include,Include,Include
Arizona,AZ,La Paz County,AZLa Paz County,Include,Include,Include,Include,Include,Include,Include
Arizona,AZ,Maricopa County,AZMaricopa County,Include,Include,Include,Include,Include,Include,Include
Arizona,AZ,Mohave County,AZMohave County,Include,Include,Include,Include,Include,Include,Include
Arizona,AZ,Navajo County,AZNavajo County,Include,Include,Include,Include,Include,Include,Include
Arizona,AZ,Pima County,AZPima County,Include,Include,Include,Include,Include,Include,Include
Arizona,AZ,Pinal County,AZPinal County,Include,Include,Include,Include,Include,Include,Include
Arizona,AZ,Santa Cruz County,AZSanta Cruz County,Include,Include,Include,Include,Include,Include,Include
Arizona,AZ,Yavapai County,AZYavapai County,Include,Include,Include,Include,Include,Include,Include
Arizona,AZ,Yuma County,AZYuma County,Include,Include,Include,Include,Include,Include,Include
Arkansas,AR,Arkansas County,ARArkansas County,Include,Include,Include,Include,Include,Include,Include
Arkansas,AR,Ashley County,ARAshley County,Include,Include,Include,Include,Include,Include,Include
Arkansas,AR,Baxter County,ARBaxter County,Include,Include,Include,Include,Include,Include,Include
Arkansas,AR,Benton County,ARBenton County,Include,Include,Include,Include,Include,Include,Include
Arkansas,AR,Boone County,ARBoone County,Include,Include,Include,Include,Include,Include,Include
Arkansas,AR,Bradley County,ARBradley County,Include,Include,Include,Include,Include,Include,Include
Arkansas,AR,Calhoun County,ARCalhoun County,Include,Include,Include,Include,Include,Include,Include
Arkansas,AR,Carroll County,ARCarroll County,Include,Include,Include,Include,Include,Include,Include
Arkansas,AR,Chicot County,ARChicot County,Include,Include,Include,Include,Include,Include,Include
Arkansas,AR,Clark County,ARClark County,Include,Include,Include,Include,Include,Include,Include
Arkansas,AR,Clay County,ARClay County,Include,Include,Include,Include,Include,Include,Include
Arkansas,AR,Cleburne County,ARCleburne County,Include,Include,Include,Include,Include,Include,Include
Arkansas,AR,Cleveland County,ARCleveland County,Include,Include,Include,Include,Include,Include,Include
Arkansas,AR,Columbia County,ARColumbia County,Include,Include,Include,Include,Include,Include,Include
Arkansas,AR,Conway County,ARConway County,Include,Include,Include,Include,Include,Include,Include
Arkansas,AR,Craighead County,ARCraighead County,Include,Include,Include,Include,Include,Include,Include
Arkansas,AR,Crawford County,ARCrawford County,Include,Include,Include,Include,Include,Include,Include
Arkansas,AR,Crittenden County,ARCrittenden County,Include,Include,Include,Include,Include,Include,Include
Arkansas,AR,Cross County,ARCross County,Include,Include,Include,Include,Include,Include,Include
Arkansas,AR,Dallas County,ARDallas County,Include,Include,Include,Include,Include,Include,Include
Arkansas,AR,Desha County,ARDesha County,Include,Include,Include,Include,Include,Include,Include
Arkansas,AR,Drew County,ARDrew County,Include,Include,Include,Include,Include,Include,Include
Arkansas,AR,Faulkner County,ARFaulkner County,Include,Include,Include,Include,Include,Include,Include
Arkansas,AR,Franklin County,ARFranklin County,Include,Include,Include,Include,Include,Include,Include
Arkansas,AR,Fulton County,ARFulton County,Include,Include,Include,Include,Include,Include,Include
Arkansas,AR,Garland County,ARGarland County,Include,Include,Include,Include,Include,Include,Include
Arkansas,AR,Grant County,ARGrant County,Include,Include,Include,Include,Include,Include,Include
Arkansas,AR,Greene County,ARGreene County,Include,Include,Include,Include,Include,Include,Include
Arkansas,AR,Hempstead County,ARHempstead County,Include,Include,Include,Include,Include,Include,Include
Arkansas,AR,Hot Spring County,ARHot Spring County,Include,Include,Include,Include,Include,Include,Include
Arkansas,AR,Howard County,ARHoward County,Include,Include,Include,Include,Include,Include,Include
Arkansas,AR,Independence County,ARIndependence County,Include,Include,Include,Include,Include,Include,Include
Arkansas,AR,Izard County,ARIzard County,Include,Include,Include,Include,Include,Include,Include
Arkansas,AR,Jackson County,ARJackson County,Include,Include,Include,Include,Include,Include,Include
Arkansas,AR,Jefferson County,ARJefferson County,Include,Include,Include,Include,Include,Include,Include
Arkansas,AR,Johnson County,ARJohnson County,Include,Include,Include,Include,Include,Include,Include
Arkansas,AR,Lafayette County,ARLafayette County,Include,Include,Include,Include,Include,Include,Include
Arkansas,AR,Lawrence County,ARLawrence County,Include,Include,Include,Include,Include,Include,Include
Arkansas,AR,Lee County,ARLee County,Include,Include,Include,Include,Include,Include,Include
Arkansas,AR,Lincoln County,ARLincoln County,Include,Include,Include,Include,Include,Include,Include
Arkansas,AR,Little River County,ARLittle River County,Include,Include,Include,Include,Include,Include,Include
Arkansas,AR,Logan County,ARLogan County,Include,Include,Include,Include,Include,Include,Include
Arkansas,AR,LoExcludeke County,ARLoExcludeke County,Include,Include,Include,Include,Include,Include,Include
Arkansas,AR,Madison County,ARMadison County,Include,Include,Include,Include,Include,Include,Include
Arkansas,AR,Marion County,ARMarion County,Include,Include,Include,Include,Include,Include,Include
Arkansas,AR,Miller County,ARMiller County,Include,Include,Include,Include,Include,Include,Include
Arkansas,AR,Mississippi County,ARMississippi County,Include,Include,Include,Include,Include,Include,Include
Arkansas,AR,Monroe County,ARMonroe County,Include,Include,Include,Include,Include,Include,Include
Arkansas,AR,Montgomery County,ARMontgomery County,Include,Include,Include,Include,Include,Include,Include
Arkansas,AR,Nevada County,ARNevada County,Include,Include,Include,Include,Include,Include,Include
Arkansas,AR,Newton County,ARNewton County,Include,Include,Include,Include,Include,Include,Include
Arkansas,AR,Ouachita County,AROuachita County,Include,Include,Include,Include,Include,Include,Include
Arkansas,AR,Perry County,ARPerry County,Include,Include,Include,Include,Include,Include,Include
Arkansas,AR,Phillips County,ARPhillips County,Include,Include,Include,Include,Include,Include,Include
Arkansas,AR,Pike County,ARPike County,Include,Include,Include,Include,Include,Include,Include
Arkansas,AR,Poinsett County,ARPoinsett County,Include,Include,Include,Include,Include,Include,Include
Arkansas,AR,Polk County,ARPolk County,Include,Include,Include,Include,Include,Include,Include
Arkansas,AR,Pope County,ARPope County,Include,Include,Include,Include,Include,Include,Include
Arkansas,AR,Prairie County,ARPrairie County,Include,Include,Include,Include,Include,Include,Include
Arkansas,AR,Pulaski County,ARPulaski County,Include,Include,Include,Include,Include,Include,Include
Arkansas,AR,Randolph County,ARRandolph County,Include,Include,Include,Include,Include,Include,Include
Arkansas,AR,Saline County,ARSaline County,Include,Include,Include,Include,Include,Include,Include
Arkansas,AR,Scott County,ARScott County,Include,Include,Include,Include,Include,Include,Include
Arkansas,AR,Searcy County,ARSearcy County,Include,Include,Include,Include,Include,Include,Include
Arkansas,AR,Sebastian County,ARSebastian County,Include,Include,Include,Include,Include,Include,Include
Arkansas,AR,Sevier County,ARSevier County,Include,Include,Include,Include,Include,Include,Include
Arkansas,AR,Sharp County,ARSharp County,Include,Include,Include,Include,Include,Include,Include
Arkansas,AR,St. Francis County,ARSt. Francis County,Include,Include,Include,Include,Include,Include,Include
Arkansas,AR,Stone County,ARStone County,Include,Include,Include,Include,Include,Include,Include
Arkansas,AR,Union County,ARUnion County,Include,Include,Include,Include,Include,Include,Include
Arkansas,AR,Van Buren County,ARVan Buren County,Include,Include,Include,Include,Include,Include,Include
Arkansas,AR,Washington County,ARWashington County,Include,Include,Include,Include,Include,Include,Include
Arkansas,AR,White County,ARWhite County,Include,Include,Include,Include,Include,Include,Include
Arkansas,AR,Woodruff County,ARWoodruff County,Include,Include,Include,Include,Include,Include,Include
Arkansas,AR,Yell County,ARYell County,Include,Include,Include,Include,Include,Include,Include
California,CA,Alameda County,CAAlameda County,Exclude,Include,Include,Include,Include,Include,Include
California,CA,Alpine County,CAAlpine County,Exclude,Include,Include,Include,Include,Include,Include
California,CA,Amador County,CAAmador County,Exclude,Include,Include,Include,Include,Include,Include
California,CA,Butte County,CAButte County,Exclude,Include,Include,Include,Include,Include,Include
California,CA,Calaveras County,CACalaveras County,Exclude,Include,Include,Include,Include,Include,Include
California,CA,Colusa County,CAColusa County,Exclude,Include,Include,Include,Include,Include,Include
California,CA,Contra Costa County,CAContra Costa County,Exclude,Include,Include,Include,Include,Include,Include
California,CA,Del Excluderte County,CADel Excluderte County,Exclude,Include,Include,Include,Include,Include,Include
California,CA,El Dorado County,CAEl Dorado County,Exclude,Include,Include,Include,Include,Include,Include
California,CA,FresExclude County,CAFresExclude County,Exclude,Include,Include,Include,Include,Include,Include
California,CA,Glenn County,CAGlenn County,Exclude,Include,Include,Include,Include,Include,Include
California,CA,Humboldt County,CAHumboldt County,Exclude,Include,Include,Include,Include,Include,Include
California,CA,Imperial County,CAImperial County,Exclude,Include,Include,Include,Include,Include,Include
California,CA,Inyo County,CAInyo County,Exclude,Include,Include,Include,Include,Include,Include
California,CA,Kern County,CAKern County,Exclude,Include,Include,Include,Include,Include,Include
California,CA,Kings County,CAKings County,Exclude,Include,Include,Include,Include,Include,Include
California,CA,Lake County,CALake County,Exclude,Include,Include,Include,Include,Include,Include
California,CA,Lassen County,CALassen County,Exclude,Include,Include,Include,Include,Include,Include
California,CA,Los Angeles County,CALos Angeles County,Exclude,Include,Include,Include,Include,Include,Include
California,CA,Madera County,CAMadera County,Exclude,Include,Include,Include,Include,Include,Include
California,CA,Marin County,CAMarin County,Exclude,Include,Include,Include,Include,Include,Include
California,CA,Mariposa County,CAMariposa County,Exclude,Include,Include,Include,Include,Include,Include
California,CA,MendociExclude County,CAMendociExclude County,Exclude,Include,Include,Include,Include,Include,Include
California,CA,Merced County,CAMerced County,Exclude,Include,Include,Include,Include,Include,Include
California,CA,Modoc County,CAModoc County,Exclude,Include,Include,Include,Include,Include,Include
California,CA,MoExclude County,CAMoExclude County,Exclude,Include,Include,Include,Include,Include,Include
California,CA,Monterey County,CAMonterey County,Exclude,Include,Include,Include,Include,Include,Include
California,CA,Napa County,CANapa County,Exclude,Include,Include,Include,Include,Include,Include
California,CA,Nevada County,CANevada County,Exclude,Include,Include,Include,Include,Include,Include
California,CA,Orange County,CAOrange County,Exclude,Include,Include,Include,Include,Include,Include
California,CA,Placer County,CAPlacer County,Exclude,Include,Include,Include,Include,Include,Include
California,CA,Plumas County,CAPlumas County,Exclude,Include,Include,Include,Include,Include,Include
California,CA,Riverside County,CARiverside County,Exclude,Include,Include,Include,Include,Include,Include
California,CA,Sacramento County,CASacramento County,Exclude,Include,Include,Include,Include,Include,Include
California,CA,San Benito County,CASan Benito County,Exclude,Include,Include,Include,Include,Include,Include
California,CA,San BernardiExclude County,CASan BernardiExclude County,Exclude,Include,Include,Include,Include,Include,Include
California,CA,San Diego County,CASan Diego County,Exclude,Include,Include,Include,Include,Include,Include
California,CA,"San Francisco, City and County of","CASan Francisco, City and County of",Exclude,Include,Include,Include,Include,Include,Include
California,CA,San Joaquin County,CASan Joaquin County,Exclude,Include,Include,Include,Include,Include,Include
California,CA,San Luis Obispo County,CASan Luis Obispo County,Exclude,Include,Include,Include,Include,Include,Include
California,CA,San Mateo County,CASan Mateo County,Exclude,Include,Include,Include,Include,Include,Include
California,CA,Santa Barbara County,CASanta Barbara County,Exclude,Include,Include,Include,Include,Include,Include
California,CA,Santa Clara County,CASanta Clara County,Exclude,Include,Include,Include,Include,Include,Include
California,CA,Santa Cruz County,CASanta Cruz County,Exclude,Include,Include,Include,Include,Include,Include
California,CA,Shasta County,CAShasta County,Exclude,Include,Include,Include,Include,Include,Include
California,CA,Sierra County,CASierra County,Exclude,Include,Include,Include,Include,Include,Include
California,CA,Siskiyou County,CASiskiyou County,Exclude,Include,Include,Include,Include,Include,Include
California,CA,SolaExclude County,CASolaExclude County,Exclude,Include,Include,Include,Include,Include,Include
California,CA,SoExcludema County,CASoExcludema County,Exclude,Include,Include,Include,Include,Include,Include
California,CA,Stanislaus County,CAStanislaus County,Exclude,Include,Include,Include,Include,Include,Include
California,CA,Sutter County,CASutter County,Exclude,Include,Include,Include,Include,Include,Include
California,CA,Tehama County,CATehama County,Exclude,Include,Include,Include,Include,Include,Include
California,CA,Trinity County,CATrinity County,Exclude,Include,Include,Include,Include,Include,Include
California,CA,Tulare County,CATulare County,Exclude,Include,Include,Include,Include,Include,Include
California,CA,Tuolumne County,CATuolumne County,Exclude,Include,Include,Include,Include,Include,Include
California,CA,Ventura County,CAVentura County,Exclude,Include,Include,Include,Include,Include,Include
California,CA,Yolo County,CAYolo County,Exclude,Include,Include,Include,Include,Include,Include
California,CA,Yuba County,CAYuba County,Exclude,Include,Include,Include,Include,Include,Include
Colorado,CO,Adams County,COAdams County,Include,Include,Include,Include,Include,Include,Include
Colorado,CO,Alamosa County,COAlamosa County,Include,Include,Include,Include,Include,Include,Include
Colorado,CO,Arapahoe County,COArapahoe County,Include,Include,Include,Include,Include,Include,Include
Colorado,CO,Archuleta County,COArchuleta County,Include,Include,Include,Include,Include,Include,Include
Colorado,CO,Baca County,COBaca County,Include,Include,Include,Include,Include,Include,Include
Colorado,CO,Bent County,COBent County,Include,Include,Include,Include,Include,Include,Include
Colorado,CO,Boulder County,COBoulder County,Include,Include,Include,Include,Include,Include,Include
Colorado,CO,Broomfield County,COBroomfield County,Include,Include,Include,Include,Include,Include,Include
Colorado,CO,"Broomfield, City and County of","COBroomfield, City and County of",Include,Include,Include,Include,Include,Include,Include
Colorado,CO,Chaffee County,COChaffee County,Include,Include,Include,Include,Include,Include,Include
Colorado,CO,Cheyenne County,COCheyenne County,Include,Include,Include,Include,Include,Include,Include
Colorado,CO,Clear Creek County,COClear Creek County,Include,Include,Include,Include,Include,Include,Include
Colorado,CO,Conejos County,COConejos County,Include,Include,Include,Include,Include,Include,Include
Colorado,CO,Costilla County,COCostilla County,Include,Include,Include,Include,Include,Include,Include
Colorado,CO,Crowley County,COCrowley County,Include,Include,Include,Include,Include,Include,Include
Colorado,CO,Custer County,COCuster County,Include,Include,Include,Include,Include,Include,Include
Colorado,CO,Delta County,CODelta County,Include,Include,Include,Include,Include,Include,Include
Colorado,CO,Denver County,CODenver County,Include,Include,Include,Include,Include,Include,Include
Colorado,CO,"Denver, City and County of","CODenver, City and County of",Include,Include,Include,Include,Include,Include,Include
Colorado,CO,Dolores County,CODolores County,Include,Include,Include,Include,Include,Include,Include
Colorado,CO,Douglas County,CODouglas County,Include,Include,Include,Include,Include,Include,Include
Colorado,CO,Eagle County,COEagle County,Include,Include,Include,Include,Include,Include,Include
Colorado,CO,El Paso County,COEl Paso County,Include,Include,Include,Include,Include,Include,Include
Colorado,CO,Elbert County,COElbert County,Include,Include,Include,Include,Include,Include,Include
Colorado,CO,Fremont County,COFremont County,Include,Include,Include,Include,Include,Include,Include
Colorado,CO,Garfield County,COGarfield County,Include,Include,Include,Include,Include,Include,Include
Colorado,CO,Gilpin County,COGilpin County,Include,Include,Include,Include,Include,Include,Include
Colorado,CO,Grand County,COGrand County,Include,Include,Include,Include,Include,Include,Include
Colorado,CO,Gunnison County,COGunnison County,Include,Include,Include,Include,Include,Include,Include
Colorado,CO,Hinsdale County,COHinsdale County,Include,Include,Include,Include,Include,Include,Include
Colorado,CO,HuerfaExclude County,COHuerfaExclude County,Include,Include,Include,Include,Include,Include,Include
Colorado,CO,Jackson County,COJackson County,Include,Include,Include,Include,Include,Include,Include
Colorado,CO,Jefferson County,COJefferson County,Include,Include,Include,Include,Include,Include,Include
Colorado,CO,Kiowa County,COKiowa County,Include,Include,Include,Include,Include,Include,Include
Colorado,CO,Kit Carson County,COKit Carson County,Include,Include,Include,Include,Include,Include,Include
Colorado,CO,La Plata County,COLa Plata County,Include,Include,Include,Include,Include,Include,Include
Colorado,CO,Lake County,COLake County,Include,Include,Include,Include,Include,Include,Include
Colorado,CO,Larimer County,COLarimer County,Include,Include,Include,Include,Include,Include,Include
Colorado,CO,Las Animas County,COLas Animas County,Include,Include,Include,Include,Include,Include,Include
Colorado,CO,Lincoln County,COLincoln County,Include,Include,Include,Include,Include,Include,Include
Colorado,CO,Logan County,COLogan County,Include,Include,Include,Include,Include,Include,Include
Colorado,CO,Mesa County,COMesa County,Include,Include,Include,Include,Include,Include,Include
Colorado,CO,Mineral County,COMineral County,Include,Include,Include,Include,Include,Include,Include
Colorado,CO,Moffat County,COMoffat County,Include,Include,Include,Include,Include,Include,Include
Colorado,CO,Montezuma County,COMontezuma County,Include,Include,Include,Include,Include,Include,Include
Colorado,CO,Montrose County,COMontrose County,Include,Include,Include,Include,Include,Include,Include
Colorado,CO,Morgan County,COMorgan County,Include,Include,Include,Include,Include,Include,Include
Colorado,CO,Otero County,COOtero County,Include,Include,Include,Include,Include,Include,Include
Colorado,CO,Ouray County,COOuray County,Include,Include,Include,Include,Include,Include,Include
Colorado,CO,Park County,COPark County,Include,Include,Include,Include,Include,Include,Include
Colorado,CO,Phillips County,COPhillips County,Include,Include,Include,Include,Include,Include,Include
Colorado,CO,Pitkin County,COPitkin County,Include,Include,Include,Include,Include,Include,Include
Colorado,CO,Prowers County,COProwers County,Include,Include,Include,Include,Include,Include,Include
Colorado,CO,Pueblo County,COPueblo County,Include,Include,Include,Include,Include,Include,Include
Colorado,CO,Rio Blanco County,CORio Blanco County,Include,Include,Include,Include,Include,Include,Include
Colorado,CO,Rio Grande County,CORio Grande County,Include,Include,Include,Include,Include,Include,Include
Colorado,CO,Routt County,CORoutt County,Include,Include,Include,Include,Include,Include,Include
Colorado,CO,Saguache County,COSaguache County,Include,Include,Include,Include,Include,Include,Include
Colorado,CO,San Juan County,COSan Juan County,Include,Include,Include,Include,Include,Include,Include
Colorado,CO,San Miguel County,COSan Miguel County,Include,Include,Include,Include,Include,Include,Include
Colorado,CO,Sedgwick County,COSedgwick County,Include,Include,Include,Include,Include,Include,Include
Colorado,CO,Summit County,COSummit County,Include,Include,Include,Include,Include,Include,Include
Colorado,CO,Teller County,COTeller County,Include,Include,Include,Include,Include,Include,Include
Colorado,CO,Washington County,COWashington County,Include,Include,Include,Include,Include,Include,Include
Colorado,CO,Weld County,COWeld County,Include,Include,Include,Include,Include,Include,Include
Colorado,CO,Yuma County,COYuma County,Include,Include,Include,Include,Include,Include,Include
Connecticut,CT,Fairfield County,CTFairfield County,Include,Include,Include,Include,Include,Include,Include
Connecticut,CT,Hartford County,CTHartford County,Include,Include,Include,Include,Include,Include,Include
Connecticut,CT,Litchfield County,CTLitchfield County,Include,Include,Include,Include,Include,Include,Include
Connecticut,CT,Middlesex County,CTMiddlesex County,Include,Include,Include,Include,Include,Include,Include
Connecticut,CT,New Haven County,CTNew Haven County,Include,Include,Include,Include,Include,Include,Include
Connecticut,CT,New London County,CTNew London County,Include,Include,Include,Include,Include,Include,Include
Connecticut,CT,Tolland County,CTTolland County,Include,Include,Include,Include,Include,Include,Include
Connecticut,CT,Windham County,CTWindham County,Include,Include,Include,Include,Include,Include,Include
Delaware,DE,Kent County,DEKent County,Include,Include,Include,Include,Include,Include,Include
Delaware,DE,New Castle County,DENew Castle County,Include,Include,Include,Include,Include,Include,Include
Delaware,DE,Sussex County,DESussex County,Include,Include,Include,Include,Include,Include,Include
District of Columbia,DC,District of Columbia,DCDistrict of Columbia,Include,Include,Include,Include,Include,Include,Include
Florida,FL,Alachua County,FLAlachua County,Include,Include,Include,Include,Include,Include,Include
Florida,FL,Baker County,FLBaker County,Include,Include,Include,Include,Include,Include,Include
Florida,FL,Bay County,FLBay County,Include,Include,Include,Include,Include,Include,Include
Florida,FL,Bradford County,FLBradford County,Include,Include,Include,Include,Include,Include,Include
Florida,FL,Brevard County,FLBrevard County,Include,Include,Include,Include,Include,Include,Include
Florida,FL,Broward County,FLBroward County,Include,Exclude,Include,Include,Include,Include,Include
Florida,FL,Calhoun County,FLCalhoun County,Include,Include,Include,Include,Include,Include,Include
Florida,FL,Charlotte County,FLCharlotte County,Include,Exclude,Include,Include,Include,Include,Include
Florida,FL,Citrus County,FLCitrus County,Include,Include,Include,Include,Include,Include,Include
Florida,FL,Clay County,FLClay County,Include,Include,Include,Include,Include,Include,Include
Florida,FL,Collier County,FLCollier County,Include,Exclude,Include,Include,Include,Include,Include
Florida,FL,Columbia County,FLColumbia County,Include,Include,Include,Include,Include,Include,Include
Florida,FL,DeSoto County,FLDeSoto County,Include,Exclude,Include,Include,Include,Include,Include
Florida,FL,Dixie County,FLDixie County,Include,Include,Include,Include,Include,Include,Include
Florida,FL,Duval County,FLDuval County,Include,Include,Include,Include,Include,Include,Include
Florida,FL,Escambia County,FLEscambia County,Include,Include,Include,Include,Include,Include,Include
Florida,FL,Flagler County,FLFlagler County,Include,Include,Include,Include,Include,Include,Include
Florida,FL,Franklin County,FLFranklin County,Include,Include,Include,Include,Include,Include,Include
Florida,FL,Gadsden County,FLGadsden County,Include,Include,Include,Include,Include,Include,Include
Florida,FL,Gilchrist County,FLGilchrist County,Include,Include,Include,Include,Include,Include,Include
Florida,FL,Glades County,FLGlades County,Include,Include,Include,Include,Include,Include,Include
Florida,FL,Gulf County,FLGulf County,Include,Include,Include,Include,Include,Include,Include
Florida,FL,Hamilton County,FLHamilton County,Include,Include,Include,Include,Include,Include,Include
Florida,FL,Hardee County,FLHardee County,Include,Exclude,Include,Include,Include,Include,Include
Florida,FL,Hendry County,FLHendry County,Include,Exclude,Include,Include,Include,Include,Include
Florida,FL,Hernando County,FLHernando County,Include,Include,Include,Include,Include,Include,Include
Florida,FL,Highlands County,FLHighlands County,Include,Exclude,Include,Include,Include,Include,Include
Florida,FL,Hillsborough County,FLHillsborough County,Include,Exclude,Include,Include,Include,Include,Include
Florida,FL,Holmes County,FLHolmes County,Include,Include,Include,Include,Include,Include,Include
Florida,FL,Indian River County,FLIndian River County,Include,Exclude,Include,Include,Include,Include,Include
Florida,FL,Jackson County,FLJackson County,Include,Include,Include,Include,Include,Include,Include
Florida,FL,Jefferson County,FLJefferson County,Include,Include,Include,Include,Include,Include,Include
Florida,FL,Lafayette County,FLLafayette County,Include,Include,Include,Include,Include,Include,Include
Florida,FL,Lake County,FLLake County,Include,Include,Include,Include,Include,Include,Include
Florida,FL,Lee County,FLLee County,Include,Exclude,Include,Include,Include,Include,Include
Florida,FL,Leon County,FLLeon County,Include,Include,Include,Include,Include,Include,Include
Florida,FL,Levy County,FLLevy County,Include,Include,Include,Include,Include,Include,Include
Florida,FL,Liberty County,FLLiberty County,Include,Include,Include,Include,Include,Include,Include
Florida,FL,Madison County,FLMadison County,Include,Include,Include,Include,Include,Include,Include
Florida,FL,Manatee County,FLManatee County,Include,Exclude,Include,Include,Include,Include,Include
Florida,FL,Marion County,FLMarion County,Include,Include,Include,Include,Include,Include,Include
Florida,FL,Martin County,FLMartin County,Include,Exclude,Include,Include,Include,Include,Include
Florida,FL,Miami-Dade County,FLMiami-Dade County,Include,Exclude,Include,Include,Include,Include,Include
Florida,FL,Monroe County,FLMonroe County,Include,Exclude,Include,Include,Include,Include,Include
Florida,FL,Nassau County,FLNassau County,Include,Include,Include,Include,Include,Include,Include
Florida,FL,Okaloosa County,FLOkaloosa County,Include,Include,Include,Include,Include,Include,Include
Florida,FL,Okeechobee County,FLOkeechobee County,Include,Exclude,Include,Include,Include,Include,Include
Florida,FL,Orange County,FLOrange County,Include,Include,Include,Include,Include,Include,Include
Florida,FL,Osceola County,FLOsceola County,Include,Exclude,Include,Include,Include,Include,Include
Florida,FL,Palm Beach County,FLPalm Beach County,Include,Exclude,Include,Include,Include,Include,Include
Florida,FL,Pasco County,FLPasco County,Include,Include,Include,Include,Include,Include,Include
Florida,FL,Pinellas County,FLPinellas County,Include,Exclude,Include,Include,Include,Include,Include
Florida,FL,Polk County,FLPolk County,Include,Exclude,Include,Include,Include,Include,Include
Florida,FL,Putnam County,FLPutnam County,Include,Include,Include,Include,Include,Include,Include
Florida,FL,Santa Rosa County,FLSanta Rosa County,Include,Include,Include,Include,Include,Include,Include
Florida,FL,Sarasota County,FLSarasota County,Include,Exclude,Include,Include,Include,Include,Include
Florida,FL,SemiExcludele County,FLSemiExcludele County,Include,Include,Include,Include,Include,Include,Include
Florida,FL,St. Johns County,FLSt. Johns County,Include,Include,Include,Include,Include,Include,Include
Florida,FL,St. Lucie County,FLSt. Lucie County,Include,Exclude,Include,Include,Include,Include,Include
Florida,FL,Sumter County,FLSumter County,Include,Include,Include,Include,Include,Include,Include
Florida,FL,Suwannee County,FLSuwannee County,Include,Include,Include,Include,Include,Include,Include
Florida,FL,Taylor County,FLTaylor County,Include,Include,Include,Include,Include,Include,Include
Florida,FL,Union County,FLUnion County,Include,Include,Include,Include,Include,Include,Include
Florida,FL,Volusia County,FLVolusia County,Include,Include,Include,Include,Include,Include,Include
Florida,FL,Wakulla County,FLWakulla County,Include,Include,Include,Include,Include,Include,Include
Florida,FL,Walton County,FLWalton County,Include,Include,Include,Include,Include,Include,Include
Florida,FL,Washington County,FLWashington County,Include,Include,Include,Include,Include,Include,Include
Georgia,GA,Appling County,GAAppling County,Include,Include,Include,Include,Include,Include,Include
Georgia,GA,Atkinson County,GAAtkinson County,Include,Include,Include,Include,Include,Include,Include
Georgia,GA,Bacon County,GABacon County,Include,Include,Include,Include,Include,Include,Include
Georgia,GA,Baker County,GABaker County,Include,Include,Include,Include,Include,Include,Include
Georgia,GA,Baldwin County,GABaldwin County,Include,Include,Include,Include,Include,Include,Include
Georgia,GA,Banks County,GABanks County,Include,Include,Include,Include,Include,Include,Include
Georgia,GA,Barrow County,GABarrow County,Include,Include,Include,Include,Include,Include,Include
Georgia,GA,Bartow County,GABartow County,Include,Include,Include,Include,Include,Include,Include
Georgia,GA,Ben Hill County,GABen Hill County,Include,Include,Include,Include,Include,Include,Include
Georgia,GA,Berrien County,GABerrien County,Include,Include,Include,Include,Include,Include,Include
Georgia,GA,Bibb County,GABibb County,Include,Include,Include,Include,Include,Include,Include
Georgia,GA,Bleckley County,GABleckley County,Include,Include,Include,Include,Include,Include,Include
Georgia,GA,Brantley County,GABrantley County,Include,Include,Include,Include,Include,Include,Include
Georgia,GA,Brooks County,GABrooks County,Include,Include,Include,Include,Include,Include,Include
Georgia,GA,Bryan County,GABryan County,Include,Include,Include,Include,Include,Include,Include
Georgia,GA,Bulloch County,GABulloch County,Include,Include,Include,Include,Include,Include,Include
Georgia,GA,Burke County,GABurke County,Include,Include,Include,Include,Include,Include,Include
Georgia,GA,Butts County,GAButts County,Include,Include,Include,Include,Include,Include,Include
Georgia,GA,Calhoun County,GACalhoun County,Include,Include,Include,Include,Include,Include,Include
Georgia,GA,Camden County,GACamden County,Include,Include,Include,Include,Include,Include,Include
Georgia,GA,Candler County,GACandler County,Include,Include,Include,Include,Include,Include,Include
Georgia,GA,Carroll County,GACarroll County,Include,Include,Include,Include,Include,Include,Include
Georgia,GA,Catoosa County,GACatoosa County,Include,Include,Include,Include,Include,Include,Include
Georgia,GA,Charlton County,GACharlton County,Include,Include,Include,Include,Include,Include,Include
Georgia,GA,Chatham County,GAChatham County,Include,Include,Include,Include,Include,Include,Include
Georgia,GA,Chattahoochee County,GAChattahoochee County,Include,Include,Include,Include,Include,Include,Include
Georgia,GA,Chattooga County,GAChattooga County,Include,Include,Include,Include,Include,Include,Include
Georgia,GA,Cherokee County,GACherokee County,Include,Include,Include,Include,Include,Include,Include
Georgia,GA,Clarke County,GAClarke County,Include,Include,Include,Include,Include,Include,Include
Georgia,GA,Clay County,GAClay County,Include,Include,Include,Include,Include,Include,Include
Georgia,GA,Clayton County,GAClayton County,Include,Include,Include,Include,Include,Include,Include
Georgia,GA,Clinch County,GAClinch County,Include,Include,Include,Include,Include,Include,Include
Georgia,GA,Cobb County,GACobb County,Include,Include,Include,Include,Include,Include,Include
Georgia,GA,Coffee County,GACoffee County,Include,Include,Include,Include,Include,Include,Include
Georgia,GA,Colquitt County,GAColquitt County,Include,Include,Include,Include,Include,Include,Include
Georgia,GA,Columbia County,GAColumbia County,Include,Include,Include,Include,Include,Include,Include
Georgia,GA,Cook County,GACook County,Include,Include,Include,Include,Include,Include,Include
Georgia,GA,Coweta County,GACoweta County,Include,Include,Include,Include,Include,Include,Include
Georgia,GA,Crawford County,GACrawford County,Include,Include,Include,Include,Include,Include,Include
Georgia,GA,Crisp County,GACrisp County,Include,Include,Include,Include,Include,Include,Include
Georgia,GA,Dade County,GADade County,Include,Include,Include,Include,Include,Include,Include
Georgia,GA,Dawson County,GADawson County,Include,Include,Include,Include,Include,Include,Include
Georgia,GA,Decatur County,GADecatur County,Include,Include,Include,Include,Include,Include,Include
Georgia,GA,DeKalb County,GADeKalb County,Include,Include,Include,Include,Include,Include,Include
Georgia,GA,Dodge County,GADodge County,Include,Include,Include,Include,Include,Include,Include
Georgia,GA,Dooly County,GADooly County,Include,Include,Include,Include,Include,Include,Include
Georgia,GA,Dougherty County,GADougherty County,Include,Include,Include,Include,Include,Include,Include
Georgia,GA,Douglas County,GADouglas County,Include,Include,Include,Include,Include,Include,Include
Georgia,GA,Early County,GAEarly County,Include,Include,Include,Include,Include,Include,Include
Georgia,GA,Echols County,GAEchols County,Include,Include,Include,Include,Include,Include,Include
Georgia,GA,Effingham County,GAEffingham County,Include,Include,Include,Include,Include,Include,Include
Georgia,GA,Elbert County,GAElbert County,Include,Include,Include,Include,Include,Include,Include
Georgia,GA,Emanuel County,GAEmanuel County,Include,Include,Include,Include,Include,Include,Include
Georgia,GA,Evans County,GAEvans County,Include,Include,Include,Include,Include,Include,Include
Georgia,GA,Fannin County,GAFannin County,Include,Include,Include,Include,Include,Include,Include
Georgia,GA,Fayette County,GAFayette County,Include,Include,Include,Include,Include,Include,Include
Georgia,GA,Floyd County,GAFloyd County,Include,Include,Include,Include,Include,Include,Include
Georgia,GA,Forsyth County,GAForsyth County,Include,Include,Include,Include,Include,Include,Include
Georgia,GA,Franklin County,GAFranklin County,Include,Include,Include,Include,Include,Include,Include
Georgia,GA,Fulton County,GAFulton County,Include,Include,Include,Include,Include,Include,Include
Georgia,GA,Gilmer County,GAGilmer County,Include,Include,Include,Include,Include,Include,Include
Georgia,GA,Glascock County,GAGlascock County,Include,Include,Include,Include,Include,Include,Include
Georgia,GA,Glynn County,GAGlynn County,Include,Include,Include,Include,Include,Include,Include
Georgia,GA,Gordon County,GAGordon County,Include,Include,Include,Include,Include,Include,Include
Georgia,GA,Grady County,GAGrady County,Include,Include,Include,Include,Include,Include,Include
Georgia,GA,Greene County,GAGreene County,Include,Include,Include,Include,Include,Include,Include
Georgia,GA,Gwinnett County,GAGwinnett County,Include,Include,Include,Include,Include,Include,Include
Georgia,GA,Habersham County,GAHabersham County,Include,Include,Include,Include,Include,Include,Include
Georgia,GA,Hall County,GAHall County,Include,Include,Include,Include,Include,Include,Include
Georgia,GA,Hancock County,GAHancock County,Include,Include,Include,Include,Include,Include,Include
Georgia,GA,Haralson County,GAHaralson County,Include,Include,Include,Include,Include,Include,Include
Georgia,GA,Harris County,GAHarris County,Include,Include,Include,Include,Include,Include,Include
Georgia,GA,Hart County,GAHart County,Include,Include,Include,Include,Include,Include,Include
Georgia,GA,Heard County,GAHeard County,Include,Include,Include,Include,Include,Include,Include
Georgia,GA,Henry County,GAHenry County,Include,Include,Include,Include,Include,Include,Include
Georgia,GA,Houston County,GAHouston County,Include,Include,Include,Include,Include,Include,Include
Georgia,GA,Irwin County,GAIrwin County,Include,Include,Include,Include,Include,Include,Include
Georgia,GA,Jackson County,GAJackson County,Include,Include,Include,Include,Include,Include,Include
Georgia,GA,Jasper County,GAJasper County,Include,Include,Include,Include,Include,Include,Include
Georgia,GA,Jeff Davis County,GAJeff Davis County,Include,Include,Include,Include,Include,Include,Include
Georgia,GA,Jefferson County,GAJefferson County,Include,Include,Include,Include,Include,Include,Include
Georgia,GA,Jenkins County,GAJenkins County,Include,Include,Include,Include,Include,Include,Include
Georgia,GA,Johnson County,GAJohnson County,Include,Include,Include,Include,Include,Include,Include
Georgia,GA,Jones County,GAJones County,Include,Include,Include,Include,Include,Include,Include
Georgia,GA,Lamar County,GALamar County,Include,Include,Include,Include,Include,Include,Include
Georgia,GA,Lanier County,GALanier County,Include,Include,Include,Include,Include,Include,Include
Georgia,GA,Laurens County,GALaurens County,Include,Include,Include,Include,Include,Include,Include
Georgia,GA,Lee County,GALee County,Include,Include,Include,Include,Include,Include,Include
Georgia,GA,Liberty County,GALiberty County,Include,Include,Include,Include,Include,Include,Include
Georgia,GA,Lincoln County,GALincoln County,Include,Include,Include,Include,Include,Include,Include
Georgia,GA,Long County,GALong County,Include,Include,Include,Include,Include,Include,Include
Georgia,GA,Lowndes County,GALowndes County,Include,Include,Include,Include,Include,Include,Include
Georgia,GA,Lumpkin County,GALumpkin County,Include,Include,Include,Include,Include,Include,Include
Georgia,GA,Macon County,GAMacon County,Include,Include,Include,Include,Include,Include,Include
Georgia,GA,Madison County,GAMadison County,Include,Include,Include,Include,Include,Include,Include
Georgia,GA,Marion County,GAMarion County,Include,Include,Include,Include,Include,Include,Include
Georgia,GA,McDuffie County,GAMcDuffie County,Include,Include,Include,Include,Include,Include,Include
Georgia,GA,McIntosh County,GAMcIntosh County,Include,Include,Include,Include,Include,Include,Include
Georgia,GA,Meriwether County,GAMeriwether County,Include,Include,Include,Include,Include,Include,Include
Georgia,GA,Miller County,GAMiller County,Include,Include,Include,Include,Include,Include,Include
Georgia,GA,Mitchell County,GAMitchell County,Include,Include,Include,Include,Include,Include,Include
Georgia,GA,Monroe County,GAMonroe County,Include,Include,Include,Include,Include,Include,Include
Georgia,GA,Montgomery County,GAMontgomery County,Include,Include,Include,Include,Include,Include,Include
Georgia,GA,Morgan County,GAMorgan County,Include,Include,Include,Include,Include,Include,Include
Georgia,GA,Murray County,GAMurray County,Include,Include,Include,Include,Include,Include,Include
Georgia,GA,Muscogee County,GAMuscogee County,Include,Include,Include,Include,Include,Include,Include
Georgia,GA,Newton County,GANewton County,Include,Include,Include,Include,Include,Include,Include
Georgia,GA,Oconee County,GAOconee County,Include,Include,Include,Include,Include,Include,Include
Georgia,GA,Oglethorpe County,GAOglethorpe County,Include,Include,Include,Include,Include,Include,Include
Georgia,GA,Paulding County,GAPaulding County,Include,Include,Include,Include,Include,Include,Include
Georgia,GA,Peach County,GAPeach County,Include,Include,Include,Include,Include,Include,Include
Georgia,GA,Pickens County,GAPickens County,Include,Include,Include,Include,Include,Include,Include
Georgia,GA,Pierce County,GAPierce County,Include,Include,Include,Include,Include,Include,Include
Georgia,GA,Pike County,GAPike County,Include,Include,Include,Include,Include,Include,Include
Georgia,GA,Polk County,GAPolk County,Include,Include,Include,Include,Include,Include,Include
Georgia,GA,Pulaski County,GAPulaski County,Include,Include,Include,Include,Include,Include,Include
Georgia,GA,Putnam County,GAPutnam County,Include,Include,Include,Include,Include,Include,Include
Georgia,GA,Quitman County,GAQuitman County,Include,Include,Include,Include,Include,Include,Include
Georgia,GA,Rabun County,GARabun County,Include,Include,Include,Include,Include,Include,Include
Georgia,GA,Randolph County,GARandolph County,Include,Include,Include,Include,Include,Include,Include
Georgia,GA,Richmond County,GARichmond County,Include,Include,Include,Include,Include,Include,Include
Georgia,GA,Rockdale County,GARockdale County,Include,Include,Include,Include,Include,Include,Include
Georgia,GA,Schley County,GASchley County,Include,Include,Include,Include,Include,Include,Include
Georgia,GA,Screven County,GAScreven County,Include,Include,Include,Include,Include,Include,Include
Georgia,GA,SemiExcludele County,GASemiExcludele County,Include,Include,Include,Include,Include,Include,Include
Georgia,GA,Spalding County,GASpalding County,Include,Include,Include,Include,Include,Include,Include
Georgia,GA,Stephens County,GAStephens County,Include,Include,Include,Include,Include,Include,Include
Georgia,GA,Stewart County,GAStewart County,Include,Include,Include,Include,Include,Include,Include
Georgia,GA,Sumter County,GASumter County,Include,Include,Include,Include,Include,Include,Include
Georgia,GA,Talbot County,GATalbot County,Include,Include,Include,Include,Include,Include,Include
Georgia,GA,Taliaferro County,GATaliaferro County,Include,Include,Include,Include,Include,Include,Include
Georgia,GA,Tattnall County,GATattnall County,Include,Include,Include,Include,Include,Include,Include
Georgia,GA,Taylor County,GATaylor County,Include,Include,Include,Include,Include,Include,Include
Georgia,GA,Telfair County,GATelfair County,Include,Include,Include,Include,Include,Include,Include
Georgia,GA,Terrell County,GATerrell County,Include,Include,Include,Include,Include,Include,Include
Georgia,GA,Thomas County,GAThomas County,Include,Include,Include,Include,Include,Include,Include
Georgia,GA,Tift County,GATift County,Include,Include,Include,Include,Include,Include,Include
Georgia,GA,Toombs County,GAToombs County,Include,Include,Include,Include,Include,Include,Include
Georgia,GA,Towns County,GATowns County,Include,Include,Include,Include,Include,Include,Include
Georgia,GA,Treutlen County,GATreutlen County,Include,Include,Include,Include,Include,Include,Include
Georgia,GA,Troup County,GATroup County,Include,Include,Include,Include,Include,Include,Include
Georgia,GA,Turner County,GATurner County,Include,Include,Include,Include,Include,Include,Include
Georgia,GA,Twiggs County,GATwiggs County,Include,Include,Include,Include,Include,Include,Include
Georgia,GA,Union County,GAUnion County,Include,Include,Include,Include,Include,Include,Include
Georgia,GA,Upson County,GAUpson County,Include,Include,Include,Include,Include,Include,Include
Georgia,GA,Walker County,GAWalker County,Include,Include,Include,Include,Include,Include,Include
Georgia,GA,Walton County,GAWalton County,Include,Include,Include,Include,Include,Include,Include
Georgia,GA,Ware County,GAWare County,Include,Include,Include,Include,Include,Include,Include
Georgia,GA,Warren County,GAWarren County,Include,Include,Include,Include,Include,Include,Include
Georgia,GA,Washington County,GAWashington County,Include,Include,Include,Include,Include,Include,Include
Georgia,GA,Wayne County,GAWayne County,Include,Include,Include,Include,Include,Include,Include
Georgia,GA,Webster County,GAWebster County,Include,Include,Include,Include,Include,Include,Include
Georgia,GA,Wheeler County,GAWheeler County,Include,Include,Include,Include,Include,Include,Include
Georgia,GA,White County,GAWhite County,Include,Include,Include,Include,Include,Include,Include
Georgia,GA,Whitfield County,GAWhitfield County,Include,Include,Include,Include,Include,Include,Include
Georgia,GA,Wilcox County,GAWilcox County,Include,Include,Include,Include,Include,Include,Include
Georgia,GA,Wilkes County,GAWilkes County,Include,Include,Include,Include,Include,Include,Include
Georgia,GA,Wilkinson County,GAWilkinson County,Include,Include,Include,Include,Include,Include,Include
Georgia,GA,Worth County,GAWorth County,Include,Include,Include,Include,Include,Include,Include
Hawaii,HI,Hawaii County,HIHawaii County,Include,Include,Include,Include,Include,Include,Include
Hawaii,HI,"HoExcludelulu, City and County of","HIHoExcludelulu, City and County of",Include,Include,Include,Include,Include,Include,Include
Hawaii,HI,Kalawao County,HIKalawao County,Include,Include,Include,Include,Include,Include,Include
Hawaii,HI,Kauai County,HIKauai County,Include,Include,Include,Include,Include,Include,Include
Hawaii,HI,Maui County,HIMaui County,Include,Include,Include,Include,Include,Include,Include
Idaho,ID,Ada County,IDAda County,Include,Include,Include,Include,Include,Include,Include
Idaho,ID,Adams County,IDAdams County,Include,Include,Include,Include,Include,Include,Include
Idaho,ID,BanExcludeck County,IDBanExcludeck County,Include,Include,Include,Include,Include,Include,Include
Idaho,ID,Bear Lake County,IDBear Lake County,Include,Include,Include,Include,Include,Include,Include
Idaho,ID,Benewah County,IDBenewah County,Include,Include,Include,Include,Include,Include,Include
Idaho,ID,Bingham County,IDBingham County,Include,Include,Include,Include,Include,Include,Include
Idaho,ID,Blaine County,IDBlaine County,Include,Include,Include,Include,Include,Include,Include
Idaho,ID,Boise County,IDBoise County,Include,Include,Include,Include,Include,Include,Include
Idaho,ID,Bonner County,IDBonner County,Include,Include,Include,Include,Include,Include,Include
Idaho,ID,Bonneville County,IDBonneville County,Include,Include,Include,Include,Include,Include,Include
Idaho,ID,Boundary County,IDBoundary County,Include,Include,Include,Include,Include,Include,Include
Idaho,ID,Butte County,IDButte County,Include,Include,Include,Include,Include,Include,Include
Idaho,ID,Camas County,IDCamas County,Include,Include,Include,Include,Include,Include,Include
Idaho,ID,Canyon County,IDCanyon County,Include,Include,Include,Include,Include,Include,Include
Idaho,ID,Caribou County,IDCaribou County,Include,Include,Include,Include,Include,Include,Include
Idaho,ID,Cassia County,IDCassia County,Include,Include,Include,Include,Include,Include,Include
Idaho,ID,Clark County,IDClark County,Include,Include,Include,Include,Include,Include,Include
Idaho,ID,Clearwater County,IDClearwater County,Include,Include,Include,Include,Include,Include,Include
Idaho,ID,Custer County,IDCuster County,Include,Include,Include,Include,Include,Include,Include
Idaho,ID,Elmore County,IDElmore County,Include,Include,Include,Include,Include,Include,Include
Idaho,ID,Franklin County,IDFranklin County,Include,Include,Include,Include,Include,Include,Include
Idaho,ID,Fremont County,IDFremont County,Include,Include,Include,Include,Include,Include,Include
Idaho,ID,Gem County,IDGem County,Include,Include,Include,Include,Include,Include,Include
Idaho,ID,Gooding County,IDGooding County,Include,Include,Include,Include,Include,Include,Include
Idaho,ID,Idaho County,IDIdaho County,Include,Include,Include,Include,Include,Include,Include
Idaho,ID,Jefferson County,IDJefferson County,Include,Include,Include,Include,Include,Include,Include
Idaho,ID,Jerome County,IDJerome County,Include,Include,Include,Include,Include,Include,Include
Idaho,ID,Kootenai County,IDKootenai County,Include,Include,Include,Include,Include,Include,Include
Idaho,ID,Latah County,IDLatah County,Include,Include,Include,Include,Include,Include,Include
Idaho,ID,Lemhi County,IDLemhi County,Include,Include,Include,Include,Include,Include,Include
Idaho,ID,Lewis County,IDLewis County,Include,Include,Include,Include,Include,Include,Include
Idaho,ID,Lincoln County,IDLincoln County,Include,Include,Include,Include,Include,Include,Include
Idaho,ID,Madison County,IDMadison County,Include,Include,Include,Include,Include,Include,Include
Idaho,ID,Minidoka County,IDMinidoka County,Include,Include,Include,Include,Include,Include,Include
Idaho,ID,Nez Perce County,IDNez Perce County,Include,Include,Include,Include,Include,Include,Include
Idaho,ID,Oneida County,IDOneida County,Include,Include,Include,Include,Include,Include,Include
Idaho,ID,Owyhee County,IDOwyhee County,Include,Include,Include,Include,Include,Include,Include
Idaho,ID,Payette County,IDPayette County,Include,Include,Include,Include,Include,Include,Include
Idaho,ID,Power County,IDPower County,Include,Include,Include,Include,Include,Include,Include
Idaho,ID,Shoshone County,IDShoshone County,Include,Include,Include,Include,Include,Include,Include
Idaho,ID,Teton County,IDTeton County,Include,Include,Include,Include,Include,Include,Include
Idaho,ID,Twin Falls County,IDTwin Falls County,Include,Include,Include,Include,Include,Include,Include
Idaho,ID,Valley County,IDValley County,Include,Include,Include,Include,Include,Include,Include
Idaho,ID,Washington County,IDWashington County,Include,Include,Include,Include,Include,Include,Include
IlliExcludeis,IL,Adams County,ILAdams County,Include,Include,Include,Include,Include,Include,Include
IlliExcludeis,IL,Alexander County,ILAlexander County,Include,Include,Include,Include,Include,Include,Include
IlliExcludeis,IL,Bond County,ILBond County,Include,Include,Include,Include,Include,Include,Include
IlliExcludeis,IL,Boone County,ILBoone County,Include,Include,Include,Include,Include,Include,Include
IlliExcludeis,IL,Brown County,ILBrown County,Include,Include,Include,Include,Include,Include,Include
IlliExcludeis,IL,Bureau County,ILBureau County,Include,Include,Include,Include,Include,Include,Include
IlliExcludeis,IL,Calhoun County,ILCalhoun County,Include,Include,Include,Include,Include,Include,Include
IlliExcludeis,IL,Carroll County,ILCarroll County,Include,Include,Include,Include,Include,Include,Include
IlliExcludeis,IL,Cass County,ILCass County,Include,Include,Include,Include,Include,Include,Include
IlliExcludeis,IL,Champaign County,ILChampaign County,Include,Include,Include,Include,Include,Include,Include
IlliExcludeis,IL,Christian County,ILChristian County,Include,Include,Include,Include,Include,Include,Include
IlliExcludeis,IL,Clark County,ILClark County,Include,Include,Include,Include,Include,Include,Include
IlliExcludeis,IL,Clay County,ILClay County,Include,Include,Include,Include,Include,Include,Include
IlliExcludeis,IL,Clinton County,ILClinton County,Include,Include,Include,Include,Include,Include,Include
IlliExcludeis,IL,Coles County,ILColes County,Include,Include,Include,Include,Include,Include,Include
IlliExcludeis,IL,Cook County,ILCook County,Include,Include,Include,Include,Include,Include,Include
IlliExcludeis,IL,Crawford County,ILCrawford County,Include,Include,Include,Include,Include,Include,Include
IlliExcludeis,IL,Cumberland County,ILCumberland County,Include,Include,Include,Include,Include,Include,Include
IlliExcludeis,IL,De Witt County,ILDe Witt County,Include,Include,Include,Include,Include,Include,Include
IlliExcludeis,IL,DeKalb County,ILDeKalb County,Include,Include,Include,Include,Include,Include,Include
IlliExcludeis,IL,Douglas County,ILDouglas County,Include,Include,Include,Include,Include,Include,Include
IlliExcludeis,IL,Dupage County,ILDupage County,Include,Include,Include,Include,Include,Include,Include
IlliExcludeis,IL,Edgar County,ILEdgar County,Include,Include,Include,Include,Include,Include,Include
IlliExcludeis,IL,Edwards County,ILEdwards County,Include,Include,Include,Include,Include,Include,Include
IlliExcludeis,IL,Effingham County,ILEffingham County,Include,Include,Include,Include,Include,Include,Include
IlliExcludeis,IL,Fayette County,ILFayette County,Include,Include,Include,Include,Include,Include,Include
IlliExcludeis,IL,Ford County,ILFord County,Include,Include,Include,Include,Include,Include,Include
IlliExcludeis,IL,Franklin County,ILFranklin County,Include,Include,Include,Include,Include,Include,Include
IlliExcludeis,IL,Fulton County,ILFulton County,Include,Include,Include,Include,Include,Include,Include
IlliExcludeis,IL,Gallatin County,ILGallatin County,Include,Include,Include,Include,Include,Include,Include
IlliExcludeis,IL,Greene County,ILGreene County,Include,Include,Include,Include,Include,Include,Include
IlliExcludeis,IL,Grundy County,ILGrundy County,Include,Include,Include,Include,Include,Include,Include
IlliExcludeis,IL,Hamilton County,ILHamilton County,Include,Include,Include,Include,Include,Include,Include
IlliExcludeis,IL,Hancock County,ILHancock County,Include,Include,Include,Include,Include,Include,Include
IlliExcludeis,IL,Hardin County,ILHardin County,Include,Include,Include,Include,Include,Include,Include
IlliExcludeis,IL,Henderson County,ILHenderson County,Include,Include,Include,Include,Include,Include,Include
IlliExcludeis,IL,Henry County,ILHenry County,Include,Include,Include,Include,Include,Include,Include
IlliExcludeis,IL,Iroquois County,ILIroquois County,Include,Include,Include,Include,Include,Include,Include
IlliExcludeis,IL,Jackson County,ILJackson County,Include,Include,Include,Include,Include,Include,Include
IlliExcludeis,IL,Jasper County,ILJasper County,Include,Include,Include,Include,Include,Include,Include
IlliExcludeis,IL,Jefferson County,ILJefferson County,Include,Include,Include,Include,Include,Include,Include
IlliExcludeis,IL,Jersey County,ILJersey County,Include,Include,Include,Include,Include,Include,Include
IlliExcludeis,IL,Jo Daviess County,ILJo Daviess County,Include,Include,Include,Include,Include,Include,Include
IlliExcludeis,IL,Johnson County,ILJohnson County,Include,Include,Include,Include,Include,Include,Include
IlliExcludeis,IL,Kane County,ILKane County,Include,Include,Include,Include,Include,Include,Include
IlliExcludeis,IL,Kankakee County,ILKankakee County,Include,Include,Include,Include,Include,Include,Include
IlliExcludeis,IL,Kendall County,ILKendall County,Include,Include,Include,Include,Include,Include,Include
IlliExcludeis,IL,KExcludex County,ILKExcludex County,Include,Include,Include,Include,Include,Include,Include
IlliExcludeis,IL,Lake County,ILLake County,Include,Include,Include,Include,Include,Include,Include
IlliExcludeis,IL,LaSalle County,ILLaSalle County,Include,Include,Include,Include,Include,Include,Include
IlliExcludeis,IL,Lawrence County,ILLawrence County,Include,Include,Include,Include,Include,Include,Include
IlliExcludeis,IL,Lee County,ILLee County,Include,Include,Include,Include,Include,Include,Include
IlliExcludeis,IL,Livingston County,ILLivingston County,Include,Include,Include,Include,Include,Include,Include
IlliExcludeis,IL,Logan County,ILLogan County,Include,Include,Include,Include,Include,Include,Include
IlliExcludeis,IL,Macon County,ILMacon County,Include,Include,Include,Include,Include,Include,Include
IlliExcludeis,IL,Macoupin County,ILMacoupin County,Include,Include,Include,Include,Include,Include,Include
IlliExcludeis,IL,Madison County,ILMadison County,Include,Include,Include,Include,Include,Include,Include
IlliExcludeis,IL,Marion County,ILMarion County,Include,Include,Include,Include,Include,Include,Include
IlliExcludeis,IL,Marshall County,ILMarshall County,Include,Include,Include,Include,Include,Include,Include
IlliExcludeis,IL,Mason County,ILMason County,Include,Include,Include,Include,Include,Include,Include
IlliExcludeis,IL,Massac County,ILMassac County,Include,Include,Include,Include,Include,Include,Include
IlliExcludeis,IL,McDoExcludeugh County,ILMcDoExcludeugh County,Include,Include,Include,Include,Include,Include,Include
IlliExcludeis,IL,McHenry County,ILMcHenry County,Include,Include,Include,Include,Include,Include,Include
IlliExcludeis,IL,McLean County,ILMcLean County,Include,Include,Include,Include,Include,Include,Include
IlliExcludeis,IL,Menard County,ILMenard County,Include,Include,Include,Include,Include,Include,Include
IlliExcludeis,IL,Mercer County,ILMercer County,Include,Include,Include,Include,Include,Include,Include
IlliExcludeis,IL,Monroe County,ILMonroe County,Include,Include,Include,Include,Include,Include,Include
IlliExcludeis,IL,Montgomery County,ILMontgomery County,Include,Include,Include,Include,Include,Include,Include
IlliExcludeis,IL,Morgan County,ILMorgan County,Include,Include,Include,Include,Include,Include,Include
IlliExcludeis,IL,Moultrie County,ILMoultrie County,Include,Include,Include,Include,Include,Include,Include
IlliExcludeis,IL,Ogle County,ILOgle County,Include,Include,Include,Include,Include,Include,Include
IlliExcludeis,IL,Peoria County,ILPeoria County,Include,Include,Include,Include,Include,Include,Include
IlliExcludeis,IL,Perry County,ILPerry County,Include,Include,Include,Include,Include,Include,Include
IlliExcludeis,IL,Piatt County,ILPiatt County,Include,Include,Include,Include,Include,Include,Include
IlliExcludeis,IL,Pike County,ILPike County,Include,Include,Include,Include,Include,Include,Include
IlliExcludeis,IL,Pope County,ILPope County,Include,Include,Include,Include,Include,Include,Include
IlliExcludeis,IL,Pulaski County,ILPulaski County,Include,Include,Include,Include,Include,Include,Include
IlliExcludeis,IL,Putnam County,ILPutnam County,Include,Include,Include,Include,Include,Include,Include
IlliExcludeis,IL,Randolph County,ILRandolph County,Include,Include,Include,Include,Include,Include,Include
IlliExcludeis,IL,Richland County,ILRichland County,Include,Include,Include,Include,Include,Include,Include
IlliExcludeis,IL,Rock Island County,ILRock Island County,Include,Include,Include,Include,Include,Include,Include
IlliExcludeis,IL,Saline County,ILSaline County,Include,Include,Include,Include,Include,Include,Include
IlliExcludeis,IL,Sangamon County,ILSangamon County,Include,Include,Include,Include,Include,Include,Include
IlliExcludeis,IL,Schuyler County,ILSchuyler County,Include,Include,Include,Include,Include,Include,Include
IlliExcludeis,IL,Scott County,ILScott County,Include,Include,Include,Include,Include,Include,Include
IlliExcludeis,IL,Shelby County,ILShelby County,Include,Include,Include,Include,Include,Include,Include
IlliExcludeis,IL,St. Clair County,ILSt. Clair County,Include,Include,Include,Include,Include,Include,Include
IlliExcludeis,IL,Stark County,ILStark County,Include,Include,Include,Include,Include,Include,Include
IlliExcludeis,IL,Stephenson County,ILStephenson County,Include,Include,Include,Include,Include,Include,Include
IlliExcludeis,IL,Tazewell County,ILTazewell County,Include,Include,Include,Include,Include,Include,Include
IlliExcludeis,IL,Union County,ILUnion County,Include,Include,Include,Include,Include,Include,Include
IlliExcludeis,IL,Vermilion County,ILVermilion County,Include,Include,Include,Include,Include,Include,Include
IlliExcludeis,IL,Wabash County,ILWabash County,Include,Include,Include,Include,Include,Include,Include
IlliExcludeis,IL,Warren County,ILWarren County,Include,Include,Include,Include,Include,Include,Include
IlliExcludeis,IL,Washington County,ILWashington County,Include,Include,Include,Include,Include,Include,Include
IlliExcludeis,IL,Wayne County,ILWayne County,Include,Include,Include,Include,Include,Include,Include
IlliExcludeis,IL,White County,ILWhite County,Include,Include,Include,Include,Include,Include,Include
IlliExcludeis,IL,Whiteside County,ILWhiteside County,Include,Include,Include,Include,Include,Include,Include
IlliExcludeis,IL,Will County,ILWill County,Include,Include,Include,Include,Include,Include,Include
IlliExcludeis,IL,Williamson County,ILWilliamson County,Include,Include,Include,Include,Include,Include,Include
IlliExcludeis,IL,Winnebago County,ILWinnebago County,Include,Include,Include,Include,Include,Include,Include
IlliExcludeis,IL,Woodford County,ILWoodford County,Include,Include,Include,Include,Include,Include,Include
Indiana,IN,Adams County,INAdams County,Include,Include,Include,Include,Include,Include,Include
Indiana,IN,Allen County,INAllen County,Include,Include,Include,Include,Include,Include,Include
Indiana,IN,Bartholomew County,INBartholomew County,Include,Include,Include,Include,Include,Include,Include
Indiana,IN,Benton County,INBenton County,Include,Include,Include,Include,Include,Include,Include
Indiana,IN,Blackford County,INBlackford County,Include,Include,Include,Include,Include,Include,Include
Indiana,IN,Boone County,INBoone County,Include,Include,Include,Include,Include,Include,Include
Indiana,IN,Brown County,INBrown County,Include,Include,Include,Include,Include,Include,Include
Indiana,IN,Carroll County,INCarroll County,Include,Include,Include,Include,Include,Include,Include
Indiana,IN,Cass County,INCass County,Include,Include,Include,Include,Include,Include,Include
Indiana,IN,Clark County,INClark County,Include,Include,Include,Include,Include,Include,Include
Indiana,IN,Clay County,INClay County,Include,Include,Include,Include,Include,Include,Include
Indiana,IN,Clinton County,INClinton County,Include,Include,Include,Include,Include,Include,Include
Indiana,IN,Crawford County,INCrawford County,Include,Include,Include,Include,Include,Include,Include
Indiana,IN,Daviess County,INDaviess County,Include,Include,Include,Include,Include,Include,Include
Indiana,IN,Dearborn County,INDearborn County,Include,Include,Include,Include,Include,Include,Include
Indiana,IN,Decatur County,INDecatur County,Include,Include,Include,Include,Include,Include,Include
Indiana,IN,DeKalb County,INDeKalb County,Include,Include,Include,Include,Include,Include,Include
Indiana,IN,Delaware County,INDelaware County,Include,Include,Include,Include,Include,Include,Include
Indiana,IN,Dubois County,INDubois County,Include,Include,Include,Include,Include,Include,Include
Indiana,IN,Elkhart County,INElkhart County,Include,Include,Include,Include,Include,Include,Include
Indiana,IN,Fayette County,INFayette County,Include,Include,Include,Include,Include,Include,Include
Indiana,IN,Floyd County,INFloyd County,Include,Include,Include,Include,Include,Include,Include
Indiana,IN,Fountain County,INFountain County,Include,Include,Include,Include,Include,Include,Include
Indiana,IN,Franklin County,INFranklin County,Include,Include,Include,Include,Include,Include,Include
Indiana,IN,Fulton County,INFulton County,Include,Include,Include,Include,Include,Include,Include
Indiana,IN,Gibson County,INGibson County,Include,Include,Include,Include,Include,Include,Include
Indiana,IN,Grant County,INGrant County,Include,Include,Include,Include,Include,Include,Include
Indiana,IN,Greene County,INGreene County,Include,Include,Include,Include,Include,Include,Include
Indiana,IN,Hamilton County,INHamilton County,Include,Include,Include,Include,Include,Include,Include
Indiana,IN,Hancock County,INHancock County,Include,Include,Include,Include,Include,Include,Include
Indiana,IN,Harrison County,INHarrison County,Include,Include,Include,Include,Include,Include,Include
Indiana,IN,Hendricks County,INHendricks County,Include,Include,Include,Include,Include,Include,Include
Indiana,IN,Henry County,INHenry County,Include,Include,Include,Include,Include,Include,Include
Indiana,IN,Howard County,INHoward County,Include,Include,Include,Include,Include,Include,Include
Indiana,IN,Huntington County,INHuntington County,Include,Include,Include,Include,Include,Include,Include
Indiana,IN,Jackson County,INJackson County,Include,Include,Include,Include,Include,Include,Include
Indiana,IN,Jasper County,INJasper County,Include,Include,Include,Include,Include,Include,Include
Indiana,IN,Jay County,INJay County,Include,Include,Include,Include,Include,Include,Include
Indiana,IN,Jefferson County,INJefferson County,Include,Include,Include,Include,Include,Include,Include
Indiana,IN,Jennings County,INJennings County,Include,Include,Include,Include,Include,Include,Include
Indiana,IN,Johnson County,INJohnson County,Include,Include,Include,Include,Include,Include,Include
Indiana,IN,KExcludex County,INKExcludex County,Include,Include,Include,Include,Include,Include,Include
Indiana,IN,Kosciusko County,INKosciusko County,Include,Include,Include,Include,Include,Include,Include
Indiana,IN,LaGrange County,INLaGrange County,Include,Include,Include,Include,Include,Include,Include
Indiana,IN,Lake County,INLake County,Include,Include,Include,Include,Include,Include,Include
Indiana,IN,LaPorte County,INLaPorte County,Include,Include,Include,Include,Include,Include,Include
Indiana,IN,Lawrence County,INLawrence County,Include,Include,Include,Include,Include,Include,Include
Indiana,IN,Madison County,INMadison County,Include,Include,Include,Include,Include,Include,Include
Indiana,IN,Marion County,INMarion County,Include,Include,Include,Include,Include,Include,Include
Indiana,IN,Marshall County,INMarshall County,Include,Include,Include,Include,Include,Include,Include
Indiana,IN,Martin County,INMartin County,Include,Include,Include,Include,Include,Include,Include
Indiana,IN,Miami County,INMiami County,Include,Include,Include,Include,Include,Include,Include
Indiana,IN,Monroe County,INMonroe County,Include,Include,Include,Include,Include,Include,Include
Indiana,IN,Montgomery County,INMontgomery County,Include,Include,Include,Include,Include,Include,Include
Indiana,IN,Morgan County,INMorgan County,Include,Include,Include,Include,Include,Include,Include
Indiana,IN,Newton County,INNewton County,Include,Include,Include,Include,Include,Include,Include
Indiana,IN,Excludeble County,INExcludeble County,Include,Include,Include,Include,Include,Include,Include
Indiana,IN,Ohio County,IExcludehio County,Include,Include,Include,Include,Include,Include,Include
Indiana,IN,Orange County,IExcluderange County,Include,Include,Include,Include,Include,Include,Include
Indiana,IN,Owen County,IExcludewen County,Include,Include,Include,Include,Include,Include,Include
Indiana,IN,Parke County,INParke County,Include,Include,Include,Include,Include,Include,Include
Indiana,IN,Perry County,INPerry County,Include,Include,Include,Include,Include,Include,Include
Indiana,IN,Pike County,INPike County,Include,Include,Include,Include,Include,Include,Include
Indiana,IN,Porter County,INPorter County,Include,Include,Include,Include,Include,Include,Include
Indiana,IN,Posey County,INPosey County,Include,Include,Include,Include,Include,Include,Include
Indiana,IN,Pulaski County,INPulaski County,Include,Include,Include,Include,Include,Include,Include
Indiana,IN,Putnam County,INPutnam County,Include,Include,Include,Include,Include,Include,Include
Indiana,IN,Randolph County,INRandolph County,Include,Include,Include,Include,Include,Include,Include
Indiana,IN,Ripley County,INRipley County,Include,Include,Include,Include,Include,Include,Include
Indiana,IN,Rush County,INRush County,Include,Include,Include,Include,Include,Include,Include
Indiana,IN,Scott County,INScott County,Include,Include,Include,Include,Include,Include,Include
Indiana,IN,Shelby County,INShelby County,Include,Include,Include,Include,Include,Include,Include
Indiana,IN,Spencer County,INSpencer County,Include,Include,Include,Include,Include,Include,Include
Indiana,IN,St. Joseph County,INSt. Joseph County,Include,Include,Include,Include,Include,Include,Include
Indiana,IN,Starke County,INStarke County,Include,Include,Include,Include,Include,Include,Include
Indiana,IN,Steuben County,INSteuben County,Include,Include,Include,Include,Include,Include,Include
Indiana,IN,Sullivan County,INSullivan County,Include,Include,Include,Include,Include,Include,Include
Indiana,IN,Switzerland County,INSwitzerland County,Include,Include,Include,Include,Include,Include,Include
Indiana,IN,TippecaExcludee County,INTippecaExcludee County,Include,Include,Include,Include,Include,Include,Include
Indiana,IN,Tipton County,INTipton County,Include,Include,Include,Include,Include,Include,Include
Indiana,IN,Union County,INUnion County,Include,Include,Include,Include,Include,Include,Include
Indiana,IN,Vanderburgh County,INVanderburgh County,Include,Include,Include,Include,Include,Include,Include
Indiana,IN,Vermillion County,INVermillion County,Include,Include,Include,Include,Include,Include,Include
Indiana,IN,Vigo County,INVigo County,Include,Include,Include,Include,Include,Include,Include
Indiana,IN,Wabash County,INWabash County,Include,Include,Include,Include,Include,Include,Include
Indiana,IN,Warren County,INWarren County,Include,Include,Include,Include,Include,Include,Include
Indiana,IN,Warrick County,INWarrick County,Include,Include,Include,Include,Include,Include,Include
Indiana,IN,Washington County,INWashington County,Include,Include,Include,Include,Include,Include,Include
Indiana,IN,Wayne County,INWayne County,Include,Include,Include,Include,Include,Include,Include
Indiana,IN,Wells County,INWells County,Include,Include,Include,Include,Include,Include,Include
Indiana,IN,White County,INWhite County,Include,Include,Include,Include,Include,Include,Include
Indiana,IN,Whitley County,INWhitley County,Include,Include,Include,Include,Include,Include,Include
Iowa,IA,Adair County,IAAdair County,Include,Include,Include,Include,Include,Include,Include
Iowa,IA,Adams County,IAAdams County,Include,Include,Include,Include,Include,Include,Include
Iowa,IA,Allamakee County,IAAllamakee County,Include,Include,Include,Include,Include,Include,Include
Iowa,IA,AppaExcludeose County,IAAppaExcludeose County,Include,Include,Include,Include,Include,Include,Include
Iowa,IA,Audubon County,IAAudubon County,Include,Include,Include,Include,Include,Include,Include
Iowa,IA,Benton County,IABenton County,Include,Include,Include,Include,Include,Include,Include
Iowa,IA,Black Hawk County,IABlack Hawk County,Include,Include,Include,Include,Include,Include,Include
Iowa,IA,Boone County,IABoone County,Include,Include,Include,Include,Include,Include,Include
Iowa,IA,Bremer County,IABremer County,Include,Include,Include,Include,Include,Include,Include
Iowa,IA,Buchanan County,IABuchanan County,Include,Include,Include,Include,Include,Include,Include
Iowa,IA,Buena Vista County,IABuena Vista County,Include,Include,Include,Include,Include,Include,Include
Iowa,IA,Butler County,IAButler County,Include,Include,Include,Include,Include,Include,Include
Iowa,IA,Calhoun County,IACalhoun County,Include,Include,Include,Include,Include,Include,Include
Iowa,IA,Carroll County,IACarroll County,Include,Include,Include,Include,Include,Include,Include
Iowa,IA,Cass County,IACass County,Include,Include,Include,Include,Include,Include,Include
Iowa,IA,Cedar County,IACedar County,Include,Include,Include,Include,Include,Include,Include
Iowa,IA,Cerro Gordo County,IACerro Gordo County,Include,Include,Include,Include,Include,Include,Include
Iowa,IA,Cherokee County,IACherokee County,Include,Include,Include,Include,Include,Include,Include
Iowa,IA,Chickasaw County,IAChickasaw County,Include,Include,Include,Include,Include,Include,Include
Iowa,IA,Clarke County,IAClarke County,Include,Include,Include,Include,Include,Include,Include
Iowa,IA,Clay County,IAClay County,Include,Include,Include,Include,Include,Include,Include
Iowa,IA,Clayton County,IAClayton County,Include,Include,Include,Include,Include,Include,Include
Iowa,IA,Clinton County,IAClinton County,Include,Include,Include,Include,Include,Include,Include
Iowa,IA,Crawford County,IACrawford County,Include,Include,Include,Include,Include,Include,Include
Iowa,IA,Dallas County,IADallas County,Include,Include,Include,Include,Include,Include,Include
Iowa,IA,Davis County,IADavis County,Include,Include,Include,Include,Include,Include,Include
Iowa,IA,Decatur County,IADecatur County,Include,Include,Include,Include,Include,Include,Include
Iowa,IA,Delaware County,IADelaware County,Include,Include,Include,Include,Include,Include,Include
Iowa,IA,Des Moines County,IADes Moines County,Include,Include,Include,Include,Include,Include,Include
Iowa,IA,Dickinson County,IADickinson County,Include,Include,Include,Include,Include,Include,Include
Iowa,IA,Dubuque County,IADubuque County,Include,Include,Include,Include,Include,Include,Include
Iowa,IA,Emmet County,IAEmmet County,Include,Include,Include,Include,Include,Include,Include
Iowa,IA,Fayette County,IAFayette County,Include,Include,Include,Include,Include,Include,Include
Iowa,IA,Floyd County,IAFloyd County,Include,Include,Include,Include,Include,Include,Include
Iowa,IA,Franklin County,IAFranklin County,Include,Include,Include,Include,Include,Include,Include
Iowa,IA,Fremont County,IAFremont County,Include,Include,Include,Include,Include,Include,Include
Iowa,IA,Greene County,IAGreene County,Include,Include,Include,Include,Include,Include,Include
Iowa,IA,Grundy County,IAGrundy County,Include,Include,Include,Include,Include,Include,Include
Iowa,IA,Guthrie County,IAGuthrie County,Include,Include,Include,Include,Include,Include,Include
Iowa,IA,Hamilton County,IAHamilton County,Include,Include,Include,Include,Include,Include,Include
Iowa,IA,Hancock County,IAHancock County,Include,Include,Include,Include,Include,Include,Include
Iowa,IA,Hardin County,IAHardin County,Include,Include,Include,Include,Include,Include,Include
Iowa,IA,Harrison County,IAHarrison County,Include,Include,Include,Include,Include,Include,Include
Iowa,IA,Henry County,IAHenry County,Include,Include,Include,Include,Include,Include,Include
Iowa,IA,Howard County,IAHoward County,Include,Include,Include,Include,Include,Include,Include
Iowa,IA,Humboldt County,IAHumboldt County,Include,Include,Include,Include,Include,Include,Include
Iowa,IA,Ida County,IAIda County,Include,Include,Include,Include,Include,Include,Include
Iowa,IA,Iowa County,IAIowa County,Include,Include,Include,Include,Include,Include,Include
Iowa,IA,Jackson County,IAJackson County,Include,Include,Include,Include,Include,Include,Include
Iowa,IA,Jasper County,IAJasper County,Include,Include,Include,Include,Include,Include,Include
Iowa,IA,Jefferson County,IAJefferson County,Include,Include,Include,Include,Include,Include,Include
Iowa,IA,Johnson County,IAJohnson County,Include,Include,Include,Include,Include,Include,Include
Iowa,IA,Jones County,IAJones County,Include,Include,Include,Include,Include,Include,Include
Iowa,IA,Keokuk County,IAKeokuk County,Include,Include,Include,Include,Include,Include,Include
Iowa,IA,Kossuth County,IAKossuth County,Include,Include,Include,Include,Include,Include,Include
Iowa,IA,Lee County,IALee County,Include,Include,Include,Include,Include,Include,Include
Iowa,IA,Linn County,IALinn County,Include,Include,Include,Include,Include,Include,Include
Iowa,IA,Louisa County,IALouisa County,Include,Include,Include,Include,Include,Include,Include
Iowa,IA,Lucas County,IALucas County,Include,Include,Include,Include,Include,Include,Include
Iowa,IA,Lyon County,IALyon County,Include,Include,Include,Include,Include,Include,Include
Iowa,IA,Madison County,IAMadison County,Include,Include,Include,Include,Include,Include,Include
Iowa,IA,Mahaska County,IAMahaska County,Include,Include,Include,Include,Include,Include,Include
Iowa,IA,Marion County,IAMarion County,Include,Include,Include,Include,Include,Include,Include
Iowa,IA,Marshall County,IAMarshall County,Include,Include,Include,Include,Include,Include,Include
Iowa,IA,Mills County,IAMills County,Include,Include,Include,Include,Include,Include,Include
Iowa,IA,Mitchell County,IAMitchell County,Include,Include,Include,Include,Include,Include,Include
Iowa,IA,MoExcludena County,IAMoExcludena County,Include,Include,Include,Include,Include,Include,Include
Iowa,IA,Monroe County,IAMonroe County,Include,Include,Include,Include,Include,Include,Include
Iowa,IA,Montgomery County,IAMontgomery County,Include,Include,Include,Include,Include,Include,Include
Iowa,IA,Muscatine County,IAMuscatine County,Include,Include,Include,Include,Include,Include,Include
Iowa,IA,OBrien County,IAOBrien County,Include,Include,Include,Include,Include,Include,Include
Iowa,IA,Osceola County,IAOsceola County,Include,Include,Include,Include,Include,Include,Include
Iowa,IA,Page County,IAPage County,Include,Include,Include,Include,Include,Include,Include
Iowa,IA,Palo Alto County,IAPalo Alto County,Include,Include,Include,Include,Include,Include,Include
Iowa,IA,Plymouth County,IAPlymouth County,Include,Include,Include,Include,Include,Include,Include
Iowa,IA,Pocahontas County,IAPocahontas County,Include,Include,Include,Include,Include,Include,Include
Iowa,IA,Polk County,IAPolk County,Include,Include,Include,Include,Include,Include,Include
Iowa,IA,Pottawattamie County,IAPottawattamie County,Include,Include,Include,Include,Include,Include,Include
Iowa,IA,Poweshiek County,IAPoweshiek County,Include,Include,Include,Include,Include,Include,Include
Iowa,IA,Ringgold County,IARinggold County,Include,Include,Include,Include,Include,Include,Include
Iowa,IA,Sac County,IASac County,Include,Include,Include,Include,Include,Include,Include
Iowa,IA,Scott County,IAScott County,Include,Include,Include,Include,Include,Include,Include
Iowa,IA,Shelby County,IAShelby County,Include,Include,Include,Include,Include,Include,Include
Iowa,IA,Sioux County,IASioux County,Include,Include,Include,Include,Include,Include,Include
Iowa,IA,Story County,IAStory County,Include,Include,Include,Include,Include,Include,Include
Iowa,IA,Tama County,IATama County,Include,Include,Include,Include,Include,Include,Include
Iowa,IA,Taylor County,IATaylor County,Include,Include,Include,Include,Include,Include,Include
Iowa,IA,Union County,IAUnion County,Include,Include,Include,Include,Include,Include,Include
Iowa,IA,Van Buren County,IAVan Buren County,Include,Include,Include,Include,Include,Include,Include
Iowa,IA,Wapello County,IAWapello County,Include,Include,Include,Include,Include,Include,Include
Iowa,IA,Warren County,IAWarren County,Include,Include,Include,Include,Include,Include,Include
Iowa,IA,Washington County,IAWashington County,Include,Include,Include,Include,Include,Include,Include
Iowa,IA,Wayne County,IAWayne County,Include,Include,Include,Include,Include,Include,Include
Iowa,IA,Webster County,IAWebster County,Include,Include,Include,Include,Include,Include,Include
Iowa,IA,Winnebago County,IAWinnebago County,Include,Include,Include,Include,Include,Include,Include
Iowa,IA,Winneshiek County,IAWinneshiek County,Include,Include,Include,Include,Include,Include,Include
Iowa,IA,Woodbury County,IAWoodbury County,Include,Include,Include,Include,Include,Include,Include
Iowa,IA,Worth County,IAWorth County,Include,Include,Include,Include,Include,Include,Include
Iowa,IA,Wright County,IAWright County,Include,Include,Include,Include,Include,Include,Include
Kansas,KS,Allen County,KSAllen County,Include,Include,Include,Include,Include,Include,Include
Kansas,KS,Anderson County,KSAnderson County,Include,Include,Include,Include,Include,Include,Include
Kansas,KS,Atchison County,KSAtchison County,Include,Include,Include,Include,Include,Include,Include
Kansas,KS,Barber County,KSBarber County,Include,Include,Include,Include,Include,Include,Include
Kansas,KS,Barton County,KSBarton County,Include,Include,Include,Include,Include,Include,Include
Kansas,KS,Bourbon County,KSBourbon County,Include,Include,Include,Include,Include,Include,Include
Kansas,KS,Brown County,KSBrown County,Include,Include,Include,Include,Include,Include,Include
Kansas,KS,Butler County,KSButler County,Include,Include,Include,Include,Include,Include,Include
Kansas,KS,Chase County,KSChase County,Include,Include,Include,Include,Include,Include,Include
Kansas,KS,Chautauqua County,KSChautauqua County,Include,Include,Include,Include,Include,Include,Include
Kansas,KS,Cherokee County,KSCherokee County,Include,Include,Include,Include,Include,Include,Include
Kansas,KS,Cheyenne County,KSCheyenne County,Include,Include,Include,Include,Include,Include,Include
Kansas,KS,Clark County,KSClark County,Include,Include,Include,Include,Include,Include,Include
Kansas,KS,Clay County,KSClay County,Include,Include,Include,Include,Include,Include,Include
Kansas,KS,Cloud County,KSCloud County,Include,Include,Include,Include,Include,Include,Include
Kansas,KS,Coffey County,KSCoffey County,Include,Include,Include,Include,Include,Include,Include
Kansas,KS,Comanche County,KSComanche County,Include,Include,Include,Include,Include,Include,Include
Kansas,KS,Cowley County,KSCowley County,Include,Include,Include,Include,Include,Include,Include
Kansas,KS,Crawford County,KSCrawford County,Include,Include,Include,Include,Include,Include,Include
Kansas,KS,Decatur County,KSDecatur County,Include,Include,Include,Include,Include,Include,Include
Kansas,KS,Dickinson County,KSDickinson County,Include,Include,Include,Include,Include,Include,Include
Kansas,KS,Doniphan County,KSDoniphan County,Include,Include,Include,Include,Include,Include,Include
Kansas,KS,Douglas County,KSDouglas County,Include,Include,Include,Include,Include,Include,Include
Kansas,KS,Edwards County,KSEdwards County,Include,Include,Include,Include,Include,Include,Include
Kansas,KS,Elk County,KSElk County,Include,Include,Include,Include,Include,Include,Include
Kansas,KS,Ellis County,KSEllis County,Include,Include,Include,Include,Include,Include,Include
Kansas,KS,Ellsworth County,KSEllsworth County,Include,Include,Include,Include,Include,Include,Include
Kansas,KS,Finney County,KSFinney County,Include,Include,Include,Include,Include,Include,Include
Kansas,KS,Ford County,KSFord County,Include,Include,Include,Include,Include,Include,Include
Kansas,KS,Franklin County,KSFranklin County,Include,Include,Include,Include,Include,Include,Include
Kansas,KS,Geary County,KSGeary County,Include,Include,Include,Include,Include,Include,Include
Kansas,KS,Gove County,KSGove County,Include,Include,Include,Include,Include,Include,Include
Kansas,KS,Graham County,KSGraham County,Include,Include,Include,Include,Include,Include,Include
Kansas,KS,Grant County,KSGrant County,Include,Include,Include,Include,Include,Include,Include
Kansas,KS,Gray County,KSGray County,Include,Include,Include,Include,Include,Include,Include
Kansas,KS,Greeley County,KSGreeley County,Include,Include,Include,Include,Include,Include,Include
Kansas,KS,Greenwood County,KSGreenwood County,Include,Include,Include,Include,Include,Include,Include
Kansas,KS,Hamilton County,KSHamilton County,Include,Include,Include,Include,Include,Include,Include
Kansas,KS,Harper County,KSHarper County,Include,Include,Include,Include,Include,Include,Include
Kansas,KS,Harvey County,KSHarvey County,Include,Include,Include,Include,Include,Include,Include
Kansas,KS,Haskell County,KSHaskell County,Include,Include,Include,Include,Include,Include,Include
Kansas,KS,Hodgeman County,KSHodgeman County,Include,Include,Include,Include,Include,Include,Include
Kansas,KS,Jackson County,KSJackson County,Include,Include,Include,Include,Include,Include,Include
Kansas,KS,Jefferson County,KSJefferson County,Include,Include,Include,Include,Include,Include,Include
Kansas,KS,Jewell County,KSJewell County,Include,Include,Include,Include,Include,Include,Include
Kansas,KS,Johnson County,KSJohnson County,Include,Include,Include,Include,Include,Include,Include
Kansas,KS,Kearny County,KSKearny County,Include,Include,Include,Include,Include,Include,Include
Kansas,KS,Kingman County,KSKingman County,Include,Include,Include,Include,Include,Include,Include
Kansas,KS,Kiowa County,KSKiowa County,Include,Include,Include,Include,Include,Include,Include
Kansas,KS,Labette County,KSLabette County,Include,Include,Include,Include,Include,Include,Include
Kansas,KS,Lane County,KSLane County,Include,Include,Include,Include,Include,Include,Include
Kansas,KS,Leavenworth County,KSLeavenworth County,Include,Include,Include,Include,Include,Include,Include
Kansas,KS,Lincoln County,KSLincoln County,Include,Include,Include,Include,Include,Include,Include
Kansas,KS,Linn County,KSLinn County,Include,Include,Include,Include,Include,Include,Include
Kansas,KS,Logan County,KSLogan County,Include,Include,Include,Include,Include,Include,Include
Kansas,KS,Lyon County,KSLyon County,Include,Include,Include,Include,Include,Include,Include
Kansas,KS,Marion County,KSMarion County,Include,Include,Include,Include,Include,Include,Include
Kansas,KS,Marshall County,KSMarshall County,Include,Include,Include,Include,Include,Include,Include
Kansas,KS,McPherson County,KSMcPherson County,Include,Include,Include,Include,Include,Include,Include
Kansas,KS,Meade County,KSMeade County,Include,Include,Include,Include,Include,Include,Include
Kansas,KS,Miami County,KSMiami County,Include,Include,Include,Include,Include,Include,Include
Kansas,KS,Mitchell County,KSMitchell County,Include,Include,Include,Include,Include,Include,Include
Kansas,KS,Montgomery County,KSMontgomery County,Include,Include,Include,Include,Include,Include,Include
Kansas,KS,Morris County,KSMorris County,Include,Include,Include,Include,Include,Include,Include
Kansas,KS,Morton County,KSMorton County,Include,Include,Include,Include,Include,Include,Include
Kansas,KS,Nemaha County,KSNemaha County,Include,Include,Include,Include,Include,Include,Include
Kansas,KS,Neosho County,KSNeosho County,Include,Include,Include,Include,Include,Include,Include
Kansas,KS,Ness County,KSNess County,Include,Include,Include,Include,Include,Include,Include
Kansas,KS,Excluderton County,KSExcluderton County,Include,Include,Include,Include,Include,Include,Include
Kansas,KS,Osage County,KSOsage County,Include,Include,Include,Include,Include,Include,Include
Kansas,KS,Osborne County,KSOsborne County,Include,Include,Include,Include,Include,Include,Include
Kansas,KS,Ottawa County,KSOttawa County,Include,Include,Include,Include,Include,Include,Include
Kansas,KS,Pawnee County,KSPawnee County,Include,Include,Include,Include,Include,Include,Include
Kansas,KS,Phillips County,KSPhillips County,Include,Include,Include,Include,Include,Include,Include
Kansas,KS,Pottawatomie County,KSPottawatomie County,Include,Include,Include,Include,Include,Include,Include
Kansas,KS,Pratt County,KSPratt County,Include,Include,Include,Include,Include,Include,Include
Kansas,KS,Rawlins County,KSRawlins County,Include,Include,Include,Include,Include,Include,Include
Kansas,KS,ReExclude County,KSReExclude County,Include,Include,Include,Include,Include,Include,Include
Kansas,KS,Republic County,KSRepublic County,Include,Include,Include,Include,Include,Include,Include
Kansas,KS,Rice County,KSRice County,Include,Include,Include,Include,Include,Include,Include
Kansas,KS,Riley County,KSRiley County,Include,Include,Include,Include,Include,Include,Include
Kansas,KS,Rooks County,KSRooks County,Include,Include,Include,Include,Include,Include,Include
Kansas,KS,Rush County,KSRush County,Include,Include,Include,Include,Include,Include,Include
Kansas,KS,Russell County,KSRussell County,Include,Include,Include,Include,Include,Include,Include
Kansas,KS,Saline County,KSSaline County,Include,Include,Include,Include,Include,Include,Include
Kansas,KS,Scott County,KSScott County,Include,Include,Include,Include,Include,Include,Include
Kansas,KS,Sedgwick County,KSSedgwick County,Include,Include,Include,Include,Include,Include,Include
Kansas,KS,Seward County,KSSeward County,Include,Include,Include,Include,Include,Include,Include
Kansas,KS,Shawnee County,KSShawnee County,Include,Include,Include,Include,Include,Include,Include
Kansas,KS,Sheridan County,KSSheridan County,Include,Include,Include,Include,Include,Include,Include
Kansas,KS,Sherman County,KSSherman County,Include,Include,Include,Include,Include,Include,Include
Kansas,KS,Smith County,KSSmith County,Include,Include,Include,Include,Include,Include,Include
Kansas,KS,Stafford County,KSStafford County,Include,Include,Include,Include,Include,Include,Include
Kansas,KS,Stanton County,KSStanton County,Include,Include,Include,Include,Include,Include,Include
Kansas,KS,Stevens County,KSStevens County,Include,Include,Include,Include,Include,Include,Include
Kansas,KS,Sumner County,KSSumner County,Include,Include,Include,Include,Include,Include,Include
Kansas,KS,Thomas County,KSThomas County,Include,Include,Include,Include,Include,Include,Include
Kansas,KS,Trego County,KSTrego County,Include,Include,Include,Include,Include,Include,Include
Kansas,KS,Wabaunsee County,KSWabaunsee County,Include,Include,Include,Include,Include,Include,Include
Kansas,KS,Wallace County,KSWallace County,Include,Include,Include,Include,Include,Include,Include
Kansas,KS,Washington County,KSWashington County,Include,Include,Include,Include,Include,Include,Include
Kansas,KS,Wichita County,KSWichita County,Include,Include,Include,Include,Include,Include,Include
Kansas,KS,Wilson County,KSWilson County,Include,Include,Include,Include,Include,Include,Include
Kansas,KS,Woodson County,KSWoodson County,Include,Include,Include,Include,Include,Include,Include
Kansas,KS,Wyandotte County,KSWyandotte County,Include,Include,Include,Include,Include,Include,Include
Kentucky,KY,Adair County,KYAdair County,Include,Include,Include,Include,Include,Include,Include
Kentucky,KY,Allen County,KYAllen County,Include,Include,Include,Include,Include,Include,Include
Kentucky,KY,Anderson County,KYAnderson County,Include,Include,Include,Include,Include,Include,Include
Kentucky,KY,Ballard County,KYBallard County,Include,Include,Include,Include,Include,Include,Include
Kentucky,KY,Barren County,KYBarren County,Include,Include,Include,Include,Include,Include,Include
Kentucky,KY,Bath County,KYBath County,Include,Include,Include,Include,Include,Include,Include
Kentucky,KY,Bell County,KYBell County,Include,Include,Include,Include,Include,Include,Include
Kentucky,KY,Boone County,KYBoone County,Include,Include,Include,Include,Include,Include,Include
Kentucky,KY,Bourbon County,KYBourbon County,Include,Include,Include,Include,Include,Include,Include
Kentucky,KY,Boyd County,KYBoyd County,Include,Include,Include,Include,Include,Include,Include
Kentucky,KY,Boyle County,KYBoyle County,Include,Include,Include,Include,Include,Include,Include
Kentucky,KY,Bracken County,KYBracken County,Include,Include,Include,Include,Include,Include,Include
Kentucky,KY,Breathitt County,KYBreathitt County,Include,Include,Include,Include,Include,Include,Include
Kentucky,KY,Breckinridge County,KYBreckinridge County,Include,Include,Include,Include,Include,Include,Include
Kentucky,KY,Bullitt County,KYBullitt County,Include,Include,Include,Include,Include,Include,Include
Kentucky,KY,Butler County,KYButler County,Include,Include,Include,Include,Include,Include,Include
Kentucky,KY,Caldwell County,KYCaldwell County,Include,Include,Include,Include,Include,Include,Include
Kentucky,KY,Calloway County,KYCalloway County,Include,Include,Include,Include,Include,Include,Include
Kentucky,KY,Campbell County,KYCampbell County,Include,Include,Include,Include,Include,Include,Include
Kentucky,KY,Carlisle County,KYCarlisle County,Include,Include,Include,Include,Include,Include,Include
Kentucky,KY,Carroll County,KYCarroll County,Include,Include,Include,Include,Include,Include,Include
Kentucky,KY,Carter County,KYCarter County,Include,Include,Include,Include,Include,Include,Include
Kentucky,KY,Casey County,KYCasey County,Include,Include,Include,Include,Include,Include,Include
Kentucky,KY,Christian County,KYChristian County,Include,Include,Include,Include,Include,Include,Include
Kentucky,KY,Clark County,KYClark County,Include,Include,Include,Include,Include,Include,Include
Kentucky,KY,Clay County,KYClay County,Include,Include,Include,Include,Include,Include,Include
Kentucky,KY,Clinton County,KYClinton County,Include,Include,Include,Include,Include,Include,Include
Kentucky,KY,Crittenden County,KYCrittenden County,Include,Include,Include,Include,Include,Include,Include
Kentucky,KY,Cumberland County,KYCumberland County,Include,Include,Include,Include,Include,Include,Include
Kentucky,KY,Daviess County,KYDaviess County,Include,Include,Include,Include,Include,Include,Include
Kentucky,KY,Edmonson County,KYEdmonson County,Include,Include,Include,Include,Include,Include,Include
Kentucky,KY,Elliott County,KYElliott County,Include,Include,Include,Include,Include,Include,Include
Kentucky,KY,Estill County,KIncludetill County,Include,Include,Include,Include,Include,Include,Include
Kentucky,KY,Fayette County,KYFayette County,Include,Include,Include,Include,Include,Include,Include
Kentucky,KY,Fleming County,KYFleming County,Include,Include,Include,Include,Include,Include,Include
Kentucky,KY,Floyd County,KYFloyd County,Include,Include,Include,Include,Include,Include,Include
Kentucky,KY,Franklin County,KYFranklin County,Include,Include,Include,Include,Include,Include,Include
Kentucky,KY,Fulton County,KYFulton County,Include,Include,Include,Include,Include,Include,Include
Kentucky,KY,Gallatin County,KYGallatin County,Include,Include,Include,Include,Include,Include,Include
Kentucky,KY,Garrard County,KYGarrard County,Include,Include,Include,Include,Include,Include,Include
Kentucky,KY,Grant County,KYGrant County,Include,Include,Include,Include,Include,Include,Include
Kentucky,KY,Graves County,KYGraves County,Include,Include,Include,Include,Include,Include,Include
Kentucky,KY,Grayson County,KYGrayson County,Include,Include,Include,Include,Include,Include,Include
Kentucky,KY,Green County,KYGreen County,Include,Include,Include,Include,Include,Include,Include
Kentucky,KY,Greenup County,KYGreenup County,Include,Include,Include,Include,Include,Include,Include
Kentucky,KY,Hancock County,KYHancock County,Include,Include,Include,Include,Include,Include,Include
Kentucky,KY,Hardin County,KYHardin County,Include,Include,Include,Include,Include,Include,Include
Kentucky,KY,Harlan County,KYHarlan County,Include,Include,Include,Include,Include,Include,Include
Kentucky,KY,Harrison County,KYHarrison County,Include,Include,Include,Include,Include,Include,Include
Kentucky,KY,Hart County,KYHart County,Include,Include,Include,Include,Include,Include,Include
Kentucky,KY,Henderson County,KYHenderson County,Include,Include,Include,Include,Include,Include,Include
Kentucky,KY,Henry County,KYHenry County,Include,Include,Include,Include,Include,Include,Include
Kentucky,KY,Hickman County,KYHickman County,Include,Include,Include,Include,Include,Include,Include
Kentucky,KY,Hopkins County,KYHopkins County,Include,Include,Include,Include,Include,Include,Include
Kentucky,KY,Jackson County,KYJackson County,Include,Include,Include,Include,Include,Include,Include
Kentucky,KY,Jefferson County,KYJefferson County,Include,Include,Include,Include,Include,Include,Include
Kentucky,KY,Jessamine County,KYJessamine County,Include,Include,Include,Include,Include,Include,Include
Kentucky,KY,Johnson County,KYJohnson County,Include,Include,Include,Include,Include,Include,Include
Kentucky,KY,Kenton County,KYKenton County,Include,Include,Include,Include,Include,Include,Include
Kentucky,KY,KExcludett County,KYKExcludett County,Include,Include,Include,Include,Include,Include,Include
Kentucky,KY,KExcludex County,KYKExcludex County,Include,Include,Include,Include,Include,Include,Include
Kentucky,KY,Larue County,KYLarue County,Include,Include,Include,Include,Include,Include,Include
Kentucky,KY,Laurel County,KYLaurel County,Include,Include,Include,Include,Include,Include,Include
Kentucky,KY,Lawrence County,KYLawrence County,Include,Include,Include,Include,Include,Include,Include
Kentucky,KY,Lee County,KYLee County,Include,Include,Include,Include,Include,Include,Include
Kentucky,KY,Leslie County,KYLeslie County,Include,Include,Include,Include,Include,Include,Include
Kentucky,KY,Letcher County,KYLetcher County,Include,Include,Include,Include,Include,Include,Include
Kentucky,KY,Lewis County,KYLewis County,Include,Include,Include,Include,Include,Include,Include
Kentucky,KY,Lincoln County,KYLincoln County,Include,Include,Include,Include,Include,Include,Include
Kentucky,KY,Livingston County,KYLivingston County,Include,Include,Include,Include,Include,Include,Include
Kentucky,KY,Logan County,KYLogan County,Include,Include,Include,Include,Include,Include,Include
Kentucky,KY,Lyon County,KYLyon County,Include,Include,Include,Include,Include,Include,Include
Kentucky,KY,Madison County,KYMadison County,Include,Include,Include,Include,Include,Include,Include
Kentucky,KY,Magoffin County,KYMagoffin County,Include,Include,Include,Include,Include,Include,Include
Kentucky,KY,Marion County,KYMarion County,Include,Include,Include,Include,Include,Include,Include
Kentucky,KY,Marshall County,KYMarshall County,Include,Include,Include,Include,Include,Include,Include
Kentucky,KY,Martin County,KYMartin County,Include,Include,Include,Include,Include,Include,Include
Kentucky,KY,Mason County,KYMason County,Include,Include,Include,Include,Include,Include,Include
Kentucky,KY,McCracken County,KYMcCracken County,Include,Include,Include,Include,Include,Include,Include
Kentucky,KY,McCreary County,KYMcCreary County,Include,Include,Include,Include,Include,Include,Include
Kentucky,KY,McLean County,KYMcLean County,Include,Include,Include,Include,Include,Include,Include
Kentucky,KY,Meade County,KYMeade County,Include,Include,Include,Include,Include,Include,Include
Kentucky,KY,Menifee County,KYMenifee County,Include,Include,Include,Include,Include,Include,Include
Kentucky,KY,Mercer County,KYMercer County,Include,Include,Include,Include,Include,Include,Include
Kentucky,KY,Metcalfe County,KYMetcalfe County,Include,Include,Include,Include,Include,Include,Include
Kentucky,KY,Monroe County,KYMonroe County,Include,Include,Include,Include,Include,Include,Include
Kentucky,KY,Montgomery County,KYMontgomery County,Include,Include,Include,Include,Include,Include,Include
Kentucky,KY,Morgan County,KYMorgan County,Include,Include,Include,Include,Include,Include,Include
Kentucky,KY,Muhlenberg County,KYMuhlenberg County,Include,Include,Include,Include,Include,Include,Include
Kentucky,KY,Nelson County,KYNelson County,Include,Include,Include,Include,Include,Include,Include
Kentucky,KY,Nicholas County,KYNicholas County,Include,Include,Include,Include,Include,Include,Include
Kentucky,KY,Ohio County,KYOhio County,Include,Include,Include,Include,Include,Include,Include
Kentucky,KY,Oldham County,KYOldham County,Include,Include,Include,Include,Include,Include,Include
Kentucky,KY,Owen County,KYOwen County,Include,Include,Include,Include,Include,Include,Include
Kentucky,KY,Owsley County,KYOwsley County,Include,Include,Include,Include,Include,Include,Include
Kentucky,KY,Pendleton County,KYPendleton County,Include,Include,Include,Include,Include,Include,Include
Kentucky,KY,Perry County,KYPerry County,Include,Include,Include,Include,Include,Include,Include
Kentucky,KY,Pike County,KYPike County,Include,Include,Include,Include,Include,Include,Include
Kentucky,KY,Powell County,KYPowell County,Include,Include,Include,Include,Include,Include,Include
Kentucky,KY,Pulaski County,KYPulaski County,Include,Include,Include,Include,Include,Include,Include
Kentucky,KY,Robertson County,KYRobertson County,Include,Include,Include,Include,Include,Include,Include
Kentucky,KY,Rockcastle County,KYRockcastle County,Include,Include,Include,Include,Include,Include,Include
Kentucky,KY,Rowan County,KYRowan County,Include,Include,Include,Include,Include,Include,Include
Kentucky,KY,Russell County,KYRussell County,Include,Include,Include,Include,Include,Include,Include
Kentucky,KY,Scott County,KYScott County,Include,Include,Include,Include,Include,Include,Include
Kentucky,KY,Shelby County,KYShelby County,Include,Include,Include,Include,Include,Include,Include
Kentucky,KY,Simpson County,KYSimpson County,Include,Include,Include,Include,Include,Include,Include
Kentucky,KY,Spencer County,KYSpencer County,Include,Include,Include,Include,Include,Include,Include
Kentucky,KY,Taylor County,KYTaylor County,Include,Include,Include,Include,Include,Include,Include
Kentucky,KY,Todd County,KYTodd County,Include,Include,Include,Include,Include,Include,Include
Kentucky,KY,Trigg County,KYTrigg County,Include,Include,Include,Include,Include,Include,Include
Kentucky,KY,Trimble County,KYTrimble County,Include,Include,Include,Include,Include,Include,Include
Kentucky,KY,Union County,KYUnion County,Include,Include,Include,Include,Include,Include,Include
Kentucky,KY,Warren County,KYWarren County,Include,Include,Include,Include,Include,Include,Include
Kentucky,KY,Washington County,KYWashington County,Include,Include,Include,Include,Include,Include,Include
Kentucky,KY,Wayne County,KYWayne County,Include,Include,Include,Include,Include,Include,Include
Kentucky,KY,Webster County,KYWebster County,Include,Include,Include,Include,Include,Include,Include
Kentucky,KY,Whitley County,KYWhitley County,Include,Include,Include,Include,Include,Include,Include
Kentucky,KY,Wolfe County,KYWolfe County,Include,Include,Include,Include,Include,Include,Include
Kentucky,KY,Woodford County,KYWoodford County,Include,Include,Include,Include,Include,Include,Include
Louisiana,LA,Acadia Parish,LAAcadia Parish,Include,Include,Include,Include,Include,Include,Include
Louisiana,LA,Allen Parish,LAAllen Parish,Include,Include,Include,Include,Include,Include,Include
Louisiana,LA,Ascension Parish,LAAscension Parish,Include,Include,Include,Include,Include,Include,Include
Louisiana,LA,Assumption Parish,LAAssumption Parish,Include,Include,Include,Include,Include,Include,Include
Louisiana,LA,Avoyelles Parish,LAAvoyelles Parish,Include,Include,Include,Include,Include,Include,Include
Louisiana,LA,Beauregard Parish,LABeauregard Parish,Include,Include,Include,Include,Include,Include,Include
Louisiana,LA,Bienville Parish,LABienville Parish,Include,Include,Include,Include,Include,Include,Include
Louisiana,LA,Bossier Parish,LABossier Parish,Include,Include,Include,Include,Include,Include,Include
Louisiana,LA,Caddo Parish,LACaddo Parish,Include,Include,Include,Include,Include,Include,Include
Louisiana,LA,Calcasieu Parish,LACalcasieu Parish,Include,Include,Include,Include,Include,Include,Include
Louisiana,LA,Caldwell Parish,LACaldwell Parish,Include,Include,Include,Include,Include,Include,Include
Louisiana,LA,Cameron Parish,LACameron Parish,Exclude,Include,Include,Include,Include,Include,Include
Louisiana,LA,Catahoula Parish,LACatahoula Parish,Include,Include,Include,Include,Include,Include,Include
Louisiana,LA,Claiborne Parish,LAClaiborne Parish,Include,Include,Include,Include,Include,Include,Include
Louisiana,LA,Concordia Parish,LAConcordia Parish,Include,Include,Include,Include,Include,Include,Include
Louisiana,LA,De Soto Parish,LADe Soto Parish,Include,Include,Include,Include,Include,Include,Include
Louisiana,LA,East Baton Rouge Parish,LAEast Baton Rouge Parish,Include,Include,Include,Include,Include,Include,Include
Louisiana,LA,East Carroll Parish,LAEast Carroll Parish,Include,Include,Include,Include,Include,Include,Include
Louisiana,LA,East Feliciana Parish,LAEast Feliciana Parish,Include,Include,Include,Include,Include,Include,Include
Louisiana,LA,Evangeline Parish,LAEvangeline Parish,Include,Include,Include,Include,Include,Include,Include
Louisiana,LA,Franklin Parish,LAFranklin Parish,Include,Include,Include,Include,Include,Include,Include
Louisiana,LA,Grant Parish,LAGrant Parish,Include,Include,Include,Include,Include,Include,Include
Louisiana,LA,Iberia Parish,LAIberia Parish,Exclude,Include,Include,Include,Include,Include,Include
Louisiana,LA,Iberville Parish,LAIberville Parish,Include,Include,Include,Include,Include,Include,Include
Louisiana,LA,Jackson Parish,LAJackson Parish,Include,Include,Include,Include,Include,Include,Include
Louisiana,LA,Jefferson Davis Parish,LAJefferson Davis Parish,Include,Include,Include,Include,Include,Include,Include
Louisiana,LA,Jefferson Parish,LAJefferson Parish,Include,Include,Include,Include,Include,Include,Include
Louisiana,LA,Lafayette Parish,LALafayette Parish,Include,Include,Include,Include,Include,Include,Include
Louisiana,LA,Lafourche Parish,LALafourche Parish,Exclude,Include,Include,Include,Include,Include,Include
Louisiana,LA,LaSalle Parish,LALaSalle Parish,Include,Include,Include,Include,Include,Include,Include
Louisiana,LA,Lincoln Parish,LALincoln Parish,Include,Include,Include,Include,Include,Include,Include
Louisiana,LA,Livingston Parish,LALivingston Parish,Include,Include,Include,Include,Include,Include,Include
Louisiana,LA,Madison Parish,LAMadison Parish,Include,Include,Include,Include,Include,Include,Include
Louisiana,LA,Morehouse Parish,LAMorehouse Parish,Include,Include,Include,Include,Include,Include,Include
Louisiana,LA,Natchitoches Parish,LANatchitoches Parish,Include,Include,Include,Include,Include,Include,Include
Louisiana,LA,Orleans Parish,LAOrleans Parish,Include,Include,Include,Include,Include,Include,Include
Louisiana,LA,Ouachita Parish,LAOuachita Parish,Include,Include,Include,Include,Include,Include,Include
Louisiana,LA,Plaquemines Parish,LAPlaquemines Parish,Exclude,Include,Include,Include,Include,Include,Include
Louisiana,LA,Pointe Coupee Parish,LAPointe Coupee Parish,Include,Include,Include,Include,Include,Include,Include
Louisiana,LA,Rapides Parish,LARapides Parish,Include,Include,Include,Include,Include,Include,Include
Louisiana,LA,Red River Parish,LARed River Parish,Include,Include,Include,Include,Include,Include,Include
Louisiana,LA,Richland Parish,LARichland Parish,Include,Include,Include,Include,Include,Include,Include
Louisiana,LA,Sabine Parish,LASabine Parish,Include,Include,Include,Include,Include,Include,Include
Louisiana,LA,St. Bernard Parish,LASt. Bernard Parish,Exclude,Include,Include,Include,Include,Include,Include
Louisiana,LA,St. Charles Parish,LASt. Charles Parish,Exclude,Include,Include,Include,Include,Include,Include
Louisiana,LA,St. Helena Parish,LASt. Helena Parish,Include,Include,Include,Include,Include,Include,Include
Louisiana,LA,St. James Parish,LASt. James Parish,Include,Include,Include,Include,Include,Include,Include
Louisiana,LA,St. John the Baptist Parish,LASt. John the Baptist Parish,Include,Include,Include,Include,Include,Include,Include
Louisiana,LA,St. Landry Parish,LASt. Landry Parish,Include,Include,Include,Include,Include,Include,Include
Louisiana,LA,St. Martin Parish,LASt. Martin Parish,Include,Include,Include,Include,Include,Include,Include
Louisiana,LA,St. Mary Parish,LASt. Mary Parish,Exclude,Include,Include,Include,Include,Include,Include
Louisiana,LA,St. Tammany Parish,LASt. Tammany Parish,Include,Include,Include,Include,Include,Include,Include
Louisiana,LA,Tangipahoa Parish,LATangipahoa Parish,Include,Include,Include,Include,Include,Include,Include
Louisiana,LA,Tensas Parish,LATensas Parish,Include,Include,Include,Include,Include,Include,Include
Louisiana,LA,Terrebonne Parish,LATerrebonne Parish,Exclude,Include,Include,Include,Include,Include,Include
Louisiana,LA,Union Parish,LAUnion Parish,Include,Include,Include,Include,Include,Include,Include
Louisiana,LA,Vermilion Parish,LAVermilion Parish,Exclude,Include,Include,Include,Include,Include,Include
Louisiana,LA,VerExcluden Parish,LAVerExcluden Parish,Include,Include,Include,Include,Include,Include,Include
Louisiana,LA,Washington Parish,LAWashington Parish,Include,Include,Include,Include,Include,Include,Include
Louisiana,LA,Webster Parish,LAWebster Parish,Include,Include,Include,Include,Include,Include,Include
Louisiana,LA,West Baton Rouge Parish,LAWest Baton Rouge Parish,Include,Include,Include,Include,Include,Include,Include
Louisiana,LA,West Carroll Parish,LAWest Carroll Parish,Include,Include,Include,Include,Include,Include,Include
Louisiana,LA,West Feliciana Parish,LAWest Feliciana Parish,Include,Include,Include,Include,Include,Include,Include
Louisiana,LA,Winn Parish,LAWinn Parish,Include,Include,Include,Include,Include,Include,Include
Maine,ME,Androscoggin County,MEAndroscoggin County,Include,Include,Include,Include,Include,Include,Include
Maine,ME,Aroostook County,MEAroostook County,Include,Include,Include,Include,Include,Include,Include
Maine,ME,Cumberland County,MECumberland County,Include,Include,Include,Include,Include,Include,Include
Maine,ME,Franklin County,MEFranklin County,Include,Include,Include,Include,Include,Include,Include
Maine,ME,Hancock County,MEHancock County,Include,Include,Include,Include,Include,Include,Include
Maine,ME,Kennebec County,MEKennebec County,Include,Include,Include,Include,Include,Include,Include
Maine,ME,KExcludex County,MEKExcludex County,Include,Include,Include,Include,Include,Include,Include
Maine,ME,Lincoln County,MELincoln County,Include,Include,Include,Include,Include,Include,Include
Maine,ME,Oxford County,MEOxford County,Include,Include,Include,Include,Include,Include,Include
Maine,ME,PeExcludebscot County,MEPeExcludebscot County,Include,Include,Include,Include,Include,Include,Include
Maine,ME,Piscataquis County,MEPiscataquis County,Include,Include,Include,Include,Include,Include,Include
Maine,ME,Sagadahoc County,MESagadahoc County,Include,Include,Include,Include,Include,Include,Include
Maine,ME,Somerset County,MESomerset County,Include,Include,Include,Include,Include,Include,Include
Maine,ME,Waldo County,MEWaldo County,Include,Include,Include,Include,Include,Include,Include
Maine,ME,Washington County,MEWashington County,Include,Include,Include,Include,Include,Include,Include
Maine,ME,York County,MEYork County,Include,Include,Include,Include,Include,Include,Include
Maryland,MD,Allegany County,MDAllegany County,Include,Include,Include,Include,Include,Include,Include
Maryland,MD,Anne Arundel County,MDAnne Arundel County,Include,Include,Include,Include,Include,Include,Include
Maryland,MD,Baltimore County,MDBaltimore County,Include,Include,Include,Include,Include,Include,Include
Maryland,MD,"Baltimore, City of","MDBaltimore, City of",Include,Include,Include,Include,Include,Include,Include
Maryland,MD,Calvert County,MDCalvert County,Include,Include,Include,Include,Include,Include,Include
Maryland,MD,Caroline County,MDCaroline County,Include,Include,Include,Include,Include,Include,Include
Maryland,MD,Carroll County,MDCarroll County,Include,Include,Include,Include,Include,Include,Include
Maryland,MD,Cecil County,MDCecil County,Include,Include,Include,Include,Include,Include,Include
Maryland,MD,Charles County,MDCharles County,Include,Include,Include,Include,Include,Include,Include
Maryland,MD,Dorchester County,MDDorchester County,Include,Include,Include,Include,Include,Include,Include
Maryland,MD,Frederick County,MDFrederick County,Include,Include,Include,Include,Include,Include,Include
Maryland,MD,Garrett County,MDGarrett County,Include,Include,Include,Include,Include,Include,Include
Maryland,MD,Harford County,MDHarford County,Include,Include,Include,Include,Include,Include,Include
Maryland,MD,Howard County,MDHoward County,Include,Include,Include,Include,Include,Include,Include
Maryland,MD,Kent County,MDKent County,Include,Include,Include,Include,Include,Include,Include
Maryland,MD,Montgomery County,MDMontgomery County,Include,Include,Include,Include,Include,Include,Include
Maryland,MD,Prince Georges County,MDPrince Georges County,Include,Include,Include,Include,Include,Include,Include
Maryland,MD,Queen Annes County,MDQueen Annes County,Include,Include,Include,Include,Include,Include,Include
Maryland,MD,Somerset County,MDSomerset County,Include,Include,Include,Include,Include,Include,Include
Maryland,MD,St. Marys County,MDSt. Marys County,Include,Include,Include,Include,Include,Include,Include
Maryland,MD,Talbot County,MDTalbot County,Include,Include,Include,Include,Include,Include,Include
Maryland,MD,Washington County,MDWashington County,Include,Include,Include,Include,Include,Include,Include
Maryland,MD,Wicomico County,MDWicomico County,Include,Include,Include,Include,Include,Include,Include
Maryland,MD,Worcester County,MDWorcester County,Include,Include,Include,Include,Include,Include,Include
Massachusetts,MA,Barnstable County,MABarnstable County,Include,Include,Include,Include,Include,Include,Include
Massachusetts,MA,Berkshire County,MABerkshire County,Include,Include,Include,Include,Include,Include,Include
Massachusetts,MA,Bristol County,MABristol County,Include,Include,Include,Include,Include,Include,Include
Massachusetts,MA,Dukes County,MADukes County,Include,Include,Include,Include,Include,Include,Include
Massachusetts,MA,Essex County,MAEssex County,Include,Include,Include,Include,Include,Include,Include
Massachusetts,MA,Franklin County,MAFranklin County,Include,Include,Include,Include,Include,Include,Include
Massachusetts,MA,Hampden County,MAHampden County,Include,Include,Include,Include,Include,Include,Include
Massachusetts,MA,Hampshire County,MAHampshire County,Include,Include,Include,Include,Include,Include,Include
Massachusetts,MA,Middlesex County,MAMiddlesex County,Include,Include,Include,Include,Include,Include,Include
Massachusetts,MA,"Nantucket, Town and County of","MANantucket, Town and County of",Include,Include,Include,Include,Include,Include,Include
Massachusetts,MA,Excluderfolk County,MAExcluderfolk County,Include,Include,Include,Include,Include,Include,Include
Massachusetts,MA,Plymouth County,MAPlymouth County,Include,Include,Include,Include,Include,Include,Include
Massachusetts,MA,Suffolk County,MASuffolk County,Include,Include,Include,Include,Include,Include,Include
Massachusetts,MA,Worcester County,MAWorcester County,Include,Include,Include,Include,Include,Include,Include
Michigan,MI,Alcona County,MIAlcona County,Include,Include,Include,Include,Include,Include,Include
Michigan,MI,Alger County,MIAlger County,Include,Include,Include,Include,Include,Include,Include
Michigan,MI,Allegan County,MIAllegan County,Include,Include,Include,Include,Include,Include,Include
Michigan,MI,Alpena County,MIAlpena County,Include,Include,Include,Include,Include,Include,Include
Michigan,MI,Antrim County,MIAntrim County,Include,Include,Include,Include,Include,Include,Include
Michigan,MI,Arenac County,MIArenac County,Include,Include,Include,Include,Include,Include,Include
Michigan,MI,Baraga County,MIBaraga County,Include,Include,Include,Include,Include,Include,Include
Michigan,MI,Barry County,MIBarry County,Include,Include,Include,Include,Include,Include,Include
Michigan,MI,Bay County,MIBay County,Include,Include,Include,Include,Include,Include,Include
Michigan,MI,Benzie County,MIBenzie County,Include,Include,Include,Include,Include,Include,Include
Michigan,MI,Berrien County,MIBerrien County,Include,Include,Include,Include,Include,Include,Include
Michigan,MI,Branch County,MIBranch County,Include,Include,Include,Include,Include,Include,Include
Michigan,MI,Calhoun County,MICalhoun County,Include,Include,Include,Include,Include,Include,Include
Michigan,MI,Cass County,MICass County,Include,Include,Include,Include,Include,Include,Include
Michigan,MI,Charlevoix County,MICharlevoix County,Include,Include,Include,Include,Include,Include,Include
Michigan,MI,Cheboygan County,MICheboygan County,Include,Include,Include,Include,Include,Include,Include
Michigan,MI,Chippewa County,MIChippewa County,Include,Include,Include,Include,Include,Include,Include
Michigan,MI,Clare County,MIClare County,Include,Include,Include,Include,Include,Include,Include
Michigan,MI,Clinton County,MIClinton County,Include,Include,Include,Include,Include,Include,Include
Michigan,MI,Crawford County,MICrawford County,Include,Include,Include,Include,Include,Include,Include
Michigan,MI,Delta County,MIDelta County,Include,Include,Include,Include,Include,Include,Include
Michigan,MI,Dickinson County,MIDickinson County,Include,Include,Include,Include,Include,Include,Include
Michigan,MI,Eaton County,MIEaton County,Include,Include,Include,Include,Include,Include,Include
Michigan,MI,Emmet County,MIEmmet County,Include,Include,Include,Include,Include,Include,Include
Michigan,MI,Genesee County,MIGenesee County,Include,Include,Include,Include,Include,Include,Include
Michigan,MI,Gladwin County,MIGladwin County,Include,Include,Include,Include,Include,Include,Include
Michigan,MI,Gogebic County,MIGogebic County,Include,Include,Include,Include,Include,Include,Include
Michigan,MI,Grand Traverse County,MIGrand Traverse County,Include,Include,Include,Include,Include,Include,Include
Michigan,MI,Gratiot County,MIGratiot County,Include,Include,Include,Include,Include,Include,Include
Michigan,MI,Hillsdale County,MIHillsdale County,Include,Include,Include,Include,Include,Include,Include
Michigan,MI,Houghton County,MIHoughton County,Include,Include,Include,Include,Include,Include,Include
Michigan,MI,Huron County,MIHuron County,Include,Include,Include,Include,Include,Include,Include
Michigan,MI,Ingham County,MIIngham County,Include,Include,Include,Include,Include,Include,Include
Michigan,MI,Ionia County,MIIonia County,Include,Include,Include,Include,Include,Include,Include
Michigan,MI,Iosco County,MIIosco County,Include,Include,Include,Include,Include,Include,Include
Michigan,MI,Iron County,MIIron County,Include,Include,Include,Include,Include,Include,Include
Michigan,MI,Isabella County,MIIsabella County,Include,Include,Include,Include,Include,Include,Include
Michigan,MI,Jackson County,MIJackson County,Include,Include,Include,Include,Include,Include,Include
Michigan,MI,Kalamazoo County,MIKalamazoo County,Include,Include,Include,Include,Include,Include,Include
Michigan,MI,Kalkaska County,MIKalkaska County,Include,Include,Include,Include,Include,Include,Include
Michigan,MI,Kent County,MIKent County,Include,Include,Include,Include,Include,Include,Include
Michigan,MI,Keweenaw County,MIKeweenaw County,Include,Include,Include,Include,Include,Include,Include
Michigan,MI,Lake County,MILake County,Include,Include,Include,Include,Include,Include,Include
Michigan,MI,Lapeer County,MILapeer County,Include,Include,Include,Include,Include,Include,Include
Michigan,MI,Leelanau County,MILeelanau County,Include,Include,Include,Include,Include,Include,Include
Michigan,MI,Lenawee County,MILenawee County,Include,Include,Include,Include,Include,Include,Include
Michigan,MI,Livingston County,MILivingston County,Include,Include,Include,Include,Include,Include,Include
Michigan,MI,Luce County,MILuce County,Include,Include,Include,Include,Include,Include,Include
Michigan,MI,Mackinac County,MIMackinac County,Include,Include,Include,Include,Include,Include,Include
Michigan,MI,Macomb County,MIMacomb County,Include,Include,Include,Include,Include,Include,Include
Michigan,MI,Manistee County,MIManistee County,Include,Include,Include,Include,Include,Include,Include
Michigan,MI,Marquette County,MIMarquette County,Include,Include,Include,Include,Include,Include,Include
Michigan,MI,Mason County,MIMason County,Include,Include,Include,Include,Include,Include,Include
Michigan,MI,Mecosta County,MIMecosta County,Include,Include,Include,Include,Include,Include,Include
Michigan,MI,MeExcludeminee County,MIMeExcludeminee County,Include,Include,Include,Include,Include,Include,Include
Michigan,MI,Midland County,MIMidland County,Include,Include,Include,Include,Include,Include,Include
Michigan,MI,Missaukee County,MIMissaukee County,Include,Include,Include,Include,Include,Include,Include
Michigan,MI,Monroe County,MIMonroe County,Include,Include,Include,Include,Include,Include,Include
Michigan,MI,Montcalm County,MIMontcalm County,Include,Include,Include,Include,Include,Include,Include
Michigan,MI,Montmorency County,MIMontmorency County,Include,Include,Include,Include,Include,Include,Include
Michigan,MI,Muskegon County,MIMuskegon County,Include,Include,Include,Include,Include,Include,Include
Michigan,MI,Newaygo County,MINewaygo County,Include,Include,Include,Include,Include,Include,Include
Michigan,MI,Oakland County,MIOakland County,Include,Include,Include,Include,Include,Include,Include
Michigan,MI,Oceana County,MIOceana County,Include,Include,Include,Include,Include,Include,Include
Michigan,MI,Ogemaw County,MIOgemaw County,Include,Include,Include,Include,Include,Include,Include
Michigan,MI,Ontonagon County,MIOntonagon County,Include,Include,Include,Include,Include,Include,Include
Michigan,MI,Osceola County,MIOsceola County,Include,Include,Include,Include,Include,Include,Include
Michigan,MI,Oscoda County,MIOscoda County,Include,Include,Include,Include,Include,Include,Include
Michigan,MI,Otsego County,MIOtsego County,Include,Include,Include,Include,Include,Include,Include
Michigan,MI,Ottawa County,MIOttawa County,Include,Include,Include,Include,Include,Include,Include
Michigan,MI,Presque Isle County,MIPresque Isle County,Include,Include,Include,Include,Include,Include,Include
Michigan,MI,Roscommon County,MIRoscommon County,Include,Include,Include,Include,Include,Include,Include
Michigan,MI,Saginaw County,MISaginaw County,Include,Include,Include,Include,Include,Include,Include
Michigan,MI,Sanilac County,MISanilac County,Include,Include,Include,Include,Include,Include,Include
Michigan,MI,Schoolcraft County,MISchoolcraft County,Include,Include,Include,Include,Include,Include,Include
Michigan,MI,Shiawassee County,MIShiawassee County,Include,Include,Include,Include,Include,Include,Include
Michigan,MI,St. Clair County,MISt. Clair County,Include,Include,Include,Include,Include,Include,Include
Michigan,MI,St. Joseph County,MISt. Joseph County,Include,Include,Include,Include,Include,Include,Include
Michigan,MI,Tuscola County,MITuscola County,Include,Include,Include,Include,Include,Include,Include
Michigan,MI,Van Buren County,MIVan Buren County,Include,Include,Include,Include,Include,Include,Include
Michigan,MI,Washtenaw County,MIWashtenaw County,Include,Include,Include,Include,Include,Include,Include
Michigan,MI,Wayne County,MIWayne County,Include,Include,Include,Include,Include,Include,Include
Michigan,MI,Wexford County,MIWexford County,Include,Include,Include,Include,Include,Include,Include
Minnesota,MN,Aitkin County,MNAitkin County,Include,Include,Include,Include,Include,Include,Include
Minnesota,MN,AExcludeka County,MNAExcludeka County,Include,Include,Include,Include,Include,Include,Include
Minnesota,MN,Becker County,MNBecker County,Include,Include,Include,Include,Include,Include,Include
Minnesota,MN,Beltrami County,MNBeltrami County,Include,Include,Include,Include,Include,Include,Include
Minnesota,MN,Benton County,MNBenton County,Include,Include,Include,Include,Include,Include,Include
Minnesota,MN,Big Stone County,MNBig Stone County,Include,Include,Include,Include,Include,Include,Include
Minnesota,MN,Blue Earth County,MNBlue Earth County,Include,Include,Include,Include,Include,Include,Include
Minnesota,MN,Brown County,MNBrown County,Include,Include,Include,Include,Include,Include,Include
Minnesota,MN,Carlton County,MNCarlton County,Include,Include,Include,Include,Include,Include,Include
Minnesota,MN,Carver County,MNCarver County,Include,Include,Include,Include,Include,Include,Include
Minnesota,MN,Cass County,MNCass County,Include,Include,Include,Include,Include,Include,Include
Minnesota,MN,Chippewa County,MNChippewa County,Include,Include,Include,Include,Include,Include,Include
Minnesota,MN,Chisago County,MNChisago County,Include,Include,Include,Include,Include,Include,Include
Minnesota,MN,Clay County,MNClay County,Include,Include,Include,Include,Include,Include,Include
Minnesota,MN,Clearwater County,MNClearwater County,Include,Include,Include,Include,Include,Include,Include
Minnesota,MN,Cook County,MNCook County,Include,Include,Include,Include,Include,Include,Include
Minnesota,MN,Cottonwood County,MNCottonwood County,Include,Include,Include,Include,Include,Include,Include
Minnesota,MN,Crow Wing County,MNCrow Wing County,Include,Include,Include,Include,Include,Include,Include
Minnesota,MN,Dakota County,MNDakota County,Include,Include,Include,Include,Include,Include,Include
Minnesota,MN,Dodge County,MNDodge County,Include,Include,Include,Include,Include,Include,Include
Minnesota,MN,Douglas County,MNDouglas County,Include,Include,Include,Include,Include,Include,Include
Minnesota,MN,Faribault County,MNFaribault County,Include,Include,Include,Include,Include,Include,Include
Minnesota,MN,Fillmore County,MNFillmore County,Include,Include,Include,Include,Include,Include,Include
Minnesota,MN,Freeborn County,MNFreeborn County,Include,Include,Include,Include,Include,Include,Include
Minnesota,MN,Goodhue County,MNGoodhue County,Include,Include,Include,Include,Include,Include,Include
Minnesota,MN,Grant County,MNGrant County,Include,Include,Include,Include,Include,Include,Include
Minnesota,MN,Hennepin County,MNHennepin County,Include,Include,Include,Include,Include,Include,Include
Minnesota,MN,Houston County,MNHouston County,Include,Include,Include,Include,Include,Include,Include
Minnesota,MN,Hubbard County,MNHubbard County,Include,Include,Include,Include,Include,Include,Include
Minnesota,MN,Isanti County,MNIsanti County,Include,Include,Include,Include,Include,Include,Include
Minnesota,MN,Itasca County,MNItasca County,Include,Include,Include,Include,Include,Include,Include
Minnesota,MN,Jackson County,MNJackson County,Include,Include,Include,Include,Include,Include,Include
Minnesota,MN,Kanabec County,MNKanabec County,Include,Include,Include,Include,Include,Include,Include
Minnesota,MN,Kandiyohi County,MNKandiyohi County,Include,Include,Include,Include,Include,Include,Include
Minnesota,MN,Kittson County,MNKittson County,Include,Include,Include,Include,Include,Include,Include
Minnesota,MN,Koochiching County,MNKoochiching County,Include,Include,Include,Include,Include,Include,Include
Minnesota,MN,Lac qui Parle County,MNLac qui Parle County,Include,Include,Include,Include,Include,Include,Include
Minnesota,MN,Lake County,MNLake County,Include,Include,Include,Include,Include,Include,Include
Minnesota,MN,Lake of the Woods County,MNLake of the Woods County,Include,Include,Include,Include,Include,Include,Include
Minnesota,MN,Le Sueur County,MNLe Sueur County,Include,Include,Include,Include,Include,Include,Include
Minnesota,MN,Lincoln County,MNLincoln County,Include,Include,Include,Include,Include,Include,Include
Minnesota,MN,Lyon County,MNLyon County,Include,Include,Include,Include,Include,Include,Include
Minnesota,MN,MahExcludemen County,MNMahExcludemen County,Include,Include,Include,Include,Include,Include,Include
Minnesota,MN,Marshall County,MNMarshall County,Include,Include,Include,Include,Include,Include,Include
Minnesota,MN,Martin County,MNMartin County,Include,Include,Include,Include,Include,Include,Include
Minnesota,MN,McLeod County,MNMcLeod County,Include,Include,Include,Include,Include,Include,Include
Minnesota,MN,Meeker County,MNMeeker County,Include,Include,Include,Include,Include,Include,Include
Minnesota,MN,Mille Lacs County,MNMille Lacs County,Include,Include,Include,Include,Include,Include,Include
Minnesota,MN,Morrison County,MNMorrison County,Include,Include,Include,Include,Include,Include,Include
Minnesota,MN,Mower County,MNMower County,Include,Include,Include,Include,Include,Include,Include
Minnesota,MN,Murray County,MNMurray County,Include,Include,Include,Include,Include,Include,Include
Minnesota,MN,Nicollet County,MNNicollet County,Include,Include,Include,Include,Include,Include,Include
Minnesota,MN,Excludebles County,MNExcludebles County,Include,Include,Include,Include,Include,Include,Include
Minnesota,MN,Excluderman County,MNExcluderman County,Include,Include,Include,Include,Include,Include,Include
Minnesota,MN,Olmsted County,MExcludelmsted County,Include,Include,Include,Include,Include,Include,Include
Minnesota,MN,Otter Tail County,MExcludetter Tail County,Include,Include,Include,Include,Include,Include,Include
Minnesota,MN,Pennington County,MNPennington County,Include,Include,Include,Include,Include,Include,Include
Minnesota,MN,Pine County,MNPine County,Include,Include,Include,Include,Include,Include,Include
Minnesota,MN,Pipestone County,MNPipestone County,Include,Include,Include,Include,Include,Include,Include
Minnesota,MN,Polk County,MNPolk County,Include,Include,Include,Include,Include,Include,Include
Minnesota,MN,Pope County,MNPope County,Include,Include,Include,Include,Include,Include,Include
Minnesota,MN,Ramsey County,MNRamsey County,Include,Include,Include,Include,Include,Include,Include
Minnesota,MN,Red Lake County,MNRed Lake County,Include,Include,Include,Include,Include,Include,Include
Minnesota,MN,Redwood County,MNRedwood County,Include,Include,Include,Include,Include,Include,Include
Minnesota,MN,Renville County,MNRenville County,Include,Include,Include,Include,Include,Include,Include
Minnesota,MN,Rice County,MNRice County,Include,Include,Include,Include,Include,Include,Include
Minnesota,MN,Rock County,MNRock County,Include,Include,Include,Include,Include,Include,Include
Minnesota,MN,Roseau County,MNRoseau County,Include,Include,Include,Include,Include,Include,Include
Minnesota,MN,Scott County,MNScott County,Include,Include,Include,Include,Include,Include,Include
Minnesota,MN,Sherburne County,MNSherburne County,Include,Include,Include,Include,Include,Include,Include
Minnesota,MN,Sibley County,MNSibley County,Include,Include,Include,Include,Include,Include,Include
Minnesota,MN,St. Louis County,MNSt. Louis County,Include,Include,Include,Include,Include,Include,Include
Minnesota,MN,Stearns County,MNStearns County,Include,Include,Include,Include,Include,Include,Include
Minnesota,MN,Steele County,MNSteele County,Include,Include,Include,Include,Include,Include,Include
Minnesota,MN,Stevens County,MNStevens County,Include,Include,Include,Include,Include,Include,Include
Minnesota,MN,Swift County,MNSwift County,Include,Include,Include,Include,Include,Include,Include
Minnesota,MN,Todd County,MNTodd County,Include,Include,Include,Include,Include,Include,Include
Minnesota,MN,Traverse County,MNTraverse County,Include,Include,Include,Include,Include,Include,Include
Minnesota,MN,Wabasha County,MNWabasha County,Include,Include,Include,Include,Include,Include,Include
Minnesota,MN,Wadena County,MNWadena County,Include,Include,Include,Include,Include,Include,Include
Minnesota,MN,Waseca County,MNWaseca County,Include,Include,Include,Include,Include,Include,Include
Minnesota,MN,Washington County,MNWashington County,Include,Include,Include,Include,Include,Include,Include
Minnesota,MN,Watonwan County,MNWatonwan County,Include,Include,Include,Include,Include,Include,Include
Minnesota,MN,Wilkin County,MNWilkin County,Include,Include,Include,Include,Include,Include,Include
Minnesota,MN,WiExcludena County,MNWiExcludena County,Include,Include,Include,Include,Include,Include,Include
Minnesota,MN,Wright County,MNWright County,Include,Include,Include,Include,Include,Include,Include
Minnesota,MN,Yellow Medicine County,MNYellow Medicine County,Include,Include,Include,Include,Include,Include,Include
Mississippi,MS,Adams County,MSAdams County,Include,Include,Include,Include,Include,Include,Include
Mississippi,MS,Alcorn County,MSAlcorn County,Include,Include,Include,Include,Include,Include,Include
Mississippi,MS,Amite County,MSAmite County,Include,Include,Include,Include,Include,Include,Include
Mississippi,MS,Attala County,MSAttala County,Include,Include,Include,Include,Include,Include,Include
Mississippi,MS,Benton County,MSBenton County,Include,Include,Include,Include,Include,Include,Include
Mississippi,MS,Bolivar County,MSBolivar County,Include,Include,Include,Include,Include,Include,Include
Mississippi,MS,Calhoun County,MSCalhoun County,Include,Include,Include,Include,Include,Include,Include
Mississippi,MS,Carroll County,MSCarroll County,Include,Include,Include,Include,Include,Include,Include
Mississippi,MS,Chickasaw County,MSChickasaw County,Include,Include,Include,Include,Include,Include,Include
Mississippi,MS,Choctaw County,MSChoctaw County,Include,Include,Include,Include,Include,Include,Include
Mississippi,MS,Claiborne County,MSClaiborne County,Include,Include,Include,Include,Include,Include,Include
Mississippi,MS,Clarke County,MSClarke County,Include,Include,Include,Include,Include,Include,Include
Mississippi,MS,Clay County,MSClay County,Include,Include,Include,Include,Include,Include,Include
Mississippi,MS,Coahoma County,MSCoahoma County,Include,Include,Include,Include,Include,Include,Include
Mississippi,MS,Copiah County,MSCopiah County,Include,Include,Include,Include,Include,Include,Include
Mississippi,MS,Covington County,MSCovington County,Include,Include,Include,Include,Include,Include,Include
Mississippi,MS,Desoto County,MSDesoto County,Include,Include,Include,Include,Include,Include,Include
Mississippi,MS,Forrest County,MSForrest County,Include,Include,Include,Include,Include,Include,Include
Mississippi,MS,Franklin County,MSFranklin County,Include,Include,Include,Include,Include,Include,Include
Mississippi,MS,George County,MSGeorge County,Include,Include,Include,Include,Include,Include,Include
Mississippi,MS,Greene County,MSGreene County,Include,Include,Include,Include,Include,Include,Include
Mississippi,MS,Grenada County,MSGrenada County,Include,Include,Include,Include,Include,Include,Include
Mississippi,MS,Hancock County,MSHancock County,Include,Include,Include,Include,Include,Include,Include
Mississippi,MS,Harrison County,MSHarrison County,Include,Include,Include,Include,Include,Include,Include
Mississippi,MS,Hinds County,MSHinds County,Include,Include,Include,Include,Include,Include,Include
Mississippi,MS,Holmes County,MSHolmes County,Include,Include,Include,Include,Include,Include,Include
Mississippi,MS,Humphreys County,MSHumphreys County,Include,Include,Include,Include,Include,Include,Include
Mississippi,MS,Issaquena County,MSIssaquena County,Include,Include,Include,Include,Include,Include,Include
Mississippi,MS,Itawamba County,MSItawamba County,Include,Include,Include,Include,Include,Include,Include
Mississippi,MS,Jackson County,MSJackson County,Include,Include,Include,Include,Include,Include,Include
Mississippi,MS,Jasper County,MSJasper County,Include,Include,Include,Include,Include,Include,Include
Mississippi,MS,Jefferson County,MSJefferson County,Include,Include,Include,Include,Include,Include,Include
Mississippi,MS,Jefferson Davis County,MSJefferson Davis County,Include,Include,Include,Include,Include,Include,Include
Mississippi,MS,Jones County,MSJones County,Include,Include,Include,Include,Include,Include,Include
Mississippi,MS,Kemper County,MSKemper County,Include,Include,Include,Include,Include,Include,Include
Mississippi,MS,Lafayette County,MSLafayette County,Include,Include,Include,Include,Include,Include,Include
Mississippi,MS,Lamar County,MSLamar County,Include,Include,Include,Include,Include,Include,Include
Mississippi,MS,Lauderdale County,MSLauderdale County,Include,Include,Include,Include,Include,Include,Include
Mississippi,MS,Lawrence County,MSLawrence County,Include,Include,Include,Include,Include,Include,Include
Mississippi,MS,Leake County,MSLeake County,Include,Include,Include,Include,Include,Include,Include
Mississippi,MS,Lee County,MSLee County,Include,Include,Include,Include,Include,Include,Include
Mississippi,MS,Leflore County,MSLeflore County,Include,Include,Include,Include,Include,Include,Include
Mississippi,MS,Lincoln County,MSLincoln County,Include,Include,Include,Include,Include,Include,Include
Mississippi,MS,Lowndes County,MSLowndes County,Include,Include,Include,Include,Include,Include,Include
Mississippi,MS,Madison County,MSMadison County,Include,Include,Include,Include,Include,Include,Include
Mississippi,MS,Marion County,MSMarion County,Include,Include,Include,Include,Include,Include,Include
Mississippi,MS,Marshall County,MSMarshall County,Include,Include,Include,Include,Include,Include,Include
Mississippi,MS,Monroe County,MSMonroe County,Include,Include,Include,Include,Include,Include,Include
Mississippi,MS,Montgomery County,MSMontgomery County,Include,Include,Include,Include,Include,Include,Include
Mississippi,MS,Neshoba County,MSNeshoba County,Include,Include,Include,Include,Include,Include,Include
Mississippi,MS,Newton County,MSNewton County,Include,Include,Include,Include,Include,Include,Include
Mississippi,MS,Excludexubee County,MSExcludexubee County,Include,Include,Include,Include,Include,Include,Include
Mississippi,MS,Oktibbeha County,MSOktibbeha County,Include,Include,Include,Include,Include,Include,Include
Mississippi,MS,PaExcludela County,MSPaExcludela County,Include,Include,Include,Include,Include,Include,Include
Mississippi,MS,Pearl River County,MSPearl River County,Include,Include,Include,Include,Include,Include,Include
Mississippi,MS,Perry County,MSPerry County,Include,Include,Include,Include,Include,Include,Include
Mississippi,MS,Pike County,MSPike County,Include,Include,Include,Include,Include,Include,Include
Mississippi,MS,Pontotoc County,MSPontotoc County,Include,Include,Include,Include,Include,Include,Include
Mississippi,MS,Prentiss County,MSPrentiss County,Include,Include,Include,Include,Include,Include,Include
Mississippi,MS,Quitman County,MSQuitman County,Include,Include,Include,Include,Include,Include,Include
Mississippi,MS,Rankin County,MSRankin County,Include,Include,Include,Include,Include,Include,Include
Mississippi,MS,Scott County,MSScott County,Include,Include,Include,Include,Include,Include,Include
Mississippi,MS,Sharkey County,MSSharkey County,Include,Include,Include,Include,Include,Include,Include
Mississippi,MS,Simpson County,MSSimpson County,Include,Include,Include,Include,Include,Include,Include
Mississippi,MS,Smith County,MSSmith County,Include,Include,Include,Include,Include,Include,Include
Mississippi,MS,Stone County,MSStone County,Include,Include,Include,Include,Include,Include,Include
Mississippi,MS,Sunflower County,MSSunflower County,Include,Include,Include,Include,Include,Include,Include
Mississippi,MS,Tallahatchie County,MSTallahatchie County,Include,Include,Include,Include,Include,Include,Include
Mississippi,MS,Tate County,MSTate County,Include,Include,Include,Include,Include,Include,Include
Mississippi,MS,Tippah County,MSTippah County,Include,Include,Include,Include,Include,Include,Include
Mississippi,MS,Tishomingo County,MSTishomingo County,Include,Include,Include,Include,Include,Include,Include
Mississippi,MS,Tunica County,MSTunica County,Include,Include,Include,Include,Include,Include,Include
Mississippi,MS,Union County,MSUnion County,Include,Include,Include,Include,Include,Include,Include
Mississippi,MS,Walthall County,MSWalthall County,Include,Include,Include,Include,Include,Include,Include
Mississippi,MS,Warren County,MSWarren County,Include,Include,Include,Include,Include,Include,Include
Mississippi,MS,Washington County,MSWashington County,Include,Include,Include,Include,Include,Include,Include
Mississippi,MS,Wayne County,MSWayne County,Include,Include,Include,Include,Include,Include,Include
Mississippi,MS,Webster County,MSWebster County,Include,Include,Include,Include,Include,Include,Include
Mississippi,MS,Wilkinson County,MSWilkinson County,Include,Include,Include,Include,Include,Include,Include
Mississippi,MS,Winston County,MSWinston County,Include,Include,Include,Include,Include,Include,Include
Mississippi,MS,Yalobusha County,MSYalobusha County,Include,Include,Include,Include,Include,Include,Include
Mississippi,MS,Yazoo County,MSYazoo County,Include,Include,Include,Include,Include,Include,Include
Missouri,MO,Adair County,MOAdair County,Include,Include,Include,Include,Include,Include,Include
Missouri,MO,Andrew County,MOAndrew County,Include,Include,Include,Include,Include,Include,Include
Missouri,MO,Atchison County,MOAtchison County,Include,Include,Include,Include,Include,Include,Include
Missouri,MO,Audrain County,MOAudrain County,Include,Include,Include,Include,Include,Include,Include
Missouri,MO,Barry County,MOBarry County,Include,Include,Include,Include,Include,Include,Include
Missouri,MO,Barton County,MOBarton County,Include,Include,Include,Include,Include,Include,Include
Missouri,MO,Bates County,MOBates County,Include,Include,Include,Include,Include,Include,Include
Missouri,MO,Benton County,MOBenton County,Include,Include,Include,Include,Include,Include,Include
Missouri,MO,Bollinger County,MOBollinger County,Include,Include,Include,Include,Include,Include,Include
Missouri,MO,Boone County,MOBoone County,Include,Include,Include,Include,Include,Include,Include
Missouri,MO,Buchanan County,MOBuchanan County,Include,Include,Include,Include,Include,Include,Include
Missouri,MO,Butler County,MOButler County,Include,Include,Include,Include,Include,Include,Include
Missouri,MO,Caldwell County,MOCaldwell County,Include,Include,Include,Include,Include,Include,Include
Missouri,MO,Callaway County,MOCallaway County,Include,Include,Include,Include,Include,Include,Include
Missouri,MO,Camden County,MOCamden County,Include,Include,Include,Include,Include,Include,Include
Missouri,MO,Cape Girardeau County,MOCape Girardeau County,Include,Include,Include,Include,Include,Include,Include
Missouri,MO,Carroll County,MOCarroll County,Include,Include,Include,Include,Include,Include,Include
Missouri,MO,Carter County,MOCarter County,Include,Include,Include,Include,Include,Include,Include
Missouri,MO,Cass County,MOCass County,Include,Include,Include,Include,Include,Include,Include
Missouri,MO,Cedar County,MOCedar County,Include,Include,Include,Include,Include,Include,Include
Missouri,MO,Chariton County,MOChariton County,Include,Include,Include,Include,Include,Include,Include
Missouri,MO,Christian County,MOChristian County,Include,Include,Include,Include,Include,Include,Include
Missouri,MO,Clark County,MOClark County,Include,Include,Include,Include,Include,Include,Include
Missouri,MO,Clay County,MOClay County,Include,Include,Include,Include,Include,Include,Include
Missouri,MO,Clinton County,MOClinton County,Include,Include,Include,Include,Include,Include,Include
Missouri,MO,Cole County,MOCole County,Include,Include,Include,Include,Include,Include,Include
Missouri,MO,Cooper County,MOCooper County,Include,Include,Include,Include,Include,Include,Include
Missouri,MO,Crawford County,MOCrawford County,Include,Include,Include,Include,Include,Include,Include
Missouri,MO,Dade County,MODade County,Include,Include,Include,Include,Include,Include,Include
Missouri,MO,Dallas County,MODallas County,Include,Include,Include,Include,Include,Include,Include
Missouri,MO,Daviess County,MODaviess County,Include,Include,Include,Include,Include,Include,Include
Missouri,MO,DeKalb County,MODeKalb County,Include,Include,Include,Include,Include,Include,Include
Missouri,MO,Dent County,MODent County,Include,Include,Include,Include,Include,Include,Include
Missouri,MO,Douglas County,MODouglas County,Include,Include,Include,Include,Include,Include,Include
Missouri,MO,Dunklin County,MODunklin County,Include,Include,Include,Include,Include,Include,Include
Missouri,MO,Franklin County,MOFranklin County,Include,Include,Include,Include,Include,Include,Include
Missouri,MO,Gasconade County,MOGasconade County,Include,Include,Include,Include,Include,Include,Include
Missouri,MO,Gentry County,MOGentry County,Include,Include,Include,Include,Include,Include,Include
Missouri,MO,Greene County,MOGreene County,Include,Include,Include,Include,Include,Include,Include
Missouri,MO,Grundy County,MOGrundy County,Include,Include,Include,Include,Include,Include,Include
Missouri,MO,Harrison County,MOHarrison County,Include,Include,Include,Include,Include,Include,Include
Missouri,MO,Henry County,MOHenry County,Include,Include,Include,Include,Include,Include,Include
Missouri,MO,Hickory County,MOHickory County,Include,Include,Include,Include,Include,Include,Include
Missouri,MO,Holt County,MOHolt County,Include,Include,Include,Include,Include,Include,Include
Missouri,MO,Howard County,MOHoward County,Include,Include,Include,Include,Include,Include,Include
Missouri,MO,Howell County,MOHowell County,Include,Include,Include,Include,Include,Include,Include
Missouri,MO,Iron County,MOIron County,Include,Include,Include,Include,Include,Include,Include
Missouri,MO,Jackson County,MOJackson County,Include,Include,Include,Include,Include,Include,Include
Missouri,MO,Jasper County,MOJasper County,Include,Include,Include,Include,Include,Include,Include
Missouri,MO,Jefferson County,MOJefferson County,Include,Include,Include,Include,Include,Include,Include
Missouri,MO,Johnson County,MOJohnson County,Include,Include,Include,Include,Include,Include,Include
Missouri,MO,KExcludex County,MOKExcludex County,Include,Include,Include,Include,Include,Include,Include
Missouri,MO,Laclede County,MOLaclede County,Include,Include,Include,Include,Include,Include,Include
Missouri,MO,Lafayette County,MOLafayette County,Include,Include,Include,Include,Include,Include,Include
Missouri,MO,Lawrence County,MOLawrence County,Include,Include,Include,Include,Include,Include,Include
Missouri,MO,Lewis County,MOLewis County,Include,Include,Include,Include,Include,Include,Include
Missouri,MO,Lincoln County,MOLincoln County,Include,Include,Include,Include,Include,Include,Include
Missouri,MO,Linn County,MOLinn County,Include,Include,Include,Include,Include,Include,Include
Missouri,MO,Livingston County,MOLivingston County,Include,Include,Include,Include,Include,Include,Include
Missouri,MO,Macon County,MOMacon County,Include,Include,Include,Include,Include,Include,Include
Missouri,MO,Madison County,MOMadison County,Include,Include,Include,Include,Include,Include,Include
Missouri,MO,Maries County,MOMaries County,Include,Include,Include,Include,Include,Include,Include
Missouri,MO,Marion County,MOMarion County,Include,Include,Include,Include,Include,Include,Include
Missouri,MO,McDonald County,MOMcDonald County,Include,Include,Include,Include,Include,Include,Include
Missouri,MO,Mercer County,MOMercer County,Include,Include,Include,Include,Include,Include,Include
Missouri,MO,Miller County,MOMiller County,Include,Include,Include,Include,Include,Include,Include
Missouri,MO,Mississippi County,MOMississippi County,Include,Include,Include,Include,Include,Include,Include
Missouri,MO,Moniteau County,MOMoniteau County,Include,Include,Include,Include,Include,Include,Include
Missouri,MO,Monroe County,MOMonroe County,Include,Include,Include,Include,Include,Include,Include
Missouri,MO,Montgomery County,MOMontgomery County,Include,Include,Include,Include,Include,Include,Include
Missouri,MO,Morgan County,MOMorgan County,Include,Include,Include,Include,Include,Include,Include
Missouri,MO,New Madrid County,MONew Madrid County,Include,Include,Include,Include,Include,Include,Include
Missouri,MO,Newton County,MONewton County,Include,Include,Include,Include,Include,Include,Include
Missouri,MO,Excludedaway County,MOExcludedaway County,Include,Include,Include,Include,Include,Include,Include
Missouri,MO,Oregon County,MOOregon County,Include,Include,Include,Include,Include,Include,Include
Missouri,MO,Osage County,MOOsage County,Include,Include,Include,Include,Include,Include,Include
Missouri,MO,Ozark County,MOOzark County,Include,Include,Include,Include,Include,Include,Include
Missouri,MO,Pemiscot County,MOPemiscot County,Include,Include,Include,Include,Include,Include,Include
Missouri,MO,Perry County,MOPerry County,Include,Include,Include,Include,Include,Include,Include
Missouri,MO,Pettis County,MOPettis County,Include,Include,Include,Include,Include,Include,Include
Missouri,MO,Phelps County,MOPhelps County,Include,Include,Include,Include,Include,Include,Include
Missouri,MO,Pike County,MOPike County,Include,Include,Include,Include,Include,Include,Include
Missouri,MO,Platte County,MOPlatte County,Include,Include,Include,Include,Include,Include,Include
Missouri,MO,Polk County,MOPolk County,Include,Include,Include,Include,Include,Include,Include
Missouri,MO,Pulaski County,MOPulaski County,Include,Include,Include,Include,Include,Include,Include
Missouri,MO,Putnam County,MOPutnam County,Include,Include,Include,Include,Include,Include,Include
Missouri,MO,Ralls County,MORalls County,Include,Include,Include,Include,Include,Include,Include
Missouri,MO,Randolph County,MORandolph County,Include,Include,Include,Include,Include,Include,Include
Missouri,MO,Ray County,MORay County,Include,Include,Include,Include,Include,Include,Include
Missouri,MO,ReyExcludelds County,MOReyExcludelds County,Include,Include,Include,Include,Include,Include,Include
Missouri,MO,Ripley County,MORipley County,Include,Include,Include,Include,Include,Include,Include
Missouri,MO,Saline County,MOSaline County,Include,Include,Include,Include,Include,Include,Include
Missouri,MO,Schuyler County,MOSchuyler County,Include,Include,Include,Include,Include,Include,Include
Missouri,MO,Scotland County,MOScotland County,Include,Include,Include,Include,Include,Include,Include
Missouri,MO,Scott County,MOScott County,Include,Include,Include,Include,Include,Include,Include
Missouri,MO,ShanExcluden County,MOShanExcluden County,Include,Include,Include,Include,Include,Include,Include
Missouri,MO,Shelby County,MOShelby County,Include,Include,Include,Include,Include,Include,Include
Missouri,MO,St. Charles County,MOSt. Charles County,Include,Include,Include,Include,Include,Include,Include
Missouri,MO,St. Clair County,MOSt. Clair County,Include,Include,Include,Include,Include,Include,Include
Missouri,MO,St. Francois County,MOSt. Francois County,Include,Include,Include,Include,Include,Include,Include
Missouri,MO,St. Louis County,MOSt. Louis County,Include,Include,Include,Include,Include,Include,Include
Missouri,MO,"St. Louis, City of","MOSt. Louis, City of",Include,Include,Include,Include,Include,Include,Include
Missouri,MO,Ste. Genevieve County,MOSte. Genevieve County,Include,Include,Include,Include,Include,Include,Include
Missouri,MO,Stoddard County,MOStoddard County,Include,Include,Include,Include,Include,Include,Include
Missouri,MO,Stone County,MOStone County,Include,Include,Include,Include,Include,Include,Include
Missouri,MO,Sullivan County,MOSullivan County,Include,Include,Include,Include,Include,Include,Include
Missouri,MO,Taney County,MOTaney County,Include,Include,Include,Include,Include,Include,Include
Missouri,MO,Texas County,MOTexas County,Include,Include,Include,Include,Include,Include,Include
Missouri,MO,VerExcluden County,MOVerExcluden County,Include,Include,Include,Include,Include,Include,Include
Missouri,MO,Warren County,MOWarren County,Include,Include,Include,Include,Include,Include,Include
Missouri,MO,Washington County,MOWashington County,Include,Include,Include,Include,Include,Include,Include
Missouri,MO,Wayne County,MOWayne County,Include,Include,Include,Include,Include,Include,Include
Missouri,MO,Webster County,MOWebster County,Include,Include,Include,Include,Include,Include,Include
Missouri,MO,Worth County,MOWorth County,Include,Include,Include,Include,Include,Include,Include
Missouri,MO,Wright County,MOWright County,Include,Include,Include,Include,Include,Include,Include
Montana,MT,Beaverhead County,MTBeaverhead County,Include,Include,Include,Include,Include,Include,Include
Montana,MT,Big Horn County,MTBig Horn County,Include,Include,Include,Include,Include,Include,Include
Montana,MT,Blaine County,MTBlaine County,Include,Include,Include,Include,Include,Include,Include
Montana,MT,Broadwater County,MTBroadwater County,Include,Include,Include,Include,Include,Include,Include
Montana,MT,Carbon County,MTCarbon County,Include,Include,Include,Include,Include,Include,Include
Montana,MT,Carter County,MTCarter County,Include,Include,Include,Include,Include,Include,Include
Montana,MT,Cascade County,MTCascade County,Include,Include,Include,Include,Include,Include,Include
Montana,MT,Chouteau County,MTChouteau County,Include,Include,Include,Include,Include,Include,Include
Montana,MT,Custer County,MTCuster County,Include,Include,Include,Include,Include,Include,Include
Montana,MT,Daniels County,MTDaniels County,Include,Include,Include,Include,Include,Include,Include
Montana,MT,Dawson County,MTDawson County,Include,Include,Include,Include,Include,Include,Include
Montana,MT,Deer Lodge County,MTDeer Lodge County,Include,Include,Include,Include,Include,Include,Include
Montana,MT,Fallon County,MTFallon County,Include,Include,Include,Include,Include,Include,Include
Montana,MT,Fergus County,MTFergus County,Include,Include,Include,Include,Include,Include,Include
Montana,MT,Flathead County,MTFlathead County,Include,Include,Include,Include,Include,Include,Include
Montana,MT,Gallatin County,MTGallatin County,Include,Include,Include,Include,Include,Include,Include
Montana,MT,Garfield County,MTGarfield County,Include,Include,Include,Include,Include,Include,Include
Montana,MT,Glacier County,MTGlacier County,Include,Include,Include,Include,Include,Include,Include
Montana,MT,Golden Valley County,MTGolden Valley County,Include,Include,Include,Include,Include,Include,Include
Montana,MT,Granite County,MTGranite County,Include,Include,Include,Include,Include,Include,Include
Montana,MT,Hill County,MTHill County,Include,Include,Include,Include,Include,Include,Include
Montana,MT,Jefferson County,MTJefferson County,Include,Include,Include,Include,Include,Include,Include
Montana,MT,Judith Basin County,MTJudith Basin County,Include,Include,Include,Include,Include,Include,Include
Montana,MT,Lake County,MTLake County,Include,Include,Include,Include,Include,Include,Include
Montana,MT,Lewis and Clark County,MTLewis and Clark County,Include,Include,Include,Include,Include,Include,Include
Montana,MT,Liberty County,MTLiberty County,Include,Include,Include,Include,Include,Include,Include
Montana,MT,Lincoln County,MTLincoln County,Include,Include,Include,Include,Include,Include,Include
Montana,MT,Madison County,MTMadison County,Include,Include,Include,Include,Include,Include,Include
Montana,MT,McCone County,MTMcCone County,Include,Include,Include,Include,Include,Include,Include
Montana,MT,Meagher County,MTMeagher County,Include,Include,Include,Include,Include,Include,Include
Montana,MT,Mineral County,MTMineral County,Include,Include,Include,Include,Include,Include,Include
Montana,MT,Missoula County,MTMissoula County,Include,Include,Include,Include,Include,Include,Include
Montana,MT,Musselshell County,MTMusselshell County,Include,Include,Include,Include,Include,Include,Include
Montana,MT,Park County,MTPark County,Include,Include,Include,Include,Include,Include,Include
Montana,MT,Petroleum County,MTPetroleum County,Include,Include,Include,Include,Include,Include,Include
Montana,MT,Phillips County,MTPhillips County,Include,Include,Include,Include,Include,Include,Include
Montana,MT,Pondera County,MTPondera County,Include,Include,Include,Include,Include,Include,Include
Montana,MT,Powder River County,MTPowder River County,Include,Include,Include,Include,Include,Include,Include
Montana,MT,Powell County,MTPowell County,Include,Include,Include,Include,Include,Include,Include
Montana,MT,Prairie County,MTPrairie County,Include,Include,Include,Include,Include,Include,Include
Montana,MT,Ravalli County,MTRavalli County,Include,Include,Include,Include,Include,Include,Include
Montana,MT,Richland County,MTRichland County,Include,Include,Include,Include,Include,Include,Include
Montana,MT,Roosevelt County,MTRoosevelt County,Include,Include,Include,Include,Include,Include,Include
Montana,MT,Rosebud County,MTRosebud County,Include,Include,Include,Include,Include,Include,Include
Montana,MT,Sanders County,MTSanders County,Include,Include,Include,Include,Include,Include,Include
Montana,MT,Sheridan County,MTSheridan County,Include,Include,Include,Include,Include,Include,Include
Montana,MT,Silver Bow County,MTSilver Bow County,Include,Include,Include,Include,Include,Include,Include
Montana,MT,Stillwater County,MTStillwater County,Include,Include,Include,Include,Include,Include,Include
Montana,MT,Sweet Grass County,MTSweet Grass County,Include,Include,Include,Include,Include,Include,Include
Montana,MT,Teton County,MTTeton County,Include,Include,Include,Include,Include,Include,Include
Montana,MT,Toole County,MTToole County,Include,Include,Include,Include,Include,Include,Include
Montana,MT,Treasure County,MTTreasure County,Include,Include,Include,Include,Include,Include,Include
Montana,MT,Valley County,MTValley County,Include,Include,Include,Include,Include,Include,Include
Montana,MT,Wheatland County,MTWheatland County,Include,Include,Include,Include,Include,Include,Include
Montana,MT,Wibaux County,MTWibaux County,Include,Include,Include,Include,Include,Include,Include
Montana,MT,Yellowstone County,MTYellowstone County,Include,Include,Include,Include,Include,Include,Include
Nebraska,NE,Adams County,NEAdams County,Include,Include,Include,Include,Include,Include,Include
Nebraska,NE,Antelope County,NEAntelope County,Include,Include,Include,Include,Include,Include,Include
Nebraska,NE,Arthur County,NEArthur County,Include,Include,Include,Include,Include,Include,Include
Nebraska,NE,Banner County,NEBanner County,Include,Include,Include,Include,Include,Include,Include
Nebraska,NE,Blaine County,NEBlaine County,Include,Include,Include,Include,Include,Include,Include
Nebraska,NE,Boone County,NEBoone County,Include,Include,Include,Include,Include,Include,Include
Nebraska,NE,Box Butte County,NEBox Butte County,Include,Include,Include,Include,Include,Include,Include
Nebraska,NE,Boyd County,NEBoyd County,Include,Include,Include,Include,Include,Include,Include
Nebraska,NE,Brown County,NEBrown County,Include,Include,Include,Include,Include,Include,Include
Nebraska,NE,Buffalo County,NEBuffalo County,Include,Include,Include,Include,Include,Include,Include
Nebraska,NE,Burt County,NEBurt County,Include,Include,Include,Include,Include,Include,Include
Nebraska,NE,Butler County,NEButler County,Include,Include,Include,Include,Include,Include,Include
Nebraska,NE,Cass County,NECass County,Include,Include,Include,Include,Include,Include,Include
Nebraska,NE,Cedar County,NECedar County,Include,Include,Include,Include,Include,Include,Include
Nebraska,NE,Chase County,NEChase County,Include,Include,Include,Include,Include,Include,Include
Nebraska,NE,Cherry County,NECherry County,Include,Include,Include,Include,Include,Include,Include
Nebraska,NE,Cheyenne County,NECheyenne County,Include,Include,Include,Include,Include,Include,Include
Nebraska,NE,Clay County,NEClay County,Include,Include,Include,Include,Include,Include,Include
Nebraska,NE,Colfax County,NEColfax County,Include,Include,Include,Include,Include,Include,Include
Nebraska,NE,Cuming County,NECuming County,Include,Include,Include,Include,Include,Include,Include
Nebraska,NE,Custer County,NECuster County,Include,Include,Include,Include,Include,Include,Include
Nebraska,NE,Dakota County,NEDakota County,Include,Include,Include,Include,Include,Include,Include
Nebraska,NE,Dawes County,NEDawes County,Include,Include,Include,Include,Include,Include,Include
Nebraska,NE,Dawson County,NEDawson County,Include,Include,Include,Include,Include,Include,Include
Nebraska,NE,Deuel County,NEDeuel County,Include,Include,Include,Include,Include,Include,Include
Nebraska,NE,Dixon County,NEDixon County,Include,Include,Include,Include,Include,Include,Include
Nebraska,NE,Dodge County,NEDodge County,Include,Include,Include,Include,Include,Include,Include
Nebraska,NE,Douglas County,NEDouglas County,Include,Include,Include,Include,Include,Include,Include
Nebraska,NE,Dundy County,NEDundy County,Include,Include,Include,Include,Include,Include,Include
Nebraska,NE,Fillmore County,NEFillmore County,Include,Include,Include,Include,Include,Include,Include
Nebraska,NE,Franklin County,NEFranklin County,Include,Include,Include,Include,Include,Include,Include
Nebraska,NE,Frontier County,NEFrontier County,Include,Include,Include,Include,Include,Include,Include
Nebraska,NE,Furnas County,NEFurnas County,Include,Include,Include,Include,Include,Include,Include
Nebraska,NE,Gage County,NEGage County,Include,Include,Include,Include,Include,Include,Include
Nebraska,NE,Garden County,NEGarden County,Include,Include,Include,Include,Include,Include,Include
Nebraska,NE,Garfield County,NEGarfield County,Include,Include,Include,Include,Include,Include,Include
Nebraska,NE,Gosper County,NEGosper County,Include,Include,Include,Include,Include,Include,Include
Nebraska,NE,Grant County,NEGrant County,Include,Include,Include,Include,Include,Include,Include
Nebraska,NE,Greeley County,NEGreeley County,Include,Include,Include,Include,Include,Include,Include
Nebraska,NE,Hall County,NEHall County,Include,Include,Include,Include,Include,Include,Include
Nebraska,NE,Hamilton County,NEHamilton County,Include,Include,Include,Include,Include,Include,Include
Nebraska,NE,Harlan County,NEHarlan County,Include,Include,Include,Include,Include,Include,Include
Nebraska,NE,HaInclude County,NEHaInclude County,Include,Include,Include,Include,Include,Include,Include
Nebraska,NE,Hitchcock County,NEHitchcock County,Include,Include,Include,Include,Include,Include,Include
Nebraska,NE,Holt County,NEHolt County,Include,Include,Include,Include,Include,Include,Include
Nebraska,NE,Hooker County,NEHooker County,Include,Include,Include,Include,Include,Include,Include
Nebraska,NE,Howard County,NEHoward County,Include,Include,Include,Include,Include,Include,Include
Nebraska,NE,Jefferson County,NEJefferson County,Include,Include,Include,Include,Include,Include,Include
Nebraska,NE,Johnson County,NEJohnson County,Include,Include,Include,Include,Include,Include,Include
Nebraska,NE,Kearney County,NEKearney County,Include,Include,Include,Include,Include,Include,Include
Nebraska,NE,Keith County,NEKeith County,Include,Include,Include,Include,Include,Include,Include
Nebraska,NE,Keya Paha County,NEKeya Paha County,Include,Include,Include,Include,Include,Include,Include
Nebraska,NE,Kimball County,NEKimball County,Include,Include,Include,Include,Include,Include,Include
Nebraska,NE,KExcludex County,NEKExcludex County,Include,Include,Include,Include,Include,Include,Include
Nebraska,NE,Lancaster County,NELancaster County,Include,Include,Include,Include,Include,Include,Include
Nebraska,NE,Lincoln County,NELincoln County,Include,Include,Include,Include,Include,Include,Include
Nebraska,NE,Logan County,NELogan County,Include,Include,Include,Include,Include,Include,Include
Nebraska,NE,Loup County,NELoup County,Include,Include,Include,Include,Include,Include,Include
Nebraska,NE,Madison County,NEMadison County,Include,Include,Include,Include,Include,Include,Include
Nebraska,NE,McPherson County,NEMcPherson County,Include,Include,Include,Include,Include,Include,Include
Nebraska,NE,Merrick County,NEMerrick County,Include,Include,Include,Include,Include,Include,Include
Nebraska,NE,Morrill County,NEMorrill County,Include,Include,Include,Include,Include,Include,Include
Nebraska,NE,Nance County,NENance County,Include,Include,Include,Include,Include,Include,Include
Nebraska,NE,Nemaha County,NENemaha County,Include,Include,Include,Include,Include,Include,Include
Nebraska,NE,Nuckolls County,NENuckolls County,Include,Include,Include,Include,Include,Include,Include
Nebraska,NE,Otoe County,NEOtoe County,Include,Include,Include,Include,Include,Include,Include
Nebraska,NE,Pawnee County,NEPawnee County,Include,Include,Include,Include,Include,Include,Include
Nebraska,NE,Perkins County,NEPerkins County,Include,Include,Include,Include,Include,Include,Include
Nebraska,NE,Phelps County,NEPhelps County,Include,Include,Include,Include,Include,Include,Include
Nebraska,NE,Pierce County,NEPierce County,Include,Include,Include,Include,Include,Include,Include
Nebraska,NE,Platte County,NEPlatte County,Include,Include,Include,Include,Include,Include,Include
Nebraska,NE,Polk County,NEPolk County,Include,Include,Include,Include,Include,Include,Include
Nebraska,NE,Red Willow County,NERed Willow County,Include,Include,Include,Include,Include,Include,Include
Nebraska,NE,Richardson County,NERichardson County,Include,Include,Include,Include,Include,Include,Include
Nebraska,NE,Rock County,NERock County,Include,Include,Include,Include,Include,Include,Include
Nebraska,NE,Saline County,NESaline County,Include,Include,Include,Include,Include,Include,Include
Nebraska,NE,Sarpy County,NESarpy County,Include,Include,Include,Include,Include,Include,Include
Nebraska,NE,Saunders County,NESaunders County,Include,Include,Include,Include,Include,Include,Include
Nebraska,NE,Scotts Bluff County,NEScotts Bluff County,Include,Include,Include,Include,Include,Include,Include
Nebraska,NE,Seward County,NESeward County,Include,Include,Include,Include,Include,Include,Include
Nebraska,NE,Sheridan County,NESheridan County,Include,Include,Include,Include,Include,Include,Include
Nebraska,NE,Sherman County,NESherman County,Include,Include,Include,Include,Include,Include,Include
Nebraska,NE,Sioux County,NESioux County,Include,Include,Include,Include,Include,Include,Include
Nebraska,NE,Stanton County,NEStanton County,Include,Include,Include,Include,Include,Include,Include
Nebraska,NE,Thayer County,NEThayer County,Include,Include,Include,Include,Include,Include,Include
Nebraska,NE,Thomas County,NEThomas County,Include,Include,Include,Include,Include,Include,Include
Nebraska,NE,Thurston County,NEThurston County,Include,Include,Include,Include,Include,Include,Include
Nebraska,NE,Valley County,NEValley County,Include,Include,Include,Include,Include,Include,Include
Nebraska,NE,Washington County,NEWashington County,Include,Include,Include,Include,Include,Include,Include
Nebraska,NE,Wayne County,NEWayne County,Include,Include,Include,Include,Include,Include,Include
Nebraska,NE,Webster County,NEWebster County,Include,Include,Include,Include,Include,Include,Include
Nebraska,NE,Wheeler County,NEWheeler County,Include,Include,Include,Include,Include,Include,Include
Nebraska,NE,York County,NEYork County,Include,Include,Include,Include,Include,Include,Include
Nevada,NV,"Carson City, Consolidated Municipality of","NVCarson City, Consolidated Municipality of",Include,Include,Include,Include,Include,Include,Include
Nevada,NV,Churchill County,NVChurchill County,Include,Include,Include,Include,Include,Include,Include
Nevada,NV,Clark County,NVClark County,Include,Include,Include,Include,Include,Include,Include
Nevada,NV,Douglas County,NVDouglas County,Include,Include,Include,Include,Include,Include,Include
Nevada,NV,Elko County,NVElko County,Include,Include,Include,Include,Include,Include,Include
Nevada,NV,Esmeralda County,NVEsmeralda County,Include,Include,Include,Include,Include,Include,Include
Nevada,NV,Eureka County,NVEureka County,Include,Include,Include,Include,Include,Include,Include
Nevada,NV,Humboldt County,NVHumboldt County,Include,Include,Include,Include,Include,Include,Include
Nevada,NV,Lander County,NVLander County,Include,Include,Include,Include,Include,Include,Include
Nevada,NV,Lincoln County,NVLincoln County,Include,Include,Include,Include,Include,Include,Include
Nevada,NV,Lyon County,NVLyon County,Include,Include,Include,Include,Include,Include,Include
Nevada,NV,Mineral County,NVMineral County,Include,Include,Include,Include,Include,Include,Include
Nevada,NV,Nye County,NVNye County,Include,Include,Include,Include,Include,Include,Include
Nevada,NV,Pershing County,NVPershing County,Include,Include,Include,Include,Include,Include,Include
Nevada,NV,Storey County,NVStorey County,Include,Include,Include,Include,Include,Include,Include
Nevada,NV,Washoe County,NVWashoe County,Include,Include,Include,Include,Include,Include,Include
Nevada,NV,White Pine County,NVWhite Pine County,Include,Include,Include,Include,Include,Include,Include
New Hampshire,NH,Belknap County,NHBelknap County,Include,Include,Include,Include,Include,Include,Include
New Hampshire,NH,Carroll County,NHCarroll County,Include,Include,Include,Include,Include,Include,Include
New Hampshire,NH,Cheshire County,NHCheshire County,Include,Include,Include,Include,Include,Include,Include
New Hampshire,NH,Coos County,NHCoos County,Include,Include,Include,Include,Include,Include,Include
New Hampshire,NH,Grafton County,NHGrafton County,Include,Include,Include,Include,Include,Include,Include
New Hampshire,NH,Hillsborough County,NHHillsborough County,Include,Include,Include,Include,Include,Include,Include
New Hampshire,NH,Merrimack County,NHMerrimack County,Include,Include,Include,Include,Include,Include,Include
New Hampshire,NH,Rockingham County,NHRockingham County,Include,Include,Include,Include,Include,Include,Include
New Hampshire,NH,Strafford County,NHStrafford County,Include,Include,Include,Include,Include,Include,Include
New Hampshire,NH,Sullivan County,NHSullivan County,Include,Include,Include,Include,Include,Include,Include
New Jersey,NJ,Atlantic County,NJAtlantic County,Include,Include,Include,Include,Include,Include,Include
New Jersey,NJ,Bergen County,NJBergen County,Include,Include,Include,Include,Include,Include,Include
New Jersey,NJ,Burlington County,NJBurlington County,Include,Include,Include,Include,Include,Include,Include
New Jersey,NJ,Camden County,NJCamden County,Include,Include,Include,Include,Include,Include,Include
New Jersey,NJ,Cape May County,NJCape May County,Include,Include,Include,Include,Include,Include,Include
New Jersey,NJ,Cumberland County,NJCumberland County,Include,Include,Include,Include,Include,Include,Include
New Jersey,NJ,Essex County,NJEssex County,Include,Include,Include,Include,Include,Include,Include
New Jersey,NJ,Gloucester County,NJGloucester County,Include,Include,Include,Include,Include,Include,Include
New Jersey,NJ,Hudson County,NJHudson County,Include,Include,Include,Include,Include,Include,Include
New Jersey,NJ,Hunterdon County,NJHunterdon County,Include,Include,Include,Include,Include,Include,Include
New Jersey,NJ,Mercer County,NJMercer County,Include,Include,Include,Include,Include,Include,Include
New Jersey,NJ,Middlesex County,NJMiddlesex County,Include,Include,Include,Include,Include,Include,Include
New Jersey,NJ,Monmouth County,NJMonmouth County,Include,Include,Include,Include,Include,Include,Include
New Jersey,NJ,Morris County,NJMorris County,Include,Include,Include,Include,Include,Include,Include
New Jersey,NJ,Ocean County,NJOcean County,Include,Include,Include,Include,Include,Include,Include
New Jersey,NJ,Passaic County,NJPassaic County,Include,Include,Include,Include,Include,Include,Include
New Jersey,NJ,Salem County,NJSalem County,Include,Include,Include,Include,Include,Include,Include
New Jersey,NJ,Somerset County,NJSomerset County,Include,Include,Include,Include,Include,Include,Include
New Jersey,NJ,Sussex County,NJSussex County,Include,Include,Include,Include,Include,Include,Include
New Jersey,NJ,Union County,NJUnion County,Include,Include,Include,Include,Include,Include,Include
New Jersey,NJ,Warren County,NJWarren County,Include,Include,Include,Include,Include,Include,Include
New Mexico,NM,Bernalillo County,NMBernalillo County,Include,Include,Include,Include,Include,Include,Include
New Mexico,NM,Catron County,NMCatron County,Include,Include,Include,Include,Include,Include,Include
New Mexico,NM,Chaves County,NMChaves County,Include,Include,Include,Include,Include,Include,Include
New Mexico,NM,Cibola County,NMCibola County,Include,Include,Include,Include,Include,Include,Include
New Mexico,NM,Colfax County,NMColfax County,Include,Include,Include,Include,Include,Include,Include
New Mexico,NM,Curry County,NMCurry County,Include,Include,Include,Include,Include,Include,Include
New Mexico,NM,De Baca County,NMDe Baca County,Include,Include,Include,Include,Include,Include,Include
New Mexico,NM,Dona Ana County,NMDona Ana County,Include,Include,Include,Include,Include,Include,Include
New Mexico,NM,Eddy County,NMEddy County,Include,Include,Include,Include,Include,Include,Include
New Mexico,NM,Grant County,NMGrant County,Include,Include,Include,Include,Include,Include,Include
New Mexico,NM,Guadalupe County,NMGuadalupe County,Include,Include,Include,Include,Include,Include,Include
New Mexico,NM,Harding County,NMHarding County,Include,Include,Include,Include,Include,Include,Include
New Mexico,NM,Hidalgo County,NMHidalgo County,Include,Include,Include,Include,Include,Include,Include
New Mexico,NM,Lea County,NMLea County,Include,Include,Include,Include,Include,Include,Include
New Mexico,NM,Lincoln County,NMLincoln County,Include,Include,Include,Include,Include,Include,Include
New Mexico,NM,Los Alamos County,NMLos Alamos County,Include,Include,Include,Include,Include,Include,Include
New Mexico,NM,Luna County,NMLuna County,Include,Include,Include,Include,Include,Include,Include
New Mexico,NM,McKinley County,NMMcKinley County,Include,Include,Include,Include,Include,Include,Include
New Mexico,NM,Mora County,NMMora County,Include,Include,Include,Include,Include,Include,Include
New Mexico,NM,Otero County,NMOtero County,Include,Include,Include,Include,Include,Include,Include
New Mexico,NM,Quay County,NMQuay County,Include,Include,Include,Include,Include,Include,Include
New Mexico,NM,Rio Arriba County,NMRio Arriba County,Include,Include,Include,Include,Include,Include,Include
New Mexico,NM,Roosevelt County,NMRoosevelt County,Include,Include,Include,Include,Include,Include,Include
New Mexico,NM,San Juan County,NMSan Juan County,Include,Include,Include,Include,Include,Include,Include
New Mexico,NM,San Miguel County,NMSan Miguel County,Include,Include,Include,Include,Include,Include,Include
New Mexico,NM,Sandoval County,NMSandoval County,Include,Include,Include,Include,Include,Include,Include
New Mexico,NM,Santa Fe County,NMSanta Fe County,Include,Include,Include,Include,Include,Include,Include
New Mexico,NM,Sierra County,NMSierra County,Include,Include,Include,Include,Include,Include,Include
New Mexico,NM,Socorro County,NMSocorro County,Include,Include,Include,Include,Include,Include,Include
New Mexico,NM,Taos County,NMTaos County,Include,Include,Include,Include,Include,Include,Include
New Mexico,NM,Torrance County,NMTorrance County,Include,Include,Include,Include,Include,Include,Include
New Mexico,NM,Union County,NMUnion County,Include,Include,Include,Include,Include,Include,Include
New Mexico,NM,Valencia County,NMValencia County,Include,Include,Include,Include,Include,Include,Include
New York,NY,Albany County,NYAlbany County,Include,Include,Include,Include,Include,Include,Include
New York,NY,Allegany County,NYAllegany County,Include,Include,Include,Include,Include,Include,Include
New York,NY,Bronx County,NYBronx County,Include,Include,Include,Include,Include,Include,Include
New York,NY,Broome County,NYBroome County,Include,Include,Include,Include,Include,Include,Include
New York,NY,Cattaraugus County,NYCattaraugus County,Include,Include,Include,Include,Include,Include,Include
New York,NY,Cayuga County,NYCayuga County,Include,Include,Include,Include,Include,Include,Include
New York,NY,Chautauqua County,NYChautauqua County,Include,Include,Include,Include,Include,Include,Include
New York,NY,Chemung County,NYChemung County,Include,Include,Include,Include,Include,Include,Include
New York,NY,Chenango County,NYChenango County,Include,Include,Include,Include,Include,Include,Include
New York,NY,Clinton County,NYClinton County,Include,Include,Include,Include,Include,Include,Include
New York,NY,Columbia County,NYColumbia County,Include,Include,Include,Include,Include,Include,Include
New York,NY,Cortland County,NYCortland County,Include,Include,Include,Include,Include,Include,Include
New York,NY,Delaware County,NYDelaware County,Include,Include,Include,Include,Include,Include,Include
New York,NY,Dutchess County,NYDutchess County,Include,Include,Include,Include,Include,Include,Include
New York,NY,Erie County,NYErie County,Include,Include,Include,Include,Include,Include,Include
New York,NY,Essex County,NIncludesex County,Include,Include,Include,Include,Include,Include,Include
New York,NY,Franklin County,NYFranklin County,Include,Include,Include,Include,Include,Include,Include
New York,NY,Fulton County,NYFulton County,Include,Include,Include,Include,Include,Include,Include
New York,NY,Genesee County,NYGenesee County,Include,Include,Include,Include,Include,Include,Include
New York,NY,Greene County,NYGreene County,Include,Include,Include,Include,Include,Include,Include
New York,NY,Hamilton County,NYHamilton County,Include,Include,Include,Include,Include,Include,Include
New York,NY,Herkimer County,NYHerkimer County,Include,Include,Include,Include,Include,Include,Include
New York,NY,Jefferson County,NYJefferson County,Include,Include,Include,Include,Include,Include,Include
New York,NY,Kings County,NYKings County,Include,Include,Include,Include,Include,Include,Include
New York,NY,Lewis County,NYLewis County,Include,Include,Include,Include,Include,Include,Include
New York,NY,Livingston County,NYLivingston County,Include,Include,Include,Include,Include,Include,Include
New York,NY,Madison County,NYMadison County,Include,Include,Include,Include,Include,Include,Include
New York,NY,Monroe County,NYMonroe County,Include,Include,Include,Include,Include,Include,Include
New York,NY,Montgomery County,NYMontgomery County,Include,Include,Include,Include,Include,Include,Include
New York,NY,Nassau County,NYNassau County,Include,Include,Include,Include,Include,Include,Include
New York,NY,New York County,NYNew York County,Include,Include,Include,Include,Include,Include,Include
New York,NY,Niagara County,NYNiagara County,Include,Include,Include,Include,Include,Include,Include
New York,NY,Oneida County,NYOneida County,Include,Include,Include,Include,Include,Include,Include
New York,NY,OExcludendaga County,NYOExcludendaga County,Include,Include,Include,Include,Include,Include,Include
New York,NY,Ontario County,NYOntario County,Include,Include,Include,Include,Include,Include,Include
New York,NY,Orange County,NYOrange County,Include,Include,Include,Include,Include,Include,Include
New York,NY,Orleans County,NYOrleans County,Include,Include,Include,Include,Include,Include,Include
New York,NY,Oswego County,NYOswego County,Include,Include,Include,Include,Include,Include,Include
New York,NY,Otsego County,NYOtsego County,Include,Include,Include,Include,Include,Include,Include
New York,NY,Putnam County,NYPutnam County,Include,Include,Include,Include,Include,Include,Include
New York,NY,Queens County,NYQueens County,Include,Include,Include,Include,Include,Include,Include
New York,NY,Rensselaer County,NYRensselaer County,Include,Include,Include,Include,Include,Include,Include
New York,NY,Richmond County,NYRichmond County,Include,Include,Include,Include,Include,Include,Include
New York,NY,Rockland County,NYRockland County,Include,Include,Include,Include,Include,Include,Include
New York,NY,Saratoga County,NYSaratoga County,Include,Include,Include,Include,Include,Include,Include
New York,NY,Schenectady County,NYSchenectady County,Include,Include,Include,Include,Include,Include,Include
New York,NY,Schoharie County,NYSchoharie County,Include,Include,Include,Include,Include,Include,Include
New York,NY,Schuyler County,NYSchuyler County,Include,Include,Include,Include,Include,Include,Include
New York,NY,Seneca County,NYSeneca County,Include,Include,Include,Include,Include,Include,Include
New York,NY,St. Lawrence County,NYSt. Lawrence County,Include,Include,Include,Include,Include,Include,Include
New York,NY,Steuben County,NYSteuben County,Include,Include,Include,Include,Include,Include,Include
New York,NY,Suffolk County,NYSuffolk County,Include,Include,Include,Include,Include,Include,Include
New York,NY,Sullivan County,NYSullivan County,Include,Include,Include,Include,Include,Include,Include
New York,NY,Tioga County,NYTioga County,Include,Include,Include,Include,Include,Include,Include
New York,NY,Tompkins County,NYTompkins County,Include,Include,Include,Include,Include,Include,Include
New York,NY,Ulster County,NYUlster County,Include,Include,Include,Include,Include,Include,Include
New York,NY,Warren County,NYWarren County,Include,Include,Include,Include,Include,Include,Include
New York,NY,Washington County,NYWashington County,Include,Include,Include,Include,Include,Include,Include
New York,NY,Wayne County,NYWayne County,Include,Include,Include,Include,Include,Include,Include
New York,NY,Westchester County,NYWestchester County,Include,Include,Include,Include,Include,Include,Include
New York,NY,Wyoming County,NYWyoming County,Include,Include,Include,Include,Include,Include,Include
New York,NY,Yates County,NYYates County,Include,Include,Include,Include,Include,Include,Include
Excluderth Carolina,NC,Alamance County,NCAlamance County,Include,Include,Include,Include,Include,Include,Include
Excluderth Carolina,NC,Alexander County,NCAlexander County,Include,Include,Include,Include,Include,Include,Include
Excluderth Carolina,NC,Alleghany County,NCAlleghany County,Include,Include,Include,Include,Include,Include,Include
Excluderth Carolina,NC,Anson County,NCAnson County,Include,Include,Include,Include,Include,Include,Include
Excluderth Carolina,NC,Ashe County,NCAshe County,Include,Include,Include,Include,Include,Include,Include
Excluderth Carolina,NC,Avery County,NCAvery County,Include,Include,Include,Include,Include,Include,Include
Excluderth Carolina,NC,Beaufort County,NCBeaufort County,Include,Include,Include,Include,Include,Include,Include
Excluderth Carolina,NC,Bertie County,NCBertie County,Include,Include,Include,Include,Include,Include,Include
Excluderth Carolina,NC,Bladen County,NCBladen County,Include,Include,Include,Include,Include,Include,Include
Excluderth Carolina,NC,Brunswick County,NCBrunswick County,Include,Include,Include,Include,Include,Include,Include
Excluderth Carolina,NC,Buncombe County,NCBuncombe County,Include,Include,Include,Include,Include,Include,Include
Excluderth Carolina,NC,Burke County,NCBurke County,Include,Include,Include,Include,Include,Include,Include
Excluderth Carolina,NC,Cabarrus County,NCCabarrus County,Include,Include,Include,Include,Include,Include,Include
Excluderth Carolina,NC,Caldwell County,NCCaldwell County,Include,Include,Include,Include,Include,Include,Include
Excluderth Carolina,NC,Camden County,NCCamden County,Include,Include,Include,Include,Include,Include,Include
Excluderth Carolina,NC,Carteret County,NCCarteret County,Include,Include,Include,Include,Include,Include,Include
Excluderth Carolina,NC,Caswell County,NCCaswell County,Include,Include,Include,Include,Include,Include,Include
Excluderth Carolina,NC,Catawba County,NCCatawba County,Include,Include,Include,Include,Include,Include,Include
Excluderth Carolina,NC,Chatham County,NCChatham County,Include,Include,Include,Include,Include,Include,Include
Excluderth Carolina,NC,Cherokee County,NCCherokee County,Include,Include,Include,Include,Include,Include,Include
Excluderth Carolina,NC,Chowan County,NCChowan County,Include,Include,Include,Include,Include,Include,Include
Excluderth Carolina,NC,Clay County,NCClay County,Include,Include,Include,Include,Include,Include,Include
Excluderth Carolina,NC,Cleveland County,NCCleveland County,Include,Include,Include,Include,Include,Include,Include
Excluderth Carolina,NC,Columbus County,NCColumbus County,Include,Include,Include,Include,Include,Include,Include
Excluderth Carolina,NC,Craven County,NCCraven County,Include,Include,Include,Include,Include,Include,Include
Excluderth Carolina,NC,Cumberland County,NCCumberland County,Include,Include,Include,Include,Include,Include,Include
Excluderth Carolina,NC,Currituck County,NCCurrituck County,Include,Include,Include,Include,Include,Include,Include
Excluderth Carolina,NC,Dare County,NCDare County,Include,Include,Include,Include,Include,Include,Include
Excluderth Carolina,NC,Davidson County,NCDavidson County,Include,Include,Include,Include,Include,Include,Include
Excluderth Carolina,NC,Davie County,NCDavie County,Include,Include,Include,Include,Include,Include,Include
Excluderth Carolina,NC,Duplin County,NCDuplin County,Include,Include,Include,Include,Include,Include,Include
Excluderth Carolina,NC,Durham County,NCDurham County,Include,Include,Include,Include,Include,Include,Include
Excluderth Carolina,NC,Edgecombe County,NCEdgecombe County,Include,Include,Include,Include,Include,Include,Include
Excluderth Carolina,NC,Forsyth County,NCForsyth County,Include,Include,Include,Include,Include,Include,Include
Excluderth Carolina,NC,Franklin County,NCFranklin County,Include,Include,Include,Include,Include,Include,Include
Excluderth Carolina,NC,Gaston County,NCGaston County,Include,Include,Include,Include,Include,Include,Include
Excluderth Carolina,NC,Gates County,NCGates County,Include,Include,Include,Include,Include,Include,Include
Excluderth Carolina,NC,Graham County,NCGraham County,Include,Include,Include,Include,Include,Include,Include
Excluderth Carolina,NC,Granville County,NCGranville County,Include,Include,Include,Include,Include,Include,Include
Excluderth Carolina,NC,Greene County,NCGreene County,Include,Include,Include,Include,Include,Include,Include
Excluderth Carolina,NC,Guilford County,NCGuilford County,Include,Include,Include,Include,Include,Include,Include
Excluderth Carolina,NC,Halifax County,NCHalifax County,Include,Include,Include,Include,Include,Include,Include
Excluderth Carolina,NC,Harnett County,NCHarnett County,Include,Include,Include,Include,Include,Include,Include
Excluderth Carolina,NC,Haywood County,NCHaywood County,Include,Include,Include,Include,Include,Include,Include
Excluderth Carolina,NC,Henderson County,NCHenderson County,Include,Include,Include,Include,Include,Include,Include
Excluderth Carolina,NC,Hertford County,NCHertford County,Include,Include,Include,Include,Include,Include,Include
Excluderth Carolina,NC,Hoke County,NCHoke County,Include,Include,Include,Include,Include,Include,Include
Excluderth Carolina,NC,Hyde County,NCHyde County,Include,Include,Include,Include,Include,Include,Include
Excluderth Carolina,NC,Iredell County,NCIredell County,Include,Include,Include,Include,Include,Include,Include
Excluderth Carolina,NC,Jackson County,NCJackson County,Include,Include,Include,Include,Include,Include,Include
Excluderth Carolina,NC,Johnston County,NCJohnston County,Include,Include,Include,Include,Include,Include,Include
Excluderth Carolina,NC,Jones County,NCJones County,Include,Include,Include,Include,Include,Include,Include
Excluderth Carolina,NC,Lee County,NCLee County,Include,Include,Include,Include,Include,Include,Include
Excluderth Carolina,NC,LeExcludeir County,NCLeExcludeir County,Include,Include,Include,Include,Include,Include,Include
Excluderth Carolina,NC,Lincoln County,NCLincoln County,Include,Include,Include,Include,Include,Include,Include
Excluderth Carolina,NC,Macon County,NCMacon County,Include,Include,Include,Include,Include,Include,Include
Excluderth Carolina,NC,Madison County,NCMadison County,Include,Include,Include,Include,Include,Include,Include
Excluderth Carolina,NC,Martin County,NCMartin County,Include,Include,Include,Include,Include,Include,Include
Excluderth Carolina,NC,McDowell County,NCMcDowell County,Include,Include,Include,Include,Include,Include,Include
Excluderth Carolina,NC,Mecklenburg County,NCMecklenburg County,Include,Include,Include,Include,Include,Include,Include
Excluderth Carolina,NC,Mitchell County,NCMitchell County,Include,Include,Include,Include,Include,Include,Include
Excluderth Carolina,NC,Montgomery County,NCMontgomery County,Include,Include,Include,Include,Include,Include,Include
Excluderth Carolina,NC,Moore County,NCMoore County,Include,Include,Include,Include,Include,Include,Include
Excluderth Carolina,NC,Nash County,NCNash County,Include,Include,Include,Include,Include,Include,Include
Excluderth Carolina,NC,New HaExcludever County,NCNew HaExcludever County,Include,Include,Include,Include,Include,Include,Include
Excluderth Carolina,NC,Excluderthampton County,NCExcluderthampton County,Include,Include,Include,Include,Include,Include,Include
Excluderth Carolina,NC,Onslow County,NCOnslow County,Include,Include,Include,Include,Include,Include,Include
Excluderth Carolina,NC,Orange County,NCOrange County,Include,Include,Include,Include,Include,Include,Include
Excluderth Carolina,NC,Pamlico County,NCPamlico County,Include,Include,Include,Include,Include,Include,Include
Excluderth Carolina,NC,Pasquotank County,NCPasquotank County,Include,Include,Include,Include,Include,Include,Include
Excluderth Carolina,NC,Pender County,NCPender County,Include,Include,Include,Include,Include,Include,Include
Excluderth Carolina,NC,Perquimans County,NCPerquimans County,Include,Include,Include,Include,Include,Include,Include
Excluderth Carolina,NC,Person County,NCPerson County,Include,Include,Include,Include,Include,Include,Include
Excluderth Carolina,NC,Pitt County,NCPitt County,Include,Include,Include,Include,Include,Include,Include
Excluderth Carolina,NC,Polk County,NCPolk County,Include,Include,Include,Include,Include,Include,Include
Excluderth Carolina,NC,Randolph County,NCRandolph County,Include,Include,Include,Include,Include,Include,Include
Excluderth Carolina,NC,Richmond County,NCRichmond County,Include,Include,Include,Include,Include,Include,Include
Excluderth Carolina,NC,Robeson County,NCRobeson County,Include,Include,Include,Include,Include,Include,Include
Excluderth Carolina,NC,Rockingham County,NCRockingham County,Include,Include,Include,Include,Include,Include,Include
Excluderth Carolina,NC,Rowan County,NCRowan County,Include,Include,Include,Include,Include,Include,Include
Excluderth Carolina,NC,Rutherford County,NCRutherford County,Include,Include,Include,Include,Include,Include,Include
Excluderth Carolina,NC,Sampson County,NCSampson County,Include,Include,Include,Include,Include,Include,Include
Excluderth Carolina,NC,Scotland County,NCScotland County,Include,Include,Include,Include,Include,Include,Include
Excluderth Carolina,NC,Stanly County,NCStanly County,Include,Include,Include,Include,Include,Include,Include
Excluderth Carolina,NC,Stokes County,NCStokes County,Include,Include,Include,Include,Include,Include,Include
Excluderth Carolina,NC,Surry County,NCSurry County,Include,Include,Include,Include,Include,Include,Include
Excluderth Carolina,NC,Swain County,NCSwain County,Include,Include,Include,Include,Include,Include,Include
Excluderth Carolina,NC,Transylvania County,NCTransylvania County,Include,Include,Include,Include,Include,Include,Include
Excluderth Carolina,NC,Tyrrell County,NCTyrrell County,Include,Include,Include,Include,Include,Include,Include
Excluderth Carolina,NC,Union County,NCUnion County,Include,Include,Include,Include,Include,Include,Include
Excluderth Carolina,NC,Vance County,NCVance County,Include,Include,Include,Include,Include,Include,Include
Excluderth Carolina,NC,Wake County,NCWake County,Include,Include,Include,Include,Include,Include,Include
Excluderth Carolina,NC,Warren County,NCWarren County,Include,Include,Include,Include,Include,Include,Include
Excluderth Carolina,NC,Washington County,NCWashington County,Include,Include,Include,Include,Include,Include,Include
Excluderth Carolina,NC,Watauga County,NCWatauga County,Include,Include,Include,Include,Include,Include,Include
Excluderth Carolina,NC,Wayne County,NCWayne County,Include,Include,Include,Include,Include,Include,Include
Excluderth Carolina,NC,Wilkes County,NCWilkes County,Include,Include,Include,Include,Include,Include,Include
Excluderth Carolina,NC,Wilson County,NCWilson County,Include,Include,Include,Include,Include,Include,Include
Excluderth Carolina,NC,Yadkin County,NCYadkin County,Include,Include,Include,Include,Include,Include,Include
Excluderth Carolina,NC,Yancey County,NCYancey County,Include,Include,Include,Include,Include,Include,Include
Excluderth Dakota,ND,Adams County,NDAdams County,Include,Include,Include,Include,Include,Include,Include
Excluderth Dakota,ND,Barnes County,NDBarnes County,Include,Include,Include,Include,Include,Include,Include
Excluderth Dakota,ND,Benson County,NDBenson County,Include,Include,Include,Include,Include,Include,Include
Excluderth Dakota,ND,Billings County,NDBillings County,Include,Include,Include,Include,Include,Include,Include
Excluderth Dakota,ND,Bottineau County,NDBottineau County,Include,Include,Include,Include,Include,Include,Include
Excluderth Dakota,ND,Bowman County,NDBowman County,Include,Include,Include,Include,Include,Include,Include
Excluderth Dakota,ND,Burke County,NDBurke County,Include,Include,Include,Include,Include,Include,Include
Excluderth Dakota,ND,Burleigh County,NDBurleigh County,Include,Include,Include,Include,Include,Include,Include
Excluderth Dakota,ND,Cass County,NDCass County,Include,Include,Include,Include,Include,Include,Include
Excluderth Dakota,ND,Cavalier County,NDCavalier County,Include,Include,Include,Include,Include,Include,Include
Excluderth Dakota,ND,Dickey County,NDDickey County,Include,Include,Include,Include,Include,Include,Include
Excluderth Dakota,ND,Divide County,NDDivide County,Include,Include,Include,Include,Include,Include,Include
Excluderth Dakota,ND,Dunn County,NDDunn County,Include,Include,Include,Include,Include,Include,Include
Excluderth Dakota,ND,Eddy County,NDEddy County,Include,Include,Include,Include,Include,Include,Include
Excluderth Dakota,ND,Emmons County,NDEmmons County,Include,Include,Include,Include,Include,Include,Include
Excluderth Dakota,ND,Foster County,NDFoster County,Include,Include,Include,Include,Include,Include,Include
Excluderth Dakota,ND,Golden Valley County,NDGolden Valley County,Include,Include,Include,Include,Include,Include,Include
Excluderth Dakota,ND,Grand Forks County,NDGrand Forks County,Include,Include,Include,Include,Include,Include,Include
Excluderth Dakota,ND,Grant County,NDGrant County,Include,Include,Include,Include,Include,Include,Include
Excluderth Dakota,ND,Griggs County,NDGriggs County,Include,Include,Include,Include,Include,Include,Include
Excluderth Dakota,ND,Hettinger County,NDHettinger County,Include,Include,Include,Include,Include,Include,Include
Excluderth Dakota,ND,Kidder County,NDKidder County,Include,Include,Include,Include,Include,Include,Include
Excluderth Dakota,ND,LaMoure County,NDLaMoure County,Include,Include,Include,Include,Include,Include,Include
Excluderth Dakota,ND,Logan County,NDLogan County,Include,Include,Include,Include,Include,Include,Include
Excluderth Dakota,ND,McHenry County,NDMcHenry County,Include,Include,Include,Include,Include,Include,Include
Excluderth Dakota,ND,McIntosh County,NDMcIntosh County,Include,Include,Include,Include,Include,Include,Include
Excluderth Dakota,ND,McKenzie County,NDMcKenzie County,Include,Include,Include,Include,Include,Include,Include
Excluderth Dakota,ND,McLean County,NDMcLean County,Include,Include,Include,Include,Include,Include,Include
Excluderth Dakota,ND,Mercer County,NDMercer County,Include,Include,Include,Include,Include,Include,Include
Excluderth Dakota,ND,Morton County,NDMorton County,Include,Include,Include,Include,Include,Include,Include
Excluderth Dakota,ND,Mountrail County,NDMountrail County,Include,Include,Include,Include,Include,Include,Include
Excluderth Dakota,ND,Nelson County,NDNelson County,Include,Include,Include,Include,Include,Include,Include
Excluderth Dakota,ND,Oliver County,NDOliver County,Include,Include,Include,Include,Include,Include,Include
Excluderth Dakota,ND,Pembina County,NDPembina County,Include,Include,Include,Include,Include,Include,Include
Excluderth Dakota,ND,Pierce County,NDPierce County,Include,Include,Include,Include,Include,Include,Include
Excluderth Dakota,ND,Ramsey County,NDRamsey County,Include,Include,Include,Include,Include,Include,Include
Excluderth Dakota,ND,Ransom County,NDRansom County,Include,Include,Include,Include,Include,Include,Include
Excluderth Dakota,ND,Renville County,NDRenville County,Include,Include,Include,Include,Include,Include,Include
Excluderth Dakota,ND,Richland County,NDRichland County,Include,Include,Include,Include,Include,Include,Include
Excluderth Dakota,ND,Rolette County,NDRolette County,Include,Include,Include,Include,Include,Include,Include
Excluderth Dakota,ND,Sargent County,NDSargent County,Include,Include,Include,Include,Include,Include,Include
Excluderth Dakota,ND,Sheridan County,NDSheridan County,Include,Include,Include,Include,Include,Include,Include
Excluderth Dakota,ND,Sioux County,NDSioux County,Include,Include,Include,Include,Include,Include,Include
Excluderth Dakota,ND,Slope County,NDSlope County,Include,Include,Include,Include,Include,Include,Include
Excluderth Dakota,ND,Stark County,NDStark County,Include,Include,Include,Include,Include,Include,Include
Excluderth Dakota,ND,Steele County,NDSteele County,Include,Include,Include,Include,Include,Include,Include
Excluderth Dakota,ND,Stutsman County,NDStutsman County,Include,Include,Include,Include,Include,Include,Include
Excluderth Dakota,ND,Towner County,NDTowner County,Include,Include,Include,Include,Include,Include,Include
Excluderth Dakota,ND,Traill County,NDTraill County,Include,Include,Include,Include,Include,Include,Include
Excluderth Dakota,ND,Walsh County,NDWalsh County,Include,Include,Include,Include,Include,Include,Include
Excluderth Dakota,ND,Ward County,NDWard County,Include,Include,Include,Include,Include,Include,Include
Excluderth Dakota,ND,Wells County,NDWells County,Include,Include,Include,Include,Include,Include,Include
Excluderth Dakota,ND,Williams County,NDWilliams County,Include,Include,Include,Include,Include,Include,Include
Ohio,OH,Adams County,OHAdams County,Include,Include,Include,Include,Include,Include,Include
Ohio,OH,Allen County,OHAllen County,Include,Include,Include,Include,Include,Include,Include
Ohio,OH,Ashland County,OHAshland County,Include,Include,Include,Include,Include,Include,Include
Ohio,OH,Ashtabula County,OHAshtabula County,Include,Include,Include,Include,Include,Include,Include
Ohio,OH,Athens County,OHAthens County,Include,Include,Include,Include,Include,Include,Include
Ohio,OH,Auglaize County,OHAuglaize County,Include,Include,Include,Include,Include,Include,Include
Ohio,OH,Belmont County,OHBelmont County,Include,Include,Include,Include,Include,Include,Include
Ohio,OH,Brown County,OHBrown County,Include,Include,Include,Include,Include,Include,Include
Ohio,OH,Butler County,OHButler County,Include,Include,Include,Include,Include,Include,Include
Ohio,OH,Carroll County,OHCarroll County,Include,Include,Include,Include,Include,Include,Include
Ohio,OH,Champaign County,OHChampaign County,Include,Include,Include,Include,Include,Include,Include
Ohio,OH,Clark County,OHClark County,Include,Include,Include,Include,Include,Include,Include
Ohio,OH,Clermont County,OHClermont County,Include,Include,Include,Include,Include,Include,Include
Ohio,OH,Clinton County,OHClinton County,Include,Include,Include,Include,Include,Include,Include
Ohio,OH,Columbiana County,OHColumbiana County,Include,Include,Include,Include,Include,Include,Include
Ohio,OH,Coshocton County,OHCoshocton County,Include,Include,Include,Include,Include,Include,Include
Ohio,OH,Crawford County,OHCrawford County,Include,Include,Include,Include,Include,Include,Include
Ohio,OH,Cuyahoga County,OHCuyahoga County,Include,Include,Include,Include,Include,Include,Include
Ohio,OH,Darke County,OHDarke County,Include,Include,Include,Include,Include,Include,Include
Ohio,OH,Defiance County,OHDefiance County,Include,Include,Include,Include,Include,Include,Include
Ohio,OH,Delaware County,OHDelaware County,Include,Include,Include,Include,Include,Include,Include
Ohio,OH,Erie County,OHErie County,Include,Include,Include,Include,Include,Include,Include
Ohio,OH,Fairfield County,OHFairfield County,Include,Include,Include,Include,Include,Include,Include
Ohio,OH,Fayette County,OHFayette County,Include,Include,Include,Include,Include,Include,Include
Ohio,OH,Franklin County,OHFranklin County,Include,Include,Include,Include,Include,Include,Include
Ohio,OH,Fulton County,OHFulton County,Include,Include,Include,Include,Include,Include,Include
Ohio,OH,Gallia County,OHGallia County,Include,Include,Include,Include,Include,Include,Include
Ohio,OH,Geauga County,OHGeauga County,Include,Include,Include,Include,Include,Include,Include
Ohio,OH,Greene County,OHGreene County,Include,Include,Include,Include,Include,Include,Include
Ohio,OH,Guernsey County,OHGuernsey County,Include,Include,Include,Include,Include,Include,Include
Ohio,OH,Hamilton County,OHHamilton County,Include,Include,Include,Include,Include,Include,Include
Ohio,OH,Hancock County,OHHancock County,Include,Include,Include,Include,Include,Include,Include
Ohio,OH,Hardin County,OHHardin County,Include,Include,Include,Include,Include,Include,Include
Ohio,OH,Harrison County,OHHarrison County,Include,Include,Include,Include,Include,Include,Include
Ohio,OH,Henry County,OHHenry County,Include,Include,Include,Include,Include,Include,Include
Ohio,OH,Highland County,OHHighland County,Include,Include,Include,Include,Include,Include,Include
Ohio,OH,Hocking County,OHHocking County,Include,Include,Include,Include,Include,Include,Include
Ohio,OH,Holmes County,OHHolmes County,Include,Include,Include,Include,Include,Include,Include
Ohio,OH,Huron County,OHHuron County,Include,Include,Include,Include,Include,Include,Include
Ohio,OH,Jackson County,OHJackson County,Include,Include,Include,Include,Include,Include,Include
Ohio,OH,Jefferson County,OHJefferson County,Include,Include,Include,Include,Include,Include,Include
Ohio,OH,KExcludex County,OHKExcludex County,Include,Include,Include,Include,Include,Include,Include
Ohio,OH,Lake County,OHLake County,Include,Include,Include,Include,Include,Include,Include
Ohio,OH,Lawrence County,OHLawrence County,Include,Include,Include,Include,Include,Include,Include
Ohio,OH,Licking County,OHLicking County,Include,Include,Include,Include,Include,Include,Include
Ohio,OH,Logan County,OHLogan County,Include,Include,Include,Include,Include,Include,Include
Ohio,OH,Lorain County,OHLorain County,Include,Include,Include,Include,Include,Include,Include
Ohio,OH,Lucas County,OHLucas County,Include,Include,Include,Include,Include,Include,Include
Ohio,OH,Madison County,OHMadison County,Include,Include,Include,Include,Include,Include,Include
Ohio,OH,Mahoning County,OHMahoning County,Include,Include,Include,Include,Include,Include,Include
Ohio,OH,Marion County,OHMarion County,Include,Include,Include,Include,Include,Include,Include
Ohio,OH,Medina County,OHMedina County,Include,Include,Include,Include,Include,Include,Include
Ohio,OH,Meigs County,OHMeigs County,Include,Include,Include,Include,Include,Include,Include
Ohio,OH,Mercer County,OHMercer County,Include,Include,Include,Include,Include,Include,Include
Ohio,OH,Miami County,OHMiami County,Include,Include,Include,Include,Include,Include,Include
Ohio,OH,Monroe County,OHMonroe County,Include,Include,Include,Include,Include,Include,Include
Ohio,OH,Montgomery County,OHMontgomery County,Include,Include,Include,Include,Include,Include,Include
Ohio,OH,Morgan County,OHMorgan County,Include,Include,Include,Include,Include,Include,Include
Ohio,OH,Morrow County,OHMorrow County,Include,Include,Include,Include,Include,Include,Include
Ohio,OH,Muskingum County,OHMuskingum County,Include,Include,Include,Include,Include,Include,Include
Ohio,OH,Excludeble County,OHExcludeble County,Include,Include,Include,Include,Include,Include,Include
Ohio,OH,Ottawa County,OHOttawa County,Include,Include,Include,Include,Include,Include,Include
Ohio,OH,Paulding County,OHPaulding County,Include,Include,Include,Include,Include,Include,Include
Ohio,OH,Perry County,OHPerry County,Include,Include,Include,Include,Include,Include,Include
Ohio,OH,Pickaway County,OHPickaway County,Include,Include,Include,Include,Include,Include,Include
Ohio,OH,Pike County,OHPike County,Include,Include,Include,Include,Include,Include,Include
Ohio,OH,Portage County,OHPortage County,Include,Include,Include,Include,Include,Include,Include
Ohio,OH,Preble County,OHPreble County,Include,Include,Include,Include,Include,Include,Include
Ohio,OH,Putnam County,OHPutnam County,Include,Include,Include,Include,Include,Include,Include
Ohio,OH,Richland County,OHRichland County,Include,Include,Include,Include,Include,Include,Include
Ohio,OH,Ross County,OHRoss County,Include,Include,Include,Include,Include,Include,Include
Ohio,OH,Sandusky County,OHSandusky County,Include,Include,Include,Include,Include,Include,Include
Ohio,OH,Scioto County,OHScioto County,Include,Include,Include,Include,Include,Include,Include
Ohio,OH,Seneca County,OHSeneca County,Include,Include,Include,Include,Include,Include,Include
Ohio,OH,Shelby County,OHShelby County,Include,Include,Include,Include,Include,Include,Include
Ohio,OH,Stark County,OHStark County,Include,Include,Include,Include,Include,Include,Include
Ohio,OH,Summit County,OHSummit County,Include,Include,Include,Include,Include,Include,Include
Ohio,OH,Trumbull County,OHTrumbull County,Include,Include,Include,Include,Include,Include,Include
Ohio,OH,Tuscarawas County,OHTuscarawas County,Include,Include,Include,Include,Include,Include,Include
Ohio,OH,Union County,OHUnion County,Include,Include,Include,Include,Include,Include,Include
Ohio,OH,Van Wert County,OHVan Wert County,Include,Include,Include,Include,Include,Include,Include
Ohio,OH,Vinton County,OHVinton County,Include,Include,Include,Include,Include,Include,Include
Ohio,OH,Warren County,OHWarren County,Include,Include,Include,Include,Include,Include,Include
Ohio,OH,Washington County,OHWashington County,Include,Include,Include,Include,Include,Include,Include
Ohio,OH,Wayne County,OHWayne County,Include,Include,Include,Include,Include,Include,Include
Ohio,OH,Williams County,OHWilliams County,Include,Include,Include,Include,Include,Include,Include
Ohio,OH,Wood County,OHWood County,Include,Include,Include,Include,Include,Include,Include
Ohio,OH,Wyandot County,OHWyandot County,Include,Include,Include,Include,Include,Include,Include
Oklahoma,OK,Adair County,OKAdair County,Include,Include,Include,Include,Include,Include,Include
Oklahoma,OK,Alfalfa County,OKAlfalfa County,Include,Include,Include,Include,Include,Include,Include
Oklahoma,OK,Atoka County,OKAtoka County,Include,Include,Include,Include,Include,Include,Include
Oklahoma,OK,Beaver County,OKBeaver County,Include,Include,Include,Include,Include,Include,Include
Oklahoma,OK,Beckham County,OKBeckham County,Include,Include,Include,Include,Include,Include,Include
Oklahoma,OK,Blaine County,OKBlaine County,Include,Include,Include,Include,Include,Include,Include
Oklahoma,OK,Bryan County,OKBryan County,Include,Include,Include,Include,Include,Include,Include
Oklahoma,OK,Caddo County,OKCaddo County,Include,Include,Include,Include,Include,Include,Include
Oklahoma,OK,Canadian County,OKCanadian County,Include,Include,Include,Include,Include,Include,Include
Oklahoma,OK,Carter County,OKCarter County,Include,Include,Include,Include,Include,Include,Include
Oklahoma,OK,Cherokee County,OKCherokee County,Include,Include,Include,Include,Include,Include,Include
Oklahoma,OK,Choctaw County,OKChoctaw County,Include,Include,Include,Include,Include,Include,Include
Oklahoma,OK,Cimarron County,OKCimarron County,Include,Include,Include,Include,Include,Include,Include
Oklahoma,OK,Cleveland County,OKCleveland County,Include,Include,Include,Include,Include,Include,Include
Oklahoma,OK,Coal County,OKCoal County,Include,Include,Include,Include,Include,Include,Include
Oklahoma,OK,Comanche County,OKComanche County,Include,Include,Include,Include,Include,Include,Include
Oklahoma,OK,Cotton County,OKCotton County,Include,Include,Include,Include,Include,Include,Include
Oklahoma,OK,Craig County,OKCraig County,Include,Include,Include,Include,Include,Include,Include
Oklahoma,OK,Creek County,OKCreek County,Include,Include,Include,Include,Include,Include,Include
Oklahoma,OK,Custer County,OKCuster County,Include,Include,Include,Include,Include,Include,Include
Oklahoma,OK,Delaware County,OKDelaware County,Include,Include,Include,Include,Include,Include,Include
Oklahoma,OK,Dewey County,OKDewey County,Include,Include,Include,Include,Include,Include,Include
Oklahoma,OK,Ellis County,OKEllis County,Include,Include,Include,Include,Include,Include,Include
Oklahoma,OK,Garfield County,OKGarfield County,Include,Include,Include,Include,Include,Include,Include
Oklahoma,OK,Garvin County,OKGarvin County,Include,Include,Include,Include,Include,Include,Include
Oklahoma,OK,Grady County,OKGrady County,Include,Include,Include,Include,Include,Include,Include
Oklahoma,OK,Grant County,OKGrant County,Include,Include,Include,Include,Include,Include,Include
Oklahoma,OK,Greer County,OKGreer County,Include,Include,Include,Include,Include,Include,Include
Oklahoma,OK,Harmon County,OKHarmon County,Include,Include,Include,Include,Include,Include,Include
Oklahoma,OK,Harper County,OKHarper County,Include,Include,Include,Include,Include,Include,Include
Oklahoma,OK,Haskell County,OKHaskell County,Include,Include,Include,Include,Include,Include,Include
Oklahoma,OK,Hughes County,OKHughes County,Include,Include,Include,Include,Include,Include,Include
Oklahoma,OK,Jackson County,OKJackson County,Include,Include,Include,Include,Include,Include,Include
Oklahoma,OK,Jefferson County,OKJefferson County,Include,Include,Include,Include,Include,Include,Include
Oklahoma,OK,Johnston County,OKJohnston County,Include,Include,Include,Include,Include,Include,Include
Oklahoma,OK,Kay County,OKKay County,Include,Include,Include,Include,Include,Include,Include
Oklahoma,OK,Kingfisher County,OKKingfisher County,Include,Include,Include,Include,Include,Include,Include
Oklahoma,OK,Kiowa County,OKKiowa County,Include,Include,Include,Include,Include,Include,Include
Oklahoma,OK,Latimer County,OKLatimer County,Include,Include,Include,Include,Include,Include,Include
Oklahoma,OK,Le Flore County,OKLe Flore County,Include,Include,Include,Include,Include,Include,Include
Oklahoma,OK,Lincoln County,OKLincoln County,Include,Include,Include,Include,Include,Include,Include
Oklahoma,OK,Logan County,OKLogan County,Include,Include,Include,Include,Include,Include,Include
Oklahoma,OK,Love County,OKLove County,Include,Include,Include,Include,Include,Include,Include
Oklahoma,OK,Major County,OKMajor County,Include,Include,Include,Include,Include,Include,Include
Oklahoma,OK,Marshall County,OKMarshall County,Include,Include,Include,Include,Include,Include,Include
Oklahoma,OK,MaInclude County,OKMaInclude County,Include,Include,Include,Include,Include,Include,Include
Oklahoma,OK,McClain County,OKMcClain County,Include,Include,Include,Include,Include,Include,Include
Oklahoma,OK,McCurtain County,OKMcCurtain County,Include,Include,Include,Include,Include,Include,Include
Oklahoma,OK,McIntosh County,OKMcIntosh County,Include,Include,Include,Include,Include,Include,Include
Oklahoma,OK,Murray County,OKMurray County,Include,Include,Include,Include,Include,Include,Include
Oklahoma,OK,Muskogee County,OKMuskogee County,Include,Include,Include,Include,Include,Include,Include
Oklahoma,OK,Excludeble County,OKExcludeble County,Include,Include,Include,Include,Include,Include,Include
Oklahoma,OK,Excludewata County,OKExcludewata County,Include,Include,Include,Include,Include,Include,Include
Oklahoma,OK,Okfuskee County,OKOkfuskee County,Include,Include,Include,Include,Include,Include,Include
Oklahoma,OK,Oklahoma County,OKOklahoma County,Include,Include,Include,Include,Include,Include,Include
Oklahoma,OK,Okmulgee County,OKOkmulgee County,Include,Include,Include,Include,Include,Include,Include
Oklahoma,OK,Osage County,OKOsage County,Include,Include,Include,Include,Include,Include,Include
Oklahoma,OK,Ottawa County,OKOttawa County,Include,Include,Include,Include,Include,Include,Include
Oklahoma,OK,Pawnee County,OKPawnee County,Include,Include,Include,Include,Include,Include,Include
Oklahoma,OK,Payne County,OKPayne County,Include,Include,Include,Include,Include,Include,Include
Oklahoma,OK,Pittsburg County,OKPittsburg County,Include,Include,Include,Include,Include,Include,Include
Oklahoma,OK,Pontotoc County,OKPontotoc County,Include,Include,Include,Include,Include,Include,Include
Oklahoma,OK,Pottawatomie County,OKPottawatomie County,Include,Include,Include,Include,Include,Include,Include
Oklahoma,OK,Pushmataha County,OKPushmataha County,Include,Include,Include,Include,Include,Include,Include
Oklahoma,OK,Roger Mills County,OKRoger Mills County,Include,Include,Include,Include,Include,Include,Include
Oklahoma,OK,Rogers County,OKRogers County,Include,Include,Include,Include,Include,Include,Include
Oklahoma,OK,SemiExcludele County,OKSemiExcludele County,Include,Include,Include,Include,Include,Include,Include
Oklahoma,OK,Sequoyah County,OKSequoyah County,Include,Include,Include,Include,Include,Include,Include
Oklahoma,OK,Stephens County,OKStephens County,Include,Include,Include,Include,Include,Include,Include
Oklahoma,OK,Texas County,OKTexas County,Include,Include,Include,Include,Include,Include,Include
Oklahoma,OK,Tillman County,OKTillman County,Include,Include,Include,Include,Include,Include,Include
Oklahoma,OK,Tulsa County,OKTulsa County,Include,Include,Include,Include,Include,Include,Include
Oklahoma,OK,Wagoner County,OKWagoner County,Include,Include,Include,Include,Include,Include,Include
Oklahoma,OK,Washington County,OKWashington County,Include,Include,Include,Include,Include,Include,Include
Oklahoma,OK,Washita County,OKWashita County,Include,Include,Include,Include,Include,Include,Include
Oklahoma,OK,Woods County,OKWoods County,Include,Include,Include,Include,Include,Include,Include
Oklahoma,OK,Woodward County,OKWoodward County,Include,Include,Include,Include,Include,Include,Include
Oregon,OR,Baker County,ORBaker County,Include,Include,Include,Include,Include,Include,Include
Oregon,OR,Benton County,ORBenton County,Include,Include,Include,Include,Include,Include,Include
Oregon,OR,Clackamas County,ORClackamas County,Include,Include,Include,Include,Include,Include,Include
Oregon,OR,Clatsop County,ORClatsop County,Include,Include,Include,Include,Include,Include,Include
Oregon,OR,Columbia County,ORColumbia County,Include,Include,Include,Include,Include,Include,Include
Oregon,OR,Coos County,ORCoos County,Include,Include,Include,Include,Include,Include,Include
Oregon,OR,Crook County,ORCrook County,Include,Include,Include,Include,Include,Include,Include
Oregon,OR,Curry County,ORCurry County,Include,Include,Include,Include,Include,Include,Include
Oregon,OR,Deschutes County,ORDeschutes County,Include,Include,Include,Include,Include,Include,Include
Oregon,OR,Douglas County,ORDouglas County,Include,Include,Include,Include,Include,Include,Include
Oregon,OR,Gilliam County,ORGilliam County,Include,Include,Include,Include,Include,Include,Include
Oregon,OR,Grant County,ORGrant County,Include,Include,Include,Include,Include,Include,Include
Oregon,OR,Harney County,ORHarney County,Include,Include,Include,Include,Include,Include,Include
Oregon,OR,Hood River County,ORHood River County,Include,Include,Include,Include,Include,Include,Include
Oregon,OR,Jackson County,ORJackson County,Include,Include,Include,Include,Include,Include,Include
Oregon,OR,Jefferson County,ORJefferson County,Include,Include,Include,Include,Include,Include,Include
Oregon,OR,Josephine County,ORJosephine County,Include,Include,Include,Include,Include,Include,Include
Oregon,OR,Klamath County,ORKlamath County,Include,Include,Include,Include,Include,Include,Include
Oregon,OR,Lake County,ORLake County,Include,Include,Include,Include,Include,Include,Include
Oregon,OR,Lane County,ORLane County,Include,Include,Include,Include,Include,Include,Include
Oregon,OR,Lincoln County,ORLincoln County,Include,Include,Include,Include,Include,Include,Include
Oregon,OR,Linn County,ORLinn County,Include,Include,Include,Include,Include,Include,Include
Oregon,OR,Malheur County,ORMalheur County,Include,Include,Include,Include,Include,Include,Include
Oregon,OR,Marion County,ORMarion County,Include,Include,Include,Include,Include,Include,Include
Oregon,OR,Morrow County,ORMorrow County,Include,Include,Include,Include,Include,Include,Include
Oregon,OR,MultExcludemah County,ORMultExcludemah County,Include,Include,Include,Include,Include,Include,Include
Oregon,OR,Polk County,ORPolk County,Include,Include,Include,Include,Include,Include,Include
Oregon,OR,Sherman County,ORSherman County,Include,Include,Include,Include,Include,Include,Include
Oregon,OR,Tillamook County,ORTillamook County,Include,Include,Include,Include,Include,Include,Include
Oregon,OR,Umatilla County,ORUmatilla County,Include,Include,Include,Include,Include,Include,Include
Oregon,OR,Union County,ORUnion County,Include,Include,Include,Include,Include,Include,Include
Oregon,OR,Wallowa County,ORWallowa County,Include,Include,Include,Include,Include,Include,Include
Oregon,OR,Wasco County,ORWasco County,Include,Include,Include,Include,Include,Include,Include
Oregon,OR,Washington County,ORWashington County,Include,Include,Include,Include,Include,Include,Include
Oregon,OR,Wheeler County,ORWheeler County,Include,Include,Include,Include,Include,Include,Include
Oregon,OR,Yamhill County,ORYamhill County,Include,Include,Include,Include,Include,Include,Include
Pennsylvania,PA,Adams County,PAAdams County,Include,Include,Include,Include,Include,Include,Include
Pennsylvania,PA,Allegheny County,PAAllegheny County,Include,Include,Include,Include,Include,Include,Include
Pennsylvania,PA,Armstrong County,PAArmstrong County,Include,Include,Include,Include,Include,Include,Include
Pennsylvania,PA,Beaver County,PABeaver County,Include,Include,Include,Include,Include,Include,Include
Pennsylvania,PA,Bedford County,PABedford County,Include,Include,Include,Include,Include,Include,Include
Pennsylvania,PA,Berks County,PABerks County,Include,Include,Include,Include,Include,Include,Include
Pennsylvania,PA,Blair County,PABlair County,Include,Include,Include,Include,Include,Include,Include
Pennsylvania,PA,Bradford County,PABradford County,Include,Include,Include,Include,Include,Include,Include
Pennsylvania,PA,Bucks County,PABucks County,Include,Include,Include,Include,Include,Include,Include
Pennsylvania,PA,Butler County,PAButler County,Include,Include,Include,Include,Include,Include,Include
Pennsylvania,PA,Cambria County,PACambria County,Include,Include,Include,Include,Include,Include,Include
Pennsylvania,PA,Cameron County,PACameron County,Include,Include,Include,Include,Include,Include,Include
Pennsylvania,PA,Carbon County,PACarbon County,Include,Include,Include,Include,Include,Include,Include
Pennsylvania,PA,Centre County,PACentre County,Include,Include,Include,Include,Include,Include,Include
Pennsylvania,PA,Chester County,PAChester County,Include,Include,Include,Include,Include,Include,Include
Pennsylvania,PA,Clarion County,PAClarion County,Include,Include,Include,Include,Include,Include,Include
Pennsylvania,PA,Clearfield County,PAClearfield County,Include,Include,Include,Include,Include,Include,Include
Pennsylvania,PA,Clinton County,PAClinton County,Include,Include,Include,Include,Include,Include,Include
Pennsylvania,PA,Columbia County,PAColumbia County,Include,Include,Include,Include,Include,Include,Include
Pennsylvania,PA,Crawford County,PACrawford County,Include,Include,Include,Include,Include,Include,Include
Pennsylvania,PA,Cumberland County,PACumberland County,Include,Include,Include,Include,Include,Include,Include
Pennsylvania,PA,Dauphin County,PADauphin County,Include,Include,Include,Include,Include,Include,Include
Pennsylvania,PA,Delaware County,PADelaware County,Include,Include,Include,Include,Include,Include,Include
Pennsylvania,PA,Elk County,PAElk County,Include,Include,Include,Include,Include,Include,Include
Pennsylvania,PA,Erie County,PAErie County,Include,Include,Include,Include,Include,Include,Include
Pennsylvania,PA,Fayette County,PAFayette County,Include,Include,Include,Include,Include,Include,Include
Pennsylvania,PA,Forest County,PAForest County,Include,Include,Include,Include,Include,Include,Include
Pennsylvania,PA,Franklin County,PAFranklin County,Include,Include,Include,Include,Include,Include,Include
Pennsylvania,PA,Fulton County,PAFulton County,Include,Include,Include,Include,Include,Include,Include
Pennsylvania,PA,Greene County,PAGreene County,Include,Include,Include,Include,Include,Include,Include
Pennsylvania,PA,Huntingdon County,PAHuntingdon County,Include,Include,Include,Include,Include,Include,Include
Pennsylvania,PA,Indiana County,PAIndiana County,Include,Include,Include,Include,Include,Include,Include
Pennsylvania,PA,Jefferson County,PAJefferson County,Include,Include,Include,Include,Include,Include,Include
Pennsylvania,PA,Juniata County,PAJuniata County,Include,Include,Include,Include,Include,Include,Include
Pennsylvania,PA,Lackawanna County,PALackawanna County,Include,Include,Include,Include,Include,Include,Include
Pennsylvania,PA,Lancaster County,PALancaster County,Include,Include,Include,Include,Include,Include,Include
Pennsylvania,PA,Lawrence County,PALawrence County,Include,Include,Include,Include,Include,Include,Include
Pennsylvania,PA,LebaExcluden County,PALebaExcluden County,Include,Include,Include,Include,Include,Include,Include
Pennsylvania,PA,Lehigh County,PALehigh County,Include,Include,Include,Include,Include,Include,Include
Pennsylvania,PA,Luzerne County,PALuzerne County,Include,Include,Include,Include,Include,Include,Include
Pennsylvania,PA,Lycoming County,PALycoming County,Include,Include,Include,Include,Include,Include,Include
Pennsylvania,PA,McKean County,PAMcKean County,Include,Include,Include,Include,Include,Include,Include
Pennsylvania,PA,Mercer County,PAMercer County,Include,Include,Include,Include,Include,Include,Include
Pennsylvania,PA,Mifflin County,PAMifflin County,Include,Include,Include,Include,Include,Include,Include
Pennsylvania,PA,Monroe County,PAMonroe County,Include,Include,Include,Include,Include,Include,Include
Pennsylvania,PA,Montgomery County,PAMontgomery County,Include,Include,Include,Include,Include,Include,Include
Pennsylvania,PA,Montour County,PAMontour County,Include,Include,Include,Include,Include,Include,Include
Pennsylvania,PA,Excluderthampton County,PAExcluderthampton County,Include,Include,Include,Include,Include,Include,Include
Pennsylvania,PA,Excluderthumberland County,PAExcluderthumberland County,Include,Include,Include,Include,Include,Include,Include
Pennsylvania,PA,Perry County,PAPerry County,Include,Include,Include,Include,Include,Include,Include
Pennsylvania,PA,Philadelphia County,PAPhiladelphia County,Include,Include,Include,Include,Include,Include,Include
Pennsylvania,PA,Pike County,PAPike County,Include,Include,Include,Include,Include,Include,Include
Pennsylvania,PA,Potter County,PAPotter County,Include,Include,Include,Include,Include,Include,Include
Pennsylvania,PA,Schuylkill County,PASchuylkill County,Include,Include,Include,Include,Include,Include,Include
Pennsylvania,PA,Snyder County,PASnyder County,Include,Include,Include,Include,Include,Include,Include
Pennsylvania,PA,Somerset County,PASomerset County,Include,Include,Include,Include,Include,Include,Include
Pennsylvania,PA,Sullivan County,PASullivan County,Include,Include,Include,Include,Include,Include,Include
Pennsylvania,PA,Susquehanna County,PASusquehanna County,Include,Include,Include,Include,Include,Include,Include
Pennsylvania,PA,Tioga County,PATioga County,Include,Include,Include,Include,Include,Include,Include
Pennsylvania,PA,Union County,PAUnion County,Include,Include,Include,Include,Include,Include,Include
Pennsylvania,PA,Venango County,PAVenango County,Include,Include,Include,Include,Include,Include,Include
Pennsylvania,PA,Warren County,PAWarren County,Include,Include,Include,Include,Include,Include,Include
Pennsylvania,PA,Washington County,PAWashington County,Include,Include,Include,Include,Include,Include,Include
Pennsylvania,PA,Wayne County,PAWayne County,Include,Include,Include,Include,Include,Include,Include
Pennsylvania,PA,Westmoreland County,PAWestmoreland County,Include,Include,Include,Include,Include,Include,Include
Pennsylvania,PA,Wyoming County,PAWyoming County,Include,Include,Include,Include,Include,Include,Include
Pennsylvania,PA,York County,PAYork County,Include,Include,Include,Include,Include,Include,Include
Rhode Island,RI,Bristol County,RIBristol County,Include,Include,Include,Include,Include,Include,Include
Rhode Island,RI,Kent County,RIKent County,Include,Include,Include,Include,Include,Include,Include
Rhode Island,RI,Newport County,RINewport County,Include,Include,Include,Include,Include,Include,Include
Rhode Island,RI,Providence County,RIProvidence County,Include,Include,Include,Include,Include,Include,Include
Rhode Island,RI,Washington County,RIWashington County,Include,Include,Include,Include,Include,Include,Include
South Carolina,SC,Abbeville County,SCAbbeville County,Include,Include,Include,Include,Include,Include,Include
South Carolina,SC,Aiken County,SCAiken County,Include,Include,Include,Include,Include,Include,Include
South Carolina,SC,Allendale County,SCAllendale County,Include,Include,Include,Include,Include,Include,Include
South Carolina,SC,Anderson County,SCAnderson County,Include,Include,Include,Include,Include,Include,Include
South Carolina,SC,Bamberg County,SCBamberg County,Include,Include,Include,Include,Include,Include,Include
South Carolina,SC,Barnwell County,SCBarnwell County,Include,Include,Include,Include,Include,Include,Include
South Carolina,SC,Beaufort County,SCBeaufort County,Include,Include,Include,Include,Include,Include,Include
South Carolina,SC,Berkeley County,SCBerkeley County,Include,Include,Include,Include,Include,Include,Include
South Carolina,SC,Calhoun County,SCCalhoun County,Include,Include,Include,Include,Include,Include,Include
South Carolina,SC,Charleston County,SCCharleston County,Include,Include,Include,Include,Include,Include,Include
South Carolina,SC,Cherokee County,SCCherokee County,Include,Include,Include,Include,Include,Include,Include
South Carolina,SC,Chester County,SCChester County,Include,Include,Include,Include,Include,Include,Include
South Carolina,SC,Chesterfield County,SCChesterfield County,Include,Include,Include,Include,Include,Include,Include
South Carolina,SC,Clarendon County,SCClarendon County,Include,Include,Include,Include,Include,Include,Include
South Carolina,SC,Colleton County,SCColleton County,Include,Include,Include,Include,Include,Include,Include
South Carolina,SC,Darlington County,SCDarlington County,Include,Include,Include,Include,Include,Include,Include
South Carolina,SC,Dillon County,SCDillon County,Include,Include,Include,Include,Include,Include,Include
South Carolina,SC,Dorchester County,SCDorchester County,Include,Include,Include,Include,Include,Include,Include
South Carolina,SC,Edgefield County,SCEdgefield County,Include,Include,Include,Include,Include,Include,Include
South Carolina,SC,Fairfield County,SCFairfield County,Include,Include,Include,Include,Include,Include,Include
South Carolina,SC,Florence County,SCFlorence County,Include,Include,Include,Include,Include,Include,Include
South Carolina,SC,Georgetown County,SCGeorgetown County,Include,Include,Include,Include,Include,Include,Include
South Carolina,SC,Greenville County,SCGreenville County,Include,Include,Include,Include,Include,Include,Include
South Carolina,SC,Greenwood County,SCGreenwood County,Include,Include,Include,Include,Include,Include,Include
South Carolina,SC,Hampton County,SCHampton County,Include,Include,Include,Include,Include,Include,Include
South Carolina,SC,Horry County,SCHorry County,Include,Include,Include,Include,Include,Include,Include
South Carolina,SC,Jasper County,SCJasper County,Include,Include,Include,Include,Include,Include,Include
South Carolina,SC,Kershaw County,SCKershaw County,Include,Include,Include,Include,Include,Include,Include
South Carolina,SC,Lancaster County,SCLancaster County,Include,Include,Include,Include,Include,Include,Include
South Carolina,SC,Laurens County,SCLaurens County,Include,Include,Include,Include,Include,Include,Include
South Carolina,SC,Lee County,SCLee County,Include,Include,Include,Include,Include,Include,Include
South Carolina,SC,Lexington County,SCLexington County,Include,Include,Include,Include,Include,Include,Include
South Carolina,SC,Marion County,SCMarion County,Include,Include,Include,Include,Include,Include,Include
South Carolina,SC,Marlboro County,SCMarlboro County,Include,Include,Include,Include,Include,Include,Include
South Carolina,SC,McCormick County,SCMcCormick County,Include,Include,Include,Include,Include,Include,Include
South Carolina,SC,Newberry County,SCNewberry County,Include,Include,Include,Include,Include,Include,Include
South Carolina,SC,Oconee County,SCOconee County,Include,Include,Include,Include,Include,Include,Include
South Carolina,SC,Orangeburg County,SCOrangeburg County,Include,Include,Include,Include,Include,Include,Include
South Carolina,SC,Pickens County,SCPickens County,Include,Include,Include,Include,Include,Include,Include
South Carolina,SC,Richland County,SCRichland County,Include,Include,Include,Include,Include,Include,Include
South Carolina,SC,Saluda County,SCSaluda County,Include,Include,Include,Include,Include,Include,Include
South Carolina,SC,Spartanburg County,SCSpartanburg County,Include,Include,Include,Include,Include,Include,Include
South Carolina,SC,Sumter County,SCSumter County,Include,Include,Include,Include,Include,Include,Include
South Carolina,SC,Union County,SCUnion County,Include,Include,Include,Include,Include,Include,Include
South Carolina,SC,Williamsburg County,SCWilliamsburg County,Include,Include,Include,Include,Include,Include,Include
South Carolina,SC,York County,SCYork County,Include,Include,Include,Include,Include,Include,Include
South Dakota,SD,Aurora County,SDAurora County,Include,Include,Include,Include,Include,Include,Include
South Dakota,SD,Beadle County,SDBeadle County,Include,Include,Include,Include,Include,Include,Include
South Dakota,SD,Bennett County,SDBennett County,Include,Include,Include,Include,Include,Include,Include
South Dakota,SD,Bon Homme County,SDBon Homme County,Include,Include,Include,Include,Include,Include,Include
South Dakota,SD,Brookings County,SDBrookings County,Include,Include,Include,Include,Include,Include,Include
South Dakota,SD,Brown County,SDBrown County,Include,Include,Include,Include,Include,Include,Include
South Dakota,SD,Brule County,SDBrule County,Include,Include,Include,Include,Include,Include,Include
South Dakota,SD,Buffalo County,SDBuffalo County,Include,Include,Include,Include,Include,Include,Include
South Dakota,SD,Butte County,SDButte County,Include,Include,Include,Include,Include,Include,Include
South Dakota,SD,Campbell County,SDCampbell County,Include,Include,Include,Include,Include,Include,Include
South Dakota,SD,Charles Mix County,SDCharles Mix County,Include,Include,Include,Include,Include,Include,Include
South Dakota,SD,Clark County,SDClark County,Include,Include,Include,Include,Include,Include,Include
South Dakota,SD,Clay County,SDClay County,Include,Include,Include,Include,Include,Include,Include
South Dakota,SD,Codington County,SDCodington County,Include,Include,Include,Include,Include,Include,Include
South Dakota,SD,Corson County,SDCorson County,Include,Include,Include,Include,Include,Include,Include
South Dakota,SD,Custer County,SDCuster County,Include,Include,Include,Include,Include,Include,Include
South Dakota,SD,Davison County,SDDavison County,Include,Include,Include,Include,Include,Include,Include
South Dakota,SD,Day County,SDDay County,Include,Include,Include,Include,Include,Include,Include
South Dakota,SD,Deuel County,SDDeuel County,Include,Include,Include,Include,Include,Include,Include
South Dakota,SD,Dewey County,SDDewey County,Include,Include,Include,Include,Include,Include,Include
South Dakota,SD,Douglas County,SDDouglas County,Include,Include,Include,Include,Include,Include,Include
South Dakota,SD,Edmunds County,SDEdmunds County,Include,Include,Include,Include,Include,Include,Include
South Dakota,SD,Fall River County,SDFall River County,Include,Include,Include,Include,Include,Include,Include
South Dakota,SD,Faulk County,SDFaulk County,Include,Include,Include,Include,Include,Include,Include
South Dakota,SD,Grant County,SDGrant County,Include,Include,Include,Include,Include,Include,Include
South Dakota,SD,Gregory County,SDGregory County,Include,Include,Include,Include,Include,Include,Include
South Dakota,SD,Haakon County,SDHaakon County,Include,Include,Include,Include,Include,Include,Include
South Dakota,SD,Hamlin County,SDHamlin County,Include,Include,Include,Include,Include,Include,Include
South Dakota,SD,Hand County,SDHand County,Include,Include,Include,Include,Include,Include,Include
South Dakota,SD,Hanson County,SDHanson County,Include,Include,Include,Include,Include,Include,Include
South Dakota,SD,Harding County,SDHarding County,Include,Include,Include,Include,Include,Include,Include
South Dakota,SD,Hughes County,SDHughes County,Include,Include,Include,Include,Include,Include,Include
South Dakota,SD,Hutchinson County,SDHutchinson County,Include,Include,Include,Include,Include,Include,Include
South Dakota,SD,Hyde County,SDHyde County,Include,Include,Include,Include,Include,Include,Include
South Dakota,SD,Jackson County,SDJackson County,Include,Include,Include,Include,Include,Include,Include
South Dakota,SD,Jerauld County,SDJerauld County,Include,Include,Include,Include,Include,Include,Include
South Dakota,SD,Jones County,SDJones County,Include,Include,Include,Include,Include,Include,Include
South Dakota,SD,Kingsbury County,SDKingsbury County,Include,Include,Include,Include,Include,Include,Include
South Dakota,SD,Lake County,SDLake County,Include,Include,Include,Include,Include,Include,Include
South Dakota,SD,Lawrence County,SDLawrence County,Include,Include,Include,Include,Include,Include,Include
South Dakota,SD,Lincoln County,SDLincoln County,Include,Include,Include,Include,Include,Include,Include
South Dakota,SD,Lyman County,SDLyman County,Include,Include,Include,Include,Include,Include,Include
South Dakota,SD,Marshall County,SDMarshall County,Include,Include,Include,Include,Include,Include,Include
South Dakota,SD,McCook County,SDMcCook County,Include,Include,Include,Include,Include,Include,Include
South Dakota,SD,McPherson County,SDMcPherson County,Include,Include,Include,Include,Include,Include,Include
South Dakota,SD,Meade County,SDMeade County,Include,Include,Include,Include,Include,Include,Include
South Dakota,SD,Mellette County,SDMellette County,Include,Include,Include,Include,Include,Include,Include
South Dakota,SD,Miner County,SDMiner County,Include,Include,Include,Include,Include,Include,Include
South Dakota,SD,Minnehaha County,SDMinnehaha County,Include,Include,Include,Include,Include,Include,Include
South Dakota,SD,Moody County,SDMoody County,Include,Include,Include,Include,Include,Include,Include
South Dakota,SD,Pennington County,SDPennington County,Include,Include,Include,Include,Include,Include,Include
South Dakota,SD,Perkins County,SDPerkins County,Include,Include,Include,Include,Include,Include,Include
South Dakota,SD,Potter County,SDPotter County,Include,Include,Include,Include,Include,Include,Include
South Dakota,SD,Roberts County,SDRoberts County,Include,Include,Include,Include,Include,Include,Include
South Dakota,SD,Sanborn County,SDSanborn County,Include,Include,Include,Include,Include,Include,Include
South Dakota,SD,ShanExcluden County,SDShanExcluden County,Include,Include,Include,Include,Include,Include,Include
South Dakota,SD,Spink County,SDSpink County,Include,Include,Include,Include,Include,Include,Include
South Dakota,SD,Stanley County,SDStanley County,Include,Include,Include,Include,Include,Include,Include
South Dakota,SD,Sully County,SDSully County,Include,Include,Include,Include,Include,Include,Include
South Dakota,SD,Todd County,SDTodd County,Include,Include,Include,Include,Include,Include,Include
South Dakota,SD,Tripp County,SDTripp County,Include,Include,Include,Include,Include,Include,Include
South Dakota,SD,Turner County,SDTurner County,Include,Include,Include,Include,Include,Include,Include
South Dakota,SD,Union County,SDUnion County,Include,Include,Include,Include,Include,Include,Include
South Dakota,SD,Walworth County,SDWalworth County,Include,Include,Include,Include,Include,Include,Include
South Dakota,SD,Yankton County,SDYankton County,Include,Include,Include,Include,Include,Include,Include
South Dakota,SD,Ziebach County,SDZiebach County,Include,Include,Include,Include,Include,Include,Include
Tennessee,TN,Anderson County,TNAnderson County,Include,Include,Include,Include,Include,Include,Include
Tennessee,TN,Bedford County,TNBedford County,Include,Include,Include,Include,Include,Include,Include
Tennessee,TN,Benton County,TNBenton County,Include,Include,Include,Include,Include,Include,Include
Tennessee,TN,Bledsoe County,TNBledsoe County,Include,Include,Include,Include,Include,Include,Include
Tennessee,TN,Blount County,TNBlount County,Include,Include,Include,Include,Include,Include,Include
Tennessee,TN,Bradley County,TNBradley County,Include,Include,Include,Include,Include,Include,Include
Tennessee,TN,Campbell County,TNCampbell County,Include,Include,Include,Include,Include,Include,Include
Tennessee,TN,CanExcluden County,TNCanExcluden County,Include,Include,Include,Include,Include,Include,Include
Tennessee,TN,Carroll County,TNCarroll County,Include,Include,Include,Include,Include,Include,Include
Tennessee,TN,Carter County,TNCarter County,Include,Include,Include,Include,Include,Include,Include
Tennessee,TN,Cheatham County,TNCheatham County,Include,Include,Include,Include,Include,Include,Include
Tennessee,TN,Chester County,TNChester County,Include,Include,Include,Include,Include,Include,Include
Tennessee,TN,Claiborne County,TNClaiborne County,Include,Include,Include,Include,Include,Include,Include
Tennessee,TN,Clay County,TNClay County,Include,Include,Include,Include,Include,Include,Include
Tennessee,TN,Cocke County,TNCocke County,Include,Include,Include,Include,Include,Include,Include
Tennessee,TN,Coffee County,TNCoffee County,Include,Include,Include,Include,Include,Include,Include
Tennessee,TN,Crockett County,TNCrockett County,Include,Include,Include,Include,Include,Include,Include
Tennessee,TN,Cumberland County,TNCumberland County,Include,Include,Include,Include,Include,Include,Include
Tennessee,TN,Davidson County,TNDavidson County,Include,Include,Include,Include,Include,Include,Include
Tennessee,TN,Decatur County,TNDecatur County,Include,Include,Include,Include,Include,Include,Include
Tennessee,TN,DeKalb County,TNDeKalb County,Include,Include,Include,Include,Include,Include,Include
Tennessee,TN,Dickson County,TNDickson County,Include,Include,Include,Include,Include,Include,Include
Tennessee,TN,Dyer County,TNDyer County,Include,Include,Include,Include,Include,Include,Include
Tennessee,TN,Fayette County,TNFayette County,Include,Include,Include,Include,Include,Include,Include
Tennessee,TN,Fentress County,TNFentress County,Include,Include,Include,Include,Include,Include,Include
Tennessee,TN,Franklin County,TNFranklin County,Include,Include,Include,Include,Include,Include,Include
Tennessee,TN,Gibson County,TNGibson County,Include,Include,Include,Include,Include,Include,Include
Tennessee,TN,Giles County,TNGiles County,Include,Include,Include,Include,Include,Include,Include
Tennessee,TN,Grainger County,TNGrainger County,Include,Include,Include,Include,Include,Include,Include
Tennessee,TN,Greene County,TNGreene County,Include,Include,Include,Include,Include,Include,Include
Tennessee,TN,Grundy County,TNGrundy County,Include,Include,Include,Include,Include,Include,Include
Tennessee,TN,Hamblen County,TNHamblen County,Include,Include,Include,Include,Include,Include,Include
Tennessee,TN,Hamilton County,TNHamilton County,Include,Include,Include,Include,Include,Include,Include
Tennessee,TN,Hancock County,TNHancock County,Include,Include,Include,Include,Include,Include,Include
Tennessee,TN,Hardeman County,TNHardeman County,Include,Include,Include,Include,Include,Include,Include
Tennessee,TN,Hardin County,TNHardin County,Include,Include,Include,Include,Include,Include,Include
Tennessee,TN,Hawkins County,TNHawkins County,Include,Include,Include,Include,Include,Include,Include
Tennessee,TN,Haywood County,TNHaywood County,Include,Include,Include,Include,Include,Include,Include
Tennessee,TN,Henderson County,TNHenderson County,Include,Include,Include,Include,Include,Include,Include
Tennessee,TN,Henry County,TNHenry County,Include,Include,Include,Include,Include,Include,Include
Tennessee,TN,Hickman County,TNHickman County,Include,Include,Include,Include,Include,Include,Include
Tennessee,TN,Houston County,TNHouston County,Include,Include,Include,Include,Include,Include,Include
Tennessee,TN,Humphreys County,TNHumphreys County,Include,Include,Include,Include,Include,Include,Include
Tennessee,TN,Jackson County,TNJackson County,Include,Include,Include,Include,Include,Include,Include
Tennessee,TN,Jefferson County,TNJefferson County,Include,Include,Include,Include,Include,Include,Include
Tennessee,TN,Johnson County,TNJohnson County,Include,Include,Include,Include,Include,Include,Include
Tennessee,TN,KExcludex County,TNKExcludex County,Include,Include,Include,Include,Include,Include,Include
Tennessee,TN,Lake County,TNLake County,Include,Include,Include,Include,Include,Include,Include
Tennessee,TN,Lauderdale County,TNLauderdale County,Include,Include,Include,Include,Include,Include,Include
Tennessee,TN,Lawrence County,TNLawrence County,Include,Include,Include,Include,Include,Include,Include
Tennessee,TN,Lewis County,TNLewis County,Include,Include,Include,Include,Include,Include,Include
Tennessee,TN,Lincoln County,TNLincoln County,Include,Include,Include,Include,Include,Include,Include
Tennessee,TN,Loudon County,TNLoudon County,Include,Include,Include,Include,Include,Include,Include
Tennessee,TN,Macon County,TNMacon County,Include,Include,Include,Include,Include,Include,Include
Tennessee,TN,Madison County,TNMadison County,Include,Include,Include,Include,Include,Include,Include
Tennessee,TN,Marion County,TNMarion County,Include,Include,Include,Include,Include,Include,Include
Tennessee,TN,Marshall County,TNMarshall County,Include,Include,Include,Include,Include,Include,Include
Tennessee,TN,Maury County,TNMaury County,Include,Include,Include,Include,Include,Include,Include
Tennessee,TN,McMinn County,TNMcMinn County,Include,Include,Include,Include,Include,Include,Include
Tennessee,TN,McNairy County,TNMcNairy County,Include,Include,Include,Include,Include,Include,Include
Tennessee,TN,Meigs County,TNMeigs County,Include,Include,Include,Include,Include,Include,Include
Tennessee,TN,Monroe County,TNMonroe County,Include,Include,Include,Include,Include,Include,Include
Tennessee,TN,Montgomery County,TNMontgomery County,Include,Include,Include,Include,Include,Include,Include
Tennessee,TN,Moore County,TNMoore County,Include,Include,Include,Include,Include,Include,Include
Tennessee,TN,Morgan County,TNMorgan County,Include,Include,Include,Include,Include,Include,Include
Tennessee,TN,Obion County,TExcludebion County,Include,Include,Include,Include,Include,Include,Include
Tennessee,TN,Overton County,TExcludeverton County,Include,Include,Include,Include,Include,Include,Include
Tennessee,TN,Perry County,TNPerry County,Include,Include,Include,Include,Include,Include,Include
Tennessee,TN,Pickett County,TNPickett County,Include,Include,Include,Include,Include,Include,Include
Tennessee,TN,Polk County,TNPolk County,Include,Include,Include,Include,Include,Include,Include
Tennessee,TN,Putnam County,TNPutnam County,Include,Include,Include,Include,Include,Include,Include
Tennessee,TN,Rhea County,TNRhea County,Include,Include,Include,Include,Include,Include,Include
Tennessee,TN,Roane County,TNRoane County,Include,Include,Include,Include,Include,Include,Include
Tennessee,TN,Robertson County,TNRobertson County,Include,Include,Include,Include,Include,Include,Include
Tennessee,TN,Rutherford County,TNRutherford County,Include,Include,Include,Include,Include,Include,Include
Tennessee,TN,Scott County,TNScott County,Include,Include,Include,Include,Include,Include,Include
Tennessee,TN,Sequatchie County,TNSequatchie County,Include,Include,Include,Include,Include,Include,Include
Tennessee,TN,Sevier County,TNSevier County,Include,Include,Include,Include,Include,Include,Include
Tennessee,TN,Shelby County,TNShelby County,Include,Include,Include,Include,Include,Include,Include
Tennessee,TN,Smith County,TNSmith County,Include,Include,Include,Include,Include,Include,Include
Tennessee,TN,Stewart County,TNStewart County,Include,Include,Include,Include,Include,Include,Include
Tennessee,TN,Sullivan County,TNSullivan County,Include,Include,Include,Include,Include,Include,Include
Tennessee,TN,Sumner County,TNSumner County,Include,Include,Include,Include,Include,Include,Include
Tennessee,TN,Tipton County,TNTipton County,Include,Include,Include,Include,Include,Include,Include
Tennessee,TN,Trousdale County,TNTrousdale County,Include,Include,Include,Include,Include,Include,Include
Tennessee,TN,Unicoi County,TNUnicoi County,Include,Include,Include,Include,Include,Include,Include
Tennessee,TN,Union County,TNUnion County,Include,Include,Include,Include,Include,Include,Include
Tennessee,TN,Van Buren County,TNVan Buren County,Include,Include,Include,Include,Include,Include,Include
Tennessee,TN,Warren County,TNWarren County,Include,Include,Include,Include,Include,Include,Include
Tennessee,TN,Washington County,TNWashington County,Include,Include,Include,Include,Include,Include,Include
Tennessee,TN,Wayne County,TNWayne County,Include,Include,Include,Include,Include,Include,Include
Tennessee,TN,Weakley County,TNWeakley County,Include,Include,Include,Include,Include,Include,Include
Tennessee,TN,White County,TNWhite County,Include,Include,Include,Include,Include,Include,Include
Tennessee,TN,Williamson County,TNWilliamson County,Include,Include,Include,Include,Include,Include,Include
Tennessee,TN,Wilson County,TNWilson County,Include,Include,Include,Include,Include,Include,Include
Texas,TX,Anderson County,TXAnderson County,Include,Include,Include,Include,Include,Include,Include
Texas,TX,Andrews County,TXAndrews County,Include,Include,Include,Include,Include,Include,Include
Texas,TX,Angelina County,TXAngelina County,Include,Include,Include,Include,Include,Include,Include
Texas,TX,Aransas County,TXAransas County,Include,Include,Include,Include,Include,Include,Include
Texas,TX,Archer County,TXArcher County,Include,Include,Include,Include,Include,Include,Include
Texas,TX,Armstrong County,TXArmstrong County,Include,Include,Include,Include,Include,Include,Include
Texas,TX,Atascosa County,TXAtascosa County,Include,Include,Include,Include,Include,Include,Include
Texas,TX,Austin County,TXAustin County,Include,Include,Include,Include,Include,Include,Include
Texas,TX,Bailey County,TXBailey County,Include,Include,Include,Include,Include,Include,Include
Texas,TX,Bandera County,TXBandera County,Include,Include,Include,Include,Include,Include,Include
Texas,TX,Bastrop County,TXBastrop County,Include,Include,Include,Include,Include,Include,Include
Texas,TX,Baylor County,TXBaylor County,Include,Include,Include,Include,Include,Include,Include
Texas,TX,Bee County,TXBee County,Include,Include,Include,Include,Include,Include,Include
Texas,TX,Bell County,TXBell County,Include,Include,Include,Include,Include,Include,Include
Texas,TX,Bexar County,TXBexar County,Include,Include,Include,Include,Include,Include,Include
Texas,TX,Blanco County,TXBlanco County,Include,Include,Include,Include,Include,Include,Include
Texas,TX,Borden County,TXBorden County,Include,Include,Include,Include,Include,Include,Include
Texas,TX,Bosque County,TXBosque County,Include,Include,Include,Include,Include,Include,Include
Texas,TX,Bowie County,TXBowie County,Include,Include,Include,Include,Include,Include,Include
Texas,TX,Brazoria County,TXBrazoria County,Include,Include,Include,Include,Include,Include,Include
Texas,TX,Brazos County,TXBrazos County,Include,Include,Include,Include,Include,Include,Include
Texas,TX,Brewster County,TXBrewster County,Include,Include,Include,Include,Include,Include,Include
Texas,TX,Briscoe County,TXBriscoe County,Include,Include,Include,Include,Include,Include,Include
Texas,TX,Brooks County,TXBrooks County,Include,Include,Include,Include,Include,Include,Include
Texas,TX,Brown County,TXBrown County,Include,Include,Include,Include,Include,Include,Include
Texas,TX,Burleson County,TXBurleson County,Include,Include,Include,Include,Include,Include,Include
Texas,TX,Burnet County,TXBurnet County,Include,Include,Include,Include,Include,Include,Include
Texas,TX,Caldwell County,TXCaldwell County,Include,Include,Include,Include,Include,Include,Include
Texas,TX,Calhoun County,TXCalhoun County,Include,Include,Include,Include,Include,Include,Include
Texas,TX,Callahan County,TXCallahan County,Include,Include,Include,Include,Include,Include,Include
Texas,TX,Cameron County,TXCameron County,Include,Include,Include,Include,Include,Include,Include
Texas,TX,Camp County,TXCamp County,Include,Include,Include,Include,Include,Include,Include
Texas,TX,Carson County,TXCarson County,Include,Include,Include,Include,Include,Include,Include
Texas,TX,Cass County,TXCass County,Include,Include,Include,Include,Include,Include,Include
Texas,TX,Castro County,TXCastro County,Include,Include,Include,Include,Include,Include,Include
Texas,TX,Chambers County,TXChambers County,Include,Include,Include,Include,Include,Include,Include
Texas,TX,Cherokee County,TXCherokee County,Include,Include,Include,Include,Include,Include,Include
Texas,TX,Childress County,TXChildress County,Include,Include,Include,Include,Include,Include,Include
Texas,TX,Clay County,TXClay County,Include,Include,Include,Include,Include,Include,Include
Texas,TX,Cochran County,TXCochran County,Include,Include,Include,Include,Include,Include,Include
Texas,TX,Coke County,TXCoke County,Include,Include,Include,Include,Include,Include,Include
Texas,TX,Coleman County,TXColeman County,Include,Include,Include,Include,Include,Include,Include
Texas,TX,Collin County,TXCollin County,Include,Include,Include,Include,Include,Include,Include
Texas,TX,Collingsworth County,TXCollingsworth County,Include,Include,Include,Include,Include,Include,Include
Texas,TX,Colorado County,TXColorado County,Include,Include,Include,Include,Include,Include,Include
Texas,TX,Comal County,TXComal County,Include,Include,Include,Include,Include,Include,Include
Texas,TX,Comanche County,TXComanche County,Include,Include,Include,Include,Include,Include,Include
Texas,TX,Concho County,TXConcho County,Include,Include,Include,Include,Include,Include,Include
Texas,TX,Cooke County,TXCooke County,Include,Include,Include,Include,Include,Include,Include
Texas,TX,Coryell County,TXCoryell County,Include,Include,Include,Include,Include,Include,Include
Texas,TX,Cottle County,TXCottle County,Include,Include,Include,Include,Include,Include,Include
Texas,TX,Crane County,TXCrane County,Include,Include,Include,Include,Include,Include,Include
Texas,TX,Crockett County,TXCrockett County,Include,Include,Include,Include,Include,Include,Include
Texas,TX,Crosby County,TXCrosby County,Include,Include,Include,Include,Include,Include,Include
Texas,TX,Culberson County,TXCulberson County,Include,Include,Include,Include,Include,Include,Include
Texas,TX,Dallam County,TXDallam County,Include,Include,Include,Include,Include,Include,Include
Texas,TX,Dallas County,TXDallas County,Include,Include,Include,Include,Include,Include,Include
Texas,TX,Dawson County,TXDawson County,Include,Include,Include,Include,Include,Include,Include
Texas,TX,Deaf Smith County,TXDeaf Smith County,Include,Include,Include,Include,Include,Include,Include
Texas,TX,Delta County,TXDelta County,Include,Include,Include,Include,Include,Include,Include
Texas,TX,Denton County,TXDenton County,Include,Include,Include,Include,Include,Include,Include
Texas,TX,DeWitt County,TXDeWitt County,Include,Include,Include,Include,Include,Include,Include
Texas,TX,Dickens County,TXDickens County,Include,Include,Include,Include,Include,Include,Include
Texas,TX,Dimmit County,TXDimmit County,Include,Include,Include,Include,Include,Include,Include
Texas,TX,Donley County,TXDonley County,Include,Include,Include,Include,Include,Include,Include
Texas,TX,Duval County,TXDuval County,Include,Include,Include,Include,Include,Include,Include
Texas,TX,Eastland County,TXEastland County,Include,Include,Include,Include,Include,Include,Include
Texas,TX,Ector County,TXEctor County,Include,Include,Include,Include,Include,Include,Include
Texas,TX,Edwards County,TXEdwards County,Include,Include,Include,Include,Include,Include,Include
Texas,TX,El Paso County,TXEl Paso County,Include,Include,Include,Include,Include,Include,Include
Texas,TX,Ellis County,TXEllis County,Include,Include,Include,Include,Include,Include,Include
Texas,TX,Erath County,TXErath County,Include,Include,Include,Include,Include,Include,Include
Texas,TX,Falls County,TXFalls County,Include,Include,Include,Include,Include,Include,Include
Texas,TX,Fannin County,TXFannin County,Include,Include,Include,Include,Include,Include,Include
Texas,TX,Fayette County,TXFayette County,Include,Include,Include,Include,Include,Include,Include
Texas,TX,Fisher County,TXFisher County,Include,Include,Include,Include,Include,Include,Include
Texas,TX,Floyd County,TXFloyd County,Include,Include,Include,Include,Include,Include,Include
Texas,TX,Foard County,TXFoard County,Include,Include,Include,Include,Include,Include,Include
Texas,TX,Fort Bend County,TXFort Bend County,Include,Include,Include,Include,Include,Include,Include
Texas,TX,Franklin County,TXFranklin County,Include,Include,Include,Include,Include,Include,Include
Texas,TX,Freestone County,TXFreestone County,Include,Include,Include,Include,Include,Include,Include
Texas,TX,Frio County,TXFrio County,Include,Include,Include,Include,Include,Include,Include
Texas,TX,Gaines County,TXGaines County,Include,Include,Include,Include,Include,Include,Include
Texas,TX,Galveston County,TXGalveston County,Include,Include,Include,Include,Include,Include,Include
Texas,TX,Garza County,TXGarza County,Include,Include,Include,Include,Include,Include,Include
Texas,TX,Gillespie County,TXGillespie County,Include,Include,Include,Include,Include,Include,Include
Texas,TX,Glasscock County,TXGlasscock County,Include,Include,Include,Include,Include,Include,Include
Texas,TX,Goliad County,TXGoliad County,Include,Include,Include,Include,Include,Include,Include
Texas,TX,Gonzales County,TXGonzales County,Include,Include,Include,Include,Include,Include,Include
Texas,TX,Gray County,TXGray County,Include,Include,Include,Include,Include,Include,Include
Texas,TX,Grayson County,TXGrayson County,Include,Include,Include,Include,Include,Include,Include
Texas,TX,Gregg County,TXGregg County,Include,Include,Include,Include,Include,Include,Include
Texas,TX,Grimes County,TXGrimes County,Include,Include,Include,Include,Include,Include,Include
Texas,TX,Guadalupe County,TXGuadalupe County,Include,Include,Include,Include,Include,Include,Include
Texas,TX,Hale County,TXHale County,Include,Include,Include,Include,Include,Include,Include
Texas,TX,Hall County,TXHall County,Include,Include,Include,Include,Include,Include,Include
Texas,TX,Hamilton County,TXHamilton County,Include,Include,Include,Include,Include,Include,Include
Texas,TX,Hansford County,TXHansford County,Include,Include,Include,Include,Include,Include,Include
Texas,TX,Hardeman County,TXHardeman County,Include,Include,Include,Include,Include,Include,Include
Texas,TX,Hardin County,TXHardin County,Include,Include,Include,Include,Include,Include,Include
Texas,TX,Harris County,TXHarris County,Include,Include,Include,Include,Include,Include,Include
Texas,TX,Harrison County,TXHarrison County,Include,Include,Include,Include,Include,Include,Include
Texas,TX,Hartley County,TXHartley County,Include,Include,Include,Include,Include,Include,Include
Texas,TX,Haskell County,TXHaskell County,Include,Include,Include,Include,Include,Include,Include
Texas,TX,Hays County,TXHays County,Include,Include,Include,Include,Include,Include,Include
Texas,TX,Hemphill County,TXHemphill County,Include,Include,Include,Include,Include,Include,Include
Texas,TX,Henderson County,TXHenderson County,Include,Include,Include,Include,Include,Include,Include
Texas,TX,Hidalgo County,TXHidalgo County,Include,Include,Include,Include,Include,Include,Include
Texas,TX,Hill County,TXHill County,Include,Include,Include,Include,Include,Include,Include
Texas,TX,Hockley County,TXHockley County,Include,Include,Include,Include,Include,Include,Include
Texas,TX,Hood County,TXHood County,Include,Include,Include,Include,Include,Include,Include
Texas,TX,Hopkins County,TXHopkins County,Include,Include,Include,Include,Include,Include,Include
Texas,TX,Houston County,TXHouston County,Include,Include,Include,Include,Include,Include,Include
Texas,TX,Howard County,TXHoward County,Include,Include,Include,Include,Include,Include,Include
Texas,TX,Hudspeth County,TXHudspeth County,Include,Include,Include,Include,Include,Include,Include
Texas,TX,Hunt County,TXHunt County,Include,Include,Include,Include,Include,Include,Include
Texas,TX,Hutchinson County,TXHutchinson County,Include,Include,Include,Include,Include,Include,Include
Texas,TX,Irion County,TXIrion County,Include,Include,Include,Include,Include,Include,Include
Texas,TX,Jack County,TXJack County,Include,Include,Include,Include,Include,Include,Include
Texas,TX,Jackson County,TXJackson County,Include,Include,Include,Include,Include,Include,Include
Texas,TX,Jasper County,TXJasper County,Include,Include,Include,Include,Include,Include,Include
Texas,TX,Jeff Davis County,TXJeff Davis County,Include,Include,Include,Include,Include,Include,Include
Texas,TX,Jefferson County,TXJefferson County,Include,Include,Include,Include,Include,Include,Include
Texas,TX,Jim Hogg County,TXJim Hogg County,Include,Include,Include,Include,Include,Include,Include
Texas,TX,Jim Wells County,TXJim Wells County,Include,Include,Include,Include,Include,Include,Include
Texas,TX,Johnson County,TXJohnson County,Include,Include,Include,Include,Include,Include,Include
Texas,TX,Jones County,TXJones County,Include,Include,Include,Include,Include,Include,Include
Texas,TX,Karnes County,TXKarnes County,Include,Include,Include,Include,Include,Include,Include
Texas,TX,Kaufman County,TXKaufman County,Include,Include,Include,Include,Include,Include,Include
Texas,TX,Kendall County,TXKendall County,Include,Include,Include,Include,Include,Include,Include
Texas,TX,Kenedy County,TXKenedy County,Include,Include,Include,Include,Include,Include,Include
Texas,TX,Kent County,TXKent County,Include,Include,Include,Include,Include,Include,Include
Texas,TX,Kerr County,TXKerr County,Include,Include,Include,Include,Include,Include,Include
Texas,TX,Kimble County,TXKimble County,Include,Include,Include,Include,Include,Include,Include
Texas,TX,King County,TXKing County,Include,Include,Include,Include,Include,Include,Include
Texas,TX,Kinney County,TXKinney County,Include,Include,Include,Include,Include,Include,Include
Texas,TX,Kleberg County,TXKleberg County,Include,Include,Include,Include,Include,Include,Include
Texas,TX,KExcludex County,TXKExcludex County,Include,Include,Include,Include,Include,Include,Include
Texas,TX,La Salle County,TXLa Salle County,Include,Include,Include,Include,Include,Include,Include
Texas,TX,Lamar County,TXLamar County,Include,Include,Include,Include,Include,Include,Include
Texas,TX,Lamb County,TXLamb County,Include,Include,Include,Include,Include,Include,Include
Texas,TX,Lampasas County,TXLampasas County,Include,Include,Include,Include,Include,Include,Include
Texas,TX,Lavaca County,TXLavaca County,Include,Include,Include,Include,Include,Include,Include
Texas,TX,Lee County,TXLee County,Include,Include,Include,Include,Include,Include,Include
Texas,TX,Leon County,TXLeon County,Include,Include,Include,Include,Include,Include,Include
Texas,TX,Liberty County,TXLiberty County,Include,Include,Include,Include,Include,Include,Include
Texas,TX,Limestone County,TXLimestone County,Include,Include,Include,Include,Include,Include,Include
Texas,TX,Lipscomb County,TXLipscomb County,Include,Include,Include,Include,Include,Include,Include
Texas,TX,Live Oak County,TXLive Oak County,Include,Include,Include,Include,Include,Include,Include
Texas,TX,LlaExclude County,TXLlaExclude County,Include,Include,Include,Include,Include,Include,Include
Texas,TX,Loving County,TXLoving County,Include,Include,Include,Include,Include,Include,Include
Texas,TX,Lubbock County,TXLubbock County,Include,Include,Include,Include,Include,Include,Include
Texas,TX,Lynn County,TXLynn County,Include,Include,Include,Include,Include,Include,Include
Texas,TX,Madison County,TXMadison County,Include,Include,Include,Include,Include,Include,Include
Texas,TX,Marion County,TXMarion County,Include,Include,Include,Include,Include,Include,Include
Texas,TX,Martin County,TXMartin County,Include,Include,Include,Include,Include,Include,Include
Texas,TX,Mason County,TXMason County,Include,Include,Include,Include,Include,Include,Include
Texas,TX,Matagorda County,TXMatagorda County,Include,Include,Include,Include,Include,Include,Include
Texas,TX,Maverick County,TXMaverick County,Include,Include,Include,Include,Include,Include,Include
Texas,TX,McCulloch County,TXMcCulloch County,Include,Include,Include,Include,Include,Include,Include
Texas,TX,McLennan County,TXMcLennan County,Include,Include,Include,Include,Include,Include,Include
Texas,TX,McMullen County,TXMcMullen County,Include,Include,Include,Include,Include,Include,Include
Texas,TX,Medina County,TXMedina County,Include,Include,Include,Include,Include,Include,Include
Texas,TX,Menard County,TXMenard County,Include,Include,Include,Include,Include,Include,Include
Texas,TX,Midland County,TXMidland County,Include,Include,Include,Include,Include,Include,Include
Texas,TX,Milam County,TXMilam County,Include,Include,Include,Include,Include,Include,Include
Texas,TX,Mills County,TXMills County,Include,Include,Include,Include,Include,Include,Include
Texas,TX,Mitchell County,TXMitchell County,Include,Include,Include,Include,Include,Include,Include
Texas,TX,Montague County,TXMontague County,Include,Include,Include,Include,Include,Include,Include
Texas,TX,Montgomery County,TXMontgomery County,Include,Include,Include,Include,Include,Include,Include
Texas,TX,Moore County,TXMoore County,Include,Include,Include,Include,Include,Include,Include
Texas,TX,Morris County,TXMorris County,Include,Include,Include,Include,Include,Include,Include
Texas,TX,Motley County,TXMotley County,Include,Include,Include,Include,Include,Include,Include
Texas,TX,Nacogdoches County,TXNacogdoches County,Include,Include,Include,Include,Include,Include,Include
Texas,TX,Navarro County,TXNavarro County,Include,Include,Include,Include,Include,Include,Include
Texas,TX,Newton County,TXNewton County,Include,Include,Include,Include,Include,Include,Include
Texas,TX,Excludelan County,TXExcludelan County,Include,Include,Include,Include,Include,Include,Include
Texas,TX,Nueces County,TXNueces County,Include,Include,Include,Include,Include,Include,Include
Texas,TX,Ochiltree County,TXOchiltree County,Include,Include,Include,Include,Include,Include,Include
Texas,TX,Oldham County,TXOldham County,Include,Include,Include,Include,Include,Include,Include
Texas,TX,Orange County,TXOrange County,Include,Include,Include,Include,Include,Include,Include
Texas,TX,Palo Pinto County,TXPalo Pinto County,Include,Include,Include,Include,Include,Include,Include
Texas,TX,PaExcludela County,TXPaExcludela County,Include,Include,Include,Include,Include,Include,Include
Texas,TX,Parker County,TXParker County,Include,Include,Include,Include,Include,Include,Include
Texas,TX,Parmer County,TXParmer County,Include,Include,Include,Include,Include,Include,Include
Texas,TX,Pecos County,TXPecos County,Include,Include,Include,Include,Include,Include,Include
Texas,TX,Polk County,TXPolk County,Include,Include,Include,Include,Include,Include,Include
Texas,TX,Potter County,TXPotter County,Include,Include,Include,Include,Include,Include,Include
Texas,TX,Presidio County,TXPresidio County,Include,Include,Include,Include,Include,Include,Include
Texas,TX,Rains County,TXRains County,Include,Include,Include,Include,Include,Include,Include
Texas,TX,Randall County,TXRandall County,Include,Include,Include,Include,Include,Include,Include
Texas,TX,Reagan County,TXReagan County,Include,Include,Include,Include,Include,Include,Include
Texas,TX,Real County,TXReal County,Include,Include,Include,Include,Include,Include,Include
Texas,TX,Red River County,TXRed River County,Include,Include,Include,Include,Include,Include,Include
Texas,TX,Reeves County,TXReeves County,Include,Include,Include,Include,Include,Include,Include
Texas,TX,Refugio County,TXRefugio County,Include,Include,Include,Include,Include,Include,Include
Texas,TX,Roberts County,TXRoberts County,Include,Include,Include,Include,Include,Include,Include
Texas,TX,Robertson County,TXRobertson County,Include,Include,Include,Include,Include,Include,Include
Texas,TX,Rockwall County,TXRockwall County,Include,Include,Include,Include,Include,Include,Include
Texas,TX,Runnels County,TXRunnels County,Include,Include,Include,Include,Include,Include,Include
Texas,TX,Rusk County,TXRusk County,Include,Include,Include,Include,Include,Include,Include
Texas,TX,Sabine County,TXSabine County,Include,Include,Include,Include,Include,Include,Include
Texas,TX,San Augustine County,TXSan Augustine County,Include,Include,Include,Include,Include,Include,Include
Texas,TX,San Jacinto County,TXSan Jacinto County,Include,Include,Include,Include,Include,Include,Include
Texas,TX,San Patricio County,TXSan Patricio County,Include,Include,Include,Include,Include,Include,Include
Texas,TX,San Saba County,TXSan Saba County,Include,Include,Include,Include,Include,Include,Include
Texas,TX,Schleicher County,TXSchleicher County,Include,Include,Include,Include,Include,Include,Include
Texas,TX,Scurry County,TXScurry County,Include,Include,Include,Include,Include,Include,Include
Texas,TX,Shackelford County,TXShackelford County,Include,Include,Include,Include,Include,Include,Include
Texas,TX,Shelby County,TXShelby County,Include,Include,Include,Include,Include,Include,Include
Texas,TX,Sherman County,TXSherman County,Include,Include,Include,Include,Include,Include,Include
Texas,TX,Smith County,TXSmith County,Include,Include,Include,Include,Include,Include,Include
Texas,TX,Somervell County,TXSomervell County,Include,Include,Include,Include,Include,Include,Include
Texas,TX,Starr County,TXStarr County,Include,Include,Include,Include,Include,Include,Include
Texas,TX,Stephens County,TXStephens County,Include,Include,Include,Include,Include,Include,Include
Texas,TX,Sterling County,TXSterling County,Include,Include,Include,Include,Include,Include,Include
Texas,TX,Stonewall County,TXStonewall County,Include,Include,Include,Include,Include,Include,Include
Texas,TX,Sutton County,TXSutton County,Include,Include,Include,Include,Include,Include,Include
Texas,TX,Swisher County,TXSwisher County,Include,Include,Include,Include,Include,Include,Include
Texas,TX,Tarrant County,TXTarrant County,Include,Include,Include,Include,Include,Include,Include
Texas,TX,Taylor County,TXTaylor County,Include,Include,Include,Include,Include,Include,Include
Texas,TX,Terrell County,TXTerrell County,Include,Include,Include,Include,Include,Include,Include
Texas,TX,Terry County,TXTerry County,Include,Include,Include,Include,Include,Include,Include
Texas,TX,Throckmorton County,TXThrockmorton County,Include,Include,Include,Include,Include,Include,Include
Texas,TX,Titus County,TXTitus County,Include,Include,Include,Include,Include,Include,Include
Texas,TX,Tom Green County,TXTom Green County,Include,Include,Include,Include,Include,Include,Include
Texas,TX,Travis County,TXTravis County,Include,Include,Include,Include,Include,Include,Include
Texas,TX,Trinity County,TXTrinity County,Include,Include,Include,Include,Include,Include,Include
Texas,TX,Tyler County,TXTyler County,Include,Include,Include,Include,Include,Include,Include
Texas,TX,Upshur County,TXUpshur County,Include,Include,Include,Include,Include,Include,Include
Texas,TX,Upton County,TXUpton County,Include,Include,Include,Include,Include,Include,Include
Texas,TX,Uvalde County,TXUvalde County,Include,Include,Include,Include,Include,Include,Include
Texas,TX,Val Verde County,TXVal Verde County,Include,Include,Include,Include,Include,Include,Include
Texas,TX,Van Zandt County,TXVan Zandt County,Include,Include,Include,Include,Include,Include,Include
Texas,TX,Victoria County,TXVictoria County,Include,Include,Include,Include,Include,Include,Include
Texas,TX,Walker County,TXWalker County,Include,Include,Include,Include,Include,Include,Include
Texas,TX,Waller County,TXWaller County,Include,Include,Include,Include,Include,Include,Include
Texas,TX,Ward County,TXWard County,Include,Include,Include,Include,Include,Include,Include
Texas,TX,Washington County,TXWashington County,Include,Include,Include,Include,Include,Include,Include
Texas,TX,Webb County,TXWebb County,Include,Include,Include,Include,Include,Include,Include
Texas,TX,Wharton County,TXWharton County,Include,Include,Include,Include,Include,Include,Include
Texas,TX,Wheeler County,TXWheeler County,Include,Include,Include,Include,Include,Include,Include
Texas,TX,Wichita County,TXWichita County,Include,Include,Include,Include,Include,Include,Include
Texas,TX,Wilbarger County,TXWilbarger County,Include,Include,Include,Include,Include,Include,Include
Texas,TX,Willacy County,TXWillacy County,Include,Include,Include,Include,Include,Include,Include
Texas,TX,Williamson County,TXWilliamson County,Include,Include,Include,Include,Include,Include,Include
Texas,TX,Wilson County,TXWilson County,Include,Include,Include,Include,Include,Include,Include
Texas,TX,Winkler County,TXWinkler County,Include,Include,Include,Include,Include,Include,Include
Texas,TX,Wise County,TXWise County,Include,Include,Include,Include,Include,Include,Include
Texas,TX,Wood County,TXWood County,Include,Include,Include,Include,Include,Include,Include
Texas,TX,Yoakum County,TXYoakum County,Include,Include,Include,Include,Include,Include,Include
Texas,TX,Young County,TXYoung County,Include,Include,Include,Include,Include,Include,Include
Texas,TX,Zapata County,TXZapata County,Include,Include,Include,Include,Include,Include,Include
Texas,TX,Zavala County,TXZavala County,Include,Include,Include,Include,Include,Include,Include
Utah,UT,Beaver County,UTBeaver County,Include,Include,Include,Include,Include,Include,Include
Utah,UT,Box Elder County,UTBox Elder County,Include,Include,Include,Include,Include,Include,Include
Utah,UT,Cache County,UTCache County,Include,Include,Include,Include,Include,Include,Include
Utah,UT,Carbon County,UTCarbon County,Include,Include,Include,Include,Include,Include,Include
Utah,UT,Daggett County,UTDaggett County,Include,Include,Include,Include,Include,Include,Include
Utah,UT,Davis County,UTDavis County,Include,Include,Include,Include,Include,Include,Include
Utah,UT,Duchesne County,UTDuchesne County,Include,Include,Include,Include,Include,Include,Include
Utah,UT,Emery County,UTEmery County,Include,Include,Include,Include,Include,Include,Include
Utah,UT,Garfield County,UTGarfield County,Include,Include,Include,Include,Include,Include,Include
Utah,UT,Grand County,UTGrand County,Include,Include,Include,Include,Include,Include,Include
Utah,UT,Iron County,UTIron County,Include,Include,Include,Include,Include,Include,Include
Utah,UT,Juab County,UTJuab County,Include,Include,Include,Include,Include,Include,Include
Utah,UT,Kane County,UTKane County,Include,Include,Include,Include,Include,Include,Include
Utah,UT,Millard County,UTMillard County,Include,Include,Include,Include,Include,Include,Include
Utah,UT,Morgan County,UTMorgan County,Include,Include,Include,Include,Include,Include,Include
Utah,UT,Piute County,UTPiute County,Include,Include,Include,Include,Include,Include,Include
Utah,UT,Rich County,UTRich County,Include,Include,Include,Include,Include,Include,Include
Utah,UT,Salt Lake County,UTSalt Lake County,Include,Include,Include,Include,Include,Include,Include
Utah,UT,San Juan County,UTSan Juan County,Include,Include,Include,Include,Include,Include,Include
Utah,UT,Sanpete County,UTSanpete County,Include,Include,Include,Include,Include,Include,Include
Utah,UT,Sevier County,UTSevier County,Include,Include,Include,Include,Include,Include,Include
Utah,UT,Summit County,UTSummit County,Include,Include,Include,Include,Include,Include,Include
Utah,UT,Tooele County,UTTooele County,Include,Include,Include,Include,Include,Include,Include
Utah,UT,Uintah County,UTUintah County,Include,Include,Include,Include,Include,Include,Include
Utah,UT,Utah County,UTUtah County,Include,Include,Include,Include,Include,Include,Include
Utah,UT,Wasatch County,UTWasatch County,Include,Include,Include,Include,Include,Include,Include
Utah,UT,Washington County,UTWashington County,Include,Include,Include,Include,Include,Include,Include
Utah,UT,Wayne County,UTWayne County,Include,Include,Include,Include,Include,Include,Include
Utah,UT,Weber County,UTWeber County,Include,Include,Include,Include,Include,Include,Include
Vermont,VT,Addison County,VTAddison County,Include,Include,Include,Include,Include,Include,Include
Vermont,VT,Bennington County,VTBennington County,Include,Include,Include,Include,Include,Include,Include
Vermont,VT,Caledonia County,VTCaledonia County,Include,Include,Include,Include,Include,Include,Include
Vermont,VT,Chittenden County,VTChittenden County,Include,Include,Include,Include,Include,Include,Include
Vermont,VT,Essex County,VTEssex County,Include,Include,Include,Include,Include,Include,Include
Vermont,VT,Franklin County,VTFranklin County,Include,Include,Include,Include,Include,Include,Include
Vermont,VT,Grand Isle County,VTGrand Isle County,Include,Include,Include,Include,Include,Include,Include
Vermont,VT,Lamoille County,VTLamoille County,Include,Include,Include,Include,Include,Include,Include
Vermont,VT,Orange County,VTOrange County,Include,Include,Include,Include,Include,Include,Include
Vermont,VT,Orleans County,VTOrleans County,Include,Include,Include,Include,Include,Include,Include
Vermont,VT,Rutland County,VTRutland County,Include,Include,Include,Include,Include,Include,Include
Vermont,VT,Washington County,VTWashington County,Include,Include,Include,Include,Include,Include,Include
Vermont,VT,Windham County,VTWindham County,Include,Include,Include,Include,Include,Include,Include
Vermont,VT,Windsor County,VTWindsor County,Include,Include,Include,Include,Include,Include,Include
Virginia,VA,Accomack County,VAAccomack County,Include,Include,Include,Include,Include,Include,Include
Virginia,VA,Albemarle County,VAAlbemarle County,Include,Include,Include,Include,Include,Include,Include
Virginia,VA,"Alexandria, City of","VAAlexandria, City of",Include,Include,Include,Include,Include,Include,Include
Virginia,VA,Alleghany County,VAAlleghany County,Include,Include,Include,Include,Include,Include,Include
Virginia,VA,Amelia County,VAAmelia County,Include,Include,Include,Include,Include,Include,Include
Virginia,VA,Amherst County,VAAmherst County,Include,Include,Include,Include,Include,Include,Include
Virginia,VA,Appomattox County,VAAppomattox County,Include,Include,Include,Include,Include,Include,Include
Virginia,VA,Arlington County,VAArlington County,Include,Include,Include,Include,Include,Include,Include
Virginia,VA,Augusta County,VAAugusta County,Include,Include,Include,Include,Include,Include,Include
Virginia,VA,Bath County,VABath County,Include,Include,Include,Include,Include,Include,Include
Virginia,VA,Bedford County,VABedford County,Include,Include,Include,Include,Include,Include,Include
Virginia,VA,"Bedford, City of","VABedford, City of",Include,Include,Include,Include,Include,Include,Include
Virginia,VA,Bland County,VABland County,Include,Include,Include,Include,Include,Include,Include
Virginia,VA,Botetourt County,VABotetourt County,Include,Include,Include,Include,Include,Include,Include
Virginia,VA,"Bristol, City of","VABristol, City of",Include,Include,Include,Include,Include,Include,Include
Virginia,VA,Brunswick County,VABrunswick County,Include,Include,Include,Include,Include,Include,Include
Virginia,VA,Buchanan County,VABuchanan County,Include,Include,Include,Include,Include,Include,Include
Virginia,VA,Buckingham County,VABuckingham County,Include,Include,Include,Include,Include,Include,Include
Virginia,VA,"Buena Vista, City of","VABuena Vista, City of",Include,Include,Include,Include,Include,Include,Include
Virginia,VA,Campbell County,VACampbell County,Include,Include,Include,Include,Include,Include,Include
Virginia,VA,Caroline County,VACaroline County,Include,Include,Include,Include,Include,Include,Include
Virginia,VA,Carroll County,VACarroll County,Include,Include,Include,Include,Include,Include,Include
Virginia,VA,Charles City County,VACharles City County,Include,Include,Include,Include,Include,Include,Include
Virginia,VA,Charlotte County,VACharlotte County,Include,Include,Include,Include,Include,Include,Include
Virginia,VA,"Charlottesville, City of","VACharlottesville, City of",Include,Include,Include,Include,Include,Include,Include
Virginia,VA,"Chesapeake, City of","VAChesapeake, City of",Include,Include,Include,Include,Include,Include,Include
Virginia,VA,Chesterfield County,VAChesterfield County,Include,Include,Include,Include,Include,Include,Include
Virginia,VA,Clarke County,VAClarke County,Include,Include,Include,Include,Include,Include,Include
Virginia,VA,"Colonial Heights, City of","VAColonial Heights, City of",Include,Include,Include,Include,Include,Include,Include
Virginia,VA,"Covington, City of","VACovington, City of",Include,Include,Include,Include,Include,Include,Include
Virginia,VA,Craig County,VACraig County,Include,Include,Include,Include,Include,Include,Include
Virginia,VA,Culpeper County,VACulpeper County,Include,Include,Include,Include,Include,Include,Include
Virginia,VA,Cumberland County,VACumberland County,Include,Include,Include,Include,Include,Include,Include
Virginia,VA,"Danville, City of","VADanville, City of",Include,Include,Include,Include,Include,Include,Include
Virginia,VA,Dickenson County,VADickenson County,Include,Include,Include,Include,Include,Include,Include
Virginia,VA,Dinwiddie County,VADinwiddie County,Include,Include,Include,Include,Include,Include,Include
Virginia,VA,"Emporia, City of","VAEmporia, City of",Include,Include,Include,Include,Include,Include,Include
Virginia,VA,Essex County,VAEssex County,Include,Include,Include,Include,Include,Include,Include
Virginia,VA,Fairfax County,VAFairfax County,Include,Include,Include,Include,Include,Include,Include
Virginia,VA,"Fairfax, City of","VAFairfax, City of",Include,Include,Include,Include,Include,Include,Include
Virginia,VA,"Falls Church, City of","VAFalls Church, City of",Include,Include,Include,Include,Include,Include,Include
Virginia,VA,Fauquier County,VAFauquier County,Include,Include,Include,Include,Include,Include,Include
Virginia,VA,Floyd County,VAFloyd County,Include,Include,Include,Include,Include,Include,Include
Virginia,VA,Fluvanna County,VAFluvanna County,Include,Include,Include,Include,Include,Include,Include
Virginia,VA,Franklin County,VAFranklin County,Include,Include,Include,Include,Include,Include,Include
Virginia,VA,"Franklin, City of","VAFranklin, City of",Include,Include,Include,Include,Include,Include,Include
Virginia,VA,Frederick County,VAFrederick County,Include,Include,Include,Include,Include,Include,Include
Virginia,VA,"Fredericksburg, City of","VAFredericksburg, City of",Include,Include,Include,Include,Include,Include,Include
Virginia,VA,"Galax, City of","VAGalax, City of",Include,Include,Include,Include,Include,Include,Include
Virginia,VA,Giles County,VAGiles County,Include,Include,Include,Include,Include,Include,Include
Virginia,VA,Gloucester County,VAGloucester County,Include,Include,Include,Include,Include,Include,Include
Virginia,VA,Goochland County,VAGoochland County,Include,Include,Include,Include,Include,Include,Include
Virginia,VA,Grayson County,VAGrayson County,Include,Include,Include,Include,Include,Include,Include
Virginia,VA,Greene County,VAGreene County,Include,Include,Include,Include,Include,Include,Include
Virginia,VA,Greensville County,VAGreensville County,Include,Include,Include,Include,Include,Include,Include
Virginia,VA,Halifax County,VAHalifax County,Include,Include,Include,Include,Include,Include,Include
Virginia,VA,"Hampton, City of","VAHampton, City of",Include,Include,Include,Include,Include,Include,Include
Virginia,VA,HaExcludever County,VAHaExcludever County,Include,Include,Include,Include,Include,Include,Include
Virginia,VA,"Harrisonburg, City of","VAHarrisonburg, City of",Include,Include,Include,Include,Include,Include,Include
Virginia,VA,Henrico County,VAHenrico County,Include,Include,Include,Include,Include,Include,Include
Virginia,VA,Henry County,VAHenry County,Include,Include,Include,Include,Include,Include,Include
Virginia,VA,Highland County,VAHighland County,Include,Include,Include,Include,Include,Include,Include
Virginia,VA,"Hopewell, City of","VAHopewell, City of",Include,Include,Include,Include,Include,Include,Include
Virginia,VA,Isle of Wight County,VAIsle of Wight County,Include,Include,Include,Include,Include,Include,Include
Virginia,VA,James City County,VAJames City County,Include,Include,Include,Include,Include,Include,Include
Virginia,VA,King and Queen County,VAKing and Queen County,Include,Include,Include,Include,Include,Include,Include
Virginia,VA,King George County,VAKing George County,Include,Include,Include,Include,Include,Include,Include
Virginia,VA,King William County,VAKing William County,Include,Include,Include,Include,Include,Include,Include
Virginia,VA,Lancaster County,VALancaster County,Include,Include,Include,Include,Include,Include,Include
Virginia,VA,Lee County,VALee County,Include,Include,Include,Include,Include,Include,Include
Virginia,VA,"Lexington, City of","VALexington, City of",Include,Include,Include,Include,Include,Include,Include
Virginia,VA,Loudoun County,VALoudoun County,Include,Include,Include,Include,Include,Include,Include
Virginia,VA,Louisa County,VALouisa County,Include,Include,Include,Include,Include,Include,Include
Virginia,VA,Lunenburg County,VALunenburg County,Include,Include,Include,Include,Include,Include,Include
Virginia,VA,"Lynchburg, City of","VALynchburg, City of",Include,Include,Include,Include,Include,Include,Include
Virginia,VA,Madison County,VAMadison County,Include,Include,Include,Include,Include,Include,Include
Virginia,VA,"Manassas Park, City of","VAManassas Park, City of",Include,Include,Include,Include,Include,Include,Include
Virginia,VA,"Manassas, City of","VAManassas, City of",Include,Include,Include,Include,Include,Include,Include
Virginia,VA,"Martinsville, City of","VAMartinsville, City of",Include,Include,Include,Include,Include,Include,Include
Virginia,VA,Mathews County,VAMathews County,Include,Include,Include,Include,Include,Include,Include
Virginia,VA,Mecklenburg County,VAMecklenburg County,Include,Include,Include,Include,Include,Include,Include
Virginia,VA,Middlesex County,VAMiddlesex County,Include,Include,Include,Include,Include,Include,Include
Virginia,VA,Montgomery County,VAMontgomery County,Include,Include,Include,Include,Include,Include,Include
Virginia,VA,Nelson County,VANelson County,Include,Include,Include,Include,Include,Include,Include
Virginia,VA,New Kent County,VANew Kent County,Include,Include,Include,Include,Include,Include,Include
Virginia,VA,"Newport News, City of","VANewport News, City of",Include,Include,Include,Include,Include,Include,Include
Virginia,VA,"Excluderfolk, City of","VAExcluderfolk, City of",Include,Include,Include,Include,Include,Include,Include
Virginia,VA,Excluderthampton County,VAExcluderthampton County,Include,Include,Include,Include,Include,Include,Include
Virginia,VA,Excluderthumberland County,VAExcluderthumberland County,Include,Include,Include,Include,Include,Include,Include
Virginia,VA,"Excluderton, City of","VAExcluderton, City of",Include,Include,Include,Include,Include,Include,Include
Virginia,VA,Excludettoway County,VAExcludettoway County,Include,Include,Include,Include,Include,Include,Include
Virginia,VA,Orange County,VAOrange County,Include,Include,Include,Include,Include,Include,Include
Virginia,VA,Page County,VAPage County,Include,Include,Include,Include,Include,Include,Include
Virginia,VA,Patrick County,VAPatrick County,Include,Include,Include,Include,Include,Include,Include
Virginia,VA,"Petersburg, City of","VAPetersburg, City of",Include,Include,Include,Include,Include,Include,Include
Virginia,VA,Pittsylvania County,VAPittsylvania County,Include,Include,Include,Include,Include,Include,Include
Virginia,VA,"Poquoson, City of","VAPoquoson, City of",Include,Include,Include,Include,Include,Include,Include
Virginia,VA,"Portsmouth, City of","VAPortsmouth, City of",Include,Include,Include,Include,Include,Include,Include
Virginia,VA,Powhatan County,VAPowhatan County,Include,Include,Include,Include,Include,Include,Include
Virginia,VA,Prince Edward County,VAPrince Edward County,Include,Include,Include,Include,Include,Include,Include
Virginia,VA,Prince George County,VAPrince George County,Include,Include,Include,Include,Include,Include,Include
Virginia,VA,Prince William County,VAPrince William County,Include,Include,Include,Include,Include,Include,Include
Virginia,VA,Pulaski County,VAPulaski County,Include,Include,Include,Include,Include,Include,Include
Virginia,VA,"Radford, City of","VARadford, City of",Include,Include,Include,Include,Include,Include,Include
Virginia,VA,RappahanExcludeck County,VARappahanExcludeck County,Include,Include,Include,Include,Include,Include,Include
Virginia,VA,Richmond County,VARichmond County,Include,Include,Include,Include,Include,Include,Include
Virginia,VA,"Richmond, City of","VARichmond, City of",Include,Include,Include,Include,Include,Include,Include
Virginia,VA,RoaExcludeke County,VARoaExcludeke County,Include,Include,Include,Include,Include,Include,Include
Virginia,VA,"RoaExcludeke, City of","VARoaExcludeke, City of",Include,Include,Include,Include,Include,Include,Include
Virginia,VA,Rockbridge County,VARockbridge County,Include,Include,Include,Include,Include,Include,Include
Virginia,VA,Rockingham County,VARockingham County,Include,Include,Include,Include,Include,Include,Include
Virginia,VA,Russell County,VARussell County,Include,Include,Include,Include,Include,Include,Include
Virginia,VA,"Salem, City of","VASalem, City of",Include,Include,Include,Include,Include,Include,Include
Virginia,VA,Scott County,VAScott County,Include,Include,Include,Include,Include,Include,Include
Virginia,VA,Shenandoah County,VAShenandoah County,Include,Include,Include,Include,Include,Include,Include
Virginia,VA,Smyth County,VASmyth County,Include,Include,Include,Include,Include,Include,Include
Virginia,VA,Southampton County,VASouthampton County,Include,Include,Include,Include,Include,Include,Include
Virginia,VA,Spotsylvania County,VASpotsylvania County,Include,Include,Include,Include,Include,Include,Include
Virginia,VA,Stafford County,VAStafford County,Include,Include,Include,Include,Include,Include,Include
Virginia,VA,"Staunton, City of","VAStaunton, City of",Include,Include,Include,Include,Include,Include,Include
Virginia,VA,"Suffolk, City of","VASuffolk, City of",Include,Include,Include,Include,Include,Include,Include
Virginia,VA,Surry County,VASurry County,Include,Include,Include,Include,Include,Include,Include
Virginia,VA,Sussex County,VASussex County,Include,Include,Include,Include,Include,Include,Include
Virginia,VA,Tazewell County,VATazewell County,Include,Include,Include,Include,Include,Include,Include
Virginia,VA,"Virginia Beach, City of","VAVirginia Beach, City of",Include,Include,Include,Include,Include,Include,Include
Virginia,VA,Warren County,VAWarren County,Include,Include,Include,Include,Include,Include,Include
Virginia,VA,Washington County,VAWashington County,Include,Include,Include,Include,Include,Include,Include
Virginia,VA,"Waynesboro, City of","VAWaynesboro, City of",Include,Include,Include,Include,Include,Include,Include
Virginia,VA,Westmoreland County,VAWestmoreland County,Include,Include,Include,Include,Include,Include,Include
Virginia,VA,"Williamsburg, City of","VAWilliamsburg, City of",Include,Include,Include,Include,Include,Include,Include
Virginia,VA,"Winchester, City of","VAWinchester, City of",Include,Include,Include,Include,Include,Include,Include
Virginia,VA,Wise County,VAWise County,Include,Include,Include,Include,Include,Include,Include
Virginia,VA,Wythe County,VAWythe County,Include,Include,Include,Include,Include,Include,Include
Virginia,VA,York County,VAYork County,Include,Include,Include,Include,Include,Include,Include
Washington,WA,Adams County,WAAdams County,Include,Include,Include,Include,Include,Include,Include
Washington,WA,Asotin County,WAAsotin County,Include,Include,Include,Include,Include,Include,Include
Washington,WA,Benton County,WABenton County,Include,Include,Include,Include,Include,Include,Include
Washington,WA,Chelan County,WAChelan County,Include,Include,Include,Include,Include,Include,Include
Washington,WA,Clallam County,WAClallam County,Include,Include,Include,Include,Include,Include,Include
Washington,WA,Clark County,WAClark County,Include,Include,Include,Include,Include,Include,Include
Washington,WA,Columbia County,WAColumbia County,Include,Include,Include,Include,Include,Include,Include
Washington,WA,Cowlitz County,WACowlitz County,Include,Include,Include,Include,Include,Include,Include
Washington,WA,Douglas County,WADouglas County,Include,Include,Include,Include,Include,Include,Include
Washington,WA,Ferry County,WAFerry County,Include,Include,Include,Include,Include,Include,Include
Washington,WA,Franklin County,WAFranklin County,Include,Include,Include,Include,Include,Include,Include
Washington,WA,Garfield County,WAGarfield County,Include,Include,Include,Include,Include,Include,Include
Washington,WA,Grant County,WAGrant County,Include,Include,Include,Include,Include,Include,Include
Washington,WA,Grays Harbor County,WAGrays Harbor County,Include,Include,Include,Include,Include,Include,Include
Washington,WA,Island County,WAIsland County,Include,Include,Include,Include,Include,Include,Include
Washington,WA,Jefferson County,WAJefferson County,Include,Include,Include,Include,Include,Include,Include
Washington,WA,King County,WAKing County,Include,Include,Include,Include,Include,Include,Include
Washington,WA,Kitsap County,WAKitsap County,Include,Include,Include,Include,Include,Include,Include
Washington,WA,Kittitas County,WAKittitas County,Include,Include,Include,Include,Include,Include,Include
Washington,WA,Klickitat County,WAKlickitat County,Include,Include,Include,Include,Include,Include,Include
Washington,WA,Lewis County,WALewis County,Include,Include,Include,Include,Include,Include,Include
Washington,WA,Lincoln County,WALincoln County,Include,Include,Include,Include,Include,Include,Include
Washington,WA,Mason County,WAMason County,Include,Include,Include,Include,Include,Include,Include
Washington,WA,OkaExcludegan County,WAOkaExcludegan County,Include,Include,Include,Include,Include,Include,Include
Washington,WA,Pacific County,WAPacific County,Include,Include,Include,Include,Include,Include,Include
Washington,WA,Pend Oreille County,WAPend Oreille County,Include,Include,Include,Include,Include,Include,Include
Washington,WA,Pierce County,WAPierce County,Include,Include,Include,Include,Include,Include,Include
Washington,WA,San Juan County,WASan Juan County,Include,Include,Include,Include,Include,Include,Include
Washington,WA,Skagit County,WASkagit County,Include,Include,Include,Include,Include,Include,Include
Washington,WA,Skamania County,WASkamania County,Include,Include,Include,Include,Include,Include,Include
Washington,WA,SExcludehomish County,WASExcludehomish County,Include,Include,Include,Include,Include,Include,Include
Washington,WA,Spokane County,WASpokane County,Include,Include,Include,Include,Include,Include,Include
Washington,WA,Stevens County,WAStevens County,Include,Include,Include,Include,Include,Include,Include
Washington,WA,Thurston County,WAThurston County,Include,Include,Include,Include,Include,Include,Include
Washington,WA,Wahkiakum County,WAWahkiakum County,Include,Include,Include,Include,Include,Include,Include
Washington,WA,Walla Walla County,WAWalla Walla County,Include,Include,Include,Include,Include,Include,Include
Washington,WA,Whatcom County,WAWhatcom County,Include,Include,Include,Include,Include,Include,Include
Washington,WA,Whitman County,WAWhitman County,Include,Include,Include,Include,Include,Include,Include
Washington,WA,Yakima County,WAYakima County,Include,Include,Include,Include,Include,Include,Include
West Virginia,WV,Barbour County,WVBarbour County,Include,Include,Include,Include,Include,Include,Include
West Virginia,WV,Berkeley County,WVBerkeley County,Include,Include,Include,Include,Include,Include,Include
West Virginia,WV,Boone County,WVBoone County,Include,Include,Include,Include,Include,Include,Include
West Virginia,WV,Braxton County,WVBraxton County,Include,Include,Include,Include,Include,Include,Include
West Virginia,WV,Brooke County,WVBrooke County,Include,Include,Include,Include,Include,Include,Include
West Virginia,WV,Cabell County,WVCabell County,Include,Include,Include,Include,Include,Include,Include
West Virginia,WV,Calhoun County,WVCalhoun County,Include,Include,Include,Include,Include,Include,Include
West Virginia,WV,Clay County,WVClay County,Include,Include,Include,Include,Include,Include,Include
West Virginia,WV,Doddridge County,WVDoddridge County,Include,Include,Include,Include,Include,Include,Include
West Virginia,WV,Fayette County,WVFayette County,Include,Include,Include,Include,Include,Include,Include
West Virginia,WV,Gilmer County,WVGilmer County,Include,Include,Include,Include,Include,Include,Include
West Virginia,WV,Grant County,WVGrant County,Include,Include,Include,Include,Include,Include,Include
West Virginia,WV,Greenbrier County,WVGreenbrier County,Include,Include,Include,Include,Include,Include,Include
West Virginia,WV,Hampshire County,WVHampshire County,Include,Include,Include,Include,Include,Include,Include
West Virginia,WV,Hancock County,WVHancock County,Include,Include,Include,Include,Include,Include,Include
West Virginia,WV,Hardy County,WVHardy County,Include,Include,Include,Include,Include,Include,Include
West Virginia,WV,Harrison County,WVHarrison County,Include,Include,Include,Include,Include,Include,Include
West Virginia,WV,Jackson County,WVJackson County,Include,Include,Include,Include,Include,Include,Include
West Virginia,WV,Jefferson County,WVJefferson County,Include,Include,Include,Include,Include,Include,Include
West Virginia,WV,Kanawha County,WVKanawha County,Include,Include,Include,Include,Include,Include,Include
West Virginia,WV,Lewis County,WVLewis County,Include,Include,Include,Include,Include,Include,Include
West Virginia,WV,Lincoln County,WVLincoln County,Include,Include,Include,Include,Include,Include,Include
West Virginia,WV,Logan County,WVLogan County,Include,Include,Include,Include,Include,Include,Include
West Virginia,WV,Marion County,WVMarion County,Include,Include,Include,Include,Include,Include,Include
West Virginia,WV,Marshall County,WVMarshall County,Include,Include,Include,Include,Include,Include,Include
West Virginia,WV,Mason County,WVMason County,Include,Include,Include,Include,Include,Include,Include
West Virginia,WV,McDowell County,WVMcDowell County,Include,Include,Include,Include,Include,Include,Include
West Virginia,WV,Mercer County,WVMercer County,Include,Include,Include,Include,Include,Include,Include
West Virginia,WV,Mineral County,WVMineral County,Include,Include,Include,Include,Include,Include,Include
West Virginia,WV,Mingo County,WVMingo County,Include,Include,Include,Include,Include,Include,Include
West Virginia,WV,MoExcludengalia County,WVMoExcludengalia County,Include,Include,Include,Include,Include,Include,Include
West Virginia,WV,Monroe County,WVMonroe County,Include,Include,Include,Include,Include,Include,Include
West Virginia,WV,Morgan County,WVMorgan County,Include,Include,Include,Include,Include,Include,Include
West Virginia,WV,Nicholas County,WVNicholas County,Include,Include,Include,Include,Include,Include,Include
West Virginia,WV,Ohio County,WVOhio County,Include,Include,Include,Include,Include,Include,Include
West Virginia,WV,Pendleton County,WVPendleton County,Include,Include,Include,Include,Include,Include,Include
West Virginia,WV,Pleasants County,WVPleasants County,Include,Include,Include,Include,Include,Include,Include
West Virginia,WV,Pocahontas County,WVPocahontas County,Include,Include,Include,Include,Include,Include,Include
West Virginia,WV,Preston County,WVPreston County,Include,Include,Include,Include,Include,Include,Include
West Virginia,WV,Putnam County,WVPutnam County,Include,Include,Include,Include,Include,Include,Include
West Virginia,WV,Raleigh County,WVRaleigh County,Include,Include,Include,Include,Include,Include,Include
West Virginia,WV,Randolph County,WVRandolph County,Include,Include,Include,Include,Include,Include,Include
West Virginia,WV,Ritchie County,WVRitchie County,Include,Include,Include,Include,Include,Include,Include
West Virginia,WV,Roane County,WVRoane County,Include,Include,Include,Include,Include,Include,Include
West Virginia,WV,Summers County,WVSummers County,Include,Include,Include,Include,Include,Include,Include
West Virginia,WV,Taylor County,WVTaylor County,Include,Include,Include,Include,Include,Include,Include
West Virginia,WV,Tucker County,WVTucker County,Include,Include,Include,Include,Include,Include,Include
West Virginia,WV,Tyler County,WVTyler County,Include,Include,Include,Include,Include,Include,Include
West Virginia,WV,Upshur County,WVUpshur County,Include,Include,Include,Include,Include,Include,Include
West Virginia,WV,Wayne County,WVWayne County,Include,Include,Include,Include,Include,Include,Include
West Virginia,WV,Webster County,WVWebster County,Include,Include,Include,Include,Include,Include,Include
West Virginia,WV,Wetzel County,WVWetzel County,Include,Include,Include,Include,Include,Include,Include
West Virginia,WV,Wirt County,WVWirt County,Include,Include,Include,Include,Include,Include,Include
West Virginia,WV,Wood County,WVWood County,Include,Include,Include,Include,Include,Include,Include
West Virginia,WV,Wyoming County,WVWyoming County,Include,Include,Include,Include,Include,Include,Include
Wisconsin,WI,Adams County,WIAdams County,Include,Include,Include,Include,Include,Include,Include
Wisconsin,WI,Ashland County,WIAshland County,Include,Include,Include,Include,Include,Include,Include
Wisconsin,WI,Barron County,WIBarron County,Include,Include,Include,Include,Include,Include,Include
Wisconsin,WI,Bayfield County,WIBayfield County,Include,Include,Include,Include,Include,Include,Include
Wisconsin,WI,Brown County,WIBrown County,Include,Include,Include,Include,Include,Include,Include
Wisconsin,WI,Buffalo County,WIBuffalo County,Include,Include,Include,Include,Include,Include,Include
Wisconsin,WI,Burnett County,WIBurnett County,Include,Include,Include,Include,Include,Include,Include
Wisconsin,WI,Calumet County,WICalumet County,Include,Include,Include,Include,Include,Include,Include
Wisconsin,WI,Chippewa County,WIChippewa County,Include,Include,Include,Include,Include,Include,Include
Wisconsin,WI,Clark County,WIClark County,Include,Include,Include,Include,Include,Include,Include
Wisconsin,WI,Columbia County,WIColumbia County,Include,Include,Include,Include,Include,Include,Include
Wisconsin,WI,Crawford County,WICrawford County,Include,Include,Include,Include,Include,Include,Include
Wisconsin,WI,Dane County,WIDane County,Include,Include,Include,Include,Include,Include,Include
Wisconsin,WI,Dodge County,WIDodge County,Include,Include,Include,Include,Include,Include,Include
Wisconsin,WI,Door County,WIDoor County,Include,Include,Include,Include,Include,Include,Include
Wisconsin,WI,Douglas County,WIDouglas County,Include,Include,Include,Include,Include,Include,Include
Wisconsin,WI,Dunn County,WIDunn County,Include,Include,Include,Include,Include,Include,Include
Wisconsin,WI,Eau Claire County,WIEau Claire County,Include,Include,Include,Include,Include,Include,Include
Wisconsin,WI,Florence County,WIFlorence County,Include,Include,Include,Include,Include,Include,Include
Wisconsin,WI,Fond du Lac County,WIFond du Lac County,Include,Include,Include,Include,Include,Include,Include
Wisconsin,WI,Forest County,WIForest County,Include,Include,Include,Include,Include,Include,Include
Wisconsin,WI,Grant County,WIGrant County,Include,Include,Include,Include,Include,Include,Include
Wisconsin,WI,Green County,WIGreen County,Include,Include,Include,Include,Include,Include,Include
Wisconsin,WI,Green Lake County,WIGreen Lake County,Include,Include,Include,Include,Include,Include,Include
Wisconsin,WI,Iowa County,WIIowa County,Include,Include,Include,Include,Include,Include,Include
Wisconsin,WI,Iron County,WIIron County,Include,Include,Include,Include,Include,Include,Include
Wisconsin,WI,Jackson County,WIJackson County,Include,Include,Include,Include,Include,Include,Include
Wisconsin,WI,Jefferson County,WIJefferson County,Include,Include,Include,Include,Include,Include,Include
Wisconsin,WI,Juneau County,WIJuneau County,Include,Include,Include,Include,Include,Include,Include
Wisconsin,WI,KeExcludesha County,WIKeExcludesha County,Include,Include,Include,Include,Include,Include,Include
Wisconsin,WI,Kewaunee County,WIKewaunee County,Include,Include,Include,Include,Include,Include,Include
Wisconsin,WI,La Crosse County,WILa Crosse County,Include,Include,Include,Include,Include,Include,Include
Wisconsin,WI,Lafayette County,WILafayette County,Include,Include,Include,Include,Include,Include,Include
Wisconsin,WI,Langlade County,WILanglade County,Include,Include,Include,Include,Include,Include,Include
Wisconsin,WI,Lincoln County,WILincoln County,Include,Include,Include,Include,Include,Include,Include
Wisconsin,WI,Manitowoc County,WIManitowoc County,Include,Include,Include,Include,Include,Include,Include
Wisconsin,WI,Marathon County,WIMarathon County,Include,Include,Include,Include,Include,Include,Include
Wisconsin,WI,Marinette County,WIMarinette County,Include,Include,Include,Include,Include,Include,Include
Wisconsin,WI,Marquette County,WIMarquette County,Include,Include,Include,Include,Include,Include,Include
Wisconsin,WI,MeExcludeminee County,WIMeExcludeminee County,Include,Include,Include,Include,Include,Include,Include
Wisconsin,WI,Milwaukee County,WIMilwaukee County,Include,Include,Include,Include,Include,Include,Include
Wisconsin,WI,Monroe County,WIMonroe County,Include,Include,Include,Include,Include,Include,Include
Wisconsin,WI,Oconto County,WIOconto County,Include,Include,Include,Include,Include,Include,Include
Wisconsin,WI,Oneida County,WIOneida County,Include,Include,Include,Include,Include,Include,Include
Wisconsin,WI,Outagamie County,WIOutagamie County,Include,Include,Include,Include,Include,Include,Include
Wisconsin,WI,Ozaukee County,WIOzaukee County,Include,Include,Include,Include,Include,Include,Include
Wisconsin,WI,Pepin County,WIPepin County,Include,Include,Include,Include,Include,Include,Include
Wisconsin,WI,Pierce County,WIPierce County,Include,Include,Include,Include,Include,Include,Include
Wisconsin,WI,Polk County,WIPolk County,Include,Include,Include,Include,Include,Include,Include
Wisconsin,WI,Portage County,WIPortage County,Include,Include,Include,Include,Include,Include,Include
Wisconsin,WI,Price County,WIPrice County,Include,Include,Include,Include,Include,Include,Include
Wisconsin,WI,Racine County,WIRacine County,Include,Include,Include,Include,Include,Include,Include
Wisconsin,WI,Richland County,WIRichland County,Include,Include,Include,Include,Include,Include,Include
Wisconsin,WI,Rock County,WIRock County,Include,Include,Include,Include,Include,Include,Include
Wisconsin,WI,Rusk County,WIRusk County,Include,Include,Include,Include,Include,Include,Include
Wisconsin,WI,Sauk County,WISauk County,Include,Include,Include,Include,Include,Include,Include
Wisconsin,WI,Sawyer County,WISawyer County,Include,Include,Include,Include,Include,Include,Include
Wisconsin,WI,ShawaExclude County,WIShawaExclude County,Include,Include,Include,Include,Include,Include,Include
Wisconsin,WI,Sheboygan County,WISheboygan County,Include,Include,Include,Include,Include,Include,Include
Wisconsin,WI,St. Croix County,WISt. Croix County,Include,Include,Include,Include,Include,Include,Include
Wisconsin,WI,Taylor County,WITaylor County,Include,Include,Include,Include,Include,Include,Include
Wisconsin,WI,Trempealeau County,WITrempealeau County,Include,Include,Include,Include,Include,Include,Include
Wisconsin,WI,VerExcluden County,WIVerExcluden County,Include,Include,Include,Include,Include,Include,Include
Wisconsin,WI,Vilas County,WIVilas County,Include,Include,Include,Include,Include,Include,Include
Wisconsin,WI,Walworth County,WIWalworth County,Include,Include,Include,Include,Include,Include,Include
Wisconsin,WI,Washburn County,WIWashburn County,Include,Include,Include,Include,Include,Include,Include
Wisconsin,WI,Washington County,WIWashington County,Include,Include,Include,Include,Include,Include,Include
Wisconsin,WI,Waukesha County,WIWaukesha County,Include,Include,Include,Include,Include,Include,Include
Wisconsin,WI,Waupaca County,WIWaupaca County,Include,Include,Include,Include,Include,Include,Include
Wisconsin,WI,Waushara County,WIWaushara County,Include,Include,Include,Include,Include,Include,Include
Wisconsin,WI,Winnebago County,WIWinnebago County,Include,Include,Include,Include,Include,Include,Include
Wisconsin,WI,Wood County,WIWood County,Include,Include,Include,Include,Include,Include,Include
Wyoming,WY,Albany County,WYAlbany County,Include,Include,Include,Include,Include,Include,Include
Wyoming,WY,Big Horn County,WYBig Horn County,Include,Include,Include,Include,Include,Include,Include
Wyoming,WY,Campbell County,WYCampbell County,Include,Include,Include,Include,Include,Include,Include
Wyoming,WY,Carbon County,WYCarbon County,Include,Include,Include,Include,Include,Include,Include
Wyoming,WY,Converse County,WYConverse County,Include,Include,Include,Include,Include,Include,Include
Wyoming,WY,Crook County,WYCrook County,Include,Include,Include,Include,Include,Include,Include
Wyoming,WY,Fremont County,WYFremont County,Include,Include,Include,Include,Include,Include,Include
Wyoming,WY,Goshen County,WYGoshen County,Include,Include,Include,Include,Include,Include,Include
Wyoming,WY,Hot Springs County,WYHot Springs County,Include,Include,Include,Include,Include,Include,Include
Wyoming,WY,Johnson County,WYJohnson County,Include,Include,Include,Include,Include,Include,Include
Wyoming,WY,Laramie County,WYLaramie County,Include,Include,Include,Include,Include,Include,Include
Wyoming,WY,Lincoln County,WYLincoln County,Include,Include,Include,Include,Include,Include,Include
Wyoming,WY,Natrona County,WYNatrona County,Include,Include,Include,Include,Include,Include,Include
Wyoming,WY,Niobrara County,WYNiobrara County,Include,Include,Include,Include,Include,Include,Include
Wyoming,WY,Park County,WYPark County,Include,Include,Include,Include,Include,Include,Include
Wyoming,WY,Platte County,WYPlatte County,Include,Include,Include,Include,Include,Include,Include
Wyoming,WY,Sheridan County,WYSheridan County,Include,Include,Include,Include,Include,Include,Include
Wyoming,WY,Sublette County,WYSublette County,Include,Include,Include,Include,Include,Include,Include
Wyoming,WY,Sweetwater County,WYSweetwater County,Include,Include,Include,Include,Include,Include,Include
Wyoming,WY,Teton County,WYTeton County,Include,Include,Include,Include,Include,Include,Include
Wyoming,WY,Uinta County,WYUinta County,Include,Include,Include,Include,Include,Include,Include
Wyoming,WY,Washakie County,WYWashakie County,Include,Include,Include,Include,Include,Include,Include
Wyoming,WY,Weston County,WYWeston County,Include,Include,Include,Include,Include,Include,Include