ISO STATE NUM,STATE,ISO TERRITORY BG1,ISO TERR NUM,ATC CLASS,ISO.1,ISO.2,ISO.4,ISO.5,ISO.6,ISO.3
1,ALABAMA,BIRMINGHAM,01,AGRICULTURE,0.352500,0.319500,0.229500,0.213000,0.213000,0.280500
1,ALABAMA,BIRMINGHAM,01,AIR,0.151500,0.139500,0.103500,0.091500,0.091500,0.123000
1,ALABAMA,BIRMINGHAM,01,CASINOS,0.844500,0.759000,0.549750,0.505500,0.505500,0.675750
1,ALABAMA,BIRMINGHAM,01,CONSTRUCTION,0.073500,0.066000,0.045000,0.042000,0.042000,0.054000
1,ALABAMA,BIRMINGHAM,01,EDUCATION,0.484500,0.436500,0.316500,0.295500,0.295500,0.390000
1,ALABAMA,BIRMINGHAM,01,EMERGENCY RESPONSE SERVICES,0.271500,0.246000,0.177000,0.168000,0.168000,0.222000
1,ALABAMA,BIRMINGHAM,01,ENTERTAINMENT AND RECREATION,0.535773,0.482318,0.348818,0.321409,0.321409,0.429818
1,ALABAMA,BIRMINGHAM,01,FOOD AND DRUGS PROCESSING,0.614000,0.552500,0.399500,0.368500,0.368500,0.491500
1,ALABAMA,BIRMINGHAM,01,GASOLINE SERVICE STATIONS,0.286500,0.258000,0.186000,0.169500,0.169500,0.229500
1,ALABAMA,BIRMINGHAM,01,GENERAL SERVICES,0.273000,0.249750,0.175500,0.165000,0.165000,0.219000
1,ALABAMA,BIRMINGHAM,01,GROUP INSTITUTIONAL HOUSING,0.266750,0.235800,0.168900,0.156600,0.156600,0.210300
1,ALABAMA,BIRMINGHAM,01,HEALTH CARE SERVICE,0.165000,0.148500,0.108000,0.103500,0.103500,0.135000
1,ALABAMA,BIRMINGHAM,01,HEAVY FABRICATION AND ASSEMBLY,0.703500,0.631500,0.460500,0.426000,0.426000,0.567000
1,ALABAMA,BIRMINGHAM,01,HIGHWAY,0.669000,0.604500,0.435000,0.403500,0.403500,0.537000
1,ALABAMA,BIRMINGHAM,01,LIGHT FABRICATION AND ASSEMBLY,1.638000,1.479500,1.065500,0.988500,0.988500,1.318500
1,ALABAMA,BIRMINGHAM,01,PERMANENT DWELLING (MULTI FAMILY HOUSING),0.443538,0.396857,0.289714,0.265179,0.265179,0.353571
1,ALABAMA,BIRMINGHAM,01,PERMANENT DWELLING (SINGLE FAMILY HOUSING),0.175500,0.159000,0.115500,0.103500,0.103500,0.139500
1,ALABAMA,BIRMINGHAM,01,PERSONAL AND REPAIR SERVICES,0.472833,0.425833,0.308000,0.284333,0.284333,0.379833
1,ALABAMA,BIRMINGHAM,01,PETROLEUM,0.439500,0.395250,0.283500,0.264000,0.264000,0.352500
1,ALABAMA,BIRMINGHAM,01,"PROFESSIONAL, TECHNICAL AND BUSINESS SERVICES",0.312000,0.283500,0.205500,0.189000,0.189000,0.253500
1,ALABAMA,BIRMINGHAM,01,RELIGION AND NONPROFIT,0.236400,0.212100,0.153600,0.143100,0.143100,0.187500
1,ALABAMA,BIRMINGHAM,01,RESTAURANTS,1.041000,0.939000,0.675750,0.629250,0.629250,0.836250
1,ALABAMA,BIRMINGHAM,01,RETAIL TRADE,0.473368,0.427105,0.307500,0.285079,0.285079,0.378474
1,ALABAMA,BIRMINGHAM,01,SANITARY SEWER,1.447500,1.303500,0.937500,0.864000,0.864000,1.159500
1,ALABAMA,BIRMINGHAM,01,TEMPORARY LODGING,0.610500,0.550500,0.396375,0.367500,0.367500,0.488250
1,ALABAMA,BIRMINGHAM,01,WHOLESALE TRADE,0.581400,0.524100,0.378000,0.348900,0.348900,0.464100
1,ALABAMA,CITY OF MOBILE,02,AGRICULTURE,0.172500,0.156000,0.112500,0.103500,0.103500,0.138000
1,ALABAMA,CITY OF MOBILE,02,AIR,0.073500,0.067500,0.051000,0.045000,0.045000,0.060000
1,ALABAMA,CITY OF MOBILE,02,CASINOS,0.412500,0.370500,0.268500,0.247500,0.247500,0.330750
1,ALABAMA,CITY OF MOBILE,02,CONSTRUCTION,0.036000,0.033000,0.022500,0.021000,0.021000,0.027000
1,ALABAMA,CITY OF MOBILE,02,EDUCATION,0.237000,0.213000,0.154500,0.144000,0.144000,0.190500
1,ALABAMA,CITY OF MOBILE,02,EMERGENCY RESPONSE SERVICES,0.133500,0.120000,0.087000,0.082500,0.082500,0.108000
1,ALABAMA,CITY OF MOBILE,02,ENTERTAINMENT AND RECREATION,0.261818,0.235909,0.170455,0.157091,0.157091,0.210273
1,ALABAMA,CITY OF MOBILE,02,FOOD AND DRUGS PROCESSING,0.300500,0.270000,0.195500,0.180000,0.180000,0.240000
1,ALABAMA,CITY OF MOBILE,02,GASOLINE SERVICE STATIONS,0.139500,0.126000,0.091500,0.082500,0.082500,0.112500
1,ALABAMA,CITY OF MOBILE,02,GENERAL SERVICES,0.132750,0.122250,0.085500,0.080250,0.080250,0.106500
1,ALABAMA,CITY OF MOBILE,02,GROUP INSTITUTIONAL HOUSING,0.128400,0.114900,0.082500,0.076800,0.076800,0.102300
1,ALABAMA,CITY OF MOBILE,02,HEALTH CARE SERVICE,0.081000,0.073500,0.052500,0.051000,0.051000,0.066000
1,ALABAMA,CITY OF MOBILE,02,HEAVY FABRICATION AND ASSEMBLY,0.343500,0.309000,0.225000,0.208500,0.208500,0.277500
1,ALABAMA,CITY OF MOBILE,02,HIGHWAY,0.327000,0.295500,0.213000,0.198000,0.198000,0.262500
1,ALABAMA,CITY OF MOBILE,02,LIGHT FABRICATION AND ASSEMBLY,0.801000,0.723500,0.521000,0.483500,0.483500,0.644500
1,ALABAMA,CITY OF MOBILE,02,PERMANENT DWELLING (MULTI FAMILY HOUSING),0.216321,0.194357,0.142179,0.129750,0.129750,0.173250
1,ALABAMA,CITY OF MOBILE,02,PERMANENT DWELLING (SINGLE FAMILY HOUSING),0.085500,0.078000,0.057000,0.051000,0.051000,0.067500
1,ALABAMA,CITY OF MOBILE,02,PERSONAL AND REPAIR SERVICES,0.231167,0.208000,0.150667,0.138833,0.138833,0.185500
1,ALABAMA,CITY OF MOBILE,02,PETROLEUM,0.214500,0.193500,0.138750,0.128250,0.128250,0.172500
1,ALABAMA,CITY OF MOBILE,02,"PROFESSIONAL, TECHNICAL AND BUSINESS SERVICES",0.153000,0.138000,0.100500,0.093000,0.093000,0.123000
1,ALABAMA,CITY OF MOBILE,02,RELIGION AND NONPROFIT,0.115500,0.103500,0.075300,0.069900,0.069900,0.091800
1,ALABAMA,CITY OF MOBILE,02,RESTAURANTS,0.508500,0.459000,0.330000,0.307500,0.307500,0.408750
1,ALABAMA,CITY OF MOBILE,02,RETAIL TRADE,0.231553,0.208816,0.150553,0.139263,0.139263,0.185289
1,ALABAMA,CITY OF MOBILE,02,SANITARY SEWER,0.708000,0.637500,0.459000,0.423000,0.423000,0.567000
1,ALABAMA,CITY OF MOBILE,02,TEMPORARY LODGING,0.298500,0.269250,0.193875,0.179625,0.179625,0.238875
1,ALABAMA,CITY OF MOBILE,02,WHOLESALE TRADE,0.284100,0.256200,0.184800,0.170700,0.170700,0.227100
1,ALABAMA,BALANCE OF STATE (ALABAMA),08,AGRICULTURE,0.223500,0.202500,0.145500,0.135000,0.135000,0.178500
1,ALABAMA,BALANCE OF STATE (ALABAMA),08,AIR,0.096000,0.088500,0.066000,0.058500,0.058500,0.078000
1,ALABAMA,BALANCE OF STATE (ALABAMA),08,CASINOS,0.536250,0.481500,0.348750,0.321000,0.321000,0.429000
1,ALABAMA,BALANCE OF STATE (ALABAMA),08,CONSTRUCTION,0.046500,0.042000,0.028500,0.027000,0.027000,0.034500
1,ALABAMA,BALANCE OF STATE (ALABAMA),08,EDUCATION,0.307500,0.277500,0.201000,0.187500,0.187500,0.247500
1,ALABAMA,BALANCE OF STATE (ALABAMA),08,EMERGENCY RESPONSE SERVICES,0.172500,0.156000,0.112500,0.106500,0.106500,0.141000
1,ALABAMA,BALANCE OF STATE (ALABAMA),08,ENTERTAINMENT AND RECREATION,0.340227,0.306273,0.221455,0.204000,0.204000,0.272864
1,ALABAMA,BALANCE OF STATE (ALABAMA),08,FOOD AND DRUGS PROCESSING,0.390000,0.350500,0.253500,0.234000,0.234000,0.312000
1,ALABAMA,BALANCE OF STATE (ALABAMA),08,GASOLINE SERVICE STATIONS,0.181500,0.163500,0.118500,0.108000,0.108000,0.145500
1,ALABAMA,BALANCE OF STATE (ALABAMA),08,GENERAL SERVICES,0.173250,0.158250,0.111750,0.105000,0.105000,0.138750
1,ALABAMA,BALANCE OF STATE (ALABAMA),08,GROUP INSTITUTIONAL HOUSING,0.167100,0.149400,0.107400,0.099300,0.099300,0.133200
1,ALABAMA,BALANCE OF STATE (ALABAMA),08,HEALTH CARE SERVICE,0.105000,0.094500,0.069000,0.066000,0.066000,0.085500
1,ALABAMA,BALANCE OF STATE (ALABAMA),08,HEAVY FABRICATION AND ASSEMBLY,0.447000,0.400500,0.292500,0.270000,0.270000,0.360000
1,ALABAMA,BALANCE OF STATE (ALABAMA),08,HIGHWAY,0.424500,0.384000,0.276000,0.256500,0.256500,0.340500
1,ALABAMA,BALANCE OF STATE (ALABAMA),08,LIGHT FABRICATION AND ASSEMBLY,1.040000,0.939000,0.676500,0.627500,0.627500,0.837000
1,ALABAMA,BALANCE OF STATE (ALABAMA),08,PERMANENT DWELLING (MULTI FAMILY HOUSING),0.280714,0.251893,0.184071,0.168536,0.168536,0.224786
1,ALABAMA,BALANCE OF STATE (ALABAMA),08,PERMANENT DWELLING (SINGLE FAMILY HOUSING),0.111000,0.100500,0.073500,0.066000,0.066000,0.088500
1,ALABAMA,BALANCE OF STATE (ALABAMA),08,PERSONAL AND REPAIR SERVICES,0.300167,0.270333,0.195500,0.180333,0.180333,0.241167
1,ALABAMA,BALANCE OF STATE (ALABAMA),08,PETROLEUM,0.279000,0.251250,0.180000,0.167250,0.167250,0.223500
1,ALABAMA,BALANCE OF STATE (ALABAMA),08,"PROFESSIONAL, TECHNICAL AND BUSINESS SERVICES",0.198000,0.180000,0.130500,0.120000,0.120000,0.160500
1,ALABAMA,BALANCE OF STATE (ALABAMA),08,RELIGION AND NONPROFIT,0.150000,0.135000,0.097500,0.090600,0.090600,0.119400
1,ALABAMA,BALANCE OF STATE (ALABAMA),08,RESTAURANTS,0.660750,0.596250,0.429000,0.399750,0.399750,0.531000
1,ALABAMA,BALANCE OF STATE (ALABAMA),08,RETAIL TRADE,0.300553,0.271105,0.195237,0.180947,0.180947,0.240395
1,ALABAMA,BALANCE OF STATE (ALABAMA),08,SANITARY SEWER,0.919500,0.828000,0.595500,0.549000,0.549000,0.736500
1,ALABAMA,BALANCE OF STATE (ALABAMA),08,TEMPORARY LODGING,0.387750,0.349500,0.251625,0.233250,0.233250,0.310125
1,ALABAMA,BALANCE OF STATE (ALABAMA),08,WHOLESALE TRADE,0.369300,0.332700,0.240000,0.221400,0.221400,0.294900
2,ARIZONA,PHOENIX,01,AGRICULTURE,0.109000,0.100000,0.072000,0.068000,0.068000,0.089000
2,ARIZONA,PHOENIX,01,AIR,0.039000,0.036000,0.026000,0.026000,0.026000,0.033000
2,ARIZONA,PHOENIX,01,CASINOS,0.221000,0.198500,0.145500,0.132000,0.132000,0.179500
2,ARIZONA,PHOENIX,01,CONSTRUCTION,0.045000,0.041000,0.029000,0.027000,0.027000,0.035000
2,ARIZONA,PHOENIX,01,EDUCATION,0.048000,0.044000,0.030000,0.029000,0.029000,0.039000
2,ARIZONA,PHOENIX,01,EMERGENCY RESPONSE SERVICES,0.035000,0.032000,0.024000,0.023000,0.023000,0.029000
2,ARIZONA,PHOENIX,01,ENTERTAINMENT AND RECREATION,0.141636,0.127727,0.091364,0.084636,0.084636,0.112182
2,ARIZONA,PHOENIX,01,FOOD AND DRUGS PROCESSING,0.221667,0.200000,0.145000,0.133333,0.133333,0.178667
2,ARIZONA,PHOENIX,01,GASOLINE SERVICE STATIONS,0.080000,0.071000,0.050000,0.048000,0.048000,0.065000
2,ARIZONA,PHOENIX,01,GENERAL SERVICES,0.035500,0.031500,0.025000,0.022000,0.022000,0.028000
2,ARIZONA,PHOENIX,01,GROUP INSTITUTIONAL HOUSING,0.064400,0.059200,0.042800,0.038800,0.038800,0.053200
2,ARIZONA,PHOENIX,01,HEALTH CARE SERVICE,0.032000,0.027000,0.021000,0.021000,0.021000,0.027000
2,ARIZONA,PHOENIX,01,HEAVY FABRICATION AND ASSEMBLY,0.124000,0.110000,0.080000,0.072000,0.072000,0.098000
2,ARIZONA,PHOENIX,01,HIGHWAY,0.118000,0.104000,0.077000,0.069000,0.069000,0.092000
2,ARIZONA,PHOENIX,01,LIGHT FABRICATION AND ASSEMBLY,0.262333,0.236667,0.170667,0.157000,0.157000,0.211333
2,ARIZONA,PHOENIX,01,PERMANENT DWELLING (MULTI FAMILY HOUSING),0.214357,0.193357,0.139286,0.129286,0.129286,0.171214
2,ARIZONA,PHOENIX,01,PERMANENT DWELLING (SINGLE FAMILY HOUSING),0.044000,0.041000,0.030000,0.029000,0.029000,0.036000
2,ARIZONA,PHOENIX,01,PERSONAL AND REPAIR SERVICES,0.115556,0.103889,0.075222,0.068889,0.068889,0.092556
2,ARIZONA,PHOENIX,01,PETROLEUM,0.075500,0.067500,0.049500,0.044500,0.044500,0.060000
2,ARIZONA,PHOENIX,01,"PROFESSIONAL, TECHNICAL AND BUSINESS SERVICES",0.062000,0.056000,0.042000,0.039000,0.039000,0.050000
2,ARIZONA,PHOENIX,01,RELIGION AND NONPROFIT,0.055600,0.050000,0.035400,0.034400,0.034400,0.045200
2,ARIZONA,PHOENIX,01,RESTAURANTS,0.158000,0.142000,0.102000,0.094500,0.094500,0.127000
2,ARIZONA,PHOENIX,01,RETAIL TRADE,0.132526,0.119684,0.086789,0.080474,0.080474,0.106579
2,ARIZONA,PHOENIX,01,SANITARY SEWER,0.249000,0.227000,0.162000,0.149000,0.149000,0.199000
2,ARIZONA,PHOENIX,01,TEMPORARY LODGING,0.062000,0.055500,0.040000,0.037750,0.037750,0.049500
2,ARIZONA,PHOENIX,01,WHOLESALE TRADE,0.100400,0.090200,0.064800,0.060200,0.060200,0.079800
2,ARIZONA,TUCSON,02,AGRICULTURE,0.062000,0.057000,0.041000,0.039000,0.039000,0.051000
2,ARIZONA,TUCSON,02,AIR,0.022000,0.021000,0.015000,0.015000,0.015000,0.019000
2,ARIZONA,TUCSON,02,CASINOS,0.126000,0.113000,0.083000,0.075000,0.075000,0.102000
2,ARIZONA,TUCSON,02,CONSTRUCTION,0.026000,0.023000,0.016000,0.015000,0.015000,0.020000
2,ARIZONA,TUCSON,02,EDUCATION,0.027000,0.025000,0.017000,0.016000,0.016000,0.022000
2,ARIZONA,TUCSON,02,EMERGENCY RESPONSE SERVICES,0.020000,0.018000,0.014000,0.013000,0.013000,0.016000
2,ARIZONA,TUCSON,02,ENTERTAINMENT AND RECREATION,0.080364,0.072636,0.051909,0.048000,0.048000,0.063727
2,ARIZONA,TUCSON,02,FOOD AND DRUGS PROCESSING,0.126000,0.113667,0.082333,0.075667,0.075667,0.101333
2,ARIZONA,TUCSON,02,GASOLINE SERVICE STATIONS,0.045000,0.040000,0.028000,0.027000,0.027000,0.037000
2,ARIZONA,TUCSON,02,GENERAL SERVICES,0.020500,0.018000,0.014500,0.012500,0.012500,0.015500
2,ARIZONA,TUCSON,02,GROUP INSTITUTIONAL HOUSING,0.036600,0.034000,0.024400,0.022200,0.022200,0.029800
2,ARIZONA,TUCSON,02,HEALTH CARE SERVICE,0.018000,0.015000,0.012000,0.012000,0.012000,0.015000
2,ARIZONA,TUCSON,02,HEAVY FABRICATION AND ASSEMBLY,0.070000,0.063000,0.045000,0.041000,0.041000,0.056000
2,ARIZONA,TUCSON,02,HIGHWAY,0.067000,0.059000,0.044000,0.039000,0.039000,0.052000
2,ARIZONA,TUCSON,02,LIGHT FABRICATION AND ASSEMBLY,0.149333,0.135000,0.097000,0.089667,0.089667,0.120333
2,ARIZONA,TUCSON,02,PERMANENT DWELLING (MULTI FAMILY HOUSING),0.121857,0.109786,0.079143,0.073429,0.073429,0.097500
2,ARIZONA,TUCSON,02,PERMANENT DWELLING (SINGLE FAMILY HOUSING),0.025000,0.023000,0.017000,0.016000,0.016000,0.021000
2,ARIZONA,TUCSON,02,PERSONAL AND REPAIR SERVICES,0.065778,0.058889,0.042889,0.039111,0.039111,0.052556
2,ARIZONA,TUCSON,02,PETROLEUM,0.043000,0.038500,0.028000,0.025500,0.025500,0.034500
2,ARIZONA,TUCSON,02,"PROFESSIONAL, TECHNICAL AND BUSINESS SERVICES",0.035000,0.032000,0.024000,0.022000,0.022000,0.028000
2,ARIZONA,TUCSON,02,RELIGION AND NONPROFIT,0.032000,0.028000,0.020400,0.019400,0.019400,0.025600
2,ARIZONA,TUCSON,02,RESTAURANTS,0.089500,0.080500,0.058000,0.053500,0.053500,0.072000
2,ARIZONA,TUCSON,02,RETAIL TRADE,0.075368,0.068105,0.049368,0.045737,0.045737,0.060632
2,ARIZONA,TUCSON,02,SANITARY SEWER,0.142000,0.129000,0.092000,0.085000,0.085000,0.113000
2,ARIZONA,TUCSON,02,TEMPORARY LODGING,0.035250,0.031500,0.022500,0.021500,0.021500,0.028000
2,ARIZONA,TUCSON,02,WHOLESALE TRADE,0.056800,0.051200,0.036800,0.034400,0.034400,0.045600
2,ARIZONA,BALANCE OF STATE (ARIZONA),08,AGRICULTURE,0.072000,0.066000,0.048000,0.045000,0.045000,0.059000
2,ARIZONA,BALANCE OF STATE (ARIZONA),08,AIR,0.026000,0.024000,0.017000,0.017000,0.017000,0.022000
2,ARIZONA,BALANCE OF STATE (ARIZONA),08,CASINOS,0.146500,0.131500,0.096500,0.087500,0.087500,0.119000
2,ARIZONA,BALANCE OF STATE (ARIZONA),08,CONSTRUCTION,0.030000,0.027000,0.019000,0.018000,0.018000,0.023000
2,ARIZONA,BALANCE OF STATE (ARIZONA),08,EDUCATION,0.032000,0.029000,0.020000,0.019000,0.019000,0.026000
2,ARIZONA,BALANCE OF STATE (ARIZONA),08,EMERGENCY RESPONSE SERVICES,0.023000,0.021000,0.016000,0.015000,0.015000,0.019000
2,ARIZONA,BALANCE OF STATE (ARIZONA),08,ENTERTAINMENT AND RECREATION,0.093727,0.084545,0.060455,0.056000,0.056000,0.074273
2,ARIZONA,BALANCE OF STATE (ARIZONA),08,FOOD AND DRUGS PROCESSING,0.146667,0.132333,0.096000,0.088333,0.088333,0.118333
2,ARIZONA,BALANCE OF STATE (ARIZONA),08,GASOLINE SERVICE STATIONS,0.053000,0.047000,0.033000,0.032000,0.032000,0.043000
2,ARIZONA,BALANCE OF STATE (ARIZONA),08,GENERAL SERVICES,0.023500,0.021000,0.016500,0.014500,0.014500,0.018500
2,ARIZONA,BALANCE OF STATE (ARIZONA),08,GROUP INSTITUTIONAL HOUSING,0.042800,0.039400,0.028200,0.025800,0.025800,0.035200
2,ARIZONA,BALANCE OF STATE (ARIZONA),08,HEALTH CARE SERVICE,0.021000,0.018000,0.014000,0.014000,0.014000,0.018000
2,ARIZONA,BALANCE OF STATE (ARIZONA),08,HEAVY FABRICATION AND ASSEMBLY,0.082000,0.073000,0.053000,0.048000,0.048000,0.065000
2,ARIZONA,BALANCE OF STATE (ARIZONA),08,HIGHWAY,0.078000,0.069000,0.051000,0.046000,0.046000,0.061000
2,ARIZONA,BALANCE OF STATE (ARIZONA),08,LIGHT FABRICATION AND ASSEMBLY,0.173667,0.157000,0.113000,0.104000,0.104000,0.140000
2,ARIZONA,BALANCE OF STATE (ARIZONA),08,PERMANENT DWELLING (MULTI FAMILY HOUSING),0.141929,0.128143,0.092214,0.085643,0.085643,0.113357
2,ARIZONA,BALANCE OF STATE (ARIZONA),08,PERMANENT DWELLING (SINGLE FAMILY HOUSING),0.029000,0.027000,0.020000,0.019000,0.019000,0.024000
2,ARIZONA,BALANCE OF STATE (ARIZONA),08,PERSONAL AND REPAIR SERVICES,0.076556,0.068778,0.049889,0.045667,0.045667,0.061333
2,ARIZONA,BALANCE OF STATE (ARIZONA),08,PETROLEUM,0.050000,0.045000,0.033000,0.029500,0.029500,0.040000
2,ARIZONA,BALANCE OF STATE (ARIZONA),08,"PROFESSIONAL, TECHNICAL AND BUSINESS SERVICES",0.041000,0.037000,0.028000,0.026000,0.026000,0.033000
2,ARIZONA,BALANCE OF STATE (ARIZONA),08,RELIGION AND NONPROFIT,0.037000,0.033000,0.023600,0.022600,0.022600,0.029800
2,ARIZONA,BALANCE OF STATE (ARIZONA),08,RESTAURANTS,0.104500,0.094000,0.067500,0.062500,0.062500,0.084000
2,ARIZONA,BALANCE OF STATE (ARIZONA),08,RETAIL TRADE,0.087737,0.079263,0.057526,0.053263,0.053263,0.070579
2,ARIZONA,BALANCE OF STATE (ARIZONA),08,SANITARY SEWER,0.165000,0.150000,0.107000,0.099000,0.099000,0.132000
2,ARIZONA,BALANCE OF STATE (ARIZONA),08,TEMPORARY LODGING,0.041000,0.036750,0.026500,0.025000,0.025000,0.032750
2,ARIZONA,BALANCE OF STATE (ARIZONA),08,WHOLESALE TRADE,0.066400,0.059800,0.043000,0.040000,0.040000,0.053000
3,ARKANSAS,ENTIRE STATE (ARKANSAS),09,AGRICULTURE,0.192000,0.174000,0.125000,0.116000,0.116000,0.155000
3,ARKANSAS,ENTIRE STATE (ARKANSAS),09,AIR,0.071000,0.064000,0.047000,0.043000,0.043000,0.058000
3,ARKANSAS,ENTIRE STATE (ARKANSAS),09,CASINOS,0.327500,0.295000,0.214000,0.196500,0.196500,0.263000
3,ARKANSAS,ENTIRE STATE (ARKANSAS),09,CONSTRUCTION,0.213000,0.191000,0.138000,0.127000,0.127000,0.170000
3,ARKANSAS,ENTIRE STATE (ARKANSAS),09,EDUCATION,0.120000,0.107000,0.077000,0.072000,0.072000,0.095000
3,ARKANSAS,ENTIRE STATE (ARKANSAS),09,EMERGENCY RESPONSE SERVICES,0.103000,0.095000,0.067000,0.062000,0.062000,0.083000
3,ARKANSAS,ENTIRE STATE (ARKANSAS),09,ENTERTAINMENT AND RECREATION,0.208818,0.187364,0.135545,0.125091,0.125091,0.167000
3,ARKANSAS,ENTIRE STATE (ARKANSAS),09,FOOD AND DRUGS PROCESSING,0.465667,0.419667,0.303667,0.279000,0.279000,0.373000
3,ARKANSAS,ENTIRE STATE (ARKANSAS),09,GASOLINE SERVICE STATIONS,0.134000,0.121000,0.086000,0.081000,0.081000,0.107000
3,ARKANSAS,ENTIRE STATE (ARKANSAS),09,GENERAL SERVICES,0.105000,0.095500,0.067500,0.062500,0.062500,0.083000
3,ARKANSAS,ENTIRE STATE (ARKANSAS),09,GROUP INSTITUTIONAL HOUSING,0.144400,0.130200,0.093800,0.087400,0.087400,0.116600
3,ARKANSAS,ENTIRE STATE (ARKANSAS),09,HEALTH CARE SERVICE,0.086000,0.078000,0.056000,0.052000,0.052000,0.070000
3,ARKANSAS,ENTIRE STATE (ARKANSAS),09,HEAVY FABRICATION AND ASSEMBLY,0.212000,0.190000,0.139000,0.128000,0.128000,0.171000
3,ARKANSAS,ENTIRE STATE (ARKANSAS),09,HIGHWAY,0.202000,0.182000,0.131000,0.121000,0.121000,0.161000
3,ARKANSAS,ENTIRE STATE (ARKANSAS),09,LIGHT FABRICATION AND ASSEMBLY,0.590667,0.532667,0.384333,0.356333,0.356333,0.474667
3,ARKANSAS,ENTIRE STATE (ARKANSAS),09,PERMANENT DWELLING (MULTI FAMILY HOUSING),0.231714,0.208429,0.150214,0.139000,0.139000,0.185857
3,ARKANSAS,ENTIRE STATE (ARKANSAS),09,PERMANENT DWELLING (SINGLE FAMILY HOUSING),0.107000,0.097000,0.069000,0.064000,0.064000,0.086000
3,ARKANSAS,ENTIRE STATE (ARKANSAS),09,PERSONAL AND REPAIR SERVICES,0.236667,0.213333,0.153778,0.141667,0.141667,0.189667
3,ARKANSAS,ENTIRE STATE (ARKANSAS),09,PETROLEUM,0.132500,0.118500,0.085500,0.078000,0.078000,0.106000
3,ARKANSAS,ENTIRE STATE (ARKANSAS),09,"PROFESSIONAL, TECHNICAL AND BUSINESS SERVICES",0.200000,0.180000,0.131000,0.122000,0.122000,0.162000
3,ARKANSAS,ENTIRE STATE (ARKANSAS),09,RELIGION AND NONPROFIT,0.128200,0.115800,0.084200,0.077800,0.077800,0.103400
3,ARKANSAS,ENTIRE STATE (ARKANSAS),09,RESTAURANTS,0.263500,0.237000,0.171000,0.159500,0.159500,0.211500
3,ARKANSAS,ENTIRE STATE (ARKANSAS),09,RETAIL TRADE,0.231000,0.208000,0.150000,0.138842,0.138842,0.184895
3,ARKANSAS,ENTIRE STATE (ARKANSAS),09,SANITARY SEWER,0.435000,0.392000,0.282000,0.261000,0.261000,0.349000
3,ARKANSAS,ENTIRE STATE (ARKANSAS),09,TEMPORARY LODGING,0.228250,0.205250,0.148500,0.137000,0.137000,0.183250
3,ARKANSAS,ENTIRE STATE (ARKANSAS),09,WHOLESALE TRADE,0.175000,0.157600,0.114000,0.105200,0.105200,0.139600
4,CALIFORNIA,CITY OF LOS ANGELES,01,AGRICULTURE,0.148750,0.136250,0.097500,0.088750,0.088750,0.122500
4,CALIFORNIA,CITY OF LOS ANGELES,01,AIR,0.065000,0.057500,0.041250,0.036250,0.036250,0.050000
4,CALIFORNIA,CITY OF LOS ANGELES,01,CASINOS,0.377500,0.338750,0.243125,0.225000,0.225000,0.301250
4,CALIFORNIA,CITY OF LOS ANGELES,01,CONSTRUCTION,0.123750,0.112500,0.078750,0.073750,0.073750,0.097500
4,CALIFORNIA,CITY OF LOS ANGELES,01,EDUCATION,0.115000,0.102500,0.073750,0.068750,0.068750,0.091250
4,CALIFORNIA,CITY OF LOS ANGELES,01,EMERGENCY RESPONSE SERVICES,0.055000,0.052500,0.036250,0.033750,0.033750,0.045000
4,CALIFORNIA,CITY OF LOS ANGELES,01,ENTERTAINMENT AND RECREATION,0.239773,0.215909,0.156591,0.143636,0.143636,0.192841
4,CALIFORNIA,CITY OF LOS ANGELES,01,FOOD AND DRUGS PROCESSING,0.145833,0.130000,0.095833,0.086667,0.086667,0.116250
4,CALIFORNIA,CITY OF LOS ANGELES,01,GASOLINE SERVICE STATIONS,0.122500,0.107500,0.078750,0.071250,0.071250,0.096250
4,CALIFORNIA,CITY OF LOS ANGELES,01,GENERAL SERVICES,0.056250,0.051250,0.037500,0.035000,0.035000,0.046250
4,CALIFORNIA,CITY OF LOS ANGELES,01,GROUP INSTITUTIONAL HOUSING,0.149500,0.135250,0.096000,0.090000,0.090000,0.121250
4,CALIFORNIA,CITY OF LOS ANGELES,01,HEALTH CARE SERVICE,0.041250,0.038750,0.026250,0.023750,0.023750,0.031250
4,CALIFORNIA,CITY OF LOS ANGELES,01,HEAVY FABRICATION AND ASSEMBLY,0.157500,0.143750,0.105000,0.093750,0.093750,0.128750
4,CALIFORNIA,CITY OF LOS ANGELES,01,HIGHWAY,0.151250,0.138750,0.096250,0.091250,0.091250,0.122500
4,CALIFORNIA,CITY OF LOS ANGELES,01,LIGHT FABRICATION AND ASSEMBLY,0.233333,0.211250,0.152500,0.141250,0.141250,0.187917
4,CALIFORNIA,CITY OF LOS ANGELES,01,PERMANENT DWELLING (MULTI FAMILY HOUSING),0.251429,0.225714,0.163393,0.150446,0.150446,0.201964
4,CALIFORNIA,CITY OF LOS ANGELES,01,PERMANENT DWELLING (SINGLE FAMILY HOUSING),0.117500,0.110000,0.078750,0.068750,0.068750,0.093750
4,CALIFORNIA,CITY OF LOS ANGELES,01,PERSONAL AND REPAIR SERVICES,0.182222,0.163472,0.119028,0.109028,0.109028,0.144861
4,CALIFORNIA,CITY OF LOS ANGELES,01,PETROLEUM,0.098125,0.090000,0.066250,0.062500,0.062500,0.080000
4,CALIFORNIA,CITY OF LOS ANGELES,01,"PROFESSIONAL, TECHNICAL AND BUSINESS SERVICES",0.078750,0.071250,0.052500,0.045000,0.045000,0.065000
4,CALIFORNIA,CITY OF LOS ANGELES,01,RELIGION AND NONPROFIT,0.139500,0.126000,0.089500,0.087000,0.087000,0.114000
4,CALIFORNIA,CITY OF LOS ANGELES,01,RESTAURANTS,0.252500,0.226875,0.165000,0.151875,0.151875,0.201875
4,CALIFORNIA,CITY OF LOS ANGELES,01,RETAIL TRADE,0.184408,0.166645,0.120461,0.110526,0.110526,0.147961
4,CALIFORNIA,CITY OF LOS ANGELES,01,SANITARY SEWER,0.330000,0.293750,0.212500,0.196250,0.196250,0.265000
4,CALIFORNIA,CITY OF LOS ANGELES,01,TEMPORARY LODGING,0.181875,0.165625,0.118438,0.110000,0.110000,0.145938
4,CALIFORNIA,CITY OF LOS ANGELES,01,WHOLESALE TRADE,0.133500,0.118500,0.085750,0.080000,0.080000,0.103750
4,CALIFORNIA,CITY OF SAN DIEGO,05,AGRICULTURE,0.056250,0.052500,0.037500,0.033750,0.033750,0.046250
4,CALIFORNIA,CITY OF SAN DIEGO,05,AIR,0.025000,0.022500,0.015000,0.013750,0.013750,0.018750
4,CALIFORNIA,CITY OF SAN DIEGO,05,CASINOS,0.144375,0.129375,0.092500,0.085625,0.085625,0.115625
4,CALIFORNIA,CITY OF SAN DIEGO,05,CONSTRUCTION,0.047500,0.042500,0.030000,0.028750,0.028750,0.037500
4,CALIFORNIA,CITY OF SAN DIEGO,05,EDUCATION,0.043750,0.038750,0.028750,0.026250,0.026250,0.035000
4,CALIFORNIA,CITY OF SAN DIEGO,05,EMERGENCY RESPONSE SERVICES,0.021250,0.020000,0.013750,0.012500,0.012500,0.017500
4,CALIFORNIA,CITY OF SAN DIEGO,05,ENTERTAINMENT AND RECREATION,0.091477,0.082386,0.059659,0.054659,0.054659,0.073523
4,CALIFORNIA,CITY OF SAN DIEGO,05,FOOD AND DRUGS PROCESSING,0.055417,0.049583,0.036667,0.033333,0.033333,0.044583
4,CALIFORNIA,CITY OF SAN DIEGO,05,GASOLINE SERVICE STATIONS,0.046250,0.041250,0.030000,0.027500,0.027500,0.036250
4,CALIFORNIA,CITY OF SAN DIEGO,05,GENERAL SERVICES,0.021250,0.019375,0.014375,0.013125,0.013125,0.018125
4,CALIFORNIA,CITY OF SAN DIEGO,05,GROUP INSTITUTIONAL HOUSING,0.056750,0.051250,0.036250,0.034250,0.034250,0.046750
4,CALIFORNIA,CITY OF SAN DIEGO,05,HEALTH CARE SERVICE,0.015000,0.015000,0.010000,0.008750,0.008750,0.012500
4,CALIFORNIA,CITY OF SAN DIEGO,05,HEAVY FABRICATION AND ASSEMBLY,0.060000,0.055000,0.040000,0.036250,0.036250,0.048750
4,CALIFORNIA,CITY OF SAN DIEGO,05,HIGHWAY,0.057500,0.052500,0.036250,0.035000,0.035000,0.046250
4,CALIFORNIA,CITY OF SAN DIEGO,05,LIGHT FABRICATION AND ASSEMBLY,0.089583,0.080417,0.057917,0.053750,0.053750,0.072083
4,CALIFORNIA,CITY OF SAN DIEGO,05,PERMANENT DWELLING (MULTI FAMILY HOUSING),0.096161,0.086429,0.062411,0.057321,0.057321,0.077232
4,CALIFORNIA,CITY OF SAN DIEGO,05,PERMANENT DWELLING (SINGLE FAMILY HOUSING),0.045000,0.042500,0.030000,0.026250,0.026250,0.036250
4,CALIFORNIA,CITY OF SAN DIEGO,05,PERSONAL AND REPAIR SERVICES,0.069583,0.062222,0.045417,0.041667,0.041667,0.055278
4,CALIFORNIA,CITY OF SAN DIEGO,05,PETROLEUM,0.037500,0.034375,0.025000,0.023750,0.023750,0.030625
4,CALIFORNIA,CITY OF SAN DIEGO,05,"PROFESSIONAL, TECHNICAL AND BUSINESS SERVICES",0.030000,0.027500,0.020000,0.017500,0.017500,0.025000
4,CALIFORNIA,CITY OF SAN DIEGO,05,RELIGION AND NONPROFIT,0.053000,0.048250,0.034000,0.033750,0.033750,0.043750
4,CALIFORNIA,CITY OF SAN DIEGO,05,RESTAURANTS,0.096250,0.086875,0.063125,0.058125,0.058125,0.077500
4,CALIFORNIA,CITY OF SAN DIEGO,05,RETAIL TRADE,0.070197,0.063618,0.046053,0.042171,0.042171,0.056382
4,CALIFORNIA,CITY OF SAN DIEGO,05,SANITARY SEWER,0.126250,0.112500,0.081250,0.075000,0.075000,0.101250
4,CALIFORNIA,CITY OF SAN DIEGO,05,TEMPORARY LODGING,0.069375,0.063438,0.045313,0.041875,0.041875,0.055625
4,CALIFORNIA,CITY OF SAN DIEGO,05,WHOLESALE TRADE,0.050750,0.045250,0.032750,0.030500,0.030500,0.039750
4,CALIFORNIA,LONG BEACH,02,AGRICULTURE,0.103750,0.096250,0.068750,0.062500,0.062500,0.085000
4,CALIFORNIA,LONG BEACH,02,AIR,0.045000,0.040000,0.028750,0.025000,0.025000,0.035000
4,CALIFORNIA,LONG BEACH,02,CASINOS,0.265000,0.237500,0.170000,0.157500,0.157500,0.211250
4,CALIFORNIA,LONG BEACH,02,CONSTRUCTION,0.087500,0.078750,0.055000,0.052500,0.052500,0.068750
4,CALIFORNIA,LONG BEACH,02,EDUCATION,0.080000,0.072500,0.052500,0.048750,0.048750,0.063750
4,CALIFORNIA,LONG BEACH,02,EMERGENCY RESPONSE SERVICES,0.038750,0.037500,0.025000,0.023750,0.023750,0.032500
4,CALIFORNIA,LONG BEACH,02,ENTERTAINMENT AND RECREATION,0.168182,0.151477,0.109773,0.100909,0.100909,0.135455
4,CALIFORNIA,LONG BEACH,02,FOOD AND DRUGS PROCESSING,0.102500,0.090833,0.067083,0.061250,0.061250,0.081667
4,CALIFORNIA,LONG BEACH,02,GASOLINE SERVICE STATIONS,0.085000,0.075000,0.055000,0.050000,0.050000,0.067500
4,CALIFORNIA,LONG BEACH,02,GENERAL SERVICES,0.040000,0.036250,0.025625,0.024375,0.024375,0.033125
4,CALIFORNIA,LONG BEACH,02,GROUP INSTITUTIONAL HOUSING,0.104750,0.094500,0.066750,0.062750,0.062750,0.085000
4,CALIFORNIA,LONG BEACH,02,HEALTH CARE SERVICE,0.028750,0.026250,0.018750,0.016250,0.016250,0.021250
4,CALIFORNIA,LONG BEACH,02,HEAVY FABRICATION AND ASSEMBLY,0.111250,0.101250,0.073750,0.065000,0.065000,0.091250
4,CALIFORNIA,LONG BEACH,02,HIGHWAY,0.106250,0.097500,0.067500,0.063750,0.063750,0.085000
4,CALIFORNIA,LONG BEACH,02,LIGHT FABRICATION AND ASSEMBLY,0.164167,0.148333,0.107083,0.098750,0.098750,0.132083
4,CALIFORNIA,LONG BEACH,02,PERMANENT DWELLING (MULTI FAMILY HOUSING),0.176518,0.158929,0.114464,0.105536,0.105536,0.141875
4,CALIFORNIA,LONG BEACH,02,PERMANENT DWELLING (SINGLE FAMILY HOUSING),0.082500,0.077500,0.055000,0.048750,0.048750,0.065000
4,CALIFORNIA,LONG BEACH,02,PERSONAL AND REPAIR SERVICES,0.127917,0.114722,0.083611,0.076528,0.076528,0.101806
4,CALIFORNIA,LONG BEACH,02,PETROLEUM,0.068750,0.062500,0.046250,0.043750,0.043750,0.056250
4,CALIFORNIA,LONG BEACH,02,"PROFESSIONAL, TECHNICAL AND BUSINESS SERVICES",0.055000,0.050000,0.037500,0.032500,0.032500,0.045000
4,CALIFORNIA,LONG BEACH,02,RELIGION AND NONPROFIT,0.097750,0.088750,0.062750,0.061250,0.061250,0.080250
4,CALIFORNIA,LONG BEACH,02,RESTAURANTS,0.176875,0.159375,0.115625,0.106875,0.106875,0.141875
4,CALIFORNIA,LONG BEACH,02,RETAIL TRADE,0.129276,0.117105,0.084474,0.077566,0.077566,0.103750
4,CALIFORNIA,LONG BEACH,02,SANITARY SEWER,0.231250,0.206250,0.150000,0.137500,0.137500,0.186250
4,CALIFORNIA,LONG BEACH,02,TEMPORARY LODGING,0.127813,0.116250,0.083125,0.077188,0.077188,0.102188
4,CALIFORNIA,LONG BEACH,02,WHOLESALE TRADE,0.093500,0.082750,0.060500,0.056250,0.056250,0.072750
4,CALIFORNIA,OAKLAND,03,AGRICULTURE,0.096250,0.088750,0.063750,0.057500,0.057500,0.078750
4,CALIFORNIA,OAKLAND,03,AIR,0.041250,0.037500,0.026250,0.023750,0.023750,0.032500
4,CALIFORNIA,OAKLAND,03,CASINOS,0.245000,0.219375,0.156875,0.145625,0.145625,0.195625
4,CALIFORNIA,OAKLAND,03,CONSTRUCTION,0.080000,0.072500,0.051250,0.047500,0.047500,0.063750
4,CALIFORNIA,OAKLAND,03,EDUCATION,0.075000,0.066250,0.047500,0.045000,0.045000,0.058750
4,CALIFORNIA,OAKLAND,03,EMERGENCY RESPONSE SERVICES,0.036250,0.033750,0.023750,0.021250,0.021250,0.030000
4,CALIFORNIA,OAKLAND,03,ENTERTAINMENT AND RECREATION,0.155682,0.139773,0.101364,0.093182,0.093182,0.124886
4,CALIFORNIA,OAKLAND,03,FOOD AND DRUGS PROCESSING,0.094583,0.084167,0.062083,0.056250,0.056250,0.075417
4,CALIFORNIA,OAKLAND,03,GASOLINE SERVICE STATIONS,0.078750,0.070000,0.051250,0.046250,0.046250,0.062500
4,CALIFORNIA,OAKLAND,03,GENERAL SERVICES,0.036250,0.033125,0.024375,0.022500,0.022500,0.030625
4,CALIFORNIA,OAKLAND,03,GROUP INSTITUTIONAL HOUSING,0.096750,0.087750,0.062000,0.058750,0.058750,0.079250
4,CALIFORNIA,OAKLAND,03,HEALTH CARE SERVICE,0.026250,0.025000,0.017500,0.015000,0.015000,0.020000
4,CALIFORNIA,OAKLAND,03,HEAVY FABRICATION AND ASSEMBLY,0.102500,0.092500,0.068750,0.060000,0.060000,0.083750
4,CALIFORNIA,OAKLAND,03,HIGHWAY,0.097500,0.090000,0.062500,0.058750,0.058750,0.078750
4,CALIFORNIA,OAKLAND,03,LIGHT FABRICATION AND ASSEMBLY,0.151667,0.137083,0.098750,0.091250,0.091250,0.122083
4,CALIFORNIA,OAKLAND,03,PERMANENT DWELLING (MULTI FAMILY HOUSING),0.163036,0.146518,0.106161,0.097232,0.097232,0.130714
4,CALIFORNIA,OAKLAND,03,PERMANENT DWELLING (SINGLE FAMILY HOUSING),0.076250,0.071250,0.051250,0.045000,0.045000,0.060000
4,CALIFORNIA,OAKLAND,03,PERSONAL AND REPAIR SERVICES,0.118056,0.105833,0.077222,0.070417,0.070417,0.094028
4,CALIFORNIA,OAKLAND,03,PETROLEUM,0.063750,0.058125,0.042500,0.040000,0.040000,0.051875
4,CALIFORNIA,OAKLAND,03,"PROFESSIONAL, TECHNICAL AND BUSINESS SERVICES",0.051250,0.046250,0.033750,0.030000,0.030000,0.041250
4,CALIFORNIA,OAKLAND,03,RELIGION AND NONPROFIT,0.090750,0.082000,0.057750,0.056250,0.056250,0.073500
4,CALIFORNIA,OAKLAND,03,RESTAURANTS,0.163750,0.147500,0.106875,0.098125,0.098125,0.131250
4,CALIFORNIA,OAKLAND,03,RETAIL TRADE,0.119474,0.108026,0.078355,0.071711,0.071711,0.095855
4,CALIFORNIA,OAKLAND,03,SANITARY SEWER,0.213750,0.191250,0.137500,0.127500,0.127500,0.172500
4,CALIFORNIA,OAKLAND,03,TEMPORARY LODGING,0.117813,0.107500,0.076563,0.071250,0.071250,0.094688
4,CALIFORNIA,OAKLAND,03,WHOLESALE TRADE,0.086500,0.076750,0.055750,0.051750,0.051750,0.067500
4,CALIFORNIA,SAN FRANCISCO,06,AGRICULTURE,0.092500,0.085000,0.061250,0.055000,0.055000,0.076250
4,CALIFORNIA,SAN FRANCISCO,06,AIR,0.040000,0.036250,0.025000,0.022500,0.022500,0.031250
4,CALIFORNIA,SAN FRANCISCO,06,CASINOS,0.236875,0.211875,0.151875,0.140625,0.140625,0.188750
4,CALIFORNIA,SAN FRANCISCO,06,CONSTRUCTION,0.077500,0.070000,0.050000,0.046250,0.046250,0.061250
4,CALIFORNIA,SAN FRANCISCO,06,EDUCATION,0.072500,0.065000,0.046250,0.043750,0.043750,0.057500
4,CALIFORNIA,SAN FRANCISCO,06,EMERGENCY RESPONSE SERVICES,0.035000,0.032500,0.022500,0.021250,0.021250,0.028750
4,CALIFORNIA,SAN FRANCISCO,06,ENTERTAINMENT AND RECREATION,0.150000,0.135114,0.097955,0.090000,0.090000,0.120682
4,CALIFORNIA,SAN FRANCISCO,06,FOOD AND DRUGS PROCESSING,0.090833,0.081667,0.060000,0.054167,0.054167,0.072917
4,CALIFORNIA,SAN FRANCISCO,06,GASOLINE SERVICE STATIONS,0.076250,0.067500,0.050000,0.045000,0.045000,0.060000
4,CALIFORNIA,SAN FRANCISCO,06,GENERAL SERVICES,0.035000,0.031875,0.023125,0.021875,0.021875,0.029375
4,CALIFORNIA,SAN FRANCISCO,06,GROUP INSTITUTIONAL HOUSING,0.094000,0.084000,0.059750,0.056750,0.056750,0.076250
4,CALIFORNIA,SAN FRANCISCO,06,HEALTH CARE SERVICE,0.025000,0.023750,0.016250,0.015000,0.015000,0.020000
4,CALIFORNIA,SAN FRANCISCO,06,HEAVY FABRICATION AND ASSEMBLY,0.098750,0.090000,0.066250,0.058750,0.058750,0.081250
4,CALIFORNIA,SAN FRANCISCO,06,HIGHWAY,0.093750,0.086250,0.060000,0.057500,0.057500,0.076250
4,CALIFORNIA,SAN FRANCISCO,06,LIGHT FABRICATION AND ASSEMBLY,0.146250,0.132083,0.095417,0.087917,0.087917,0.117917
4,CALIFORNIA,SAN FRANCISCO,06,PERMANENT DWELLING (MULTI FAMILY HOUSING),0.157589,0.141339,0.102500,0.094375,0.094375,0.126250
4,CALIFORNIA,SAN FRANCISCO,06,PERMANENT DWELLING (SINGLE FAMILY HOUSING),0.073750,0.068750,0.050000,0.043750,0.043750,0.058750
4,CALIFORNIA,SAN FRANCISCO,06,PERSONAL AND REPAIR SERVICES,0.114028,0.102361,0.074583,0.068056,0.068056,0.090833
4,CALIFORNIA,SAN FRANCISCO,06,PETROLEUM,0.061250,0.056250,0.041250,0.038750,0.038750,0.050625
4,CALIFORNIA,SAN FRANCISCO,06,"PROFESSIONAL, TECHNICAL AND BUSINESS SERVICES",0.050000,0.045000,0.032500,0.028750,0.028750,0.040000
4,CALIFORNIA,SAN FRANCISCO,06,RELIGION AND NONPROFIT,0.086750,0.079000,0.055750,0.054500,0.054500,0.071250
4,CALIFORNIA,SAN FRANCISCO,06,RESTAURANTS,0.158125,0.142500,0.103125,0.095000,0.095000,0.126250
4,CALIFORNIA,SAN FRANCISCO,06,RETAIL TRADE,0.115395,0.104276,0.075461,0.069079,0.069079,0.092632
4,CALIFORNIA,SAN FRANCISCO,06,SANITARY SEWER,0.206250,0.183750,0.133750,0.122500,0.122500,0.166250
4,CALIFORNIA,SAN FRANCISCO,06,TEMPORARY LODGING,0.113750,0.103438,0.074063,0.069063,0.069063,0.091563
4,CALIFORNIA,SAN FRANCISCO,06,WHOLESALE TRADE,0.083500,0.074250,0.054250,0.050000,0.050000,0.065000
4,CALIFORNIA,SAN JOSE,07,AGRICULTURE,0.135000,0.123750,0.090000,0.081250,0.081250,0.111250
4,CALIFORNIA,SAN JOSE,07,AIR,0.058750,0.052500,0.037500,0.032500,0.032500,0.046250
4,CALIFORNIA,SAN JOSE,07,CASINOS,0.345000,0.308750,0.221250,0.205000,0.205000,0.274375
4,CALIFORNIA,SAN JOSE,07,CONSTRUCTION,0.113750,0.102500,0.072500,0.067500,0.067500,0.090000
4,CALIFORNIA,SAN JOSE,07,EDUCATION,0.105000,0.093750,0.067500,0.063750,0.063750,0.082500
4,CALIFORNIA,SAN JOSE,07,EMERGENCY RESPONSE SERVICES,0.050000,0.047500,0.032500,0.030000,0.030000,0.041250
4,CALIFORNIA,SAN JOSE,07,ENTERTAINMENT AND RECREATION,0.218409,0.196932,0.142614,0.131023,0.131023,0.175795
4,CALIFORNIA,SAN JOSE,07,FOOD AND DRUGS PROCESSING,0.132917,0.118750,0.087500,0.078750,0.078750,0.105833
4,CALIFORNIA,SAN JOSE,07,GASOLINE SERVICE STATIONS,0.111250,0.097500,0.072500,0.065000,0.065000,0.087500
4,CALIFORNIA,SAN JOSE,07,GENERAL SERVICES,0.051250,0.046875,0.033750,0.031250,0.031250,0.042500
4,CALIFORNIA,SAN JOSE,07,GROUP INSTITUTIONAL HOUSING,0.136750,0.122750,0.087250,0.082250,0.082250,0.110500
4,CALIFORNIA,SAN JOSE,07,HEALTH CARE SERVICE,0.037500,0.035000,0.023750,0.021250,0.021250,0.028750
4,CALIFORNIA,SAN JOSE,07,HEAVY FABRICATION AND ASSEMBLY,0.143750,0.131250,0.096250,0.085000,0.085000,0.117500
4,CALIFORNIA,SAN JOSE,07,HIGHWAY,0.137500,0.126250,0.087500,0.082500,0.082500,0.111250
4,CALIFORNIA,SAN JOSE,07,LIGHT FABRICATION AND ASSEMBLY,0.212500,0.192917,0.139167,0.128750,0.128750,0.171667
4,CALIFORNIA,SAN JOSE,07,PERMANENT DWELLING (MULTI FAMILY HOUSING),0.229196,0.205536,0.149107,0.137143,0.137143,0.183839
4,CALIFORNIA,SAN JOSE,07,PERMANENT DWELLING (SINGLE FAMILY HOUSING),0.106250,0.100000,0.072500,0.063750,0.063750,0.085000
4,CALIFORNIA,SAN JOSE,07,PERSONAL AND REPAIR SERVICES,0.166389,0.149028,0.108472,0.099444,0.099444,0.131944
4,CALIFORNIA,SAN JOSE,07,PETROLEUM,0.089375,0.081875,0.060000,0.056875,0.056875,0.073125
4,CALIFORNIA,SAN JOSE,07,"PROFESSIONAL, TECHNICAL AND BUSINESS SERVICES",0.072500,0.065000,0.047500,0.041250,0.041250,0.058750
4,CALIFORNIA,SAN JOSE,07,RELIGION AND NONPROFIT,0.126500,0.115000,0.081750,0.079250,0.079250,0.104000
4,CALIFORNIA,SAN JOSE,07,RESTAURANTS,0.230000,0.206875,0.150625,0.138125,0.138125,0.184375
4,CALIFORNIA,SAN JOSE,07,RETAIL TRADE,0.167895,0.151842,0.109868,0.100921,0.100921,0.134737
4,CALIFORNIA,SAN JOSE,07,SANITARY SEWER,0.301250,0.268750,0.193750,0.178750,0.178750,0.242500
4,CALIFORNIA,SAN JOSE,07,TEMPORARY LODGING,0.165625,0.150938,0.108125,0.100313,0.100313,0.132813
4,CALIFORNIA,SAN JOSE,07,WHOLESALE TRADE,0.121500,0.107750,0.078500,0.072750,0.072750,0.094750
4,CALIFORNIA,BALANCE OF STATE (CALIFORNIA),08,AGRICULTURE,0.086875,0.078750,0.056875,0.051875,0.051875,0.070000
4,CALIFORNIA,BALANCE OF STATE (CALIFORNIA),08,AIR,0.037500,0.033750,0.023750,0.021875,0.021875,0.030000
4,CALIFORNIA,BALANCE OF STATE (CALIFORNIA),08,CASINOS,0.218125,0.195000,0.140938,0.130000,0.130000,0.173750
4,CALIFORNIA,BALANCE OF STATE (CALIFORNIA),08,CONSTRUCTION,0.075000,0.067500,0.048125,0.044375,0.044375,0.060000
4,CALIFORNIA,BALANCE OF STATE (CALIFORNIA),08,EDUCATION,0.070000,0.062500,0.045625,0.042500,0.042500,0.055625
4,CALIFORNIA,BALANCE OF STATE (CALIFORNIA),08,EMERGENCY RESPONSE SERVICES,0.032500,0.030625,0.021875,0.020000,0.020000,0.027500
4,CALIFORNIA,BALANCE OF STATE (CALIFORNIA),08,ENTERTAINMENT AND RECREATION,0.138580,0.124830,0.090568,0.083125,0.083125,0.110966
4,CALIFORNIA,BALANCE OF STATE (CALIFORNIA),08,FOOD AND DRUGS PROCESSING,0.089792,0.080208,0.058542,0.053542,0.053542,0.071667
4,CALIFORNIA,BALANCE OF STATE (CALIFORNIA),08,GASOLINE SERVICE STATIONS,0.071250,0.063125,0.045625,0.042500,0.042500,0.056875
4,CALIFORNIA,BALANCE OF STATE (CALIFORNIA),08,GENERAL SERVICES,0.033125,0.030313,0.022188,0.020625,0.020625,0.027188
4,CALIFORNIA,BALANCE OF STATE (CALIFORNIA),08,GROUP INSTITUTIONAL HOUSING,0.092500,0.083625,0.059625,0.055750,0.055750,0.075125
4,CALIFORNIA,BALANCE OF STATE (CALIFORNIA),08,HEALTH CARE SERVICE,0.024375,0.023125,0.016250,0.014375,0.014375,0.019375
4,CALIFORNIA,BALANCE OF STATE (CALIFORNIA),08,HEAVY FABRICATION AND ASSEMBLY,0.095000,0.086250,0.063125,0.056875,0.056875,0.076875
4,CALIFORNIA,BALANCE OF STATE (CALIFORNIA),08,HIGHWAY,0.090625,0.083125,0.058750,0.055000,0.055000,0.073125
4,CALIFORNIA,BALANCE OF STATE (CALIFORNIA),08,LIGHT FABRICATION AND ASSEMBLY,0.166667,0.150417,0.108542,0.100833,0.100833,0.133542
4,CALIFORNIA,BALANCE OF STATE (CALIFORNIA),08,PERMANENT DWELLING (MULTI FAMILY HOUSING),0.151920,0.136429,0.098661,0.091027,0.091027,0.121741
4,CALIFORNIA,BALANCE OF STATE (CALIFORNIA),08,PERMANENT DWELLING (SINGLE FAMILY HOUSING),0.074375,0.068125,0.049375,0.043750,0.043750,0.060000
4,CALIFORNIA,BALANCE OF STATE (CALIFORNIA),08,PERSONAL AND REPAIR SERVICES,0.102222,0.092083,0.066667,0.061528,0.061528,0.081736
4,CALIFORNIA,BALANCE OF STATE (CALIFORNIA),08,PETROLEUM,0.059688,0.054375,0.038750,0.036563,0.036563,0.047813
4,CALIFORNIA,BALANCE OF STATE (CALIFORNIA),08,"PROFESSIONAL, TECHNICAL AND BUSINESS SERVICES",0.047500,0.042500,0.030625,0.028125,0.028125,0.038125
4,CALIFORNIA,BALANCE OF STATE (CALIFORNIA),08,RELIGION AND NONPROFIT,0.084375,0.076125,0.054500,0.051125,0.051125,0.068250
4,CALIFORNIA,BALANCE OF STATE (CALIFORNIA),08,RESTAURANTS,0.137500,0.123750,0.089375,0.083125,0.083125,0.110313
4,CALIFORNIA,BALANCE OF STATE (CALIFORNIA),08,RETAIL TRADE,0.106151,0.095658,0.069013,0.063684,0.063684,0.084868
4,CALIFORNIA,BALANCE OF STATE (CALIFORNIA),08,SANITARY SEWER,0.197500,0.178125,0.128125,0.118125,0.118125,0.159375
4,CALIFORNIA,BALANCE OF STATE (CALIFORNIA),08,TEMPORARY LODGING,0.109219,0.098906,0.071094,0.065938,0.065938,0.087813
4,CALIFORNIA,BALANCE OF STATE (CALIFORNIA),08,WHOLESALE TRADE,0.079750,0.071125,0.051625,0.047500,0.047500,0.063125
5,COLORADO,CITY OF DENVER,01,AGRICULTURE,0.158000,0.146000,0.102000,0.099000,0.099000,0.128000
5,COLORADO,CITY OF DENVER,01,AIR,0.087000,0.078000,0.054000,0.053000,0.053000,0.070000
5,COLORADO,CITY OF DENVER,01,CASINOS,0.361000,0.328500,0.236500,0.215000,0.215000,0.292000
5,COLORADO,CITY OF DENVER,01,CONSTRUCTION,0.377000,0.337000,0.241000,0.228000,0.228000,0.301000
5,COLORADO,CITY OF DENVER,01,EDUCATION,0.090000,0.082000,0.058000,0.054000,0.054000,0.073000
5,COLORADO,CITY OF DENVER,01,EMERGENCY RESPONSE SERVICES,0.085000,0.078000,0.054000,0.053000,0.053000,0.068000
5,COLORADO,CITY OF DENVER,01,ENTERTAINMENT AND RECREATION,0.231000,0.207364,0.149545,0.138909,0.138909,0.184818
5,COLORADO,CITY OF DENVER,01,FOOD AND DRUGS PROCESSING,0.259333,0.236000,0.168333,0.157333,0.157333,0.208333
5,COLORADO,CITY OF DENVER,01,GASOLINE SERVICE STATIONS,0.163000,0.150000,0.107000,0.100000,0.100000,0.136000
5,COLORADO,CITY OF DENVER,01,GENERAL SERVICES,0.085000,0.079500,0.055500,0.052000,0.052000,0.068000
5,COLORADO,CITY OF DENVER,01,GROUP INSTITUTIONAL HOUSING,0.106000,0.096800,0.070200,0.062800,0.062800,0.085400
5,COLORADO,CITY OF DENVER,01,HEALTH CARE SERVICE,0.039000,0.037000,0.026000,0.026000,0.026000,0.034000
5,COLORADO,CITY OF DENVER,01,HEAVY FABRICATION AND ASSEMBLY,0.401000,0.362000,0.264000,0.240000,0.240000,0.323000
5,COLORADO,CITY OF DENVER,01,HIGHWAY,0.386000,0.347000,0.250000,0.233000,0.233000,0.308000
5,COLORADO,CITY OF DENVER,01,LIGHT FABRICATION AND ASSEMBLY,0.235667,0.213667,0.155000,0.144000,0.144000,0.189667
5,COLORADO,CITY OF DENVER,01,PERMANENT DWELLING (MULTI FAMILY HOUSING),0.237000,0.212643,0.154857,0.143357,0.143357,0.190500
5,COLORADO,CITY OF DENVER,01,PERMANENT DWELLING (SINGLE FAMILY HOUSING),0.075000,0.065000,0.049000,0.048000,0.048000,0.060000
5,COLORADO,CITY OF DENVER,01,PERSONAL AND REPAIR SERVICES,0.178111,0.161333,0.115556,0.107000,0.107000,0.143556
5,COLORADO,CITY OF DENVER,01,PETROLEUM,0.249000,0.228000,0.164500,0.149000,0.149000,0.204000
5,COLORADO,CITY OF DENVER,01,"PROFESSIONAL, TECHNICAL AND BUSINESS SERVICES",0.060000,0.053000,0.037000,0.034000,0.034000,0.049000
5,COLORADO,CITY OF DENVER,01,RELIGION AND NONPROFIT,0.092400,0.082400,0.060000,0.055600,0.055600,0.074800
5,COLORADO,CITY OF DENVER,01,RESTAURANTS,0.279000,0.254000,0.182000,0.168500,0.168500,0.225500
5,COLORADO,CITY OF DENVER,01,RETAIL TRADE,0.197789,0.178947,0.127789,0.119737,0.119737,0.158737
5,COLORADO,CITY OF DENVER,01,SANITARY SEWER,0.828000,0.745000,0.537000,0.496000,0.496000,0.663000
5,COLORADO,CITY OF DENVER,01,TEMPORARY LODGING,0.156000,0.141000,0.101500,0.094000,0.094000,0.124500
5,COLORADO,CITY OF DENVER,01,WHOLESALE TRADE,0.333400,0.299000,0.217200,0.201200,0.201200,0.265800
5,COLORADO,BALANCE OF STATE (COLORADO),08,AGRICULTURE,0.093000,0.086000,0.060000,0.058000,0.058000,0.075000
5,COLORADO,BALANCE OF STATE (COLORADO),08,AIR,0.051000,0.046000,0.032000,0.031000,0.031000,0.041000
5,COLORADO,BALANCE OF STATE (COLORADO),08,CASINOS,0.212500,0.193000,0.139000,0.126500,0.126500,0.171500
5,COLORADO,BALANCE OF STATE (COLORADO),08,CONSTRUCTION,0.222000,0.198000,0.142000,0.134000,0.134000,0.177000
5,COLORADO,BALANCE OF STATE (COLORADO),08,EDUCATION,0.053000,0.048000,0.034000,0.032000,0.032000,0.043000
5,COLORADO,BALANCE OF STATE (COLORADO),08,EMERGENCY RESPONSE SERVICES,0.050000,0.046000,0.032000,0.031000,0.031000,0.040000
5,COLORADO,BALANCE OF STATE (COLORADO),08,ENTERTAINMENT AND RECREATION,0.135818,0.122091,0.087909,0.081727,0.081727,0.108727
5,COLORADO,BALANCE OF STATE (COLORADO),08,FOOD AND DRUGS PROCESSING,0.152667,0.138667,0.099000,0.092333,0.092333,0.122333
5,COLORADO,BALANCE OF STATE (COLORADO),08,GASOLINE SERVICE STATIONS,0.096000,0.088000,0.063000,0.059000,0.059000,0.080000
5,COLORADO,BALANCE OF STATE (COLORADO),08,GENERAL SERVICES,0.050000,0.046500,0.032500,0.030500,0.030500,0.040000
5,COLORADO,BALANCE OF STATE (COLORADO),08,GROUP INSTITUTIONAL HOUSING,0.062200,0.057000,0.041200,0.037000,0.037000,0.050200
5,COLORADO,BALANCE OF STATE (COLORADO),08,HEALTH CARE SERVICE,0.023000,0.022000,0.015000,0.015000,0.015000,0.020000
5,COLORADO,BALANCE OF STATE (COLORADO),08,HEAVY FABRICATION AND ASSEMBLY,0.236000,0.213000,0.155000,0.141000,0.141000,0.190000
5,COLORADO,BALANCE OF STATE (COLORADO),08,HIGHWAY,0.227000,0.204000,0.147000,0.137000,0.137000,0.181000
5,COLORADO,BALANCE OF STATE (COLORADO),08,LIGHT FABRICATION AND ASSEMBLY,0.138667,0.125667,0.091000,0.084667,0.084667,0.111667
5,COLORADO,BALANCE OF STATE (COLORADO),08,PERMANENT DWELLING (MULTI FAMILY HOUSING),0.139357,0.125000,0.091143,0.084143,0.084143,0.111929
5,COLORADO,BALANCE OF STATE (COLORADO),08,PERMANENT DWELLING (SINGLE FAMILY HOUSING),0.044000,0.038000,0.029000,0.028000,0.028000,0.035000
5,COLORADO,BALANCE OF STATE (COLORADO),08,PERSONAL AND REPAIR SERVICES,0.104778,0.094889,0.067889,0.062889,0.062889,0.084444
5,COLORADO,BALANCE OF STATE (COLORADO),08,PETROLEUM,0.146500,0.134000,0.096500,0.087500,0.087500,0.120000
5,COLORADO,BALANCE OF STATE (COLORADO),08,"PROFESSIONAL, TECHNICAL AND BUSINESS SERVICES",0.035000,0.031000,0.022000,0.020000,0.020000,0.029000
5,COLORADO,BALANCE OF STATE (COLORADO),08,RELIGION AND NONPROFIT,0.054400,0.048400,0.035400,0.032600,0.032600,0.044000
5,COLORADO,BALANCE OF STATE (COLORADO),08,RESTAURANTS,0.164000,0.149500,0.107000,0.099000,0.099000,0.132500
5,COLORADO,BALANCE OF STATE (COLORADO),08,RETAIL TRADE,0.116316,0.105211,0.075211,0.070368,0.070368,0.093316
5,COLORADO,BALANCE OF STATE (COLORADO),08,SANITARY SEWER,0.487000,0.438000,0.316000,0.292000,0.292000,0.390000
5,COLORADO,BALANCE OF STATE (COLORADO),08,TEMPORARY LODGING,0.091750,0.083000,0.059750,0.055250,0.055250,0.073250
5,COLORADO,BALANCE OF STATE (COLORADO),08,WHOLESALE TRADE,0.196200,0.175800,0.127800,0.118200,0.118200,0.156400
6,CONNECTICUT,ENTIRE STATE (CONNECTICUT),09,AGRICULTURE,0.082000,0.074000,0.053000,0.051000,0.051000,0.066000
6,CONNECTICUT,ENTIRE STATE (CONNECTICUT),09,AIR,0.032000,0.027000,0.020000,0.019000,0.019000,0.025000
6,CONNECTICUT,ENTIRE STATE (CONNECTICUT),09,CASINOS,0.144000,0.130000,0.092000,0.084500,0.084500,0.115500
6,CONNECTICUT,ENTIRE STATE (CONNECTICUT),09,CONSTRUCTION,0.048000,0.043000,0.031000,0.027000,0.027000,0.037000
6,CONNECTICUT,ENTIRE STATE (CONNECTICUT),09,EDUCATION,0.040000,0.037000,0.026000,0.024000,0.024000,0.032000
6,CONNECTICUT,ENTIRE STATE (CONNECTICUT),09,EMERGENCY RESPONSE SERVICES,0.029000,0.027000,0.021000,0.018000,0.018000,0.026000
6,CONNECTICUT,ENTIRE STATE (CONNECTICUT),09,ENTERTAINMENT AND RECREATION,0.091636,0.082727,0.059091,0.054364,0.054364,0.073182
6,CONNECTICUT,ENTIRE STATE (CONNECTICUT),09,FOOD AND DRUGS PROCESSING,0.112000,0.101000,0.072333,0.066333,0.066333,0.089333
6,CONNECTICUT,ENTIRE STATE (CONNECTICUT),09,GASOLINE SERVICE STATIONS,0.058000,0.054000,0.039000,0.036000,0.036000,0.049000
6,CONNECTICUT,ENTIRE STATE (CONNECTICUT),09,GENERAL SERVICES,0.030000,0.027000,0.020000,0.018500,0.018500,0.025500
6,CONNECTICUT,ENTIRE STATE (CONNECTICUT),09,GROUP INSTITUTIONAL HOUSING,0.095400,0.086200,0.061000,0.056600,0.056600,0.076200
6,CONNECTICUT,ENTIRE STATE (CONNECTICUT),09,HEALTH CARE SERVICE,0.025000,0.021000,0.015000,0.014000,0.014000,0.019000
6,CONNECTICUT,ENTIRE STATE (CONNECTICUT),09,HEAVY FABRICATION AND ASSEMBLY,0.156000,0.142000,0.103000,0.095000,0.095000,0.126000
6,CONNECTICUT,ENTIRE STATE (CONNECTICUT),09,HIGHWAY,0.148000,0.134000,0.098000,0.088000,0.088000,0.117000
6,CONNECTICUT,ENTIRE STATE (CONNECTICUT),09,LIGHT FABRICATION AND ASSEMBLY,0.195667,0.177333,0.128667,0.119333,0.119333,0.159000
6,CONNECTICUT,ENTIRE STATE (CONNECTICUT),09,PERMANENT DWELLING (MULTI FAMILY HOUSING),0.303143,0.272214,0.196571,0.181786,0.181786,0.242143
6,CONNECTICUT,ENTIRE STATE (CONNECTICUT),09,PERMANENT DWELLING (SINGLE FAMILY HOUSING),0.082000,0.074000,0.053000,0.050000,0.050000,0.066000
6,CONNECTICUT,ENTIRE STATE (CONNECTICUT),09,PERSONAL AND REPAIR SERVICES,0.108000,0.096778,0.069667,0.064778,0.064778,0.086222
6,CONNECTICUT,ENTIRE STATE (CONNECTICUT),09,PETROLEUM,0.098000,0.087500,0.063500,0.058500,0.058500,0.078000
6,CONNECTICUT,ENTIRE STATE (CONNECTICUT),09,"PROFESSIONAL, TECHNICAL AND BUSINESS SERVICES",0.040000,0.034000,0.025000,0.023000,0.023000,0.031000
6,CONNECTICUT,ENTIRE STATE (CONNECTICUT),09,RELIGION AND NONPROFIT,0.091200,0.081600,0.058600,0.054200,0.054200,0.071600
6,CONNECTICUT,ENTIRE STATE (CONNECTICUT),09,RESTAURANTS,0.179000,0.161500,0.116000,0.108500,0.108500,0.142500
6,CONNECTICUT,ENTIRE STATE (CONNECTICUT),09,RETAIL TRADE,0.104368,0.094263,0.068000,0.063368,0.063368,0.083526
6,CONNECTICUT,ENTIRE STATE (CONNECTICUT),09,SANITARY SEWER,0.322000,0.290000,0.208000,0.192000,0.192000,0.258000
6,CONNECTICUT,ENTIRE STATE (CONNECTICUT),09,TEMPORARY LODGING,0.027500,0.024750,0.018000,0.016750,0.016750,0.021750
6,CONNECTICUT,ENTIRE STATE (CONNECTICUT),09,WHOLESALE TRADE,0.129200,0.117000,0.083800,0.077400,0.077400,0.103400
7,DELAWARE,ENTIRE STATE (DELAWARE),09,AGRICULTURE,0.132000,0.118000,0.084000,0.078000,0.078000,0.104000
7,DELAWARE,ENTIRE STATE (DELAWARE),09,AIR,0.062000,0.054000,0.040000,0.034000,0.034000,0.048000
7,DELAWARE,ENTIRE STATE (DELAWARE),09,CASINOS,0.254000,0.229000,0.164000,0.151000,0.151000,0.202000
7,DELAWARE,ENTIRE STATE (DELAWARE),09,CONSTRUCTION,0.038000,0.036000,0.024000,0.022000,0.022000,0.030000
7,DELAWARE,ENTIRE STATE (DELAWARE),09,EDUCATION,0.038000,0.036000,0.024000,0.024000,0.024000,0.030000
7,DELAWARE,ENTIRE STATE (DELAWARE),09,EMERGENCY RESPONSE SERVICES,0.030000,0.026000,0.018000,0.018000,0.018000,0.024000
7,DELAWARE,ENTIRE STATE (DELAWARE),09,ENTERTAINMENT AND RECREATION,0.160727,0.145455,0.104545,0.096182,0.096182,0.128182
7,DELAWARE,ENTIRE STATE (DELAWARE),09,FOOD AND DRUGS PROCESSING,0.387333,0.348667,0.252667,0.232667,0.232667,0.310000
7,DELAWARE,ENTIRE STATE (DELAWARE),09,GASOLINE SERVICE STATIONS,0.114000,0.104000,0.072000,0.068000,0.068000,0.090000
7,DELAWARE,ENTIRE STATE (DELAWARE),09,GENERAL SERVICES,0.031000,0.027000,0.019000,0.018000,0.018000,0.023000
7,DELAWARE,ENTIRE STATE (DELAWARE),09,GROUP INSTITUTIONAL HOUSING,0.092400,0.082400,0.059600,0.056000,0.056000,0.075600
7,DELAWARE,ENTIRE STATE (DELAWARE),09,HEALTH CARE SERVICE,0.026000,0.024000,0.018000,0.018000,0.018000,0.022000
7,DELAWARE,ENTIRE STATE (DELAWARE),09,HEAVY FABRICATION AND ASSEMBLY,0.368000,0.328000,0.242000,0.222000,0.222000,0.294000
7,DELAWARE,ENTIRE STATE (DELAWARE),09,HIGHWAY,0.354000,0.316000,0.228000,0.210000,0.210000,0.280000
7,DELAWARE,ENTIRE STATE (DELAWARE),09,LIGHT FABRICATION AND ASSEMBLY,0.198667,0.177333,0.128667,0.118667,0.118667,0.158000
7,DELAWARE,ENTIRE STATE (DELAWARE),09,PERMANENT DWELLING (MULTI FAMILY HOUSING),0.322857,0.290571,0.209429,0.192571,0.192571,0.259000
7,DELAWARE,ENTIRE STATE (DELAWARE),09,PERMANENT DWELLING (SINGLE FAMILY HOUSING),0.070000,0.066000,0.044000,0.040000,0.040000,0.058000
7,DELAWARE,ENTIRE STATE (DELAWARE),09,PERSONAL AND REPAIR SERVICES,0.236444,0.213778,0.152889,0.141111,0.141111,0.190000
7,DELAWARE,ENTIRE STATE (DELAWARE),09,PETROLEUM,0.230000,0.207000,0.149000,0.137000,0.137000,0.184000
7,DELAWARE,ENTIRE STATE (DELAWARE),09,"PROFESSIONAL, TECHNICAL AND BUSINESS SERVICES",0.072000,0.066000,0.048000,0.044000,0.044000,0.062000
7,DELAWARE,ENTIRE STATE (DELAWARE),09,RELIGION AND NONPROFIT,0.083200,0.076800,0.055200,0.050400,0.050400,0.067600
7,DELAWARE,ENTIRE STATE (DELAWARE),09,RESTAURANTS,0.250000,0.225000,0.162000,0.151000,0.151000,0.199000
7,DELAWARE,ENTIRE STATE (DELAWARE),09,RETAIL TRADE,0.163263,0.146947,0.105895,0.098211,0.098211,0.130000
7,DELAWARE,ENTIRE STATE (DELAWARE),09,SANITARY SEWER,0.756000,0.680000,0.490000,0.452000,0.452000,0.604000
7,DELAWARE,ENTIRE STATE (DELAWARE),09,TEMPORARY LODGING,0.150500,0.135000,0.097500,0.090000,0.090000,0.120500
7,DELAWARE,ENTIRE STATE (DELAWARE),09,WHOLESALE TRADE,0.304000,0.273200,0.198000,0.182400,0.182400,0.243600
8,DIST. OF COLUMBIA,ENTIRE DISTRCIT (DISTRICT OF COLUMBIA),09,AGRICULTURE,0.282000,0.254000,0.184000,0.170000,0.170000,0.224000
8,DIST. OF COLUMBIA,ENTIRE DISTRCIT (DISTRICT OF COLUMBIA),09,AIR,0.144000,0.132000,0.100000,0.086000,0.086000,0.118000
8,DIST. OF COLUMBIA,ENTIRE DISTRCIT (DISTRICT OF COLUMBIA),09,CASINOS,0.702000,0.631000,0.454000,0.419000,0.419000,0.561000
8,DIST. OF COLUMBIA,ENTIRE DISTRCIT (DISTRICT OF COLUMBIA),09,CONSTRUCTION,0.140000,0.128000,0.090000,0.084000,0.084000,0.110000
8,DIST. OF COLUMBIA,ENTIRE DISTRCIT (DISTRICT OF COLUMBIA),09,EDUCATION,0.158000,0.146000,0.104000,0.098000,0.098000,0.128000
8,DIST. OF COLUMBIA,ENTIRE DISTRCIT (DISTRICT OF COLUMBIA),09,EMERGENCY RESPONSE SERVICES,0.302000,0.272000,0.196000,0.184000,0.184000,0.244000
8,DIST. OF COLUMBIA,ENTIRE DISTRCIT (DISTRICT OF COLUMBIA),09,ENTERTAINMENT AND RECREATION,0.444727,0.400364,0.289818,0.267455,0.267455,0.356364
8,DIST. OF COLUMBIA,ENTIRE DISTRCIT (DISTRICT OF COLUMBIA),09,FOOD AND DRUGS PROCESSING,0.671333,0.604667,0.436000,0.400667,0.400667,0.539333
8,DIST. OF COLUMBIA,ENTIRE DISTRCIT (DISTRICT OF COLUMBIA),09,GASOLINE SERVICE STATIONS,0.274000,0.248000,0.180000,0.166000,0.166000,0.222000
8,DIST. OF COLUMBIA,ENTIRE DISTRCIT (DISTRICT OF COLUMBIA),09,GENERAL SERVICES,0.305000,0.276000,0.196000,0.183000,0.183000,0.244000
8,DIST. OF COLUMBIA,ENTIRE DISTRCIT (DISTRICT OF COLUMBIA),09,GROUP INSTITUTIONAL HOUSING,0.339600,0.305200,0.219200,0.203200,0.203200,0.270800
8,DIST. OF COLUMBIA,ENTIRE DISTRCIT (DISTRICT OF COLUMBIA),09,HEALTH CARE SERVICE,0.162000,0.144000,0.106000,0.100000,0.100000,0.132000
8,DIST. OF COLUMBIA,ENTIRE DISTRCIT (DISTRICT OF COLUMBIA),09,HEAVY FABRICATION AND ASSEMBLY,0.406000,0.362000,0.264000,0.242000,0.242000,0.326000
8,DIST. OF COLUMBIA,ENTIRE DISTRCIT (DISTRICT OF COLUMBIA),09,HIGHWAY,0.386000,0.344000,0.250000,0.230000,0.230000,0.308000
8,DIST. OF COLUMBIA,ENTIRE DISTRCIT (DISTRICT OF COLUMBIA),09,LIGHT FABRICATION AND ASSEMBLY,0.938667,0.845333,0.609333,0.564000,0.564000,0.753333
8,DIST. OF COLUMBIA,ENTIRE DISTRCIT (DISTRICT OF COLUMBIA),09,PERMANENT DWELLING (MULTI FAMILY HOUSING),0.269143,0.242714,0.174857,0.161429,0.161429,0.215857
8,DIST. OF COLUMBIA,ENTIRE DISTRCIT (DISTRICT OF COLUMBIA),09,PERMANENT DWELLING (SINGLE FAMILY HOUSING),0.264000,0.238000,0.174000,0.158000,0.158000,0.212000
8,DIST. OF COLUMBIA,ENTIRE DISTRCIT (DISTRICT OF COLUMBIA),09,PERSONAL AND REPAIR SERVICES,0.332222,0.299333,0.216222,0.199556,0.199556,0.266667
8,DIST. OF COLUMBIA,ENTIRE DISTRCIT (DISTRICT OF COLUMBIA),09,PETROLEUM,0.252000,0.228000,0.164000,0.153000,0.153000,0.204000
8,DIST. OF COLUMBIA,ENTIRE DISTRCIT (DISTRICT OF COLUMBIA),09,"PROFESSIONAL, TECHNICAL AND BUSINESS SERVICES",0.110000,0.098000,0.070000,0.064000,0.064000,0.086000
8,DIST. OF COLUMBIA,ENTIRE DISTRCIT (DISTRICT OF COLUMBIA),09,RELIGION AND NONPROFIT,0.311600,0.280400,0.202000,0.187200,0.187200,0.249600
8,DIST. OF COLUMBIA,ENTIRE DISTRCIT (DISTRICT OF COLUMBIA),09,RESTAURANTS,0.129000,0.116000,0.085000,0.077000,0.077000,0.103000
8,DIST. OF COLUMBIA,ENTIRE DISTRCIT (DISTRICT OF COLUMBIA),09,RETAIL TRADE,0.315263,0.283789,0.204947,0.189579,0.189579,0.251895
8,DIST. OF COLUMBIA,ENTIRE DISTRCIT (DISTRICT OF COLUMBIA),09,SANITARY SEWER,0.830000,0.750000,0.536000,0.498000,0.498000,0.664000
8,DIST. OF COLUMBIA,ENTIRE DISTRCIT (DISTRICT OF COLUMBIA),09,TEMPORARY LODGING,0.197500,0.177500,0.128500,0.118500,0.118500,0.157500
8,DIST. OF COLUMBIA,ENTIRE DISTRCIT (DISTRICT OF COLUMBIA),09,WHOLESALE TRADE,0.334400,0.300000,0.218000,0.201200,0.201200,0.266800
9,FLORIDA,HIALEAH,07,AGRICULTURE,0.322500,0.296250,0.210000,0.198750,0.198750,0.262500
9,FLORIDA,HIALEAH,07,AIR,0.123750,0.108750,0.078750,0.071250,0.071250,0.101250
9,FLORIDA,HIALEAH,07,CASINOS,0.688125,0.616875,0.448125,0.410625,0.410625,0.551250
9,FLORIDA,HIALEAH,07,CONSTRUCTION,0.071250,0.067500,0.045000,0.041250,0.041250,0.060000
9,FLORIDA,HIALEAH,07,EDUCATION,0.161250,0.142500,0.105000,0.097500,0.097500,0.127500
9,FLORIDA,HIALEAH,07,EMERGENCY RESPONSE SERVICES,0.183750,0.168750,0.123750,0.112500,0.112500,0.150000
9,FLORIDA,HIALEAH,07,ENTERTAINMENT AND RECREATION,0.436705,0.393068,0.285341,0.262841,0.262841,0.349432
9,FLORIDA,HIALEAH,07,FOOD AND DRUGS PROCESSING,0.335000,0.302500,0.217500,0.203750,0.203750,0.267500
9,FLORIDA,HIALEAH,07,GASOLINE SERVICE STATIONS,0.232500,0.206250,0.146250,0.138750,0.138750,0.183750
9,FLORIDA,HIALEAH,07,GENERAL SERVICES,0.187500,0.168750,0.121875,0.110625,0.110625,0.151875
9,FLORIDA,HIALEAH,07,GROUP INSTITUTIONAL HOUSING,0.238500,0.213000,0.156750,0.143250,0.143250,0.189750
9,FLORIDA,HIALEAH,07,HEALTH CARE SERVICE,0.142500,0.131250,0.093750,0.090000,0.090000,0.112500
9,FLORIDA,HIALEAH,07,HEAVY FABRICATION AND ASSEMBLY,0.416250,0.378750,0.273750,0.251250,0.251250,0.337500
9,FLORIDA,HIALEAH,07,HIGHWAY,0.401250,0.363750,0.258750,0.240000,0.240000,0.318750
9,FLORIDA,HIALEAH,07,LIGHT FABRICATION AND ASSEMBLY,0.602500,0.542500,0.390000,0.362500,0.362500,0.482500
9,FLORIDA,HIALEAH,07,PERMANENT DWELLING (MULTI FAMILY HOUSING),0.126429,0.113304,0.082232,0.073393,0.073393,0.100714
9,FLORIDA,HIALEAH,07,PERMANENT DWELLING (SINGLE FAMILY HOUSING),0.165000,0.146250,0.108750,0.097500,0.097500,0.131250
9,FLORIDA,HIALEAH,07,PERSONAL AND REPAIR SERVICES,0.279167,0.251250,0.181667,0.166667,0.166667,0.223333
9,FLORIDA,HIALEAH,07,PETROLEUM,0.264375,0.234375,0.170625,0.157500,0.157500,0.210000
9,FLORIDA,HIALEAH,07,"PROFESSIONAL, TECHNICAL AND BUSINESS SERVICES",0.345000,0.311250,0.225000,0.210000,0.210000,0.277500
9,FLORIDA,HIALEAH,07,RELIGION AND NONPROFIT,0.231000,0.209250,0.154500,0.141000,0.141000,0.188250
9,FLORIDA,HIALEAH,07,RESTAURANTS,0.427500,0.386250,0.277500,0.256875,0.256875,0.343125
9,FLORIDA,HIALEAH,07,RETAIL TRADE,0.388026,0.350132,0.252632,0.234079,0.234079,0.311645
9,FLORIDA,HIALEAH,07,SANITARY SEWER,0.862500,0.776250,0.558750,0.517500,0.517500,0.690000
9,FLORIDA,HIALEAH,07,TEMPORARY LODGING,0.246563,0.221250,0.160313,0.147188,0.147188,0.197813
9,FLORIDA,HIALEAH,07,WHOLESALE TRADE,0.345750,0.312000,0.224250,0.209250,0.209250,0.279000
9,FLORIDA,JACKSONVILLE,01,AGRICULTURE,0.510000,0.465000,0.330000,0.311250,0.311250,0.412500
9,FLORIDA,JACKSONVILLE,01,AIR,0.191250,0.172500,0.127500,0.112500,0.112500,0.157500
9,FLORIDA,JACKSONVILLE,01,CASINOS,1.083750,0.971250,0.703125,0.646875,0.646875,0.870000
9,FLORIDA,JACKSONVILLE,01,CONSTRUCTION,0.112500,0.105000,0.071250,0.067500,0.067500,0.093750
9,FLORIDA,JACKSONVILLE,01,EDUCATION,0.251250,0.225000,0.165000,0.153750,0.153750,0.198750
9,FLORIDA,JACKSONVILLE,01,EMERGENCY RESPONSE SERVICES,0.292500,0.266250,0.191250,0.180000,0.180000,0.240000
9,FLORIDA,JACKSONVILLE,01,ENTERTAINMENT AND RECREATION,0.688295,0.618750,0.448977,0.413864,0.413864,0.550227
9,FLORIDA,JACKSONVILLE,01,FOOD AND DRUGS PROCESSING,0.528750,0.477500,0.342500,0.318750,0.318750,0.421250
9,FLORIDA,JACKSONVILLE,01,GASOLINE SERVICE STATIONS,0.363750,0.326250,0.232500,0.217500,0.217500,0.292500
9,FLORIDA,JACKSONVILLE,01,GENERAL SERVICES,0.294375,0.264375,0.193125,0.176250,0.176250,0.238125
9,FLORIDA,JACKSONVILLE,01,GROUP INSTITUTIONAL HOUSING,0.375000,0.336000,0.246000,0.223500,0.223500,0.300000
9,FLORIDA,JACKSONVILLE,01,HEALTH CARE SERVICE,0.225000,0.206250,0.146250,0.138750,0.138750,0.180000
9,FLORIDA,JACKSONVILLE,01,HEAVY FABRICATION AND ASSEMBLY,0.656250,0.596250,0.431250,0.397500,0.397500,0.528750
9,FLORIDA,JACKSONVILLE,01,HIGHWAY,0.630000,0.570000,0.405000,0.378750,0.378750,0.502500
9,FLORIDA,JACKSONVILLE,01,LIGHT FABRICATION AND ASSEMBLY,0.948750,0.852500,0.615000,0.570000,0.570000,0.760000
9,FLORIDA,JACKSONVILLE,01,PERMANENT DWELLING (MULTI FAMILY HOUSING),0.198482,0.178661,0.129911,0.115982,0.115982,0.158839
9,FLORIDA,JACKSONVILLE,01,PERMANENT DWELLING (SINGLE FAMILY HOUSING),0.258750,0.232500,0.172500,0.153750,0.153750,0.206250
9,FLORIDA,JACKSONVILLE,01,PERSONAL AND REPAIR SERVICES,0.438333,0.395000,0.285417,0.263333,0.263333,0.350833
9,FLORIDA,JACKSONVILLE,01,PETROLEUM,0.414375,0.367500,0.268125,0.249375,0.249375,0.331875
9,FLORIDA,JACKSONVILLE,01,"PROFESSIONAL, TECHNICAL AND BUSINESS SERVICES",0.543750,0.491250,0.352500,0.330000,0.330000,0.438750
9,FLORIDA,JACKSONVILLE,01,RELIGION AND NONPROFIT,0.365250,0.331500,0.242250,0.222750,0.222750,0.294000
9,FLORIDA,JACKSONVILLE,01,RESTAURANTS,0.673125,0.607500,0.436875,0.405000,0.405000,0.540000
9,FLORIDA,JACKSONVILLE,01,RETAIL TRADE,0.611842,0.551645,0.397500,0.368092,0.368092,0.490658
9,FLORIDA,JACKSONVILLE,01,SANITARY SEWER,1.357500,1.218750,0.881250,0.813750,0.813750,1.087500
9,FLORIDA,JACKSONVILLE,01,TEMPORARY LODGING,0.388125,0.347813,0.251250,0.231563,0.231563,0.312188
9,FLORIDA,JACKSONVILLE,01,WHOLESALE TRADE,0.546000,0.490500,0.354750,0.329250,0.329250,0.437250
9,FLORIDA,MIAMI,02,AGRICULTURE,0.487500,0.442500,0.318750,0.296250,0.296250,0.393750
9,FLORIDA,MIAMI,02,AIR,0.183750,0.165000,0.120000,0.108750,0.108750,0.153750
9,FLORIDA,MIAMI,02,CASINOS,1.036875,0.928125,0.673125,0.618750,0.618750,0.830625
9,FLORIDA,MIAMI,02,CONSTRUCTION,0.108750,0.101250,0.071250,0.063750,0.063750,0.090000
9,FLORIDA,MIAMI,02,EDUCATION,0.240000,0.213750,0.157500,0.146250,0.146250,0.191250
9,FLORIDA,MIAMI,02,EMERGENCY RESPONSE SERVICES,0.277500,0.255000,0.183750,0.172500,0.172500,0.228750
9,FLORIDA,MIAMI,02,ENTERTAINMENT AND RECREATION,0.658977,0.592159,0.429886,0.396136,0.396136,0.526023
9,FLORIDA,MIAMI,02,FOOD AND DRUGS PROCESSING,0.505000,0.457500,0.327500,0.303750,0.303750,0.403750
9,FLORIDA,MIAMI,02,GASOLINE SERVICE STATIONS,0.348750,0.311250,0.221250,0.210000,0.210000,0.277500
9,FLORIDA,MIAMI,02,GENERAL SERVICES,0.283125,0.253125,0.183750,0.168750,0.168750,0.228750
9,FLORIDA,MIAMI,02,GROUP INSTITUTIONAL HOUSING,0.358500,0.320250,0.236250,0.213750,0.213750,0.285750
9,FLORIDA,MIAMI,02,HEALTH CARE SERVICE,0.213750,0.195000,0.138750,0.135000,0.135000,0.172500
9,FLORIDA,MIAMI,02,HEAVY FABRICATION AND ASSEMBLY,0.626250,0.570000,0.412500,0.378750,0.378750,0.506250
9,FLORIDA,MIAMI,02,HIGHWAY,0.603750,0.543750,0.386250,0.360000,0.360000,0.483750
9,FLORIDA,MIAMI,02,LIGHT FABRICATION AND ASSEMBLY,0.906250,0.816250,0.588750,0.545000,0.545000,0.727500
9,FLORIDA,MIAMI,02,PERMANENT DWELLING (MULTI FAMILY HOUSING),0.189643,0.170625,0.124018,0.110893,0.110893,0.151607
9,FLORIDA,MIAMI,02,PERMANENT DWELLING (SINGLE FAMILY HOUSING),0.247500,0.221250,0.165000,0.146250,0.146250,0.195000
9,FLORIDA,MIAMI,02,PERSONAL AND REPAIR SERVICES,0.419583,0.377917,0.273750,0.251667,0.251667,0.335417
9,FLORIDA,MIAMI,02,PETROLEUM,0.395625,0.350625,0.256875,0.238125,0.238125,0.316875
9,FLORIDA,MIAMI,02,"PROFESSIONAL, TECHNICAL AND BUSINESS SERVICES",0.521250,0.468750,0.337500,0.318750,0.318750,0.420000
9,FLORIDA,MIAMI,02,RELIGION AND NONPROFIT,0.348000,0.317250,0.231750,0.213000,0.213000,0.282000
9,FLORIDA,MIAMI,02,RESTAURANTS,0.643125,0.579375,0.418125,0.386250,0.386250,0.517500
9,FLORIDA,MIAMI,02,RETAIL TRADE,0.584803,0.527566,0.380724,0.351908,0.351908,0.468947
9,FLORIDA,MIAMI,02,SANITARY SEWER,1.301250,1.166250,0.843750,0.780000,0.780000,1.038750
9,FLORIDA,MIAMI,02,TEMPORARY LODGING,0.371250,0.333750,0.240938,0.222188,0.222188,0.298125
9,FLORIDA,MIAMI,02,WHOLESALE TRADE,0.522000,0.468750,0.338250,0.314250,0.314250,0.419250
9,FLORIDA,MIAMI BEACH,04,AGRICULTURE,0.502500,0.457500,0.326250,0.307500,0.307500,0.405000
9,FLORIDA,MIAMI BEACH,04,AIR,0.191250,0.168750,0.123750,0.112500,0.112500,0.157500
9,FLORIDA,MIAMI BEACH,04,CASINOS,1.068750,0.956250,0.691875,0.635625,0.635625,0.855000
9,FLORIDA,MIAMI BEACH,04,CONSTRUCTION,0.112500,0.105000,0.071250,0.063750,0.063750,0.090000
9,FLORIDA,MIAMI BEACH,04,EDUCATION,0.247500,0.221250,0.165000,0.150000,0.150000,0.195000
9,FLORIDA,MIAMI BEACH,04,EMERGENCY RESPONSE SERVICES,0.288750,0.262500,0.191250,0.176250,0.176250,0.236250
9,FLORIDA,MIAMI BEACH,04,ENTERTAINMENT AND RECREATION,0.678068,0.609545,0.443523,0.408068,0.408068,0.541705
9,FLORIDA,MIAMI BEACH,04,FOOD AND DRUGS PROCESSING,0.521250,0.470000,0.337500,0.313750,0.313750,0.416250
9,FLORIDA,MIAMI BEACH,04,GASOLINE SERVICE STATIONS,0.360000,0.318750,0.228750,0.213750,0.213750,0.288750
9,FLORIDA,MIAMI BEACH,04,GENERAL SERVICES,0.290625,0.260625,0.189375,0.172500,0.172500,0.234375
9,FLORIDA,MIAMI BEACH,04,GROUP INSTITUTIONAL HOUSING,0.369000,0.330000,0.242250,0.220500,0.220500,0.295500
9,FLORIDA,MIAMI BEACH,04,HEALTH CARE SERVICE,0.221250,0.202500,0.142500,0.138750,0.138750,0.176250
9,FLORIDA,MIAMI BEACH,04,HEAVY FABRICATION AND ASSEMBLY,0.645000,0.588750,0.423750,0.393750,0.393750,0.521250
9,FLORIDA,MIAMI BEACH,04,HIGHWAY,0.618750,0.562500,0.397500,0.371250,0.371250,0.495000
9,FLORIDA,MIAMI BEACH,04,LIGHT FABRICATION AND ASSEMBLY,0.933750,0.840000,0.606250,0.562500,0.562500,0.748750
9,FLORIDA,MIAMI BEACH,04,PERMANENT DWELLING (MULTI FAMILY HOUSING),0.197143,0.174911,0.127768,0.113839,0.113839,0.156696
9,FLORIDA,MIAMI BEACH,04,PERMANENT DWELLING (SINGLE FAMILY HOUSING),0.255000,0.228750,0.168750,0.150000,0.150000,0.202500
9,FLORIDA,MIAMI BEACH,04,PERSONAL AND REPAIR SERVICES,0.432500,0.389167,0.282083,0.258750,0.258750,0.346250
9,FLORIDA,MIAMI BEACH,04,PETROLEUM,0.406875,0.361875,0.264375,0.245625,0.245625,0.328125
9,FLORIDA,MIAMI BEACH,04,"PROFESSIONAL, TECHNICAL AND BUSINESS SERVICES",0.536250,0.483750,0.345000,0.326250,0.326250,0.431250
9,FLORIDA,MIAMI BEACH,04,RELIGION AND NONPROFIT,0.358500,0.327750,0.238500,0.219750,0.219750,0.289500
9,FLORIDA,MIAMI BEACH,04,RESTAURANTS,0.663750,0.598125,0.431250,0.399375,0.399375,0.532500
9,FLORIDA,MIAMI BEACH,04,RETAIL TRADE,0.602763,0.543355,0.392566,0.362763,0.362763,0.482763
9,FLORIDA,MIAMI BEACH,04,SANITARY SEWER,1.338750,1.203750,0.870000,0.802500,0.802500,1.072500
9,FLORIDA,MIAMI BEACH,04,TEMPORARY LODGING,0.382500,0.343125,0.248438,0.228750,0.228750,0.306563
9,FLORIDA,MIAMI BEACH,04,WHOLESALE TRADE,0.537750,0.483750,0.350250,0.324000,0.324000,0.431250
9,FLORIDA,TAMPA,03,AGRICULTURE,0.318750,0.288750,0.206250,0.195000,0.195000,0.255000
9,FLORIDA,TAMPA,03,AIR,0.120000,0.108750,0.078750,0.071250,0.071250,0.097500
9,FLORIDA,TAMPA,03,CASINOS,0.676875,0.607500,0.440625,0.403125,0.403125,0.541875
9,FLORIDA,TAMPA,03,CONSTRUCTION,0.071250,0.067500,0.045000,0.041250,0.041250,0.056250
9,FLORIDA,TAMPA,03,EDUCATION,0.157500,0.142500,0.105000,0.093750,0.093750,0.123750
9,FLORIDA,TAMPA,03,EMERGENCY RESPONSE SERVICES,0.183750,0.165000,0.120000,0.112500,0.112500,0.150000
9,FLORIDA,TAMPA,03,ENTERTAINMENT AND RECREATION,0.429886,0.387273,0.280568,0.258409,0.258409,0.343636
9,FLORIDA,TAMPA,03,FOOD AND DRUGS PROCESSING,0.330000,0.297500,0.213750,0.198750,0.198750,0.263750
9,FLORIDA,TAMPA,03,GASOLINE SERVICE STATIONS,0.228750,0.202500,0.146250,0.135000,0.135000,0.183750
9,FLORIDA,TAMPA,03,GENERAL SERVICES,0.183750,0.165000,0.120000,0.110625,0.110625,0.150000
9,FLORIDA,TAMPA,03,GROUP INSTITUTIONAL HOUSING,0.235500,0.209250,0.153000,0.140250,0.140250,0.186750
9,FLORIDA,TAMPA,03,HEALTH CARE SERVICE,0.142500,0.127500,0.090000,0.086250,0.086250,0.112500
9,FLORIDA,TAMPA,03,HEAVY FABRICATION AND ASSEMBLY,0.408750,0.371250,0.270000,0.247500,0.247500,0.330000
9,FLORIDA,TAMPA,03,HIGHWAY,0.393750,0.356250,0.251250,0.236250,0.236250,0.315000
9,FLORIDA,TAMPA,03,LIGHT FABRICATION AND ASSEMBLY,0.592500,0.532500,0.383750,0.355000,0.355000,0.476250
9,FLORIDA,TAMPA,03,PERMANENT DWELLING (MULTI FAMILY HOUSING),0.125089,0.110893,0.081429,0.072054,0.072054,0.098571
9,FLORIDA,TAMPA,03,PERMANENT DWELLING (SINGLE FAMILY HOUSING),0.161250,0.146250,0.108750,0.093750,0.093750,0.127500
9,FLORIDA,TAMPA,03,PERSONAL AND REPAIR SERVICES,0.274167,0.247500,0.178750,0.164167,0.164167,0.219583
9,FLORIDA,TAMPA,03,PETROLEUM,0.258750,0.230625,0.166875,0.155625,0.155625,0.206250
9,FLORIDA,TAMPA,03,"PROFESSIONAL, TECHNICAL AND BUSINESS SERVICES",0.341250,0.307500,0.221250,0.206250,0.206250,0.273750
9,FLORIDA,TAMPA,03,RELIGION AND NONPROFIT,0.228000,0.206250,0.151500,0.140250,0.140250,0.183750
9,FLORIDA,TAMPA,03,RESTAURANTS,0.420000,0.378750,0.273750,0.253125,0.253125,0.337500
9,FLORIDA,TAMPA,03,RETAIL TRADE,0.382303,0.344408,0.248684,0.229934,0.229934,0.305724
9,FLORIDA,TAMPA,03,SANITARY SEWER,0.847500,0.761250,0.551250,0.510000,0.510000,0.678750
9,FLORIDA,TAMPA,03,TEMPORARY LODGING,0.241875,0.217500,0.157500,0.144375,0.144375,0.195000
9,FLORIDA,TAMPA,03,WHOLESALE TRADE,0.340500,0.305250,0.221250,0.205500,0.205500,0.273750
9,FLORIDA,"MIAMI-DADE EXCLUDING HIALEAH, MIAMI BEACH, AND MIAMI",05,AGRICULTURE,0.348750,0.318750,0.225000,0.213750,0.213750,0.281250
9,FLORIDA,"MIAMI-DADE EXCLUDING HIALEAH, MIAMI BEACH, AND MIAMI",05,AIR,0.131250,0.116250,0.086250,0.078750,0.078750,0.108750
9,FLORIDA,"MIAMI-DADE EXCLUDING HIALEAH, MIAMI BEACH, AND MIAMI",05,CASINOS,0.740625,0.663750,0.480000,0.440625,0.440625,0.594375
9,FLORIDA,"MIAMI-DADE EXCLUDING HIALEAH, MIAMI BEACH, AND MIAMI",05,CONSTRUCTION,0.078750,0.071250,0.048750,0.045000,0.045000,0.063750
9,FLORIDA,"MIAMI-DADE EXCLUDING HIALEAH, MIAMI BEACH, AND MIAMI",05,EDUCATION,0.172500,0.153750,0.112500,0.105000,0.105000,0.135000
9,FLORIDA,"MIAMI-DADE EXCLUDING HIALEAH, MIAMI BEACH, AND MIAMI",05,EMERGENCY RESPONSE SERVICES,0.198750,0.180000,0.131250,0.123750,0.123750,0.161250
9,FLORIDA,"MIAMI-DADE EXCLUDING HIALEAH, MIAMI BEACH, AND MIAMI",05,ENTERTAINMENT AND RECREATION,0.470455,0.423068,0.307159,0.283636,0.283636,0.376023
9,FLORIDA,"MIAMI-DADE EXCLUDING HIALEAH, MIAMI BEACH, AND MIAMI",05,FOOD AND DRUGS PROCESSING,0.361250,0.326250,0.233750,0.217500,0.217500,0.287500
9,FLORIDA,"MIAMI-DADE EXCLUDING HIALEAH, MIAMI BEACH, AND MIAMI",05,GASOLINE SERVICE STATIONS,0.247500,0.221250,0.157500,0.150000,0.150000,0.198750
9,FLORIDA,"MIAMI-DADE EXCLUDING HIALEAH, MIAMI BEACH, AND MIAMI",05,GENERAL SERVICES,0.202500,0.181875,0.131250,0.120000,0.120000,0.163125
9,FLORIDA,"MIAMI-DADE EXCLUDING HIALEAH, MIAMI BEACH, AND MIAMI",05,GROUP INSTITUTIONAL HOUSING,0.255750,0.229500,0.169500,0.153000,0.153000,0.205500
9,FLORIDA,"MIAMI-DADE EXCLUDING HIALEAH, MIAMI BEACH, AND MIAMI",05,HEALTH CARE SERVICE,0.153750,0.138750,0.101250,0.093750,0.093750,0.123750
9,FLORIDA,"MIAMI-DADE EXCLUDING HIALEAH, MIAMI BEACH, AND MIAMI",05,HEAVY FABRICATION AND ASSEMBLY,0.450000,0.408750,0.296250,0.270000,0.270000,0.363750
9,FLORIDA,"MIAMI-DADE EXCLUDING HIALEAH, MIAMI BEACH, AND MIAMI",05,HIGHWAY,0.431250,0.390000,0.277500,0.258750,0.258750,0.345000
9,FLORIDA,"MIAMI-DADE EXCLUDING HIALEAH, MIAMI BEACH, AND MIAMI",05,LIGHT FABRICATION AND ASSEMBLY,0.647500,0.582500,0.420000,0.390000,0.390000,0.518750
9,FLORIDA,"MIAMI-DADE EXCLUDING HIALEAH, MIAMI BEACH, AND MIAMI",05,PERMANENT DWELLING (MULTI FAMILY HOUSING),0.135268,0.121339,0.088929,0.079286,0.079286,0.108214
9,FLORIDA,"MIAMI-DADE EXCLUDING HIALEAH, MIAMI BEACH, AND MIAMI",05,PERMANENT DWELLING (SINGLE FAMILY HOUSING),0.176250,0.157500,0.116250,0.105000,0.105000,0.138750
9,FLORIDA,"MIAMI-DADE EXCLUDING HIALEAH, MIAMI BEACH, AND MIAMI",05,PERSONAL AND REPAIR SERVICES,0.299583,0.270000,0.194583,0.179583,0.179583,0.240000
9,FLORIDA,"MIAMI-DADE EXCLUDING HIALEAH, MIAMI BEACH, AND MIAMI",05,PETROLEUM,0.283125,0.251250,0.183750,0.168750,0.168750,0.226875
9,FLORIDA,"MIAMI-DADE EXCLUDING HIALEAH, MIAMI BEACH, AND MIAMI",05,"PROFESSIONAL, TECHNICAL AND BUSINESS SERVICES",0.371250,0.333750,0.240000,0.225000,0.225000,0.300000
9,FLORIDA,"MIAMI-DADE EXCLUDING HIALEAH, MIAMI BEACH, AND MIAMI",05,RELIGION AND NONPROFIT,0.249750,0.226500,0.165750,0.152250,0.152250,0.202500
9,FLORIDA,"MIAMI-DADE EXCLUDING HIALEAH, MIAMI BEACH, AND MIAMI",05,RESTAURANTS,0.459375,0.414375,0.298125,0.275625,0.275625,0.369375
9,FLORIDA,"MIAMI-DADE EXCLUDING HIALEAH, MIAMI BEACH, AND MIAMI",05,RETAIL TRADE,0.417632,0.376776,0.271382,0.251447,0.251447,0.335329
9,FLORIDA,"MIAMI-DADE EXCLUDING HIALEAH, MIAMI BEACH, AND MIAMI",05,SANITARY SEWER,0.930000,0.832500,0.603750,0.558750,0.558750,0.742500
9,FLORIDA,"MIAMI-DADE EXCLUDING HIALEAH, MIAMI BEACH, AND MIAMI",05,TEMPORARY LODGING,0.265313,0.238125,0.172500,0.158438,0.158438,0.212813
9,FLORIDA,"MIAMI-DADE EXCLUDING HIALEAH, MIAMI BEACH, AND MIAMI",05,WHOLESALE TRADE,0.372000,0.335250,0.241500,0.224250,0.224250,0.298500
9,FLORIDA,HILLSBOROUGH COUNTY EXCLUDING TAMPA,06,AGRICULTURE,0.292500,0.266250,0.191250,0.180000,0.180000,0.236250
9,FLORIDA,HILLSBOROUGH COUNTY EXCLUDING TAMPA,06,AIR,0.108750,0.097500,0.071250,0.063750,0.063750,0.090000
9,FLORIDA,HILLSBOROUGH COUNTY EXCLUDING TAMPA,06,CASINOS,0.622500,0.558750,0.405000,0.371250,0.371250,0.498750
9,FLORIDA,HILLSBOROUGH COUNTY EXCLUDING TAMPA,06,CONSTRUCTION,0.063750,0.060000,0.041250,0.037500,0.037500,0.052500
9,FLORIDA,HILLSBOROUGH COUNTY EXCLUDING TAMPA,06,EDUCATION,0.146250,0.131250,0.093750,0.086250,0.086250,0.112500
9,FLORIDA,HILLSBOROUGH COUNTY EXCLUDING TAMPA,06,EMERGENCY RESPONSE SERVICES,0.168750,0.153750,0.108750,0.101250,0.101250,0.138750
9,FLORIDA,HILLSBOROUGH COUNTY EXCLUDING TAMPA,06,ENTERTAINMENT AND RECREATION,0.394773,0.355568,0.258409,0.238295,0.238295,0.316705
9,FLORIDA,HILLSBOROUGH COUNTY EXCLUDING TAMPA,06,FOOD AND DRUGS PROCESSING,0.303750,0.275000,0.196250,0.182500,0.182500,0.242500
9,FLORIDA,HILLSBOROUGH COUNTY EXCLUDING TAMPA,06,GASOLINE SERVICE STATIONS,0.210000,0.187500,0.135000,0.127500,0.127500,0.168750
9,FLORIDA,HILLSBOROUGH COUNTY EXCLUDING TAMPA,06,GENERAL SERVICES,0.170625,0.153750,0.108750,0.099375,0.099375,0.138750
9,FLORIDA,HILLSBOROUGH COUNTY EXCLUDING TAMPA,06,GROUP INSTITUTIONAL HOUSING,0.216000,0.193500,0.142500,0.129750,0.129750,0.172500
9,FLORIDA,HILLSBOROUGH COUNTY EXCLUDING TAMPA,06,HEALTH CARE SERVICE,0.131250,0.116250,0.082500,0.078750,0.078750,0.101250
9,FLORIDA,HILLSBOROUGH COUNTY EXCLUDING TAMPA,06,HEAVY FABRICATION AND ASSEMBLY,0.378750,0.341250,0.247500,0.228750,0.228750,0.303750
9,FLORIDA,HILLSBOROUGH COUNTY EXCLUDING TAMPA,06,HIGHWAY,0.363750,0.326250,0.232500,0.217500,0.217500,0.288750
9,FLORIDA,HILLSBOROUGH COUNTY EXCLUDING TAMPA,06,LIGHT FABRICATION AND ASSEMBLY,0.545000,0.490000,0.353750,0.327500,0.327500,0.436250
9,FLORIDA,HILLSBOROUGH COUNTY EXCLUDING TAMPA,06,PERMANENT DWELLING (MULTI FAMILY HOUSING),0.113839,0.102054,0.073393,0.065357,0.065357,0.090536
9,FLORIDA,HILLSBOROUGH COUNTY EXCLUDING TAMPA,06,PERMANENT DWELLING (SINGLE FAMILY HOUSING),0.150000,0.135000,0.097500,0.086250,0.086250,0.116250
9,FLORIDA,HILLSBOROUGH COUNTY EXCLUDING TAMPA,06,PERSONAL AND REPAIR SERVICES,0.252917,0.227917,0.164167,0.150833,0.150833,0.202083
9,FLORIDA,HILLSBOROUGH COUNTY EXCLUDING TAMPA,06,PETROLEUM,0.238125,0.211875,0.155625,0.144375,0.144375,0.191250
9,FLORIDA,HILLSBOROUGH COUNTY EXCLUDING TAMPA,06,"PROFESSIONAL, TECHNICAL AND BUSINESS SERVICES",0.311250,0.281250,0.202500,0.191250,0.191250,0.251250
9,FLORIDA,HILLSBOROUGH COUNTY EXCLUDING TAMPA,06,RELIGION AND NONPROFIT,0.209250,0.190500,0.140250,0.129000,0.129000,0.169500
9,FLORIDA,HILLSBOROUGH COUNTY EXCLUDING TAMPA,06,RESTAURANTS,0.386250,0.348750,0.251250,0.232500,0.232500,0.311250
9,FLORIDA,HILLSBOROUGH COUNTY EXCLUDING TAMPA,06,RETAIL TRADE,0.350724,0.316382,0.229145,0.212171,0.212171,0.281645
9,FLORIDA,HILLSBOROUGH COUNTY EXCLUDING TAMPA,06,SANITARY SEWER,0.780000,0.701250,0.506250,0.468750,0.468750,0.626250
9,FLORIDA,HILLSBOROUGH COUNTY EXCLUDING TAMPA,06,TEMPORARY LODGING,0.223125,0.199688,0.145313,0.134063,0.134063,0.179063
9,FLORIDA,HILLSBOROUGH COUNTY EXCLUDING TAMPA,06,WHOLESALE TRADE,0.312750,0.282000,0.204000,0.189750,0.189750,0.252000
9,FLORIDA,BALANCE OF STATE (FLORIDA),08,AGRICULTURE,0.288750,0.262500,0.187500,0.176250,0.176250,0.232500
9,FLORIDA,BALANCE OF STATE (FLORIDA),08,AIR,0.108750,0.097500,0.071250,0.063750,0.063750,0.090000
9,FLORIDA,BALANCE OF STATE (FLORIDA),08,CASINOS,0.613125,0.549375,0.397500,0.365625,0.365625,0.491250
9,FLORIDA,BALANCE OF STATE (FLORIDA),08,CONSTRUCTION,0.063750,0.060000,0.041250,0.037500,0.037500,0.052500
9,FLORIDA,BALANCE OF STATE (FLORIDA),08,EDUCATION,0.142500,0.127500,0.093750,0.086250,0.086250,0.112500
9,FLORIDA,BALANCE OF STATE (FLORIDA),08,EMERGENCY RESPONSE SERVICES,0.165000,0.150000,0.108750,0.101250,0.101250,0.135000
9,FLORIDA,BALANCE OF STATE (FLORIDA),08,ENTERTAINMENT AND RECREATION,0.389318,0.350114,0.254318,0.234205,0.234205,0.311250
9,FLORIDA,BALANCE OF STATE (FLORIDA),08,FOOD AND DRUGS PROCESSING,0.298750,0.270000,0.193750,0.180000,0.180000,0.238750
9,FLORIDA,BALANCE OF STATE (FLORIDA),08,GASOLINE SERVICE STATIONS,0.206250,0.183750,0.131250,0.123750,0.123750,0.165000
9,FLORIDA,BALANCE OF STATE (FLORIDA),08,GENERAL SERVICES,0.166875,0.150000,0.108750,0.099375,0.099375,0.135000
9,FLORIDA,BALANCE OF STATE (FLORIDA),08,GROUP INSTITUTIONAL HOUSING,0.212250,0.189750,0.139500,0.126750,0.126750,0.169500
9,FLORIDA,BALANCE OF STATE (FLORIDA),08,HEALTH CARE SERVICE,0.127500,0.116250,0.082500,0.078750,0.078750,0.101250
9,FLORIDA,BALANCE OF STATE (FLORIDA),08,HEAVY FABRICATION AND ASSEMBLY,0.371250,0.337500,0.243750,0.225000,0.225000,0.300000
9,FLORIDA,BALANCE OF STATE (FLORIDA),08,HIGHWAY,0.356250,0.322500,0.228750,0.213750,0.213750,0.285000
9,FLORIDA,BALANCE OF STATE (FLORIDA),08,LIGHT FABRICATION AND ASSEMBLY,0.536250,0.482500,0.347500,0.322500,0.322500,0.430000
9,FLORIDA,BALANCE OF STATE (FLORIDA),08,PERMANENT DWELLING (MULTI FAMILY HOUSING),0.112500,0.100714,0.073393,0.065357,0.065357,0.089732
9,FLORIDA,BALANCE OF STATE (FLORIDA),08,PERMANENT DWELLING (SINGLE FAMILY HOUSING),0.146250,0.131250,0.097500,0.086250,0.086250,0.116250
9,FLORIDA,BALANCE OF STATE (FLORIDA),08,PERSONAL AND REPAIR SERVICES,0.248333,0.223750,0.161667,0.148750,0.148750,0.198750
9,FLORIDA,BALANCE OF STATE (FLORIDA),08,PETROLEUM,0.234375,0.208125,0.151875,0.140625,0.140625,0.187500
9,FLORIDA,BALANCE OF STATE (FLORIDA),08,"PROFESSIONAL, TECHNICAL AND BUSINESS SERVICES",0.307500,0.277500,0.198750,0.187500,0.187500,0.247500
9,FLORIDA,BALANCE OF STATE (FLORIDA),08,RELIGION AND NONPROFIT,0.206250,0.187500,0.137250,0.126000,0.126000,0.166500
9,FLORIDA,BALANCE OF STATE (FLORIDA),08,RESTAURANTS,0.380625,0.343125,0.247500,0.228750,0.228750,0.305625
9,FLORIDA,BALANCE OF STATE (FLORIDA),08,RETAIL TRADE,0.345987,0.311842,0.225197,0.208224,0.208224,0.277303
9,FLORIDA,BALANCE OF STATE (FLORIDA),08,SANITARY SEWER,0.768750,0.690000,0.498750,0.461250,0.461250,0.615000
9,FLORIDA,BALANCE OF STATE (FLORIDA),08,TEMPORARY LODGING,0.219375,0.196875,0.142500,0.131250,0.131250,0.176250
9,FLORIDA,BALANCE OF STATE (FLORIDA),08,WHOLESALE TRADE,0.308250,0.277500,0.200250,0.186000,0.186000,0.247500
9,FLORIDA,ST. PETERSBURG,09,AGRICULTURE,0.258750,0.236250,0.168750,0.157500,0.157500,0.210000
9,FLORIDA,ST. PETERSBURG,09,AIR,0.097500,0.086250,0.063750,0.056250,0.056250,0.082500
9,FLORIDA,ST. PETERSBURG,09,CASINOS,0.551250,0.493125,0.358125,0.328125,0.328125,0.440625
9,FLORIDA,ST. PETERSBURG,09,CONSTRUCTION,0.056250,0.052500,0.037500,0.033750,0.033750,0.048750
9,FLORIDA,ST. PETERSBURG,09,EDUCATION,0.127500,0.116250,0.082500,0.078750,0.078750,0.101250
9,FLORIDA,ST. PETERSBURG,09,EMERGENCY RESPONSE SERVICES,0.150000,0.135000,0.097500,0.090000,0.090000,0.120000
9,FLORIDA,ST. PETERSBURG,09,ENTERTAINMENT AND RECREATION,0.349773,0.314318,0.228409,0.210000,0.210000,0.279886
9,FLORIDA,ST. PETERSBURG,09,FOOD AND DRUGS PROCESSING,0.267500,0.242500,0.173750,0.161250,0.161250,0.215000
9,FLORIDA,ST. PETERSBURG,09,GASOLINE SERVICE STATIONS,0.183750,0.165000,0.116250,0.112500,0.112500,0.150000
9,FLORIDA,ST. PETERSBURG,09,GENERAL SERVICES,0.150000,0.135000,0.097500,0.088125,0.088125,0.120000
9,FLORIDA,ST. PETERSBURG,09,GROUP INSTITUTIONAL HOUSING,0.189000,0.170250,0.126000,0.114000,0.114000,0.152250
9,FLORIDA,ST. PETERSBURG,09,HEALTH CARE SERVICE,0.116250,0.105000,0.075000,0.071250,0.071250,0.090000
9,FLORIDA,ST. PETERSBURG,09,HEAVY FABRICATION AND ASSEMBLY,0.333750,0.303750,0.217500,0.202500,0.202500,0.270000
9,FLORIDA,ST. PETERSBURG,09,HIGHWAY,0.318750,0.288750,0.206250,0.191250,0.191250,0.255000
9,FLORIDA,ST. PETERSBURG,09,LIGHT FABRICATION AND ASSEMBLY,0.481250,0.432500,0.311250,0.290000,0.290000,0.387500
9,FLORIDA,ST. PETERSBURG,09,PERMANENT DWELLING (MULTI FAMILY HOUSING),0.100714,0.090536,0.065357,0.058661,0.058661,0.080893
9,FLORIDA,ST. PETERSBURG,09,PERMANENT DWELLING (SINGLE FAMILY HOUSING),0.131250,0.116250,0.086250,0.078750,0.078750,0.105000
9,FLORIDA,ST. PETERSBURG,09,PERSONAL AND REPAIR SERVICES,0.222500,0.200833,0.145417,0.133750,0.133750,0.178750
9,FLORIDA,ST. PETERSBURG,09,PETROLEUM,0.210000,0.185625,0.136875,0.125625,0.125625,0.168750
9,FLORIDA,ST. PETERSBURG,09,"PROFESSIONAL, TECHNICAL AND BUSINESS SERVICES",0.277500,0.247500,0.180000,0.168750,0.168750,0.221250
9,FLORIDA,ST. PETERSBURG,09,RELIGION AND NONPROFIT,0.184500,0.168750,0.123000,0.111750,0.111750,0.149250
9,FLORIDA,ST. PETERSBURG,09,RESTAURANTS,0.341250,0.307500,0.223125,0.206250,0.206250,0.273750
9,FLORIDA,ST. PETERSBURG,09,RETAIL TRADE,0.310658,0.279868,0.201908,0.186711,0.186711,0.249079
9,FLORIDA,ST. PETERSBURG,09,SANITARY SEWER,0.690000,0.618750,0.446250,0.412500,0.412500,0.551250
9,FLORIDA,ST. PETERSBURG,09,TEMPORARY LODGING,0.196875,0.177188,0.127500,0.118125,0.118125,0.158438
9,FLORIDA,ST. PETERSBURG,09,WHOLESALE TRADE,0.276750,0.249750,0.180750,0.166500,0.166500,0.222750
10,GEORGIA,ATLANTA,01,AGRICULTURE,0.270000,0.242500,0.176250,0.163750,0.163750,0.218750
10,GEORGIA,ATLANTA,01,AIR,0.103750,0.091250,0.070000,0.063750,0.063750,0.082500
10,GEORGIA,ATLANTA,01,CASINOS,0.595625,0.535000,0.386250,0.356250,0.356250,0.476250
10,GEORGIA,ATLANTA,01,CONSTRUCTION,0.138750,0.125000,0.088750,0.082500,0.082500,0.111250
10,GEORGIA,ATLANTA,01,EDUCATION,0.206250,0.187500,0.136250,0.127500,0.127500,0.166250
10,GEORGIA,ATLANTA,01,EMERGENCY RESPONSE SERVICES,0.081250,0.070000,0.053750,0.051250,0.051250,0.066250
10,GEORGIA,ATLANTA,01,ENTERTAINMENT AND RECREATION,0.377727,0.339773,0.246023,0.226705,0.226705,0.302500
10,GEORGIA,ATLANTA,01,FOOD AND DRUGS PROCESSING,0.327500,0.294583,0.214167,0.196667,0.196667,0.262083
10,GEORGIA,ATLANTA,01,GASOLINE SERVICE STATIONS,0.193750,0.175000,0.125000,0.117500,0.117500,0.153750
10,GEORGIA,ATLANTA,01,GENERAL SERVICES,0.080000,0.071250,0.053125,0.050000,0.050000,0.065625
10,GEORGIA,ATLANTA,01,GROUP INSTITUTIONAL HOUSING,0.215750,0.193750,0.139750,0.130000,0.130000,0.173250
10,GEORGIA,ATLANTA,01,HEALTH CARE SERVICE,0.053750,0.048750,0.036250,0.032500,0.032500,0.040000
10,GEORGIA,ATLANTA,01,HEAVY FABRICATION AND ASSEMBLY,0.385000,0.345000,0.251250,0.232500,0.232500,0.308750
10,GEORGIA,ATLANTA,01,HIGHWAY,0.366250,0.327500,0.238750,0.218750,0.218750,0.296250
10,GEORGIA,ATLANTA,01,LIGHT FABRICATION AND ASSEMBLY,0.751667,0.677917,0.491667,0.454583,0.454583,0.605833
10,GEORGIA,ATLANTA,01,PERMANENT DWELLING (MULTI FAMILY HOUSING),0.526250,0.471786,0.341786,0.314554,0.314554,0.420089
10,GEORGIA,ATLANTA,01,PERMANENT DWELLING (SINGLE FAMILY HOUSING),0.170000,0.148750,0.108750,0.100000,0.100000,0.133750
10,GEORGIA,ATLANTA,01,PERSONAL AND REPAIR SERVICES,0.219028,0.197500,0.143194,0.131250,0.131250,0.176667
10,GEORGIA,ATLANTA,01,PETROLEUM,0.239375,0.215000,0.155625,0.143750,0.143750,0.192500
10,GEORGIA,ATLANTA,01,"PROFESSIONAL, TECHNICAL AND BUSINESS SERVICES",0.202500,0.181250,0.130000,0.121250,0.121250,0.160000
10,GEORGIA,ATLANTA,01,RELIGION AND NONPROFIT,0.189250,0.170250,0.122250,0.113250,0.113250,0.151500
10,GEORGIA,ATLANTA,01,RESTAURANTS,0.394375,0.356250,0.256250,0.237500,0.237500,0.316875
10,GEORGIA,ATLANTA,01,RETAIL TRADE,0.325987,0.293618,0.211842,0.196118,0.196118,0.261711
10,GEORGIA,ATLANTA,01,SANITARY SEWER,0.791250,0.712500,0.510000,0.475000,0.475000,0.633750
10,GEORGIA,ATLANTA,01,TEMPORARY LODGING,0.257500,0.231250,0.167500,0.155000,0.155000,0.205938
10,GEORGIA,ATLANTA,01,WHOLESALE TRADE,0.318000,0.285250,0.207000,0.191500,0.191500,0.253750
10,GEORGIA,DEKALB COUNTY,02,AGRICULTURE,0.257500,0.231250,0.167500,0.156250,0.156250,0.208750
10,GEORGIA,DEKALB COUNTY,02,AIR,0.098750,0.087500,0.066250,0.061250,0.061250,0.078750
10,GEORGIA,DEKALB COUNTY,02,CASINOS,0.566875,0.509375,0.366875,0.338750,0.338750,0.453125
10,GEORGIA,DEKALB COUNTY,02,CONSTRUCTION,0.131250,0.120000,0.085000,0.078750,0.078750,0.105000
10,GEORGIA,DEKALB COUNTY,02,EDUCATION,0.196250,0.177500,0.130000,0.121250,0.121250,0.157500
10,GEORGIA,DEKALB COUNTY,02,EMERGENCY RESPONSE SERVICES,0.077500,0.066250,0.050000,0.048750,0.048750,0.062500
10,GEORGIA,DEKALB COUNTY,02,ENTERTAINMENT AND RECREATION,0.359205,0.323409,0.233977,0.215795,0.215795,0.287614
10,GEORGIA,DEKALB COUNTY,02,FOOD AND DRUGS PROCESSING,0.312083,0.280000,0.203750,0.187500,0.187500,0.248750
10,GEORGIA,DEKALB COUNTY,02,GASOLINE SERVICE STATIONS,0.183750,0.166250,0.120000,0.111250,0.111250,0.146250
10,GEORGIA,DEKALB COUNTY,02,GENERAL SERVICES,0.076250,0.068125,0.050625,0.047500,0.047500,0.063125
10,GEORGIA,DEKALB COUNTY,02,GROUP INSTITUTIONAL HOUSING,0.205000,0.184750,0.133000,0.124250,0.124250,0.165500
10,GEORGIA,DEKALB COUNTY,02,HEALTH CARE SERVICE,0.050000,0.046250,0.035000,0.030000,0.030000,0.038750
10,GEORGIA,DEKALB COUNTY,02,HEAVY FABRICATION AND ASSEMBLY,0.366250,0.327500,0.238750,0.220000,0.220000,0.293750
10,GEORGIA,DEKALB COUNTY,02,HIGHWAY,0.347500,0.311250,0.226250,0.208750,0.208750,0.281250
10,GEORGIA,DEKALB COUNTY,02,LIGHT FABRICATION AND ASSEMBLY,0.715000,0.644583,0.467500,0.432500,0.432500,0.576250
10,GEORGIA,DEKALB COUNTY,02,PERMANENT DWELLING (MULTI FAMILY HOUSING),0.500804,0.448482,0.325268,0.299107,0.299107,0.399911
10,GEORGIA,DEKALB COUNTY,02,PERMANENT DWELLING (SINGLE FAMILY HOUSING),0.162500,0.141250,0.103750,0.095000,0.095000,0.127500
10,GEORGIA,DEKALB COUNTY,02,PERSONAL AND REPAIR SERVICES,0.208333,0.188056,0.136250,0.124583,0.124583,0.167778
10,GEORGIA,DEKALB COUNTY,02,PETROLEUM,0.227500,0.204375,0.147500,0.136250,0.136250,0.183125
10,GEORGIA,DEKALB COUNTY,02,"PROFESSIONAL, TECHNICAL AND BUSINESS SERVICES",0.192500,0.172500,0.123750,0.115000,0.115000,0.151250
10,GEORGIA,DEKALB COUNTY,02,RELIGION AND NONPROFIT,0.179750,0.162000,0.116500,0.107250,0.107250,0.144000
10,GEORGIA,DEKALB COUNTY,02,RESTAURANTS,0.375625,0.338750,0.243750,0.225625,0.225625,0.301250
10,GEORGIA,DEKALB COUNTY,02,RETAIL TRADE,0.310132,0.279408,0.201447,0.186711,0.186711,0.249013
10,GEORGIA,DEKALB COUNTY,02,SANITARY SEWER,0.752500,0.677500,0.486250,0.451250,0.451250,0.602500
10,GEORGIA,DEKALB COUNTY,02,TEMPORARY LODGING,0.245000,0.220000,0.159375,0.147188,0.147188,0.195625
10,GEORGIA,DEKALB COUNTY,02,WHOLESALE TRADE,0.302500,0.271000,0.196500,0.182000,0.182000,0.241500
10,GEORGIA,BALANCE OF STATE (GEORGIA),08,AGRICULTURE,0.158750,0.142500,0.103750,0.096250,0.096250,0.128750
10,GEORGIA,BALANCE OF STATE (GEORGIA),08,AIR,0.061250,0.053750,0.041250,0.037500,0.037500,0.048750
10,GEORGIA,BALANCE OF STATE (GEORGIA),08,CASINOS,0.350000,0.314375,0.226875,0.209375,0.209375,0.280000
10,GEORGIA,BALANCE OF STATE (GEORGIA),08,CONSTRUCTION,0.081250,0.073750,0.052500,0.048750,0.048750,0.065000
10,GEORGIA,BALANCE OF STATE (GEORGIA),08,EDUCATION,0.121250,0.110000,0.080000,0.075000,0.075000,0.097500
10,GEORGIA,BALANCE OF STATE (GEORGIA),08,EMERGENCY RESPONSE SERVICES,0.047500,0.041250,0.031250,0.030000,0.030000,0.038750
10,GEORGIA,BALANCE OF STATE (GEORGIA),08,ENTERTAINMENT AND RECREATION,0.221818,0.199659,0.144432,0.133182,0.133182,0.177727
10,GEORGIA,BALANCE OF STATE (GEORGIA),08,FOOD AND DRUGS PROCESSING,0.192500,0.172917,0.125833,0.115833,0.115833,0.153750
10,GEORGIA,BALANCE OF STATE (GEORGIA),08,GASOLINE SERVICE STATIONS,0.113750,0.102500,0.073750,0.068750,0.068750,0.090000
10,GEORGIA,BALANCE OF STATE (GEORGIA),08,GENERAL SERVICES,0.046875,0.041875,0.031250,0.029375,0.029375,0.038750
10,GEORGIA,BALANCE OF STATE (GEORGIA),08,GROUP INSTITUTIONAL HOUSING,0.126750,0.114000,0.082250,0.076500,0.076500,0.102000
10,GEORGIA,BALANCE OF STATE (GEORGIA),08,HEALTH CARE SERVICE,0.031250,0.028750,0.021250,0.018750,0.018750,0.023750
10,GEORGIA,BALANCE OF STATE (GEORGIA),08,HEAVY FABRICATION AND ASSEMBLY,0.226250,0.202500,0.147500,0.136250,0.136250,0.181250
10,GEORGIA,BALANCE OF STATE (GEORGIA),08,HIGHWAY,0.215000,0.192500,0.140000,0.128750,0.128750,0.173750
10,GEORGIA,BALANCE OF STATE (GEORGIA),08,LIGHT FABRICATION AND ASSEMBLY,0.441667,0.398333,0.288750,0.267083,0.267083,0.355833
10,GEORGIA,BALANCE OF STATE (GEORGIA),08,PERMANENT DWELLING (MULTI FAMILY HOUSING),0.309196,0.277143,0.200893,0.184911,0.184911,0.246964
10,GEORGIA,BALANCE OF STATE (GEORGIA),08,PERMANENT DWELLING (SINGLE FAMILY HOUSING),0.100000,0.087500,0.063750,0.058750,0.058750,0.078750
10,GEORGIA,BALANCE OF STATE (GEORGIA),08,PERSONAL AND REPAIR SERVICES,0.128750,0.116111,0.084167,0.077083,0.077083,0.103611
10,GEORGIA,BALANCE OF STATE (GEORGIA),08,PETROLEUM,0.140625,0.126250,0.091250,0.084375,0.084375,0.113125
10,GEORGIA,BALANCE OF STATE (GEORGIA),08,"PROFESSIONAL, TECHNICAL AND BUSINESS SERVICES",0.118750,0.106250,0.076250,0.071250,0.071250,0.093750
10,GEORGIA,BALANCE OF STATE (GEORGIA),08,RELIGION AND NONPROFIT,0.111250,0.100000,0.072000,0.066500,0.066500,0.089000
10,GEORGIA,BALANCE OF STATE (GEORGIA),08,RESTAURANTS,0.231875,0.209375,0.150625,0.139375,0.139375,0.186250
10,GEORGIA,BALANCE OF STATE (GEORGIA),08,RETAIL TRADE,0.191513,0.172500,0.124474,0.115263,0.115263,0.153750
10,GEORGIA,BALANCE OF STATE (GEORGIA),08,SANITARY SEWER,0.465000,0.418750,0.300000,0.278750,0.278750,0.372500
10,GEORGIA,BALANCE OF STATE (GEORGIA),08,TEMPORARY LODGING,0.151250,0.135938,0.098438,0.090938,0.090938,0.120938
10,GEORGIA,BALANCE OF STATE (GEORGIA),08,WHOLESALE TRADE,0.186750,0.167500,0.121500,0.112500,0.112500,0.149250
12,ILLINOIS,CHICAGO,01,AGRICULTURE,0.137000,0.122000,0.090000,0.083000,0.083000,0.112000
12,ILLINOIS,CHICAGO,01,AIR,0.061000,0.057000,0.045000,0.037000,0.037000,0.050000
12,ILLINOIS,CHICAGO,01,CASINOS,0.347000,0.310000,0.224000,0.206500,0.206500,0.278500
12,ILLINOIS,CHICAGO,01,CONSTRUCTION,0.069000,0.063000,0.046000,0.039000,0.039000,0.057000
12,ILLINOIS,CHICAGO,01,EDUCATION,0.069000,0.065000,0.044000,0.042000,0.042000,0.056000
12,ILLINOIS,CHICAGO,01,EMERGENCY RESPONSE SERVICES,0.075000,0.065000,0.046000,0.044000,0.044000,0.060000
12,ILLINOIS,CHICAGO,01,ENTERTAINMENT AND RECREATION,0.220364,0.198000,0.143545,0.132000,0.132000,0.176000
12,ILLINOIS,CHICAGO,01,FOOD AND DRUGS PROCESSING,0.271333,0.245667,0.176333,0.162333,0.162333,0.217667
12,ILLINOIS,CHICAGO,01,GASOLINE SERVICE STATIONS,0.125000,0.109000,0.079000,0.073000,0.073000,0.097000
12,ILLINOIS,CHICAGO,01,GENERAL SERVICES,0.076000,0.068000,0.046500,0.044500,0.044500,0.058500
12,ILLINOIS,CHICAGO,01,GROUP INSTITUTIONAL HOUSING,0.127800,0.115400,0.083200,0.078200,0.078200,0.104000
12,ILLINOIS,CHICAGO,01,HEALTH CARE SERVICE,0.052000,0.048000,0.035000,0.033000,0.033000,0.042000
12,ILLINOIS,CHICAGO,01,HEAVY FABRICATION AND ASSEMBLY,0.216000,0.194000,0.143000,0.128000,0.128000,0.174000
12,ILLINOIS,CHICAGO,01,HIGHWAY,0.207000,0.186000,0.133000,0.124000,0.124000,0.167000
12,ILLINOIS,CHICAGO,01,LIGHT FABRICATION AND ASSEMBLY,0.191667,0.173333,0.125667,0.115667,0.115667,0.154667
12,ILLINOIS,CHICAGO,01,PERMANENT DWELLING (MULTI FAMILY HOUSING),0.152071,0.137500,0.098286,0.092071,0.092071,0.122786
12,ILLINOIS,CHICAGO,01,PERMANENT DWELLING (SINGLE FAMILY HOUSING),0.097000,0.088000,0.061000,0.058000,0.058000,0.078000
12,ILLINOIS,CHICAGO,01,PERSONAL AND REPAIR SERVICES,0.174333,0.157667,0.112444,0.104111,0.104111,0.139667
12,ILLINOIS,CHICAGO,01,PETROLEUM,0.136000,0.121000,0.087500,0.080500,0.080500,0.107500
12,ILLINOIS,CHICAGO,01,"PROFESSIONAL, TECHNICAL AND BUSINESS SERVICES",0.086000,0.078000,0.056000,0.053000,0.053000,0.071000
12,ILLINOIS,CHICAGO,01,RELIGION AND NONPROFIT,0.128000,0.114800,0.082600,0.077200,0.077200,0.103200
12,ILLINOIS,CHICAGO,01,RESTAURANTS,0.160000,0.142000,0.102000,0.096500,0.096500,0.128000
12,ILLINOIS,CHICAGO,01,RETAIL TRADE,0.162579,0.145789,0.105895,0.098105,0.098105,0.130421
12,ILLINOIS,CHICAGO,01,SANITARY SEWER,0.446000,0.401000,0.291000,0.269000,0.269000,0.356000
12,ILLINOIS,CHICAGO,01,TEMPORARY LODGING,0.254250,0.229250,0.164500,0.153500,0.153500,0.204500
12,ILLINOIS,CHICAGO,01,WHOLESALE TRADE,0.180400,0.160200,0.115600,0.109400,0.109400,0.142600
12,ILLINOIS,BALANCE OF STATE (ILLINOIS),08,AGRICULTURE,0.101000,0.090000,0.066000,0.061000,0.061000,0.082000
12,ILLINOIS,BALANCE OF STATE (ILLINOIS),08,AIR,0.045000,0.042000,0.033000,0.027000,0.027000,0.037000
12,ILLINOIS,BALANCE OF STATE (ILLINOIS),08,CASINOS,0.255000,0.228000,0.164500,0.152000,0.152000,0.205000
12,ILLINOIS,BALANCE OF STATE (ILLINOIS),08,CONSTRUCTION,0.051000,0.046000,0.034000,0.029000,0.029000,0.042000
12,ILLINOIS,BALANCE OF STATE (ILLINOIS),08,EDUCATION,0.051000,0.048000,0.032000,0.031000,0.031000,0.041000
12,ILLINOIS,BALANCE OF STATE (ILLINOIS),08,EMERGENCY RESPONSE SERVICES,0.055000,0.048000,0.034000,0.032000,0.032000,0.044000
12,ILLINOIS,BALANCE OF STATE (ILLINOIS),08,ENTERTAINMENT AND RECREATION,0.162091,0.145545,0.105636,0.097091,0.097091,0.129364
12,ILLINOIS,BALANCE OF STATE (ILLINOIS),08,FOOD AND DRUGS PROCESSING,0.199667,0.180667,0.129667,0.119333,0.119333,0.160000
12,ILLINOIS,BALANCE OF STATE (ILLINOIS),08,GASOLINE SERVICE STATIONS,0.092000,0.080000,0.058000,0.054000,0.054000,0.071000
12,ILLINOIS,BALANCE OF STATE (ILLINOIS),08,GENERAL SERVICES,0.056000,0.050000,0.034000,0.032500,0.032500,0.043000
12,ILLINOIS,BALANCE OF STATE (ILLINOIS),08,GROUP INSTITUTIONAL HOUSING,0.094000,0.085000,0.061000,0.057600,0.057600,0.076600
12,ILLINOIS,BALANCE OF STATE (ILLINOIS),08,HEALTH CARE SERVICE,0.038000,0.035000,0.026000,0.024000,0.024000,0.031000
12,ILLINOIS,BALANCE OF STATE (ILLINOIS),08,HEAVY FABRICATION AND ASSEMBLY,0.159000,0.143000,0.105000,0.094000,0.094000,0.128000
12,ILLINOIS,BALANCE OF STATE (ILLINOIS),08,HIGHWAY,0.152000,0.137000,0.098000,0.091000,0.091000,0.123000
12,ILLINOIS,BALANCE OF STATE (ILLINOIS),08,LIGHT FABRICATION AND ASSEMBLY,0.141000,0.127333,0.092333,0.085333,0.085333,0.113667
12,ILLINOIS,BALANCE OF STATE (ILLINOIS),08,PERMANENT DWELLING (MULTI FAMILY HOUSING),0.111714,0.101214,0.072429,0.067643,0.067643,0.090214
12,ILLINOIS,BALANCE OF STATE (ILLINOIS),08,PERMANENT DWELLING (SINGLE FAMILY HOUSING),0.071000,0.065000,0.045000,0.043000,0.043000,0.057000
12,ILLINOIS,BALANCE OF STATE (ILLINOIS),08,PERSONAL AND REPAIR SERVICES,0.128111,0.115889,0.082667,0.076556,0.076556,0.102556
12,ILLINOIS,BALANCE OF STATE (ILLINOIS),08,PETROLEUM,0.100000,0.089000,0.064500,0.059000,0.059000,0.079000
12,ILLINOIS,BALANCE OF STATE (ILLINOIS),08,"PROFESSIONAL, TECHNICAL AND BUSINESS SERVICES",0.063000,0.057000,0.041000,0.039000,0.039000,0.052000
12,ILLINOIS,BALANCE OF STATE (ILLINOIS),08,RELIGION AND NONPROFIT,0.094000,0.084400,0.061000,0.056600,0.056600,0.075600
12,ILLINOIS,BALANCE OF STATE (ILLINOIS),08,RESTAURANTS,0.117500,0.104500,0.075000,0.071000,0.071000,0.094000
12,ILLINOIS,BALANCE OF STATE (ILLINOIS),08,RETAIL TRADE,0.119526,0.107211,0.077842,0.072158,0.072158,0.095789
12,ILLINOIS,BALANCE OF STATE (ILLINOIS),08,SANITARY SEWER,0.328000,0.295000,0.214000,0.198000,0.198000,0.262000
12,ILLINOIS,BALANCE OF STATE (ILLINOIS),08,TEMPORARY LODGING,0.187000,0.168500,0.121000,0.113000,0.113000,0.150250
12,ILLINOIS,BALANCE OF STATE (ILLINOIS),08,WHOLESALE TRADE,0.132600,0.117800,0.085000,0.080400,0.080400,0.104800
13,INDIANA,INDIANAPOLIS,01,AGRICULTURE,0.190000,0.170000,0.126000,0.113000,0.113000,0.152000
13,INDIANA,INDIANAPOLIS,01,AIR,0.097000,0.086000,0.061000,0.057000,0.057000,0.075000
13,INDIANA,INDIANAPOLIS,01,CASINOS,0.471000,0.423500,0.307500,0.284500,0.284500,0.377500
13,INDIANA,INDIANAPOLIS,01,CONSTRUCTION,0.100000,0.091000,0.065000,0.061000,0.061000,0.081000
13,INDIANA,INDIANAPOLIS,01,EDUCATION,0.059000,0.052000,0.036000,0.034000,0.034000,0.045000
13,INDIANA,INDIANAPOLIS,01,EMERGENCY RESPONSE SERVICES,0.149000,0.133000,0.097000,0.088000,0.088000,0.120000
13,INDIANA,INDIANAPOLIS,01,ENTERTAINMENT AND RECREATION,0.301000,0.270273,0.195818,0.180818,0.180818,0.239727
13,INDIANA,INDIANAPOLIS,01,FOOD AND DRUGS PROCESSING,0.331333,0.299667,0.216667,0.199333,0.199333,0.266667
13,INDIANA,INDIANAPOLIS,01,GASOLINE SERVICE STATIONS,0.174000,0.156000,0.113000,0.106000,0.106000,0.140000
13,INDIANA,INDIANAPOLIS,01,GENERAL SERVICES,0.147500,0.133500,0.095500,0.088500,0.088500,0.119500
13,INDIANA,INDIANAPOLIS,01,GROUP INSTITUTIONAL HOUSING,0.225200,0.202400,0.145800,0.135400,0.135400,0.179400
13,INDIANA,INDIANAPOLIS,01,HEALTH CARE SERVICE,0.088000,0.077000,0.059000,0.056000,0.056000,0.070000
13,INDIANA,INDIANAPOLIS,01,HEAVY FABRICATION AND ASSEMBLY,0.269000,0.240000,0.176000,0.161000,0.161000,0.213000
13,INDIANA,INDIANAPOLIS,01,HIGHWAY,0.255000,0.230000,0.167000,0.152000,0.152000,0.205000
13,INDIANA,INDIANAPOLIS,01,LIGHT FABRICATION AND ASSEMBLY,0.179333,0.162333,0.118667,0.108667,0.108667,0.144667
13,INDIANA,INDIANAPOLIS,01,PERMANENT DWELLING (MULTI FAMILY HOUSING),0.328429,0.296643,0.214000,0.197714,0.197714,0.264000
13,INDIANA,INDIANAPOLIS,01,PERMANENT DWELLING (SINGLE FAMILY HOUSING),0.178000,0.161000,0.118000,0.106000,0.106000,0.144000
13,INDIANA,INDIANAPOLIS,01,PERSONAL AND REPAIR SERVICES,0.217000,0.195222,0.141111,0.130444,0.130444,0.174556
13,INDIANA,INDIANAPOLIS,01,PETROLEUM,0.167500,0.150500,0.108500,0.099500,0.099500,0.133500
13,INDIANA,INDIANAPOLIS,01,"PROFESSIONAL, TECHNICAL AND BUSINESS SERVICES",0.194000,0.174000,0.126000,0.117000,0.117000,0.154000
13,INDIANA,INDIANAPOLIS,01,RELIGION AND NONPROFIT,0.215400,0.195200,0.141200,0.128200,0.128200,0.172800
13,INDIANA,INDIANAPOLIS,01,RESTAURANTS,0.265500,0.238500,0.171500,0.159500,0.159500,0.213500
13,INDIANA,INDIANAPOLIS,01,RETAIL TRADE,0.228158,0.205579,0.149421,0.137316,0.137316,0.183316
13,INDIANA,INDIANAPOLIS,01,SANITARY SEWER,0.553000,0.495000,0.357000,0.330000,0.330000,0.443000
13,INDIANA,INDIANAPOLIS,01,TEMPORARY LODGING,0.320750,0.288500,0.208000,0.193250,0.193250,0.256750
13,INDIANA,INDIANAPOLIS,01,WHOLESALE TRADE,0.220800,0.200600,0.143800,0.133000,0.133000,0.177400
13,INDIANA,BALANCE OF STATE (INDIANA),08,AGRICULTURE,0.106000,0.095000,0.070000,0.063000,0.063000,0.085000
13,INDIANA,BALANCE OF STATE (INDIANA),08,AIR,0.054000,0.048000,0.034000,0.032000,0.032000,0.042000
13,INDIANA,BALANCE OF STATE (INDIANA),08,CASINOS,0.262500,0.236000,0.171500,0.158500,0.158500,0.210500
13,INDIANA,BALANCE OF STATE (INDIANA),08,CONSTRUCTION,0.056000,0.051000,0.036000,0.034000,0.034000,0.045000
13,INDIANA,BALANCE OF STATE (INDIANA),08,EDUCATION,0.033000,0.029000,0.020000,0.019000,0.019000,0.025000
13,INDIANA,BALANCE OF STATE (INDIANA),08,EMERGENCY RESPONSE SERVICES,0.083000,0.074000,0.054000,0.049000,0.049000,0.067000
13,INDIANA,BALANCE OF STATE (INDIANA),08,ENTERTAINMENT AND RECREATION,0.167727,0.150636,0.109182,0.100727,0.100727,0.133636
13,INDIANA,BALANCE OF STATE (INDIANA),08,FOOD AND DRUGS PROCESSING,0.184667,0.167000,0.120667,0.111000,0.111000,0.148667
13,INDIANA,BALANCE OF STATE (INDIANA),08,GASOLINE SERVICE STATIONS,0.097000,0.087000,0.063000,0.059000,0.059000,0.078000
13,INDIANA,BALANCE OF STATE (INDIANA),08,GENERAL SERVICES,0.082000,0.074500,0.053500,0.049500,0.049500,0.066500
13,INDIANA,BALANCE OF STATE (INDIANA),08,GROUP INSTITUTIONAL HOUSING,0.125400,0.112800,0.081400,0.075400,0.075400,0.099800
13,INDIANA,BALANCE OF STATE (INDIANA),08,HEALTH CARE SERVICE,0.049000,0.043000,0.033000,0.031000,0.031000,0.039000
13,INDIANA,BALANCE OF STATE (INDIANA),08,HEAVY FABRICATION AND ASSEMBLY,0.150000,0.134000,0.098000,0.090000,0.090000,0.119000
13,INDIANA,BALANCE OF STATE (INDIANA),08,HIGHWAY,0.142000,0.128000,0.093000,0.085000,0.085000,0.114000
13,INDIANA,BALANCE OF STATE (INDIANA),08,LIGHT FABRICATION AND ASSEMBLY,0.100000,0.090333,0.066000,0.060667,0.060667,0.080667
13,INDIANA,BALANCE OF STATE (INDIANA),08,PERMANENT DWELLING (MULTI FAMILY HOUSING),0.183000,0.165429,0.119357,0.110214,0.110214,0.147071
13,INDIANA,BALANCE OF STATE (INDIANA),08,PERMANENT DWELLING (SINGLE FAMILY HOUSING),0.099000,0.090000,0.066000,0.059000,0.059000,0.080000
13,INDIANA,BALANCE OF STATE (INDIANA),08,PERSONAL AND REPAIR SERVICES,0.120889,0.108889,0.078667,0.072667,0.072667,0.097333
13,INDIANA,BALANCE OF STATE (INDIANA),08,PETROLEUM,0.093500,0.084000,0.060500,0.055500,0.055500,0.074500
13,INDIANA,BALANCE OF STATE (INDIANA),08,"PROFESSIONAL, TECHNICAL AND BUSINESS SERVICES",0.108000,0.097000,0.070000,0.065000,0.065000,0.086000
13,INDIANA,BALANCE OF STATE (INDIANA),08,RELIGION AND NONPROFIT,0.120000,0.108600,0.078800,0.071400,0.071400,0.096200
13,INDIANA,BALANCE OF STATE (INDIANA),08,RESTAURANTS,0.148000,0.133000,0.095500,0.089000,0.089000,0.119000
13,INDIANA,BALANCE OF STATE (INDIANA),08,RETAIL TRADE,0.127263,0.114684,0.083211,0.076526,0.076526,0.102316
13,INDIANA,BALANCE OF STATE (INDIANA),08,SANITARY SEWER,0.308000,0.276000,0.199000,0.184000,0.184000,0.247000
13,INDIANA,BALANCE OF STATE (INDIANA),08,TEMPORARY LODGING,0.178750,0.160750,0.116000,0.107750,0.107750,0.143000
13,INDIANA,BALANCE OF STATE (INDIANA),08,WHOLESALE TRADE,0.123000,0.111800,0.080200,0.074200,0.074200,0.098800
14,IOWA,ENTIRE STATE (IOWA),09,AGRICULTURE,0.242000,0.220000,0.158000,0.146000,0.146000,0.196000
14,IOWA,ENTIRE STATE (IOWA),09,AIR,0.166000,0.148000,0.108000,0.098000,0.098000,0.130000
14,IOWA,ENTIRE STATE (IOWA),09,CASINOS,0.519000,0.468000,0.337000,0.312000,0.312000,0.416000
14,IOWA,ENTIRE STATE (IOWA),09,CONSTRUCTION,0.204000,0.184000,0.134000,0.120000,0.120000,0.166000
14,IOWA,ENTIRE STATE (IOWA),09,EDUCATION,0.328000,0.294000,0.212000,0.202000,0.202000,0.266000
14,IOWA,ENTIRE STATE (IOWA),09,EMERGENCY RESPONSE SERVICES,0.280000,0.256000,0.182000,0.174000,0.174000,0.234000
14,IOWA,ENTIRE STATE (IOWA),09,ENTERTAINMENT AND RECREATION,0.330909,0.297091,0.213818,0.197455,0.197455,0.266545
14,IOWA,ENTIRE STATE (IOWA),09,FOOD AND DRUGS PROCESSING,0.746667,0.670000,0.485333,0.446000,0.446000,0.596000
14,IOWA,ENTIRE STATE (IOWA),09,GASOLINE SERVICE STATIONS,0.306000,0.276000,0.196000,0.186000,0.186000,0.248000
14,IOWA,ENTIRE STATE (IOWA),09,GENERAL SERVICES,0.292000,0.260000,0.188000,0.175000,0.175000,0.227000
14,IOWA,ENTIRE STATE (IOWA),09,GROUP INSTITUTIONAL HOUSING,0.238000,0.213200,0.151600,0.143600,0.143600,0.188800
14,IOWA,ENTIRE STATE (IOWA),09,HEALTH CARE SERVICE,0.162000,0.142000,0.108000,0.092000,0.092000,0.130000
14,IOWA,ENTIRE STATE (IOWA),09,HEAVY FABRICATION AND ASSEMBLY,0.490000,0.442000,0.316000,0.294000,0.294000,0.394000
14,IOWA,ENTIRE STATE (IOWA),09,HIGHWAY,0.468000,0.422000,0.302000,0.284000,0.284000,0.374000
14,IOWA,ENTIRE STATE (IOWA),09,LIGHT FABRICATION AND ASSEMBLY,0.810667,0.730667,0.529333,0.492000,0.492000,0.651333
14,IOWA,ENTIRE STATE (IOWA),09,PERMANENT DWELLING (MULTI FAMILY HOUSING),0.318857,0.286714,0.206429,0.191857,0.191857,0.255143
14,IOWA,ENTIRE STATE (IOWA),09,PERMANENT DWELLING (SINGLE FAMILY HOUSING),0.174000,0.156000,0.110000,0.104000,0.104000,0.136000
14,IOWA,ENTIRE STATE (IOWA),09,PERSONAL AND REPAIR SERVICES,0.441333,0.400222,0.288889,0.266222,0.266222,0.355778
14,IOWA,ENTIRE STATE (IOWA),09,PETROLEUM,0.304000,0.278000,0.199000,0.185000,0.185000,0.244000
14,IOWA,ENTIRE STATE (IOWA),09,"PROFESSIONAL, TECHNICAL AND BUSINESS SERVICES",0.226000,0.202000,0.144000,0.130000,0.130000,0.172000
14,IOWA,ENTIRE STATE (IOWA),09,RELIGION AND NONPROFIT,0.248400,0.225200,0.163200,0.148800,0.148800,0.198000
14,IOWA,ENTIRE STATE (IOWA),09,RESTAURANTS,0.522000,0.468000,0.338000,0.314000,0.314000,0.418000
14,IOWA,ENTIRE STATE (IOWA),09,RETAIL TRADE,0.309158,0.277684,0.200842,0.184842,0.184842,0.247684
14,IOWA,ENTIRE STATE (IOWA),09,SANITARY SEWER,1.010000,0.910000,0.658000,0.612000,0.612000,0.806000
14,IOWA,ENTIRE STATE (IOWA),09,TEMPORARY LODGING,0.317000,0.283500,0.208000,0.190000,0.190000,0.253000
14,IOWA,ENTIRE STATE (IOWA),09,WHOLESALE TRADE,0.408800,0.365200,0.266000,0.245200,0.245200,0.324400
15,KANSAS,ENTIRE STATE (KANSAS),09,AGRICULTURE,0.170000,0.154000,0.110000,0.102000,0.102000,0.138000
15,KANSAS,ENTIRE STATE (KANSAS),09,AIR,0.099000,0.089000,0.067000,0.058000,0.058000,0.081000
15,KANSAS,ENTIRE STATE (KANSAS),09,CASINOS,0.274500,0.247500,0.178500,0.164500,0.164500,0.220500
15,KANSAS,ENTIRE STATE (KANSAS),09,CONSTRUCTION,0.130000,0.117000,0.083000,0.078000,0.078000,0.105000
15,KANSAS,ENTIRE STATE (KANSAS),09,EDUCATION,0.126000,0.111000,0.082000,0.076000,0.076000,0.101000
15,KANSAS,ENTIRE STATE (KANSAS),09,EMERGENCY RESPONSE SERVICES,0.074000,0.062000,0.048000,0.043000,0.043000,0.059000
15,KANSAS,ENTIRE STATE (KANSAS),09,ENTERTAINMENT AND RECREATION,0.175091,0.156909,0.113545,0.104909,0.104909,0.139909
15,KANSAS,ENTIRE STATE (KANSAS),09,FOOD AND DRUGS PROCESSING,0.287000,0.260333,0.187667,0.171667,0.171667,0.230333
15,KANSAS,ENTIRE STATE (KANSAS),09,GASOLINE SERVICE STATIONS,0.188000,0.171000,0.122000,0.114000,0.114000,0.152000
15,KANSAS,ENTIRE STATE (KANSAS),09,GENERAL SERVICES,0.074000,0.066000,0.047500,0.045000,0.045000,0.058000
15,KANSAS,ENTIRE STATE (KANSAS),09,GROUP INSTITUTIONAL HOUSING,0.133600,0.118200,0.084800,0.078800,0.078800,0.107000
15,KANSAS,ENTIRE STATE (KANSAS),09,HEALTH CARE SERVICE,0.114000,0.104000,0.075000,0.069000,0.069000,0.092000
15,KANSAS,ENTIRE STATE (KANSAS),09,HEAVY FABRICATION AND ASSEMBLY,0.229000,0.205000,0.150000,0.138000,0.138000,0.184000
15,KANSAS,ENTIRE STATE (KANSAS),09,HIGHWAY,0.217000,0.196000,0.141000,0.129000,0.129000,0.175000
15,KANSAS,ENTIRE STATE (KANSAS),09,LIGHT FABRICATION AND ASSEMBLY,0.207667,0.189000,0.136000,0.125667,0.125667,0.168000
15,KANSAS,ENTIRE STATE (KANSAS),09,PERMANENT DWELLING (MULTI FAMILY HOUSING),0.231071,0.209000,0.150714,0.138214,0.138214,0.186643
15,KANSAS,ENTIRE STATE (KANSAS),09,PERMANENT DWELLING (SINGLE FAMILY HOUSING),0.092000,0.083000,0.062000,0.054000,0.054000,0.075000
15,KANSAS,ENTIRE STATE (KANSAS),09,PERSONAL AND REPAIR SERVICES,0.187556,0.168778,0.121556,0.112556,0.112556,0.151000
15,KANSAS,ENTIRE STATE (KANSAS),09,PETROLEUM,0.143000,0.127000,0.093000,0.086000,0.086000,0.113500
15,KANSAS,ENTIRE STATE (KANSAS),09,"PROFESSIONAL, TECHNICAL AND BUSINESS SERVICES",0.120000,0.110000,0.078000,0.074000,0.074000,0.097000
15,KANSAS,ENTIRE STATE (KANSAS),09,RELIGION AND NONPROFIT,0.115600,0.103600,0.073600,0.069000,0.069000,0.091200
15,KANSAS,ENTIRE STATE (KANSAS),09,RESTAURANTS,0.287000,0.257500,0.185500,0.173000,0.173000,0.229500
15,KANSAS,ENTIRE STATE (KANSAS),09,RETAIL TRADE,0.208158,0.188053,0.135316,0.125421,0.125421,0.167211
15,KANSAS,ENTIRE STATE (KANSAS),09,SANITARY SEWER,0.469000,0.423000,0.304000,0.280000,0.280000,0.375000
15,KANSAS,ENTIRE STATE (KANSAS),09,TEMPORARY LODGING,0.170500,0.153750,0.110500,0.103250,0.103250,0.136500
15,KANSAS,ENTIRE STATE (KANSAS),09,WHOLESALE TRADE,0.188400,0.169200,0.122800,0.112600,0.112600,0.149800
16,KENTUCKY,LEXINGTON-FAYETTE,02,AGRICULTURE,0.230000,0.207000,0.148000,0.138000,0.138000,0.186000
16,KENTUCKY,LEXINGTON-FAYETTE,02,AIR,0.098000,0.088000,0.064000,0.058000,0.058000,0.080000
16,KENTUCKY,LEXINGTON-FAYETTE,02,CASINOS,0.323500,0.291500,0.211000,0.193500,0.193500,0.258500
16,KENTUCKY,LEXINGTON-FAYETTE,02,CONSTRUCTION,0.138000,0.124000,0.090000,0.081000,0.081000,0.110000
16,KENTUCKY,LEXINGTON-FAYETTE,02,EDUCATION,0.086000,0.078000,0.056000,0.052000,0.052000,0.070000
16,KENTUCKY,LEXINGTON-FAYETTE,02,EMERGENCY RESPONSE SERVICES,0.063000,0.056000,0.041000,0.036000,0.036000,0.050000
16,KENTUCKY,LEXINGTON-FAYETTE,02,ENTERTAINMENT AND RECREATION,0.206182,0.185182,0.134455,0.123364,0.123364,0.164818
16,KENTUCKY,LEXINGTON-FAYETTE,02,FOOD AND DRUGS PROCESSING,0.133000,0.120000,0.086667,0.080000,0.080000,0.108000
16,KENTUCKY,LEXINGTON-FAYETTE,02,GASOLINE SERVICE STATIONS,0.183000,0.165000,0.119000,0.110000,0.110000,0.146000
16,KENTUCKY,LEXINGTON-FAYETTE,02,GENERAL SERVICES,0.062000,0.055500,0.040500,0.036500,0.036500,0.050500
16,KENTUCKY,LEXINGTON-FAYETTE,02,GROUP INSTITUTIONAL HOUSING,0.114400,0.104600,0.074800,0.069200,0.069200,0.093000
16,KENTUCKY,LEXINGTON-FAYETTE,02,HEALTH CARE SERVICE,0.033000,0.033000,0.023000,0.022000,0.022000,0.029000
16,KENTUCKY,LEXINGTON-FAYETTE,02,HEAVY FABRICATION AND ASSEMBLY,0.225000,0.204000,0.148000,0.137000,0.137000,0.183000
16,KENTUCKY,LEXINGTON-FAYETTE,02,HIGHWAY,0.215000,0.195000,0.139000,0.129000,0.129000,0.174000
16,KENTUCKY,LEXINGTON-FAYETTE,02,LIGHT FABRICATION AND ASSEMBLY,0.169000,0.152333,0.110667,0.101333,0.101333,0.136000
16,KENTUCKY,LEXINGTON-FAYETTE,02,PERMANENT DWELLING (MULTI FAMILY HOUSING),0.207500,0.186500,0.134143,0.124357,0.124357,0.166143
16,KENTUCKY,LEXINGTON-FAYETTE,02,PERMANENT DWELLING (SINGLE FAMILY HOUSING),0.089000,0.080000,0.057000,0.053000,0.053000,0.071000
16,KENTUCKY,LEXINGTON-FAYETTE,02,PERSONAL AND REPAIR SERVICES,0.178111,0.161111,0.116444,0.107000,0.107000,0.143222
16,KENTUCKY,LEXINGTON-FAYETTE,02,PETROLEUM,0.141500,0.127500,0.091500,0.085000,0.085000,0.114000
16,KENTUCKY,LEXINGTON-FAYETTE,02,"PROFESSIONAL, TECHNICAL AND BUSINESS SERVICES",0.147000,0.131000,0.095000,0.089000,0.089000,0.117000
16,KENTUCKY,LEXINGTON-FAYETTE,02,RELIGION AND NONPROFIT,0.108200,0.097600,0.069800,0.064400,0.064400,0.086200
16,KENTUCKY,LEXINGTON-FAYETTE,02,RESTAURANTS,0.299500,0.270000,0.194500,0.180500,0.180500,0.239500
16,KENTUCKY,LEXINGTON-FAYETTE,02,RETAIL TRADE,0.274842,0.247000,0.178211,0.164895,0.164895,0.220158
16,KENTUCKY,LEXINGTON-FAYETTE,02,SANITARY SEWER,0.465000,0.419000,0.302000,0.279000,0.279000,0.374000
16,KENTUCKY,LEXINGTON-FAYETTE,02,TEMPORARY LODGING,0.104750,0.094750,0.068500,0.063250,0.063250,0.084000
16,KENTUCKY,LEXINGTON-FAYETTE,02,WHOLESALE TRADE,0.187200,0.168600,0.121600,0.112800,0.112800,0.149600
16,KENTUCKY,LOUISVILLE,01,AGRICULTURE,0.227000,0.204000,0.145000,0.136000,0.136000,0.183000
16,KENTUCKY,LOUISVILLE,01,AIR,0.096000,0.087000,0.063000,0.057000,0.057000,0.078000
16,KENTUCKY,LOUISVILLE,01,CASINOS,0.318500,0.287000,0.207500,0.190000,0.190000,0.255000
16,KENTUCKY,LOUISVILLE,01,CONSTRUCTION,0.136000,0.122000,0.088000,0.080000,0.080000,0.108000
16,KENTUCKY,LOUISVILLE,01,EDUCATION,0.085000,0.077000,0.055000,0.052000,0.052000,0.069000
16,KENTUCKY,LOUISVILLE,01,EMERGENCY RESPONSE SERVICES,0.062000,0.055000,0.040000,0.036000,0.036000,0.049000
16,KENTUCKY,LOUISVILLE,01,ENTERTAINMENT AND RECREATION,0.203364,0.182727,0.132545,0.121727,0.121727,0.162545
16,KENTUCKY,LOUISVILLE,01,FOOD AND DRUGS PROCESSING,0.131000,0.118333,0.085333,0.078667,0.078667,0.106667
16,KENTUCKY,LOUISVILLE,01,GASOLINE SERVICE STATIONS,0.180000,0.162000,0.118000,0.109000,0.109000,0.144000
16,KENTUCKY,LOUISVILLE,01,GENERAL SERVICES,0.061000,0.055000,0.039500,0.036000,0.036000,0.049500
16,KENTUCKY,LOUISVILLE,01,GROUP INSTITUTIONAL HOUSING,0.113000,0.103000,0.074000,0.068200,0.068200,0.091200
16,KENTUCKY,LOUISVILLE,01,HEALTH CARE SERVICE,0.033000,0.032000,0.022000,0.021000,0.021000,0.029000
16,KENTUCKY,LOUISVILLE,01,HEAVY FABRICATION AND ASSEMBLY,0.222000,0.201000,0.146000,0.135000,0.135000,0.180000
16,KENTUCKY,LOUISVILLE,01,HIGHWAY,0.212000,0.192000,0.137000,0.128000,0.128000,0.171000
16,KENTUCKY,LOUISVILLE,01,LIGHT FABRICATION AND ASSEMBLY,0.166333,0.150000,0.109333,0.100333,0.100333,0.134000
16,KENTUCKY,LOUISVILLE,01,PERMANENT DWELLING (MULTI FAMILY HOUSING),0.204429,0.183643,0.132286,0.122857,0.122857,0.163857
16,KENTUCKY,LOUISVILLE,01,PERMANENT DWELLING (SINGLE FAMILY HOUSING),0.087000,0.078000,0.056000,0.053000,0.053000,0.070000
16,KENTUCKY,LOUISVILLE,01,PERSONAL AND REPAIR SERVICES,0.175444,0.158889,0.114556,0.105444,0.105444,0.141222
16,KENTUCKY,LOUISVILLE,01,PETROLEUM,0.139500,0.125500,0.090000,0.084000,0.084000,0.112000
16,KENTUCKY,LOUISVILLE,01,"PROFESSIONAL, TECHNICAL AND BUSINESS SERVICES",0.145000,0.129000,0.094000,0.087000,0.087000,0.115000
16,KENTUCKY,LOUISVILLE,01,RELIGION AND NONPROFIT,0.106400,0.096000,0.069000,0.063400,0.063400,0.085200
16,KENTUCKY,LOUISVILLE,01,RESTAURANTS,0.295500,0.266500,0.192000,0.178000,0.178000,0.236000
16,KENTUCKY,LOUISVILLE,01,RETAIL TRADE,0.270842,0.243421,0.175632,0.162421,0.162421,0.216947
16,KENTUCKY,LOUISVILLE,01,SANITARY SEWER,0.458000,0.413000,0.298000,0.275000,0.275000,0.368000
16,KENTUCKY,LOUISVILLE,01,TEMPORARY LODGING,0.103250,0.093250,0.067500,0.062500,0.062500,0.083000
16,KENTUCKY,LOUISVILLE,01,WHOLESALE TRADE,0.184600,0.166200,0.120000,0.111000,0.111000,0.147600
16,KENTUCKY,BALANCE OF STATE (KENTUCKY),08,AGRICULTURE,0.254000,0.229000,0.163000,0.153000,0.153000,0.205000
16,KENTUCKY,BALANCE OF STATE (KENTUCKY),08,AIR,0.108000,0.097000,0.071000,0.064000,0.064000,0.088000
16,KENTUCKY,BALANCE OF STATE (KENTUCKY),08,CASINOS,0.357500,0.322000,0.233000,0.213500,0.213500,0.286000
16,KENTUCKY,BALANCE OF STATE (KENTUCKY),08,CONSTRUCTION,0.153000,0.137000,0.099000,0.090000,0.090000,0.121000
16,KENTUCKY,BALANCE OF STATE (KENTUCKY),08,EDUCATION,0.095000,0.086000,0.062000,0.058000,0.058000,0.077000
16,KENTUCKY,BALANCE OF STATE (KENTUCKY),08,EMERGENCY RESPONSE SERVICES,0.070000,0.062000,0.045000,0.040000,0.040000,0.055000
16,KENTUCKY,BALANCE OF STATE (KENTUCKY),08,ENTERTAINMENT AND RECREATION,0.227818,0.204636,0.148545,0.136545,0.136545,0.182182
16,KENTUCKY,BALANCE OF STATE (KENTUCKY),08,FOOD AND DRUGS PROCESSING,0.147000,0.132667,0.095667,0.088333,0.088333,0.119667
16,KENTUCKY,BALANCE OF STATE (KENTUCKY),08,GASOLINE SERVICE STATIONS,0.202000,0.182000,0.132000,0.122000,0.122000,0.161000
16,KENTUCKY,BALANCE OF STATE (KENTUCKY),08,GENERAL SERVICES,0.068500,0.061500,0.044500,0.040500,0.040500,0.055500
16,KENTUCKY,BALANCE OF STATE (KENTUCKY),08,GROUP INSTITUTIONAL HOUSING,0.126600,0.115800,0.083000,0.076400,0.076400,0.102600
16,KENTUCKY,BALANCE OF STATE (KENTUCKY),08,HEALTH CARE SERVICE,0.037000,0.036000,0.025000,0.024000,0.024000,0.032000
16,KENTUCKY,BALANCE OF STATE (KENTUCKY),08,HEAVY FABRICATION AND ASSEMBLY,0.249000,0.225000,0.164000,0.151000,0.151000,0.202000
16,KENTUCKY,BALANCE OF STATE (KENTUCKY),08,HIGHWAY,0.238000,0.215000,0.154000,0.143000,0.143000,0.192000
16,KENTUCKY,BALANCE OF STATE (KENTUCKY),08,LIGHT FABRICATION AND ASSEMBLY,0.186667,0.168333,0.122333,0.112333,0.112333,0.150333
16,KENTUCKY,BALANCE OF STATE (KENTUCKY),08,PERMANENT DWELLING (MULTI FAMILY HOUSING),0.229143,0.206071,0.148500,0.137429,0.137429,0.183571
16,KENTUCKY,BALANCE OF STATE (KENTUCKY),08,PERMANENT DWELLING (SINGLE FAMILY HOUSING),0.098000,0.088000,0.063000,0.059000,0.059000,0.079000
16,KENTUCKY,BALANCE OF STATE (KENTUCKY),08,PERSONAL AND REPAIR SERVICES,0.196778,0.178111,0.128556,0.118333,0.118333,0.158222
16,KENTUCKY,BALANCE OF STATE (KENTUCKY),08,PETROLEUM,0.156000,0.141000,0.101000,0.094000,0.094000,0.125500
16,KENTUCKY,BALANCE OF STATE (KENTUCKY),08,"PROFESSIONAL, TECHNICAL AND BUSINESS SERVICES",0.162000,0.145000,0.105000,0.098000,0.098000,0.129000
16,KENTUCKY,BALANCE OF STATE (KENTUCKY),08,RELIGION AND NONPROFIT,0.119600,0.107600,0.077200,0.071000,0.071000,0.095200
16,KENTUCKY,BALANCE OF STATE (KENTUCKY),08,RESTAURANTS,0.331000,0.298500,0.215000,0.199500,0.199500,0.264500
16,KENTUCKY,BALANCE OF STATE (KENTUCKY),08,RETAIL TRADE,0.303579,0.273000,0.196895,0.182263,0.182263,0.243211
16,KENTUCKY,BALANCE OF STATE (KENTUCKY),08,SANITARY SEWER,0.514000,0.463000,0.334000,0.308000,0.308000,0.413000
16,KENTUCKY,BALANCE OF STATE (KENTUCKY),08,TEMPORARY LODGING,0.115750,0.104750,0.075750,0.070000,0.070000,0.093000
16,KENTUCKY,BALANCE OF STATE (KENTUCKY),08,WHOLESALE TRADE,0.206800,0.186200,0.134400,0.124400,0.124400,0.165200
18,MAINE,ENTIRE STATE (MAINE),09,AGRICULTURE,0.137000,0.123000,0.090000,0.084000,0.084000,0.110000
18,MAINE,ENTIRE STATE (MAINE),09,AIR,0.128000,0.114000,0.084000,0.076000,0.076000,0.101000
18,MAINE,ENTIRE STATE (MAINE),09,CASINOS,0.288000,0.258000,0.187000,0.172000,0.172000,0.230500
18,MAINE,ENTIRE STATE (MAINE),09,CONSTRUCTION,0.044000,0.040000,0.029000,0.026000,0.026000,0.035000
18,MAINE,ENTIRE STATE (MAINE),09,EDUCATION,0.091000,0.083000,0.058000,0.056000,0.056000,0.073000
18,MAINE,ENTIRE STATE (MAINE),09,EMERGENCY RESPONSE SERVICES,0.065000,0.059000,0.041000,0.040000,0.040000,0.052000
18,MAINE,ENTIRE STATE (MAINE),09,ENTERTAINMENT AND RECREATION,0.182364,0.164545,0.118818,0.109545,0.109545,0.146000
18,MAINE,ENTIRE STATE (MAINE),09,FOOD AND DRUGS PROCESSING,0.519000,0.467333,0.338000,0.310667,0.310667,0.416667
18,MAINE,ENTIRE STATE (MAINE),09,GASOLINE SERVICE STATIONS,0.237000,0.214000,0.154000,0.142000,0.142000,0.191000
18,MAINE,ENTIRE STATE (MAINE),09,GENERAL SERVICES,0.066000,0.059500,0.041500,0.039500,0.039500,0.053000
18,MAINE,ENTIRE STATE (MAINE),09,GROUP INSTITUTIONAL HOUSING,0.115600,0.104600,0.075200,0.069000,0.069000,0.093000
18,MAINE,ENTIRE STATE (MAINE),09,HEALTH CARE SERVICE,0.093000,0.081000,0.059000,0.055000,0.055000,0.073000
18,MAINE,ENTIRE STATE (MAINE),09,HEAVY FABRICATION AND ASSEMBLY,0.269000,0.243000,0.176000,0.163000,0.163000,0.218000
18,MAINE,ENTIRE STATE (MAINE),09,HIGHWAY,0.257000,0.230000,0.167000,0.154000,0.154000,0.206000
18,MAINE,ENTIRE STATE (MAINE),09,LIGHT FABRICATION AND ASSEMBLY,1.138667,1.027000,0.741667,0.686667,0.686667,0.915667
18,MAINE,ENTIRE STATE (MAINE),09,PERMANENT DWELLING (MULTI FAMILY HOUSING),0.355643,0.319929,0.231214,0.213500,0.213500,0.285286
18,MAINE,ENTIRE STATE (MAINE),09,PERMANENT DWELLING (SINGLE FAMILY HOUSING),0.079000,0.069000,0.051000,0.047000,0.047000,0.062000
18,MAINE,ENTIRE STATE (MAINE),09,PERSONAL AND REPAIR SERVICES,0.256333,0.230889,0.166556,0.154000,0.154000,0.206000
18,MAINE,ENTIRE STATE (MAINE),09,PETROLEUM,0.168500,0.151500,0.109000,0.101500,0.101500,0.134500
18,MAINE,ENTIRE STATE (MAINE),09,"PROFESSIONAL, TECHNICAL AND BUSINESS SERVICES",0.160000,0.145000,0.105000,0.096000,0.096000,0.127000
18,MAINE,ENTIRE STATE (MAINE),09,RELIGION AND NONPROFIT,0.103400,0.093600,0.067600,0.062000,0.062000,0.082800
18,MAINE,ENTIRE STATE (MAINE),09,RESTAURANTS,0.418500,0.376500,0.271500,0.252000,0.252000,0.335000
18,MAINE,ENTIRE STATE (MAINE),09,RETAIL TRADE,0.185526,0.167053,0.120842,0.111684,0.111684,0.148632
18,MAINE,ENTIRE STATE (MAINE),09,SANITARY SEWER,0.556000,0.501000,0.362000,0.333000,0.333000,0.446000
18,MAINE,ENTIRE STATE (MAINE),09,TEMPORARY LODGING,0.100000,0.089750,0.064750,0.060000,0.060000,0.080000
18,MAINE,ENTIRE STATE (MAINE),09,WHOLESALE TRADE,0.223600,0.201000,0.145800,0.134400,0.134400,0.179000
19,MARYLAND,ANNE ARUNDEL COUNTY,02,AGRICULTURE,0.076500,0.067500,0.051000,0.046500,0.046500,0.061500
19,MARYLAND,ANNE ARUNDEL COUNTY,02,AIR,0.054000,0.048000,0.034500,0.033000,0.033000,0.042000
19,MARYLAND,ANNE ARUNDEL COUNTY,02,CASINOS,0.220500,0.198000,0.143250,0.132000,0.132000,0.177000
19,MARYLAND,ANNE ARUNDEL COUNTY,02,CONSTRUCTION,0.061500,0.057000,0.040500,0.037500,0.037500,0.051000
19,MARYLAND,ANNE ARUNDEL COUNTY,02,EDUCATION,0.061500,0.055500,0.040500,0.037500,0.037500,0.049500
19,MARYLAND,ANNE ARUNDEL COUNTY,02,EMERGENCY RESPONSE SERVICES,0.055500,0.048000,0.034500,0.033000,0.033000,0.043500
19,MARYLAND,ANNE ARUNDEL COUNTY,02,ENTERTAINMENT AND RECREATION,0.140455,0.126545,0.091364,0.083727,0.083727,0.112227
19,MARYLAND,ANNE ARUNDEL COUNTY,02,FOOD AND DRUGS PROCESSING,0.196500,0.177500,0.128000,0.117500,0.117500,0.158000
19,MARYLAND,ANNE ARUNDEL COUNTY,02,GASOLINE SERVICE STATIONS,0.097500,0.088500,0.063000,0.060000,0.060000,0.078000
19,MARYLAND,ANNE ARUNDEL COUNTY,02,GENERAL SERVICES,0.054750,0.049500,0.034500,0.032250,0.032250,0.043500
19,MARYLAND,ANNE ARUNDEL COUNTY,02,GROUP INSTITUTIONAL HOUSING,0.055500,0.049800,0.035700,0.033900,0.033900,0.044400
19,MARYLAND,ANNE ARUNDEL COUNTY,02,HEALTH CARE SERVICE,0.025500,0.022500,0.016500,0.015000,0.015000,0.021000
19,MARYLAND,ANNE ARUNDEL COUNTY,02,HEAVY FABRICATION AND ASSEMBLY,0.132000,0.118500,0.087000,0.079500,0.079500,0.106500
19,MARYLAND,ANNE ARUNDEL COUNTY,02,HIGHWAY,0.124500,0.112500,0.082500,0.075000,0.075000,0.100500
19,MARYLAND,ANNE ARUNDEL COUNTY,02,LIGHT FABRICATION AND ASSEMBLY,0.213500,0.193000,0.139000,0.129500,0.129500,0.172000
19,MARYLAND,ANNE ARUNDEL COUNTY,02,PERMANENT DWELLING (MULTI FAMILY HOUSING),0.189857,0.171536,0.123643,0.113571,0.113571,0.152571
19,MARYLAND,ANNE ARUNDEL COUNTY,02,PERMANENT DWELLING (SINGLE FAMILY HOUSING),0.037500,0.033000,0.024000,0.021000,0.021000,0.028500
19,MARYLAND,ANNE ARUNDEL COUNTY,02,PERSONAL AND REPAIR SERVICES,0.155333,0.139667,0.101500,0.093000,0.093000,0.125000
19,MARYLAND,ANNE ARUNDEL COUNTY,02,PETROLEUM,0.082500,0.075000,0.054000,0.050250,0.050250,0.066750
19,MARYLAND,ANNE ARUNDEL COUNTY,02,"PROFESSIONAL, TECHNICAL AND BUSINESS SERVICES",0.063000,0.058500,0.043500,0.037500,0.037500,0.052500
19,MARYLAND,ANNE ARUNDEL COUNTY,02,RELIGION AND NONPROFIT,0.058800,0.053400,0.039300,0.035400,0.035400,0.047100
19,MARYLAND,ANNE ARUNDEL COUNTY,02,RESTAURANTS,0.147750,0.132750,0.096000,0.090000,0.090000,0.118500
19,MARYLAND,ANNE ARUNDEL COUNTY,02,RETAIL TRADE,0.095211,0.085500,0.062842,0.057711,0.057711,0.076500
19,MARYLAND,ANNE ARUNDEL COUNTY,02,SANITARY SEWER,0.271500,0.244500,0.177000,0.163500,0.163500,0.216000
19,MARYLAND,ANNE ARUNDEL COUNTY,02,TEMPORARY LODGING,0.064500,0.057750,0.041625,0.038250,0.038250,0.051375
19,MARYLAND,ANNE ARUNDEL COUNTY,02,WHOLESALE TRADE,0.109200,0.098100,0.071700,0.066000,0.066000,0.087300
19,MARYLAND,BALTIMORE CITY,01,AGRICULTURE,0.097500,0.087000,0.064500,0.060000,0.060000,0.078000
19,MARYLAND,BALTIMORE CITY,01,AIR,0.069000,0.061500,0.043500,0.042000,0.042000,0.054000
19,MARYLAND,BALTIMORE CITY,01,CASINOS,0.280500,0.252000,0.182250,0.168000,0.168000,0.225000
19,MARYLAND,BALTIMORE CITY,01,CONSTRUCTION,0.079500,0.072000,0.052500,0.048000,0.048000,0.064500
19,MARYLAND,BALTIMORE CITY,01,EDUCATION,0.079500,0.070500,0.052500,0.048000,0.048000,0.063000
19,MARYLAND,BALTIMORE CITY,01,EMERGENCY RESPONSE SERVICES,0.070500,0.061500,0.043500,0.042000,0.042000,0.055500
19,MARYLAND,BALTIMORE CITY,01,ENTERTAINMENT AND RECREATION,0.178364,0.160909,0.116045,0.106500,0.106500,0.142909
19,MARYLAND,BALTIMORE CITY,01,FOOD AND DRUGS PROCESSING,0.250000,0.225000,0.163000,0.149000,0.149000,0.200500
19,MARYLAND,BALTIMORE CITY,01,GASOLINE SERVICE STATIONS,0.124500,0.112500,0.081000,0.075000,0.075000,0.099000
19,MARYLAND,BALTIMORE CITY,01,GENERAL SERVICES,0.069000,0.063000,0.043500,0.040500,0.040500,0.055500
19,MARYLAND,BALTIMORE CITY,01,GROUP INSTITUTIONAL HOUSING,0.069900,0.063000,0.044700,0.042900,0.042900,0.057000
19,MARYLAND,BALTIMORE CITY,01,HEALTH CARE SERVICE,0.033000,0.028500,0.021000,0.019500,0.019500,0.027000
19,MARYLAND,BALTIMORE CITY,01,HEAVY FABRICATION AND ASSEMBLY,0.166500,0.151500,0.109500,0.100500,0.100500,0.135000
19,MARYLAND,BALTIMORE CITY,01,HIGHWAY,0.157500,0.144000,0.103500,0.094500,0.094500,0.127500
19,MARYLAND,BALTIMORE CITY,01,LIGHT FABRICATION AND ASSEMBLY,0.271500,0.246000,0.177000,0.164000,0.164000,0.218500
19,MARYLAND,BALTIMORE CITY,01,PERMANENT DWELLING (MULTI FAMILY HOUSING),0.241286,0.217821,0.156964,0.144321,0.144321,0.193821
19,MARYLAND,BALTIMORE CITY,01,PERMANENT DWELLING (SINGLE FAMILY HOUSING),0.046500,0.042000,0.030000,0.027000,0.027000,0.036000
19,MARYLAND,BALTIMORE CITY,01,PERSONAL AND REPAIR SERVICES,0.197500,0.177833,0.128500,0.118333,0.118333,0.158833
19,MARYLAND,BALTIMORE CITY,01,PETROLEUM,0.104250,0.095250,0.068250,0.063750,0.063750,0.085500
19,MARYLAND,BALTIMORE CITY,01,"PROFESSIONAL, TECHNICAL AND BUSINESS SERVICES",0.081000,0.073500,0.055500,0.048000,0.048000,0.066000
19,MARYLAND,BALTIMORE CITY,01,RELIGION AND NONPROFIT,0.074100,0.068100,0.049800,0.044700,0.044700,0.060300
19,MARYLAND,BALTIMORE CITY,01,RESTAURANTS,0.187500,0.168750,0.122250,0.114000,0.114000,0.150750
19,MARYLAND,BALTIMORE CITY,01,RETAIL TRADE,0.121105,0.108789,0.079658,0.073500,0.073500,0.097105
19,MARYLAND,BALTIMORE CITY,01,SANITARY SEWER,0.345000,0.310500,0.225000,0.208500,0.208500,0.274500
19,MARYLAND,BALTIMORE CITY,01,TEMPORARY LODGING,0.081750,0.073500,0.052875,0.048750,0.048750,0.065625
19,MARYLAND,BALTIMORE CITY,01,WHOLESALE TRADE,0.139200,0.124200,0.090900,0.084000,0.084000,0.110700
19,MARYLAND,MONTGOMERY COUNTY,04,AGRICULTURE,0.069000,0.061500,0.046500,0.042000,0.042000,0.054000
19,MARYLAND,MONTGOMERY COUNTY,04,AIR,0.048000,0.043500,0.030000,0.030000,0.030000,0.037500
19,MARYLAND,MONTGOMERY COUNTY,04,CASINOS,0.198750,0.177750,0.129000,0.119250,0.119250,0.159000
19,MARYLAND,MONTGOMERY COUNTY,04,CONSTRUCTION,0.055500,0.051000,0.037500,0.034500,0.034500,0.046500
19,MARYLAND,MONTGOMERY COUNTY,04,EDUCATION,0.055500,0.049500,0.037500,0.034500,0.034500,0.045000
19,MARYLAND,MONTGOMERY COUNTY,04,EMERGENCY RESPONSE SERVICES,0.049500,0.043500,0.030000,0.030000,0.030000,0.039000
19,MARYLAND,MONTGOMERY COUNTY,04,ENTERTAINMENT AND RECREATION,0.126682,0.114000,0.081955,0.075545,0.075545,0.100909
19,MARYLAND,MONTGOMERY COUNTY,04,FOOD AND DRUGS PROCESSING,0.176500,0.159000,0.115500,0.105500,0.105500,0.142000
19,MARYLAND,MONTGOMERY COUNTY,04,GASOLINE SERVICE STATIONS,0.088500,0.079500,0.057000,0.054000,0.054000,0.070500
19,MARYLAND,MONTGOMERY COUNTY,04,GENERAL SERVICES,0.048750,0.045000,0.030750,0.029250,0.029250,0.039000
19,MARYLAND,MONTGOMERY COUNTY,04,GROUP INSTITUTIONAL HOUSING,0.049800,0.044400,0.031800,0.030000,0.030000,0.039900
19,MARYLAND,MONTGOMERY COUNTY,04,HEALTH CARE SERVICE,0.022500,0.021000,0.015000,0.013500,0.013500,0.019500
19,MARYLAND,MONTGOMERY COUNTY,04,HEAVY FABRICATION AND ASSEMBLY,0.118500,0.106500,0.078000,0.070500,0.070500,0.096000
19,MARYLAND,MONTGOMERY COUNTY,04,HIGHWAY,0.112500,0.102000,0.073500,0.067500,0.067500,0.090000
19,MARYLAND,MONTGOMERY COUNTY,04,LIGHT FABRICATION AND ASSEMBLY,0.192000,0.173500,0.125000,0.116000,0.116000,0.154500
19,MARYLAND,MONTGOMERY COUNTY,04,PERMANENT DWELLING (MULTI FAMILY HOUSING),0.171214,0.154071,0.111643,0.102429,0.102429,0.137357
19,MARYLAND,MONTGOMERY COUNTY,04,PERMANENT DWELLING (SINGLE FAMILY HOUSING),0.033000,0.030000,0.021000,0.019500,0.019500,0.025500
19,MARYLAND,MONTGOMERY COUNTY,04,PERSONAL AND REPAIR SERVICES,0.139667,0.125667,0.091167,0.083667,0.083667,0.112667
19,MARYLAND,MONTGOMERY COUNTY,04,PETROLEUM,0.073500,0.067500,0.048000,0.045000,0.045000,0.060750
19,MARYLAND,MONTGOMERY COUNTY,04,"PROFESSIONAL, TECHNICAL AND BUSINESS SERVICES",0.057000,0.052500,0.039000,0.034500,0.034500,0.046500
19,MARYLAND,MONTGOMERY COUNTY,04,RELIGION AND NONPROFIT,0.052500,0.048300,0.035100,0.032100,0.032100,0.042000
19,MARYLAND,MONTGOMERY COUNTY,04,RESTAURANTS,0.132750,0.119250,0.086250,0.081000,0.081000,0.106500
19,MARYLAND,MONTGOMERY COUNTY,04,RETAIL TRADE,0.085737,0.077132,0.056605,0.052026,0.052026,0.068526
19,MARYLAND,MONTGOMERY COUNTY,04,SANITARY SEWER,0.244500,0.220500,0.159000,0.147000,0.147000,0.195000
19,MARYLAND,MONTGOMERY COUNTY,04,TEMPORARY LODGING,0.058125,0.052125,0.037875,0.034500,0.034500,0.046125
19,MARYLAND,MONTGOMERY COUNTY,04,WHOLESALE TRADE,0.098700,0.087900,0.064800,0.059100,0.059100,0.078000
19,MARYLAND,PRINCE GEORGES COUNTY,05,AGRICULTURE,0.246000,0.219000,0.163500,0.150000,0.150000,0.196500
19,MARYLAND,PRINCE GEORGES COUNTY,05,AIR,0.172500,0.154500,0.109500,0.105000,0.105000,0.136500
19,MARYLAND,PRINCE GEORGES COUNTY,05,CASINOS,0.710250,0.636750,0.462000,0.426000,0.426000,0.571500
19,MARYLAND,PRINCE GEORGES COUNTY,05,CONSTRUCTION,0.201000,0.181500,0.132000,0.123000,0.123000,0.163500
19,MARYLAND,PRINCE GEORGES COUNTY,05,EDUCATION,0.201000,0.177000,0.132000,0.123000,0.123000,0.159000
19,MARYLAND,PRINCE GEORGES COUNTY,05,EMERGENCY RESPONSE SERVICES,0.177000,0.154500,0.109500,0.105000,0.105000,0.141000
19,MARYLAND,PRINCE GEORGES COUNTY,05,ENTERTAINMENT AND RECREATION,0.451909,0.407455,0.294136,0.269864,0.269864,0.361091
19,MARYLAND,PRINCE GEORGES COUNTY,05,FOOD AND DRUGS PROCESSING,0.633000,0.570500,0.413000,0.378000,0.378000,0.508500
19,MARYLAND,PRINCE GEORGES COUNTY,05,GASOLINE SERVICE STATIONS,0.313500,0.286500,0.205500,0.190500,0.190500,0.250500
19,MARYLAND,PRINCE GEORGES COUNTY,05,GENERAL SERVICES,0.174750,0.159000,0.109500,0.102750,0.102750,0.141000
19,MARYLAND,PRINCE GEORGES COUNTY,05,GROUP INSTITUTIONAL HOUSING,0.177300,0.160200,0.113700,0.108300,0.108300,0.143100
19,MARYLAND,PRINCE GEORGES COUNTY,05,HEALTH CARE SERVICE,0.082500,0.073500,0.054000,0.049500,0.049500,0.069000
19,MARYLAND,PRINCE GEORGES COUNTY,05,HEAVY FABRICATION AND ASSEMBLY,0.423000,0.382500,0.277500,0.255000,0.255000,0.342000
19,MARYLAND,PRINCE GEORGES COUNTY,05,HIGHWAY,0.400500,0.364500,0.264000,0.241500,0.241500,0.322500
19,MARYLAND,PRINCE GEORGES COUNTY,05,LIGHT FABRICATION AND ASSEMBLY,0.687500,0.622000,0.447500,0.416000,0.416000,0.554000
19,MARYLAND,PRINCE GEORGES COUNTY,05,PERMANENT DWELLING (MULTI FAMILY HOUSING),0.611893,0.551464,0.398464,0.366000,0.366000,0.491036
19,MARYLAND,PRINCE GEORGES COUNTY,05,PERMANENT DWELLING (SINGLE FAMILY HOUSING),0.118500,0.105000,0.078000,0.069000,0.069000,0.091500
19,MARYLAND,PRINCE GEORGES COUNTY,05,PERSONAL AND REPAIR SERVICES,0.500167,0.450167,0.326000,0.299500,0.299500,0.402667
19,MARYLAND,PRINCE GEORGES COUNTY,05,PETROLEUM,0.264000,0.241500,0.172500,0.161250,0.161250,0.216750
19,MARYLAND,PRINCE GEORGES COUNTY,05,"PROFESSIONAL, TECHNICAL AND BUSINESS SERVICES",0.205500,0.186000,0.141000,0.123000,0.123000,0.168000
19,MARYLAND,PRINCE GEORGES COUNTY,05,RELIGION AND NONPROFIT,0.188400,0.171900,0.126000,0.114000,0.114000,0.152100
19,MARYLAND,PRINCE GEORGES COUNTY,05,RESTAURANTS,0.475500,0.428250,0.309750,0.288750,0.288750,0.382500
19,MARYLAND,PRINCE GEORGES COUNTY,05,RETAIL TRADE,0.306474,0.275921,0.201395,0.185763,0.185763,0.246079
19,MARYLAND,PRINCE GEORGES COUNTY,05,SANITARY SEWER,0.874500,0.787500,0.568500,0.528000,0.528000,0.696000
19,MARYLAND,PRINCE GEORGES COUNTY,05,TEMPORARY LODGING,0.207000,0.185625,0.134250,0.123000,0.123000,0.166500
19,MARYLAND,PRINCE GEORGES COUNTY,05,WHOLESALE TRADE,0.352200,0.315900,0.230400,0.212100,0.212100,0.280500
19,MARYLAND,BALTIMORE COUNTY EXCLUDING BALTIMORE CITY,03,AGRICULTURE,0.147000,0.130500,0.097500,0.090000,0.090000,0.117000
19,MARYLAND,BALTIMORE COUNTY EXCLUDING BALTIMORE CITY,03,AIR,0.103500,0.093000,0.066000,0.063000,0.063000,0.081000
19,MARYLAND,BALTIMORE COUNTY EXCLUDING BALTIMORE CITY,03,CASINOS,0.424500,0.381000,0.276750,0.254250,0.254250,0.341250
19,MARYLAND,BALTIMORE COUNTY EXCLUDING BALTIMORE CITY,03,CONSTRUCTION,0.120000,0.109500,0.079500,0.073500,0.073500,0.097500
19,MARYLAND,BALTIMORE COUNTY EXCLUDING BALTIMORE CITY,03,EDUCATION,0.120000,0.106500,0.079500,0.073500,0.073500,0.096000
19,MARYLAND,BALTIMORE COUNTY EXCLUDING BALTIMORE CITY,03,EMERGENCY RESPONSE SERVICES,0.106500,0.093000,0.066000,0.063000,0.063000,0.084000
19,MARYLAND,BALTIMORE COUNTY EXCLUDING BALTIMORE CITY,03,ENTERTAINMENT AND RECREATION,0.270273,0.243545,0.175773,0.161318,0.161318,0.216136
19,MARYLAND,BALTIMORE COUNTY EXCLUDING BALTIMORE CITY,03,FOOD AND DRUGS PROCESSING,0.378500,0.341000,0.247000,0.226500,0.226500,0.304000
19,MARYLAND,BALTIMORE COUNTY EXCLUDING BALTIMORE CITY,03,GASOLINE SERVICE STATIONS,0.187500,0.171000,0.123000,0.114000,0.114000,0.150000
19,MARYLAND,BALTIMORE COUNTY EXCLUDING BALTIMORE CITY,03,GENERAL SERVICES,0.105000,0.095250,0.065250,0.061500,0.061500,0.084000
19,MARYLAND,BALTIMORE COUNTY EXCLUDING BALTIMORE CITY,03,GROUP INSTITUTIONAL HOUSING,0.105900,0.095700,0.068100,0.064500,0.064500,0.085500
19,MARYLAND,BALTIMORE COUNTY EXCLUDING BALTIMORE CITY,03,HEALTH CARE SERVICE,0.049500,0.043500,0.033000,0.030000,0.030000,0.040500
19,MARYLAND,BALTIMORE COUNTY EXCLUDING BALTIMORE CITY,03,HEAVY FABRICATION AND ASSEMBLY,0.253500,0.229500,0.166500,0.153000,0.153000,0.204000
19,MARYLAND,BALTIMORE COUNTY EXCLUDING BALTIMORE CITY,03,HIGHWAY,0.240000,0.217500,0.157500,0.144000,0.144000,0.193500
19,MARYLAND,BALTIMORE COUNTY EXCLUDING BALTIMORE CITY,03,LIGHT FABRICATION AND ASSEMBLY,0.411000,0.372500,0.268000,0.249000,0.249000,0.331000
19,MARYLAND,BALTIMORE COUNTY EXCLUDING BALTIMORE CITY,03,PERMANENT DWELLING (MULTI FAMILY HOUSING),0.366214,0.330107,0.238714,0.218571,0.218571,0.293464
19,MARYLAND,BALTIMORE COUNTY EXCLUDING BALTIMORE CITY,03,PERMANENT DWELLING (SINGLE FAMILY HOUSING),0.070500,0.063000,0.046500,0.040500,0.040500,0.054000
19,MARYLAND,BALTIMORE COUNTY EXCLUDING BALTIMORE CITY,03,PERSONAL AND REPAIR SERVICES,0.299333,0.269167,0.195167,0.179500,0.179500,0.240833
19,MARYLAND,BALTIMORE COUNTY EXCLUDING BALTIMORE CITY,03,PETROLEUM,0.158250,0.144000,0.103500,0.096750,0.096750,0.129750
19,MARYLAND,BALTIMORE COUNTY EXCLUDING BALTIMORE CITY,03,"PROFESSIONAL, TECHNICAL AND BUSINESS SERVICES",0.123000,0.111000,0.084000,0.073500,0.073500,0.100500
19,MARYLAND,BALTIMORE COUNTY EXCLUDING BALTIMORE CITY,03,RELIGION AND NONPROFIT,0.112800,0.103200,0.074700,0.068100,0.068100,0.090600
19,MARYLAND,BALTIMORE COUNTY EXCLUDING BALTIMORE CITY,03,RESTAURANTS,0.285000,0.255750,0.185250,0.173250,0.173250,0.228750
19,MARYLAND,BALTIMORE COUNTY EXCLUDING BALTIMORE CITY,03,RETAIL TRADE,0.183316,0.164842,0.120553,0.111237,0.111237,0.147079
19,MARYLAND,BALTIMORE COUNTY EXCLUDING BALTIMORE CITY,03,SANITARY SEWER,0.523500,0.471000,0.340500,0.316500,0.316500,0.417000
19,MARYLAND,BALTIMORE COUNTY EXCLUDING BALTIMORE CITY,03,TEMPORARY LODGING,0.124125,0.111000,0.080250,0.073500,0.073500,0.099375
19,MARYLAND,BALTIMORE COUNTY EXCLUDING BALTIMORE CITY,03,WHOLESALE TRADE,0.210900,0.189000,0.137700,0.126900,0.126900,0.167700
19,MARYLAND,BALANCE OF STATE (MARYLAND),08,AGRICULTURE,0.081000,0.072000,0.054000,0.049500,0.049500,0.064500
19,MARYLAND,BALANCE OF STATE (MARYLAND),08,AIR,0.057000,0.051000,0.036000,0.034500,0.034500,0.045000
19,MARYLAND,BALANCE OF STATE (MARYLAND),08,CASINOS,0.234000,0.210000,0.152250,0.140250,0.140250,0.188250
19,MARYLAND,BALANCE OF STATE (MARYLAND),08,CONSTRUCTION,0.066000,0.060000,0.043500,0.040500,0.040500,0.054000
19,MARYLAND,BALANCE OF STATE (MARYLAND),08,EDUCATION,0.066000,0.058500,0.043500,0.040500,0.040500,0.052500
19,MARYLAND,BALANCE OF STATE (MARYLAND),08,EMERGENCY RESPONSE SERVICES,0.058500,0.051000,0.036000,0.034500,0.034500,0.046500
19,MARYLAND,BALANCE OF STATE (MARYLAND),08,ENTERTAINMENT AND RECREATION,0.148909,0.134182,0.096818,0.088909,0.088909,0.119045
19,MARYLAND,BALANCE OF STATE (MARYLAND),08,FOOD AND DRUGS PROCESSING,0.208500,0.188000,0.136000,0.124500,0.124500,0.167500
19,MARYLAND,BALANCE OF STATE (MARYLAND),08,GASOLINE SERVICE STATIONS,0.103500,0.094500,0.067500,0.063000,0.063000,0.082500
19,MARYLAND,BALANCE OF STATE (MARYLAND),08,GENERAL SERVICES,0.057750,0.052500,0.036000,0.033750,0.033750,0.046500
19,MARYLAND,BALANCE OF STATE (MARYLAND),08,GROUP INSTITUTIONAL HOUSING,0.058500,0.052800,0.037500,0.035700,0.035700,0.047100
19,MARYLAND,BALANCE OF STATE (MARYLAND),08,HEALTH CARE SERVICE,0.027000,0.024000,0.018000,0.016500,0.016500,0.022500
19,MARYLAND,BALANCE OF STATE (MARYLAND),08,HEAVY FABRICATION AND ASSEMBLY,0.139500,0.126000,0.091500,0.084000,0.084000,0.112500
19,MARYLAND,BALANCE OF STATE (MARYLAND),08,HIGHWAY,0.132000,0.120000,0.087000,0.079500,0.079500,0.106500
19,MARYLAND,BALANCE OF STATE (MARYLAND),08,LIGHT FABRICATION AND ASSEMBLY,0.226500,0.205000,0.147500,0.137000,0.137000,0.182500
19,MARYLAND,BALANCE OF STATE (MARYLAND),08,PERMANENT DWELLING (MULTI FAMILY HOUSING),0.201643,0.181714,0.131250,0.120536,0.120536,0.161786
19,MARYLAND,BALANCE OF STATE (MARYLAND),08,PERMANENT DWELLING (SINGLE FAMILY HOUSING),0.039000,0.034500,0.025500,0.022500,0.022500,0.030000
19,MARYLAND,BALANCE OF STATE (MARYLAND),08,PERSONAL AND REPAIR SERVICES,0.164833,0.148333,0.107500,0.098667,0.098667,0.132667
19,MARYLAND,BALANCE OF STATE (MARYLAND),08,PETROLEUM,0.087000,0.079500,0.057000,0.053250,0.053250,0.071250
19,MARYLAND,BALANCE OF STATE (MARYLAND),08,"PROFESSIONAL, TECHNICAL AND BUSINESS SERVICES",0.067500,0.061500,0.046500,0.040500,0.040500,0.055500
19,MARYLAND,BALANCE OF STATE (MARYLAND),08,RELIGION AND NONPROFIT,0.062100,0.056700,0.041400,0.037500,0.037500,0.050100
19,MARYLAND,BALANCE OF STATE (MARYLAND),08,RESTAURANTS,0.156750,0.141000,0.102000,0.095250,0.095250,0.126000
19,MARYLAND,BALANCE OF STATE (MARYLAND),08,RETAIL TRADE,0.100974,0.090789,0.066474,0.061263,0.061263,0.081000
19,MARYLAND,BALANCE OF STATE (MARYLAND),08,SANITARY SEWER,0.288000,0.259500,0.187500,0.174000,0.174000,0.229500
19,MARYLAND,BALANCE OF STATE (MARYLAND),08,TEMPORARY LODGING,0.068250,0.061125,0.044250,0.040500,0.040500,0.054750
19,MARYLAND,BALANCE OF STATE (MARYLAND),08,WHOLESALE TRADE,0.116100,0.104100,0.075900,0.069900,0.069900,0.092400
20,MASSACHUSETTS,BOSTON,01,AGRICULTURE,0.055500,0.050250,0.036000,0.033000,0.033000,0.045750
20,MASSACHUSETTS,BOSTON,01,AIR,0.024000,0.021000,0.015000,0.013500,0.013500,0.018000
20,MASSACHUSETTS,BOSTON,01,CASINOS,0.095625,0.085875,0.062250,0.056625,0.056625,0.076125
20,MASSACHUSETTS,BOSTON,01,CONSTRUCTION,0.023250,0.021000,0.015750,0.013500,0.013500,0.018750
20,MASSACHUSETTS,BOSTON,01,EDUCATION,0.030000,0.027000,0.019500,0.018000,0.018000,0.024000
20,MASSACHUSETTS,BOSTON,01,EMERGENCY RESPONSE SERVICES,0.030000,0.027000,0.019500,0.018000,0.018000,0.024000
20,MASSACHUSETTS,BOSTON,01,ENTERTAINMENT AND RECREATION,0.060750,0.054614,0.039545,0.036477,0.036477,0.048273
20,MASSACHUSETTS,BOSTON,01,FOOD AND DRUGS PROCESSING,0.085000,0.076750,0.055500,0.050750,0.050750,0.068250
20,MASSACHUSETTS,BOSTON,01,GASOLINE SERVICE STATIONS,0.043500,0.039000,0.028500,0.026250,0.026250,0.034500
20,MASSACHUSETTS,BOSTON,01,GENERAL SERVICES,0.029250,0.026625,0.019875,0.017625,0.017625,0.024000
20,MASSACHUSETTS,BOSTON,01,GROUP INSTITUTIONAL HOUSING,0.052350,0.046500,0.033600,0.031800,0.031800,0.041550
20,MASSACHUSETTS,BOSTON,01,HEALTH CARE SERVICE,0.017250,0.015750,0.011250,0.011250,0.011250,0.014250
20,MASSACHUSETTS,BOSTON,01,HEAVY FABRICATION AND ASSEMBLY,0.223500,0.200250,0.146250,0.134250,0.134250,0.179250
20,MASSACHUSETTS,BOSTON,01,HIGHWAY,0.213000,0.192000,0.138750,0.127500,0.127500,0.170250
20,MASSACHUSETTS,BOSTON,01,LIGHT FABRICATION AND ASSEMBLY,0.282000,0.254000,0.183250,0.169750,0.169750,0.226250
20,MASSACHUSETTS,BOSTON,01,PERMANENT DWELLING (MULTI FAMILY HOUSING),0.143625,0.129482,0.093482,0.086089,0.086089,0.115339
20,MASSACHUSETTS,BOSTON,01,PERMANENT DWELLING (SINGLE FAMILY HOUSING),0.043500,0.039000,0.027750,0.025500,0.025500,0.034500
20,MASSACHUSETTS,BOSTON,01,PERSONAL AND REPAIR SERVICES,0.087917,0.078833,0.057250,0.052833,0.052833,0.070500
20,MASSACHUSETTS,BOSTON,01,PETROLEUM,0.139500,0.126000,0.090750,0.084000,0.084000,0.111750
20,MASSACHUSETTS,BOSTON,01,"PROFESSIONAL, TECHNICAL AND BUSINESS SERVICES",0.036000,0.033000,0.024000,0.022500,0.022500,0.030000
20,MASSACHUSETTS,BOSTON,01,RELIGION AND NONPROFIT,0.051750,0.045900,0.033300,0.030750,0.030750,0.041100
20,MASSACHUSETTS,BOSTON,01,RESTAURANTS,0.114000,0.102375,0.074250,0.069000,0.069000,0.091125
20,MASSACHUSETTS,BOSTON,01,RETAIL TRADE,0.070303,0.063474,0.045671,0.042118,0.042118,0.056763
20,MASSACHUSETTS,BOSTON,01,SANITARY SEWER,0.459000,0.414750,0.297750,0.276000,0.276000,0.369000
20,MASSACHUSETTS,BOSTON,01,TEMPORARY LODGING,0.045000,0.040313,0.028875,0.027188,0.027188,0.035813
20,MASSACHUSETTS,BOSTON,01,WHOLESALE TRADE,0.185100,0.166500,0.120000,0.111000,0.111000,0.147300
20,MASSACHUSETTS,BALANCE OF STATE (MASSACHUSETTS),08,AGRICULTURE,0.064500,0.058500,0.042000,0.038250,0.038250,0.053250
20,MASSACHUSETTS,BALANCE OF STATE (MASSACHUSETTS),08,AIR,0.027750,0.024000,0.017250,0.015750,0.015750,0.021000
20,MASSACHUSETTS,BALANCE OF STATE (MASSACHUSETTS),08,CASINOS,0.111000,0.100125,0.072375,0.065625,0.065625,0.088500
20,MASSACHUSETTS,BALANCE OF STATE (MASSACHUSETTS),08,CONSTRUCTION,0.027000,0.024750,0.018000,0.015750,0.015750,0.021750
20,MASSACHUSETTS,BALANCE OF STATE (MASSACHUSETTS),08,EDUCATION,0.035250,0.031500,0.022500,0.021000,0.021000,0.027750
20,MASSACHUSETTS,BALANCE OF STATE (MASSACHUSETTS),08,EMERGENCY RESPONSE SERVICES,0.034500,0.031500,0.022500,0.021000,0.021000,0.027750
20,MASSACHUSETTS,BALANCE OF STATE (MASSACHUSETTS),08,ENTERTAINMENT AND RECREATION,0.070773,0.063477,0.045818,0.042409,0.042409,0.056045
20,MASSACHUSETTS,BALANCE OF STATE (MASSACHUSETTS),08,FOOD AND DRUGS PROCESSING,0.098750,0.089250,0.064500,0.059000,0.059000,0.079500
20,MASSACHUSETTS,BALANCE OF STATE (MASSACHUSETTS),08,GASOLINE SERVICE STATIONS,0.051000,0.045750,0.033000,0.030750,0.030750,0.039750
20,MASSACHUSETTS,BALANCE OF STATE (MASSACHUSETTS),08,GENERAL SERVICES,0.034125,0.031125,0.022875,0.020625,0.020625,0.027750
20,MASSACHUSETTS,BALANCE OF STATE (MASSACHUSETTS),08,GROUP INSTITUTIONAL HOUSING,0.060750,0.054150,0.039150,0.036750,0.036750,0.048300
20,MASSACHUSETTS,BALANCE OF STATE (MASSACHUSETTS),08,HEALTH CARE SERVICE,0.020250,0.018000,0.013500,0.012750,0.012750,0.016500
20,MASSACHUSETTS,BALANCE OF STATE (MASSACHUSETTS),08,HEAVY FABRICATION AND ASSEMBLY,0.259500,0.233250,0.170250,0.156000,0.156000,0.208500
20,MASSACHUSETTS,BALANCE OF STATE (MASSACHUSETTS),08,HIGHWAY,0.247500,0.223500,0.161250,0.148500,0.148500,0.198000
20,MASSACHUSETTS,BALANCE OF STATE (MASSACHUSETTS),08,LIGHT FABRICATION AND ASSEMBLY,0.328000,0.295500,0.213250,0.197250,0.197250,0.263250
20,MASSACHUSETTS,BALANCE OF STATE (MASSACHUSETTS),08,PERMANENT DWELLING (MULTI FAMILY HOUSING),0.166929,0.150429,0.108589,0.100071,0.100071,0.134196
20,MASSACHUSETTS,BALANCE OF STATE (MASSACHUSETTS),08,PERMANENT DWELLING (SINGLE FAMILY HOUSING),0.050250,0.045000,0.032250,0.030000,0.030000,0.040500
20,MASSACHUSETTS,BALANCE OF STATE (MASSACHUSETTS),08,PERSONAL AND REPAIR SERVICES,0.102083,0.091667,0.066667,0.061417,0.061417,0.081917
20,MASSACHUSETTS,BALANCE OF STATE (MASSACHUSETTS),08,PETROLEUM,0.162000,0.146250,0.105375,0.097500,0.097500,0.130125
20,MASSACHUSETTS,BALANCE OF STATE (MASSACHUSETTS),08,"PROFESSIONAL, TECHNICAL AND BUSINESS SERVICES",0.042000,0.038250,0.027750,0.026250,0.026250,0.034500
20,MASSACHUSETTS,BALANCE OF STATE (MASSACHUSETTS),08,RELIGION AND NONPROFIT,0.060150,0.053700,0.038700,0.035550,0.035550,0.047700
20,MASSACHUSETTS,BALANCE OF STATE (MASSACHUSETTS),08,RESTAURANTS,0.132750,0.119250,0.086250,0.080250,0.080250,0.105750
20,MASSACHUSETTS,BALANCE OF STATE (MASSACHUSETTS),08,RETAIL TRADE,0.081789,0.073776,0.053132,0.048987,0.048987,0.066000
20,MASSACHUSETTS,BALANCE OF STATE (MASSACHUSETTS),08,SANITARY SEWER,0.534000,0.482250,0.346500,0.321000,0.321000,0.429000
20,MASSACHUSETTS,BALANCE OF STATE (MASSACHUSETTS),08,TEMPORARY LODGING,0.052313,0.046688,0.033563,0.031500,0.031500,0.041813
20,MASSACHUSETTS,BALANCE OF STATE (MASSACHUSETTS),08,WHOLESALE TRADE,0.215250,0.193650,0.139650,0.129150,0.129150,0.171450
21,MICHIGAN,DETROIT,01,AGRICULTURE,0.442000,0.403000,0.288000,0.280000,0.280000,0.352000
21,MICHIGAN,DETROIT,01,AIR,0.291000,0.263000,0.194000,0.176000,0.176000,0.245000
21,MICHIGAN,DETROIT,01,CASINOS,0.863500,0.779000,0.555500,0.516500,0.516500,0.692000
21,MICHIGAN,DETROIT,01,CONSTRUCTION,0.698000,0.626000,0.446000,0.417000,0.417000,0.554000
21,MICHIGAN,DETROIT,01,EDUCATION,0.230000,0.209000,0.147000,0.140000,0.140000,0.183000
21,MICHIGAN,DETROIT,01,EMERGENCY RESPONSE SERVICES,0.090000,0.079000,0.065000,0.058000,0.058000,0.076000
21,MICHIGAN,DETROIT,01,ENTERTAINMENT AND RECREATION,0.550455,0.493636,0.359636,0.330364,0.330364,0.443091
21,MICHIGAN,DETROIT,01,FOOD AND DRUGS PROCESSING,1.131333,1.019000,0.739667,0.674667,0.674667,0.905333
21,MICHIGAN,DETROIT,01,GASOLINE SERVICE STATIONS,0.554000,0.489000,0.360000,0.320000,0.320000,0.439000
21,MICHIGAN,DETROIT,01,GENERAL SERVICES,0.088000,0.082500,0.061500,0.058000,0.058000,0.076000
21,MICHIGAN,DETROIT,01,GROUP INSTITUTIONAL HOUSING,0.482200,0.434800,0.310400,0.286400,0.286400,0.386800
21,MICHIGAN,DETROIT,01,HEALTH CARE SERVICE,0.241000,0.223000,0.162000,0.144000,0.144000,0.191000
21,MICHIGAN,DETROIT,01,HEAVY FABRICATION AND ASSEMBLY,0.439000,0.385000,0.284000,0.259000,0.259000,0.342000
21,MICHIGAN,DETROIT,01,HIGHWAY,0.410000,0.367000,0.266000,0.248000,0.248000,0.331000
21,MICHIGAN,DETROIT,01,LIGHT FABRICATION AND ASSEMBLY,1.366333,1.232000,0.884333,0.823667,0.823667,1.093333
21,MICHIGAN,DETROIT,01,PERMANENT DWELLING (MULTI FAMILY HOUSING),0.854143,0.768857,0.553143,0.508000,0.508000,0.682714
21,MICHIGAN,DETROIT,01,PERMANENT DWELLING (SINGLE FAMILY HOUSING),0.378000,0.342000,0.248000,0.223000,0.223000,0.306000
21,MICHIGAN,DETROIT,01,PERSONAL AND REPAIR SERVICES,0.550556,0.497444,0.357889,0.329556,0.329556,0.440333
21,MICHIGAN,DETROIT,01,PETROLEUM,0.271500,0.244500,0.178000,0.165500,0.165500,0.214000
21,MICHIGAN,DETROIT,01,"PROFESSIONAL, TECHNICAL AND BUSINESS SERVICES",0.363000,0.324000,0.237000,0.219000,0.219000,0.288000
21,MICHIGAN,DETROIT,01,RELIGION AND NONPROFIT,0.402400,0.362000,0.258800,0.242400,0.242400,0.322200
21,MICHIGAN,DETROIT,01,RESTAURANTS,0.354000,0.314500,0.226500,0.214000,0.214000,0.284000
21,MICHIGAN,DETROIT,01,RETAIL TRADE,0.510316,0.460263,0.333316,0.307895,0.307895,0.409789
21,MICHIGAN,DETROIT,01,SANITARY SEWER,0.881000,0.791000,0.575000,0.536000,0.536000,0.708000
21,MICHIGAN,DETROIT,01,TEMPORARY LODGING,0.653500,0.587750,0.423250,0.393750,0.393750,0.522250
21,MICHIGAN,DETROIT,01,WHOLESALE TRADE,0.357400,0.320200,0.233000,0.217200,0.217200,0.285400
21,MICHIGAN,BALANCE OF STATE (MICHIGAN),08,AGRICULTURE,0.123000,0.112000,0.080000,0.078000,0.078000,0.098000
21,MICHIGAN,BALANCE OF STATE (MICHIGAN),08,AIR,0.081000,0.073000,0.054000,0.049000,0.049000,0.068000
21,MICHIGAN,BALANCE OF STATE (MICHIGAN),08,CASINOS,0.240000,0.216500,0.154500,0.143500,0.143500,0.192500
21,MICHIGAN,BALANCE OF STATE (MICHIGAN),08,CONSTRUCTION,0.194000,0.174000,0.124000,0.116000,0.116000,0.154000
21,MICHIGAN,BALANCE OF STATE (MICHIGAN),08,EDUCATION,0.064000,0.058000,0.041000,0.039000,0.039000,0.051000
21,MICHIGAN,BALANCE OF STATE (MICHIGAN),08,EMERGENCY RESPONSE SERVICES,0.025000,0.022000,0.018000,0.016000,0.016000,0.021000
21,MICHIGAN,BALANCE OF STATE (MICHIGAN),08,ENTERTAINMENT AND RECREATION,0.153091,0.137273,0.100000,0.091909,0.091909,0.123182
21,MICHIGAN,BALANCE OF STATE (MICHIGAN),08,FOOD AND DRUGS PROCESSING,0.314667,0.283333,0.205667,0.187667,0.187667,0.251667
21,MICHIGAN,BALANCE OF STATE (MICHIGAN),08,GASOLINE SERVICE STATIONS,0.154000,0.136000,0.100000,0.089000,0.089000,0.122000
21,MICHIGAN,BALANCE OF STATE (MICHIGAN),08,GENERAL SERVICES,0.024500,0.023000,0.017000,0.016000,0.016000,0.021000
21,MICHIGAN,BALANCE OF STATE (MICHIGAN),08,GROUP INSTITUTIONAL HOUSING,0.134000,0.121000,0.086200,0.079600,0.079600,0.107600
21,MICHIGAN,BALANCE OF STATE (MICHIGAN),08,HEALTH CARE SERVICE,0.067000,0.062000,0.045000,0.040000,0.040000,0.053000
21,MICHIGAN,BALANCE OF STATE (MICHIGAN),08,HEAVY FABRICATION AND ASSEMBLY,0.122000,0.107000,0.079000,0.072000,0.072000,0.095000
21,MICHIGAN,BALANCE OF STATE (MICHIGAN),08,HIGHWAY,0.114000,0.102000,0.074000,0.069000,0.069000,0.092000
21,MICHIGAN,BALANCE OF STATE (MICHIGAN),08,LIGHT FABRICATION AND ASSEMBLY,0.380000,0.342667,0.246000,0.229000,0.229000,0.304000
21,MICHIGAN,BALANCE OF STATE (MICHIGAN),08,PERMANENT DWELLING (MULTI FAMILY HOUSING),0.237429,0.213714,0.153857,0.141286,0.141286,0.189786
21,MICHIGAN,BALANCE OF STATE (MICHIGAN),08,PERMANENT DWELLING (SINGLE FAMILY HOUSING),0.105000,0.095000,0.069000,0.062000,0.062000,0.085000
21,MICHIGAN,BALANCE OF STATE (MICHIGAN),08,PERSONAL AND REPAIR SERVICES,0.153111,0.138333,0.099556,0.091667,0.091667,0.122444
21,MICHIGAN,BALANCE OF STATE (MICHIGAN),08,PETROLEUM,0.075500,0.068000,0.049500,0.046000,0.046000,0.059500
21,MICHIGAN,BALANCE OF STATE (MICHIGAN),08,"PROFESSIONAL, TECHNICAL AND BUSINESS SERVICES",0.101000,0.090000,0.066000,0.061000,0.061000,0.080000
21,MICHIGAN,BALANCE OF STATE (MICHIGAN),08,RELIGION AND NONPROFIT,0.111800,0.100600,0.072000,0.067400,0.067400,0.089600
21,MICHIGAN,BALANCE OF STATE (MICHIGAN),08,RESTAURANTS,0.098500,0.087500,0.063000,0.059500,0.059500,0.079000
21,MICHIGAN,BALANCE OF STATE (MICHIGAN),08,RETAIL TRADE,0.141947,0.128000,0.092684,0.085632,0.085632,0.114000
21,MICHIGAN,BALANCE OF STATE (MICHIGAN),08,SANITARY SEWER,0.245000,0.220000,0.160000,0.149000,0.149000,0.197000
21,MICHIGAN,BALANCE OF STATE (MICHIGAN),08,TEMPORARY LODGING,0.181750,0.163500,0.117750,0.109500,0.109500,0.145250
21,MICHIGAN,BALANCE OF STATE (MICHIGAN),08,WHOLESALE TRADE,0.099400,0.089000,0.064800,0.060400,0.060400,0.079400
22,MINNESOTA,MINNEAPOLIS,01,AGRICULTURE,0.212000,0.192000,0.136000,0.128000,0.128000,0.172000
22,MINNESOTA,MINNEAPOLIS,01,AIR,0.142000,0.128000,0.092000,0.088000,0.088000,0.118000
22,MINNESOTA,MINNEAPOLIS,01,CASINOS,0.533000,0.477000,0.347000,0.320000,0.320000,0.428000
22,MINNESOTA,MINNEAPOLIS,01,CONSTRUCTION,0.216000,0.194000,0.140000,0.130000,0.130000,0.172000
22,MINNESOTA,MINNEAPOLIS,01,EDUCATION,0.098000,0.088000,0.060000,0.060000,0.060000,0.082000
22,MINNESOTA,MINNEAPOLIS,01,EMERGENCY RESPONSE SERVICES,0.138000,0.122000,0.090000,0.088000,0.088000,0.112000
22,MINNESOTA,MINNEAPOLIS,01,ENTERTAINMENT AND RECREATION,0.339636,0.304364,0.221273,0.204000,0.204000,0.270182
22,MINNESOTA,MINNEAPOLIS,01,FOOD AND DRUGS PROCESSING,0.567333,0.511333,0.370000,0.338000,0.338000,0.452667
22,MINNESOTA,MINNEAPOLIS,01,GASOLINE SERVICE STATIONS,0.268000,0.244000,0.172000,0.162000,0.162000,0.216000
22,MINNESOTA,MINNEAPOLIS,01,GENERAL SERVICES,0.136000,0.124000,0.093000,0.085000,0.085000,0.109000
22,MINNESOTA,MINNEAPOLIS,01,GROUP INSTITUTIONAL HOUSING,0.181200,0.160000,0.116400,0.108000,0.108000,0.144000
22,MINNESOTA,MINNEAPOLIS,01,HEALTH CARE SERVICE,0.200000,0.180000,0.130000,0.120000,0.120000,0.160000
22,MINNESOTA,MINNEAPOLIS,01,HEAVY FABRICATION AND ASSEMBLY,0.222000,0.196000,0.144000,0.132000,0.132000,0.176000
22,MINNESOTA,MINNEAPOLIS,01,HIGHWAY,0.208000,0.188000,0.132000,0.126000,0.126000,0.164000
22,MINNESOTA,MINNEAPOLIS,01,LIGHT FABRICATION AND ASSEMBLY,0.456000,0.412667,0.296667,0.276000,0.276000,0.368000
22,MINNESOTA,MINNEAPOLIS,01,PERMANENT DWELLING (MULTI FAMILY HOUSING),0.217857,0.195429,0.142000,0.130000,0.130000,0.174000
22,MINNESOTA,MINNEAPOLIS,01,PERMANENT DWELLING (SINGLE FAMILY HOUSING),0.106000,0.090000,0.070000,0.064000,0.064000,0.084000
22,MINNESOTA,MINNEAPOLIS,01,PERSONAL AND REPAIR SERVICES,0.251333,0.225778,0.162667,0.150444,0.150444,0.200000
22,MINNESOTA,MINNEAPOLIS,01,PETROLEUM,0.137000,0.123000,0.089000,0.083000,0.083000,0.106000
22,MINNESOTA,MINNEAPOLIS,01,"PROFESSIONAL, TECHNICAL AND BUSINESS SERVICES",0.076000,0.070000,0.048000,0.048000,0.048000,0.064000
22,MINNESOTA,MINNEAPOLIS,01,RELIGION AND NONPROFIT,0.133600,0.123600,0.090400,0.081200,0.081200,0.110000
22,MINNESOTA,MINNEAPOLIS,01,RESTAURANTS,0.412000,0.372000,0.267000,0.249000,0.249000,0.329000
22,MINNESOTA,MINNEAPOLIS,01,RETAIL TRADE,0.266632,0.240316,0.173053,0.160105,0.160105,0.213895
22,MINNESOTA,MINNEAPOLIS,01,SANITARY SEWER,0.446000,0.404000,0.290000,0.268000,0.268000,0.358000
22,MINNESOTA,MINNEAPOLIS,01,TEMPORARY LODGING,0.086000,0.076500,0.054500,0.051500,0.051500,0.068000
22,MINNESOTA,MINNEAPOLIS,01,WHOLESALE TRADE,0.180400,0.161600,0.116400,0.107600,0.107600,0.142800
22,MINNESOTA,SAINT PAUL,02,AGRICULTURE,0.210000,0.192000,0.136000,0.128000,0.128000,0.172000
22,MINNESOTA,SAINT PAUL,02,AIR,0.142000,0.128000,0.092000,0.088000,0.088000,0.118000
22,MINNESOTA,SAINT PAUL,02,CASINOS,0.532000,0.477000,0.347000,0.320000,0.320000,0.428000
22,MINNESOTA,SAINT PAUL,02,CONSTRUCTION,0.216000,0.194000,0.140000,0.130000,0.130000,0.172000
22,MINNESOTA,SAINT PAUL,02,EDUCATION,0.098000,0.088000,0.060000,0.058000,0.058000,0.082000
22,MINNESOTA,SAINT PAUL,02,EMERGENCY RESPONSE SERVICES,0.138000,0.122000,0.090000,0.086000,0.086000,0.112000
22,MINNESOTA,SAINT PAUL,02,ENTERTAINMENT AND RECREATION,0.338909,0.304182,0.221091,0.203273,0.203273,0.269636
22,MINNESOTA,SAINT PAUL,02,FOOD AND DRUGS PROCESSING,0.566000,0.511333,0.368667,0.337333,0.337333,0.452667
22,MINNESOTA,SAINT PAUL,02,GASOLINE SERVICE STATIONS,0.266000,0.244000,0.172000,0.162000,0.162000,0.216000
22,MINNESOTA,SAINT PAUL,02,GENERAL SERVICES,0.136000,0.124000,0.093000,0.084000,0.084000,0.109000
22,MINNESOTA,SAINT PAUL,02,GROUP INSTITUTIONAL HOUSING,0.180800,0.160000,0.116400,0.108000,0.108000,0.144000
22,MINNESOTA,SAINT PAUL,02,HEALTH CARE SERVICE,0.200000,0.180000,0.130000,0.120000,0.120000,0.160000
22,MINNESOTA,SAINT PAUL,02,HEAVY FABRICATION AND ASSEMBLY,0.222000,0.196000,0.142000,0.132000,0.132000,0.176000
22,MINNESOTA,SAINT PAUL,02,HIGHWAY,0.208000,0.188000,0.132000,0.126000,0.126000,0.164000
22,MINNESOTA,SAINT PAUL,02,LIGHT FABRICATION AND ASSEMBLY,0.456000,0.412667,0.296667,0.275333,0.275333,0.368000
22,MINNESOTA,SAINT PAUL,02,PERMANENT DWELLING (MULTI FAMILY HOUSING),0.217857,0.195429,0.142000,0.130000,0.130000,0.174000
22,MINNESOTA,SAINT PAUL,02,PERMANENT DWELLING (SINGLE FAMILY HOUSING),0.106000,0.090000,0.070000,0.064000,0.064000,0.084000
22,MINNESOTA,SAINT PAUL,02,PERSONAL AND REPAIR SERVICES,0.250444,0.225333,0.162667,0.149778,0.149778,0.199778
22,MINNESOTA,SAINT PAUL,02,PETROLEUM,0.137000,0.123000,0.089000,0.083000,0.083000,0.106000
22,MINNESOTA,SAINT PAUL,02,"PROFESSIONAL, TECHNICAL AND BUSINESS SERVICES",0.076000,0.070000,0.048000,0.048000,0.048000,0.064000
22,MINNESOTA,SAINT PAUL,02,RELIGION AND NONPROFIT,0.133600,0.123600,0.090000,0.081200,0.081200,0.110000
22,MINNESOTA,SAINT PAUL,02,RESTAURANTS,0.411000,0.371000,0.267000,0.248000,0.248000,0.329000
22,MINNESOTA,SAINT PAUL,02,RETAIL TRADE,0.266105,0.240211,0.172842,0.159789,0.159789,0.213684
22,MINNESOTA,SAINT PAUL,02,SANITARY SEWER,0.446000,0.404000,0.290000,0.268000,0.268000,0.356000
22,MINNESOTA,SAINT PAUL,02,TEMPORARY LODGING,0.085500,0.076500,0.054500,0.051500,0.051500,0.068000
22,MINNESOTA,SAINT PAUL,02,WHOLESALE TRADE,0.179600,0.161200,0.116400,0.107600,0.107600,0.142800
22,MINNESOTA,BALANCE OF STATE (MINNESOTA),08,AGRICULTURE,0.286000,0.260000,0.184000,0.174000,0.174000,0.234000
22,MINNESOTA,BALANCE OF STATE (MINNESOTA),08,AIR,0.192000,0.174000,0.126000,0.120000,0.120000,0.160000
22,MINNESOTA,BALANCE OF STATE (MINNESOTA),08,CASINOS,0.722000,0.647000,0.470000,0.434000,0.434000,0.580000
22,MINNESOTA,BALANCE OF STATE (MINNESOTA),08,CONSTRUCTION,0.294000,0.264000,0.190000,0.176000,0.176000,0.234000
22,MINNESOTA,BALANCE OF STATE (MINNESOTA),08,EDUCATION,0.134000,0.120000,0.082000,0.080000,0.080000,0.110000
22,MINNESOTA,BALANCE OF STATE (MINNESOTA),08,EMERGENCY RESPONSE SERVICES,0.188000,0.166000,0.122000,0.118000,0.118000,0.152000
22,MINNESOTA,BALANCE OF STATE (MINNESOTA),08,ENTERTAINMENT AND RECREATION,0.459818,0.412727,0.299818,0.275818,0.275818,0.366182
22,MINNESOTA,BALANCE OF STATE (MINNESOTA),08,FOOD AND DRUGS PROCESSING,0.768667,0.693333,0.501333,0.458000,0.458000,0.613333
22,MINNESOTA,BALANCE OF STATE (MINNESOTA),08,GASOLINE SERVICE STATIONS,0.362000,0.330000,0.234000,0.220000,0.220000,0.292000
22,MINNESOTA,BALANCE OF STATE (MINNESOTA),08,GENERAL SERVICES,0.184000,0.168000,0.126000,0.115000,0.115000,0.148000
22,MINNESOTA,BALANCE OF STATE (MINNESOTA),08,GROUP INSTITUTIONAL HOUSING,0.246000,0.217200,0.157200,0.146400,0.146400,0.194800
22,MINNESOTA,BALANCE OF STATE (MINNESOTA),08,HEALTH CARE SERVICE,0.272000,0.244000,0.176000,0.162000,0.162000,0.218000
22,MINNESOTA,BALANCE OF STATE (MINNESOTA),08,HEAVY FABRICATION AND ASSEMBLY,0.300000,0.266000,0.194000,0.178000,0.178000,0.238000
22,MINNESOTA,BALANCE OF STATE (MINNESOTA),08,HIGHWAY,0.282000,0.256000,0.180000,0.172000,0.172000,0.222000
22,MINNESOTA,BALANCE OF STATE (MINNESOTA),08,LIGHT FABRICATION AND ASSEMBLY,0.618000,0.559333,0.402667,0.374000,0.374000,0.498667
22,MINNESOTA,BALANCE OF STATE (MINNESOTA),08,PERMANENT DWELLING (MULTI FAMILY HOUSING),0.295286,0.264714,0.192143,0.176286,0.176286,0.235714
22,MINNESOTA,BALANCE OF STATE (MINNESOTA),08,PERMANENT DWELLING (SINGLE FAMILY HOUSING),0.144000,0.122000,0.094000,0.088000,0.088000,0.114000
22,MINNESOTA,BALANCE OF STATE (MINNESOTA),08,PERSONAL AND REPAIR SERVICES,0.340444,0.305556,0.220222,0.203778,0.203778,0.270889
22,MINNESOTA,BALANCE OF STATE (MINNESOTA),08,PETROLEUM,0.185000,0.167000,0.121000,0.112000,0.112000,0.143000
22,MINNESOTA,BALANCE OF STATE (MINNESOTA),08,"PROFESSIONAL, TECHNICAL AND BUSINESS SERVICES",0.104000,0.096000,0.066000,0.064000,0.064000,0.088000
22,MINNESOTA,BALANCE OF STATE (MINNESOTA),08,RELIGION AND NONPROFIT,0.181600,0.168000,0.122000,0.109600,0.109600,0.148800
22,MINNESOTA,BALANCE OF STATE (MINNESOTA),08,RESTAURANTS,0.558000,0.504000,0.362000,0.337000,0.337000,0.446000
22,MINNESOTA,BALANCE OF STATE (MINNESOTA),08,RETAIL TRADE,0.361158,0.325789,0.234421,0.217053,0.217053,0.290105
22,MINNESOTA,BALANCE OF STATE (MINNESOTA),08,SANITARY SEWER,0.604000,0.548000,0.394000,0.364000,0.364000,0.484000
22,MINNESOTA,BALANCE OF STATE (MINNESOTA),08,TEMPORARY LODGING,0.116500,0.103500,0.074000,0.070000,0.070000,0.092500
22,MINNESOTA,BALANCE OF STATE (MINNESOTA),08,WHOLESALE TRADE,0.244000,0.218800,0.157600,0.146000,0.146000,0.193200
24,MISSOURI,KANSAS CITY,01,AGRICULTURE,0.181000,0.164000,0.117000,0.112000,0.112000,0.144000
24,MISSOURI,KANSAS CITY,01,AIR,0.113000,0.102000,0.074000,0.066000,0.066000,0.090000
24,MISSOURI,KANSAS CITY,01,CASINOS,0.465500,0.417500,0.303500,0.279500,0.279500,0.372500
24,MISSOURI,KANSAS CITY,01,CONSTRUCTION,0.104000,0.094000,0.068000,0.061000,0.061000,0.083000
24,MISSOURI,KANSAS CITY,01,EDUCATION,0.113000,0.103000,0.074000,0.069000,0.069000,0.092000
24,MISSOURI,KANSAS CITY,01,EMERGENCY RESPONSE SERVICES,0.088000,0.079000,0.058000,0.051000,0.051000,0.071000
24,MISSOURI,KANSAS CITY,01,ENTERTAINMENT AND RECREATION,0.295818,0.265636,0.192273,0.177273,0.177273,0.237364
24,MISSOURI,KANSAS CITY,01,FOOD AND DRUGS PROCESSING,0.233333,0.211333,0.151667,0.139333,0.139333,0.187000
24,MISSOURI,KANSAS CITY,01,GASOLINE SERVICE STATIONS,0.212000,0.191000,0.137000,0.127000,0.127000,0.168000
24,MISSOURI,KANSAS CITY,01,GENERAL SERVICES,0.089500,0.080000,0.058000,0.052500,0.052500,0.071000
24,MISSOURI,KANSAS CITY,01,GROUP INSTITUTIONAL HOUSING,0.247200,0.223600,0.160000,0.147400,0.147400,0.199000
24,MISSOURI,KANSAS CITY,01,HEALTH CARE SERVICE,0.075000,0.068000,0.048000,0.044000,0.044000,0.061000
24,MISSOURI,KANSAS CITY,01,HEAVY FABRICATION AND ASSEMBLY,0.168000,0.152000,0.110000,0.103000,0.103000,0.137000
24,MISSOURI,KANSAS CITY,01,HIGHWAY,0.162000,0.147000,0.104000,0.098000,0.098000,0.129000
24,MISSOURI,KANSAS CITY,01,LIGHT FABRICATION AND ASSEMBLY,0.257667,0.233000,0.168000,0.156333,0.156333,0.208000
24,MISSOURI,KANSAS CITY,01,PERMANENT DWELLING (MULTI FAMILY HOUSING),0.410000,0.367857,0.266643,0.245143,0.245143,0.327286
24,MISSOURI,KANSAS CITY,01,PERMANENT DWELLING (SINGLE FAMILY HOUSING),0.206000,0.187000,0.134000,0.123000,0.123000,0.164000
24,MISSOURI,KANSAS CITY,01,PERSONAL AND REPAIR SERVICES,0.246778,0.222556,0.160222,0.148111,0.148111,0.197556
24,MISSOURI,KANSAS CITY,01,PETROLEUM,0.105500,0.094500,0.069000,0.064500,0.064500,0.084500
24,MISSOURI,KANSAS CITY,01,"PROFESSIONAL, TECHNICAL AND BUSINESS SERVICES",0.138000,0.123000,0.090000,0.084000,0.084000,0.110000
24,MISSOURI,KANSAS CITY,01,RELIGION AND NONPROFIT,0.219800,0.197000,0.142800,0.133200,0.133200,0.175000
24,MISSOURI,KANSAS CITY,01,RESTAURANTS,0.335500,0.302000,0.218000,0.203000,0.203000,0.268500
24,MISSOURI,KANSAS CITY,01,RETAIL TRADE,0.224895,0.202421,0.146474,0.135737,0.135737,0.180105
24,MISSOURI,KANSAS CITY,01,SANITARY SEWER,0.349000,0.312000,0.226000,0.209000,0.209000,0.278000
24,MISSOURI,KANSAS CITY,01,TEMPORARY LODGING,0.159500,0.143750,0.104000,0.095500,0.095500,0.128500
24,MISSOURI,KANSAS CITY,01,WHOLESALE TRADE,0.139800,0.125400,0.091200,0.084600,0.084600,0.111400
24,MISSOURI,SAINT LOUIS CITY,02,AGRICULTURE,0.211000,0.192000,0.136000,0.130000,0.130000,0.168000
24,MISSOURI,SAINT LOUIS CITY,02,AIR,0.132000,0.119000,0.086000,0.078000,0.078000,0.105000
24,MISSOURI,SAINT LOUIS CITY,02,CASINOS,0.543000,0.487500,0.354500,0.326500,0.326500,0.435000
24,MISSOURI,SAINT LOUIS CITY,02,CONSTRUCTION,0.122000,0.110000,0.079000,0.072000,0.072000,0.097000
24,MISSOURI,SAINT LOUIS CITY,02,EDUCATION,0.132000,0.120000,0.086000,0.081000,0.081000,0.107000
24,MISSOURI,SAINT LOUIS CITY,02,EMERGENCY RESPONSE SERVICES,0.102000,0.092000,0.067000,0.060000,0.060000,0.083000
24,MISSOURI,SAINT LOUIS CITY,02,ENTERTAINMENT AND RECREATION,0.345273,0.309909,0.224273,0.207000,0.207000,0.277000
24,MISSOURI,SAINT LOUIS CITY,02,FOOD AND DRUGS PROCESSING,0.272333,0.247000,0.176667,0.163000,0.163000,0.218000
24,MISSOURI,SAINT LOUIS CITY,02,GASOLINE SERVICE STATIONS,0.247000,0.223000,0.160000,0.148000,0.148000,0.196000
24,MISSOURI,SAINT LOUIS CITY,02,GENERAL SERVICES,0.104000,0.093000,0.068000,0.061500,0.061500,0.083000
24,MISSOURI,SAINT LOUIS CITY,02,GROUP INSTITUTIONAL HOUSING,0.288600,0.260800,0.186800,0.172000,0.172000,0.232400
24,MISSOURI,SAINT LOUIS CITY,02,HEALTH CARE SERVICE,0.088000,0.079000,0.056000,0.051000,0.051000,0.072000
24,MISSOURI,SAINT LOUIS CITY,02,HEAVY FABRICATION AND ASSEMBLY,0.196000,0.177000,0.129000,0.120000,0.120000,0.160000
24,MISSOURI,SAINT LOUIS CITY,02,HIGHWAY,0.189000,0.171000,0.122000,0.114000,0.114000,0.151000
24,MISSOURI,SAINT LOUIS CITY,02,LIGHT FABRICATION AND ASSEMBLY,0.300667,0.272333,0.196333,0.182667,0.182667,0.243333
24,MISSOURI,SAINT LOUIS CITY,02,PERMANENT DWELLING (MULTI FAMILY HOUSING),0.478500,0.429500,0.311071,0.286143,0.286143,0.382286
24,MISSOURI,SAINT LOUIS CITY,02,PERMANENT DWELLING (SINGLE FAMILY HOUSING),0.240000,0.218000,0.157000,0.143000,0.143000,0.192000
24,MISSOURI,SAINT LOUIS CITY,02,PERSONAL AND REPAIR SERVICES,0.288111,0.259556,0.187111,0.172889,0.172889,0.230556
24,MISSOURI,SAINT LOUIS CITY,02,PETROLEUM,0.123000,0.110500,0.080500,0.075500,0.075500,0.098000
24,MISSOURI,SAINT LOUIS CITY,02,"PROFESSIONAL, TECHNICAL AND BUSINESS SERVICES",0.161000,0.143000,0.105000,0.098000,0.098000,0.129000
24,MISSOURI,SAINT LOUIS CITY,02,RELIGION AND NONPROFIT,0.256600,0.230000,0.166800,0.155800,0.155800,0.204400
24,MISSOURI,SAINT LOUIS CITY,02,RESTAURANTS,0.391500,0.353000,0.254500,0.237000,0.237000,0.313500
24,MISSOURI,SAINT LOUIS CITY,02,RETAIL TRADE,0.262474,0.236526,0.170947,0.158368,0.158368,0.210316
24,MISSOURI,SAINT LOUIS CITY,02,SANITARY SEWER,0.407000,0.365000,0.264000,0.244000,0.244000,0.325000
24,MISSOURI,SAINT LOUIS CITY,02,TEMPORARY LODGING,0.186250,0.167750,0.121500,0.111750,0.111750,0.150000
24,MISSOURI,SAINT LOUIS CITY,02,WHOLESALE TRADE,0.163000,0.146600,0.106400,0.098800,0.098800,0.129600
24,MISSOURI,BALANCE OF STATE (MISSOURI),08,AGRICULTURE,0.144000,0.131000,0.093000,0.089000,0.089000,0.115000
24,MISSOURI,BALANCE OF STATE (MISSOURI),08,AIR,0.090000,0.081000,0.059000,0.053000,0.053000,0.072000
24,MISSOURI,BALANCE OF STATE (MISSOURI),08,CASINOS,0.371000,0.333000,0.242000,0.223000,0.223000,0.297000
24,MISSOURI,BALANCE OF STATE (MISSOURI),08,CONSTRUCTION,0.083000,0.075000,0.054000,0.049000,0.049000,0.066000
24,MISSOURI,BALANCE OF STATE (MISSOURI),08,EDUCATION,0.090000,0.082000,0.059000,0.055000,0.055000,0.073000
24,MISSOURI,BALANCE OF STATE (MISSOURI),08,EMERGENCY RESPONSE SERVICES,0.070000,0.063000,0.046000,0.041000,0.041000,0.057000
24,MISSOURI,BALANCE OF STATE (MISSOURI),08,ENTERTAINMENT AND RECREATION,0.235818,0.211818,0.153273,0.141364,0.141364,0.189364
24,MISSOURI,BALANCE OF STATE (MISSOURI),08,FOOD AND DRUGS PROCESSING,0.186000,0.168667,0.120667,0.111333,0.111333,0.149000
24,MISSOURI,BALANCE OF STATE (MISSOURI),08,GASOLINE SERVICE STATIONS,0.169000,0.152000,0.109000,0.101000,0.101000,0.134000
24,MISSOURI,BALANCE OF STATE (MISSOURI),08,GENERAL SERVICES,0.071000,0.063500,0.046500,0.042000,0.042000,0.056500
24,MISSOURI,BALANCE OF STATE (MISSOURI),08,GROUP INSTITUTIONAL HOUSING,0.197200,0.178400,0.127400,0.117600,0.117600,0.158800
24,MISSOURI,BALANCE OF STATE (MISSOURI),08,HEALTH CARE SERVICE,0.060000,0.054000,0.038000,0.035000,0.035000,0.049000
24,MISSOURI,BALANCE OF STATE (MISSOURI),08,HEAVY FABRICATION AND ASSEMBLY,0.134000,0.121000,0.088000,0.082000,0.082000,0.109000
24,MISSOURI,BALANCE OF STATE (MISSOURI),08,HIGHWAY,0.129000,0.117000,0.083000,0.078000,0.078000,0.103000
24,MISSOURI,BALANCE OF STATE (MISSOURI),08,LIGHT FABRICATION AND ASSEMBLY,0.205333,0.186000,0.134000,0.124667,0.124667,0.166000
24,MISSOURI,BALANCE OF STATE (MISSOURI),08,PERMANENT DWELLING (MULTI FAMILY HOUSING),0.326857,0.293429,0.212429,0.195500,0.195500,0.261071
24,MISSOURI,BALANCE OF STATE (MISSOURI),08,PERMANENT DWELLING (SINGLE FAMILY HOUSING),0.164000,0.149000,0.107000,0.098000,0.098000,0.131000
24,MISSOURI,BALANCE OF STATE (MISSOURI),08,PERSONAL AND REPAIR SERVICES,0.196778,0.177333,0.127778,0.118111,0.118111,0.157556
24,MISSOURI,BALANCE OF STATE (MISSOURI),08,PETROLEUM,0.084000,0.075500,0.055000,0.051500,0.051500,0.067000
24,MISSOURI,BALANCE OF STATE (MISSOURI),08,"PROFESSIONAL, TECHNICAL AND BUSINESS SERVICES",0.110000,0.098000,0.072000,0.067000,0.067000,0.088000
24,MISSOURI,BALANCE OF STATE (MISSOURI),08,RELIGION AND NONPROFIT,0.175200,0.157200,0.113800,0.106400,0.106400,0.139600
24,MISSOURI,BALANCE OF STATE (MISSOURI),08,RESTAURANTS,0.267500,0.241000,0.174000,0.162000,0.162000,0.214000
24,MISSOURI,BALANCE OF STATE (MISSOURI),08,RETAIL TRADE,0.179316,0.161526,0.116737,0.108158,0.108158,0.143684
24,MISSOURI,BALANCE OF STATE (MISSOURI),08,SANITARY SEWER,0.278000,0.249000,0.180000,0.167000,0.167000,0.222000
24,MISSOURI,BALANCE OF STATE (MISSOURI),08,TEMPORARY LODGING,0.127250,0.114750,0.083000,0.076250,0.076250,0.102500
24,MISSOURI,BALANCE OF STATE (MISSOURI),08,WHOLESALE TRADE,0.111400,0.100000,0.072800,0.067400,0.067400,0.088600
25,MONTANA,ENTIRE STATE (MONTANA),09,AGRICULTURE,0.384000,0.344000,0.246000,0.228000,0.228000,0.304000
25,MONTANA,ENTIRE STATE (MONTANA),09,AIR,0.186000,0.172000,0.124000,0.116000,0.116000,0.152000
25,MONTANA,ENTIRE STATE (MONTANA),09,CASINOS,0.538000,0.482000,0.349000,0.321000,0.321000,0.430000
25,MONTANA,ENTIRE STATE (MONTANA),09,CONSTRUCTION,0.102000,0.094000,0.062000,0.058000,0.058000,0.080000
25,MONTANA,ENTIRE STATE (MONTANA),09,EDUCATION,0.126000,0.108000,0.078000,0.072000,0.072000,0.096000
25,MONTANA,ENTIRE STATE (MONTANA),09,EMERGENCY RESPONSE SERVICES,0.146000,0.130000,0.094000,0.086000,0.086000,0.116000
25,MONTANA,ENTIRE STATE (MONTANA),09,ENTERTAINMENT AND RECREATION,0.342545,0.308364,0.222364,0.204545,0.204545,0.272545
25,MONTANA,ENTIRE STATE (MONTANA),09,FOOD AND DRUGS PROCESSING,0.800000,0.720000,0.522000,0.479333,0.479333,0.640667
25,MONTANA,ENTIRE STATE (MONTANA),09,GASOLINE SERVICE STATIONS,0.356000,0.318000,0.228000,0.216000,0.216000,0.284000
25,MONTANA,ENTIRE STATE (MONTANA),09,GENERAL SERVICES,0.145000,0.131000,0.094000,0.087000,0.087000,0.117000
25,MONTANA,ENTIRE STATE (MONTANA),09,GROUP INSTITUTIONAL HOUSING,0.189600,0.172400,0.123600,0.114800,0.114800,0.153200
25,MONTANA,ENTIRE STATE (MONTANA),09,HEALTH CARE SERVICE,0.112000,0.102000,0.072000,0.070000,0.070000,0.094000
25,MONTANA,ENTIRE STATE (MONTANA),09,HEAVY FABRICATION AND ASSEMBLY,0.492000,0.444000,0.322000,0.298000,0.298000,0.398000
25,MONTANA,ENTIRE STATE (MONTANA),09,HIGHWAY,0.470000,0.422000,0.306000,0.284000,0.284000,0.374000
25,MONTANA,ENTIRE STATE (MONTANA),09,LIGHT FABRICATION AND ASSEMBLY,0.782667,0.705333,0.508000,0.471333,0.471333,0.629333
25,MONTANA,ENTIRE STATE (MONTANA),09,PERMANENT DWELLING (MULTI FAMILY HOUSING),0.321857,0.291286,0.209571,0.194000,0.194000,0.257714
25,MONTANA,ENTIRE STATE (MONTANA),09,PERMANENT DWELLING (SINGLE FAMILY HOUSING),0.132000,0.122000,0.090000,0.080000,0.080000,0.106000
25,MONTANA,ENTIRE STATE (MONTANA),09,PERSONAL AND REPAIR SERVICES,0.493556,0.445111,0.321111,0.295778,0.295778,0.394889
25,MONTANA,ENTIRE STATE (MONTANA),09,PETROLEUM,0.308000,0.278000,0.201000,0.184000,0.184000,0.249000
25,MONTANA,ENTIRE STATE (MONTANA),09,"PROFESSIONAL, TECHNICAL AND BUSINESS SERVICES",0.208000,0.186000,0.134000,0.126000,0.126000,0.168000
25,MONTANA,ENTIRE STATE (MONTANA),09,RELIGION AND NONPROFIT,0.180000,0.160000,0.116400,0.110400,0.110400,0.143200
25,MONTANA,ENTIRE STATE (MONTANA),09,RESTAURANTS,0.409000,0.371000,0.266000,0.247000,0.247000,0.330000
25,MONTANA,ENTIRE STATE (MONTANA),09,RETAIL TRADE,0.448316,0.403158,0.290526,0.268526,0.268526,0.358211
25,MONTANA,ENTIRE STATE (MONTANA),09,SANITARY SEWER,1.016000,0.912000,0.660000,0.610000,0.610000,0.814000
25,MONTANA,ENTIRE STATE (MONTANA),09,TEMPORARY LODGING,0.223000,0.200000,0.144000,0.133000,0.133000,0.178500
25,MONTANA,ENTIRE STATE (MONTANA),09,WHOLESALE TRADE,0.408400,0.367200,0.267200,0.246400,0.246400,0.326000
26,NEBRASKA,OMAHA,01,AGRICULTURE,0.112000,0.101000,0.072000,0.068000,0.068000,0.093000
26,NEBRASKA,OMAHA,01,AIR,0.048000,0.042000,0.030000,0.027000,0.027000,0.039000
26,NEBRASKA,OMAHA,01,CASINOS,0.149500,0.133500,0.097500,0.089000,0.089000,0.120000
26,NEBRASKA,OMAHA,01,CONSTRUCTION,0.051000,0.047000,0.034000,0.031000,0.031000,0.043000
26,NEBRASKA,OMAHA,01,EDUCATION,0.063000,0.059000,0.040000,0.039000,0.039000,0.051000
26,NEBRASKA,OMAHA,01,EMERGENCY RESPONSE SERVICES,0.041000,0.036000,0.024000,0.023000,0.023000,0.032000
26,NEBRASKA,OMAHA,01,ENTERTAINMENT AND RECREATION,0.094545,0.085455,0.062364,0.057455,0.057455,0.076000
26,NEBRASKA,OMAHA,01,FOOD AND DRUGS PROCESSING,0.125667,0.113667,0.082000,0.075333,0.075333,0.099667
26,NEBRASKA,OMAHA,01,GASOLINE SERVICE STATIONS,0.087000,0.078000,0.055000,0.054000,0.054000,0.069000
26,NEBRASKA,OMAHA,01,GENERAL SERVICES,0.041000,0.036500,0.024500,0.023000,0.023000,0.032000
26,NEBRASKA,OMAHA,01,GROUP INSTITUTIONAL HOUSING,0.089600,0.079800,0.058800,0.054000,0.054000,0.073000
26,NEBRASKA,OMAHA,01,HEALTH CARE SERVICE,0.096000,0.083000,0.059000,0.057000,0.057000,0.075000
26,NEBRASKA,OMAHA,01,HEAVY FABRICATION AND ASSEMBLY,0.101000,0.089000,0.065000,0.059000,0.059000,0.080000
26,NEBRASKA,OMAHA,01,HIGHWAY,0.094000,0.086000,0.060000,0.057000,0.057000,0.074000
26,NEBRASKA,OMAHA,01,LIGHT FABRICATION AND ASSEMBLY,0.107000,0.095667,0.069667,0.064333,0.064333,0.087000
26,NEBRASKA,OMAHA,01,PERMANENT DWELLING (MULTI FAMILY HOUSING),0.228571,0.205500,0.148929,0.137286,0.137286,0.183929
26,NEBRASKA,OMAHA,01,PERMANENT DWELLING (SINGLE FAMILY HOUSING),0.061000,0.057000,0.039000,0.037000,0.037000,0.050000
26,NEBRASKA,OMAHA,01,PERSONAL AND REPAIR SERVICES,0.092778,0.083778,0.060889,0.056222,0.056222,0.074889
26,NEBRASKA,OMAHA,01,PETROLEUM,0.061000,0.056000,0.041000,0.037500,0.037500,0.050000
26,NEBRASKA,OMAHA,01,"PROFESSIONAL, TECHNICAL AND BUSINESS SERVICES",0.049000,0.043000,0.031000,0.030000,0.030000,0.038000
26,NEBRASKA,OMAHA,01,RELIGION AND NONPROFIT,0.073400,0.066200,0.047400,0.044400,0.044400,0.058200
26,NEBRASKA,OMAHA,01,RESTAURANTS,0.143500,0.130000,0.093000,0.086000,0.086000,0.116000
26,NEBRASKA,OMAHA,01,RETAIL TRADE,0.133684,0.119947,0.086947,0.080158,0.080158,0.107211
26,NEBRASKA,OMAHA,01,SANITARY SEWER,0.204000,0.182000,0.133000,0.122000,0.122000,0.164000
26,NEBRASKA,OMAHA,01,TEMPORARY LODGING,0.096500,0.086750,0.063250,0.058000,0.058000,0.077000
26,NEBRASKA,OMAHA,01,WHOLESALE TRADE,0.081400,0.073600,0.053800,0.050000,0.050000,0.065400
26,NEBRASKA,BALANCE OF STATE (NEBRASKA),08,AGRICULTURE,0.113000,0.102000,0.073000,0.069000,0.069000,0.094000
26,NEBRASKA,BALANCE OF STATE (NEBRASKA),08,AIR,0.048000,0.042000,0.030000,0.027000,0.027000,0.039000
26,NEBRASKA,BALANCE OF STATE (NEBRASKA),08,CASINOS,0.151000,0.135000,0.098000,0.089500,0.089500,0.121500
26,NEBRASKA,BALANCE OF STATE (NEBRASKA),08,CONSTRUCTION,0.051000,0.047000,0.034000,0.031000,0.031000,0.043000
26,NEBRASKA,BALANCE OF STATE (NEBRASKA),08,EDUCATION,0.064000,0.060000,0.040000,0.039000,0.039000,0.051000
26,NEBRASKA,BALANCE OF STATE (NEBRASKA),08,EMERGENCY RESPONSE SERVICES,0.041000,0.036000,0.024000,0.023000,0.023000,0.032000
26,NEBRASKA,BALANCE OF STATE (NEBRASKA),08,ENTERTAINMENT AND RECREATION,0.095636,0.086455,0.062727,0.057818,0.057818,0.076818
26,NEBRASKA,BALANCE OF STATE (NEBRASKA),08,FOOD AND DRUGS PROCESSING,0.127000,0.115000,0.082667,0.076000,0.076000,0.100667
26,NEBRASKA,BALANCE OF STATE (NEBRASKA),08,GASOLINE SERVICE STATIONS,0.088000,0.079000,0.056000,0.054000,0.054000,0.070000
26,NEBRASKA,BALANCE OF STATE (NEBRASKA),08,GENERAL SERVICES,0.041000,0.036500,0.024500,0.023000,0.023000,0.032000
26,NEBRASKA,BALANCE OF STATE (NEBRASKA),08,GROUP INSTITUTIONAL HOUSING,0.090400,0.080600,0.059600,0.054800,0.054800,0.073800
26,NEBRASKA,BALANCE OF STATE (NEBRASKA),08,HEALTH CARE SERVICE,0.097000,0.084000,0.060000,0.058000,0.058000,0.076000
26,NEBRASKA,BALANCE OF STATE (NEBRASKA),08,HEAVY FABRICATION AND ASSEMBLY,0.102000,0.090000,0.066000,0.060000,0.060000,0.081000
26,NEBRASKA,BALANCE OF STATE (NEBRASKA),08,HIGHWAY,0.095000,0.087000,0.061000,0.058000,0.058000,0.075000
26,NEBRASKA,BALANCE OF STATE (NEBRASKA),08,LIGHT FABRICATION AND ASSEMBLY,0.108000,0.096667,0.070333,0.065000,0.065000,0.088000
26,NEBRASKA,BALANCE OF STATE (NEBRASKA),08,PERMANENT DWELLING (MULTI FAMILY HOUSING),0.230643,0.207357,0.150214,0.138357,0.138357,0.185643
26,NEBRASKA,BALANCE OF STATE (NEBRASKA),08,PERMANENT DWELLING (SINGLE FAMILY HOUSING),0.062000,0.058000,0.039000,0.037000,0.037000,0.050000
26,NEBRASKA,BALANCE OF STATE (NEBRASKA),08,PERSONAL AND REPAIR SERVICES,0.093778,0.084667,0.061333,0.056667,0.056667,0.075556
26,NEBRASKA,BALANCE OF STATE (NEBRASKA),08,PETROLEUM,0.062000,0.056500,0.041000,0.037500,0.037500,0.050000
26,NEBRASKA,BALANCE OF STATE (NEBRASKA),08,"PROFESSIONAL, TECHNICAL AND BUSINESS SERVICES",0.049000,0.043000,0.031000,0.030000,0.030000,0.038000
26,NEBRASKA,BALANCE OF STATE (NEBRASKA),08,RELIGION AND NONPROFIT,0.074200,0.067000,0.048000,0.045000,0.045000,0.058800
26,NEBRASKA,BALANCE OF STATE (NEBRASKA),08,RESTAURANTS,0.145000,0.131000,0.094000,0.087000,0.087000,0.117000
26,NEBRASKA,BALANCE OF STATE (NEBRASKA),08,RETAIL TRADE,0.134895,0.121053,0.087947,0.081158,0.081158,0.108263
26,NEBRASKA,BALANCE OF STATE (NEBRASKA),08,SANITARY SEWER,0.206000,0.184000,0.134000,0.123000,0.123000,0.165000
26,NEBRASKA,BALANCE OF STATE (NEBRASKA),08,TEMPORARY LODGING,0.097250,0.087500,0.064000,0.058500,0.058500,0.077750
26,NEBRASKA,BALANCE OF STATE (NEBRASKA),08,WHOLESALE TRADE,0.082400,0.074600,0.054000,0.050200,0.050200,0.066000
27,NEVADA,ENTIRE STATE (NEVADA),09,AGRICULTURE,0.077000,0.069000,0.050000,0.046000,0.046000,0.061000
27,NEVADA,ENTIRE STATE (NEVADA),09,AIR,0.028000,0.025000,0.019000,0.017000,0.017000,0.023000
27,NEVADA,ENTIRE STATE (NEVADA),09,CASINOS,0.130000,0.116500,0.085000,0.078000,0.078000,0.104500
27,NEVADA,ENTIRE STATE (NEVADA),09,CONSTRUCTION,0.018000,0.017000,0.011000,0.011000,0.011000,0.015000
27,NEVADA,ENTIRE STATE (NEVADA),09,EDUCATION,0.027000,0.025000,0.018000,0.016000,0.016000,0.021000
27,NEVADA,ENTIRE STATE (NEVADA),09,EMERGENCY RESPONSE SERVICES,0.005000,0.004000,0.003000,0.003000,0.003000,0.004000
27,NEVADA,ENTIRE STATE (NEVADA),09,ENTERTAINMENT AND RECREATION,0.082545,0.074364,0.053727,0.049636,0.049636,0.066091
27,NEVADA,ENTIRE STATE (NEVADA),09,FOOD AND DRUGS PROCESSING,0.119667,0.107000,0.077667,0.071333,0.071333,0.095667
27,NEVADA,ENTIRE STATE (NEVADA),09,GASOLINE SERVICE STATIONS,0.053000,0.048000,0.035000,0.033000,0.033000,0.042000
27,NEVADA,ENTIRE STATE (NEVADA),09,GENERAL SERVICES,0.005000,0.004000,0.003000,0.003000,0.003000,0.004000
27,NEVADA,ENTIRE STATE (NEVADA),09,GROUP INSTITUTIONAL HOUSING,0.048000,0.043600,0.031400,0.029200,0.029200,0.039200
27,NEVADA,ENTIRE STATE (NEVADA),09,HEALTH CARE SERVICE,0.030000,0.027000,0.019000,0.018000,0.018000,0.025000
27,NEVADA,ENTIRE STATE (NEVADA),09,HEAVY FABRICATION AND ASSEMBLY,0.094000,0.085000,0.061000,0.057000,0.057000,0.076000
27,NEVADA,ENTIRE STATE (NEVADA),09,HIGHWAY,0.090000,0.080000,0.058000,0.054000,0.054000,0.072000
27,NEVADA,ENTIRE STATE (NEVADA),09,LIGHT FABRICATION AND ASSEMBLY,0.237000,0.213333,0.153333,0.142333,0.142333,0.190333
27,NEVADA,ENTIRE STATE (NEVADA),09,PERMANENT DWELLING (MULTI FAMILY HOUSING),0.187000,0.168357,0.121000,0.112071,0.112071,0.149143
27,NEVADA,ENTIRE STATE (NEVADA),09,PERMANENT DWELLING (SINGLE FAMILY HOUSING),0.034000,0.031000,0.022000,0.021000,0.021000,0.027000
27,NEVADA,ENTIRE STATE (NEVADA),09,PERSONAL AND REPAIR SERVICES,0.116000,0.104444,0.075556,0.069444,0.069444,0.092889
27,NEVADA,ENTIRE STATE (NEVADA),09,PETROLEUM,0.059000,0.052500,0.038000,0.036000,0.036000,0.047000
27,NEVADA,ENTIRE STATE (NEVADA),09,"PROFESSIONAL, TECHNICAL AND BUSINESS SERVICES",0.054000,0.050000,0.036000,0.033000,0.033000,0.044000
27,NEVADA,ENTIRE STATE (NEVADA),09,RELIGION AND NONPROFIT,0.039400,0.036200,0.026600,0.023600,0.023600,0.031600
27,NEVADA,ENTIRE STATE (NEVADA),09,RESTAURANTS,0.106000,0.096000,0.069500,0.063500,0.063500,0.085000
27,NEVADA,ENTIRE STATE (NEVADA),09,RETAIL TRADE,0.092316,0.083053,0.060158,0.055474,0.055474,0.073789
27,NEVADA,ENTIRE STATE (NEVADA),09,SANITARY SEWER,0.193000,0.174000,0.126000,0.117000,0.117000,0.156000
27,NEVADA,ENTIRE STATE (NEVADA),09,TEMPORARY LODGING,0.072000,0.064750,0.046500,0.043250,0.043250,0.057250
27,NEVADA,ENTIRE STATE (NEVADA),09,WHOLESALE TRADE,0.078200,0.070200,0.050600,0.046400,0.046400,0.062200
28,NEW HAMPSHIRE,ENTIRE STATE (NEW HAMPSHIRE),09,AGRICULTURE,0.148000,0.134000,0.098000,0.092000,0.092000,0.120000
28,NEW HAMPSHIRE,ENTIRE STATE (NEW HAMPSHIRE),09,AIR,0.064000,0.058000,0.042000,0.040000,0.040000,0.052000
28,NEW HAMPSHIRE,ENTIRE STATE (NEW HAMPSHIRE),09,CASINOS,0.315000,0.285000,0.206000,0.189000,0.189000,0.253000
28,NEW HAMPSHIRE,ENTIRE STATE (NEW HAMPSHIRE),09,CONSTRUCTION,0.084000,0.078000,0.054000,0.048000,0.048000,0.068000
28,NEW HAMPSHIRE,ENTIRE STATE (NEW HAMPSHIRE),09,EDUCATION,0.104000,0.094000,0.066000,0.064000,0.064000,0.082000
28,NEW HAMPSHIRE,ENTIRE STATE (NEW HAMPSHIRE),09,EMERGENCY RESPONSE SERVICES,0.092000,0.084000,0.062000,0.054000,0.054000,0.078000
28,NEW HAMPSHIRE,ENTIRE STATE (NEW HAMPSHIRE),09,ENTERTAINMENT AND RECREATION,0.200909,0.180182,0.131091,0.121273,0.121273,0.160909
28,NEW HAMPSHIRE,ENTIRE STATE (NEW HAMPSHIRE),09,FOOD AND DRUGS PROCESSING,0.209333,0.187333,0.136667,0.124667,0.124667,0.168667
28,NEW HAMPSHIRE,ENTIRE STATE (NEW HAMPSHIRE),09,GASOLINE SERVICE STATIONS,0.122000,0.108000,0.080000,0.076000,0.076000,0.098000
28,NEW HAMPSHIRE,ENTIRE STATE (NEW HAMPSHIRE),09,GENERAL SERVICES,0.095000,0.084000,0.063000,0.055000,0.055000,0.078000
28,NEW HAMPSHIRE,ENTIRE STATE (NEW HAMPSHIRE),09,GROUP INSTITUTIONAL HOUSING,0.138400,0.125200,0.088000,0.083200,0.083200,0.110400
28,NEW HAMPSHIRE,ENTIRE STATE (NEW HAMPSHIRE),09,HEALTH CARE SERVICE,0.040000,0.036000,0.026000,0.026000,0.026000,0.034000
28,NEW HAMPSHIRE,ENTIRE STATE (NEW HAMPSHIRE),09,HEAVY FABRICATION AND ASSEMBLY,0.354000,0.320000,0.234000,0.212000,0.212000,0.288000
28,NEW HAMPSHIRE,ENTIRE STATE (NEW HAMPSHIRE),09,HIGHWAY,0.340000,0.304000,0.220000,0.202000,0.202000,0.270000
28,NEW HAMPSHIRE,ENTIRE STATE (NEW HAMPSHIRE),09,LIGHT FABRICATION AND ASSEMBLY,0.262667,0.236667,0.171333,0.158000,0.158000,0.210000
28,NEW HAMPSHIRE,ENTIRE STATE (NEW HAMPSHIRE),09,PERMANENT DWELLING (MULTI FAMILY HOUSING),0.291286,0.260000,0.188714,0.174143,0.174143,0.232714
28,NEW HAMPSHIRE,ENTIRE STATE (NEW HAMPSHIRE),09,PERMANENT DWELLING (SINGLE FAMILY HOUSING),0.110000,0.098000,0.070000,0.064000,0.064000,0.090000
28,NEW HAMPSHIRE,ENTIRE STATE (NEW HAMPSHIRE),09,PERSONAL AND REPAIR SERVICES,0.217111,0.194889,0.140889,0.130222,0.130222,0.173778
28,NEW HAMPSHIRE,ENTIRE STATE (NEW HAMPSHIRE),09,PETROLEUM,0.221000,0.201000,0.142000,0.134000,0.134000,0.179000
28,NEW HAMPSHIRE,ENTIRE STATE (NEW HAMPSHIRE),09,"PROFESSIONAL, TECHNICAL AND BUSINESS SERVICES",0.132000,0.118000,0.084000,0.082000,0.082000,0.108000
28,NEW HAMPSHIRE,ENTIRE STATE (NEW HAMPSHIRE),09,RELIGION AND NONPROFIT,0.130400,0.115600,0.082400,0.076400,0.076400,0.101600
28,NEW HAMPSHIRE,ENTIRE STATE (NEW HAMPSHIRE),09,RESTAURANTS,0.225000,0.203000,0.147000,0.135000,0.135000,0.180000
28,NEW HAMPSHIRE,ENTIRE STATE (NEW HAMPSHIRE),09,RETAIL TRADE,0.181474,0.163263,0.117895,0.109579,0.109579,0.145053
28,NEW HAMPSHIRE,ENTIRE STATE (NEW HAMPSHIRE),09,SANITARY SEWER,0.728000,0.660000,0.476000,0.438000,0.438000,0.588000
28,NEW HAMPSHIRE,ENTIRE STATE (NEW HAMPSHIRE),09,TEMPORARY LODGING,0.112500,0.102000,0.073500,0.068000,0.068000,0.090500
28,NEW HAMPSHIRE,ENTIRE STATE (NEW HAMPSHIRE),09,WHOLESALE TRADE,0.295200,0.264400,0.192400,0.176800,0.176800,0.235200
29,NEW JERSEY,JERSEY CITY,01,AGRICULTURE,0.104000,0.094000,0.066000,0.063000,0.063000,0.084000
29,NEW JERSEY,JERSEY CITY,01,AIR,0.091000,0.082000,0.061000,0.055000,0.055000,0.075000
29,NEW JERSEY,JERSEY CITY,01,CASINOS,0.367000,0.329500,0.238000,0.219500,0.219500,0.293500
29,NEW JERSEY,JERSEY CITY,01,CONSTRUCTION,0.146000,0.131000,0.094000,0.087000,0.087000,0.115000
29,NEW JERSEY,JERSEY CITY,01,EDUCATION,0.071000,0.064000,0.046000,0.044000,0.044000,0.058000
29,NEW JERSEY,JERSEY CITY,01,EMERGENCY RESPONSE SERVICES,0.056000,0.051000,0.036000,0.033000,0.033000,0.044000
29,NEW JERSEY,JERSEY CITY,01,ENTERTAINMENT AND RECREATION,0.233273,0.209364,0.151818,0.139636,0.139636,0.186727
29,NEW JERSEY,JERSEY CITY,01,FOOD AND DRUGS PROCESSING,0.270667,0.243000,0.176333,0.162000,0.162000,0.217333
29,NEW JERSEY,JERSEY CITY,01,GASOLINE SERVICE STATIONS,0.173000,0.156000,0.112000,0.105000,0.105000,0.138000
29,NEW JERSEY,JERSEY CITY,01,GENERAL SERVICES,0.057000,0.051500,0.037000,0.033000,0.033000,0.045000
29,NEW JERSEY,JERSEY CITY,01,GROUP INSTITUTIONAL HOUSING,0.102400,0.092400,0.066400,0.060600,0.060600,0.082000
29,NEW JERSEY,JERSEY CITY,01,HEALTH CARE SERVICE,0.042000,0.036000,0.027000,0.025000,0.025000,0.032000
29,NEW JERSEY,JERSEY CITY,01,HEAVY FABRICATION AND ASSEMBLY,0.294000,0.263000,0.191000,0.176000,0.176000,0.236000
29,NEW JERSEY,JERSEY CITY,01,HIGHWAY,0.280000,0.253000,0.181000,0.167000,0.167000,0.225000
29,NEW JERSEY,JERSEY CITY,01,LIGHT FABRICATION AND ASSEMBLY,0.511333,0.462333,0.334000,0.310333,0.310333,0.411667
29,NEW JERSEY,JERSEY CITY,01,PERMANENT DWELLING (MULTI FAMILY HOUSING),0.208643,0.188357,0.135429,0.125500,0.125500,0.167286
29,NEW JERSEY,JERSEY CITY,01,PERMANENT DWELLING (SINGLE FAMILY HOUSING),0.070000,0.063000,0.045000,0.043000,0.043000,0.055000
29,NEW JERSEY,JERSEY CITY,01,PERSONAL AND REPAIR SERVICES,0.164000,0.147556,0.107000,0.098667,0.098667,0.131889
29,NEW JERSEY,JERSEY CITY,01,PETROLEUM,0.183000,0.165000,0.119500,0.110000,0.110000,0.149000
29,NEW JERSEY,JERSEY CITY,01,"PROFESSIONAL, TECHNICAL AND BUSINESS SERVICES",0.115000,0.102000,0.075000,0.069000,0.069000,0.092000
29,NEW JERSEY,JERSEY CITY,01,RELIGION AND NONPROFIT,0.092200,0.083600,0.059600,0.055200,0.055200,0.073400
29,NEW JERSEY,JERSEY CITY,01,RESTAURANTS,0.233500,0.210000,0.152000,0.140500,0.140500,0.187500
29,NEW JERSEY,JERSEY CITY,01,RETAIL TRADE,0.133105,0.119684,0.086579,0.079895,0.079895,0.106684
29,NEW JERSEY,JERSEY CITY,01,SANITARY SEWER,0.604000,0.545000,0.393000,0.363000,0.363000,0.484000
29,NEW JERSEY,JERSEY CITY,01,TEMPORARY LODGING,0.114500,0.102750,0.074500,0.068500,0.068500,0.090750
29,NEW JERSEY,JERSEY CITY,01,WHOLESALE TRADE,0.243400,0.218600,0.158800,0.145400,0.145400,0.194800
29,NEW JERSEY,NEWARK,02,AGRICULTURE,0.143000,0.129000,0.091000,0.087000,0.087000,0.115000
29,NEW JERSEY,NEWARK,02,AIR,0.125000,0.112000,0.084000,0.076000,0.076000,0.103000
29,NEW JERSEY,NEWARK,02,CASINOS,0.503500,0.452500,0.327500,0.301500,0.301500,0.403500
29,NEW JERSEY,NEWARK,02,CONSTRUCTION,0.201000,0.179000,0.129000,0.120000,0.120000,0.158000
29,NEW JERSEY,NEWARK,02,EDUCATION,0.097000,0.088000,0.064000,0.061000,0.061000,0.079000
29,NEW JERSEY,NEWARK,02,EMERGENCY RESPONSE SERVICES,0.077000,0.070000,0.050000,0.046000,0.046000,0.061000
29,NEW JERSEY,NEWARK,02,ENTERTAINMENT AND RECREATION,0.320545,0.287545,0.208364,0.191727,0.191727,0.256364
29,NEW JERSEY,NEWARK,02,FOOD AND DRUGS PROCESSING,0.371667,0.334000,0.242000,0.222333,0.222333,0.298667
29,NEW JERSEY,NEWARK,02,GASOLINE SERVICE STATIONS,0.237000,0.214000,0.153000,0.144000,0.144000,0.190000
29,NEW JERSEY,NEWARK,02,GENERAL SERVICES,0.078500,0.070500,0.051000,0.045500,0.045500,0.062500
29,NEW JERSEY,NEWARK,02,GROUP INSTITUTIONAL HOUSING,0.140400,0.126400,0.091200,0.083600,0.083600,0.112400
29,NEW JERSEY,NEWARK,02,HEALTH CARE SERVICE,0.058000,0.050000,0.036000,0.035000,0.035000,0.044000
29,NEW JERSEY,NEWARK,02,HEAVY FABRICATION AND ASSEMBLY,0.404000,0.362000,0.263000,0.242000,0.242000,0.324000
29,NEW JERSEY,NEWARK,02,HIGHWAY,0.384000,0.348000,0.249000,0.229000,0.229000,0.308000
29,NEW JERSEY,NEWARK,02,LIGHT FABRICATION AND ASSEMBLY,0.701667,0.634667,0.458667,0.425667,0.425667,0.565333
29,NEW JERSEY,NEWARK,02,PERMANENT DWELLING (MULTI FAMILY HOUSING),0.286500,0.258857,0.185857,0.172143,0.172143,0.229429
29,NEW JERSEY,NEWARK,02,PERMANENT DWELLING (SINGLE FAMILY HOUSING),0.096000,0.087000,0.062000,0.059000,0.059000,0.076000
29,NEW JERSEY,NEWARK,02,PERSONAL AND REPAIR SERVICES,0.225222,0.202556,0.146889,0.135333,0.135333,0.181222
29,NEW JERSEY,NEWARK,02,PETROLEUM,0.251500,0.227000,0.164000,0.151000,0.151000,0.204000
29,NEW JERSEY,NEWARK,02,"PROFESSIONAL, TECHNICAL AND BUSINESS SERVICES",0.158000,0.140000,0.103000,0.094000,0.094000,0.126000
29,NEW JERSEY,NEWARK,02,RELIGION AND NONPROFIT,0.126800,0.114800,0.082600,0.075600,0.075600,0.100200
29,NEW JERSEY,NEWARK,02,RESTAURANTS,0.320500,0.288500,0.209000,0.193000,0.193000,0.257500
29,NEW JERSEY,NEWARK,02,RETAIL TRADE,0.182789,0.164368,0.119000,0.109895,0.109895,0.146474
29,NEW JERSEY,NEWARK,02,SANITARY SEWER,0.829000,0.749000,0.539000,0.498000,0.498000,0.665000
29,NEW JERSEY,NEWARK,02,TEMPORARY LODGING,0.157250,0.141250,0.102250,0.094000,0.094000,0.124750
29,NEW JERSEY,NEWARK,02,WHOLESALE TRADE,0.334000,0.300600,0.217800,0.199600,0.199600,0.267400
29,NEW JERSEY,BALANCE OF STATE (NEW JERSEY),08,AGRICULTURE,0.094000,0.085000,0.060000,0.057000,0.057000,0.076000
29,NEW JERSEY,BALANCE OF STATE (NEW JERSEY),08,AIR,0.082000,0.074000,0.055000,0.050000,0.050000,0.068000
29,NEW JERSEY,BALANCE OF STATE (NEW JERSEY),08,CASINOS,0.331500,0.298000,0.215500,0.198500,0.198500,0.265500
29,NEW JERSEY,BALANCE OF STATE (NEW JERSEY),08,CONSTRUCTION,0.132000,0.118000,0.085000,0.079000,0.079000,0.104000
29,NEW JERSEY,BALANCE OF STATE (NEW JERSEY),08,EDUCATION,0.064000,0.058000,0.042000,0.040000,0.040000,0.052000
29,NEW JERSEY,BALANCE OF STATE (NEW JERSEY),08,EMERGENCY RESPONSE SERVICES,0.051000,0.046000,0.033000,0.030000,0.030000,0.040000
29,NEW JERSEY,BALANCE OF STATE (NEW JERSEY),08,ENTERTAINMENT AND RECREATION,0.211000,0.189364,0.137273,0.126273,0.126273,0.168818
29,NEW JERSEY,BALANCE OF STATE (NEW JERSEY),08,FOOD AND DRUGS PROCESSING,0.244667,0.219667,0.159333,0.146333,0.146333,0.196667
29,NEW JERSEY,BALANCE OF STATE (NEW JERSEY),08,GASOLINE SERVICE STATIONS,0.156000,0.141000,0.101000,0.095000,0.095000,0.125000
29,NEW JERSEY,BALANCE OF STATE (NEW JERSEY),08,GENERAL SERVICES,0.051500,0.046500,0.033500,0.030000,0.030000,0.041000
29,NEW JERSEY,BALANCE OF STATE (NEW JERSEY),08,GROUP INSTITUTIONAL HOUSING,0.092600,0.083400,0.060000,0.055000,0.055000,0.074000
29,NEW JERSEY,BALANCE OF STATE (NEW JERSEY),08,HEALTH CARE SERVICE,0.038000,0.033000,0.024000,0.023000,0.023000,0.029000
29,NEW JERSEY,BALANCE OF STATE (NEW JERSEY),08,HEAVY FABRICATION AND ASSEMBLY,0.266000,0.238000,0.173000,0.159000,0.159000,0.213000
29,NEW JERSEY,BALANCE OF STATE (NEW JERSEY),08,HIGHWAY,0.253000,0.229000,0.164000,0.151000,0.151000,0.203000
29,NEW JERSEY,BALANCE OF STATE (NEW JERSEY),08,LIGHT FABRICATION AND ASSEMBLY,0.462000,0.417667,0.302000,0.280333,0.280333,0.372000
29,NEW JERSEY,BALANCE OF STATE (NEW JERSEY),08,PERMANENT DWELLING (MULTI FAMILY HOUSING),0.188571,0.170357,0.122429,0.113357,0.113357,0.151143
29,NEW JERSEY,BALANCE OF STATE (NEW JERSEY),08,PERMANENT DWELLING (SINGLE FAMILY HOUSING),0.063000,0.057000,0.041000,0.039000,0.039000,0.050000
29,NEW JERSEY,BALANCE OF STATE (NEW JERSEY),08,PERSONAL AND REPAIR SERVICES,0.148222,0.133444,0.096667,0.089111,0.089111,0.119222
29,NEW JERSEY,BALANCE OF STATE (NEW JERSEY),08,PETROLEUM,0.165500,0.149500,0.108000,0.099500,0.099500,0.134500
29,NEW JERSEY,BALANCE OF STATE (NEW JERSEY),08,"PROFESSIONAL, TECHNICAL AND BUSINESS SERVICES",0.104000,0.092000,0.068000,0.062000,0.062000,0.083000
29,NEW JERSEY,BALANCE OF STATE (NEW JERSEY),08,RELIGION AND NONPROFIT,0.083400,0.075600,0.054200,0.049800,0.049800,0.066200
29,NEW JERSEY,BALANCE OF STATE (NEW JERSEY),08,RESTAURANTS,0.211000,0.190000,0.137500,0.127000,0.127000,0.169500
29,NEW JERSEY,BALANCE OF STATE (NEW JERSEY),08,RETAIL TRADE,0.120263,0.108211,0.078368,0.072263,0.072263,0.096474
29,NEW JERSEY,BALANCE OF STATE (NEW JERSEY),08,SANITARY SEWER,0.546000,0.493000,0.355000,0.328000,0.328000,0.438000
29,NEW JERSEY,BALANCE OF STATE (NEW JERSEY),08,TEMPORARY LODGING,0.103500,0.093000,0.067250,0.062000,0.062000,0.082250
29,NEW JERSEY,BALANCE OF STATE (NEW JERSEY),08,WHOLESALE TRADE,0.220000,0.197800,0.143400,0.131400,0.131400,0.176000
30,NEW MEXICO,ALBUQUERQUE,01,AGRICULTURE,0.080000,0.073000,0.052000,0.048000,0.048000,0.064000
30,NEW MEXICO,ALBUQUERQUE,01,AIR,0.051000,0.047000,0.034000,0.032000,0.032000,0.041000
30,NEW MEXICO,ALBUQUERQUE,01,CASINOS,0.157500,0.141500,0.102000,0.095000,0.095000,0.126000
30,NEW MEXICO,ALBUQUERQUE,01,CONSTRUCTION,0.078000,0.070000,0.051000,0.046000,0.046000,0.061000
30,NEW MEXICO,ALBUQUERQUE,01,EDUCATION,0.124000,0.112000,0.081000,0.076000,0.076000,0.098000
30,NEW MEXICO,ALBUQUERQUE,01,EMERGENCY RESPONSE SERVICES,0.057000,0.051000,0.037000,0.033000,0.033000,0.044000
30,NEW MEXICO,ALBUQUERQUE,01,ENTERTAINMENT AND RECREATION,0.100545,0.090091,0.065364,0.060182,0.060182,0.080273
30,NEW MEXICO,ALBUQUERQUE,01,FOOD AND DRUGS PROCESSING,0.487667,0.439000,0.317333,0.292333,0.292333,0.390333
30,NEW MEXICO,ALBUQUERQUE,01,GASOLINE SERVICE STATIONS,0.097000,0.087000,0.063000,0.059000,0.059000,0.078000
30,NEW MEXICO,ALBUQUERQUE,01,GENERAL SERVICES,0.056000,0.051000,0.036000,0.033000,0.033000,0.045500
30,NEW MEXICO,ALBUQUERQUE,01,GROUP INSTITUTIONAL HOUSING,0.050400,0.046400,0.032200,0.029800,0.029800,0.041000
30,NEW MEXICO,ALBUQUERQUE,01,HEALTH CARE SERVICE,0.054000,0.048000,0.034000,0.033000,0.033000,0.043000
30,NEW MEXICO,ALBUQUERQUE,01,HEAVY FABRICATION AND ASSEMBLY,0.161000,0.144000,0.105000,0.097000,0.097000,0.128000
30,NEW MEXICO,ALBUQUERQUE,01,HIGHWAY,0.153000,0.138000,0.098000,0.092000,0.092000,0.123000
30,NEW MEXICO,ALBUQUERQUE,01,LIGHT FABRICATION AND ASSEMBLY,0.789667,0.711667,0.512667,0.475333,0.475333,0.634333
30,NEW MEXICO,ALBUQUERQUE,01,PERMANENT DWELLING (MULTI FAMILY HOUSING),0.076857,0.068929,0.050286,0.046071,0.046071,0.061571
30,NEW MEXICO,ALBUQUERQUE,01,PERMANENT DWELLING (SINGLE FAMILY HOUSING),0.028000,0.025000,0.019000,0.018000,0.018000,0.023000
30,NEW MEXICO,ALBUQUERQUE,01,PERSONAL AND REPAIR SERVICES,0.155222,0.139778,0.100667,0.092778,0.092778,0.124111
30,NEW MEXICO,ALBUQUERQUE,01,PETROLEUM,0.100000,0.090000,0.065000,0.060000,0.060000,0.080000
30,NEW MEXICO,ALBUQUERQUE,01,"PROFESSIONAL, TECHNICAL AND BUSINESS SERVICES",0.103000,0.093000,0.067000,0.063000,0.063000,0.084000
30,NEW MEXICO,ALBUQUERQUE,01,RELIGION AND NONPROFIT,0.054600,0.048600,0.035000,0.031400,0.031400,0.043400
30,NEW MEXICO,ALBUQUERQUE,01,RESTAURANTS,0.126500,0.114000,0.082000,0.076000,0.076000,0.101000
30,NEW MEXICO,ALBUQUERQUE,01,RETAIL TRADE,0.098211,0.088579,0.064316,0.059000,0.059000,0.078474
30,NEW MEXICO,ALBUQUERQUE,01,SANITARY SEWER,0.329000,0.297000,0.214000,0.198000,0.198000,0.265000
30,NEW MEXICO,ALBUQUERQUE,01,TEMPORARY LODGING,0.091500,0.081750,0.059500,0.054750,0.054750,0.073250
30,NEW MEXICO,ALBUQUERQUE,01,WHOLESALE TRADE,0.132600,0.118600,0.086000,0.079200,0.079200,0.106000
30,NEW MEXICO,BALANCE OF STATE (NEW MEXICO),08,AGRICULTURE,0.089000,0.081000,0.058000,0.053000,0.053000,0.071000
30,NEW MEXICO,BALANCE OF STATE (NEW MEXICO),08,AIR,0.057000,0.052000,0.038000,0.036000,0.036000,0.045000
30,NEW MEXICO,BALANCE OF STATE (NEW MEXICO),08,CASINOS,0.175000,0.157000,0.113500,0.105000,0.105000,0.139500
30,NEW MEXICO,BALANCE OF STATE (NEW MEXICO),08,CONSTRUCTION,0.086000,0.078000,0.056000,0.051000,0.051000,0.068000
30,NEW MEXICO,BALANCE OF STATE (NEW MEXICO),08,EDUCATION,0.138000,0.124000,0.090000,0.084000,0.084000,0.109000
30,NEW MEXICO,BALANCE OF STATE (NEW MEXICO),08,EMERGENCY RESPONSE SERVICES,0.063000,0.056000,0.041000,0.037000,0.037000,0.049000
30,NEW MEXICO,BALANCE OF STATE (NEW MEXICO),08,ENTERTAINMENT AND RECREATION,0.111455,0.100000,0.072364,0.066727,0.066727,0.089091
30,NEW MEXICO,BALANCE OF STATE (NEW MEXICO),08,FOOD AND DRUGS PROCESSING,0.540667,0.487000,0.351667,0.324000,0.324000,0.433000
30,NEW MEXICO,BALANCE OF STATE (NEW MEXICO),08,GASOLINE SERVICE STATIONS,0.108000,0.097000,0.070000,0.065000,0.065000,0.086000
30,NEW MEXICO,BALANCE OF STATE (NEW MEXICO),08,GENERAL SERVICES,0.062000,0.056500,0.040000,0.037000,0.037000,0.050500
30,NEW MEXICO,BALANCE OF STATE (NEW MEXICO),08,GROUP INSTITUTIONAL HOUSING,0.055800,0.051600,0.035600,0.033200,0.033200,0.045400
30,NEW MEXICO,BALANCE OF STATE (NEW MEXICO),08,HEALTH CARE SERVICE,0.060000,0.053000,0.038000,0.037000,0.037000,0.048000
30,NEW MEXICO,BALANCE OF STATE (NEW MEXICO),08,HEAVY FABRICATION AND ASSEMBLY,0.179000,0.160000,0.116000,0.107000,0.107000,0.142000
30,NEW MEXICO,BALANCE OF STATE (NEW MEXICO),08,HIGHWAY,0.170000,0.153000,0.109000,0.102000,0.102000,0.136000
30,NEW MEXICO,BALANCE OF STATE (NEW MEXICO),08,LIGHT FABRICATION AND ASSEMBLY,0.875333,0.789000,0.568667,0.527000,0.527000,0.703333
30,NEW MEXICO,BALANCE OF STATE (NEW MEXICO),08,PERMANENT DWELLING (MULTI FAMILY HOUSING),0.085000,0.076429,0.055500,0.051286,0.051286,0.068214
30,NEW MEXICO,BALANCE OF STATE (NEW MEXICO),08,PERMANENT DWELLING (SINGLE FAMILY HOUSING),0.031000,0.028000,0.021000,0.020000,0.020000,0.026000
30,NEW MEXICO,BALANCE OF STATE (NEW MEXICO),08,PERSONAL AND REPAIR SERVICES,0.172000,0.154889,0.111667,0.102778,0.102778,0.137444
30,NEW MEXICO,BALANCE OF STATE (NEW MEXICO),08,PETROLEUM,0.111000,0.099500,0.072000,0.066500,0.066500,0.088500
30,NEW MEXICO,BALANCE OF STATE (NEW MEXICO),08,"PROFESSIONAL, TECHNICAL AND BUSINESS SERVICES",0.114000,0.103000,0.074000,0.070000,0.070000,0.093000
30,NEW MEXICO,BALANCE OF STATE (NEW MEXICO),08,RELIGION AND NONPROFIT,0.060600,0.053600,0.038800,0.035000,0.035000,0.048200
30,NEW MEXICO,BALANCE OF STATE (NEW MEXICO),08,RESTAURANTS,0.140000,0.126500,0.091000,0.084500,0.084500,0.112000
30,NEW MEXICO,BALANCE OF STATE (NEW MEXICO),08,RETAIL TRADE,0.109053,0.098368,0.071316,0.065368,0.065368,0.087105
30,NEW MEXICO,BALANCE OF STATE (NEW MEXICO),08,SANITARY SEWER,0.365000,0.329000,0.237000,0.220000,0.220000,0.294000
30,NEW MEXICO,BALANCE OF STATE (NEW MEXICO),08,TEMPORARY LODGING,0.101500,0.090750,0.066000,0.060750,0.060750,0.081250
30,NEW MEXICO,BALANCE OF STATE (NEW MEXICO),08,WHOLESALE TRADE,0.147000,0.131400,0.095600,0.087800,0.087800,0.117600
31,NEW YORK,NEW YORK CITY,02,AGRICULTURE,0.214000,0.196000,0.140000,0.130000,0.130000,0.172000
31,NEW YORK,NEW YORK CITY,02,AIR,0.136000,0.122000,0.088000,0.082000,0.082000,0.108000
31,NEW YORK,NEW YORK CITY,02,CASINOS,0.679000,0.611000,0.442000,0.407000,0.407000,0.545000
31,NEW YORK,NEW YORK CITY,02,CONSTRUCTION,0.126000,0.114000,0.082000,0.076000,0.076000,0.102000
31,NEW YORK,NEW YORK CITY,02,EDUCATION,0.068000,0.062000,0.044000,0.040000,0.040000,0.054000
31,NEW YORK,NEW YORK CITY,02,EMERGENCY RESPONSE SERVICES,0.156000,0.142000,0.102000,0.092000,0.092000,0.126000
31,NEW YORK,NEW YORK CITY,02,ENTERTAINMENT AND RECREATION,0.432909,0.388545,0.281273,0.259818,0.259818,0.345455
31,NEW YORK,NEW YORK CITY,02,FOOD AND DRUGS PROCESSING,0.341333,0.307333,0.222000,0.204000,0.204000,0.274000
31,NEW YORK,NEW YORK CITY,02,GASOLINE SERVICE STATIONS,0.254000,0.228000,0.164000,0.154000,0.154000,0.204000
31,NEW YORK,NEW YORK CITY,02,GENERAL SERVICES,0.156000,0.141000,0.102000,0.093000,0.093000,0.124000
31,NEW YORK,NEW YORK CITY,02,GROUP INSTITUTIONAL HOUSING,0.171200,0.154400,0.111600,0.102800,0.102800,0.138000
31,NEW YORK,NEW YORK CITY,02,HEALTH CARE SERVICE,0.052000,0.048000,0.032000,0.032000,0.032000,0.040000
31,NEW YORK,NEW YORK CITY,02,HEAVY FABRICATION AND ASSEMBLY,0.514000,0.460000,0.336000,0.308000,0.308000,0.412000
31,NEW YORK,NEW YORK CITY,02,HIGHWAY,0.490000,0.440000,0.318000,0.292000,0.292000,0.390000
31,NEW YORK,NEW YORK CITY,02,LIGHT FABRICATION AND ASSEMBLY,0.415333,0.373333,0.269333,0.249333,0.249333,0.332667
31,NEW YORK,NEW YORK CITY,02,PERMANENT DWELLING (MULTI FAMILY HOUSING),0.234143,0.210143,0.151429,0.140286,0.140286,0.187571
31,NEW YORK,NEW YORK CITY,02,PERMANENT DWELLING (SINGLE FAMILY HOUSING),0.118000,0.106000,0.076000,0.070000,0.070000,0.092000
31,NEW YORK,NEW YORK CITY,02,PERSONAL AND REPAIR SERVICES,0.286000,0.257556,0.186667,0.172667,0.172667,0.230000
31,NEW YORK,NEW YORK CITY,02,PETROLEUM,0.320000,0.288000,0.207000,0.193000,0.193000,0.257000
31,NEW YORK,NEW YORK CITY,02,"PROFESSIONAL, TECHNICAL AND BUSINESS SERVICES",0.108000,0.098000,0.070000,0.066000,0.066000,0.086000
31,NEW YORK,NEW YORK CITY,02,RELIGION AND NONPROFIT,0.142400,0.128400,0.092400,0.086000,0.086000,0.114000
31,NEW YORK,NEW YORK CITY,02,RESTAURANTS,0.424000,0.382000,0.276000,0.256000,0.256000,0.339000
31,NEW YORK,NEW YORK CITY,02,RETAIL TRADE,0.269474,0.242947,0.174947,0.161895,0.161895,0.215474
31,NEW YORK,NEW YORK CITY,02,SANITARY SEWER,1.054000,0.948000,0.686000,0.634000,0.634000,0.842000
31,NEW YORK,NEW YORK CITY,02,TEMPORARY LODGING,0.807000,0.726500,0.523500,0.485500,0.485500,0.646000
31,NEW YORK,NEW YORK CITY,02,WHOLESALE TRADE,0.423600,0.381600,0.276400,0.255200,0.255200,0.339600
32,NORTH CAROLINA,CHARLOTTE,01,AGRICULTURE,0.100500,0.091500,0.066000,0.058500,0.058500,0.081000
32,NORTH CAROLINA,CHARLOTTE,01,AIR,0.060000,0.054000,0.037500,0.036000,0.036000,0.046500
32,NORTH CAROLINA,CHARLOTTE,01,CASINOS,0.267750,0.240000,0.175500,0.159000,0.159000,0.216750
32,NORTH CAROLINA,CHARLOTTE,01,CONSTRUCTION,0.060000,0.054000,0.040500,0.036000,0.036000,0.048000
32,NORTH CAROLINA,CHARLOTTE,01,EDUCATION,0.070500,0.064500,0.043500,0.042000,0.042000,0.058500
32,NORTH CAROLINA,CHARLOTTE,01,EMERGENCY RESPONSE SERVICES,0.055500,0.052500,0.037500,0.033000,0.033000,0.046500
32,NORTH CAROLINA,CHARLOTTE,01,ENTERTAINMENT AND RECREATION,0.170455,0.152864,0.111000,0.103227,0.103227,0.136227
32,NORTH CAROLINA,CHARLOTTE,01,FOOD AND DRUGS PROCESSING,0.207500,0.188500,0.134000,0.124500,0.124500,0.168000
32,NORTH CAROLINA,CHARLOTTE,01,GASOLINE SERVICE STATIONS,0.111000,0.100500,0.073500,0.066000,0.066000,0.090000
32,NORTH CAROLINA,CHARLOTTE,01,GENERAL SERVICES,0.056250,0.051750,0.036750,0.034500,0.034500,0.045000
32,NORTH CAROLINA,CHARLOTTE,01,GROUP INSTITUTIONAL HOUSING,0.102900,0.091200,0.066000,0.062700,0.062700,0.083400
32,NORTH CAROLINA,CHARLOTTE,01,HEALTH CARE SERVICE,0.084000,0.073500,0.052500,0.049500,0.049500,0.069000
32,NORTH CAROLINA,CHARLOTTE,01,HEAVY FABRICATION AND ASSEMBLY,0.268500,0.241500,0.177000,0.160500,0.160500,0.216000
32,NORTH CAROLINA,CHARLOTTE,01,HIGHWAY,0.255000,0.229500,0.166500,0.154500,0.154500,0.204000
32,NORTH CAROLINA,CHARLOTTE,01,LIGHT FABRICATION AND ASSEMBLY,0.352000,0.319500,0.230500,0.214000,0.214000,0.284000
32,NORTH CAROLINA,CHARLOTTE,01,PERMANENT DWELLING (MULTI FAMILY HOUSING),0.210000,0.190071,0.137036,0.125679,0.125679,0.167893
32,NORTH CAROLINA,CHARLOTTE,01,PERMANENT DWELLING (SINGLE FAMILY HOUSING),0.070500,0.061500,0.043500,0.040500,0.040500,0.052500
32,NORTH CAROLINA,CHARLOTTE,01,PERSONAL AND REPAIR SERVICES,0.158333,0.141833,0.103500,0.094333,0.094333,0.126667
32,NORTH CAROLINA,CHARLOTTE,01,PETROLEUM,0.167250,0.151500,0.108000,0.101250,0.101250,0.135000
32,NORTH CAROLINA,CHARLOTTE,01,"PROFESSIONAL, TECHNICAL AND BUSINESS SERVICES",0.084000,0.076500,0.054000,0.051000,0.051000,0.064500
32,NORTH CAROLINA,CHARLOTTE,01,RELIGION AND NONPROFIT,0.082800,0.075900,0.056100,0.050700,0.050700,0.066900
32,NORTH CAROLINA,CHARLOTTE,01,RESTAURANTS,0.180000,0.162750,0.117750,0.108000,0.108000,0.144750
32,NORTH CAROLINA,CHARLOTTE,01,RETAIL TRADE,0.124184,0.112026,0.081158,0.074211,0.074211,0.099632
32,NORTH CAROLINA,CHARLOTTE,01,SANITARY SEWER,0.552000,0.496500,0.357000,0.331500,0.331500,0.442500
32,NORTH CAROLINA,CHARLOTTE,01,TEMPORARY LODGING,0.217875,0.196500,0.141375,0.131625,0.131625,0.175125
32,NORTH CAROLINA,CHARLOTTE,01,WHOLESALE TRADE,0.223200,0.199800,0.144900,0.132300,0.132300,0.176400
32,NORTH CAROLINA,BALANCE OF STATE (NORTH CAROLINA),08,AGRICULTURE,0.115500,0.105000,0.076500,0.067500,0.067500,0.093000
32,NORTH CAROLINA,BALANCE OF STATE (NORTH CAROLINA),08,AIR,0.069000,0.063000,0.043500,0.042000,0.042000,0.054000
32,NORTH CAROLINA,BALANCE OF STATE (NORTH CAROLINA),08,CASINOS,0.309750,0.277500,0.202500,0.183750,0.183750,0.250500
32,NORTH CAROLINA,BALANCE OF STATE (NORTH CAROLINA),08,CONSTRUCTION,0.069000,0.063000,0.046500,0.042000,0.042000,0.055500
32,NORTH CAROLINA,BALANCE OF STATE (NORTH CAROLINA),08,EDUCATION,0.081000,0.075000,0.051000,0.048000,0.048000,0.067500
32,NORTH CAROLINA,BALANCE OF STATE (NORTH CAROLINA),08,EMERGENCY RESPONSE SERVICES,0.064500,0.060000,0.043500,0.037500,0.037500,0.054000
32,NORTH CAROLINA,BALANCE OF STATE (NORTH CAROLINA),08,ENTERTAINMENT AND RECREATION,0.197045,0.176864,0.128455,0.119455,0.119455,0.157636
32,NORTH CAROLINA,BALANCE OF STATE (NORTH CAROLINA),08,FOOD AND DRUGS PROCESSING,0.239500,0.217500,0.155000,0.144000,0.144000,0.194000
32,NORTH CAROLINA,BALANCE OF STATE (NORTH CAROLINA),08,GASOLINE SERVICE STATIONS,0.129000,0.115500,0.085500,0.076500,0.076500,0.103500
32,NORTH CAROLINA,BALANCE OF STATE (NORTH CAROLINA),08,GENERAL SERVICES,0.065250,0.060000,0.042750,0.039750,0.039750,0.051750
32,NORTH CAROLINA,BALANCE OF STATE (NORTH CAROLINA),08,GROUP INSTITUTIONAL HOUSING,0.119400,0.105300,0.076800,0.072300,0.072300,0.096000
32,NORTH CAROLINA,BALANCE OF STATE (NORTH CAROLINA),08,HEALTH CARE SERVICE,0.097500,0.085500,0.060000,0.057000,0.057000,0.079500
32,NORTH CAROLINA,BALANCE OF STATE (NORTH CAROLINA),08,HEAVY FABRICATION AND ASSEMBLY,0.310500,0.279000,0.204000,0.186000,0.186000,0.249000
32,NORTH CAROLINA,BALANCE OF STATE (NORTH CAROLINA),08,HIGHWAY,0.294000,0.265500,0.192000,0.178500,0.178500,0.235500
32,NORTH CAROLINA,BALANCE OF STATE (NORTH CAROLINA),08,LIGHT FABRICATION AND ASSEMBLY,0.407000,0.369000,0.266500,0.247500,0.247500,0.328500
32,NORTH CAROLINA,BALANCE OF STATE (NORTH CAROLINA),08,PERMANENT DWELLING (MULTI FAMILY HOUSING),0.242679,0.219321,0.158357,0.145821,0.145821,0.194250
32,NORTH CAROLINA,BALANCE OF STATE (NORTH CAROLINA),08,PERMANENT DWELLING (SINGLE FAMILY HOUSING),0.081000,0.070500,0.051000,0.046500,0.046500,0.061500
32,NORTH CAROLINA,BALANCE OF STATE (NORTH CAROLINA),08,PERSONAL AND REPAIR SERVICES,0.183167,0.164167,0.119500,0.109333,0.109333,0.146667
32,NORTH CAROLINA,BALANCE OF STATE (NORTH CAROLINA),08,PETROLEUM,0.193500,0.174750,0.124500,0.117000,0.117000,0.156000
32,NORTH CAROLINA,BALANCE OF STATE (NORTH CAROLINA),08,"PROFESSIONAL, TECHNICAL AND BUSINESS SERVICES",0.097500,0.088500,0.063000,0.058500,0.058500,0.075000
32,NORTH CAROLINA,BALANCE OF STATE (NORTH CAROLINA),08,RELIGION AND NONPROFIT,0.095400,0.087000,0.064500,0.058200,0.058200,0.078000
32,NORTH CAROLINA,BALANCE OF STATE (NORTH CAROLINA),08,RESTAURANTS,0.208500,0.188250,0.136500,0.125250,0.125250,0.167250
32,NORTH CAROLINA,BALANCE OF STATE (NORTH CAROLINA),08,RETAIL TRADE,0.143289,0.129316,0.093789,0.085737,0.085737,0.115105
32,NORTH CAROLINA,BALANCE OF STATE (NORTH CAROLINA),08,SANITARY SEWER,0.639000,0.574500,0.412500,0.382500,0.382500,0.511500
32,NORTH CAROLINA,BALANCE OF STATE (NORTH CAROLINA),08,TEMPORARY LODGING,0.251625,0.227250,0.163500,0.152250,0.152250,0.202500
32,NORTH CAROLINA,BALANCE OF STATE (NORTH CAROLINA),08,WHOLESALE TRADE,0.257700,0.231000,0.167700,0.153000,0.153000,0.204000
33,NORTH DAKOTA,ENTIRE STATE (NORTH DAKOTA),09,AGRICULTURE,0.240000,0.216000,0.156000,0.146000,0.146000,0.194000
33,NORTH DAKOTA,ENTIRE STATE (NORTH DAKOTA),09,AIR,0.156000,0.140000,0.102000,0.094000,0.094000,0.126000
33,NORTH DAKOTA,ENTIRE STATE (NORTH DAKOTA),09,CASINOS,0.234000,0.210000,0.152000,0.140000,0.140000,0.187000
33,NORTH DAKOTA,ENTIRE STATE (NORTH DAKOTA),09,CONSTRUCTION,0.312000,0.280000,0.204000,0.188000,0.188000,0.250000
33,NORTH DAKOTA,ENTIRE STATE (NORTH DAKOTA),09,EDUCATION,0.156000,0.140000,0.100000,0.094000,0.094000,0.124000
33,NORTH DAKOTA,ENTIRE STATE (NORTH DAKOTA),09,EMERGENCY RESPONSE SERVICES,0.108000,0.098000,0.070000,0.066000,0.066000,0.088000
33,NORTH DAKOTA,ENTIRE STATE (NORTH DAKOTA),09,ENTERTAINMENT AND RECREATION,0.149091,0.134182,0.097273,0.089091,0.089091,0.118545
33,NORTH DAKOTA,ENTIRE STATE (NORTH DAKOTA),09,FOOD AND DRUGS PROCESSING,0.368000,0.333333,0.240667,0.220667,0.220667,0.296667
33,NORTH DAKOTA,ENTIRE STATE (NORTH DAKOTA),09,GASOLINE SERVICE STATIONS,0.294000,0.264000,0.190000,0.176000,0.176000,0.236000
33,NORTH DAKOTA,ENTIRE STATE (NORTH DAKOTA),09,GENERAL SERVICES,0.110000,0.100000,0.070000,0.066000,0.066000,0.087000
33,NORTH DAKOTA,ENTIRE STATE (NORTH DAKOTA),09,GROUP INSTITUTIONAL HOUSING,0.136800,0.122000,0.087200,0.082000,0.082000,0.108000
33,NORTH DAKOTA,ENTIRE STATE (NORTH DAKOTA),09,HEALTH CARE SERVICE,0.086000,0.078000,0.056000,0.054000,0.054000,0.070000
33,NORTH DAKOTA,ENTIRE STATE (NORTH DAKOTA),09,HEAVY FABRICATION AND ASSEMBLY,0.290000,0.262000,0.192000,0.174000,0.174000,0.232000
33,NORTH DAKOTA,ENTIRE STATE (NORTH DAKOTA),09,HIGHWAY,0.274000,0.248000,0.180000,0.164000,0.164000,0.220000
33,NORTH DAKOTA,ENTIRE STATE (NORTH DAKOTA),09,LIGHT FABRICATION AND ASSEMBLY,0.476000,0.429333,0.309333,0.287333,0.287333,0.382000
33,NORTH DAKOTA,ENTIRE STATE (NORTH DAKOTA),09,PERMANENT DWELLING (MULTI FAMILY HOUSING),0.310143,0.278429,0.202143,0.185286,0.185286,0.246857
33,NORTH DAKOTA,ENTIRE STATE (NORTH DAKOTA),09,PERMANENT DWELLING (SINGLE FAMILY HOUSING),0.104000,0.092000,0.068000,0.064000,0.064000,0.084000
33,NORTH DAKOTA,ENTIRE STATE (NORTH DAKOTA),09,PERSONAL AND REPAIR SERVICES,0.336222,0.302889,0.218667,0.201333,0.201333,0.269778
33,NORTH DAKOTA,ENTIRE STATE (NORTH DAKOTA),09,PETROLEUM,0.180000,0.163000,0.116000,0.110000,0.110000,0.144000
33,NORTH DAKOTA,ENTIRE STATE (NORTH DAKOTA),09,"PROFESSIONAL, TECHNICAL AND BUSINESS SERVICES",0.136000,0.124000,0.090000,0.084000,0.084000,0.110000
33,NORTH DAKOTA,ENTIRE STATE (NORTH DAKOTA),09,RELIGION AND NONPROFIT,0.129600,0.118400,0.084800,0.078400,0.078400,0.104400
33,NORTH DAKOTA,ENTIRE STATE (NORTH DAKOTA),09,RESTAURANTS,0.530000,0.477000,0.345000,0.319000,0.319000,0.425000
33,NORTH DAKOTA,ENTIRE STATE (NORTH DAKOTA),09,RETAIL TRADE,0.306316,0.275789,0.199368,0.184526,0.184526,0.246105
33,NORTH DAKOTA,ENTIRE STATE (NORTH DAKOTA),09,SANITARY SEWER,0.596000,0.536000,0.388000,0.356000,0.356000,0.478000
33,NORTH DAKOTA,ENTIRE STATE (NORTH DAKOTA),09,TEMPORARY LODGING,0.283000,0.254500,0.184000,0.169500,0.169500,0.226500
33,NORTH DAKOTA,ENTIRE STATE (NORTH DAKOTA),09,WHOLESALE TRADE,0.239600,0.215600,0.156800,0.143200,0.143200,0.191600
34,OHIO,AKRON,05,AGRICULTURE,0.131000,0.117000,0.084000,0.078000,0.078000,0.105000
34,OHIO,AKRON,05,AIR,0.066000,0.060000,0.044000,0.041000,0.041000,0.053000
34,OHIO,AKRON,05,CASINOS,0.263000,0.234500,0.169500,0.157000,0.157000,0.210000
34,OHIO,AKRON,05,CONSTRUCTION,0.065000,0.060000,0.044000,0.039000,0.039000,0.050000
34,OHIO,AKRON,05,EDUCATION,0.039000,0.035000,0.024000,0.023000,0.023000,0.031000
34,OHIO,AKRON,05,EMERGENCY RESPONSE SERVICES,0.062000,0.056000,0.041000,0.037000,0.037000,0.049000
34,OHIO,AKRON,05,ENTERTAINMENT AND RECREATION,0.165818,0.149182,0.107727,0.099364,0.099364,0.132182
34,OHIO,AKRON,05,FOOD AND DRUGS PROCESSING,0.247000,0.222333,0.160333,0.147667,0.147667,0.197333
34,OHIO,AKRON,05,GASOLINE SERVICE STATIONS,0.125000,0.114000,0.082000,0.076000,0.076000,0.100000
34,OHIO,AKRON,05,GENERAL SERVICES,0.062500,0.055500,0.041500,0.036000,0.036000,0.050500
34,OHIO,AKRON,05,GROUP INSTITUTIONAL HOUSING,0.133000,0.119800,0.085800,0.081000,0.081000,0.106600
34,OHIO,AKRON,05,HEALTH CARE SERVICE,0.062000,0.056000,0.040000,0.036000,0.036000,0.049000
34,OHIO,AKRON,05,HEAVY FABRICATION AND ASSEMBLY,0.195000,0.175000,0.127000,0.116000,0.116000,0.154000
34,OHIO,AKRON,05,HIGHWAY,0.185000,0.166000,0.118000,0.109000,0.109000,0.147000
34,OHIO,AKRON,05,LIGHT FABRICATION AND ASSEMBLY,0.201667,0.181667,0.131333,0.121000,0.121000,0.163000
34,OHIO,AKRON,05,PERMANENT DWELLING (MULTI FAMILY HOUSING),0.137571,0.124214,0.089786,0.083286,0.083286,0.111071
34,OHIO,AKRON,05,PERMANENT DWELLING (SINGLE FAMILY HOUSING),0.105000,0.094000,0.066000,0.064000,0.064000,0.086000
34,OHIO,AKRON,05,PERSONAL AND REPAIR SERVICES,0.125000,0.112556,0.081111,0.075111,0.075111,0.099111
34,OHIO,AKRON,05,PETROLEUM,0.121500,0.108500,0.078500,0.072000,0.072000,0.097500
34,OHIO,AKRON,05,"PROFESSIONAL, TECHNICAL AND BUSINESS SERVICES",0.097000,0.086000,0.062000,0.057000,0.057000,0.077000
34,OHIO,AKRON,05,RELIGION AND NONPROFIT,0.118600,0.106600,0.077600,0.071200,0.071200,0.095400
34,OHIO,AKRON,05,RESTAURANTS,0.333500,0.300000,0.215000,0.201000,0.201000,0.267000
34,OHIO,AKRON,05,RETAIL TRADE,0.170579,0.153789,0.110632,0.102316,0.102316,0.136895
34,OHIO,AKRON,05,SANITARY SEWER,0.396000,0.359000,0.258000,0.239000,0.239000,0.319000
34,OHIO,AKRON,05,TEMPORARY LODGING,0.203500,0.183250,0.132500,0.123250,0.123250,0.163750
34,OHIO,AKRON,05,WHOLESALE TRADE,0.160000,0.143200,0.104200,0.096600,0.096600,0.127400
34,OHIO,CINCINNATI,01,AGRICULTURE,0.106000,0.094000,0.067000,0.063000,0.063000,0.085000
34,OHIO,CINCINNATI,01,AIR,0.054000,0.048000,0.035000,0.033000,0.033000,0.043000
34,OHIO,CINCINNATI,01,CASINOS,0.212000,0.189000,0.137000,0.126000,0.126000,0.169500
34,OHIO,CINCINNATI,01,CONSTRUCTION,0.052000,0.048000,0.035000,0.031000,0.031000,0.041000
34,OHIO,CINCINNATI,01,EDUCATION,0.031000,0.028000,0.019000,0.018000,0.018000,0.025000
34,OHIO,CINCINNATI,01,EMERGENCY RESPONSE SERVICES,0.050000,0.045000,0.033000,0.030000,0.030000,0.040000
34,OHIO,CINCINNATI,01,ENTERTAINMENT AND RECREATION,0.133636,0.120455,0.087000,0.080000,0.080000,0.106545
34,OHIO,CINCINNATI,01,FOOD AND DRUGS PROCESSING,0.199000,0.179000,0.129000,0.119333,0.119333,0.159000
34,OHIO,CINCINNATI,01,GASOLINE SERVICE STATIONS,0.101000,0.092000,0.066000,0.061000,0.061000,0.080000
34,OHIO,CINCINNATI,01,GENERAL SERVICES,0.050000,0.045000,0.033000,0.029000,0.029000,0.041000
34,OHIO,CINCINNATI,01,GROUP INSTITUTIONAL HOUSING,0.107200,0.096200,0.069400,0.065400,0.065400,0.085800
34,OHIO,CINCINNATI,01,HEALTH CARE SERVICE,0.050000,0.045000,0.032000,0.029000,0.029000,0.040000
34,OHIO,CINCINNATI,01,HEAVY FABRICATION AND ASSEMBLY,0.157000,0.141000,0.103000,0.093000,0.093000,0.124000
34,OHIO,CINCINNATI,01,HIGHWAY,0.149000,0.134000,0.095000,0.088000,0.088000,0.119000
34,OHIO,CINCINNATI,01,LIGHT FABRICATION AND ASSEMBLY,0.163000,0.147000,0.105333,0.098000,0.098000,0.131333
34,OHIO,CINCINNATI,01,PERMANENT DWELLING (MULTI FAMILY HOUSING),0.111143,0.100429,0.072429,0.067071,0.067071,0.089714
34,OHIO,CINCINNATI,01,PERMANENT DWELLING (SINGLE FAMILY HOUSING),0.085000,0.076000,0.054000,0.051000,0.051000,0.070000
34,OHIO,CINCINNATI,01,PERSONAL AND REPAIR SERVICES,0.100778,0.090667,0.065444,0.060333,0.060333,0.080111
34,OHIO,CINCINNATI,01,PETROLEUM,0.098000,0.087500,0.063000,0.058500,0.058500,0.078500
34,OHIO,CINCINNATI,01,"PROFESSIONAL, TECHNICAL AND BUSINESS SERVICES",0.078000,0.070000,0.050000,0.046000,0.046000,0.062000
34,OHIO,CINCINNATI,01,RELIGION AND NONPROFIT,0.095400,0.085800,0.062000,0.057400,0.057400,0.077200
34,OHIO,CINCINNATI,01,RESTAURANTS,0.269000,0.242000,0.173500,0.162500,0.162500,0.215500
34,OHIO,CINCINNATI,01,RETAIL TRADE,0.137789,0.123947,0.089053,0.082368,0.082368,0.110474
34,OHIO,CINCINNATI,01,SANITARY SEWER,0.319000,0.289000,0.208000,0.193000,0.193000,0.257000
34,OHIO,CINCINNATI,01,TEMPORARY LODGING,0.164000,0.147750,0.107000,0.099250,0.099250,0.132000
34,OHIO,CINCINNATI,01,WHOLESALE TRADE,0.129200,0.115400,0.083800,0.078000,0.078000,0.102600
34,OHIO,CLEVELAND,02,AGRICULTURE,0.159000,0.142000,0.101000,0.095000,0.095000,0.127000
34,OHIO,CLEVELAND,02,AIR,0.081000,0.072000,0.053000,0.050000,0.050000,0.064000
34,OHIO,CLEVELAND,02,CASINOS,0.319000,0.284500,0.205500,0.190500,0.190500,0.254500
34,OHIO,CLEVELAND,02,CONSTRUCTION,0.079000,0.072000,0.053000,0.047000,0.047000,0.061000
34,OHIO,CLEVELAND,02,EDUCATION,0.047000,0.042000,0.029000,0.027000,0.027000,0.037000
34,OHIO,CLEVELAND,02,EMERGENCY RESPONSE SERVICES,0.076000,0.068000,0.050000,0.045000,0.045000,0.060000
34,OHIO,CLEVELAND,02,ENTERTAINMENT AND RECREATION,0.201000,0.181000,0.130818,0.120273,0.120273,0.160182
34,OHIO,CLEVELAND,02,FOOD AND DRUGS PROCESSING,0.300000,0.269667,0.194667,0.179333,0.179333,0.239667
34,OHIO,CLEVELAND,02,GASOLINE SERVICE STATIONS,0.151000,0.139000,0.100000,0.092000,0.092000,0.121000
34,OHIO,CLEVELAND,02,GENERAL SERVICES,0.075500,0.067500,0.050000,0.043500,0.043500,0.061500
34,OHIO,CLEVELAND,02,GROUP INSTITUTIONAL HOUSING,0.161400,0.144800,0.104600,0.098200,0.098200,0.129200
34,OHIO,CLEVELAND,02,HEALTH CARE SERVICE,0.076000,0.068000,0.048000,0.043000,0.043000,0.060000
34,OHIO,CLEVELAND,02,HEAVY FABRICATION AND ASSEMBLY,0.237000,0.213000,0.155000,0.140000,0.140000,0.187000
34,OHIO,CLEVELAND,02,HIGHWAY,0.224000,0.201000,0.143000,0.132000,0.132000,0.179000
34,OHIO,CLEVELAND,02,LIGHT FABRICATION AND ASSEMBLY,0.245000,0.220667,0.159000,0.147333,0.147333,0.197667
34,OHIO,CLEVELAND,02,PERMANENT DWELLING (MULTI FAMILY HOUSING),0.166857,0.151071,0.109071,0.100786,0.100786,0.134786
34,OHIO,CLEVELAND,02,PERMANENT DWELLING (SINGLE FAMILY HOUSING),0.127000,0.114000,0.081000,0.077000,0.077000,0.105000
34,OHIO,CLEVELAND,02,PERSONAL AND REPAIR SERVICES,0.151778,0.136333,0.098667,0.090778,0.090778,0.120333
34,OHIO,CLEVELAND,02,PETROLEUM,0.147500,0.131000,0.095000,0.087500,0.087500,0.118000
34,OHIO,CLEVELAND,02,"PROFESSIONAL, TECHNICAL AND BUSINESS SERVICES",0.118000,0.105000,0.076000,0.069000,0.069000,0.093000
34,OHIO,CLEVELAND,02,RELIGION AND NONPROFIT,0.143800,0.129400,0.093800,0.086400,0.086400,0.115400
34,OHIO,CLEVELAND,02,RESTAURANTS,0.404500,0.364000,0.261000,0.244000,0.244000,0.324000
34,OHIO,CLEVELAND,02,RETAIL TRADE,0.207105,0.186474,0.134000,0.124000,0.124000,0.166000
34,OHIO,CLEVELAND,02,SANITARY SEWER,0.480000,0.435000,0.313000,0.290000,0.290000,0.387000
34,OHIO,CLEVELAND,02,TEMPORARY LODGING,0.247000,0.222250,0.160750,0.149250,0.149250,0.198500
34,OHIO,CLEVELAND,02,WHOLESALE TRADE,0.194200,0.173800,0.126200,0.117200,0.117200,0.154600
34,OHIO,COLUMBUS,03,AGRICULTURE,0.099000,0.088000,0.063000,0.059000,0.059000,0.079000
34,OHIO,COLUMBUS,03,AIR,0.050000,0.045000,0.033000,0.031000,0.031000,0.040000
34,OHIO,COLUMBUS,03,CASINOS,0.198500,0.177000,0.128000,0.118500,0.118500,0.158500
34,OHIO,COLUMBUS,03,CONSTRUCTION,0.049000,0.045000,0.033000,0.029000,0.029000,0.038000
34,OHIO,COLUMBUS,03,EDUCATION,0.029000,0.026000,0.018000,0.017000,0.017000,0.023000
34,OHIO,COLUMBUS,03,EMERGENCY RESPONSE SERVICES,0.047000,0.042000,0.031000,0.028000,0.028000,0.037000
34,OHIO,COLUMBUS,03,ENTERTAINMENT AND RECREATION,0.125091,0.112727,0.081273,0.074818,0.074818,0.099545
34,OHIO,COLUMBUS,03,FOOD AND DRUGS PROCESSING,0.186667,0.168000,0.121000,0.111667,0.111667,0.149333
34,OHIO,COLUMBUS,03,GASOLINE SERVICE STATIONS,0.094000,0.086000,0.062000,0.057000,0.057000,0.075000
34,OHIO,COLUMBUS,03,GENERAL SERVICES,0.047000,0.042000,0.031000,0.027000,0.027000,0.038000
34,OHIO,COLUMBUS,03,GROUP INSTITUTIONAL HOUSING,0.100800,0.090000,0.064800,0.060800,0.060800,0.080200
34,OHIO,COLUMBUS,03,HEALTH CARE SERVICE,0.047000,0.042000,0.030000,0.027000,0.027000,0.037000
34,OHIO,COLUMBUS,03,HEAVY FABRICATION AND ASSEMBLY,0.148000,0.133000,0.096000,0.087000,0.087000,0.116000
34,OHIO,COLUMBUS,03,HIGHWAY,0.140000,0.126000,0.089000,0.082000,0.082000,0.111000
34,OHIO,COLUMBUS,03,LIGHT FABRICATION AND ASSEMBLY,0.153000,0.137667,0.098667,0.091333,0.091333,0.123000
34,OHIO,COLUMBUS,03,PERMANENT DWELLING (MULTI FAMILY HOUSING),0.103857,0.093929,0.067571,0.062571,0.062571,0.083857
34,OHIO,COLUMBUS,03,PERMANENT DWELLING (SINGLE FAMILY HOUSING),0.079000,0.071000,0.050000,0.048000,0.048000,0.065000
34,OHIO,COLUMBUS,03,PERSONAL AND REPAIR SERVICES,0.094333,0.084778,0.061111,0.056444,0.056444,0.074778
34,OHIO,COLUMBUS,03,PETROLEUM,0.091500,0.081500,0.059000,0.054500,0.054500,0.073500
34,OHIO,COLUMBUS,03,"PROFESSIONAL, TECHNICAL AND BUSINESS SERVICES",0.073000,0.065000,0.047000,0.043000,0.043000,0.058000
34,OHIO,COLUMBUS,03,RELIGION AND NONPROFIT,0.089200,0.080400,0.058200,0.053600,0.053600,0.071800
34,OHIO,COLUMBUS,03,RESTAURANTS,0.252000,0.227000,0.162500,0.152000,0.152000,0.202000
34,OHIO,COLUMBUS,03,RETAIL TRADE,0.128895,0.116000,0.083316,0.077053,0.077053,0.103158
34,OHIO,COLUMBUS,03,SANITARY SEWER,0.299000,0.271000,0.195000,0.181000,0.181000,0.241000
34,OHIO,COLUMBUS,03,TEMPORARY LODGING,0.154000,0.138750,0.100000,0.093000,0.093000,0.123750
34,OHIO,COLUMBUS,03,WHOLESALE TRADE,0.120800,0.108200,0.078400,0.072800,0.072800,0.096000
34,OHIO,DAYTON,06,AGRICULTURE,0.097000,0.086000,0.062000,0.058000,0.058000,0.077000
34,OHIO,DAYTON,06,AIR,0.049000,0.044000,0.032000,0.030000,0.030000,0.039000
34,OHIO,DAYTON,06,CASINOS,0.194000,0.172500,0.125000,0.115500,0.115500,0.154500
34,OHIO,DAYTON,06,CONSTRUCTION,0.048000,0.044000,0.032000,0.028000,0.028000,0.037000
34,OHIO,DAYTON,06,EDUCATION,0.028000,0.025000,0.018000,0.017000,0.017000,0.023000
34,OHIO,DAYTON,06,EMERGENCY RESPONSE SERVICES,0.046000,0.041000,0.030000,0.027000,0.027000,0.036000
34,OHIO,DAYTON,06,ENTERTAINMENT AND RECREATION,0.122182,0.109909,0.079727,0.073273,0.073273,0.097273
34,OHIO,DAYTON,06,FOOD AND DRUGS PROCESSING,0.182000,0.164000,0.118000,0.109333,0.109333,0.145333
34,OHIO,DAYTON,06,GASOLINE SERVICE STATIONS,0.092000,0.084000,0.061000,0.056000,0.056000,0.073000
34,OHIO,DAYTON,06,GENERAL SERVICES,0.046000,0.041000,0.030000,0.026000,0.026000,0.037000
34,OHIO,DAYTON,06,GROUP INSTITUTIONAL HOUSING,0.098000,0.088400,0.063200,0.059200,0.059200,0.078600
34,OHIO,DAYTON,06,HEALTH CARE SERVICE,0.046000,0.041000,0.029000,0.026000,0.026000,0.036000
34,OHIO,DAYTON,06,HEAVY FABRICATION AND ASSEMBLY,0.144000,0.129000,0.094000,0.085000,0.085000,0.114000
34,OHIO,DAYTON,06,HIGHWAY,0.136000,0.122000,0.087000,0.080000,0.080000,0.109000
34,OHIO,DAYTON,06,LIGHT FABRICATION AND ASSEMBLY,0.148667,0.134000,0.096667,0.089333,0.089333,0.120333
34,OHIO,DAYTON,06,PERMANENT DWELLING (MULTI FAMILY HOUSING),0.101643,0.091857,0.066143,0.061357,0.061357,0.081786
34,OHIO,DAYTON,06,PERMANENT DWELLING (SINGLE FAMILY HOUSING),0.077000,0.070000,0.049000,0.047000,0.047000,0.064000
34,OHIO,DAYTON,06,PERSONAL AND REPAIR SERVICES,0.092111,0.083000,0.059778,0.055222,0.055222,0.073111
34,OHIO,DAYTON,06,PETROLEUM,0.089500,0.079500,0.058000,0.053500,0.053500,0.072000
34,OHIO,DAYTON,06,"PROFESSIONAL, TECHNICAL AND BUSINESS SERVICES",0.071000,0.064000,0.046000,0.042000,0.042000,0.057000
34,OHIO,DAYTON,06,RELIGION AND NONPROFIT,0.087600,0.078800,0.056800,0.052800,0.052800,0.070200
34,OHIO,DAYTON,06,RESTAURANTS,0.245500,0.221500,0.158500,0.148500,0.148500,0.197000
34,OHIO,DAYTON,06,RETAIL TRADE,0.126053,0.113263,0.081632,0.075579,0.075579,0.100684
34,OHIO,DAYTON,06,SANITARY SEWER,0.292000,0.264000,0.190000,0.176000,0.176000,0.235000
34,OHIO,DAYTON,06,TEMPORARY LODGING,0.150000,0.135000,0.097500,0.091000,0.091000,0.120750
34,OHIO,DAYTON,06,WHOLESALE TRADE,0.118200,0.105800,0.076800,0.071600,0.071600,0.093600
34,OHIO,TOLEDO,04,AGRICULTURE,0.185000,0.164000,0.118000,0.110000,0.110000,0.148000
34,OHIO,TOLEDO,04,AIR,0.093000,0.084000,0.062000,0.058000,0.058000,0.075000
34,OHIO,TOLEDO,04,CASINOS,0.370000,0.329500,0.238500,0.220500,0.220500,0.295000
34,OHIO,TOLEDO,04,CONSTRUCTION,0.092000,0.084000,0.062000,0.054000,0.054000,0.071000
34,OHIO,TOLEDO,04,EDUCATION,0.054000,0.049000,0.034000,0.032000,0.032000,0.043000
34,OHIO,TOLEDO,04,EMERGENCY RESPONSE SERVICES,0.088000,0.078000,0.058000,0.052000,0.052000,0.069000
34,OHIO,TOLEDO,04,ENTERTAINMENT AND RECREATION,0.233000,0.209909,0.151727,0.139545,0.139545,0.185636
34,OHIO,TOLEDO,04,FOOD AND DRUGS PROCESSING,0.347333,0.312667,0.225333,0.208000,0.208000,0.277667
34,OHIO,TOLEDO,04,GASOLINE SERVICE STATIONS,0.176000,0.161000,0.116000,0.106000,0.106000,0.140000
34,OHIO,TOLEDO,04,GENERAL SERVICES,0.088000,0.078500,0.058000,0.050500,0.050500,0.071000
34,OHIO,TOLEDO,04,GROUP INSTITUTIONAL HOUSING,0.187200,0.168200,0.121000,0.113800,0.113800,0.149600
34,OHIO,TOLEDO,04,HEALTH CARE SERVICE,0.088000,0.078000,0.056000,0.050000,0.050000,0.069000
34,OHIO,TOLEDO,04,HEAVY FABRICATION AND ASSEMBLY,0.275000,0.247000,0.179000,0.163000,0.163000,0.217000
34,OHIO,TOLEDO,04,HIGHWAY,0.260000,0.234000,0.166000,0.153000,0.153000,0.207000
34,OHIO,TOLEDO,04,LIGHT FABRICATION AND ASSEMBLY,0.284000,0.256000,0.184333,0.170667,0.170667,0.229000
34,OHIO,TOLEDO,04,PERMANENT DWELLING (MULTI FAMILY HOUSING),0.193643,0.175214,0.126214,0.116786,0.116786,0.156143
34,OHIO,TOLEDO,04,PERMANENT DWELLING (SINGLE FAMILY HOUSING),0.148000,0.133000,0.093000,0.090000,0.090000,0.121000
34,OHIO,TOLEDO,04,PERSONAL AND REPAIR SERVICES,0.175667,0.158111,0.114111,0.105556,0.105556,0.139444
34,OHIO,TOLEDO,04,PETROLEUM,0.170500,0.152500,0.110000,0.102000,0.102000,0.137500
34,OHIO,TOLEDO,04,"PROFESSIONAL, TECHNICAL AND BUSINESS SERVICES",0.136000,0.121000,0.088000,0.080000,0.080000,0.108000
34,OHIO,TOLEDO,04,RELIGION AND NONPROFIT,0.166800,0.150200,0.108600,0.100400,0.100400,0.134400
34,OHIO,TOLEDO,04,RESTAURANTS,0.469000,0.422000,0.302500,0.283000,0.283000,0.375500
34,OHIO,TOLEDO,04,RETAIL TRADE,0.240263,0.216000,0.155632,0.143789,0.143789,0.192526
34,OHIO,TOLEDO,04,SANITARY SEWER,0.557000,0.504000,0.362000,0.336000,0.336000,0.448000
34,OHIO,TOLEDO,04,TEMPORARY LODGING,0.286500,0.257750,0.186250,0.173250,0.173250,0.230250
34,OHIO,TOLEDO,04,WHOLESALE TRADE,0.225200,0.201800,0.146600,0.136000,0.136000,0.178800
34,OHIO,BALANCE OF STATE (OHIO),08,AGRICULTURE,0.099000,0.088000,0.063000,0.059000,0.059000,0.079000
34,OHIO,BALANCE OF STATE (OHIO),08,AIR,0.050000,0.045000,0.033000,0.031000,0.031000,0.040000
34,OHIO,BALANCE OF STATE (OHIO),08,CASINOS,0.198000,0.176500,0.127500,0.118000,0.118000,0.158000
34,OHIO,BALANCE OF STATE (OHIO),08,CONSTRUCTION,0.049000,0.045000,0.033000,0.029000,0.029000,0.038000
34,OHIO,BALANCE OF STATE (OHIO),08,EDUCATION,0.029000,0.026000,0.018000,0.017000,0.017000,0.023000
34,OHIO,BALANCE OF STATE (OHIO),08,EMERGENCY RESPONSE SERVICES,0.047000,0.042000,0.031000,0.028000,0.028000,0.037000
34,OHIO,BALANCE OF STATE (OHIO),08,ENTERTAINMENT AND RECREATION,0.124727,0.112364,0.081182,0.074727,0.074727,0.099455
34,OHIO,BALANCE OF STATE (OHIO),08,FOOD AND DRUGS PROCESSING,0.186000,0.167333,0.120667,0.111333,0.111333,0.148667
34,OHIO,BALANCE OF STATE (OHIO),08,GASOLINE SERVICE STATIONS,0.094000,0.086000,0.062000,0.057000,0.057000,0.075000
34,OHIO,BALANCE OF STATE (OHIO),08,GENERAL SERVICES,0.047000,0.042000,0.031000,0.027000,0.027000,0.038000
34,OHIO,BALANCE OF STATE (OHIO),08,GROUP INSTITUTIONAL HOUSING,0.100200,0.090000,0.064800,0.060800,0.060800,0.080200
34,OHIO,BALANCE OF STATE (OHIO),08,HEALTH CARE SERVICE,0.047000,0.042000,0.030000,0.027000,0.027000,0.037000
34,OHIO,BALANCE OF STATE (OHIO),08,HEAVY FABRICATION AND ASSEMBLY,0.147000,0.132000,0.096000,0.087000,0.087000,0.116000
34,OHIO,BALANCE OF STATE (OHIO),08,HIGHWAY,0.139000,0.125000,0.089000,0.082000,0.082000,0.111000
34,OHIO,BALANCE OF STATE (OHIO),08,LIGHT FABRICATION AND ASSEMBLY,0.152000,0.137000,0.098667,0.091333,0.091333,0.122667
34,OHIO,BALANCE OF STATE (OHIO),08,PERMANENT DWELLING (MULTI FAMILY HOUSING),0.103643,0.093714,0.067571,0.062571,0.062571,0.083643
34,OHIO,BALANCE OF STATE (OHIO),08,PERMANENT DWELLING (SINGLE FAMILY HOUSING),0.079000,0.071000,0.050000,0.048000,0.048000,0.065000
34,OHIO,BALANCE OF STATE (OHIO),08,PERSONAL AND REPAIR SERVICES,0.094111,0.084667,0.061111,0.056444,0.056444,0.074667
34,OHIO,BALANCE OF STATE (OHIO),08,PETROLEUM,0.091500,0.081500,0.059000,0.054500,0.054500,0.073500
34,OHIO,BALANCE OF STATE (OHIO),08,"PROFESSIONAL, TECHNICAL AND BUSINESS SERVICES",0.073000,0.065000,0.047000,0.043000,0.043000,0.058000
34,OHIO,BALANCE OF STATE (OHIO),08,RELIGION AND NONPROFIT,0.089200,0.080400,0.058200,0.053600,0.053600,0.071800
34,OHIO,BALANCE OF STATE (OHIO),08,RESTAURANTS,0.251000,0.226000,0.162000,0.151500,0.151500,0.201000
34,OHIO,BALANCE OF STATE (OHIO),08,RETAIL TRADE,0.128632,0.115737,0.083263,0.077000,0.077000,0.103053
34,OHIO,BALANCE OF STATE (OHIO),08,SANITARY SEWER,0.298000,0.270000,0.194000,0.180000,0.180000,0.240000
34,OHIO,BALANCE OF STATE (OHIO),08,TEMPORARY LODGING,0.153250,0.138000,0.099750,0.092750,0.092750,0.123250
34,OHIO,BALANCE OF STATE (OHIO),08,WHOLESALE TRADE,0.120600,0.108000,0.078400,0.072800,0.072800,0.095800
35,OKLAHOMA,CITY OF TULSA,02,AGRICULTURE,0.155000,0.141000,0.100000,0.095000,0.095000,0.123000
35,OKLAHOMA,CITY OF TULSA,02,AIR,0.078000,0.070000,0.051000,0.046000,0.046000,0.063000
35,OKLAHOMA,CITY OF TULSA,02,CASINOS,0.370000,0.332500,0.241500,0.221500,0.221500,0.296000
35,OKLAHOMA,CITY OF TULSA,02,CONSTRUCTION,0.180000,0.162000,0.117000,0.108000,0.108000,0.145000
35,OKLAHOMA,CITY OF TULSA,02,EDUCATION,0.107000,0.096000,0.069000,0.065000,0.065000,0.086000
35,OKLAHOMA,CITY OF TULSA,02,EMERGENCY RESPONSE SERVICES,0.098000,0.089000,0.065000,0.059000,0.059000,0.079000
35,OKLAHOMA,CITY OF TULSA,02,ENTERTAINMENT AND RECREATION,0.235273,0.211818,0.153182,0.141545,0.141545,0.188545
35,OKLAHOMA,CITY OF TULSA,02,FOOD AND DRUGS PROCESSING,0.467667,0.421667,0.304333,0.280000,0.280000,0.375333
35,OKLAHOMA,CITY OF TULSA,02,GASOLINE SERVICE STATIONS,0.145000,0.132000,0.093000,0.088000,0.088000,0.116000
35,OKLAHOMA,CITY OF TULSA,02,GENERAL SERVICES,0.099000,0.089500,0.064000,0.060000,0.060000,0.079500
35,OKLAHOMA,CITY OF TULSA,02,GROUP INSTITUTIONAL HOUSING,0.158600,0.143200,0.103000,0.095400,0.095400,0.127400
35,OKLAHOMA,CITY OF TULSA,02,HEALTH CARE SERVICE,0.127000,0.113000,0.081000,0.077000,0.077000,0.102000
35,OKLAHOMA,CITY OF TULSA,02,HEAVY FABRICATION AND ASSEMBLY,0.230000,0.206000,0.150000,0.136000,0.136000,0.184000
35,OKLAHOMA,CITY OF TULSA,02,HIGHWAY,0.218000,0.196000,0.142000,0.132000,0.132000,0.175000
35,OKLAHOMA,CITY OF TULSA,02,LIGHT FABRICATION AND ASSEMBLY,0.913667,0.824000,0.594333,0.551333,0.551333,0.734333
35,OKLAHOMA,CITY OF TULSA,02,PERMANENT DWELLING (MULTI FAMILY HOUSING),0.359071,0.323143,0.233357,0.216000,0.216000,0.287929
35,OKLAHOMA,CITY OF TULSA,02,PERMANENT DWELLING (SINGLE FAMILY HOUSING),0.109000,0.099000,0.072000,0.066000,0.066000,0.088000
35,OKLAHOMA,CITY OF TULSA,02,PERSONAL AND REPAIR SERVICES,0.230333,0.207444,0.149556,0.138111,0.138111,0.184556
35,OKLAHOMA,CITY OF TULSA,02,PETROLEUM,0.143000,0.130000,0.092500,0.086500,0.086500,0.114000
35,OKLAHOMA,CITY OF TULSA,02,"PROFESSIONAL, TECHNICAL AND BUSINESS SERVICES",0.093000,0.083000,0.060000,0.055000,0.055000,0.074000
35,OKLAHOMA,CITY OF TULSA,02,RELIGION AND NONPROFIT,0.129600,0.116600,0.085200,0.078600,0.078600,0.104000
35,OKLAHOMA,CITY OF TULSA,02,RESTAURANTS,0.259000,0.233000,0.168500,0.156500,0.156500,0.207500
35,OKLAHOMA,CITY OF TULSA,02,RETAIL TRADE,0.190263,0.171368,0.123526,0.114684,0.114684,0.151789
35,OKLAHOMA,CITY OF TULSA,02,SANITARY SEWER,0.472000,0.424000,0.306000,0.282000,0.282000,0.378000
35,OKLAHOMA,CITY OF TULSA,02,TEMPORARY LODGING,0.235000,0.212000,0.153000,0.141250,0.141250,0.188250
35,OKLAHOMA,CITY OF TULSA,02,WHOLESALE TRADE,0.189800,0.170200,0.122800,0.113600,0.113600,0.151200
35,OKLAHOMA,OKLAHOMA CITY,01,AGRICULTURE,0.131000,0.118000,0.085000,0.080000,0.080000,0.104000
35,OKLAHOMA,OKLAHOMA CITY,01,AIR,0.066000,0.059000,0.043000,0.039000,0.039000,0.053000
35,OKLAHOMA,OKLAHOMA CITY,01,CASINOS,0.312000,0.280500,0.203500,0.186500,0.186500,0.250000
35,OKLAHOMA,OKLAHOMA CITY,01,CONSTRUCTION,0.152000,0.137000,0.099000,0.091000,0.091000,0.122000
35,OKLAHOMA,OKLAHOMA CITY,01,EDUCATION,0.091000,0.081000,0.058000,0.054000,0.054000,0.072000
35,OKLAHOMA,OKLAHOMA CITY,01,EMERGENCY RESPONSE SERVICES,0.082000,0.075000,0.054000,0.050000,0.050000,0.067000
35,OKLAHOMA,OKLAHOMA CITY,01,ENTERTAINMENT AND RECREATION,0.198364,0.178545,0.129273,0.119545,0.119545,0.158727
35,OKLAHOMA,OKLAHOMA CITY,01,FOOD AND DRUGS PROCESSING,0.394333,0.355333,0.257000,0.236333,0.236333,0.316333
35,OKLAHOMA,OKLAHOMA CITY,01,GASOLINE SERVICE STATIONS,0.122000,0.111000,0.078000,0.074000,0.074000,0.098000
35,OKLAHOMA,OKLAHOMA CITY,01,GENERAL SERVICES,0.083500,0.075000,0.054000,0.050500,0.050500,0.067000
35,OKLAHOMA,OKLAHOMA CITY,01,GROUP INSTITUTIONAL HOUSING,0.133600,0.120200,0.086800,0.081000,0.081000,0.107600
35,OKLAHOMA,OKLAHOMA CITY,01,HEALTH CARE SERVICE,0.107000,0.095000,0.068000,0.065000,0.065000,0.086000
35,OKLAHOMA,OKLAHOMA CITY,01,HEAVY FABRICATION AND ASSEMBLY,0.194000,0.174000,0.127000,0.115000,0.115000,0.155000
35,OKLAHOMA,OKLAHOMA CITY,01,HIGHWAY,0.184000,0.166000,0.120000,0.111000,0.111000,0.148000
35,OKLAHOMA,OKLAHOMA CITY,01,LIGHT FABRICATION AND ASSEMBLY,0.770000,0.694667,0.501333,0.464667,0.464667,0.619000
35,OKLAHOMA,OKLAHOMA CITY,01,PERMANENT DWELLING (MULTI FAMILY HOUSING),0.303071,0.272214,0.196714,0.182214,0.182214,0.242429
35,OKLAHOMA,OKLAHOMA CITY,01,PERMANENT DWELLING (SINGLE FAMILY HOUSING),0.092000,0.083000,0.060000,0.056000,0.056000,0.074000
35,OKLAHOMA,OKLAHOMA CITY,01,PERSONAL AND REPAIR SERVICES,0.194111,0.174667,0.126333,0.116444,0.116444,0.155444
35,OKLAHOMA,OKLAHOMA CITY,01,PETROLEUM,0.120500,0.109500,0.078000,0.073000,0.073000,0.096000
35,OKLAHOMA,OKLAHOMA CITY,01,"PROFESSIONAL, TECHNICAL AND BUSINESS SERVICES",0.078000,0.070000,0.051000,0.046000,0.046000,0.063000
35,OKLAHOMA,OKLAHOMA CITY,01,RELIGION AND NONPROFIT,0.109600,0.098200,0.072200,0.066000,0.066000,0.088000
35,OKLAHOMA,OKLAHOMA CITY,01,RESTAURANTS,0.218000,0.196500,0.142000,0.132000,0.132000,0.175000
35,OKLAHOMA,OKLAHOMA CITY,01,RETAIL TRADE,0.160579,0.144368,0.104368,0.096737,0.096737,0.127947
35,OKLAHOMA,OKLAHOMA CITY,01,SANITARY SEWER,0.398000,0.358000,0.258000,0.238000,0.238000,0.319000
35,OKLAHOMA,OKLAHOMA CITY,01,TEMPORARY LODGING,0.198000,0.178750,0.129000,0.119250,0.119250,0.158750
35,OKLAHOMA,OKLAHOMA CITY,01,WHOLESALE TRADE,0.160000,0.143600,0.103600,0.095600,0.095600,0.127400
35,OKLAHOMA,BALANCE OF STATE (OKLAHOMA),08,AGRICULTURE,0.178000,0.161000,0.115000,0.109000,0.109000,0.141000
35,OKLAHOMA,BALANCE OF STATE (OKLAHOMA),08,AIR,0.089000,0.080000,0.058000,0.053000,0.053000,0.072000
35,OKLAHOMA,BALANCE OF STATE (OKLAHOMA),08,CASINOS,0.423500,0.380500,0.276500,0.253500,0.253500,0.339500
35,OKLAHOMA,BALANCE OF STATE (OKLAHOMA),08,CONSTRUCTION,0.206000,0.186000,0.134000,0.124000,0.124000,0.166000
35,OKLAHOMA,BALANCE OF STATE (OKLAHOMA),08,EDUCATION,0.123000,0.110000,0.079000,0.074000,0.074000,0.098000
35,OKLAHOMA,BALANCE OF STATE (OKLAHOMA),08,EMERGENCY RESPONSE SERVICES,0.112000,0.102000,0.074000,0.068000,0.068000,0.091000
35,OKLAHOMA,BALANCE OF STATE (OKLAHOMA),08,ENTERTAINMENT AND RECREATION,0.269636,0.242636,0.175636,0.162182,0.162182,0.215818
35,OKLAHOMA,BALANCE OF STATE (OKLAHOMA),08,FOOD AND DRUGS PROCESSING,0.536000,0.482667,0.349000,0.321000,0.321000,0.430000
35,OKLAHOMA,BALANCE OF STATE (OKLAHOMA),08,GASOLINE SERVICE STATIONS,0.166000,0.151000,0.106000,0.101000,0.101000,0.133000
35,OKLAHOMA,BALANCE OF STATE (OKLAHOMA),08,GENERAL SERVICES,0.113500,0.102000,0.073500,0.068500,0.068500,0.091000
35,OKLAHOMA,BALANCE OF STATE (OKLAHOMA),08,GROUP INSTITUTIONAL HOUSING,0.181600,0.163800,0.118000,0.109600,0.109600,0.146000
35,OKLAHOMA,BALANCE OF STATE (OKLAHOMA),08,HEALTH CARE SERVICE,0.145000,0.129000,0.093000,0.088000,0.088000,0.117000
35,OKLAHOMA,BALANCE OF STATE (OKLAHOMA),08,HEAVY FABRICATION AND ASSEMBLY,0.263000,0.236000,0.172000,0.156000,0.156000,0.211000
35,OKLAHOMA,BALANCE OF STATE (OKLAHOMA),08,HIGHWAY,0.250000,0.225000,0.163000,0.151000,0.151000,0.201000
35,OKLAHOMA,BALANCE OF STATE (OKLAHOMA),08,LIGHT FABRICATION AND ASSEMBLY,1.046333,0.944000,0.681000,0.631333,0.631333,0.841333
35,OKLAHOMA,BALANCE OF STATE (OKLAHOMA),08,PERMANENT DWELLING (MULTI FAMILY HOUSING),0.411500,0.370143,0.267357,0.247429,0.247429,0.329643
35,OKLAHOMA,BALANCE OF STATE (OKLAHOMA),08,PERMANENT DWELLING (SINGLE FAMILY HOUSING),0.125000,0.113000,0.082000,0.076000,0.076000,0.101000
35,OKLAHOMA,BALANCE OF STATE (OKLAHOMA),08,PERSONAL AND REPAIR SERVICES,0.263667,0.237444,0.171444,0.158222,0.158222,0.211333
35,OKLAHOMA,BALANCE OF STATE (OKLAHOMA),08,PETROLEUM,0.163500,0.148500,0.106000,0.099000,0.099000,0.130500
35,OKLAHOMA,BALANCE OF STATE (OKLAHOMA),08,"PROFESSIONAL, TECHNICAL AND BUSINESS SERVICES",0.106000,0.095000,0.069000,0.063000,0.063000,0.085000
35,OKLAHOMA,BALANCE OF STATE (OKLAHOMA),08,RELIGION AND NONPROFIT,0.148800,0.133400,0.097800,0.089800,0.089800,0.119200
35,OKLAHOMA,BALANCE OF STATE (OKLAHOMA),08,RESTAURANTS,0.296500,0.267000,0.193000,0.179500,0.179500,0.237500
35,OKLAHOMA,BALANCE OF STATE (OKLAHOMA),08,RETAIL TRADE,0.218053,0.196211,0.141684,0.131474,0.131474,0.173842
35,OKLAHOMA,BALANCE OF STATE (OKLAHOMA),08,SANITARY SEWER,0.541000,0.486000,0.350000,0.323000,0.323000,0.433000
35,OKLAHOMA,BALANCE OF STATE (OKLAHOMA),08,TEMPORARY LODGING,0.269250,0.242750,0.175250,0.161750,0.161750,0.215750
35,OKLAHOMA,BALANCE OF STATE (OKLAHOMA),08,WHOLESALE TRADE,0.217400,0.195200,0.140800,0.130000,0.130000,0.173200
36,OREGON,PORTLAND,01,AGRICULTURE,0.064000,0.056000,0.039000,0.037000,0.037000,0.050000
36,OREGON,PORTLAND,01,AIR,0.017000,0.016000,0.011000,0.010000,0.010000,0.013000
36,OREGON,PORTLAND,01,CASINOS,0.103000,0.093500,0.067000,0.061500,0.061500,0.083000
36,OREGON,PORTLAND,01,CONSTRUCTION,0.016000,0.015000,0.012000,0.010000,0.010000,0.013000
36,OREGON,PORTLAND,01,EDUCATION,0.030000,0.026000,0.019000,0.018000,0.018000,0.024000
36,OREGON,PORTLAND,01,EMERGENCY RESPONSE SERVICES,0.010000,0.010000,0.007000,0.006000,0.006000,0.009000
36,OREGON,PORTLAND,01,ENTERTAINMENT AND RECREATION,0.066000,0.059364,0.042545,0.039000,0.039000,0.052909
36,OREGON,PORTLAND,01,FOOD AND DRUGS PROCESSING,0.088667,0.080000,0.057667,0.054000,0.054000,0.071333
36,OREGON,PORTLAND,01,GASOLINE SERVICE STATIONS,0.033000,0.029000,0.021000,0.020000,0.020000,0.026000
36,OREGON,PORTLAND,01,GENERAL SERVICES,0.010000,0.010000,0.007000,0.006000,0.006000,0.008500
36,OREGON,PORTLAND,01,GROUP INSTITUTIONAL HOUSING,0.036000,0.032600,0.023800,0.021400,0.021400,0.029600
36,OREGON,PORTLAND,01,HEALTH CARE SERVICE,0.012000,0.011000,0.008000,0.008000,0.008000,0.010000
36,OREGON,PORTLAND,01,HEAVY FABRICATION AND ASSEMBLY,0.060000,0.054000,0.040000,0.036000,0.036000,0.049000
36,OREGON,PORTLAND,01,HIGHWAY,0.057000,0.052000,0.038000,0.034000,0.034000,0.046000
36,OREGON,PORTLAND,01,LIGHT FABRICATION AND ASSEMBLY,0.066333,0.060000,0.043333,0.039667,0.039667,0.053000
36,OREGON,PORTLAND,01,PERMANENT DWELLING (MULTI FAMILY HOUSING),0.056571,0.051286,0.037071,0.034357,0.034357,0.045286
36,OREGON,PORTLAND,01,PERMANENT DWELLING (SINGLE FAMILY HOUSING),0.027000,0.026000,0.018000,0.017000,0.017000,0.023000
36,OREGON,PORTLAND,01,PERSONAL AND REPAIR SERVICES,0.050222,0.045667,0.032667,0.030222,0.030222,0.040778
36,OREGON,PORTLAND,01,PETROLEUM,0.038000,0.034000,0.024500,0.023000,0.023000,0.030500
36,OREGON,PORTLAND,01,"PROFESSIONAL, TECHNICAL AND BUSINESS SERVICES",0.032000,0.029000,0.022000,0.019000,0.019000,0.026000
36,OREGON,PORTLAND,01,RELIGION AND NONPROFIT,0.035800,0.031800,0.022400,0.021800,0.021800,0.029000
36,OREGON,PORTLAND,01,RESTAURANTS,0.067500,0.061000,0.044000,0.040500,0.040500,0.054000
36,OREGON,PORTLAND,01,RETAIL TRADE,0.073474,0.066000,0.047211,0.043526,0.043526,0.058684
36,OREGON,PORTLAND,01,SANITARY SEWER,0.125000,0.112000,0.080000,0.074000,0.074000,0.100000
36,OREGON,PORTLAND,01,TEMPORARY LODGING,0.050000,0.044750,0.032500,0.029750,0.029750,0.040000
36,OREGON,PORTLAND,01,WHOLESALE TRADE,0.050400,0.045200,0.032600,0.030200,0.030200,0.040000
36,OREGON,BALANCE OF STATE (OREGON),08,AGRICULTURE,0.118000,0.104000,0.073000,0.069000,0.069000,0.093000
36,OREGON,BALANCE OF STATE (OREGON),08,AIR,0.032000,0.029000,0.021000,0.019000,0.019000,0.025000
36,OREGON,BALANCE OF STATE (OREGON),08,CASINOS,0.191500,0.174000,0.124000,0.114000,0.114000,0.154000
36,OREGON,BALANCE OF STATE (OREGON),08,CONSTRUCTION,0.030000,0.027000,0.022000,0.018000,0.018000,0.025000
36,OREGON,BALANCE OF STATE (OREGON),08,EDUCATION,0.055000,0.049000,0.035000,0.033000,0.033000,0.045000
36,OREGON,BALANCE OF STATE (OREGON),08,EMERGENCY RESPONSE SERVICES,0.018000,0.018000,0.013000,0.012000,0.012000,0.016000
36,OREGON,BALANCE OF STATE (OREGON),08,ENTERTAINMENT AND RECREATION,0.122455,0.110000,0.078818,0.072182,0.072182,0.098182
36,OREGON,BALANCE OF STATE (OREGON),08,FOOD AND DRUGS PROCESSING,0.164667,0.148667,0.107000,0.099667,0.099667,0.132333
36,OREGON,BALANCE OF STATE (OREGON),08,GASOLINE SERVICE STATIONS,0.061000,0.053000,0.039000,0.037000,0.037000,0.048000
36,OREGON,BALANCE OF STATE (OREGON),08,GENERAL SERVICES,0.018500,0.018000,0.013000,0.012000,0.012000,0.015500
36,OREGON,BALANCE OF STATE (OREGON),08,GROUP INSTITUTIONAL HOUSING,0.067200,0.060800,0.044000,0.040200,0.040200,0.054800
36,OREGON,BALANCE OF STATE (OREGON),08,HEALTH CARE SERVICE,0.023000,0.021000,0.015000,0.014000,0.014000,0.019000
36,OREGON,BALANCE OF STATE (OREGON),08,HEAVY FABRICATION AND ASSEMBLY,0.112000,0.101000,0.075000,0.067000,0.067000,0.090000
36,OREGON,BALANCE OF STATE (OREGON),08,HIGHWAY,0.106000,0.097000,0.070000,0.064000,0.064000,0.086000
36,OREGON,BALANCE OF STATE (OREGON),08,LIGHT FABRICATION AND ASSEMBLY,0.122667,0.111333,0.080000,0.074000,0.074000,0.098333
36,OREGON,BALANCE OF STATE (OREGON),08,PERMANENT DWELLING (MULTI FAMILY HOUSING),0.105000,0.095071,0.068929,0.063571,0.063571,0.083929
36,OREGON,BALANCE OF STATE (OREGON),08,PERMANENT DWELLING (SINGLE FAMILY HOUSING),0.051000,0.049000,0.034000,0.031000,0.031000,0.043000
36,OREGON,BALANCE OF STATE (OREGON),08,PERSONAL AND REPAIR SERVICES,0.093222,0.084778,0.060667,0.056222,0.056222,0.075444
36,OREGON,BALANCE OF STATE (OREGON),08,PETROLEUM,0.070500,0.063000,0.045500,0.042500,0.042500,0.056500
36,OREGON,BALANCE OF STATE (OREGON),08,"PROFESSIONAL, TECHNICAL AND BUSINESS SERVICES",0.060000,0.054000,0.040000,0.036000,0.036000,0.048000
36,OREGON,BALANCE OF STATE (OREGON),08,RELIGION AND NONPROFIT,0.066000,0.059200,0.042200,0.040600,0.040600,0.053600
36,OREGON,BALANCE OF STATE (OREGON),08,RESTAURANTS,0.125500,0.113000,0.081500,0.075500,0.075500,0.100500
36,OREGON,BALANCE OF STATE (OREGON),08,RETAIL TRADE,0.136263,0.122316,0.087737,0.080737,0.080737,0.108947
36,OREGON,BALANCE OF STATE (OREGON),08,SANITARY SEWER,0.231000,0.208000,0.148000,0.138000,0.138000,0.186000
36,OREGON,BALANCE OF STATE (OREGON),08,TEMPORARY LODGING,0.092500,0.083000,0.060000,0.055000,0.055000,0.074250
36,OREGON,BALANCE OF STATE (OREGON),08,WHOLESALE TRADE,0.093200,0.083800,0.060600,0.055800,0.055800,0.074200
37,PENNSYLVANIA,PHILADELPHIA,04,AGRICULTURE,0.144000,0.130000,0.095000,0.088000,0.088000,0.119000
37,PENNSYLVANIA,PHILADELPHIA,04,AIR,0.061000,0.055000,0.039000,0.039000,0.039000,0.048000
37,PENNSYLVANIA,PHILADELPHIA,04,CASINOS,0.236500,0.213500,0.156500,0.142500,0.142500,0.189500
37,PENNSYLVANIA,PHILADELPHIA,04,CONSTRUCTION,0.093000,0.080000,0.058000,0.051000,0.051000,0.072000
37,PENNSYLVANIA,PHILADELPHIA,04,EDUCATION,0.066000,0.056000,0.042000,0.039000,0.039000,0.050000
37,PENNSYLVANIA,PHILADELPHIA,04,EMERGENCY RESPONSE SERVICES,0.091000,0.082000,0.059000,0.056000,0.056000,0.072000
37,PENNSYLVANIA,PHILADELPHIA,04,ENTERTAINMENT AND RECREATION,0.151091,0.134909,0.097455,0.091364,0.091364,0.119636
37,PENNSYLVANIA,PHILADELPHIA,04,FOOD AND DRUGS PROCESSING,0.340667,0.307667,0.221000,0.202667,0.202667,0.272333
37,PENNSYLVANIA,PHILADELPHIA,04,GASOLINE SERVICE STATIONS,0.114000,0.103000,0.077000,0.071000,0.071000,0.091000
37,PENNSYLVANIA,PHILADELPHIA,04,GENERAL SERVICES,0.091500,0.079000,0.059500,0.055500,0.055500,0.073000
37,PENNSYLVANIA,PHILADELPHIA,04,GROUP INSTITUTIONAL HOUSING,0.240200,0.216400,0.154400,0.144600,0.144600,0.193000
37,PENNSYLVANIA,PHILADELPHIA,04,HEALTH CARE SERVICE,0.055000,0.048000,0.034000,0.032000,0.032000,0.045000
37,PENNSYLVANIA,PHILADELPHIA,04,HEAVY FABRICATION AND ASSEMBLY,0.212000,0.191000,0.140000,0.128000,0.128000,0.170000
37,PENNSYLVANIA,PHILADELPHIA,04,HIGHWAY,0.204000,0.186000,0.133000,0.122000,0.122000,0.164000
37,PENNSYLVANIA,PHILADELPHIA,04,LIGHT FABRICATION AND ASSEMBLY,0.343000,0.309000,0.223333,0.207667,0.207667,0.276000
37,PENNSYLVANIA,PHILADELPHIA,04,PERMANENT DWELLING (MULTI FAMILY HOUSING),0.442357,0.399286,0.287857,0.266071,0.266071,0.354786
37,PENNSYLVANIA,PHILADELPHIA,04,PERMANENT DWELLING (SINGLE FAMILY HOUSING),0.218000,0.194000,0.143000,0.136000,0.136000,0.172000
37,PENNSYLVANIA,PHILADELPHIA,04,PERSONAL AND REPAIR SERVICES,0.164667,0.147222,0.106556,0.098111,0.098111,0.131667
37,PENNSYLVANIA,PHILADELPHIA,04,PETROLEUM,0.132000,0.120000,0.085500,0.080000,0.080000,0.108000
37,PENNSYLVANIA,PHILADELPHIA,04,"PROFESSIONAL, TECHNICAL AND BUSINESS SERVICES",0.151000,0.138000,0.098000,0.090000,0.090000,0.120000
37,PENNSYLVANIA,PHILADELPHIA,04,RELIGION AND NONPROFIT,0.223600,0.201800,0.146800,0.134600,0.134600,0.178400
37,PENNSYLVANIA,PHILADELPHIA,04,RESTAURANTS,0.235000,0.211000,0.152500,0.142000,0.142000,0.188500
37,PENNSYLVANIA,PHILADELPHIA,04,RETAIL TRADE,0.176579,0.159000,0.115684,0.106474,0.106474,0.142526
37,PENNSYLVANIA,PHILADELPHIA,04,SANITARY SEWER,0.440000,0.393000,0.286000,0.263000,0.263000,0.350000
37,PENNSYLVANIA,PHILADELPHIA,04,TEMPORARY LODGING,0.333000,0.299000,0.216500,0.199750,0.199750,0.266000
37,PENNSYLVANIA,PHILADELPHIA,04,WHOLESALE TRADE,0.177000,0.159000,0.114800,0.105800,0.105800,0.140600
37,PENNSYLVANIA,PITTSBURGH,05,AGRICULTURE,0.100000,0.090000,0.066000,0.061000,0.061000,0.082000
37,PENNSYLVANIA,PITTSBURGH,05,AIR,0.042000,0.038000,0.027000,0.027000,0.027000,0.033000
37,PENNSYLVANIA,PITTSBURGH,05,CASINOS,0.164000,0.148000,0.108500,0.099000,0.099000,0.131500
37,PENNSYLVANIA,PITTSBURGH,05,CONSTRUCTION,0.065000,0.056000,0.040000,0.036000,0.036000,0.050000
37,PENNSYLVANIA,PITTSBURGH,05,EDUCATION,0.046000,0.039000,0.029000,0.027000,0.027000,0.035000
37,PENNSYLVANIA,PITTSBURGH,05,EMERGENCY RESPONSE SERVICES,0.063000,0.057000,0.041000,0.039000,0.039000,0.050000
37,PENNSYLVANIA,PITTSBURGH,05,ENTERTAINMENT AND RECREATION,0.104636,0.093545,0.067727,0.063364,0.063364,0.083000
37,PENNSYLVANIA,PITTSBURGH,05,FOOD AND DRUGS PROCESSING,0.236333,0.213333,0.153333,0.140333,0.140333,0.189000
37,PENNSYLVANIA,PITTSBURGH,05,GASOLINE SERVICE STATIONS,0.079000,0.071000,0.053000,0.049000,0.049000,0.063000
37,PENNSYLVANIA,PITTSBURGH,05,GENERAL SERVICES,0.063500,0.055000,0.041000,0.038500,0.038500,0.050500
37,PENNSYLVANIA,PITTSBURGH,05,GROUP INSTITUTIONAL HOUSING,0.166600,0.150000,0.107000,0.100400,0.100400,0.133800
37,PENNSYLVANIA,PITTSBURGH,05,HEALTH CARE SERVICE,0.038000,0.033000,0.023000,0.022000,0.022000,0.031000
37,PENNSYLVANIA,PITTSBURGH,05,HEAVY FABRICATION AND ASSEMBLY,0.147000,0.132000,0.097000,0.089000,0.089000,0.118000
37,PENNSYLVANIA,PITTSBURGH,05,HIGHWAY,0.141000,0.129000,0.092000,0.085000,0.085000,0.114000
37,PENNSYLVANIA,PITTSBURGH,05,LIGHT FABRICATION AND ASSEMBLY,0.237667,0.214000,0.154667,0.144000,0.144000,0.191333
37,PENNSYLVANIA,PITTSBURGH,05,PERMANENT DWELLING (MULTI FAMILY HOUSING),0.306571,0.276857,0.199500,0.184786,0.184786,0.245857
37,PENNSYLVANIA,PITTSBURGH,05,PERMANENT DWELLING (SINGLE FAMILY HOUSING),0.151000,0.135000,0.099000,0.095000,0.095000,0.119000
37,PENNSYLVANIA,PITTSBURGH,05,PERSONAL AND REPAIR SERVICES,0.114222,0.102111,0.074111,0.068000,0.068000,0.091333
37,PENNSYLVANIA,PITTSBURGH,05,PETROLEUM,0.092000,0.083000,0.059500,0.055500,0.055500,0.075000
37,PENNSYLVANIA,PITTSBURGH,05,"PROFESSIONAL, TECHNICAL AND BUSINESS SERVICES",0.105000,0.096000,0.068000,0.062000,0.062000,0.083000
37,PENNSYLVANIA,PITTSBURGH,05,RELIGION AND NONPROFIT,0.155200,0.140400,0.101800,0.093600,0.093600,0.123400
37,PENNSYLVANIA,PITTSBURGH,05,RESTAURANTS,0.163000,0.146500,0.105500,0.098500,0.098500,0.131000
37,PENNSYLVANIA,PITTSBURGH,05,RETAIL TRADE,0.122474,0.110211,0.080105,0.073842,0.073842,0.098684
37,PENNSYLVANIA,PITTSBURGH,05,SANITARY SEWER,0.305000,0.273000,0.198000,0.183000,0.183000,0.243000
37,PENNSYLVANIA,PITTSBURGH,05,TEMPORARY LODGING,0.231000,0.207250,0.150250,0.138500,0.138500,0.184250
37,PENNSYLVANIA,PITTSBURGH,05,WHOLESALE TRADE,0.122600,0.110200,0.079800,0.073400,0.073400,0.097400
37,PENNSYLVANIA,ZONE 1,01,AGRICULTURE,0.090000,0.081000,0.059000,0.055000,0.055000,0.074000
37,PENNSYLVANIA,ZONE 1,01,AIR,0.038000,0.034000,0.024000,0.024000,0.024000,0.030000
37,PENNSYLVANIA,ZONE 1,01,CASINOS,0.147500,0.133000,0.097500,0.089000,0.089000,0.118000
37,PENNSYLVANIA,ZONE 1,01,CONSTRUCTION,0.058000,0.050000,0.036000,0.032000,0.032000,0.045000
37,PENNSYLVANIA,ZONE 1,01,EDUCATION,0.041000,0.035000,0.026000,0.024000,0.024000,0.031000
37,PENNSYLVANIA,ZONE 1,01,EMERGENCY RESPONSE SERVICES,0.057000,0.051000,0.037000,0.035000,0.035000,0.045000
37,PENNSYLVANIA,ZONE 1,01,ENTERTAINMENT AND RECREATION,0.094091,0.084000,0.060818,0.056909,0.056909,0.074636
37,PENNSYLVANIA,ZONE 1,01,FOOD AND DRUGS PROCESSING,0.212333,0.191667,0.137667,0.126333,0.126333,0.169667
37,PENNSYLVANIA,ZONE 1,01,GASOLINE SERVICE STATIONS,0.071000,0.064000,0.048000,0.044000,0.044000,0.057000
37,PENNSYLVANIA,ZONE 1,01,GENERAL SERVICES,0.057000,0.049500,0.037000,0.034500,0.034500,0.045500
37,PENNSYLVANIA,ZONE 1,01,GROUP INSTITUTIONAL HOUSING,0.149600,0.135000,0.096200,0.090200,0.090200,0.120200
37,PENNSYLVANIA,ZONE 1,01,HEALTH CARE SERVICE,0.034000,0.030000,0.021000,0.020000,0.020000,0.028000
37,PENNSYLVANIA,ZONE 1,01,HEAVY FABRICATION AND ASSEMBLY,0.132000,0.119000,0.087000,0.080000,0.080000,0.106000
37,PENNSYLVANIA,ZONE 1,01,HIGHWAY,0.127000,0.116000,0.083000,0.076000,0.076000,0.102000
37,PENNSYLVANIA,ZONE 1,01,LIGHT FABRICATION AND ASSEMBLY,0.213667,0.192333,0.139000,0.129333,0.129333,0.172000
37,PENNSYLVANIA,ZONE 1,01,PERMANENT DWELLING (MULTI FAMILY HOUSING),0.275500,0.248714,0.179429,0.165786,0.165786,0.221000
37,PENNSYLVANIA,ZONE 1,01,PERMANENT DWELLING (SINGLE FAMILY HOUSING),0.136000,0.121000,0.089000,0.085000,0.085000,0.107000
37,PENNSYLVANIA,ZONE 1,01,PERSONAL AND REPAIR SERVICES,0.102556,0.091778,0.066444,0.061222,0.061222,0.082111
37,PENNSYLVANIA,ZONE 1,01,PETROLEUM,0.082500,0.074500,0.053500,0.050000,0.050000,0.067500
37,PENNSYLVANIA,ZONE 1,01,"PROFESSIONAL, TECHNICAL AND BUSINESS SERVICES",0.094000,0.086000,0.061000,0.056000,0.056000,0.075000
37,PENNSYLVANIA,ZONE 1,01,RELIGION AND NONPROFIT,0.139200,0.125800,0.091400,0.084000,0.084000,0.111000
37,PENNSYLVANIA,ZONE 1,01,RESTAURANTS,0.146500,0.131500,0.095000,0.088500,0.088500,0.117500
37,PENNSYLVANIA,ZONE 1,01,RETAIL TRADE,0.110105,0.099053,0.072000,0.066368,0.066368,0.088737
37,PENNSYLVANIA,ZONE 1,01,SANITARY SEWER,0.274000,0.245000,0.178000,0.164000,0.164000,0.218000
37,PENNSYLVANIA,ZONE 1,01,TEMPORARY LODGING,0.207500,0.186250,0.135000,0.124500,0.124500,0.165750
37,PENNSYLVANIA,ZONE 1,01,WHOLESALE TRADE,0.110200,0.099200,0.071600,0.066000,0.066000,0.087600
37,PENNSYLVANIA,ZONE 2,02,AGRICULTURE,0.073000,0.066000,0.048000,0.045000,0.045000,0.060000
37,PENNSYLVANIA,ZONE 2,02,AIR,0.031000,0.028000,0.019000,0.019000,0.019000,0.024000
37,PENNSYLVANIA,ZONE 2,02,CASINOS,0.119500,0.107500,0.079000,0.072000,0.072000,0.095500
37,PENNSYLVANIA,ZONE 2,02,CONSTRUCTION,0.047000,0.041000,0.029000,0.026000,0.026000,0.036000
37,PENNSYLVANIA,ZONE 2,02,EDUCATION,0.033000,0.028000,0.021000,0.019000,0.019000,0.025000
37,PENNSYLVANIA,ZONE 2,02,EMERGENCY RESPONSE SERVICES,0.046000,0.041000,0.030000,0.028000,0.028000,0.036000
37,PENNSYLVANIA,ZONE 2,02,ENTERTAINMENT AND RECREATION,0.076182,0.068000,0.049364,0.046273,0.046273,0.060455
37,PENNSYLVANIA,ZONE 2,02,FOOD AND DRUGS PROCESSING,0.171667,0.155333,0.111333,0.102333,0.102333,0.137667
37,PENNSYLVANIA,ZONE 2,02,GASOLINE SERVICE STATIONS,0.058000,0.052000,0.039000,0.036000,0.036000,0.046000
37,PENNSYLVANIA,ZONE 2,02,GENERAL SERVICES,0.046500,0.040000,0.030000,0.028000,0.028000,0.036500
37,PENNSYLVANIA,ZONE 2,02,GROUP INSTITUTIONAL HOUSING,0.121200,0.109200,0.078000,0.073200,0.073200,0.097000
37,PENNSYLVANIA,ZONE 2,02,HEALTH CARE SERVICE,0.028000,0.024000,0.017000,0.016000,0.016000,0.023000
37,PENNSYLVANIA,ZONE 2,02,HEAVY FABRICATION AND ASSEMBLY,0.107000,0.096000,0.070000,0.065000,0.065000,0.086000
37,PENNSYLVANIA,ZONE 2,02,HIGHWAY,0.103000,0.094000,0.067000,0.062000,0.062000,0.083000
37,PENNSYLVANIA,ZONE 2,02,LIGHT FABRICATION AND ASSEMBLY,0.173000,0.156000,0.112667,0.104667,0.104667,0.139333
37,PENNSYLVANIA,ZONE 2,02,PERMANENT DWELLING (MULTI FAMILY HOUSING),0.223143,0.201500,0.145286,0.134357,0.134357,0.179143
37,PENNSYLVANIA,ZONE 2,02,PERMANENT DWELLING (SINGLE FAMILY HOUSING),0.110000,0.098000,0.072000,0.069000,0.069000,0.087000
37,PENNSYLVANIA,ZONE 2,02,PERSONAL AND REPAIR SERVICES,0.083000,0.074444,0.053778,0.049556,0.049556,0.066444
37,PENNSYLVANIA,ZONE 2,02,PETROLEUM,0.067000,0.060000,0.043500,0.040500,0.040500,0.055000
37,PENNSYLVANIA,ZONE 2,02,"PROFESSIONAL, TECHNICAL AND BUSINESS SERVICES",0.076000,0.070000,0.049000,0.045000,0.045000,0.061000
37,PENNSYLVANIA,ZONE 2,02,RELIGION AND NONPROFIT,0.112800,0.101600,0.074000,0.068000,0.068000,0.090000
37,PENNSYLVANIA,ZONE 2,02,RESTAURANTS,0.118500,0.106500,0.077000,0.071500,0.071500,0.095000
37,PENNSYLVANIA,ZONE 2,02,RETAIL TRADE,0.089263,0.080211,0.058368,0.053895,0.053895,0.071947
37,PENNSYLVANIA,ZONE 2,02,SANITARY SEWER,0.222000,0.198000,0.144000,0.133000,0.133000,0.177000
37,PENNSYLVANIA,ZONE 2,02,TEMPORARY LODGING,0.168250,0.150750,0.109500,0.100750,0.100750,0.134250
37,PENNSYLVANIA,ZONE 2,02,WHOLESALE TRADE,0.089400,0.080400,0.058200,0.053600,0.053600,0.071000
37,PENNSYLVANIA,ZONE 3,03,AGRICULTURE,0.112000,0.101000,0.073000,0.068000,0.068000,0.092000
37,PENNSYLVANIA,ZONE 3,03,AIR,0.047000,0.042000,0.030000,0.030000,0.030000,0.037000
37,PENNSYLVANIA,ZONE 3,03,CASINOS,0.183000,0.165000,0.121000,0.110500,0.110500,0.146500
37,PENNSYLVANIA,ZONE 3,03,CONSTRUCTION,0.072000,0.062000,0.045000,0.040000,0.040000,0.056000
37,PENNSYLVANIA,ZONE 3,03,EDUCATION,0.051000,0.044000,0.032000,0.030000,0.030000,0.039000
37,PENNSYLVANIA,ZONE 3,03,EMERGENCY RESPONSE SERVICES,0.071000,0.063000,0.046000,0.044000,0.044000,0.056000
37,PENNSYLVANIA,ZONE 3,03,ENTERTAINMENT AND RECREATION,0.117000,0.104364,0.075545,0.070727,0.070727,0.092818
37,PENNSYLVANIA,ZONE 3,03,FOOD AND DRUGS PROCESSING,0.263667,0.238000,0.171000,0.157000,0.157000,0.211000
37,PENNSYLVANIA,ZONE 3,03,GASOLINE SERVICE STATIONS,0.088000,0.080000,0.060000,0.055000,0.055000,0.071000
37,PENNSYLVANIA,ZONE 3,03,GENERAL SERVICES,0.070500,0.061500,0.046000,0.043000,0.043000,0.056500
37,PENNSYLVANIA,ZONE 3,03,GROUP INSTITUTIONAL HOUSING,0.186200,0.167600,0.119800,0.112000,0.112000,0.149400
37,PENNSYLVANIA,ZONE 3,03,HEALTH CARE SERVICE,0.042000,0.037000,0.026000,0.025000,0.025000,0.035000
37,PENNSYLVANIA,ZONE 3,03,HEAVY FABRICATION AND ASSEMBLY,0.164000,0.148000,0.108000,0.099000,0.099000,0.132000
37,PENNSYLVANIA,ZONE 3,03,HIGHWAY,0.158000,0.144000,0.103000,0.094000,0.094000,0.127000
37,PENNSYLVANIA,ZONE 3,03,LIGHT FABRICATION AND ASSEMBLY,0.265667,0.239000,0.172667,0.160667,0.160667,0.214000
37,PENNSYLVANIA,ZONE 3,03,PERMANENT DWELLING (MULTI FAMILY HOUSING),0.342571,0.309000,0.223071,0.206286,0.206286,0.274643
37,PENNSYLVANIA,ZONE 3,03,PERMANENT DWELLING (SINGLE FAMILY HOUSING),0.169000,0.150000,0.111000,0.106000,0.106000,0.133000
37,PENNSYLVANIA,ZONE 3,03,PERSONAL AND REPAIR SERVICES,0.127444,0.114111,0.082556,0.076222,0.076222,0.102111
37,PENNSYLVANIA,ZONE 3,03,PETROLEUM,0.102500,0.092500,0.066500,0.062500,0.062500,0.084000
37,PENNSYLVANIA,ZONE 3,03,"PROFESSIONAL, TECHNICAL AND BUSINESS SERVICES",0.117000,0.107000,0.076000,0.070000,0.070000,0.093000
37,PENNSYLVANIA,ZONE 3,03,RELIGION AND NONPROFIT,0.173200,0.156200,0.113600,0.104200,0.104200,0.138000
37,PENNSYLVANIA,ZONE 3,03,RESTAURANTS,0.182000,0.163500,0.118000,0.110000,0.110000,0.146000
37,PENNSYLVANIA,ZONE 3,03,RETAIL TRADE,0.136895,0.123105,0.089368,0.082368,0.082368,0.110316
37,PENNSYLVANIA,ZONE 3,03,SANITARY SEWER,0.341000,0.305000,0.221000,0.204000,0.204000,0.271000
37,PENNSYLVANIA,ZONE 3,03,TEMPORARY LODGING,0.258000,0.231500,0.167750,0.154750,0.154750,0.206000
37,PENNSYLVANIA,ZONE 3,03,WHOLESALE TRADE,0.137200,0.123000,0.089200,0.082000,0.082000,0.108800
37,PENNSYLVANIA,ALLEGHENY COUNTRY (EXCLUDING PITTSBURGH),06,AGRICULTURE,0.115000,0.104000,0.076000,0.071000,0.071000,0.095000
37,PENNSYLVANIA,ALLEGHENY COUNTRY (EXCLUDING PITTSBURGH),06,AIR,0.049000,0.044000,0.031000,0.031000,0.031000,0.038000
37,PENNSYLVANIA,ALLEGHENY COUNTRY (EXCLUDING PITTSBURGH),06,CASINOS,0.189000,0.170500,0.125000,0.114000,0.114000,0.151500
37,PENNSYLVANIA,ALLEGHENY COUNTRY (EXCLUDING PITTSBURGH),06,CONSTRUCTION,0.074000,0.064000,0.046000,0.041000,0.041000,0.058000
37,PENNSYLVANIA,ALLEGHENY COUNTRY (EXCLUDING PITTSBURGH),06,EDUCATION,0.053000,0.045000,0.033000,0.031000,0.031000,0.040000
37,PENNSYLVANIA,ALLEGHENY COUNTRY (EXCLUDING PITTSBURGH),06,EMERGENCY RESPONSE SERVICES,0.073000,0.065000,0.047000,0.045000,0.045000,0.058000
37,PENNSYLVANIA,ALLEGHENY COUNTRY (EXCLUDING PITTSBURGH),06,ENTERTAINMENT AND RECREATION,0.120727,0.107818,0.078000,0.073182,0.073182,0.095636
37,PENNSYLVANIA,ALLEGHENY COUNTRY (EXCLUDING PITTSBURGH),06,FOOD AND DRUGS PROCESSING,0.272333,0.245667,0.176667,0.162000,0.162000,0.217667
37,PENNSYLVANIA,ALLEGHENY COUNTRY (EXCLUDING PITTSBURGH),06,GASOLINE SERVICE STATIONS,0.091000,0.082000,0.062000,0.056000,0.056000,0.073000
37,PENNSYLVANIA,ALLEGHENY COUNTRY (EXCLUDING PITTSBURGH),06,GENERAL SERVICES,0.073500,0.063500,0.047500,0.044500,0.044500,0.058500
37,PENNSYLVANIA,ALLEGHENY COUNTRY (EXCLUDING PITTSBURGH),06,GROUP INSTITUTIONAL HOUSING,0.192200,0.173000,0.123200,0.116000,0.116000,0.154200
37,PENNSYLVANIA,ALLEGHENY COUNTRY (EXCLUDING PITTSBURGH),06,HEALTH CARE SERVICE,0.044000,0.038000,0.027000,0.026000,0.026000,0.036000
37,PENNSYLVANIA,ALLEGHENY COUNTRY (EXCLUDING PITTSBURGH),06,HEAVY FABRICATION AND ASSEMBLY,0.169000,0.153000,0.112000,0.103000,0.103000,0.136000
37,PENNSYLVANIA,ALLEGHENY COUNTRY (EXCLUDING PITTSBURGH),06,HIGHWAY,0.163000,0.149000,0.106000,0.098000,0.098000,0.131000
37,PENNSYLVANIA,ALLEGHENY COUNTRY (EXCLUDING PITTSBURGH),06,LIGHT FABRICATION AND ASSEMBLY,0.274333,0.246667,0.178333,0.166000,0.166000,0.220667
37,PENNSYLVANIA,ALLEGHENY COUNTRY (EXCLUDING PITTSBURGH),06,PERMANENT DWELLING (MULTI FAMILY HOUSING),0.353357,0.318929,0.230143,0.212714,0.212714,0.283571
37,PENNSYLVANIA,ALLEGHENY COUNTRY (EXCLUDING PITTSBURGH),06,PERMANENT DWELLING (SINGLE FAMILY HOUSING),0.174000,0.155000,0.114000,0.109000,0.109000,0.137000
37,PENNSYLVANIA,ALLEGHENY COUNTRY (EXCLUDING PITTSBURGH),06,PERSONAL AND REPAIR SERVICES,0.131444,0.118000,0.085222,0.078556,0.078556,0.105556
37,PENNSYLVANIA,ALLEGHENY COUNTRY (EXCLUDING PITTSBURGH),06,PETROLEUM,0.106000,0.095500,0.069000,0.064500,0.064500,0.086500
37,PENNSYLVANIA,ALLEGHENY COUNTRY (EXCLUDING PITTSBURGH),06,"PROFESSIONAL, TECHNICAL AND BUSINESS SERVICES",0.121000,0.110000,0.078000,0.072000,0.072000,0.096000
37,PENNSYLVANIA,ALLEGHENY COUNTRY (EXCLUDING PITTSBURGH),06,RELIGION AND NONPROFIT,0.178600,0.161600,0.117000,0.107600,0.107600,0.142200
37,PENNSYLVANIA,ALLEGHENY COUNTRY (EXCLUDING PITTSBURGH),06,RESTAURANTS,0.188000,0.168500,0.122000,0.113500,0.113500,0.151000
37,PENNSYLVANIA,ALLEGHENY COUNTRY (EXCLUDING PITTSBURGH),06,RETAIL TRADE,0.141105,0.127053,0.092474,0.085316,0.085316,0.113895
37,PENNSYLVANIA,ALLEGHENY COUNTRY (EXCLUDING PITTSBURGH),06,SANITARY SEWER,0.352000,0.314000,0.228000,0.210000,0.210000,0.280000
37,PENNSYLVANIA,ALLEGHENY COUNTRY (EXCLUDING PITTSBURGH),06,TEMPORARY LODGING,0.266250,0.239000,0.173000,0.159750,0.159750,0.212500
37,PENNSYLVANIA,ALLEGHENY COUNTRY (EXCLUDING PITTSBURGH),06,WHOLESALE TRADE,0.141400,0.127200,0.091800,0.084800,0.084800,0.112600
38,RHODE ISLAND,ENTIRE STATE (RHODE ISLAND),09,AGRICULTURE,0.220000,0.196000,0.142000,0.132000,0.132000,0.176000
38,RHODE ISLAND,ENTIRE STATE (RHODE ISLAND),09,AIR,0.108000,0.096000,0.070000,0.068000,0.068000,0.086000
38,RHODE ISLAND,ENTIRE STATE (RHODE ISLAND),09,CASINOS,0.372000,0.334000,0.242000,0.223000,0.223000,0.298000
38,RHODE ISLAND,ENTIRE STATE (RHODE ISLAND),09,CONSTRUCTION,0.120000,0.112000,0.080000,0.072000,0.072000,0.100000
38,RHODE ISLAND,ENTIRE STATE (RHODE ISLAND),09,EDUCATION,0.078000,0.068000,0.048000,0.046000,0.046000,0.064000
38,RHODE ISLAND,ENTIRE STATE (RHODE ISLAND),09,EMERGENCY RESPONSE SERVICES,0.146000,0.132000,0.094000,0.088000,0.088000,0.116000
38,RHODE ISLAND,ENTIRE STATE (RHODE ISLAND),09,ENTERTAINMENT AND RECREATION,0.236364,0.212000,0.153455,0.141273,0.141273,0.189091
38,RHODE ISLAND,ENTIRE STATE (RHODE ISLAND),09,FOOD AND DRUGS PROCESSING,0.227333,0.204667,0.148000,0.136000,0.136000,0.182000
38,RHODE ISLAND,ENTIRE STATE (RHODE ISLAND),09,GASOLINE SERVICE STATIONS,0.202000,0.182000,0.130000,0.122000,0.122000,0.162000
38,RHODE ISLAND,ENTIRE STATE (RHODE ISLAND),09,GENERAL SERVICES,0.146000,0.133000,0.095000,0.088000,0.088000,0.116000
38,RHODE ISLAND,ENTIRE STATE (RHODE ISLAND),09,GROUP INSTITUTIONAL HOUSING,0.136000,0.122000,0.086800,0.080400,0.080400,0.109600
38,RHODE ISLAND,ENTIRE STATE (RHODE ISLAND),09,HEALTH CARE SERVICE,0.076000,0.068000,0.050000,0.046000,0.046000,0.058000
38,RHODE ISLAND,ENTIRE STATE (RHODE ISLAND),09,HEAVY FABRICATION AND ASSEMBLY,0.676000,0.606000,0.442000,0.406000,0.406000,0.542000
38,RHODE ISLAND,ENTIRE STATE (RHODE ISLAND),09,HIGHWAY,0.646000,0.580000,0.420000,0.386000,0.386000,0.514000
38,RHODE ISLAND,ENTIRE STATE (RHODE ISLAND),09,LIGHT FABRICATION AND ASSEMBLY,0.529333,0.477333,0.345333,0.318667,0.318667,0.425333
38,RHODE ISLAND,ENTIRE STATE (RHODE ISLAND),09,PERMANENT DWELLING (MULTI FAMILY HOUSING),0.294714,0.265571,0.192143,0.176714,0.176714,0.235857
38,RHODE ISLAND,ENTIRE STATE (RHODE ISLAND),09,PERMANENT DWELLING (SINGLE FAMILY HOUSING),0.098000,0.086000,0.064000,0.058000,0.058000,0.076000
38,RHODE ISLAND,ENTIRE STATE (RHODE ISLAND),09,PERSONAL AND REPAIR SERVICES,0.518222,0.467556,0.337333,0.311556,0.311556,0.416222
38,RHODE ISLAND,ENTIRE STATE (RHODE ISLAND),09,PETROLEUM,0.419000,0.380000,0.274000,0.252000,0.252000,0.337000
38,RHODE ISLAND,ENTIRE STATE (RHODE ISLAND),09,"PROFESSIONAL, TECHNICAL AND BUSINESS SERVICES",0.204000,0.184000,0.130000,0.124000,0.124000,0.164000
38,RHODE ISLAND,ENTIRE STATE (RHODE ISLAND),09,RELIGION AND NONPROFIT,0.147200,0.132800,0.094800,0.088400,0.088400,0.115600
38,RHODE ISLAND,ENTIRE STATE (RHODE ISLAND),09,RESTAURANTS,0.335000,0.302000,0.217000,0.201000,0.201000,0.269000
38,RHODE ISLAND,ENTIRE STATE (RHODE ISLAND),09,RETAIL TRADE,0.266000,0.238842,0.172632,0.159053,0.159053,0.212105
38,RHODE ISLAND,ENTIRE STATE (RHODE ISLAND),09,SANITARY SEWER,1.390000,1.250000,0.900000,0.832000,0.832000,1.116000
38,RHODE ISLAND,ENTIRE STATE (RHODE ISLAND),09,TEMPORARY LODGING,0.107500,0.096500,0.070500,0.065000,0.065000,0.086000
38,RHODE ISLAND,ENTIRE STATE (RHODE ISLAND),09,WHOLESALE TRADE,0.558400,0.503200,0.362800,0.336400,0.336400,0.447200
39,SOUTH CAROLINA,ENTIRE STATE (SOUTH CAROLINA),09,AGRICULTURE,0.174000,0.156000,0.112500,0.105000,0.105000,0.139500
39,SOUTH CAROLINA,ENTIRE STATE (SOUTH CAROLINA),09,AIR,0.129000,0.115500,0.085500,0.078000,0.078000,0.103500
39,SOUTH CAROLINA,ENTIRE STATE (SOUTH CAROLINA),09,CASINOS,0.522000,0.469500,0.339750,0.312750,0.312750,0.418500
39,SOUTH CAROLINA,ENTIRE STATE (SOUTH CAROLINA),09,CONSTRUCTION,0.097500,0.088500,0.064500,0.060000,0.060000,0.079500
39,SOUTH CAROLINA,ENTIRE STATE (SOUTH CAROLINA),09,EDUCATION,0.171000,0.154500,0.111000,0.103500,0.103500,0.136500
39,SOUTH CAROLINA,ENTIRE STATE (SOUTH CAROLINA),09,EMERGENCY RESPONSE SERVICES,0.147000,0.132000,0.094500,0.087000,0.087000,0.117000
39,SOUTH CAROLINA,ENTIRE STATE (SOUTH CAROLINA),09,ENTERTAINMENT AND RECREATION,0.332318,0.298636,0.216136,0.199091,0.199091,0.265364
39,SOUTH CAROLINA,ENTIRE STATE (SOUTH CAROLINA),09,FOOD AND DRUGS PROCESSING,0.407000,0.367000,0.265500,0.243500,0.243500,0.327000
39,SOUTH CAROLINA,ENTIRE STATE (SOUTH CAROLINA),09,GASOLINE SERVICE STATIONS,0.240000,0.217500,0.154500,0.145500,0.145500,0.192000
39,SOUTH CAROLINA,ENTIRE STATE (SOUTH CAROLINA),09,GENERAL SERVICES,0.147000,0.132000,0.095250,0.087750,0.087750,0.117750
39,SOUTH CAROLINA,ENTIRE STATE (SOUTH CAROLINA),09,GROUP INSTITUTIONAL HOUSING,0.174900,0.157800,0.113400,0.105900,0.105900,0.141000
39,SOUTH CAROLINA,ENTIRE STATE (SOUTH CAROLINA),09,HEALTH CARE SERVICE,0.075000,0.066000,0.049500,0.045000,0.045000,0.058500
39,SOUTH CAROLINA,ENTIRE STATE (SOUTH CAROLINA),09,HEAVY FABRICATION AND ASSEMBLY,0.286500,0.256500,0.187500,0.169500,0.169500,0.229500
39,SOUTH CAROLINA,ENTIRE STATE (SOUTH CAROLINA),09,HIGHWAY,0.271500,0.246000,0.175500,0.162000,0.162000,0.217500
39,SOUTH CAROLINA,ENTIRE STATE (SOUTH CAROLINA),09,LIGHT FABRICATION AND ASSEMBLY,0.773000,0.697000,0.503500,0.466000,0.466000,0.621000
39,SOUTH CAROLINA,ENTIRE STATE (SOUTH CAROLINA),09,PERMANENT DWELLING (MULTI FAMILY HOUSING),0.361500,0.325821,0.235179,0.216750,0.216750,0.289179
39,SOUTH CAROLINA,ENTIRE STATE (SOUTH CAROLINA),09,PERMANENT DWELLING (SINGLE FAMILY HOUSING),0.127500,0.114000,0.082500,0.075000,0.075000,0.100500
39,SOUTH CAROLINA,ENTIRE STATE (SOUTH CAROLINA),09,PERSONAL AND REPAIR SERVICES,0.324167,0.291667,0.210333,0.194333,0.194333,0.260000
39,SOUTH CAROLINA,ENTIRE STATE (SOUTH CAROLINA),09,PETROLEUM,0.177750,0.160500,0.114000,0.106500,0.106500,0.143250
39,SOUTH CAROLINA,ENTIRE STATE (SOUTH CAROLINA),09,"PROFESSIONAL, TECHNICAL AND BUSINESS SERVICES",0.232500,0.208500,0.150000,0.138000,0.138000,0.186000
39,SOUTH CAROLINA,ENTIRE STATE (SOUTH CAROLINA),09,RELIGION AND NONPROFIT,0.160200,0.144300,0.103800,0.096600,0.096600,0.128700
39,SOUTH CAROLINA,ENTIRE STATE (SOUTH CAROLINA),09,RESTAURANTS,0.267000,0.240750,0.172500,0.160500,0.160500,0.213750
39,SOUTH CAROLINA,ENTIRE STATE (SOUTH CAROLINA),09,RETAIL TRADE,0.211184,0.189474,0.137447,0.127263,0.127263,0.168711
39,SOUTH CAROLINA,ENTIRE STATE (SOUTH CAROLINA),09,SANITARY SEWER,0.588000,0.528000,0.381000,0.351000,0.351000,0.469500
39,SOUTH CAROLINA,ENTIRE STATE (SOUTH CAROLINA),09,TEMPORARY LODGING,0.226125,0.204000,0.147375,0.136125,0.136125,0.181125
39,SOUTH CAROLINA,ENTIRE STATE (SOUTH CAROLINA),09,WHOLESALE TRADE,0.235500,0.211500,0.153000,0.141300,0.141300,0.188700
40,SOUTH DAKOTA,ENTIRE STATE (SOUTH DAKOTA),09,AGRICULTURE,0.240000,0.220000,0.156000,0.144000,0.144000,0.194000
40,SOUTH DAKOTA,ENTIRE STATE (SOUTH DAKOTA),09,AIR,0.148000,0.134000,0.098000,0.090000,0.090000,0.118000
40,SOUTH DAKOTA,ENTIRE STATE (SOUTH DAKOTA),09,CASINOS,0.402000,0.360000,0.262000,0.242000,0.242000,0.322000
40,SOUTH DAKOTA,ENTIRE STATE (SOUTH DAKOTA),09,CONSTRUCTION,0.304000,0.274000,0.196000,0.184000,0.184000,0.240000
40,SOUTH DAKOTA,ENTIRE STATE (SOUTH DAKOTA),09,EDUCATION,0.128000,0.120000,0.084000,0.078000,0.078000,0.106000
40,SOUTH DAKOTA,ENTIRE STATE (SOUTH DAKOTA),09,EMERGENCY RESPONSE SERVICES,0.064000,0.058000,0.038000,0.036000,0.036000,0.052000
40,SOUTH DAKOTA,ENTIRE STATE (SOUTH DAKOTA),09,ENTERTAINMENT AND RECREATION,0.255455,0.230182,0.167273,0.154000,0.154000,0.205273
40,SOUTH DAKOTA,ENTIRE STATE (SOUTH DAKOTA),09,FOOD AND DRUGS PROCESSING,0.954000,0.861333,0.621333,0.570000,0.570000,0.764667
40,SOUTH DAKOTA,ENTIRE STATE (SOUTH DAKOTA),09,GASOLINE SERVICE STATIONS,0.274000,0.248000,0.180000,0.166000,0.166000,0.216000
40,SOUTH DAKOTA,ENTIRE STATE (SOUTH DAKOTA),09,GENERAL SERVICES,0.065000,0.060000,0.039000,0.037000,0.037000,0.050000
40,SOUTH DAKOTA,ENTIRE STATE (SOUTH DAKOTA),09,GROUP INSTITUTIONAL HOUSING,0.126000,0.115200,0.083200,0.076800,0.076800,0.100800
40,SOUTH DAKOTA,ENTIRE STATE (SOUTH DAKOTA),09,HEALTH CARE SERVICE,0.070000,0.064000,0.044000,0.042000,0.042000,0.058000
40,SOUTH DAKOTA,ENTIRE STATE (SOUTH DAKOTA),09,HEAVY FABRICATION AND ASSEMBLY,0.444000,0.398000,0.290000,0.268000,0.268000,0.354000
40,SOUTH DAKOTA,ENTIRE STATE (SOUTH DAKOTA),09,HIGHWAY,0.422000,0.382000,0.278000,0.254000,0.254000,0.336000
40,SOUTH DAKOTA,ENTIRE STATE (SOUTH DAKOTA),09,LIGHT FABRICATION AND ASSEMBLY,1.278000,1.152000,0.830667,0.770667,0.770667,1.027333
40,SOUTH DAKOTA,ENTIRE STATE (SOUTH DAKOTA),09,PERMANENT DWELLING (MULTI FAMILY HOUSING),0.291857,0.263143,0.190429,0.174571,0.174571,0.233571
40,SOUTH DAKOTA,ENTIRE STATE (SOUTH DAKOTA),09,PERMANENT DWELLING (SINGLE FAMILY HOUSING),0.090000,0.078000,0.058000,0.052000,0.052000,0.066000
40,SOUTH DAKOTA,ENTIRE STATE (SOUTH DAKOTA),09,PERSONAL AND REPAIR SERVICES,0.388222,0.349778,0.252000,0.233778,0.233778,0.312000
40,SOUTH DAKOTA,ENTIRE STATE (SOUTH DAKOTA),09,PETROLEUM,0.277000,0.252000,0.180000,0.167000,0.167000,0.222000
40,SOUTH DAKOTA,ENTIRE STATE (SOUTH DAKOTA),09,"PROFESSIONAL, TECHNICAL AND BUSINESS SERVICES",0.118000,0.108000,0.078000,0.070000,0.070000,0.094000
40,SOUTH DAKOTA,ENTIRE STATE (SOUTH DAKOTA),09,RELIGION AND NONPROFIT,0.114800,0.102000,0.074400,0.068400,0.068400,0.092000
40,SOUTH DAKOTA,ENTIRE STATE (SOUTH DAKOTA),09,RESTAURANTS,0.294000,0.264000,0.191000,0.176000,0.176000,0.234000
40,SOUTH DAKOTA,ENTIRE STATE (SOUTH DAKOTA),09,RETAIL TRADE,0.285579,0.257789,0.186000,0.171474,0.171474,0.229158
40,SOUTH DAKOTA,ENTIRE STATE (SOUTH DAKOTA),09,SANITARY SEWER,0.910000,0.824000,0.594000,0.548000,0.548000,0.730000
40,SOUTH DAKOTA,ENTIRE STATE (SOUTH DAKOTA),09,TEMPORARY LODGING,0.239000,0.213500,0.155000,0.143000,0.143000,0.191500
40,SOUTH DAKOTA,ENTIRE STATE (SOUTH DAKOTA),09,WHOLESALE TRADE,0.366400,0.330800,0.237600,0.220000,0.220000,0.293200
41,TENNESSEE,MEMPHIS,01,AGRICULTURE,0.138000,0.125000,0.088000,0.085000,0.085000,0.111000
41,TENNESSEE,MEMPHIS,01,AIR,0.100000,0.090000,0.065000,0.060000,0.060000,0.081000
41,TENNESSEE,MEMPHIS,01,CASINOS,0.333500,0.299500,0.218000,0.201000,0.201000,0.267500
41,TENNESSEE,MEMPHIS,01,CONSTRUCTION,0.141000,0.125000,0.091000,0.086000,0.086000,0.112000
41,TENNESSEE,MEMPHIS,01,EDUCATION,0.131000,0.117000,0.085000,0.078000,0.078000,0.104000
41,TENNESSEE,MEMPHIS,01,EMERGENCY RESPONSE SERVICES,0.086000,0.078000,0.056000,0.053000,0.053000,0.070000
41,TENNESSEE,MEMPHIS,01,ENTERTAINMENT AND RECREATION,0.212091,0.191364,0.139545,0.128182,0.128182,0.170091
41,TENNESSEE,MEMPHIS,01,FOOD AND DRUGS PROCESSING,0.423667,0.380333,0.276000,0.252667,0.252667,0.340000
41,TENNESSEE,MEMPHIS,01,GASOLINE SERVICE STATIONS,0.187000,0.170000,0.122000,0.113000,0.113000,0.150000
41,TENNESSEE,MEMPHIS,01,GENERAL SERVICES,0.087000,0.079500,0.056000,0.052500,0.052500,0.070500
41,TENNESSEE,MEMPHIS,01,GROUP INSTITUTIONAL HOUSING,0.173600,0.158200,0.111800,0.103400,0.103400,0.139400
41,TENNESSEE,MEMPHIS,01,HEALTH CARE SERVICE,0.046000,0.040000,0.027000,0.026000,0.026000,0.034000
41,TENNESSEE,MEMPHIS,01,HEAVY FABRICATION AND ASSEMBLY,0.272000,0.242000,0.177000,0.164000,0.164000,0.217000
41,TENNESSEE,MEMPHIS,01,HIGHWAY,0.258000,0.233000,0.168000,0.155000,0.155000,0.208000
41,TENNESSEE,MEMPHIS,01,LIGHT FABRICATION AND ASSEMBLY,0.729333,0.658333,0.476333,0.440000,0.440000,0.589000
41,TENNESSEE,MEMPHIS,01,PERMANENT DWELLING (MULTI FAMILY HOUSING),0.310786,0.279571,0.201500,0.185929,0.185929,0.247929
41,TENNESSEE,MEMPHIS,01,PERMANENT DWELLING (SINGLE FAMILY HOUSING),0.146000,0.130000,0.095000,0.088000,0.088000,0.114000
41,TENNESSEE,MEMPHIS,01,PERSONAL AND REPAIR SERVICES,0.213556,0.192333,0.139444,0.128000,0.128000,0.171444
41,TENNESSEE,MEMPHIS,01,PETROLEUM,0.169000,0.152000,0.110500,0.101500,0.101500,0.137000
41,TENNESSEE,MEMPHIS,01,"PROFESSIONAL, TECHNICAL AND BUSINESS SERVICES",0.143000,0.130000,0.095000,0.087000,0.087000,0.118000
41,TENNESSEE,MEMPHIS,01,RELIGION AND NONPROFIT,0.166000,0.149400,0.106600,0.099200,0.099200,0.133400
41,TENNESSEE,MEMPHIS,01,RESTAURANTS,0.275000,0.247000,0.179000,0.166000,0.166000,0.220000
41,TENNESSEE,MEMPHIS,01,RETAIL TRADE,0.173053,0.156368,0.112737,0.104789,0.104789,0.139105
41,TENNESSEE,MEMPHIS,01,SANITARY SEWER,0.558000,0.503000,0.362000,0.333000,0.333000,0.448000
41,TENNESSEE,MEMPHIS,01,TEMPORARY LODGING,0.426000,0.384250,0.278250,0.257250,0.257250,0.342000
41,TENNESSEE,MEMPHIS,01,WHOLESALE TRADE,0.224400,0.202200,0.146600,0.135600,0.135600,0.180000
41,TENNESSEE,NASHVILLE USD,02,AGRICULTURE,0.099000,0.090000,0.063000,0.061000,0.061000,0.079000
41,TENNESSEE,NASHVILLE USD,02,AIR,0.072000,0.064000,0.047000,0.043000,0.043000,0.058000
41,TENNESSEE,NASHVILLE USD,02,CASINOS,0.239000,0.214500,0.156000,0.144500,0.144500,0.191500
41,TENNESSEE,NASHVILLE USD,02,CONSTRUCTION,0.101000,0.090000,0.065000,0.062000,0.062000,0.080000
41,TENNESSEE,NASHVILLE USD,02,EDUCATION,0.094000,0.084000,0.061000,0.056000,0.056000,0.075000
41,TENNESSEE,NASHVILLE USD,02,EMERGENCY RESPONSE SERVICES,0.062000,0.056000,0.040000,0.038000,0.038000,0.050000
41,TENNESSEE,NASHVILLE USD,02,ENTERTAINMENT AND RECREATION,0.152091,0.137182,0.100091,0.092182,0.092182,0.121909
41,TENNESSEE,NASHVILLE USD,02,FOOD AND DRUGS PROCESSING,0.303667,0.272667,0.197667,0.181333,0.181333,0.243667
41,TENNESSEE,NASHVILLE USD,02,GASOLINE SERVICE STATIONS,0.134000,0.122000,0.088000,0.081000,0.081000,0.107000
41,TENNESSEE,NASHVILLE USD,02,GENERAL SERVICES,0.062500,0.057000,0.040000,0.037500,0.037500,0.050500
41,TENNESSEE,NASHVILLE USD,02,GROUP INSTITUTIONAL HOUSING,0.124600,0.113400,0.080200,0.074200,0.074200,0.099600
41,TENNESSEE,NASHVILLE USD,02,HEALTH CARE SERVICE,0.033000,0.029000,0.020000,0.019000,0.019000,0.024000
41,TENNESSEE,NASHVILLE USD,02,HEAVY FABRICATION AND ASSEMBLY,0.195000,0.174000,0.127000,0.118000,0.118000,0.156000
41,TENNESSEE,NASHVILLE USD,02,HIGHWAY,0.185000,0.167000,0.120000,0.111000,0.111000,0.149000
41,TENNESSEE,NASHVILLE USD,02,LIGHT FABRICATION AND ASSEMBLY,0.523333,0.472000,0.342000,0.315333,0.315333,0.422667
41,TENNESSEE,NASHVILLE USD,02,PERMANENT DWELLING (MULTI FAMILY HOUSING),0.222714,0.200357,0.144714,0.133286,0.133286,0.177786
41,TENNESSEE,NASHVILLE USD,02,PERMANENT DWELLING (SINGLE FAMILY HOUSING),0.104000,0.093000,0.068000,0.063000,0.063000,0.082000
41,TENNESSEE,NASHVILLE USD,02,PERSONAL AND REPAIR SERVICES,0.153111,0.138111,0.100000,0.092000,0.092000,0.122778
41,TENNESSEE,NASHVILLE USD,02,PETROLEUM,0.121500,0.109000,0.079000,0.073000,0.073000,0.098000
41,TENNESSEE,NASHVILLE USD,02,"PROFESSIONAL, TECHNICAL AND BUSINESS SERVICES",0.103000,0.093000,0.068000,0.063000,0.063000,0.085000
41,TENNESSEE,NASHVILLE USD,02,RELIGION AND NONPROFIT,0.118800,0.107000,0.076400,0.070800,0.070800,0.095800
41,TENNESSEE,NASHVILLE USD,02,RESTAURANTS,0.197500,0.177500,0.128500,0.119000,0.119000,0.157500
41,TENNESSEE,NASHVILLE USD,02,RETAIL TRADE,0.124000,0.112158,0.080789,0.075158,0.075158,0.099737
41,TENNESSEE,NASHVILLE USD,02,SANITARY SEWER,0.400000,0.361000,0.259000,0.239000,0.239000,0.321000
41,TENNESSEE,NASHVILLE USD,02,TEMPORARY LODGING,0.305500,0.275500,0.199500,0.184500,0.184500,0.245250
41,TENNESSEE,NASHVILLE USD,02,WHOLESALE TRADE,0.160800,0.145000,0.105200,0.097400,0.097400,0.129200
41,TENNESSEE,BALANCE OF STATE (TENNESSEE),08,AGRICULTURE,0.106000,0.096000,0.068000,0.065000,0.065000,0.085000
41,TENNESSEE,BALANCE OF STATE (TENNESSEE),08,AIR,0.077000,0.069000,0.050000,0.046000,0.046000,0.062000
41,TENNESSEE,BALANCE OF STATE (TENNESSEE),08,CASINOS,0.256500,0.230000,0.167500,0.154500,0.154500,0.205500
41,TENNESSEE,BALANCE OF STATE (TENNESSEE),08,CONSTRUCTION,0.108000,0.096000,0.070000,0.066000,0.066000,0.086000
41,TENNESSEE,BALANCE OF STATE (TENNESSEE),08,EDUCATION,0.101000,0.090000,0.065000,0.060000,0.060000,0.080000
41,TENNESSEE,BALANCE OF STATE (TENNESSEE),08,EMERGENCY RESPONSE SERVICES,0.066000,0.060000,0.043000,0.041000,0.041000,0.054000
41,TENNESSEE,BALANCE OF STATE (TENNESSEE),08,ENTERTAINMENT AND RECREATION,0.163091,0.147091,0.107182,0.098636,0.098636,0.130818
41,TENNESSEE,BALANCE OF STATE (TENNESSEE),08,FOOD AND DRUGS PROCESSING,0.325333,0.292333,0.212000,0.194333,0.194333,0.261333
41,TENNESSEE,BALANCE OF STATE (TENNESSEE),08,GASOLINE SERVICE STATIONS,0.144000,0.131000,0.094000,0.087000,0.087000,0.115000
41,TENNESSEE,BALANCE OF STATE (TENNESSEE),08,GENERAL SERVICES,0.067000,0.061000,0.043000,0.040500,0.040500,0.054000
41,TENNESSEE,BALANCE OF STATE (TENNESSEE),08,GROUP INSTITUTIONAL HOUSING,0.133600,0.121400,0.086000,0.079200,0.079200,0.107000
41,TENNESSEE,BALANCE OF STATE (TENNESSEE),08,HEALTH CARE SERVICE,0.035000,0.031000,0.021000,0.020000,0.020000,0.026000
41,TENNESSEE,BALANCE OF STATE (TENNESSEE),08,HEAVY FABRICATION AND ASSEMBLY,0.209000,0.186000,0.136000,0.126000,0.126000,0.167000
41,TENNESSEE,BALANCE OF STATE (TENNESSEE),08,HIGHWAY,0.198000,0.179000,0.129000,0.119000,0.119000,0.160000
41,TENNESSEE,BALANCE OF STATE (TENNESSEE),08,LIGHT FABRICATION AND ASSEMBLY,0.560667,0.506000,0.366333,0.338333,0.338333,0.452667
41,TENNESSEE,BALANCE OF STATE (TENNESSEE),08,PERMANENT DWELLING (MULTI FAMILY HOUSING),0.238643,0.214857,0.154857,0.142786,0.142786,0.190643
41,TENNESSEE,BALANCE OF STATE (TENNESSEE),08,PERMANENT DWELLING (SINGLE FAMILY HOUSING),0.112000,0.100000,0.073000,0.068000,0.068000,0.088000
41,TENNESSEE,BALANCE OF STATE (TENNESSEE),08,PERSONAL AND REPAIR SERVICES,0.164222,0.147889,0.107111,0.098444,0.098444,0.131778
41,TENNESSEE,BALANCE OF STATE (TENNESSEE),08,PETROLEUM,0.130000,0.117000,0.085000,0.078000,0.078000,0.105000
41,TENNESSEE,BALANCE OF STATE (TENNESSEE),08,"PROFESSIONAL, TECHNICAL AND BUSINESS SERVICES",0.110000,0.100000,0.073000,0.067000,0.067000,0.091000
41,TENNESSEE,BALANCE OF STATE (TENNESSEE),08,RELIGION AND NONPROFIT,0.127400,0.114800,0.081800,0.076200,0.076200,0.102600
41,TENNESSEE,BALANCE OF STATE (TENNESSEE),08,RESTAURANTS,0.211500,0.190000,0.137500,0.127500,0.127500,0.169000
41,TENNESSEE,BALANCE OF STATE (TENNESSEE),08,RETAIL TRADE,0.132947,0.120158,0.086632,0.080474,0.080474,0.106895
41,TENNESSEE,BALANCE OF STATE (TENNESSEE),08,SANITARY SEWER,0.429000,0.387000,0.278000,0.256000,0.256000,0.344000
41,TENNESSEE,BALANCE OF STATE (TENNESSEE),08,TEMPORARY LODGING,0.327500,0.295250,0.213750,0.197750,0.197750,0.262750
41,TENNESSEE,BALANCE OF STATE (TENNESSEE),08,WHOLESALE TRADE,0.172400,0.155400,0.112600,0.104400,0.104400,0.138400
42,TEXAS,CITY OF DALLAS,02,AGRICULTURE,0.171000,0.151500,0.111000,0.102000,0.102000,0.136500
42,TEXAS,CITY OF DALLAS,02,AIR,0.078000,0.070500,0.051000,0.048000,0.048000,0.061500
42,TEXAS,CITY OF DALLAS,02,CASINOS,0.378000,0.339750,0.246750,0.225750,0.225750,0.303000
42,TEXAS,CITY OF DALLAS,02,CONSTRUCTION,0.091500,0.082500,0.060000,0.054000,0.054000,0.072000
42,TEXAS,CITY OF DALLAS,02,EDUCATION,0.145500,0.130500,0.093000,0.087000,0.087000,0.115500
42,TEXAS,CITY OF DALLAS,02,EMERGENCY RESPONSE SERVICES,0.216000,0.195000,0.139500,0.130500,0.130500,0.172500
42,TEXAS,CITY OF DALLAS,02,ENTERTAINMENT AND RECREATION,0.240000,0.216136,0.156136,0.144000,0.144000,0.192136
42,TEXAS,CITY OF DALLAS,02,FOOD AND DRUGS PROCESSING,0.373000,0.336500,0.243500,0.224500,0.224500,0.299000
42,TEXAS,CITY OF DALLAS,02,GASOLINE SERVICE STATIONS,0.145500,0.132000,0.093000,0.090000,0.090000,0.115500
42,TEXAS,CITY OF DALLAS,02,GENERAL SERVICES,0.219000,0.197250,0.141750,0.130500,0.130500,0.175500
42,TEXAS,CITY OF DALLAS,02,GROUP INSTITUTIONAL HOUSING,0.150000,0.135600,0.097800,0.090300,0.090300,0.121200
42,TEXAS,CITY OF DALLAS,02,HEALTH CARE SERVICE,0.070500,0.063000,0.045000,0.042000,0.042000,0.057000
42,TEXAS,CITY OF DALLAS,02,HEAVY FABRICATION AND ASSEMBLY,0.223500,0.201000,0.147000,0.133500,0.133500,0.180000
42,TEXAS,CITY OF DALLAS,02,HIGHWAY,0.213000,0.192000,0.139500,0.129000,0.129000,0.171000
42,TEXAS,CITY OF DALLAS,02,LIGHT FABRICATION AND ASSEMBLY,0.207500,0.188000,0.135000,0.125500,0.125500,0.167000
42,TEXAS,CITY OF DALLAS,02,PERMANENT DWELLING (MULTI FAMILY HOUSING),0.135000,0.122571,0.087750,0.081321,0.081321,0.108536
42,TEXAS,CITY OF DALLAS,02,PERMANENT DWELLING (SINGLE FAMILY HOUSING),0.112500,0.102000,0.072000,0.067500,0.067500,0.091500
42,TEXAS,CITY OF DALLAS,02,PERSONAL AND REPAIR SERVICES,0.187833,0.168833,0.122333,0.112500,0.112500,0.150500
42,TEXAS,CITY OF DALLAS,02,PETROLEUM,0.139500,0.126000,0.090750,0.084000,0.084000,0.111750
42,TEXAS,CITY OF DALLAS,02,"PROFESSIONAL, TECHNICAL AND BUSINESS SERVICES",0.138000,0.123000,0.090000,0.082500,0.082500,0.109500
42,TEXAS,CITY OF DALLAS,02,RELIGION AND NONPROFIT,0.150900,0.135300,0.097200,0.090900,0.090900,0.119700
42,TEXAS,CITY OF DALLAS,02,RESTAURANTS,0.288750,0.260250,0.187500,0.174750,0.174750,0.231750
42,TEXAS,CITY OF DALLAS,02,RETAIL TRADE,0.208974,0.187579,0.135868,0.125211,0.125211,0.167211
42,TEXAS,CITY OF DALLAS,02,SANITARY SEWER,0.459000,0.414000,0.298500,0.274500,0.274500,0.369000
42,TEXAS,CITY OF DALLAS,02,TEMPORARY LODGING,0.109125,0.097500,0.070500,0.065625,0.065625,0.087000
42,TEXAS,CITY OF DALLAS,02,WHOLESALE TRADE,0.184800,0.166200,0.119700,0.111300,0.111300,0.147300
42,TEXAS,SAN ANTONIO,04,AGRICULTURE,0.177000,0.157500,0.114000,0.105000,0.105000,0.142500
42,TEXAS,SAN ANTONIO,04,AIR,0.081000,0.072000,0.054000,0.049500,0.049500,0.063000
42,TEXAS,SAN ANTONIO,04,CASINOS,0.391500,0.351750,0.255750,0.234750,0.234750,0.314250
42,TEXAS,SAN ANTONIO,04,CONSTRUCTION,0.096000,0.085500,0.061500,0.057000,0.057000,0.075000
42,TEXAS,SAN ANTONIO,04,EDUCATION,0.150000,0.135000,0.097500,0.090000,0.090000,0.120000
42,TEXAS,SAN ANTONIO,04,EMERGENCY RESPONSE SERVICES,0.225000,0.202500,0.145500,0.135000,0.135000,0.180000
42,TEXAS,SAN ANTONIO,04,ENTERTAINMENT AND RECREATION,0.248727,0.223909,0.162000,0.149318,0.149318,0.199091
42,TEXAS,SAN ANTONIO,04,FOOD AND DRUGS PROCESSING,0.386000,0.349000,0.252000,0.233000,0.233000,0.310000
42,TEXAS,SAN ANTONIO,04,GASOLINE SERVICE STATIONS,0.150000,0.136500,0.097500,0.093000,0.093000,0.120000
42,TEXAS,SAN ANTONIO,04,GENERAL SERVICES,0.226500,0.204000,0.147000,0.135750,0.135750,0.181500
42,TEXAS,SAN ANTONIO,04,GROUP INSTITUTIONAL HOUSING,0.155100,0.140400,0.101400,0.093000,0.093000,0.124800
42,TEXAS,SAN ANTONIO,04,HEALTH CARE SERVICE,0.073500,0.064500,0.046500,0.043500,0.043500,0.060000
42,TEXAS,SAN ANTONIO,04,HEAVY FABRICATION AND ASSEMBLY,0.231000,0.208500,0.151500,0.139500,0.139500,0.186000
42,TEXAS,SAN ANTONIO,04,HIGHWAY,0.222000,0.199500,0.145500,0.133500,0.133500,0.177000
42,TEXAS,SAN ANTONIO,04,LIGHT FABRICATION AND ASSEMBLY,0.215500,0.195500,0.140500,0.130500,0.130500,0.173000
42,TEXAS,SAN ANTONIO,04,PERMANENT DWELLING (MULTI FAMILY HOUSING),0.140464,0.126857,0.091393,0.084107,0.084107,0.112821
42,TEXAS,SAN ANTONIO,04,PERMANENT DWELLING (SINGLE FAMILY HOUSING),0.117000,0.105000,0.075000,0.069000,0.069000,0.094500
42,TEXAS,SAN ANTONIO,04,PERSONAL AND REPAIR SERVICES,0.194500,0.175167,0.126500,0.116500,0.116500,0.156167
42,TEXAS,SAN ANTONIO,04,PETROLEUM,0.144750,0.130500,0.094500,0.087000,0.087000,0.115500
42,TEXAS,SAN ANTONIO,04,"PROFESSIONAL, TECHNICAL AND BUSINESS SERVICES",0.144000,0.127500,0.093000,0.085500,0.085500,0.112500
42,TEXAS,SAN ANTONIO,04,RELIGION AND NONPROFIT,0.156600,0.139500,0.100200,0.093600,0.093600,0.124500
42,TEXAS,SAN ANTONIO,04,RESTAURANTS,0.300000,0.270000,0.194250,0.180750,0.180750,0.240000
42,TEXAS,SAN ANTONIO,04,RETAIL TRADE,0.216395,0.194447,0.140526,0.129789,0.129789,0.173368
42,TEXAS,SAN ANTONIO,04,SANITARY SEWER,0.475500,0.429000,0.310500,0.285000,0.285000,0.382500
42,TEXAS,SAN ANTONIO,04,TEMPORARY LODGING,0.112875,0.101250,0.073125,0.067875,0.067875,0.090000
42,TEXAS,SAN ANTONIO,04,WHOLESALE TRADE,0.191700,0.172800,0.124200,0.115200,0.115200,0.153000
42,TEXAS,CITY OF AUSTIN,01,AGRICULTURE,0.165000,0.147000,0.106500,0.099000,0.099000,0.132000
42,TEXAS,CITY OF AUSTIN,01,AIR,0.076500,0.067500,0.049500,0.046500,0.046500,0.060000
42,TEXAS,CITY OF AUSTIN,01,CASINOS,0.366750,0.329250,0.238500,0.219750,0.219750,0.294000
42,TEXAS,CITY OF AUSTIN,01,CONSTRUCTION,0.090000,0.079500,0.058500,0.052500,0.052500,0.070500
42,TEXAS,CITY OF AUSTIN,01,EDUCATION,0.141000,0.126000,0.091500,0.084000,0.084000,0.112500
42,TEXAS,CITY OF AUSTIN,01,EMERGENCY RESPONSE SERVICES,0.210000,0.189000,0.135000,0.126000,0.126000,0.168000
42,TEXAS,CITY OF AUSTIN,01,ENTERTAINMENT AND RECREATION,0.232500,0.209727,0.151500,0.139636,0.139636,0.186273
42,TEXAS,CITY OF AUSTIN,01,FOOD AND DRUGS PROCESSING,0.361500,0.326500,0.236000,0.217500,0.217500,0.290500
42,TEXAS,CITY OF AUSTIN,01,GASOLINE SERVICE STATIONS,0.141000,0.127500,0.091500,0.087000,0.087000,0.112500
42,TEXAS,CITY OF AUSTIN,01,GENERAL SERVICES,0.211500,0.191250,0.137250,0.126750,0.126750,0.169500
42,TEXAS,CITY OF AUSTIN,01,GROUP INSTITUTIONAL HOUSING,0.145200,0.131700,0.095100,0.086700,0.086700,0.117600
42,TEXAS,CITY OF AUSTIN,01,HEALTH CARE SERVICE,0.069000,0.061500,0.043500,0.040500,0.040500,0.055500
42,TEXAS,CITY OF AUSTIN,01,HEAVY FABRICATION AND ASSEMBLY,0.216000,0.195000,0.142500,0.130500,0.130500,0.174000
42,TEXAS,CITY OF AUSTIN,01,HIGHWAY,0.207000,0.187500,0.135000,0.124500,0.124500,0.165000
42,TEXAS,CITY OF AUSTIN,01,LIGHT FABRICATION AND ASSEMBLY,0.201500,0.182500,0.131000,0.122000,0.122000,0.162500
42,TEXAS,CITY OF AUSTIN,01,PERMANENT DWELLING (MULTI FAMILY HOUSING),0.131357,0.118607,0.085286,0.078643,0.078643,0.105536
42,TEXAS,CITY OF AUSTIN,01,PERMANENT DWELLING (SINGLE FAMILY HOUSING),0.109500,0.099000,0.070500,0.064500,0.064500,0.088500
42,TEXAS,CITY OF AUSTIN,01,PERSONAL AND REPAIR SERVICES,0.182167,0.163833,0.118500,0.109167,0.109167,0.145833
42,TEXAS,CITY OF AUSTIN,01,PETROLEUM,0.135750,0.122250,0.088500,0.081000,0.081000,0.108750
42,TEXAS,CITY OF AUSTIN,01,"PROFESSIONAL, TECHNICAL AND BUSINESS SERVICES",0.133500,0.118500,0.087000,0.079500,0.079500,0.105000
42,TEXAS,CITY OF AUSTIN,01,RELIGION AND NONPROFIT,0.145800,0.131100,0.094500,0.087900,0.087900,0.116400
42,TEXAS,CITY OF AUSTIN,01,RESTAURANTS,0.280500,0.252750,0.181500,0.169500,0.169500,0.225000
42,TEXAS,CITY OF AUSTIN,01,RETAIL TRADE,0.202342,0.181895,0.131605,0.121500,0.121500,0.162000
42,TEXAS,CITY OF AUSTIN,01,SANITARY SEWER,0.445500,0.400500,0.289500,0.267000,0.267000,0.357000
42,TEXAS,CITY OF AUSTIN,01,TEMPORARY LODGING,0.105750,0.094875,0.068250,0.063375,0.063375,0.084375
42,TEXAS,CITY OF AUSTIN,01,WHOLESALE TRADE,0.179400,0.161400,0.116100,0.108300,0.108300,0.143100
42,TEXAS,CITY OF HOUSTON,03,AGRICULTURE,0.213000,0.190500,0.138000,0.127500,0.127500,0.171000
42,TEXAS,CITY OF HOUSTON,03,AIR,0.097500,0.087000,0.064500,0.060000,0.060000,0.076500
42,TEXAS,CITY OF HOUSTON,03,CASINOS,0.471750,0.424500,0.308250,0.282750,0.282750,0.378750
42,TEXAS,CITY OF HOUSTON,03,CONSTRUCTION,0.115500,0.103500,0.075000,0.067500,0.067500,0.091500
42,TEXAS,CITY OF HOUSTON,03,EDUCATION,0.181500,0.162000,0.117000,0.108000,0.108000,0.145500
42,TEXAS,CITY OF HOUSTON,03,EMERGENCY RESPONSE SERVICES,0.270000,0.244500,0.174000,0.162000,0.162000,0.216000
42,TEXAS,CITY OF HOUSTON,03,ENTERTAINMENT AND RECREATION,0.299864,0.270000,0.195273,0.179864,0.179864,0.240273
42,TEXAS,CITY OF HOUSTON,03,FOOD AND DRUGS PROCESSING,0.466500,0.421000,0.304500,0.280500,0.280500,0.374000
42,TEXAS,CITY OF HOUSTON,03,GASOLINE SERVICE STATIONS,0.181500,0.163500,0.117000,0.111000,0.111000,0.145500
42,TEXAS,CITY OF HOUSTON,03,GENERAL SERVICES,0.273750,0.246000,0.177000,0.163500,0.163500,0.219000
42,TEXAS,CITY OF HOUSTON,03,GROUP INSTITUTIONAL HOUSING,0.187200,0.169200,0.122400,0.112500,0.112500,0.150900
42,TEXAS,CITY OF HOUSTON,03,HEALTH CARE SERVICE,0.088500,0.078000,0.055500,0.052500,0.052500,0.072000
42,TEXAS,CITY OF HOUSTON,03,HEAVY FABRICATION AND ASSEMBLY,0.279000,0.252000,0.183000,0.168000,0.168000,0.225000
42,TEXAS,CITY OF HOUSTON,03,HIGHWAY,0.267000,0.241500,0.174000,0.160500,0.160500,0.213000
42,TEXAS,CITY OF HOUSTON,03,LIGHT FABRICATION AND ASSEMBLY,0.260000,0.235000,0.169000,0.157500,0.157500,0.209000
42,TEXAS,CITY OF HOUSTON,03,PERMANENT DWELLING (MULTI FAMILY HOUSING),0.168643,0.153214,0.109821,0.101679,0.101679,0.135536
42,TEXAS,CITY OF HOUSTON,03,PERMANENT DWELLING (SINGLE FAMILY HOUSING),0.141000,0.127500,0.091500,0.084000,0.084000,0.114000
42,TEXAS,CITY OF HOUSTON,03,PERSONAL AND REPAIR SERVICES,0.234833,0.211000,0.152667,0.140667,0.140667,0.188167
42,TEXAS,CITY OF HOUSTON,03,PETROLEUM,0.174750,0.156750,0.113250,0.105000,0.105000,0.140250
42,TEXAS,CITY OF HOUSTON,03,"PROFESSIONAL, TECHNICAL AND BUSINESS SERVICES",0.172500,0.153000,0.111000,0.103500,0.103500,0.136500
42,TEXAS,CITY OF HOUSTON,03,RELIGION AND NONPROFIT,0.188700,0.168900,0.121500,0.113700,0.113700,0.150300
42,TEXAS,CITY OF HOUSTON,03,RESTAURANTS,0.361500,0.325500,0.234000,0.218250,0.218250,0.289500
42,TEXAS,CITY OF HOUSTON,03,RETAIL TRADE,0.261000,0.234632,0.169500,0.156632,0.156632,0.208895
42,TEXAS,CITY OF HOUSTON,03,SANITARY SEWER,0.574500,0.517500,0.373500,0.343500,0.343500,0.460500
42,TEXAS,CITY OF HOUSTON,03,TEMPORARY LODGING,0.136125,0.122250,0.088125,0.081750,0.081750,0.108750
42,TEXAS,CITY OF HOUSTON,03,WHOLESALE TRADE,0.231300,0.208200,0.150000,0.139200,0.139200,0.184500
42,TEXAS,BALANCE OF STATE (TEXAS),08,AGRICULTURE,0.183000,0.163500,0.118500,0.109500,0.109500,0.147000
42,TEXAS,BALANCE OF STATE (TEXAS),08,AIR,0.084000,0.075000,0.055500,0.051000,0.051000,0.066000
42,TEXAS,BALANCE OF STATE (TEXAS),08,CASINOS,0.405750,0.364500,0.264750,0.243000,0.243000,0.325500
42,TEXAS,BALANCE OF STATE (TEXAS),08,CONSTRUCTION,0.099000,0.088500,0.064500,0.058500,0.058500,0.078000
42,TEXAS,BALANCE OF STATE (TEXAS),08,EDUCATION,0.156000,0.139500,0.100500,0.093000,0.093000,0.124500
42,TEXAS,BALANCE OF STATE (TEXAS),08,EMERGENCY RESPONSE SERVICES,0.232500,0.210000,0.150000,0.139500,0.139500,0.186000
42,TEXAS,BALANCE OF STATE (TEXAS),08,ENTERTAINMENT AND RECREATION,0.257591,0.231955,0.167727,0.154500,0.154500,0.206318
42,TEXAS,BALANCE OF STATE (TEXAS),08,FOOD AND DRUGS PROCESSING,0.400500,0.361500,0.261500,0.241000,0.241000,0.321500
42,TEXAS,BALANCE OF STATE (TEXAS),08,GASOLINE SERVICE STATIONS,0.156000,0.141000,0.100500,0.096000,0.096000,0.124500
42,TEXAS,BALANCE OF STATE (TEXAS),08,GENERAL SERVICES,0.234750,0.211500,0.152250,0.140250,0.140250,0.188250
42,TEXAS,BALANCE OF STATE (TEXAS),08,GROUP INSTITUTIONAL HOUSING,0.161100,0.145500,0.105000,0.096600,0.096600,0.129900
42,TEXAS,BALANCE OF STATE (TEXAS),08,HEALTH CARE SERVICE,0.076500,0.067500,0.048000,0.045000,0.045000,0.061500
42,TEXAS,BALANCE OF STATE (TEXAS),08,HEAVY FABRICATION AND ASSEMBLY,0.240000,0.216000,0.157500,0.144000,0.144000,0.193500
42,TEXAS,BALANCE OF STATE (TEXAS),08,HIGHWAY,0.229500,0.207000,0.150000,0.138000,0.138000,0.183000
42,TEXAS,BALANCE OF STATE (TEXAS),08,LIGHT FABRICATION AND ASSEMBLY,0.223500,0.202000,0.145000,0.135000,0.135000,0.179500
42,TEXAS,BALANCE OF STATE (TEXAS),08,PERMANENT DWELLING (MULTI FAMILY HOUSING),0.145286,0.131679,0.094393,0.087107,0.087107,0.116786
42,TEXAS,BALANCE OF STATE (TEXAS),08,PERMANENT DWELLING (SINGLE FAMILY HOUSING),0.121500,0.109500,0.078000,0.072000,0.072000,0.097500
42,TEXAS,BALANCE OF STATE (TEXAS),08,PERSONAL AND REPAIR SERVICES,0.201667,0.181333,0.131333,0.120833,0.120833,0.161667
42,TEXAS,BALANCE OF STATE (TEXAS),08,PETROLEUM,0.150000,0.135000,0.097500,0.090000,0.090000,0.120000
42,TEXAS,BALANCE OF STATE (TEXAS),08,"PROFESSIONAL, TECHNICAL AND BUSINESS SERVICES",0.148500,0.132000,0.096000,0.088500,0.088500,0.117000
42,TEXAS,BALANCE OF STATE (TEXAS),08,RELIGION AND NONPROFIT,0.162000,0.144900,0.104100,0.097500,0.097500,0.128700
42,TEXAS,BALANCE OF STATE (TEXAS),08,RESTAURANTS,0.310500,0.279750,0.201000,0.187500,0.187500,0.249000
42,TEXAS,BALANCE OF STATE (TEXAS),08,RETAIL TRADE,0.224211,0.201553,0.145737,0.134605,0.134605,0.179526
42,TEXAS,BALANCE OF STATE (TEXAS),08,SANITARY SEWER,0.493500,0.444000,0.321000,0.295500,0.295500,0.396000
42,TEXAS,BALANCE OF STATE (TEXAS),08,TEMPORARY LODGING,0.117000,0.105000,0.075750,0.070500,0.070500,0.093375
42,TEXAS,BALANCE OF STATE (TEXAS),08,WHOLESALE TRADE,0.198600,0.178800,0.128700,0.119400,0.119400,0.158400
43,UTAH,ENTIRE STATE (UTAH),09,AGRICULTURE,0.074000,0.066000,0.046000,0.043000,0.043000,0.059000
43,UTAH,ENTIRE STATE (UTAH),09,AIR,0.049000,0.045000,0.033000,0.029000,0.029000,0.042000
43,UTAH,ENTIRE STATE (UTAH),09,CASINOS,0.181000,0.163000,0.117000,0.107000,0.107000,0.145000
43,UTAH,ENTIRE STATE (UTAH),09,CONSTRUCTION,0.037000,0.031000,0.024000,0.022000,0.022000,0.028000
43,UTAH,ENTIRE STATE (UTAH),09,EDUCATION,0.065000,0.056000,0.042000,0.040000,0.040000,0.052000
43,UTAH,ENTIRE STATE (UTAH),09,EMERGENCY RESPONSE SERVICES,0.037000,0.033000,0.024000,0.023000,0.023000,0.028000
43,UTAH,ENTIRE STATE (UTAH),09,ENTERTAINMENT AND RECREATION,0.114909,0.103273,0.074818,0.069273,0.069273,0.092182
43,UTAH,ENTIRE STATE (UTAH),09,FOOD AND DRUGS PROCESSING,0.075333,0.069000,0.049333,0.045000,0.045000,0.060667
43,UTAH,ENTIRE STATE (UTAH),09,GASOLINE SERVICE STATIONS,0.096000,0.086000,0.061000,0.058000,0.058000,0.076000
43,UTAH,ENTIRE STATE (UTAH),09,GENERAL SERVICES,0.039000,0.032500,0.024000,0.022500,0.022500,0.028500
43,UTAH,ENTIRE STATE (UTAH),09,GROUP INSTITUTIONAL HOUSING,0.057200,0.049400,0.037400,0.033200,0.033200,0.044600
43,UTAH,ENTIRE STATE (UTAH),09,HEALTH CARE SERVICE,0.034000,0.030000,0.022000,0.021000,0.021000,0.027000
43,UTAH,ENTIRE STATE (UTAH),09,HEAVY FABRICATION AND ASSEMBLY,0.192000,0.171000,0.124000,0.115000,0.115000,0.153000
43,UTAH,ENTIRE STATE (UTAH),09,HIGHWAY,0.182000,0.163000,0.118000,0.109000,0.109000,0.145000
43,UTAH,ENTIRE STATE (UTAH),09,LIGHT FABRICATION AND ASSEMBLY,0.089667,0.080667,0.058000,0.053333,0.053333,0.071667
43,UTAH,ENTIRE STATE (UTAH),09,PERMANENT DWELLING (MULTI FAMILY HOUSING),0.170714,0.153429,0.110357,0.102286,0.102286,0.136857
43,UTAH,ENTIRE STATE (UTAH),09,PERMANENT DWELLING (SINGLE FAMILY HOUSING),0.037000,0.033000,0.024000,0.023000,0.023000,0.031000
43,UTAH,ENTIRE STATE (UTAH),09,PERSONAL AND REPAIR SERVICES,0.112333,0.101333,0.073444,0.067333,0.067333,0.090444
43,UTAH,ENTIRE STATE (UTAH),09,PETROLEUM,0.118500,0.107500,0.076500,0.071000,0.071000,0.095500
43,UTAH,ENTIRE STATE (UTAH),09,"PROFESSIONAL, TECHNICAL AND BUSINESS SERVICES",0.071000,0.063000,0.045000,0.042000,0.042000,0.055000
43,UTAH,ENTIRE STATE (UTAH),09,RELIGION AND NONPROFIT,0.061000,0.056000,0.040000,0.037200,0.037200,0.049600
43,UTAH,ENTIRE STATE (UTAH),09,RESTAURANTS,0.083000,0.073500,0.052500,0.049500,0.049500,0.065500
43,UTAH,ENTIRE STATE (UTAH),09,RETAIL TRADE,0.086579,0.077895,0.056000,0.051526,0.051526,0.069526
43,UTAH,ENTIRE STATE (UTAH),09,SANITARY SEWER,0.392000,0.352000,0.253000,0.236000,0.236000,0.313000
43,UTAH,ENTIRE STATE (UTAH),09,TEMPORARY LODGING,0.131000,0.118000,0.085750,0.079000,0.079000,0.104750
43,UTAH,ENTIRE STATE (UTAH),09,WHOLESALE TRADE,0.157000,0.142400,0.102600,0.095000,0.095000,0.125000
44,VERMONT,ENTIRE STATE (VERMONT),09,AGRICULTURE,0.384000,0.346000,0.248000,0.230000,0.230000,0.308000
44,VERMONT,ENTIRE STATE (VERMONT),09,AIR,0.154000,0.140000,0.100000,0.094000,0.094000,0.124000
44,VERMONT,ENTIRE STATE (VERMONT),09,CASINOS,0.501000,0.451000,0.324000,0.302000,0.302000,0.403000
44,VERMONT,ENTIRE STATE (VERMONT),09,CONSTRUCTION,0.236000,0.214000,0.154000,0.140000,0.140000,0.188000
44,VERMONT,ENTIRE STATE (VERMONT),09,EDUCATION,0.166000,0.150000,0.110000,0.100000,0.100000,0.134000
44,VERMONT,ENTIRE STATE (VERMONT),09,EMERGENCY RESPONSE SERVICES,0.186000,0.166000,0.120000,0.112000,0.112000,0.148000
44,VERMONT,ENTIRE STATE (VERMONT),09,ENTERTAINMENT AND RECREATION,0.318909,0.287273,0.207818,0.191455,0.191455,0.255091
44,VERMONT,ENTIRE STATE (VERMONT),09,FOOD AND DRUGS PROCESSING,0.934667,0.844000,0.610000,0.559333,0.559333,0.750000
44,VERMONT,ENTIRE STATE (VERMONT),09,GASOLINE SERVICE STATIONS,0.290000,0.260000,0.186000,0.172000,0.172000,0.234000
44,VERMONT,ENTIRE STATE (VERMONT),09,GENERAL SERVICES,0.185000,0.167000,0.121000,0.111000,0.111000,0.147000
44,VERMONT,ENTIRE STATE (VERMONT),09,GROUP INSTITUTIONAL HOUSING,0.233600,0.210800,0.151600,0.140000,0.140000,0.186800
44,VERMONT,ENTIRE STATE (VERMONT),09,HEALTH CARE SERVICE,0.146000,0.132000,0.096000,0.090000,0.090000,0.116000
44,VERMONT,ENTIRE STATE (VERMONT),09,HEAVY FABRICATION AND ASSEMBLY,0.694000,0.624000,0.454000,0.418000,0.418000,0.558000
44,VERMONT,ENTIRE STATE (VERMONT),09,HIGHWAY,0.660000,0.596000,0.430000,0.396000,0.396000,0.528000
44,VERMONT,ENTIRE STATE (VERMONT),09,LIGHT FABRICATION AND ASSEMBLY,0.998667,0.902000,0.652000,0.602667,0.602667,0.802000
44,VERMONT,ENTIRE STATE (VERMONT),09,PERMANENT DWELLING (MULTI FAMILY HOUSING),0.431714,0.389143,0.280429,0.258714,0.258714,0.346429
44,VERMONT,ENTIRE STATE (VERMONT),09,PERMANENT DWELLING (SINGLE FAMILY HOUSING),0.172000,0.156000,0.112000,0.104000,0.104000,0.142000
44,VERMONT,ENTIRE STATE (VERMONT),09,PERSONAL AND REPAIR SERVICES,0.455556,0.409778,0.296222,0.272889,0.272889,0.366000
44,VERMONT,ENTIRE STATE (VERMONT),09,PETROLEUM,0.432000,0.389000,0.281000,0.261000,0.261000,0.345000
44,VERMONT,ENTIRE STATE (VERMONT),09,"PROFESSIONAL, TECHNICAL AND BUSINESS SERVICES",0.240000,0.214000,0.158000,0.144000,0.144000,0.190000
44,VERMONT,ENTIRE STATE (VERMONT),09,RELIGION AND NONPROFIT,0.260000,0.231200,0.167200,0.156000,0.156000,0.207200
44,VERMONT,ENTIRE STATE (VERMONT),09,RESTAURANTS,0.522000,0.471000,0.339000,0.313000,0.313000,0.420000
44,VERMONT,ENTIRE STATE (VERMONT),09,RETAIL TRADE,0.460737,0.414316,0.299158,0.276632,0.276632,0.368737
44,VERMONT,ENTIRE STATE (VERMONT),09,SANITARY SEWER,1.428000,1.288000,0.928000,0.852000,0.852000,1.142000
44,VERMONT,ENTIRE STATE (VERMONT),09,TEMPORARY LODGING,0.130500,0.116000,0.084500,0.078000,0.078000,0.105000
44,VERMONT,ENTIRE STATE (VERMONT),09,WHOLESALE TRADE,0.573200,0.516800,0.373200,0.345600,0.345600,0.458000
45,VIRGINIA,CITY OF RICHMOND,02,AGRICULTURE,0.168000,0.151500,0.106500,0.100500,0.100500,0.135000
45,VIRGINIA,CITY OF RICHMOND,02,AIR,0.147000,0.132000,0.100500,0.090000,0.090000,0.120000
45,VIRGINIA,CITY OF RICHMOND,02,CASINOS,0.394500,0.355500,0.260250,0.237000,0.237000,0.316500
45,VIRGINIA,CITY OF RICHMOND,02,CONSTRUCTION,0.100500,0.087000,0.064500,0.057000,0.057000,0.081000
45,VIRGINIA,CITY OF RICHMOND,02,EDUCATION,0.142500,0.126000,0.091500,0.082500,0.082500,0.115500
45,VIRGINIA,CITY OF RICHMOND,02,EMERGENCY RESPONSE SERVICES,0.127500,0.117000,0.081000,0.076500,0.076500,0.105000
45,VIRGINIA,CITY OF RICHMOND,02,ENTERTAINMENT AND RECREATION,0.250636,0.225409,0.163636,0.151227,0.151227,0.200318
45,VIRGINIA,CITY OF RICHMOND,02,FOOD AND DRUGS PROCESSING,1.127000,1.017500,0.734500,0.675000,0.675000,0.906000
45,VIRGINIA,CITY OF RICHMOND,02,GASOLINE SERVICE STATIONS,0.279000,0.249000,0.181500,0.168000,0.168000,0.223500
45,VIRGINIA,CITY OF RICHMOND,02,GENERAL SERVICES,0.129000,0.115500,0.082500,0.077250,0.077250,0.102750
45,VIRGINIA,CITY OF RICHMOND,02,GROUP INSTITUTIONAL HOUSING,0.168000,0.151500,0.110700,0.100200,0.100200,0.136200
45,VIRGINIA,CITY OF RICHMOND,02,HEALTH CARE SERVICE,0.112500,0.100500,0.072000,0.067500,0.067500,0.087000
45,VIRGINIA,CITY OF RICHMOND,02,HEAVY FABRICATION AND ASSEMBLY,0.381000,0.343500,0.252000,0.228000,0.228000,0.307500
45,VIRGINIA,CITY OF RICHMOND,02,HIGHWAY,0.363000,0.324000,0.237000,0.217500,0.217500,0.292500
45,VIRGINIA,CITY OF RICHMOND,02,LIGHT FABRICATION AND ASSEMBLY,1.333000,1.202500,0.866500,0.805500,0.805500,1.073500
45,VIRGINIA,CITY OF RICHMOND,02,PERMANENT DWELLING (MULTI FAMILY HOUSING),0.396429,0.357857,0.259071,0.238500,0.238500,0.317036
45,VIRGINIA,CITY OF RICHMOND,02,PERMANENT DWELLING (SINGLE FAMILY HOUSING),0.120000,0.111000,0.076500,0.072000,0.072000,0.097500
45,VIRGINIA,CITY OF RICHMOND,02,PERSONAL AND REPAIR SERVICES,0.306500,0.275500,0.199167,0.184333,0.184333,0.246000
45,VIRGINIA,CITY OF RICHMOND,02,PETROLEUM,0.238500,0.216750,0.154500,0.141750,0.141750,0.189750
45,VIRGINIA,CITY OF RICHMOND,02,"PROFESSIONAL, TECHNICAL AND BUSINESS SERVICES",0.201000,0.178500,0.127500,0.120000,0.120000,0.157500
45,VIRGINIA,CITY OF RICHMOND,02,RELIGION AND NONPROFIT,0.163500,0.147600,0.106200,0.098400,0.098400,0.129600
45,VIRGINIA,CITY OF RICHMOND,02,RESTAURANTS,0.433500,0.391500,0.281250,0.262500,0.262500,0.347250
45,VIRGINIA,CITY OF RICHMOND,02,RETAIL TRADE,0.219868,0.198237,0.142500,0.132079,0.132079,0.176447
45,VIRGINIA,CITY OF RICHMOND,02,SANITARY SEWER,0.786000,0.708000,0.510000,0.471000,0.471000,0.628500
45,VIRGINIA,CITY OF RICHMOND,02,TEMPORARY LODGING,0.280500,0.252000,0.182625,0.168375,0.168375,0.224625
45,VIRGINIA,CITY OF RICHMOND,02,WHOLESALE TRADE,0.317400,0.283800,0.206400,0.190500,0.190500,0.252900
45,VIRGINIA,FAIRFAX COUNTY,04,AGRICULTURE,0.177000,0.159000,0.112500,0.105000,0.105000,0.141000
45,VIRGINIA,FAIRFAX COUNTY,04,AIR,0.154500,0.139500,0.105000,0.094500,0.094500,0.126000
45,VIRGINIA,FAIRFAX COUNTY,04,CASINOS,0.415500,0.375000,0.273750,0.249000,0.249000,0.333000
45,VIRGINIA,FAIRFAX COUNTY,04,CONSTRUCTION,0.105000,0.091500,0.067500,0.060000,0.060000,0.085500
45,VIRGINIA,FAIRFAX COUNTY,04,EDUCATION,0.150000,0.132000,0.096000,0.087000,0.087000,0.121500
45,VIRGINIA,FAIRFAX COUNTY,04,EMERGENCY RESPONSE SERVICES,0.135000,0.123000,0.085500,0.081000,0.081000,0.109500
45,VIRGINIA,FAIRFAX COUNTY,04,ENTERTAINMENT AND RECREATION,0.263864,0.236864,0.172091,0.158727,0.158727,0.210955
45,VIRGINIA,FAIRFAX COUNTY,04,FOOD AND DRUGS PROCESSING,1.185500,1.070500,0.772000,0.710500,0.710500,0.953500
45,VIRGINIA,FAIRFAX COUNTY,04,GASOLINE SERVICE STATIONS,0.294000,0.262500,0.190500,0.177000,0.177000,0.235500
45,VIRGINIA,FAIRFAX COUNTY,04,GENERAL SERVICES,0.135750,0.121500,0.086250,0.080250,0.080250,0.108750
45,VIRGINIA,FAIRFAX COUNTY,04,GROUP INSTITUTIONAL HOUSING,0.176700,0.159300,0.115800,0.105000,0.105000,0.142800
45,VIRGINIA,FAIRFAX COUNTY,04,HEALTH CARE SERVICE,0.118500,0.105000,0.076500,0.072000,0.072000,0.091500
45,VIRGINIA,FAIRFAX COUNTY,04,HEAVY FABRICATION AND ASSEMBLY,0.402000,0.361500,0.264000,0.240000,0.240000,0.322500
45,VIRGINIA,FAIRFAX COUNTY,04,HIGHWAY,0.381000,0.340500,0.249000,0.228000,0.228000,0.307500
45,VIRGINIA,FAIRFAX COUNTY,04,LIGHT FABRICATION AND ASSEMBLY,1.402000,1.265500,0.911500,0.846500,0.846500,1.129500
45,VIRGINIA,FAIRFAX COUNTY,04,PERMANENT DWELLING (MULTI FAMILY HOUSING),0.416571,0.376714,0.272250,0.251036,0.251036,0.333964
45,VIRGINIA,FAIRFAX COUNTY,04,PERMANENT DWELLING (SINGLE FAMILY HOUSING),0.126000,0.117000,0.081000,0.076500,0.076500,0.103500
45,VIRGINIA,FAIRFAX COUNTY,04,PERSONAL AND REPAIR SERVICES,0.322000,0.290167,0.209833,0.193833,0.193833,0.259000
45,VIRGINIA,FAIRFAX COUNTY,04,PETROLEUM,0.251250,0.227250,0.162750,0.149250,0.149250,0.199500
45,VIRGINIA,FAIRFAX COUNTY,04,"PROFESSIONAL, TECHNICAL AND BUSINESS SERVICES",0.211500,0.189000,0.135000,0.126000,0.126000,0.166500
45,VIRGINIA,FAIRFAX COUNTY,04,RELIGION AND NONPROFIT,0.172500,0.155400,0.111300,0.103800,0.103800,0.136200
45,VIRGINIA,FAIRFAX COUNTY,04,RESTAURANTS,0.456000,0.411750,0.296250,0.276000,0.276000,0.365250
45,VIRGINIA,FAIRFAX COUNTY,04,RETAIL TRADE,0.231237,0.208263,0.150000,0.138711,0.138711,0.185368
45,VIRGINIA,FAIRFAX COUNTY,04,SANITARY SEWER,0.828000,0.744000,0.535500,0.495000,0.495000,0.661500
45,VIRGINIA,FAIRFAX COUNTY,04,TEMPORARY LODGING,0.295125,0.265125,0.192375,0.177000,0.177000,0.236625
45,VIRGINIA,FAIRFAX COUNTY,04,WHOLESALE TRADE,0.333600,0.298500,0.216900,0.200100,0.200100,0.266100
45,VIRGINIA,NORFOLK,01,AGRICULTURE,0.130500,0.117000,0.082500,0.076500,0.076500,0.103500
45,VIRGINIA,NORFOLK,01,AIR,0.114000,0.102000,0.076500,0.069000,0.069000,0.091500
45,VIRGINIA,NORFOLK,01,CASINOS,0.303750,0.274500,0.200250,0.182250,0.182250,0.243750
45,VIRGINIA,NORFOLK,01,CONSTRUCTION,0.076500,0.067500,0.049500,0.045000,0.045000,0.063000
45,VIRGINIA,NORFOLK,01,EDUCATION,0.109500,0.097500,0.070500,0.064500,0.064500,0.088500
45,VIRGINIA,NORFOLK,01,EMERGENCY RESPONSE SERVICES,0.099000,0.090000,0.063000,0.058500,0.058500,0.081000
45,VIRGINIA,NORFOLK,01,ENTERTAINMENT AND RECREATION,0.193364,0.173455,0.125727,0.116182,0.116182,0.154227
45,VIRGINIA,NORFOLK,01,FOOD AND DRUGS PROCESSING,0.868500,0.784000,0.566000,0.520000,0.520000,0.698500
45,VIRGINIA,NORFOLK,01,GASOLINE SERVICE STATIONS,0.214500,0.192000,0.139500,0.130500,0.130500,0.172500
45,VIRGINIA,NORFOLK,01,GENERAL SERVICES,0.099750,0.088500,0.063750,0.059250,0.059250,0.079500
45,VIRGINIA,NORFOLK,01,GROUP INSTITUTIONAL HOUSING,0.129300,0.116700,0.085200,0.077100,0.077100,0.104700
45,VIRGINIA,NORFOLK,01,HEALTH CARE SERVICE,0.087000,0.076500,0.055500,0.052500,0.052500,0.067500
45,VIRGINIA,NORFOLK,01,HEAVY FABRICATION AND ASSEMBLY,0.294000,0.264000,0.193500,0.175500,0.175500,0.237000
45,VIRGINIA,NORFOLK,01,HIGHWAY,0.279000,0.249000,0.183000,0.168000,0.168000,0.225000
45,VIRGINIA,NORFOLK,01,LIGHT FABRICATION AND ASSEMBLY,1.027000,0.927000,0.667000,0.620000,0.620000,0.827000
45,VIRGINIA,NORFOLK,01,PERMANENT DWELLING (MULTI FAMILY HOUSING),0.305250,0.275786,0.199286,0.183750,0.183750,0.244393
45,VIRGINIA,NORFOLK,01,PERMANENT DWELLING (SINGLE FAMILY HOUSING),0.091500,0.085500,0.058500,0.055500,0.055500,0.075000
45,VIRGINIA,NORFOLK,01,PERSONAL AND REPAIR SERVICES,0.236000,0.212333,0.153833,0.141667,0.141667,0.189667
45,VIRGINIA,NORFOLK,01,PETROLEUM,0.183750,0.166500,0.119250,0.109500,0.109500,0.146250
45,VIRGINIA,NORFOLK,01,"PROFESSIONAL, TECHNICAL AND BUSINESS SERVICES",0.154500,0.138000,0.099000,0.091500,0.091500,0.121500
45,VIRGINIA,NORFOLK,01,RELIGION AND NONPROFIT,0.126300,0.113400,0.081600,0.076200,0.076200,0.099300
45,VIRGINIA,NORFOLK,01,RESTAURANTS,0.334500,0.301500,0.216750,0.201750,0.201750,0.267750
45,VIRGINIA,NORFOLK,01,RETAIL TRADE,0.169421,0.152447,0.109895,0.101526,0.101526,0.135711
45,VIRGINIA,NORFOLK,01,SANITARY SEWER,0.606000,0.546000,0.393000,0.363000,0.363000,0.484500
45,VIRGINIA,NORFOLK,01,TEMPORARY LODGING,0.216000,0.194250,0.141000,0.129750,0.129750,0.173250
45,VIRGINIA,NORFOLK,01,WHOLESALE TRADE,0.244500,0.219000,0.159300,0.146700,0.146700,0.194700
45,VIRGINIA,VIRGINIA BEACH,03,AGRICULTURE,0.093000,0.084000,0.058500,0.055500,0.055500,0.075000
45,VIRGINIA,VIRGINIA BEACH,03,AIR,0.081000,0.073500,0.055500,0.049500,0.049500,0.066000
45,VIRGINIA,VIRGINIA BEACH,03,CASINOS,0.218250,0.197250,0.144000,0.131250,0.131250,0.175500
45,VIRGINIA,VIRGINIA BEACH,03,CONSTRUCTION,0.055500,0.048000,0.036000,0.031500,0.031500,0.045000
45,VIRGINIA,VIRGINIA BEACH,03,EDUCATION,0.079500,0.069000,0.051000,0.046500,0.046500,0.063000
45,VIRGINIA,VIRGINIA BEACH,03,EMERGENCY RESPONSE SERVICES,0.070500,0.064500,0.045000,0.042000,0.042000,0.058500
45,VIRGINIA,VIRGINIA BEACH,03,ENTERTAINMENT AND RECREATION,0.138955,0.124364,0.090545,0.083864,0.083864,0.111000
45,VIRGINIA,VIRGINIA BEACH,03,FOOD AND DRUGS PROCESSING,0.623500,0.563500,0.406500,0.374000,0.374000,0.501500
45,VIRGINIA,VIRGINIA BEACH,03,GASOLINE SERVICE STATIONS,0.154500,0.138000,0.100500,0.093000,0.093000,0.124500
45,VIRGINIA,VIRGINIA BEACH,03,GENERAL SERVICES,0.071250,0.063750,0.045000,0.042750,0.042750,0.057000
45,VIRGINIA,VIRGINIA BEACH,03,GROUP INSTITUTIONAL HOUSING,0.092400,0.083400,0.061200,0.055200,0.055200,0.075300
45,VIRGINIA,VIRGINIA BEACH,03,HEALTH CARE SERVICE,0.063000,0.055500,0.040500,0.037500,0.037500,0.048000
45,VIRGINIA,VIRGINIA BEACH,03,HEAVY FABRICATION AND ASSEMBLY,0.211500,0.190500,0.139500,0.126000,0.126000,0.169500
45,VIRGINIA,VIRGINIA BEACH,03,HIGHWAY,0.201000,0.180000,0.130500,0.120000,0.120000,0.162000
45,VIRGINIA,VIRGINIA BEACH,03,LIGHT FABRICATION AND ASSEMBLY,0.738000,0.666000,0.479500,0.446000,0.446000,0.594500
45,VIRGINIA,VIRGINIA BEACH,03,PERMANENT DWELLING (MULTI FAMILY HOUSING),0.219000,0.198429,0.143250,0.132429,0.132429,0.175500
45,VIRGINIA,VIRGINIA BEACH,03,PERMANENT DWELLING (SINGLE FAMILY HOUSING),0.066000,0.061500,0.042000,0.040500,0.040500,0.054000
45,VIRGINIA,VIRGINIA BEACH,03,PERSONAL AND REPAIR SERVICES,0.169333,0.152667,0.110333,0.101667,0.101667,0.136333
45,VIRGINIA,VIRGINIA BEACH,03,PETROLEUM,0.132750,0.120000,0.085500,0.078000,0.078000,0.105000
45,VIRGINIA,VIRGINIA BEACH,03,"PROFESSIONAL, TECHNICAL AND BUSINESS SERVICES",0.111000,0.099000,0.070500,0.066000,0.066000,0.087000
45,VIRGINIA,VIRGINIA BEACH,03,RELIGION AND NONPROFIT,0.090600,0.081900,0.058500,0.054600,0.054600,0.071700
45,VIRGINIA,VIRGINIA BEACH,03,RESTAURANTS,0.240000,0.216750,0.156000,0.145500,0.145500,0.192750
45,VIRGINIA,VIRGINIA BEACH,03,RETAIL TRADE,0.121500,0.109658,0.078868,0.072947,0.072947,0.097737
45,VIRGINIA,VIRGINIA BEACH,03,SANITARY SEWER,0.435000,0.391500,0.282000,0.261000,0.261000,0.348000
45,VIRGINIA,VIRGINIA BEACH,03,TEMPORARY LODGING,0.155250,0.139875,0.101250,0.093375,0.093375,0.124500
45,VIRGINIA,VIRGINIA BEACH,03,WHOLESALE TRADE,0.175800,0.157200,0.114000,0.105300,0.105300,0.140400
45,VIRGINIA,BALANCE OF STATE (VIRGINIA),08,AGRICULTURE,0.118500,0.106500,0.075000,0.070500,0.070500,0.094500
45,VIRGINIA,BALANCE OF STATE (VIRGINIA),08,AIR,0.103500,0.093000,0.070500,0.063000,0.063000,0.084000
45,VIRGINIA,BALANCE OF STATE (VIRGINIA),08,CASINOS,0.277500,0.250500,0.183000,0.166500,0.166500,0.222750
45,VIRGINIA,BALANCE OF STATE (VIRGINIA),08,CONSTRUCTION,0.070500,0.061500,0.045000,0.040500,0.040500,0.057000
45,VIRGINIA,BALANCE OF STATE (VIRGINIA),08,EDUCATION,0.100500,0.088500,0.064500,0.058500,0.058500,0.081000
45,VIRGINIA,BALANCE OF STATE (VIRGINIA),08,EMERGENCY RESPONSE SERVICES,0.090000,0.082500,0.057000,0.054000,0.054000,0.073500
45,VIRGINIA,BALANCE OF STATE (VIRGINIA),08,ENTERTAINMENT AND RECREATION,0.176455,0.158455,0.114955,0.106227,0.106227,0.140864
45,VIRGINIA,BALANCE OF STATE (VIRGINIA),08,FOOD AND DRUGS PROCESSING,0.793000,0.716000,0.516500,0.475000,0.475000,0.637500
45,VIRGINIA,BALANCE OF STATE (VIRGINIA),08,GASOLINE SERVICE STATIONS,0.196500,0.175500,0.127500,0.118500,0.118500,0.157500
45,VIRGINIA,BALANCE OF STATE (VIRGINIA),08,GENERAL SERVICES,0.090750,0.081000,0.057750,0.054000,0.054000,0.072750
45,VIRGINIA,BALANCE OF STATE (VIRGINIA),08,GROUP INSTITUTIONAL HOUSING,0.117900,0.106500,0.077700,0.070500,0.070500,0.095700
45,VIRGINIA,BALANCE OF STATE (VIRGINIA),08,HEALTH CARE SERVICE,0.079500,0.070500,0.051000,0.048000,0.048000,0.061500
45,VIRGINIA,BALANCE OF STATE (VIRGINIA),08,HEAVY FABRICATION AND ASSEMBLY,0.268500,0.241500,0.177000,0.160500,0.160500,0.216000
45,VIRGINIA,BALANCE OF STATE (VIRGINIA),08,HIGHWAY,0.255000,0.228000,0.166500,0.153000,0.153000,0.205500
45,VIRGINIA,BALANCE OF STATE (VIRGINIA),08,LIGHT FABRICATION AND ASSEMBLY,0.938000,0.846500,0.609500,0.566500,0.566500,0.755500
45,VIRGINIA,BALANCE OF STATE (VIRGINIA),08,PERMANENT DWELLING (MULTI FAMILY HOUSING),0.278786,0.251893,0.182250,0.168000,0.168000,0.223286
45,VIRGINIA,BALANCE OF STATE (VIRGINIA),08,PERMANENT DWELLING (SINGLE FAMILY HOUSING),0.084000,0.078000,0.054000,0.051000,0.051000,0.069000
45,VIRGINIA,BALANCE OF STATE (VIRGINIA),08,PERSONAL AND REPAIR SERVICES,0.215500,0.193833,0.140333,0.129667,0.129667,0.173167
45,VIRGINIA,BALANCE OF STATE (VIRGINIA),08,PETROLEUM,0.168000,0.152250,0.108750,0.099750,0.099750,0.133500
45,VIRGINIA,BALANCE OF STATE (VIRGINIA),08,"PROFESSIONAL, TECHNICAL AND BUSINESS SERVICES",0.141000,0.126000,0.090000,0.084000,0.084000,0.111000
45,VIRGINIA,BALANCE OF STATE (VIRGINIA),08,RELIGION AND NONPROFIT,0.115200,0.103800,0.074700,0.069600,0.069600,0.090900
45,VIRGINIA,BALANCE OF STATE (VIRGINIA),08,RESTAURANTS,0.305250,0.275250,0.198000,0.184500,0.184500,0.244500
45,VIRGINIA,BALANCE OF STATE (VIRGINIA),08,RETAIL TRADE,0.154658,0.139342,0.100263,0.092842,0.092842,0.123947
45,VIRGINIA,BALANCE OF STATE (VIRGINIA),08,SANITARY SEWER,0.553500,0.498000,0.358500,0.331500,0.331500,0.442500
45,VIRGINIA,BALANCE OF STATE (VIRGINIA),08,TEMPORARY LODGING,0.197250,0.177375,0.128625,0.118500,0.118500,0.158250
45,VIRGINIA,BALANCE OF STATE (VIRGINIA),08,WHOLESALE TRADE,0.223200,0.199800,0.145200,0.133800,0.133800,0.177900
47,WEST VIRGINIA,ENTIRE STATE (WEST VIRGINIA),09,AGRICULTURE,0.160000,0.146000,0.106000,0.096000,0.096000,0.129000
47,WEST VIRGINIA,ENTIRE STATE (WEST VIRGINIA),09,AIR,0.103000,0.093000,0.069000,0.062000,0.062000,0.083000
47,WEST VIRGINIA,ENTIRE STATE (WEST VIRGINIA),09,CASINOS,0.343500,0.310000,0.224500,0.207000,0.207000,0.275000
47,WEST VIRGINIA,ENTIRE STATE (WEST VIRGINIA),09,CONSTRUCTION,0.117000,0.106000,0.077000,0.071000,0.071000,0.093000
47,WEST VIRGINIA,ENTIRE STATE (WEST VIRGINIA),09,EDUCATION,0.070000,0.064000,0.046000,0.043000,0.043000,0.057000
47,WEST VIRGINIA,ENTIRE STATE (WEST VIRGINIA),09,EMERGENCY RESPONSE SERVICES,0.063000,0.056000,0.041000,0.039000,0.039000,0.052000
47,WEST VIRGINIA,ENTIRE STATE (WEST VIRGINIA),09,ENTERTAINMENT AND RECREATION,0.218273,0.196364,0.142455,0.131091,0.131091,0.174636
47,WEST VIRGINIA,ENTIRE STATE (WEST VIRGINIA),09,FOOD AND DRUGS PROCESSING,0.191667,0.172333,0.125000,0.114000,0.114000,0.154000
47,WEST VIRGINIA,ENTIRE STATE (WEST VIRGINIA),09,GASOLINE SERVICE STATIONS,0.193000,0.174000,0.125000,0.117000,0.117000,0.155000
47,WEST VIRGINIA,ENTIRE STATE (WEST VIRGINIA),09,GENERAL SERVICES,0.063000,0.056500,0.040500,0.038500,0.038500,0.051000
47,WEST VIRGINIA,ENTIRE STATE (WEST VIRGINIA),09,GROUP INSTITUTIONAL HOUSING,0.134400,0.120000,0.086600,0.080400,0.080400,0.107800
47,WEST VIRGINIA,ENTIRE STATE (WEST VIRGINIA),09,HEALTH CARE SERVICE,0.070000,0.062000,0.045000,0.041000,0.041000,0.055000
47,WEST VIRGINIA,ENTIRE STATE (WEST VIRGINIA),09,HEAVY FABRICATION AND ASSEMBLY,0.346000,0.311000,0.228000,0.208000,0.208000,0.278000
47,WEST VIRGINIA,ENTIRE STATE (WEST VIRGINIA),09,HIGHWAY,0.331000,0.298000,0.214000,0.198000,0.198000,0.263000
47,WEST VIRGINIA,ENTIRE STATE (WEST VIRGINIA),09,LIGHT FABRICATION AND ASSEMBLY,0.164333,0.147667,0.107000,0.098333,0.098333,0.131333
47,WEST VIRGINIA,ENTIRE STATE (WEST VIRGINIA),09,PERMANENT DWELLING (MULTI FAMILY HOUSING),0.260714,0.233857,0.169571,0.156429,0.156429,0.207929
47,WEST VIRGINIA,ENTIRE STATE (WEST VIRGINIA),09,PERMANENT DWELLING (SINGLE FAMILY HOUSING),0.100000,0.089000,0.065000,0.060000,0.060000,0.077000
47,WEST VIRGINIA,ENTIRE STATE (WEST VIRGINIA),09,PERSONAL AND REPAIR SERVICES,0.213000,0.191667,0.138778,0.127444,0.127444,0.171000
47,WEST VIRGINIA,ENTIRE STATE (WEST VIRGINIA),09,PETROLEUM,0.216500,0.195000,0.140500,0.129500,0.129500,0.173500
47,WEST VIRGINIA,ENTIRE STATE (WEST VIRGINIA),09,"PROFESSIONAL, TECHNICAL AND BUSINESS SERVICES",0.148000,0.134000,0.096000,0.089000,0.089000,0.120000
47,WEST VIRGINIA,ENTIRE STATE (WEST VIRGINIA),09,RELIGION AND NONPROFIT,0.115400,0.104200,0.075200,0.069600,0.069600,0.092200
47,WEST VIRGINIA,ENTIRE STATE (WEST VIRGINIA),09,RESTAURANTS,0.293500,0.265000,0.190000,0.177500,0.177500,0.235500
47,WEST VIRGINIA,ENTIRE STATE (WEST VIRGINIA),09,RETAIL TRADE,0.199579,0.179895,0.130263,0.120053,0.120053,0.159895
47,WEST VIRGINIA,ENTIRE STATE (WEST VIRGINIA),09,SANITARY SEWER,0.713000,0.642000,0.463000,0.428000,0.428000,0.572000
47,WEST VIRGINIA,ENTIRE STATE (WEST VIRGINIA),09,TEMPORARY LODGING,0.219000,0.196750,0.142250,0.132500,0.132500,0.175250
47,WEST VIRGINIA,ENTIRE STATE (WEST VIRGINIA),09,WHOLESALE TRADE,0.286200,0.257600,0.186800,0.173000,0.173000,0.229200
48,WISCONSIN,CITY OF MILWAUKEE,01,AGRICULTURE,0.153000,0.137000,0.095000,0.090000,0.090000,0.119000
48,WISCONSIN,CITY OF MILWAUKEE,01,AIR,0.081000,0.077000,0.056000,0.045000,0.045000,0.068000
48,WISCONSIN,CITY OF MILWAUKEE,01,CASINOS,0.325000,0.291500,0.212500,0.194500,0.194500,0.263500
48,WISCONSIN,CITY OF MILWAUKEE,01,CONSTRUCTION,0.135000,0.119000,0.088000,0.083000,0.083000,0.106000
48,WISCONSIN,CITY OF MILWAUKEE,01,EDUCATION,0.171000,0.155000,0.113000,0.108000,0.108000,0.140000
48,WISCONSIN,CITY OF MILWAUKEE,01,EMERGENCY RESPONSE SERVICES,0.050000,0.043000,0.029000,0.029000,0.029000,0.041000
48,WISCONSIN,CITY OF MILWAUKEE,01,ENTERTAINMENT AND RECREATION,0.206273,0.185182,0.133273,0.124182,0.124182,0.165091
48,WISCONSIN,CITY OF MILWAUKEE,01,FOOD AND DRUGS PROCESSING,0.119333,0.102333,0.076000,0.068333,0.068333,0.092333
48,WISCONSIN,CITY OF MILWAUKEE,01,GASOLINE SERVICE STATIONS,0.155000,0.137000,0.099000,0.095000,0.095000,0.126000
48,WISCONSIN,CITY OF MILWAUKEE,01,GENERAL SERVICES,0.048500,0.045000,0.029000,0.027000,0.027000,0.041000
48,WISCONSIN,CITY OF MILWAUKEE,01,GROUP INSTITUTIONAL HOUSING,0.181200,0.160000,0.115800,0.107400,0.107400,0.146400
48,WISCONSIN,CITY OF MILWAUKEE,01,HEALTH CARE SERVICE,0.034000,0.032000,0.016000,0.016000,0.016000,0.027000
48,WISCONSIN,CITY OF MILWAUKEE,01,HEAVY FABRICATION AND ASSEMBLY,0.250000,0.216000,0.160000,0.151000,0.151000,0.194000
48,WISCONSIN,CITY OF MILWAUKEE,01,HIGHWAY,0.241000,0.209000,0.153000,0.142000,0.142000,0.185000
48,WISCONSIN,CITY OF MILWAUKEE,01,LIGHT FABRICATION AND ASSEMBLY,0.138667,0.124333,0.093000,0.083333,0.083333,0.113333
48,WISCONSIN,CITY OF MILWAUKEE,01,PERMANENT DWELLING (MULTI FAMILY HOUSING),0.223500,0.201643,0.143357,0.134143,0.134143,0.179714
48,WISCONSIN,CITY OF MILWAUKEE,01,PERMANENT DWELLING (SINGLE FAMILY HOUSING),0.153000,0.144000,0.099000,0.090000,0.090000,0.124000
48,WISCONSIN,CITY OF MILWAUKEE,01,PERSONAL AND REPAIR SERVICES,0.184889,0.166889,0.120000,0.110889,0.110889,0.148222
48,WISCONSIN,CITY OF MILWAUKEE,01,PETROLEUM,0.154500,0.139500,0.103500,0.099000,0.099000,0.125000
48,WISCONSIN,CITY OF MILWAUKEE,01,"PROFESSIONAL, TECHNICAL AND BUSINESS SERVICES",0.079000,0.070000,0.047000,0.045000,0.045000,0.061000
48,WISCONSIN,CITY OF MILWAUKEE,01,RELIGION AND NONPROFIT,0.172400,0.160200,0.113200,0.104000,0.104000,0.136800
48,WISCONSIN,CITY OF MILWAUKEE,01,RESTAURANTS,0.359000,0.322000,0.233000,0.215000,0.215000,0.288000
48,WISCONSIN,CITY OF MILWAUKEE,01,RETAIL TRADE,0.198316,0.177263,0.126737,0.117526,0.117526,0.156737
48,WISCONSIN,CITY OF MILWAUKEE,01,SANITARY SEWER,0.504000,0.459000,0.331000,0.304000,0.304000,0.410000
48,WISCONSIN,CITY OF MILWAUKEE,01,TEMPORARY LODGING,0.116000,0.106000,0.077000,0.069750,0.069750,0.094500
48,WISCONSIN,CITY OF MILWAUKEE,01,WHOLESALE TRADE,0.201800,0.184800,0.134400,0.124800,0.124800,0.164800
48,WISCONSIN,BALANCE OF STATE (WISCONSIN),08,AGRICULTURE,0.068000,0.061000,0.042000,0.040000,0.040000,0.053000
48,WISCONSIN,BALANCE OF STATE (WISCONSIN),08,AIR,0.036000,0.034000,0.025000,0.020000,0.020000,0.030000
48,WISCONSIN,BALANCE OF STATE (WISCONSIN),08,CASINOS,0.144500,0.129500,0.094500,0.086500,0.086500,0.117000
48,WISCONSIN,BALANCE OF STATE (WISCONSIN),08,CONSTRUCTION,0.060000,0.053000,0.039000,0.037000,0.037000,0.047000
48,WISCONSIN,BALANCE OF STATE (WISCONSIN),08,EDUCATION,0.076000,0.069000,0.050000,0.048000,0.048000,0.062000
48,WISCONSIN,BALANCE OF STATE (WISCONSIN),08,EMERGENCY RESPONSE SERVICES,0.022000,0.019000,0.013000,0.013000,0.013000,0.018000
48,WISCONSIN,BALANCE OF STATE (WISCONSIN),08,ENTERTAINMENT AND RECREATION,0.091636,0.082273,0.059182,0.055091,0.055091,0.073364
48,WISCONSIN,BALANCE OF STATE (WISCONSIN),08,FOOD AND DRUGS PROCESSING,0.053000,0.045333,0.033667,0.030333,0.030333,0.041000
48,WISCONSIN,BALANCE OF STATE (WISCONSIN),08,GASOLINE SERVICE STATIONS,0.069000,0.061000,0.044000,0.042000,0.042000,0.056000
48,WISCONSIN,BALANCE OF STATE (WISCONSIN),08,GENERAL SERVICES,0.021500,0.020000,0.013000,0.012000,0.012000,0.018000
48,WISCONSIN,BALANCE OF STATE (WISCONSIN),08,GROUP INSTITUTIONAL HOUSING,0.080600,0.071000,0.051400,0.047600,0.047600,0.065000
48,WISCONSIN,BALANCE OF STATE (WISCONSIN),08,HEALTH CARE SERVICE,0.015000,0.014000,0.007000,0.007000,0.007000,0.012000
48,WISCONSIN,BALANCE OF STATE (WISCONSIN),08,HEAVY FABRICATION AND ASSEMBLY,0.111000,0.096000,0.071000,0.067000,0.067000,0.086000
48,WISCONSIN,BALANCE OF STATE (WISCONSIN),08,HIGHWAY,0.107000,0.093000,0.068000,0.063000,0.063000,0.082000
48,WISCONSIN,BALANCE OF STATE (WISCONSIN),08,LIGHT FABRICATION AND ASSEMBLY,0.061667,0.055333,0.041333,0.037000,0.037000,0.050333
48,WISCONSIN,BALANCE OF STATE (WISCONSIN),08,PERMANENT DWELLING (MULTI FAMILY HOUSING),0.099286,0.089714,0.063714,0.059500,0.059500,0.079857
48,WISCONSIN,BALANCE OF STATE (WISCONSIN),08,PERMANENT DWELLING (SINGLE FAMILY HOUSING),0.068000,0.064000,0.044000,0.040000,0.040000,0.055000
48,WISCONSIN,BALANCE OF STATE (WISCONSIN),08,PERSONAL AND REPAIR SERVICES,0.082111,0.074111,0.053333,0.049222,0.049222,0.065778
48,WISCONSIN,BALANCE OF STATE (WISCONSIN),08,PETROLEUM,0.068500,0.062000,0.046000,0.044000,0.044000,0.055500
48,WISCONSIN,BALANCE OF STATE (WISCONSIN),08,"PROFESSIONAL, TECHNICAL AND BUSINESS SERVICES",0.035000,0.031000,0.021000,0.020000,0.020000,0.027000
48,WISCONSIN,BALANCE OF STATE (WISCONSIN),08,RELIGION AND NONPROFIT,0.076600,0.071000,0.050200,0.046200,0.046200,0.060800
48,WISCONSIN,BALANCE OF STATE (WISCONSIN),08,RESTAURANTS,0.159500,0.143000,0.103500,0.095500,0.095500,0.128000
48,WISCONSIN,BALANCE OF STATE (WISCONSIN),08,RETAIL TRADE,0.088105,0.078789,0.056263,0.052158,0.052158,0.069632
48,WISCONSIN,BALANCE OF STATE (WISCONSIN),08,SANITARY SEWER,0.224000,0.204000,0.147000,0.135000,0.135000,0.182000
48,WISCONSIN,BALANCE OF STATE (WISCONSIN),08,TEMPORARY LODGING,0.051500,0.047000,0.034250,0.031000,0.031000,0.042000
48,WISCONSIN,BALANCE OF STATE (WISCONSIN),08,WHOLESALE TRADE,0.089600,0.082000,0.059600,0.055400,0.055400,0.073200
49,WYOMING,ENTIRE STATE (WYOMING),09,AGRICULTURE,0.120000,0.108000,0.074000,0.070000,0.070000,0.094000
49,WYOMING,ENTIRE STATE (WYOMING),09,AIR,0.102000,0.092000,0.066000,0.060000,0.060000,0.084000
49,WYOMING,ENTIRE STATE (WYOMING),09,CASINOS,0.207000,0.186000,0.138000,0.122000,0.122000,0.169000
49,WYOMING,ENTIRE STATE (WYOMING),09,CONSTRUCTION,0.066000,0.060000,0.044000,0.042000,0.042000,0.052000
49,WYOMING,ENTIRE STATE (WYOMING),09,EDUCATION,0.050000,0.046000,0.036000,0.030000,0.030000,0.042000
49,WYOMING,ENTIRE STATE (WYOMING),09,EMERGENCY RESPONSE SERVICES,0.050000,0.046000,0.030000,0.028000,0.028000,0.044000
49,WYOMING,ENTIRE STATE (WYOMING),09,ENTERTAINMENT AND RECREATION,0.131636,0.117455,0.085636,0.079091,0.079091,0.106364
49,WYOMING,ENTIRE STATE (WYOMING),09,FOOD AND DRUGS PROCESSING,0.260000,0.235333,0.168667,0.156000,0.156000,0.208667
49,WYOMING,ENTIRE STATE (WYOMING),09,GASOLINE SERVICE STATIONS,0.196000,0.174000,0.128000,0.118000,0.118000,0.150000
49,WYOMING,ENTIRE STATE (WYOMING),09,GENERAL SERVICES,0.051000,0.046000,0.029000,0.028000,0.028000,0.043000
49,WYOMING,ENTIRE STATE (WYOMING),09,GROUP INSTITUTIONAL HOUSING,0.071200,0.064800,0.048000,0.043200,0.043200,0.057200
49,WYOMING,ENTIRE STATE (WYOMING),09,HEALTH CARE SERVICE,0.042000,0.034000,0.026000,0.024000,0.024000,0.028000
49,WYOMING,ENTIRE STATE (WYOMING),09,HEAVY FABRICATION AND ASSEMBLY,0.176000,0.152000,0.110000,0.104000,0.104000,0.134000
49,WYOMING,ENTIRE STATE (WYOMING),09,HIGHWAY,0.168000,0.148000,0.108000,0.098000,0.098000,0.132000
49,WYOMING,ENTIRE STATE (WYOMING),09,LIGHT FABRICATION AND ASSEMBLY,0.433333,0.388667,0.280667,0.261333,0.261333,0.348667
49,WYOMING,ENTIRE STATE (WYOMING),09,PERMANENT DWELLING (MULTI FAMILY HOUSING),0.100286,0.089143,0.066143,0.061143,0.061143,0.080000
49,WYOMING,ENTIRE STATE (WYOMING),09,PERMANENT DWELLING (SINGLE FAMILY HOUSING),0.054000,0.048000,0.034000,0.032000,0.032000,0.044000
49,WYOMING,ENTIRE STATE (WYOMING),09,PERSONAL AND REPAIR SERVICES,0.149778,0.134222,0.098000,0.090444,0.090444,0.120889
49,WYOMING,ENTIRE STATE (WYOMING),09,PETROLEUM,0.107000,0.096000,0.068000,0.061000,0.061000,0.085000
49,WYOMING,ENTIRE STATE (WYOMING),09,"PROFESSIONAL, TECHNICAL AND BUSINESS SERVICES",0.092000,0.080000,0.056000,0.052000,0.052000,0.072000
49,WYOMING,ENTIRE STATE (WYOMING),09,RELIGION AND NONPROFIT,0.062400,0.059200,0.042400,0.040400,0.040400,0.052800
49,WYOMING,ENTIRE STATE (WYOMING),09,RESTAURANTS,0.157000,0.142000,0.101000,0.094000,0.094000,0.127000
49,WYOMING,ENTIRE STATE (WYOMING),09,RETAIL TRADE,0.141474,0.128211,0.090421,0.083789,0.083789,0.113368
49,WYOMING,ENTIRE STATE (WYOMING),09,SANITARY SEWER,0.354000,0.320000,0.232000,0.212000,0.212000,0.284000
49,WYOMING,ENTIRE STATE (WYOMING),09,TEMPORARY LODGING,0.130500,0.119000,0.084500,0.077500,0.077500,0.103500
49,WYOMING,ENTIRE STATE (WYOMING),09,WHOLESALE TRADE,0.142400,0.128400,0.092000,0.085600,0.085600,0.114400
54,ALASKA,ENTIRE STATE (ALASKA),09,AGRICULTURE,0.132500,0.117000,0.085000,0.079000,0.079000,0.105500
54,ALASKA,ENTIRE STATE (ALASKA),09,AIR,0.064000,0.058000,0.041000,0.038500,0.038500,0.050000
54,ALASKA,ENTIRE STATE (ALASKA),09,CASINOS,0.248750,0.222500,0.162000,0.148500,0.148500,0.199750
54,ALASKA,ENTIRE STATE (ALASKA),09,CONSTRUCTION,0.067000,0.060500,0.044500,0.041500,0.041500,0.054500
54,ALASKA,ENTIRE STATE (ALASKA),09,EDUCATION,0.083500,0.075000,0.054500,0.051000,0.051000,0.068000
54,ALASKA,ENTIRE STATE (ALASKA),09,EMERGENCY RESPONSE SERVICES,0.103000,0.095000,0.069000,0.063000,0.063000,0.084000
54,ALASKA,ENTIRE STATE (ALASKA),09,ENTERTAINMENT AND RECREATION,0.158182,0.141864,0.102818,0.094727,0.094727,0.125773
54,ALASKA,ENTIRE STATE (ALASKA),09,FOOD AND DRUGS PROCESSING,0.075167,0.067500,0.049167,0.044333,0.044333,0.060500
54,ALASKA,ENTIRE STATE (ALASKA),09,GASOLINE SERVICE STATIONS,0.119500,0.108000,0.079500,0.073500,0.073500,0.096000
54,ALASKA,ENTIRE STATE (ALASKA),09,GENERAL SERVICES,0.105500,0.096000,0.069500,0.063500,0.063500,0.084500
54,ALASKA,ENTIRE STATE (ALASKA),09,GROUP INSTITUTIONAL HOUSING,0.127300,0.113100,0.081300,0.075600,0.075600,0.101200
54,ALASKA,ENTIRE STATE (ALASKA),09,HEALTH CARE SERVICE,0.067000,0.061000,0.044000,0.041000,0.041000,0.054000
54,ALASKA,ENTIRE STATE (ALASKA),09,HEAVY FABRICATION AND ASSEMBLY,0.281000,0.250500,0.182500,0.168000,0.168000,0.223500
54,ALASKA,ENTIRE STATE (ALASKA),09,HIGHWAY,0.266000,0.240000,0.173500,0.159500,0.159500,0.213500
54,ALASKA,ENTIRE STATE (ALASKA),09,LIGHT FABRICATION AND ASSEMBLY,0.043500,0.039500,0.028500,0.026167,0.026167,0.035500
54,ALASKA,ENTIRE STATE (ALASKA),09,PERMANENT DWELLING (MULTI FAMILY HOUSING),0.200321,0.180964,0.130179,0.119929,0.119929,0.160679
54,ALASKA,ENTIRE STATE (ALASKA),09,PERMANENT DWELLING (SINGLE FAMILY HOUSING),0.098000,0.088500,0.063000,0.059500,0.059500,0.078500
54,ALASKA,ENTIRE STATE (ALASKA),09,PERSONAL AND REPAIR SERVICES,0.209889,0.189444,0.136278,0.126278,0.126278,0.168444
54,ALASKA,ENTIRE STATE (ALASKA),09,PETROLEUM,0.174250,0.157000,0.113750,0.105000,0.105000,0.139750
54,ALASKA,ENTIRE STATE (ALASKA),09,"PROFESSIONAL, TECHNICAL AND BUSINESS SERVICES",0.103500,0.093000,0.066000,0.062000,0.062000,0.082500
54,ALASKA,ENTIRE STATE (ALASKA),09,RELIGION AND NONPROFIT,0.132800,0.119700,0.086200,0.079800,0.079800,0.106100
54,ALASKA,ENTIRE STATE (ALASKA),09,RESTAURANTS,0.252500,0.227500,0.164500,0.152000,0.152000,0.202500
54,ALASKA,ENTIRE STATE (ALASKA),09,RETAIL TRADE,0.164105,0.147395,0.106368,0.098211,0.098211,0.131158
54,ALASKA,ENTIRE STATE (ALASKA),09,SANITARY SEWER,0.576500,0.519500,0.374500,0.345500,0.345500,0.462000
54,ALASKA,ENTIRE STATE (ALASKA),09,TEMPORARY LODGING,0.086875,0.078375,0.056250,0.052250,0.052250,0.069750
54,ALASKA,ENTIRE STATE (ALASKA),09,WHOLESALE TRADE,0.231500,0.208400,0.150700,0.139100,0.139100,0.184600
55,ALASKA,ENTIRE STATE (ALASKA),09,AGRICULTURE,0.132500,0.117000,0.085000,0.079000,0.079000,0.105500
55,ALASKA,ENTIRE STATE (ALASKA),09,AIR,0.064000,0.058000,0.041000,0.038500,0.038500,0.050000
55,ALASKA,ENTIRE STATE (ALASKA),09,CASINOS,0.248750,0.222500,0.162000,0.148500,0.148500,0.199750
55,ALASKA,ENTIRE STATE (ALASKA),09,CONSTRUCTION,0.067000,0.060500,0.044500,0.041500,0.041500,0.054500
55,ALASKA,ENTIRE STATE (ALASKA),09,EDUCATION,0.083500,0.075000,0.054500,0.051000,0.051000,0.068000
55,ALASKA,ENTIRE STATE (ALASKA),09,EMERGENCY RESPONSE SERVICES,0.103000,0.095000,0.069000,0.063000,0.063000,0.084000
55,ALASKA,ENTIRE STATE (ALASKA),09,ENTERTAINMENT AND RECREATION,0.158182,0.141864,0.102818,0.094727,0.094727,0.125773
55,ALASKA,ENTIRE STATE (ALASKA),09,FOOD AND DRUGS PROCESSING,0.075167,0.067500,0.049167,0.044333,0.044333,0.060500
55,ALASKA,ENTIRE STATE (ALASKA),09,GASOLINE SERVICE STATIONS,0.119500,0.108000,0.079500,0.073500,0.073500,0.096000
55,ALASKA,ENTIRE STATE (ALASKA),09,GENERAL SERVICES,0.105500,0.096000,0.069500,0.063500,0.063500,0.084500
55,ALASKA,ENTIRE STATE (ALASKA),09,GROUP INSTITUTIONAL HOUSING,0.127300,0.113100,0.081300,0.075600,0.075600,0.101200
55,ALASKA,ENTIRE STATE (ALASKA),09,HEALTH CARE SERVICE,0.067000,0.061000,0.044000,0.041000,0.041000,0.054000
55,ALASKA,ENTIRE STATE (ALASKA),09,HEAVY FABRICATION AND ASSEMBLY,0.281000,0.250500,0.182500,0.168000,0.168000,0.223500
55,ALASKA,ENTIRE STATE (ALASKA),09,HIGHWAY,0.266000,0.240000,0.173500,0.159500,0.159500,0.213500
55,ALASKA,ENTIRE STATE (ALASKA),09,LIGHT FABRICATION AND ASSEMBLY,0.043500,0.039500,0.028500,0.026167,0.026167,0.035500
55,ALASKA,ENTIRE STATE (ALASKA),09,PERMANENT DWELLING (MULTI FAMILY HOUSING),0.200321,0.180964,0.130179,0.119929,0.119929,0.160679
55,ALASKA,ENTIRE STATE (ALASKA),09,PERMANENT DWELLING (SINGLE FAMILY HOUSING),0.098000,0.088500,0.063000,0.059500,0.059500,0.078500
55,ALASKA,ENTIRE STATE (ALASKA),09,PERSONAL AND REPAIR SERVICES,0.209889,0.189444,0.136278,0.126278,0.126278,0.168444
55,ALASKA,ENTIRE STATE (ALASKA),09,PETROLEUM,0.174250,0.157000,0.113750,0.105000,0.105000,0.139750
55,ALASKA,ENTIRE STATE (ALASKA),09,"PROFESSIONAL, TECHNICAL AND BUSINESS SERVICES",0.103500,0.093000,0.066000,0.062000,0.062000,0.082500
55,ALASKA,ENTIRE STATE (ALASKA),09,RELIGION AND NONPROFIT,0.132800,0.119700,0.086200,0.079800,0.079800,0.106100
55,ALASKA,ENTIRE STATE (ALASKA),09,RESTAURANTS,0.252500,0.227500,0.164500,0.152000,0.152000,0.202500
55,ALASKA,ENTIRE STATE (ALASKA),09,RETAIL TRADE,0.164105,0.147395,0.106368,0.098211,0.098211,0.131158
55,ALASKA,ENTIRE STATE (ALASKA),09,SANITARY SEWER,0.576500,0.519500,0.374500,0.345500,0.345500,0.462000
55,ALASKA,ENTIRE STATE (ALASKA),09,TEMPORARY LODGING,0.086875,0.078375,0.056250,0.052250,0.052250,0.069750
55,ALASKA,ENTIRE STATE (ALASKA),09,WHOLESALE TRADE,0.231500,0.208400,0.150700,0.139100,0.139100,0.184600
61,NEW YORK,BUFFALO,01,AGRICULTURE,0.154000,0.140000,0.100000,0.092000,0.092000,0.122000
61,NEW YORK,BUFFALO,01,AIR,0.124000,0.110000,0.080000,0.074000,0.074000,0.098000
61,NEW YORK,BUFFALO,01,CASINOS,0.400000,0.360000,0.261000,0.240000,0.240000,0.323000
61,NEW YORK,BUFFALO,01,CONSTRUCTION,0.058000,0.054000,0.040000,0.038000,0.038000,0.048000
61,NEW YORK,BUFFALO,01,EDUCATION,0.090000,0.080000,0.058000,0.052000,0.052000,0.072000
61,NEW YORK,BUFFALO,01,EMERGENCY RESPONSE SERVICES,0.060000,0.054000,0.040000,0.040000,0.040000,0.050000
61,NEW YORK,BUFFALO,01,ENTERTAINMENT AND RECREATION,0.254364,0.228909,0.165636,0.152727,0.152727,0.203818
61,NEW YORK,BUFFALO,01,FOOD AND DRUGS PROCESSING,0.504000,0.453333,0.328000,0.301333,0.301333,0.404000
61,NEW YORK,BUFFALO,01,GASOLINE SERVICE STATIONS,0.230000,0.206000,0.148000,0.138000,0.138000,0.184000
61,NEW YORK,BUFFALO,01,GENERAL SERVICES,0.061000,0.055000,0.040000,0.039000,0.039000,0.049000
61,NEW YORK,BUFFALO,01,GROUP INSTITUTIONAL HOUSING,0.151200,0.135200,0.098800,0.090800,0.090800,0.119600
61,NEW YORK,BUFFALO,01,HEALTH CARE SERVICE,0.064000,0.054000,0.040000,0.038000,0.038000,0.052000
61,NEW YORK,BUFFALO,01,HEAVY FABRICATION AND ASSEMBLY,0.308000,0.276000,0.202000,0.184000,0.184000,0.248000
61,NEW YORK,BUFFALO,01,HIGHWAY,0.294000,0.264000,0.190000,0.178000,0.178000,0.232000
61,NEW YORK,BUFFALO,01,LIGHT FABRICATION AND ASSEMBLY,0.836667,0.754667,0.545333,0.504667,0.504667,0.674667
61,NEW YORK,BUFFALO,01,PERMANENT DWELLING (MULTI FAMILY HOUSING),0.153571,0.137714,0.099714,0.091571,0.091571,0.123000
61,NEW YORK,BUFFALO,01,PERMANENT DWELLING (SINGLE FAMILY HOUSING),0.112000,0.100000,0.074000,0.068000,0.068000,0.090000
61,NEW YORK,BUFFALO,01,PERSONAL AND REPAIR SERVICES,0.190444,0.172444,0.124444,0.115111,0.115111,0.153111
61,NEW YORK,BUFFALO,01,PETROLEUM,0.191000,0.172000,0.125000,0.115000,0.115000,0.153000
61,NEW YORK,BUFFALO,01,"PROFESSIONAL, TECHNICAL AND BUSINESS SERVICES",0.104000,0.092000,0.068000,0.062000,0.062000,0.082000
61,NEW YORK,BUFFALO,01,RELIGION AND NONPROFIT,0.125600,0.113600,0.081200,0.075200,0.075200,0.101200
61,NEW YORK,BUFFALO,01,RESTAURANTS,0.331000,0.297000,0.214000,0.200000,0.200000,0.265000
61,NEW YORK,BUFFALO,01,RETAIL TRADE,0.195474,0.176211,0.127263,0.117684,0.117684,0.156316
61,NEW YORK,BUFFALO,01,SANITARY SEWER,0.634000,0.568000,0.410000,0.380000,0.380000,0.508000
61,NEW YORK,BUFFALO,01,TEMPORARY LODGING,0.156500,0.140500,0.102000,0.094000,0.094000,0.124500
61,NEW YORK,BUFFALO,01,WHOLESALE TRADE,0.253200,0.228000,0.165200,0.153600,0.153600,0.202800
61,NEW YORK,ROCHESTER,03,AGRICULTURE,0.148000,0.134000,0.096000,0.088000,0.088000,0.118000
61,NEW YORK,ROCHESTER,03,AIR,0.118000,0.106000,0.076000,0.070000,0.070000,0.094000
61,NEW YORK,ROCHESTER,03,CASINOS,0.384000,0.344000,0.250000,0.230000,0.230000,0.308000
61,NEW YORK,ROCHESTER,03,CONSTRUCTION,0.056000,0.052000,0.038000,0.036000,0.036000,0.046000
61,NEW YORK,ROCHESTER,03,EDUCATION,0.086000,0.076000,0.056000,0.050000,0.050000,0.070000
61,NEW YORK,ROCHESTER,03,EMERGENCY RESPONSE SERVICES,0.058000,0.052000,0.040000,0.038000,0.038000,0.048000
61,NEW YORK,ROCHESTER,03,ENTERTAINMENT AND RECREATION,0.243818,0.219636,0.159091,0.146545,0.146545,0.195636
61,NEW YORK,ROCHESTER,03,FOOD AND DRUGS PROCESSING,0.482000,0.434000,0.314000,0.288667,0.288667,0.386000
61,NEW YORK,ROCHESTER,03,GASOLINE SERVICE STATIONS,0.220000,0.196000,0.142000,0.132000,0.132000,0.176000
61,NEW YORK,ROCHESTER,03,GENERAL SERVICES,0.059000,0.053000,0.039000,0.037000,0.037000,0.047000
61,NEW YORK,ROCHESTER,03,GROUP INSTITUTIONAL HOUSING,0.144800,0.130000,0.094000,0.087200,0.087200,0.114400
61,NEW YORK,ROCHESTER,03,HEALTH CARE SERVICE,0.062000,0.052000,0.040000,0.036000,0.036000,0.050000
61,NEW YORK,ROCHESTER,03,HEAVY FABRICATION AND ASSEMBLY,0.294000,0.264000,0.194000,0.176000,0.176000,0.238000
61,NEW YORK,ROCHESTER,03,HIGHWAY,0.280000,0.252000,0.182000,0.170000,0.170000,0.222000
61,NEW YORK,ROCHESTER,03,LIGHT FABRICATION AND ASSEMBLY,0.800667,0.722000,0.522000,0.482667,0.482667,0.644667
61,NEW YORK,ROCHESTER,03,PERMANENT DWELLING (MULTI FAMILY HOUSING),0.146714,0.131571,0.095286,0.087857,0.087857,0.118143
61,NEW YORK,ROCHESTER,03,PERMANENT DWELLING (SINGLE FAMILY HOUSING),0.106000,0.096000,0.070000,0.066000,0.066000,0.086000
61,NEW YORK,ROCHESTER,03,PERSONAL AND REPAIR SERVICES,0.182444,0.164889,0.119111,0.110000,0.110000,0.146667
61,NEW YORK,ROCHESTER,03,PETROLEUM,0.183000,0.165000,0.121000,0.110000,0.110000,0.147000
61,NEW YORK,ROCHESTER,03,"PROFESSIONAL, TECHNICAL AND BUSINESS SERVICES",0.100000,0.088000,0.064000,0.060000,0.060000,0.078000
61,NEW YORK,ROCHESTER,03,RELIGION AND NONPROFIT,0.120800,0.108800,0.078000,0.072400,0.072400,0.096800
61,NEW YORK,ROCHESTER,03,RESTAURANTS,0.317000,0.284000,0.205000,0.191000,0.191000,0.254000
61,NEW YORK,ROCHESTER,03,RETAIL TRADE,0.187368,0.168526,0.121789,0.112526,0.112526,0.149895
61,NEW YORK,ROCHESTER,03,SANITARY SEWER,0.606000,0.544000,0.394000,0.364000,0.364000,0.486000
61,NEW YORK,ROCHESTER,03,TEMPORARY LODGING,0.150000,0.135000,0.098000,0.090000,0.090000,0.119500
61,NEW YORK,ROCHESTER,03,WHOLESALE TRADE,0.242000,0.218400,0.158400,0.147200,0.147200,0.193600
61,NEW YORK,BALANCE OF STATE (NEW YORK),08,AGRICULTURE,0.196000,0.178000,0.128000,0.118000,0.118000,0.156000
61,NEW YORK,BALANCE OF STATE (NEW YORK),08,AIR,0.158000,0.140000,0.102000,0.094000,0.094000,0.124000
61,NEW YORK,BALANCE OF STATE (NEW YORK),08,CASINOS,0.511000,0.459000,0.333000,0.306000,0.306000,0.411000
61,NEW YORK,BALANCE OF STATE (NEW YORK),08,CONSTRUCTION,0.074000,0.070000,0.050000,0.048000,0.048000,0.060000
61,NEW YORK,BALANCE OF STATE (NEW YORK),08,EDUCATION,0.114000,0.102000,0.074000,0.066000,0.066000,0.092000
61,NEW YORK,BALANCE OF STATE (NEW YORK),08,EMERGENCY RESPONSE SERVICES,0.076000,0.068000,0.052000,0.050000,0.050000,0.064000
61,NEW YORK,BALANCE OF STATE (NEW YORK),08,ENTERTAINMENT AND RECREATION,0.324727,0.292182,0.211455,0.194909,0.194909,0.260182
61,NEW YORK,BALANCE OF STATE (NEW YORK),08,FOOD AND DRUGS PROCESSING,0.642667,0.578667,0.418000,0.384667,0.384667,0.514667
61,NEW YORK,BALANCE OF STATE (NEW YORK),08,GASOLINE SERVICE STATIONS,0.294000,0.262000,0.190000,0.176000,0.176000,0.234000
61,NEW YORK,BALANCE OF STATE (NEW YORK),08,GENERAL SERVICES,0.078000,0.070000,0.051000,0.049000,0.049000,0.062000
61,NEW YORK,BALANCE OF STATE (NEW YORK),08,GROUP INSTITUTIONAL HOUSING,0.192400,0.172800,0.125200,0.115200,0.115200,0.152400
61,NEW YORK,BALANCE OF STATE (NEW YORK),08,HEALTH CARE SERVICE,0.082000,0.070000,0.052000,0.048000,0.048000,0.066000
61,NEW YORK,BALANCE OF STATE (NEW YORK),08,HEAVY FABRICATION AND ASSEMBLY,0.392000,0.352000,0.258000,0.234000,0.234000,0.316000
61,NEW YORK,BALANCE OF STATE (NEW YORK),08,HIGHWAY,0.374000,0.336000,0.242000,0.226000,0.226000,0.296000
61,NEW YORK,BALANCE OF STATE (NEW YORK),08,LIGHT FABRICATION AND ASSEMBLY,1.067333,0.962667,0.696000,0.644000,0.644000,0.860000
61,NEW YORK,BALANCE OF STATE (NEW YORK),08,PERMANENT DWELLING (MULTI FAMILY HOUSING),0.195571,0.175571,0.127000,0.116286,0.116286,0.156857
61,NEW YORK,BALANCE OF STATE (NEW YORK),08,PERMANENT DWELLING (SINGLE FAMILY HOUSING),0.142000,0.128000,0.094000,0.088000,0.088000,0.114000
61,NEW YORK,BALANCE OF STATE (NEW YORK),08,PERSONAL AND REPAIR SERVICES,0.243333,0.219556,0.158444,0.146444,0.146444,0.195333
61,NEW YORK,BALANCE OF STATE (NEW YORK),08,PETROLEUM,0.243000,0.219000,0.160000,0.146000,0.146000,0.196000
61,NEW YORK,BALANCE OF STATE (NEW YORK),08,"PROFESSIONAL, TECHNICAL AND BUSINESS SERVICES",0.132000,0.118000,0.086000,0.080000,0.080000,0.104000
61,NEW YORK,BALANCE OF STATE (NEW YORK),08,RELIGION AND NONPROFIT,0.160000,0.145200,0.103600,0.096000,0.096000,0.128400
61,NEW YORK,BALANCE OF STATE (NEW YORK),08,RESTAURANTS,0.422000,0.379000,0.273000,0.255000,0.255000,0.338000
61,NEW YORK,BALANCE OF STATE (NEW YORK),08,RETAIL TRADE,0.249368,0.224421,0.162316,0.150211,0.150211,0.199368
61,NEW YORK,BALANCE OF STATE (NEW YORK),08,SANITARY SEWER,0.808000,0.724000,0.524000,0.484000,0.484000,0.648000
61,NEW YORK,BALANCE OF STATE (NEW YORK),08,TEMPORARY LODGING,0.199500,0.179500,0.130000,0.120000,0.120000,0.159000
61,NEW YORK,BALANCE OF STATE (NEW YORK),08,WHOLESALE TRADE,0.323200,0.290800,0.210800,0.195600,0.195600,0.258000
64,CALIFORNIA,CITY OF SACRAMENTO,04,AGRICULTURE,0.081250,0.072500,0.052500,0.048750,0.048750,0.065000
64,CALIFORNIA,CITY OF SACRAMENTO,04,AIR,0.035000,0.031250,0.022500,0.021250,0.021250,0.028750
64,CALIFORNIA,CITY OF SACRAMENTO,04,CASINOS,0.201875,0.180000,0.130625,0.120625,0.120625,0.160625
64,CALIFORNIA,CITY OF SACRAMENTO,04,CONSTRUCTION,0.071250,0.065000,0.046250,0.042500,0.042500,0.057500
64,CALIFORNIA,CITY OF SACRAMENTO,04,EDUCATION,0.067500,0.060000,0.043750,0.041250,0.041250,0.053750
64,CALIFORNIA,CITY OF SACRAMENTO,04,EMERGENCY RESPONSE SERVICES,0.031250,0.028750,0.021250,0.018750,0.018750,0.026250
64,CALIFORNIA,CITY OF SACRAMENTO,04,ENTERTAINMENT AND RECREATION,0.128409,0.115568,0.083864,0.076932,0.076932,0.102500
64,CALIFORNIA,CITY OF SACRAMENTO,04,FOOD AND DRUGS PROCESSING,0.087083,0.077917,0.056667,0.052083,0.052083,0.069583
64,CALIFORNIA,CITY OF SACRAMENTO,04,GASOLINE SERVICE STATIONS,0.066250,0.058750,0.042500,0.040000,0.040000,0.053750
64,CALIFORNIA,CITY OF SACRAMENTO,04,GENERAL SERVICES,0.031250,0.028750,0.021250,0.019375,0.019375,0.025000
64,CALIFORNIA,CITY OF SACRAMENTO,04,GROUP INSTITUTIONAL HOUSING,0.089750,0.081750,0.058750,0.054250,0.054250,0.073500
64,CALIFORNIA,CITY OF SACRAMENTO,04,HEALTH CARE SERVICE,0.023750,0.022500,0.016250,0.013750,0.013750,0.018750
64,CALIFORNIA,CITY OF SACRAMENTO,04,HEAVY FABRICATION AND ASSEMBLY,0.091250,0.082500,0.060000,0.055000,0.055000,0.072500
64,CALIFORNIA,CITY OF SACRAMENTO,04,HIGHWAY,0.086250,0.078750,0.057500,0.052500,0.052500,0.070000
64,CALIFORNIA,CITY OF SACRAMENTO,04,LIGHT FABRICATION AND ASSEMBLY,0.178333,0.160417,0.116250,0.108333,0.108333,0.142500
64,CALIFORNIA,CITY OF SACRAMENTO,04,PERMANENT DWELLING (MULTI FAMILY HOUSING),0.145804,0.130804,0.094554,0.087411,0.087411,0.116518
64,CALIFORNIA,CITY OF SACRAMENTO,04,PERMANENT DWELLING (SINGLE FAMILY HOUSING),0.073750,0.066250,0.048750,0.043750,0.043750,0.060000
64,CALIFORNIA,CITY OF SACRAMENTO,04,PERSONAL AND REPAIR SERVICES,0.092222,0.083472,0.060139,0.055833,0.055833,0.074167
64,CALIFORNIA,CITY OF SACRAMENTO,04,PETROLEUM,0.057500,0.052500,0.036250,0.034375,0.034375,0.045625
64,CALIFORNIA,CITY OF SACRAMENTO,04,"PROFESSIONAL, TECHNICAL AND BUSINESS SERVICES",0.045000,0.040000,0.028750,0.027500,0.027500,0.036250
64,CALIFORNIA,CITY OF SACRAMENTO,04,RELIGION AND NONPROFIT,0.081000,0.073250,0.052750,0.048250,0.048250,0.065000
64,CALIFORNIA,CITY OF SACRAMENTO,04,RESTAURANTS,0.121250,0.108750,0.078125,0.073125,0.073125,0.096875
64,CALIFORNIA,CITY OF SACRAMENTO,04,RETAIL TRADE,0.098026,0.087961,0.063355,0.058684,0.058684,0.078224
64,CALIFORNIA,CITY OF SACRAMENTO,04,SANITARY SEWER,0.187500,0.171250,0.122500,0.112500,0.112500,0.152500
64,CALIFORNIA,CITY OF SACRAMENTO,04,TEMPORARY LODGING,0.104375,0.094063,0.067813,0.062813,0.062813,0.084063
64,CALIFORNIA,CITY OF SACRAMENTO,04,WHOLESALE TRADE,0.075750,0.068250,0.049000,0.045000,0.045000,0.061000
64,CALIFORNIA,BALANCE OF STATE (CALIFORNIA),08,AGRICULTURE,0.086875,0.078750,0.056875,0.051875,0.051875,0.070000
64,CALIFORNIA,BALANCE OF STATE (CALIFORNIA),08,AIR,0.037500,0.033750,0.023750,0.021875,0.021875,0.030000
64,CALIFORNIA,BALANCE OF STATE (CALIFORNIA),08,CASINOS,0.218125,0.195000,0.140938,0.130000,0.130000,0.173750
64,CALIFORNIA,BALANCE OF STATE (CALIFORNIA),08,CONSTRUCTION,0.075000,0.067500,0.048125,0.044375,0.044375,0.060000
64,CALIFORNIA,BALANCE OF STATE (CALIFORNIA),08,EDUCATION,0.070000,0.062500,0.045625,0.042500,0.042500,0.055625
64,CALIFORNIA,BALANCE OF STATE (CALIFORNIA),08,EMERGENCY RESPONSE SERVICES,0.032500,0.030625,0.021875,0.020000,0.020000,0.027500
64,CALIFORNIA,BALANCE OF STATE (CALIFORNIA),08,ENTERTAINMENT AND RECREATION,0.138580,0.124830,0.090568,0.083125,0.083125,0.110966
64,CALIFORNIA,BALANCE OF STATE (CALIFORNIA),08,FOOD AND DRUGS PROCESSING,0.089792,0.080208,0.058542,0.053542,0.053542,0.071667
64,CALIFORNIA,BALANCE OF STATE (CALIFORNIA),08,GASOLINE SERVICE STATIONS,0.071250,0.063125,0.045625,0.042500,0.042500,0.056875
64,CALIFORNIA,BALANCE OF STATE (CALIFORNIA),08,GENERAL SERVICES,0.033125,0.030313,0.022188,0.020625,0.020625,0.027188
64,CALIFORNIA,BALANCE OF STATE (CALIFORNIA),08,GROUP INSTITUTIONAL HOUSING,0.092500,0.083625,0.059625,0.055750,0.055750,0.075125
64,CALIFORNIA,BALANCE OF STATE (CALIFORNIA),08,HEALTH CARE SERVICE,0.024375,0.023125,0.016250,0.014375,0.014375,0.019375
64,CALIFORNIA,BALANCE OF STATE (CALIFORNIA),08,HEAVY FABRICATION AND ASSEMBLY,0.095000,0.086250,0.063125,0.056875,0.056875,0.076875
64,CALIFORNIA,BALANCE OF STATE (CALIFORNIA),08,HIGHWAY,0.090625,0.083125,0.058750,0.055000,0.055000,0.073125
64,CALIFORNIA,BALANCE OF STATE (CALIFORNIA),08,LIGHT FABRICATION AND ASSEMBLY,0.166667,0.150417,0.108542,0.100833,0.100833,0.133542
64,CALIFORNIA,BALANCE OF STATE (CALIFORNIA),08,PERMANENT DWELLING (MULTI FAMILY HOUSING),0.151920,0.136429,0.098661,0.091027,0.091027,0.121741
64,CALIFORNIA,BALANCE OF STATE (CALIFORNIA),08,PERMANENT DWELLING (SINGLE FAMILY HOUSING),0.074375,0.068125,0.049375,0.043750,0.043750,0.060000
64,CALIFORNIA,BALANCE OF STATE (CALIFORNIA),08,PERSONAL AND REPAIR SERVICES,0.102222,0.092083,0.066667,0.061528,0.061528,0.081736
64,CALIFORNIA,BALANCE OF STATE (CALIFORNIA),08,PETROLEUM,0.059688,0.054375,0.038750,0.036563,0.036563,0.047813
64,CALIFORNIA,BALANCE OF STATE (CALIFORNIA),08,"PROFESSIONAL, TECHNICAL AND BUSINESS SERVICES",0.047500,0.042500,0.030625,0.028125,0.028125,0.038125
64,CALIFORNIA,BALANCE OF STATE (CALIFORNIA),08,RELIGION AND NONPROFIT,0.084375,0.076125,0.054500,0.051125,0.051125,0.068250
64,CALIFORNIA,BALANCE OF STATE (CALIFORNIA),08,RESTAURANTS,0.137500,0.123750,0.089375,0.083125,0.083125,0.110313
64,CALIFORNIA,BALANCE OF STATE (CALIFORNIA),08,RETAIL TRADE,0.106151,0.095658,0.069013,0.063684,0.063684,0.084868
64,CALIFORNIA,BALANCE OF STATE (CALIFORNIA),08,SANITARY SEWER,0.197500,0.178125,0.128125,0.118125,0.118125,0.159375
64,CALIFORNIA,BALANCE OF STATE (CALIFORNIA),08,TEMPORARY LODGING,0.109219,0.098906,0.071094,0.065938,0.065938,0.087813
64,CALIFORNIA,BALANCE OF STATE (CALIFORNIA),08,WHOLESALE TRADE,0.079750,0.071125,0.051625,0.047500,0.047500,0.063125
0,0,0,00,0,0.000000,0.000000,0.000000,0.000000,0.000000,0.000000
NA,MISSISSIPPI,NA,NA,AGRICULTURE,0.172750,0.156500,0.112500,0.104250,0.104250,0.138250
NA,MISSISSIPPI,NA,NA,AIR,0.071250,0.065250,0.048500,0.043250,0.043250,0.058000
NA,MISSISSIPPI,NA,NA,CASINOS,0.380750,0.342250,0.248000,0.228125,0.228125,0.305000
NA,MISSISSIPPI,NA,NA,CONSTRUCTION,0.079250,0.071250,0.050500,0.046750,0.046750,0.061750
NA,MISSISSIPPI,NA,NA,EDUCATION,0.201500,0.181250,0.131250,0.122500,0.122500,0.161750
NA,MISSISSIPPI,NA,NA,EMERGENCY RESPONSE SERVICES,0.122000,0.110750,0.079500,0.075000,0.075000,0.099250
NA,MISSISSIPPI,NA,NA,ENTERTAINMENT AND RECREATION,0.241841,0.217591,0.157341,0.145023,0.145023,0.193909
NA,MISSISSIPPI,NA,NA,FOOD AND DRUGS PROCESSING,0.333833,0.300417,0.217333,0.200167,0.200167,0.267167
NA,MISSISSIPPI,NA,NA,GASOLINE SERVICE STATIONS,0.134750,0.121500,0.087500,0.080250,0.080250,0.108000
NA,MISSISSIPPI,NA,NA,GENERAL SERVICES,0.122750,0.112250,0.079000,0.074000,0.074000,0.098125
NA,MISSISSIPPI,NA,NA,GROUP INSTITUTIONAL HOUSING,0.129808,0.115900,0.083250,0.077300,0.077300,0.103450
NA,MISSISSIPPI,NA,NA,HEALTH CARE SERVICE,0.080000,0.072250,0.052250,0.049750,0.049750,0.065250
NA,MISSISSIPPI,NA,NA,HEAVY FABRICATION AND ASSEMBLY,0.302000,0.271000,0.197750,0.182750,0.182750,0.243500
NA,MISSISSIPPI,NA,NA,HIGHWAY,0.287250,0.259500,0.186750,0.173250,0.173250,0.230250
NA,MISSISSIPPI,NA,NA,LIGHT FABRICATION AND ASSEMBLY,0.727500,0.656833,0.473250,0.439000,0.439000,0.585333
NA,MISSISSIPPI,NA,NA,PERMANENT DWELLING (MULTI FAMILY HOUSING),0.214691,0.192625,0.140214,0.128661,0.128661,0.171732
NA,MISSISSIPPI,NA,NA,PERMANENT DWELLING (SINGLE FAMILY HOUSING),0.088750,0.080500,0.058250,0.052750,0.052750,0.070750
NA,MISSISSIPPI,NA,NA,PERSONAL AND REPAIR SERVICES,0.226528,0.204028,0.147472,0.136000,0.136000,0.181833
NA,MISSISSIPPI,NA,NA,PETROLEUM,0.188625,0.169625,0.121750,0.112750,0.112750,0.151250
NA,MISSISSIPPI,NA,NA,"PROFESSIONAL, TECHNICAL AND BUSINESS SERVICES",0.160500,0.145250,0.105500,0.097500,0.097500,0.130000
NA,MISSISSIPPI,NA,NA,RELIGION AND NONPROFIT,0.115700,0.104050,0.075450,0.070050,0.070050,0.092300
NA,MISSISSIPPI,NA,NA,RESTAURANTS,0.434250,0.391625,0.281875,0.262625,0.262625,0.348875
NA,MISSISSIPPI,NA,NA,RETAIL TRADE,0.225329,0.203171,0.146382,0.135592,0.135592,0.180250
NA,MISSISSIPPI,NA,NA,SANITARY SEWER,0.621250,0.559500,0.402500,0.371250,0.371250,0.497750
NA,MISSISSIPPI,NA,NA,TEMPORARY LODGING,0.273188,0.246188,0.177438,0.164313,0.164313,0.218688
NA,MISSISSIPPI,NA,NA,WHOLESALE TRADE,0.249550,0.224900,0.162300,0.149800,0.149800,0.199250
NA,LOUISIANA,NA,NA,AGRICULTURE,0.199500,0.178500,0.129250,0.119500,0.119500,0.160250
NA,LOUISIANA,NA,NA,AIR,0.087250,0.078000,0.057500,0.053250,0.053250,0.069000
NA,LOUISIANA,NA,NA,CASINOS,0.417500,0.375375,0.272500,0.250125,0.250125,0.335000
NA,LOUISIANA,NA,NA,CONSTRUCTION,0.135250,0.121000,0.087750,0.080000,0.080000,0.107000
NA,LOUISIANA,NA,NA,EDUCATION,0.159000,0.142250,0.102500,0.095000,0.095000,0.126750
NA,LOUISIANA,NA,NA,EMERGENCY RESPONSE SERVICES,0.218000,0.197250,0.140750,0.131000,0.131000,0.174500
NA,LOUISIANA,NA,NA,ENTERTAINMENT AND RECREATION,0.265318,0.238795,0.172659,0.159159,0.159159,0.212432
NA,LOUISIANA,NA,NA,FOOD AND DRUGS PROCESSING,0.447667,0.404000,0.292167,0.269167,0.269167,0.359083
NA,LOUISIANA,NA,NA,GASOLINE SERVICE STATIONS,0.162500,0.147000,0.104750,0.099750,0.099750,0.129750
NA,LOUISIANA,NA,NA,GENERAL SERVICES,0.220500,0.198875,0.142750,0.131750,0.131750,0.176375
NA,LOUISIANA,NA,NA,GROUP INSTITUTIONAL HOUSING,0.169200,0.152950,0.110400,0.101700,0.101700,0.136550
NA,LOUISIANA,NA,NA,HEALTH CARE SERVICE,0.084500,0.075250,0.053750,0.050250,0.050250,0.068500
NA,LOUISIANA,NA,NA,HEAVY FABRICATION AND ASSEMBLY,0.251250,0.226250,0.165000,0.151250,0.151250,0.202500
NA,LOUISIANA,NA,NA,HIGHWAY,0.240250,0.216750,0.156750,0.144500,0.144500,0.191750
NA,LOUISIANA,NA,NA,LIGHT FABRICATION AND ASSEMBLY,0.332333,0.300333,0.216167,0.200833,0.200833,0.267167
NA,LOUISIANA,NA,NA,PERMANENT DWELLING (MULTI FAMILY HOUSING),0.178054,0.160929,0.115661,0.106893,0.106893,0.143000
NA,LOUISIANA,NA,NA,PERMANENT DWELLING (SINGLE FAMILY HOUSING),0.127000,0.114750,0.081750,0.075500,0.075500,0.102500
NA,LOUISIANA,NA,NA,PERSONAL AND REPAIR SERVICES,0.226000,0.203361,0.147000,0.135361,0.135361,0.181139
NA,LOUISIANA,NA,NA,PETROLEUM,0.157250,0.141375,0.102125,0.094000,0.094000,0.125875
NA,LOUISIANA,NA,NA,"PROFESSIONAL, TECHNICAL AND BUSINESS SERVICES",0.172750,0.154000,0.112250,0.103750,0.103750,0.137250
NA,LOUISIANA,NA,NA,RELIGION AND NONPROFIT,0.166050,0.148900,0.107300,0.100050,0.100050,0.132450
NA,LOUISIANA,NA,NA,RESTAURANTS,0.322750,0.290625,0.209125,0.195000,0.195000,0.258750
NA,LOUISIANA,NA,NA,RETAIL TRADE,0.243237,0.218684,0.158039,0.146000,0.146000,0.194724
NA,LOUISIANA,NA,NA,SANITARY SEWER,0.516750,0.465500,0.336000,0.309500,0.309500,0.414750
NA,LOUISIANA,NA,NA,TEMPORARY LODGING,0.153875,0.138125,0.099750,0.092438,0.092438,0.123063
NA,LOUISIANA,NA,NA,WHOLESALE TRADE,0.208050,0.187300,0.134950,0.125200,0.125200,0.165950
NA,IDAHO,NA,NA,AGRICULTURE,0.124667,0.110667,0.078333,0.073333,0.073333,0.098333
NA,IDAHO,NA,NA,AIR,0.047333,0.043667,0.031333,0.029000,0.029000,0.038000
NA,IDAHO,NA,NA,CASINOS,0.187833,0.169500,0.121833,0.112000,0.112000,0.150667
NA,IDAHO,NA,NA,CONSTRUCTION,0.032333,0.029667,0.021667,0.019000,0.019000,0.026000
NA,IDAHO,NA,NA,EDUCATION,0.049333,0.043000,0.031000,0.029000,0.029000,0.039000
NA,IDAHO,NA,NA,EMERGENCY RESPONSE SERVICES,0.033667,0.031000,0.022333,0.020333,0.020333,0.027667
NA,IDAHO,NA,NA,ENTERTAINMENT AND RECREATION,0.119909,0.107848,0.077515,0.071152,0.071152,0.095788
NA,IDAHO,NA,NA,FOOD AND DRUGS PROCESSING,0.217778,0.196222,0.141889,0.131111,0.131111,0.174667
NA,IDAHO,NA,NA,GASOLINE SERVICE STATIONS,0.090667,0.080333,0.058000,0.055000,0.055000,0.072000
NA,IDAHO,NA,NA,GENERAL SERVICES,0.033667,0.031167,0.022333,0.020500,0.020500,0.027500
NA,IDAHO,NA,NA,GROUP INSTITUTIONAL HOUSING,0.066000,0.059867,0.043200,0.039667,0.039667,0.053667
NA,IDAHO,NA,NA,HEALTH CARE SERVICE,0.030333,0.027667,0.019667,0.019000,0.019000,0.025333
NA,IDAHO,NA,NA,HEAVY FABRICATION AND ASSEMBLY,0.139333,0.125667,0.092000,0.084000,0.084000,0.112667
NA,IDAHO,NA,NA,HIGHWAY,0.132667,0.120000,0.087000,0.080000,0.080000,0.106333
NA,IDAHO,NA,NA,LIGHT FABRICATION AND ASSEMBLY,0.193444,0.174667,0.125778,0.116444,0.116444,0.155333
NA,IDAHO,NA,NA,PERMANENT DWELLING (MULTI FAMILY HOUSING),0.107500,0.097333,0.070262,0.064976,0.064976,0.086024
NA,IDAHO,NA,NA,PERMANENT DWELLING (SINGLE FAMILY HOUSING),0.048000,0.045333,0.032333,0.029333,0.029333,0.039667
NA,IDAHO,NA,NA,PERSONAL AND REPAIR SERVICES,0.130074,0.117667,0.084630,0.078111,0.078111,0.104556
NA,IDAHO,NA,NA,PETROLEUM,0.087500,0.078667,0.056833,0.052500,0.052500,0.070500
NA,IDAHO,NA,NA,"PROFESSIONAL, TECHNICAL AND BUSINESS SERVICES",0.065333,0.058667,0.043000,0.039333,0.039333,0.052667
NA,IDAHO,NA,NA,RELIGION AND NONPROFIT,0.063933,0.057000,0.040933,0.039200,0.039200,0.051400
NA,IDAHO,NA,NA,RESTAURANTS,0.132500,0.119833,0.086167,0.079833,0.079833,0.106500
NA,IDAHO,NA,NA,RETAIL TRADE,0.144632,0.129965,0.093404,0.086175,0.086175,0.115579
NA,IDAHO,NA,NA,SANITARY SEWER,0.288000,0.258667,0.186000,0.172333,0.172333,0.231000
NA,IDAHO,NA,NA,TEMPORARY LODGING,0.084667,0.075917,0.054833,0.050417,0.050417,0.067833
NA,IDAHO,NA,NA,WHOLESALE TRADE,0.115933,0.104200,0.075600,0.069733,0.069733,0.092400
NA,HAWAII,NA,NA,AGRICULTURE,0.047000,0.042500,0.030714,0.028107,0.028107,0.038071
NA,HAWAII,NA,NA,AIR,0.020929,0.018714,0.013500,0.012321,0.012321,0.016429
NA,HAWAII,NA,NA,CASINOS,0.112286,0.100679,0.072661,0.067000,0.067000,0.089750
NA,HAWAII,NA,NA,CONSTRUCTION,0.033179,0.029857,0.021321,0.019679,0.019679,0.026250
NA,HAWAII,NA,NA,EDUCATION,0.038393,0.034321,0.024786,0.023071,0.023071,0.030536
NA,HAWAII,NA,NA,EMERGENCY RESPONSE SERVICES,0.036964,0.033750,0.023964,0.022250,0.022250,0.029857
NA,HAWAII,NA,NA,ENTERTAINMENT AND RECREATION,0.071276,0.064188,0.046481,0.042744,0.042744,0.057172
NA,HAWAII,NA,NA,FOOD AND DRUGS PROCESSING,0.072714,0.065393,0.047548,0.043619,0.043619,0.058250
NA,HAWAII,NA,NA,GASOLINE SERVICE STATIONS,0.039250,0.035071,0.025357,0.023643,0.023643,0.031214
NA,HAWAII,NA,NA,GENERAL SERVICES,0.037393,0.033804,0.024393,0.022554,0.022554,0.030214
NA,HAWAII,NA,NA,GROUP INSTITUTIONAL HOUSING,0.045107,0.040757,0.029164,0.027136,0.027136,0.036564
NA,HAWAII,NA,NA,HEALTH CARE SERVICE,0.016036,0.014607,0.010286,0.009393,0.009393,0.012750
NA,HAWAII,NA,NA,HEAVY FABRICATION AND ASSEMBLY,0.055607,0.050357,0.036786,0.033250,0.033250,0.045036
NA,HAWAII,NA,NA,HIGHWAY,0.053143,0.048357,0.034429,0.032071,0.032071,0.042679
NA,HAWAII,NA,NA,LIGHT FABRICATION AND ASSEMBLY,0.069500,0.062833,0.045274,0.042012,0.042012,0.055881
NA,HAWAII,NA,NA,PERMANENT DWELLING (MULTI FAMILY HOUSING),0.060691,0.054635,0.039441,0.036349,0.036349,0.048702
NA,HAWAII,NA,NA,PERMANENT DWELLING (SINGLE FAMILY HOUSING),0.035000,0.032143,0.023071,0.020714,0.020714,0.028107
NA,HAWAII,NA,NA,PERSONAL AND REPAIR SERVICES,0.054544,0.049012,0.035560,0.032679,0.032679,0.043571
NA,HAWAII,NA,NA,PETROLEUM,0.034750,0.031518,0.022821,0.021304,0.021304,0.028018
NA,HAWAII,NA,NA,"PROFESSIONAL, TECHNICAL AND BUSINESS SERVICES",0.031179,0.027857,0.020321,0.018429,0.018429,0.024893
NA,HAWAII,NA,NA,RELIGION AND NONPROFIT,0.043257,0.038979,0.027843,0.026443,0.026443,0.034893
NA,HAWAII,NA,NA,RESTAURANTS,0.078804,0.070946,0.051232,0.047518,0.047518,0.063143
NA,HAWAII,NA,NA,RETAIL TRADE,0.057840,0.052120,0.037679,0.034699,0.034699,0.046336
NA,HAWAII,NA,NA,SANITARY SEWER,0.115179,0.103464,0.074714,0.068786,0.068786,0.092643
NA,HAWAII,NA,NA,TEMPORARY LODGING,0.045232,0.040946,0.029393,0.027295,0.027295,0.036250
NA,HAWAII,NA,NA,WHOLESALE TRADE,0.046457,0.041579,0.030057,0.027879,0.027879,0.036743
NA,WASHINGTON,NA,NA,AGRICULTURE,0.124667,0.110667,0.078333,0.073333,0.073333,0.098333
NA,WASHINGTON,NA,NA,AIR,0.047333,0.043667,0.031333,0.029000,0.029000,0.038000
NA,WASHINGTON,NA,NA,CASINOS,0.187833,0.169500,0.121833,0.112000,0.112000,0.150667
NA,WASHINGTON,NA,NA,CONSTRUCTION,0.032333,0.029667,0.021667,0.019000,0.019000,0.026000
NA,WASHINGTON,NA,NA,EDUCATION,0.049333,0.043000,0.031000,0.029000,0.029000,0.039000
NA,WASHINGTON,NA,NA,EMERGENCY RESPONSE SERVICES,0.033667,0.031000,0.022333,0.020333,0.020333,0.027667
NA,WASHINGTON,NA,NA,ENTERTAINMENT AND RECREATION,0.119909,0.107848,0.077515,0.071152,0.071152,0.095788
NA,WASHINGTON,NA,NA,FOOD AND DRUGS PROCESSING,0.217778,0.196222,0.141889,0.131111,0.131111,0.174667
NA,WASHINGTON,NA,NA,GASOLINE SERVICE STATIONS,0.090667,0.080333,0.058000,0.055000,0.055000,0.072000
NA,WASHINGTON,NA,NA,GENERAL SERVICES,0.033667,0.031167,0.022333,0.020500,0.020500,0.027500
NA,WASHINGTON,NA,NA,GROUP INSTITUTIONAL HOUSING,0.066000,0.059867,0.043200,0.039667,0.039667,0.053667
NA,WASHINGTON,NA,NA,HEALTH CARE SERVICE,0.030333,0.027667,0.019667,0.019000,0.019000,0.025333
NA,WASHINGTON,NA,NA,HEAVY FABRICATION AND ASSEMBLY,0.139333,0.125667,0.092000,0.084000,0.084000,0.112667
NA,WASHINGTON,NA,NA,HIGHWAY,0.132667,0.120000,0.087000,0.080000,0.080000,0.106333
NA,WASHINGTON,NA,NA,LIGHT FABRICATION AND ASSEMBLY,0.193444,0.174667,0.125778,0.116444,0.116444,0.155333
NA,WASHINGTON,NA,NA,PERMANENT DWELLING (MULTI FAMILY HOUSING),0.107500,0.097333,0.070262,0.064976,0.064976,0.086024
NA,WASHINGTON,NA,NA,PERMANENT DWELLING (SINGLE FAMILY HOUSING),0.048000,0.045333,0.032333,0.029333,0.029333,0.039667
NA,WASHINGTON,NA,NA,PERSONAL AND REPAIR SERVICES,0.130074,0.117667,0.084630,0.078111,0.078111,0.104556
NA,WASHINGTON,NA,NA,PETROLEUM,0.087500,0.078667,0.056833,0.052500,0.052500,0.070500
NA,WASHINGTON,NA,NA,"PROFESSIONAL, TECHNICAL AND BUSINESS SERVICES",0.065333,0.058667,0.043000,0.039333,0.039333,0.052667
NA,WASHINGTON,NA,NA,RELIGION AND NONPROFIT,0.063933,0.057000,0.040933,0.039200,0.039200,0.051400
NA,WASHINGTON,NA,NA,RESTAURANTS,0.132500,0.119833,0.086167,0.079833,0.079833,0.106500
NA,WASHINGTON,NA,NA,RETAIL TRADE,0.144632,0.129965,0.093404,0.086175,0.086175,0.115579
NA,WASHINGTON,NA,NA,SANITARY SEWER,0.288000,0.258667,0.186000,0.172333,0.172333,0.231000
NA,WASHINGTON,NA,NA,TEMPORARY LODGING,0.084667,0.075917,0.054833,0.050417,0.050417,0.067833
NA,WASHINGTON,NA,NA,WHOLESALE TRADE,0.115933,0.104200,0.075600,0.069733,0.069733,0.092400
1,ALABAMA,UNKNOWN,NA,AGRICULTURE,0.249500,0.226000,0.162500,0.150500,0.150500,0.199000
1,ALABAMA,UNKNOWN,NA,AIR,0.107000,0.098500,0.073500,0.065000,0.065000,0.087000
1,ALABAMA,UNKNOWN,NA,CASINOS,0.597750,0.537000,0.389000,0.358000,0.358000,0.478500
1,ALABAMA,UNKNOWN,NA,CONSTRUCTION,0.052000,0.047000,0.032000,0.030000,0.030000,0.038500
1,ALABAMA,UNKNOWN,NA,EDUCATION,0.343000,0.309000,0.224000,0.209000,0.209000,0.276000
1,ALABAMA,UNKNOWN,NA,EMERGENCY RESPONSE SERVICES,0.192500,0.174000,0.125500,0.119000,0.119000,0.157000
1,ALABAMA,UNKNOWN,NA,ENTERTAINMENT AND RECREATION,0.379273,0.341500,0.246909,0.227500,0.227500,0.304318
1,ALABAMA,UNKNOWN,NA,FOOD AND DRUGS PROCESSING,0.434833,0.391000,0.282833,0.260833,0.260833,0.347833
1,ALABAMA,UNKNOWN,NA,GASOLINE SERVICE STATIONS,0.202500,0.182500,0.132000,0.120000,0.120000,0.162500
1,ALABAMA,UNKNOWN,NA,GENERAL SERVICES,0.193000,0.176750,0.124250,0.116750,0.116750,0.154750
1,ALABAMA,UNKNOWN,NA,GROUP INSTITUTIONAL HOUSING,0.187417,0.166700,0.119600,0.110900,0.110900,0.148600
1,ALABAMA,UNKNOWN,NA,HEALTH CARE SERVICE,0.117000,0.105500,0.076500,0.073500,0.073500,0.095500
1,ALABAMA,UNKNOWN,NA,HEAVY FABRICATION AND ASSEMBLY,0.498000,0.447000,0.326000,0.301500,0.301500,0.401500
1,ALABAMA,UNKNOWN,NA,HIGHWAY,0.473500,0.428000,0.308000,0.286000,0.286000,0.380000
1,ALABAMA,UNKNOWN,NA,LIGHT FABRICATION AND ASSEMBLY,1.159667,1.047333,0.754333,0.699833,0.699833,0.933333
1,ALABAMA,UNKNOWN,NA,PERMANENT DWELLING (MULTI FAMILY HOUSING),0.313525,0.281036,0.205321,0.187821,0.187821,0.250536
1,ALABAMA,UNKNOWN,NA,PERMANENT DWELLING (SINGLE FAMILY HOUSING),0.124000,0.112500,0.082000,0.073500,0.073500,0.098500
1,ALABAMA,UNKNOWN,NA,PERSONAL AND REPAIR SERVICES,0.334722,0.301389,0.218056,0.201167,0.201167,0.268833
1,ALABAMA,UNKNOWN,NA,PETROLEUM,0.311000,0.280000,0.200750,0.186500,0.186500,0.249500
1,ALABAMA,UNKNOWN,NA,"PROFESSIONAL, TECHNICAL AND BUSINESS SERVICES",0.221000,0.200500,0.145500,0.134000,0.134000,0.179000
1,ALABAMA,UNKNOWN,NA,RELIGION AND NONPROFIT,0.167300,0.150200,0.108800,0.101200,0.101200,0.132900
1,ALABAMA,UNKNOWN,NA,RESTAURANTS,0.736750,0.664750,0.478250,0.445500,0.445500,0.592000
1,ALABAMA,UNKNOWN,NA,RETAIL TRADE,0.335158,0.302342,0.217763,0.201763,0.201763,0.268053
1,ALABAMA,UNKNOWN,NA,SANITARY SEWER,1.025000,0.923000,0.664000,0.612000,0.612000,0.821000
1,ALABAMA,UNKNOWN,NA,TEMPORARY LODGING,0.432250,0.389750,0.280625,0.260125,0.260125,0.345750
1,ALABAMA,UNKNOWN,NA,WHOLESALE TRADE,0.411600,0.371000,0.267600,0.247000,0.247000,0.328700
2,ARIZONA,UNKNOWN,NA,AGRICULTURE,0.081000,0.074333,0.053667,0.050667,0.050667,0.066333
2,ARIZONA,UNKNOWN,NA,AIR,0.029000,0.027000,0.019333,0.019333,0.019333,0.024667
2,ARIZONA,UNKNOWN,NA,CASINOS,0.164500,0.147667,0.108333,0.098167,0.098167,0.133500
2,ARIZONA,UNKNOWN,NA,CONSTRUCTION,0.033667,0.030333,0.021333,0.020000,0.020000,0.026000
2,ARIZONA,UNKNOWN,NA,EDUCATION,0.035667,0.032667,0.022333,0.021333,0.021333,0.029000
2,ARIZONA,UNKNOWN,NA,EMERGENCY RESPONSE SERVICES,0.026000,0.023667,0.018000,0.017000,0.017000,0.021333
2,ARIZONA,UNKNOWN,NA,ENTERTAINMENT AND RECREATION,0.105242,0.094970,0.067909,0.062879,0.062879,0.083394
2,ARIZONA,UNKNOWN,NA,FOOD AND DRUGS PROCESSING,0.164778,0.148667,0.107778,0.099111,0.099111,0.132778
2,ARIZONA,UNKNOWN,NA,GASOLINE SERVICE STATIONS,0.059333,0.052667,0.037000,0.035667,0.035667,0.048333
2,ARIZONA,UNKNOWN,NA,GENERAL SERVICES,0.026500,0.023500,0.018667,0.016333,0.016333,0.020667
2,ARIZONA,UNKNOWN,NA,GROUP INSTITUTIONAL HOUSING,0.047933,0.044200,0.031800,0.028933,0.028933,0.039400
2,ARIZONA,UNKNOWN,NA,HEALTH CARE SERVICE,0.023667,0.020000,0.015667,0.015667,0.015667,0.020000
2,ARIZONA,UNKNOWN,NA,HEAVY FABRICATION AND ASSEMBLY,0.092000,0.082000,0.059333,0.053667,0.053667,0.073000
2,ARIZONA,UNKNOWN,NA,HIGHWAY,0.087667,0.077333,0.057333,0.051333,0.051333,0.068333
2,ARIZONA,UNKNOWN,NA,LIGHT FABRICATION AND ASSEMBLY,0.195111,0.176222,0.126889,0.116889,0.116889,0.157222
2,ARIZONA,UNKNOWN,NA,PERMANENT DWELLING (MULTI FAMILY HOUSING),0.159381,0.143762,0.103548,0.096119,0.096119,0.127357
2,ARIZONA,UNKNOWN,NA,PERMANENT DWELLING (SINGLE FAMILY HOUSING),0.032667,0.030333,0.022333,0.021333,0.021333,0.027000
2,ARIZONA,UNKNOWN,NA,PERSONAL AND REPAIR SERVICES,0.085963,0.077185,0.056000,0.051222,0.051222,0.068815
2,ARIZONA,UNKNOWN,NA,PETROLEUM,0.056167,0.050333,0.036833,0.033167,0.033167,0.044833
2,ARIZONA,UNKNOWN,NA,"PROFESSIONAL, TECHNICAL AND BUSINESS SERVICES",0.046000,0.041667,0.031333,0.029000,0.029000,0.037000
2,ARIZONA,UNKNOWN,NA,RELIGION AND NONPROFIT,0.041533,0.037000,0.026467,0.025467,0.025467,0.033533
2,ARIZONA,UNKNOWN,NA,RESTAURANTS,0.117333,0.105500,0.075833,0.070167,0.070167,0.094333
2,ARIZONA,UNKNOWN,NA,RETAIL TRADE,0.098544,0.089018,0.064561,0.059825,0.059825,0.079263
2,ARIZONA,UNKNOWN,NA,SANITARY SEWER,0.185333,0.168667,0.120333,0.111000,0.111000,0.148000
2,ARIZONA,UNKNOWN,NA,TEMPORARY LODGING,0.046083,0.041250,0.029667,0.028083,0.028083,0.036750
2,ARIZONA,UNKNOWN,NA,WHOLESALE TRADE,0.074533,0.067067,0.048200,0.044867,0.044867,0.059467
3,ARKANSAS,UNKNOWN,NA,AGRICULTURE,0.192000,0.174000,0.125000,0.116000,0.116000,0.155000
3,ARKANSAS,UNKNOWN,NA,AIR,0.071000,0.064000,0.047000,0.043000,0.043000,0.058000
3,ARKANSAS,UNKNOWN,NA,CASINOS,0.327500,0.295000,0.214000,0.196500,0.196500,0.263000
3,ARKANSAS,UNKNOWN,NA,CONSTRUCTION,0.213000,0.191000,0.138000,0.127000,0.127000,0.170000
3,ARKANSAS,UNKNOWN,NA,EDUCATION,0.120000,0.107000,0.077000,0.072000,0.072000,0.095000
3,ARKANSAS,UNKNOWN,NA,EMERGENCY RESPONSE SERVICES,0.103000,0.095000,0.067000,0.062000,0.062000,0.083000
3,ARKANSAS,UNKNOWN,NA,ENTERTAINMENT AND RECREATION,0.208818,0.187364,0.135545,0.125091,0.125091,0.167000
3,ARKANSAS,UNKNOWN,NA,FOOD AND DRUGS PROCESSING,0.465667,0.419667,0.303667,0.279000,0.279000,0.373000
3,ARKANSAS,UNKNOWN,NA,GASOLINE SERVICE STATIONS,0.134000,0.121000,0.086000,0.081000,0.081000,0.107000
3,ARKANSAS,UNKNOWN,NA,GENERAL SERVICES,0.105000,0.095500,0.067500,0.062500,0.062500,0.083000
3,ARKANSAS,UNKNOWN,NA,GROUP INSTITUTIONAL HOUSING,0.144400,0.130200,0.093800,0.087400,0.087400,0.116600
3,ARKANSAS,UNKNOWN,NA,HEALTH CARE SERVICE,0.086000,0.078000,0.056000,0.052000,0.052000,0.070000
3,ARKANSAS,UNKNOWN,NA,HEAVY FABRICATION AND ASSEMBLY,0.212000,0.190000,0.139000,0.128000,0.128000,0.171000
3,ARKANSAS,UNKNOWN,NA,HIGHWAY,0.202000,0.182000,0.131000,0.121000,0.121000,0.161000
3,ARKANSAS,UNKNOWN,NA,LIGHT FABRICATION AND ASSEMBLY,0.590667,0.532667,0.384333,0.356333,0.356333,0.474667
3,ARKANSAS,UNKNOWN,NA,PERMANENT DWELLING (MULTI FAMILY HOUSING),0.231714,0.208429,0.150214,0.139000,0.139000,0.185857
3,ARKANSAS,UNKNOWN,NA,PERMANENT DWELLING (SINGLE FAMILY HOUSING),0.107000,0.097000,0.069000,0.064000,0.064000,0.086000
3,ARKANSAS,UNKNOWN,NA,PERSONAL AND REPAIR SERVICES,0.236667,0.213333,0.153778,0.141667,0.141667,0.189667
3,ARKANSAS,UNKNOWN,NA,PETROLEUM,0.132500,0.118500,0.085500,0.078000,0.078000,0.106000
3,ARKANSAS,UNKNOWN,NA,"PROFESSIONAL, TECHNICAL AND BUSINESS SERVICES",0.200000,0.180000,0.131000,0.122000,0.122000,0.162000
3,ARKANSAS,UNKNOWN,NA,RELIGION AND NONPROFIT,0.128200,0.115800,0.084200,0.077800,0.077800,0.103400
3,ARKANSAS,UNKNOWN,NA,RESTAURANTS,0.263500,0.237000,0.171000,0.159500,0.159500,0.211500
3,ARKANSAS,UNKNOWN,NA,RETAIL TRADE,0.231000,0.208000,0.150000,0.138842,0.138842,0.184895
3,ARKANSAS,UNKNOWN,NA,SANITARY SEWER,0.435000,0.392000,0.282000,0.261000,0.261000,0.349000
3,ARKANSAS,UNKNOWN,NA,TEMPORARY LODGING,0.228250,0.205250,0.148500,0.137000,0.137000,0.183250
3,ARKANSAS,UNKNOWN,NA,WHOLESALE TRADE,0.175000,0.157600,0.114000,0.105200,0.105200,0.139600
4,CALIFORNIA,UNKNOWN,NA,AGRICULTURE,0.098611,0.090278,0.065000,0.059028,0.059028,0.080556
4,CALIFORNIA,UNKNOWN,NA,AIR,0.042778,0.038333,0.027083,0.024306,0.024306,0.033611
4,CALIFORNIA,UNKNOWN,NA,CASINOS,0.250208,0.223958,0.160903,0.148889,0.148889,0.199444
4,CALIFORNIA,UNKNOWN,NA,CONSTRUCTION,0.083472,0.075417,0.053333,0.049722,0.049722,0.066250
4,CALIFORNIA,UNKNOWN,NA,EDUCATION,0.077639,0.069306,0.050139,0.046944,0.046944,0.061528
4,CALIFORNIA,UNKNOWN,NA,EMERGENCY RESPONSE SERVICES,0.036944,0.034861,0.024306,0.022361,0.022361,0.030694
4,CALIFORNIA,UNKNOWN,NA,ENTERTAINMENT AND RECREATION,0.158788,0.142980,0.103662,0.095177,0.095177,0.127513
4,CALIFORNIA,UNKNOWN,NA,FOOD AND DRUGS PROCESSING,0.098750,0.088148,0.064769,0.058843,0.058843,0.078843
4,CALIFORNIA,UNKNOWN,NA,GASOLINE SERVICE STATIONS,0.080972,0.071528,0.052361,0.047778,0.047778,0.064167
4,CALIFORNIA,UNKNOWN,NA,GENERAL SERVICES,0.037500,0.034236,0.024931,0.023194,0.023194,0.031042
4,CALIFORNIA,UNKNOWN,NA,GROUP INSTITUTIONAL HOUSING,0.101472,0.091611,0.065111,0.061167,0.061167,0.082528
4,CALIFORNIA,UNKNOWN,NA,HEALTH CARE SERVICE,0.027361,0.025833,0.017917,0.015833,0.015833,0.021250
4,CALIFORNIA,UNKNOWN,NA,HEAVY FABRICATION AND ASSEMBLY,0.106111,0.096528,0.070694,0.063056,0.063056,0.086389
4,CALIFORNIA,UNKNOWN,NA,HIGHWAY,0.101250,0.092917,0.065000,0.061250,0.061250,0.081806
4,CALIFORNIA,UNKNOWN,NA,LIGHT FABRICATION AND ASSEMBLY,0.167685,0.151481,0.109352,0.101296,0.101296,0.134815
4,CALIFORNIA,UNKNOWN,NA,PERMANENT DWELLING (MULTI FAMILY HOUSING),0.169286,0.152014,0.109990,0.101280,0.101280,0.135764
4,CALIFORNIA,UNKNOWN,NA,PERMANENT DWELLING (SINGLE FAMILY HOUSING),0.080417,0.074722,0.053889,0.047500,0.047500,0.064306
4,CALIFORNIA,UNKNOWN,NA,PERSONAL AND REPAIR SERVICES,0.119429,0.107253,0.077978,0.071559,0.071559,0.095154
4,CALIFORNIA,UNKNOWN,NA,PETROLEUM,0.066181,0.060486,0.043889,0.041458,0.041458,0.053750
4,CALIFORNIA,UNKNOWN,NA,"PROFESSIONAL, TECHNICAL AND BUSINESS SERVICES",0.053056,0.047778,0.034861,0.030972,0.030972,0.043056
4,CALIFORNIA,UNKNOWN,NA,RELIGION AND NONPROFIT,0.093778,0.084944,0.060361,0.058056,0.058056,0.076472
4,CALIFORNIA,UNKNOWN,NA,RESTAURANTS,0.163750,0.147361,0.106806,0.098611,0.098611,0.131181
4,CALIFORNIA,UNKNOWN,NA,RETAIL TRADE,0.121886,0.110088,0.079561,0.073114,0.073114,0.097697
4,CALIFORNIA,UNKNOWN,NA,SANITARY SEWER,0.221250,0.198194,0.143056,0.131806,0.131806,0.178333
4,CALIFORNIA,UNKNOWN,NA,TEMPORARY LODGING,0.122118,0.111007,0.079514,0.073819,0.073819,0.098056
4,CALIFORNIA,UNKNOWN,NA,WHOLESALE TRADE,0.089389,0.079528,0.057750,0.053472,0.053472,0.070083
5,COLORADO,UNKNOWN,NA,AGRICULTURE,0.125500,0.116000,0.081000,0.078500,0.078500,0.101500
5,COLORADO,UNKNOWN,NA,AIR,0.069000,0.062000,0.043000,0.042000,0.042000,0.055500
5,COLORADO,UNKNOWN,NA,CASINOS,0.286750,0.260750,0.187750,0.170750,0.170750,0.231750
5,COLORADO,UNKNOWN,NA,CONSTRUCTION,0.299500,0.267500,0.191500,0.181000,0.181000,0.239000
5,COLORADO,UNKNOWN,NA,EDUCATION,0.071500,0.065000,0.046000,0.043000,0.043000,0.058000
5,COLORADO,UNKNOWN,NA,EMERGENCY RESPONSE SERVICES,0.067500,0.062000,0.043000,0.042000,0.042000,0.054000
5,COLORADO,UNKNOWN,NA,ENTERTAINMENT AND RECREATION,0.183409,0.164727,0.118727,0.110318,0.110318,0.146773
5,COLORADO,UNKNOWN,NA,FOOD AND DRUGS PROCESSING,0.206000,0.187333,0.133667,0.124833,0.124833,0.165333
5,COLORADO,UNKNOWN,NA,GASOLINE SERVICE STATIONS,0.129500,0.119000,0.085000,0.079500,0.079500,0.108000
5,COLORADO,UNKNOWN,NA,GENERAL SERVICES,0.067500,0.063000,0.044000,0.041250,0.041250,0.054000
5,COLORADO,UNKNOWN,NA,GROUP INSTITUTIONAL HOUSING,0.084100,0.076900,0.055700,0.049900,0.049900,0.067800
5,COLORADO,UNKNOWN,NA,HEALTH CARE SERVICE,0.031000,0.029500,0.020500,0.020500,0.020500,0.027000
5,COLORADO,UNKNOWN,NA,HEAVY FABRICATION AND ASSEMBLY,0.318500,0.287500,0.209500,0.190500,0.190500,0.256500
5,COLORADO,UNKNOWN,NA,HIGHWAY,0.306500,0.275500,0.198500,0.185000,0.185000,0.244500
5,COLORADO,UNKNOWN,NA,LIGHT FABRICATION AND ASSEMBLY,0.187167,0.169667,0.123000,0.114333,0.114333,0.150667
5,COLORADO,UNKNOWN,NA,PERMANENT DWELLING (MULTI FAMILY HOUSING),0.188179,0.168821,0.123000,0.113750,0.113750,0.151214
5,COLORADO,UNKNOWN,NA,PERMANENT DWELLING (SINGLE FAMILY HOUSING),0.059500,0.051500,0.039000,0.038000,0.038000,0.047500
5,COLORADO,UNKNOWN,NA,PERSONAL AND REPAIR SERVICES,0.141444,0.128111,0.091722,0.084944,0.084944,0.114000
5,COLORADO,UNKNOWN,NA,PETROLEUM,0.197750,0.181000,0.130500,0.118250,0.118250,0.162000
5,COLORADO,UNKNOWN,NA,"PROFESSIONAL, TECHNICAL AND BUSINESS SERVICES",0.047500,0.042000,0.029500,0.027000,0.027000,0.039000
5,COLORADO,UNKNOWN,NA,RELIGION AND NONPROFIT,0.073400,0.065400,0.047700,0.044100,0.044100,0.059400
5,COLORADO,UNKNOWN,NA,RESTAURANTS,0.221500,0.201750,0.144500,0.133750,0.133750,0.179000
5,COLORADO,UNKNOWN,NA,RETAIL TRADE,0.157053,0.142079,0.101500,0.095053,0.095053,0.126026
5,COLORADO,UNKNOWN,NA,SANITARY SEWER,0.657500,0.591500,0.426500,0.394000,0.394000,0.526500
5,COLORADO,UNKNOWN,NA,TEMPORARY LODGING,0.123875,0.112000,0.080625,0.074625,0.074625,0.098875
5,COLORADO,UNKNOWN,NA,WHOLESALE TRADE,0.264800,0.237400,0.172500,0.159700,0.159700,0.211100
6,CONNECTICUT,UNKNOWN,NA,AGRICULTURE,0.082000,0.074000,0.053000,0.051000,0.051000,0.066000
6,CONNECTICUT,UNKNOWN,NA,AIR,0.032000,0.027000,0.020000,0.019000,0.019000,0.025000
6,CONNECTICUT,UNKNOWN,NA,CASINOS,0.144000,0.130000,0.092000,0.084500,0.084500,0.115500
6,CONNECTICUT,UNKNOWN,NA,CONSTRUCTION,0.048000,0.043000,0.031000,0.027000,0.027000,0.037000
6,CONNECTICUT,UNKNOWN,NA,EDUCATION,0.040000,0.037000,0.026000,0.024000,0.024000,0.032000
6,CONNECTICUT,UNKNOWN,NA,EMERGENCY RESPONSE SERVICES,0.029000,0.027000,0.021000,0.018000,0.018000,0.026000
6,CONNECTICUT,UNKNOWN,NA,ENTERTAINMENT AND RECREATION,0.091636,0.082727,0.059091,0.054364,0.054364,0.073182
6,CONNECTICUT,UNKNOWN,NA,FOOD AND DRUGS PROCESSING,0.112000,0.101000,0.072333,0.066333,0.066333,0.089333
6,CONNECTICUT,UNKNOWN,NA,GASOLINE SERVICE STATIONS,0.058000,0.054000,0.039000,0.036000,0.036000,0.049000
6,CONNECTICUT,UNKNOWN,NA,GENERAL SERVICES,0.030000,0.027000,0.020000,0.018500,0.018500,0.025500
6,CONNECTICUT,UNKNOWN,NA,GROUP INSTITUTIONAL HOUSING,0.095400,0.086200,0.061000,0.056600,0.056600,0.076200
6,CONNECTICUT,UNKNOWN,NA,HEALTH CARE SERVICE,0.025000,0.021000,0.015000,0.014000,0.014000,0.019000
6,CONNECTICUT,UNKNOWN,NA,HEAVY FABRICATION AND ASSEMBLY,0.156000,0.142000,0.103000,0.095000,0.095000,0.126000
6,CONNECTICUT,UNKNOWN,NA,HIGHWAY,0.148000,0.134000,0.098000,0.088000,0.088000,0.117000
6,CONNECTICUT,UNKNOWN,NA,LIGHT FABRICATION AND ASSEMBLY,0.195667,0.177333,0.128667,0.119333,0.119333,0.159000
6,CONNECTICUT,UNKNOWN,NA,PERMANENT DWELLING (MULTI FAMILY HOUSING),0.303143,0.272214,0.196571,0.181786,0.181786,0.242143
6,CONNECTICUT,UNKNOWN,NA,PERMANENT DWELLING (SINGLE FAMILY HOUSING),0.082000,0.074000,0.053000,0.050000,0.050000,0.066000
6,CONNECTICUT,UNKNOWN,NA,PERSONAL AND REPAIR SERVICES,0.108000,0.096778,0.069667,0.064778,0.064778,0.086222
6,CONNECTICUT,UNKNOWN,NA,PETROLEUM,0.098000,0.087500,0.063500,0.058500,0.058500,0.078000
6,CONNECTICUT,UNKNOWN,NA,"PROFESSIONAL, TECHNICAL AND BUSINESS SERVICES",0.040000,0.034000,0.025000,0.023000,0.023000,0.031000
6,CONNECTICUT,UNKNOWN,NA,RELIGION AND NONPROFIT,0.091200,0.081600,0.058600,0.054200,0.054200,0.071600
6,CONNECTICUT,UNKNOWN,NA,RESTAURANTS,0.179000,0.161500,0.116000,0.108500,0.108500,0.142500
6,CONNECTICUT,UNKNOWN,NA,RETAIL TRADE,0.104368,0.094263,0.068000,0.063368,0.063368,0.083526
6,CONNECTICUT,UNKNOWN,NA,SANITARY SEWER,0.322000,0.290000,0.208000,0.192000,0.192000,0.258000
6,CONNECTICUT,UNKNOWN,NA,TEMPORARY LODGING,0.027500,0.024750,0.018000,0.016750,0.016750,0.021750
6,CONNECTICUT,UNKNOWN,NA,WHOLESALE TRADE,0.129200,0.117000,0.083800,0.077400,0.077400,0.103400
7,DELAWARE,UNKNOWN,NA,AGRICULTURE,0.132000,0.118000,0.084000,0.078000,0.078000,0.104000
7,DELAWARE,UNKNOWN,NA,AIR,0.062000,0.054000,0.040000,0.034000,0.034000,0.048000
7,DELAWARE,UNKNOWN,NA,CASINOS,0.254000,0.229000,0.164000,0.151000,0.151000,0.202000
7,DELAWARE,UNKNOWN,NA,CONSTRUCTION,0.038000,0.036000,0.024000,0.022000,0.022000,0.030000
7,DELAWARE,UNKNOWN,NA,EDUCATION,0.038000,0.036000,0.024000,0.024000,0.024000,0.030000
7,DELAWARE,UNKNOWN,NA,EMERGENCY RESPONSE SERVICES,0.030000,0.026000,0.018000,0.018000,0.018000,0.024000
7,DELAWARE,UNKNOWN,NA,ENTERTAINMENT AND RECREATION,0.160727,0.145455,0.104545,0.096182,0.096182,0.128182
7,DELAWARE,UNKNOWN,NA,FOOD AND DRUGS PROCESSING,0.387333,0.348667,0.252667,0.232667,0.232667,0.310000
7,DELAWARE,UNKNOWN,NA,GASOLINE SERVICE STATIONS,0.114000,0.104000,0.072000,0.068000,0.068000,0.090000
7,DELAWARE,UNKNOWN,NA,GENERAL SERVICES,0.031000,0.027000,0.019000,0.018000,0.018000,0.023000
7,DELAWARE,UNKNOWN,NA,GROUP INSTITUTIONAL HOUSING,0.092400,0.082400,0.059600,0.056000,0.056000,0.075600
7,DELAWARE,UNKNOWN,NA,HEALTH CARE SERVICE,0.026000,0.024000,0.018000,0.018000,0.018000,0.022000
7,DELAWARE,UNKNOWN,NA,HEAVY FABRICATION AND ASSEMBLY,0.368000,0.328000,0.242000,0.222000,0.222000,0.294000
7,DELAWARE,UNKNOWN,NA,HIGHWAY,0.354000,0.316000,0.228000,0.210000,0.210000,0.280000
7,DELAWARE,UNKNOWN,NA,LIGHT FABRICATION AND ASSEMBLY,0.198667,0.177333,0.128667,0.118667,0.118667,0.158000
7,DELAWARE,UNKNOWN,NA,PERMANENT DWELLING (MULTI FAMILY HOUSING),0.322857,0.290571,0.209429,0.192571,0.192571,0.259000
7,DELAWARE,UNKNOWN,NA,PERMANENT DWELLING (SINGLE FAMILY HOUSING),0.070000,0.066000,0.044000,0.040000,0.040000,0.058000
7,DELAWARE,UNKNOWN,NA,PERSONAL AND REPAIR SERVICES,0.236444,0.213778,0.152889,0.141111,0.141111,0.190000
7,DELAWARE,UNKNOWN,NA,PETROLEUM,0.230000,0.207000,0.149000,0.137000,0.137000,0.184000
7,DELAWARE,UNKNOWN,NA,"PROFESSIONAL, TECHNICAL AND BUSINESS SERVICES",0.072000,0.066000,0.048000,0.044000,0.044000,0.062000
7,DELAWARE,UNKNOWN,NA,RELIGION AND NONPROFIT,0.083200,0.076800,0.055200,0.050400,0.050400,0.067600
7,DELAWARE,UNKNOWN,NA,RESTAURANTS,0.250000,0.225000,0.162000,0.151000,0.151000,0.199000
7,DELAWARE,UNKNOWN,NA,RETAIL TRADE,0.163263,0.146947,0.105895,0.098211,0.098211,0.130000
7,DELAWARE,UNKNOWN,NA,SANITARY SEWER,0.756000,0.680000,0.490000,0.452000,0.452000,0.604000
7,DELAWARE,UNKNOWN,NA,TEMPORARY LODGING,0.150500,0.135000,0.097500,0.090000,0.090000,0.120500
7,DELAWARE,UNKNOWN,NA,WHOLESALE TRADE,0.304000,0.273200,0.198000,0.182400,0.182400,0.243600
8,DIST. OF COLUMBIA,UNKNOWN,NA,AGRICULTURE,0.282000,0.254000,0.184000,0.170000,0.170000,0.224000
8,DIST. OF COLUMBIA,UNKNOWN,NA,AIR,0.144000,0.132000,0.100000,0.086000,0.086000,0.118000
8,DIST. OF COLUMBIA,UNKNOWN,NA,CASINOS,0.702000,0.631000,0.454000,0.419000,0.419000,0.561000
8,DIST. OF COLUMBIA,UNKNOWN,NA,CONSTRUCTION,0.140000,0.128000,0.090000,0.084000,0.084000,0.110000
8,DIST. OF COLUMBIA,UNKNOWN,NA,EDUCATION,0.158000,0.146000,0.104000,0.098000,0.098000,0.128000
8,DIST. OF COLUMBIA,UNKNOWN,NA,EMERGENCY RESPONSE SERVICES,0.302000,0.272000,0.196000,0.184000,0.184000,0.244000
8,DIST. OF COLUMBIA,UNKNOWN,NA,ENTERTAINMENT AND RECREATION,0.444727,0.400364,0.289818,0.267455,0.267455,0.356364
8,DIST. OF COLUMBIA,UNKNOWN,NA,FOOD AND DRUGS PROCESSING,0.671333,0.604667,0.436000,0.400667,0.400667,0.539333
8,DIST. OF COLUMBIA,UNKNOWN,NA,GASOLINE SERVICE STATIONS,0.274000,0.248000,0.180000,0.166000,0.166000,0.222000
8,DIST. OF COLUMBIA,UNKNOWN,NA,GENERAL SERVICES,0.305000,0.276000,0.196000,0.183000,0.183000,0.244000
8,DIST. OF COLUMBIA,UNKNOWN,NA,GROUP INSTITUTIONAL HOUSING,0.339600,0.305200,0.219200,0.203200,0.203200,0.270800
8,DIST. OF COLUMBIA,UNKNOWN,NA,HEALTH CARE SERVICE,0.162000,0.144000,0.106000,0.100000,0.100000,0.132000
8,DIST. OF COLUMBIA,UNKNOWN,NA,HEAVY FABRICATION AND ASSEMBLY,0.406000,0.362000,0.264000,0.242000,0.242000,0.326000
8,DIST. OF COLUMBIA,UNKNOWN,NA,HIGHWAY,0.386000,0.344000,0.250000,0.230000,0.230000,0.308000
8,DIST. OF COLUMBIA,UNKNOWN,NA,LIGHT FABRICATION AND ASSEMBLY,0.938667,0.845333,0.609333,0.564000,0.564000,0.753333
8,DIST. OF COLUMBIA,UNKNOWN,NA,PERMANENT DWELLING (MULTI FAMILY HOUSING),0.269143,0.242714,0.174857,0.161429,0.161429,0.215857
8,DIST. OF COLUMBIA,UNKNOWN,NA,PERMANENT DWELLING (SINGLE FAMILY HOUSING),0.264000,0.238000,0.174000,0.158000,0.158000,0.212000
8,DIST. OF COLUMBIA,UNKNOWN,NA,PERSONAL AND REPAIR SERVICES,0.332222,0.299333,0.216222,0.199556,0.199556,0.266667
8,DIST. OF COLUMBIA,UNKNOWN,NA,PETROLEUM,0.252000,0.228000,0.164000,0.153000,0.153000,0.204000
8,DIST. OF COLUMBIA,UNKNOWN,NA,"PROFESSIONAL, TECHNICAL AND BUSINESS SERVICES",0.110000,0.098000,0.070000,0.064000,0.064000,0.086000
8,DIST. OF COLUMBIA,UNKNOWN,NA,RELIGION AND NONPROFIT,0.311600,0.280400,0.202000,0.187200,0.187200,0.249600
8,DIST. OF COLUMBIA,UNKNOWN,NA,RESTAURANTS,0.129000,0.116000,0.085000,0.077000,0.077000,0.103000
8,DIST. OF COLUMBIA,UNKNOWN,NA,RETAIL TRADE,0.315263,0.283789,0.204947,0.189579,0.189579,0.251895
8,DIST. OF COLUMBIA,UNKNOWN,NA,SANITARY SEWER,0.830000,0.750000,0.536000,0.498000,0.498000,0.664000
8,DIST. OF COLUMBIA,UNKNOWN,NA,TEMPORARY LODGING,0.197500,0.177500,0.128500,0.118500,0.118500,0.157500
8,DIST. OF COLUMBIA,UNKNOWN,NA,WHOLESALE TRADE,0.334400,0.300000,0.218000,0.201200,0.201200,0.266800
9,FLORIDA,UNKNOWN,NA,AGRICULTURE,0.370000,0.337083,0.240417,0.226250,0.226250,0.298750
9,FLORIDA,UNKNOWN,NA,AIR,0.139583,0.124583,0.091250,0.082083,0.082083,0.115417
9,FLORIDA,UNKNOWN,NA,CASINOS,0.786875,0.705000,0.510833,0.468958,0.468958,0.630417
9,FLORIDA,UNKNOWN,NA,CONSTRUCTION,0.082083,0.076667,0.052500,0.047917,0.047917,0.067500
9,FLORIDA,UNKNOWN,NA,EDUCATION,0.182917,0.163750,0.120000,0.110833,0.110833,0.144167
9,FLORIDA,UNKNOWN,NA,EMERGENCY RESPONSE SERVICES,0.212083,0.192917,0.139583,0.130000,0.130000,0.173333
9,FLORIDA,UNKNOWN,NA,ENTERTAINMENT AND RECREATION,0.499583,0.449318,0.326288,0.300606,0.300606,0.399432
9,FLORIDA,UNKNOWN,NA,FOOD AND DRUGS PROCESSING,0.383472,0.346528,0.248472,0.231111,0.231111,0.306250
9,FLORIDA,UNKNOWN,NA,GASOLINE SERVICE STATIONS,0.264583,0.235833,0.168333,0.158750,0.158750,0.212083
9,FLORIDA,UNKNOWN,NA,GENERAL SERVICES,0.214375,0.192500,0.139375,0.127292,0.127292,0.173333
9,FLORIDA,UNKNOWN,NA,GROUP INSTITUTIONAL HOUSING,0.272167,0.243500,0.179083,0.162750,0.162750,0.217500
9,FLORIDA,UNKNOWN,NA,HEALTH CARE SERVICE,0.163750,0.148750,0.105833,0.101250,0.101250,0.130000
9,FLORIDA,UNKNOWN,NA,HEAVY FABRICATION AND ASSEMBLY,0.476250,0.432917,0.312917,0.288333,0.288333,0.384583
9,FLORIDA,UNKNOWN,NA,HIGHWAY,0.457500,0.413750,0.293750,0.274167,0.274167,0.365417
9,FLORIDA,UNKNOWN,NA,LIGHT FABRICATION AND ASSEMBLY,0.688194,0.619028,0.446250,0.413889,0.413889,0.551944
9,FLORIDA,UNKNOWN,NA,PERMANENT DWELLING (MULTI FAMILY HOUSING),0.144345,0.129226,0.094048,0.083869,0.083869,0.115089
9,FLORIDA,UNKNOWN,NA,PERMANENT DWELLING (SINGLE FAMILY HOUSING),0.187917,0.168333,0.124583,0.110833,0.110833,0.148750
9,FLORIDA,UNKNOWN,NA,PERSONAL AND REPAIR SERVICES,0.318565,0.287037,0.207500,0.190833,0.190833,0.255000
9,FLORIDA,UNKNOWN,NA,PETROLEUM,0.300625,0.266875,0.195000,0.180625,0.180625,0.240833
9,FLORIDA,UNKNOWN,NA,"PROFESSIONAL, TECHNICAL AND BUSINESS SERVICES",0.395000,0.355833,0.255833,0.240417,0.240417,0.317917
9,FLORIDA,UNKNOWN,NA,RELIGION AND NONPROFIT,0.264500,0.240583,0.176083,0.161750,0.161750,0.213917
9,FLORIDA,UNKNOWN,NA,RESTAURANTS,0.488333,0.440417,0.317500,0.293750,0.293750,0.392292
9,FLORIDA,UNKNOWN,NA,RETAIL TRADE,0.443860,0.400219,0.288860,0.267259,0.267259,0.355899
9,FLORIDA,UNKNOWN,NA,SANITARY SEWER,0.986250,0.885417,0.640000,0.591667,0.591667,0.789167
9,FLORIDA,UNKNOWN,NA,TEMPORARY LODGING,0.281667,0.252813,0.182917,0.168438,0.168438,0.226250
9,FLORIDA,UNKNOWN,NA,WHOLESALE TRADE,0.395750,0.356083,0.257250,0.238750,0.238750,0.317917
10,GEORGIA,UNKNOWN,NA,AGRICULTURE,0.228750,0.205417,0.149167,0.138750,0.138750,0.185417
10,GEORGIA,UNKNOWN,NA,AIR,0.087917,0.077500,0.059167,0.054167,0.054167,0.070000
10,GEORGIA,UNKNOWN,NA,CASINOS,0.504167,0.452917,0.326667,0.301458,0.301458,0.403125
10,GEORGIA,UNKNOWN,NA,CONSTRUCTION,0.117083,0.106250,0.075417,0.070000,0.070000,0.093750
10,GEORGIA,UNKNOWN,NA,EDUCATION,0.174583,0.158333,0.115417,0.107917,0.107917,0.140417
10,GEORGIA,UNKNOWN,NA,EMERGENCY RESPONSE SERVICES,0.068750,0.059167,0.045000,0.043333,0.043333,0.055833
10,GEORGIA,UNKNOWN,NA,ENTERTAINMENT AND RECREATION,0.319583,0.287614,0.208144,0.191894,0.191894,0.255947
10,GEORGIA,UNKNOWN,NA,FOOD AND DRUGS PROCESSING,0.277361,0.249167,0.181250,0.166667,0.166667,0.221528
10,GEORGIA,UNKNOWN,NA,GASOLINE SERVICE STATIONS,0.163750,0.147917,0.106250,0.099167,0.099167,0.130000
10,GEORGIA,UNKNOWN,NA,GENERAL SERVICES,0.067708,0.060417,0.045000,0.042292,0.042292,0.055833
10,GEORGIA,UNKNOWN,NA,GROUP INSTITUTIONAL HOUSING,0.182500,0.164167,0.118333,0.110250,0.110250,0.146917
10,GEORGIA,UNKNOWN,NA,HEALTH CARE SERVICE,0.045000,0.041250,0.030833,0.027083,0.027083,0.034167
10,GEORGIA,UNKNOWN,NA,HEAVY FABRICATION AND ASSEMBLY,0.325833,0.291667,0.212500,0.196250,0.196250,0.261250
10,GEORGIA,UNKNOWN,NA,HIGHWAY,0.309583,0.277083,0.201667,0.185417,0.185417,0.250417
10,GEORGIA,UNKNOWN,NA,LIGHT FABRICATION AND ASSEMBLY,0.636111,0.573611,0.415972,0.384722,0.384722,0.512639
10,GEORGIA,UNKNOWN,NA,PERMANENT DWELLING (MULTI FAMILY HOUSING),0.445417,0.399137,0.289315,0.266190,0.266190,0.355655
10,GEORGIA,UNKNOWN,NA,PERMANENT DWELLING (SINGLE FAMILY HOUSING),0.144167,0.125833,0.092083,0.084583,0.084583,0.113333
10,GEORGIA,UNKNOWN,NA,PERSONAL AND REPAIR SERVICES,0.185370,0.167222,0.121204,0.110972,0.110972,0.149352
10,GEORGIA,UNKNOWN,NA,PETROLEUM,0.202500,0.181875,0.131458,0.121458,0.121458,0.162917
10,GEORGIA,UNKNOWN,NA,"PROFESSIONAL, TECHNICAL AND BUSINESS SERVICES",0.171250,0.153333,0.110000,0.102500,0.102500,0.135000
10,GEORGIA,UNKNOWN,NA,RELIGION AND NONPROFIT,0.160083,0.144083,0.103583,0.095667,0.095667,0.128167
10,GEORGIA,UNKNOWN,NA,RESTAURANTS,0.333958,0.301458,0.216875,0.200833,0.200833,0.268125
10,GEORGIA,UNKNOWN,NA,RETAIL TRADE,0.275877,0.248509,0.179254,0.166031,0.166031,0.221491
10,GEORGIA,UNKNOWN,NA,SANITARY SEWER,0.669583,0.602917,0.432083,0.401667,0.401667,0.536250
10,GEORGIA,UNKNOWN,NA,TEMPORARY LODGING,0.217917,0.195729,0.141771,0.131042,0.131042,0.174167
10,GEORGIA,UNKNOWN,NA,WHOLESALE TRADE,0.269083,0.241250,0.175000,0.162000,0.162000,0.214833
12,ILLINOIS,UNKNOWN,NA,AGRICULTURE,0.119000,0.106000,0.078000,0.072000,0.072000,0.097000
12,ILLINOIS,UNKNOWN,NA,AIR,0.053000,0.049500,0.039000,0.032000,0.032000,0.043500
12,ILLINOIS,UNKNOWN,NA,CASINOS,0.301000,0.269000,0.194250,0.179250,0.179250,0.241750
12,ILLINOIS,UNKNOWN,NA,CONSTRUCTION,0.060000,0.054500,0.040000,0.034000,0.034000,0.049500
12,ILLINOIS,UNKNOWN,NA,EDUCATION,0.060000,0.056500,0.038000,0.036500,0.036500,0.048500
12,ILLINOIS,UNKNOWN,NA,EMERGENCY RESPONSE SERVICES,0.065000,0.056500,0.040000,0.038000,0.038000,0.052000
12,ILLINOIS,UNKNOWN,NA,ENTERTAINMENT AND RECREATION,0.191227,0.171773,0.124591,0.114545,0.114545,0.152682
12,ILLINOIS,UNKNOWN,NA,FOOD AND DRUGS PROCESSING,0.235500,0.213167,0.153000,0.140833,0.140833,0.188833
12,ILLINOIS,UNKNOWN,NA,GASOLINE SERVICE STATIONS,0.108500,0.094500,0.068500,0.063500,0.063500,0.084000
12,ILLINOIS,UNKNOWN,NA,GENERAL SERVICES,0.066000,0.059000,0.040250,0.038500,0.038500,0.050750
12,ILLINOIS,UNKNOWN,NA,GROUP INSTITUTIONAL HOUSING,0.110900,0.100200,0.072100,0.067900,0.067900,0.090300
12,ILLINOIS,UNKNOWN,NA,HEALTH CARE SERVICE,0.045000,0.041500,0.030500,0.028500,0.028500,0.036500
12,ILLINOIS,UNKNOWN,NA,HEAVY FABRICATION AND ASSEMBLY,0.187500,0.168500,0.124000,0.111000,0.111000,0.151000
12,ILLINOIS,UNKNOWN,NA,HIGHWAY,0.179500,0.161500,0.115500,0.107500,0.107500,0.145000
12,ILLINOIS,UNKNOWN,NA,LIGHT FABRICATION AND ASSEMBLY,0.166333,0.150333,0.109000,0.100500,0.100500,0.134167
12,ILLINOIS,UNKNOWN,NA,PERMANENT DWELLING (MULTI FAMILY HOUSING),0.131893,0.119357,0.085357,0.079857,0.079857,0.106500
12,ILLINOIS,UNKNOWN,NA,PERMANENT DWELLING (SINGLE FAMILY HOUSING),0.084000,0.076500,0.053000,0.050500,0.050500,0.067500
12,ILLINOIS,UNKNOWN,NA,PERSONAL AND REPAIR SERVICES,0.151222,0.136778,0.097556,0.090333,0.090333,0.121111
12,ILLINOIS,UNKNOWN,NA,PETROLEUM,0.118000,0.105000,0.076000,0.069750,0.069750,0.093250
12,ILLINOIS,UNKNOWN,NA,"PROFESSIONAL, TECHNICAL AND BUSINESS SERVICES",0.074500,0.067500,0.048500,0.046000,0.046000,0.061500
12,ILLINOIS,UNKNOWN,NA,RELIGION AND NONPROFIT,0.111000,0.099600,0.071800,0.066900,0.066900,0.089400
12,ILLINOIS,UNKNOWN,NA,RESTAURANTS,0.138750,0.123250,0.088500,0.083750,0.083750,0.111000
12,ILLINOIS,UNKNOWN,NA,RETAIL TRADE,0.141053,0.126500,0.091868,0.085132,0.085132,0.113105
12,ILLINOIS,UNKNOWN,NA,SANITARY SEWER,0.387000,0.348000,0.252500,0.233500,0.233500,0.309000
12,ILLINOIS,UNKNOWN,NA,TEMPORARY LODGING,0.220625,0.198875,0.142750,0.133250,0.133250,0.177375
12,ILLINOIS,UNKNOWN,NA,WHOLESALE TRADE,0.156500,0.139000,0.100300,0.094900,0.094900,0.123700
13,INDIANA,UNKNOWN,NA,AGRICULTURE,0.148000,0.132500,0.098000,0.088000,0.088000,0.118500
13,INDIANA,UNKNOWN,NA,AIR,0.075500,0.067000,0.047500,0.044500,0.044500,0.058500
13,INDIANA,UNKNOWN,NA,CASINOS,0.366750,0.329750,0.239500,0.221500,0.221500,0.294000
13,INDIANA,UNKNOWN,NA,CONSTRUCTION,0.078000,0.071000,0.050500,0.047500,0.047500,0.063000
13,INDIANA,UNKNOWN,NA,EDUCATION,0.046000,0.040500,0.028000,0.026500,0.026500,0.035000
13,INDIANA,UNKNOWN,NA,EMERGENCY RESPONSE SERVICES,0.116000,0.103500,0.075500,0.068500,0.068500,0.093500
13,INDIANA,UNKNOWN,NA,ENTERTAINMENT AND RECREATION,0.234364,0.210455,0.152500,0.140773,0.140773,0.186682
13,INDIANA,UNKNOWN,NA,FOOD AND DRUGS PROCESSING,0.258000,0.233333,0.168667,0.155167,0.155167,0.207667
13,INDIANA,UNKNOWN,NA,GASOLINE SERVICE STATIONS,0.135500,0.121500,0.088000,0.082500,0.082500,0.109000
13,INDIANA,UNKNOWN,NA,GENERAL SERVICES,0.114750,0.104000,0.074500,0.069000,0.069000,0.093000
13,INDIANA,UNKNOWN,NA,GROUP INSTITUTIONAL HOUSING,0.175300,0.157600,0.113600,0.105400,0.105400,0.139600
13,INDIANA,UNKNOWN,NA,HEALTH CARE SERVICE,0.068500,0.060000,0.046000,0.043500,0.043500,0.054500
13,INDIANA,UNKNOWN,NA,HEAVY FABRICATION AND ASSEMBLY,0.209500,0.187000,0.137000,0.125500,0.125500,0.166000
13,INDIANA,UNKNOWN,NA,HIGHWAY,0.198500,0.179000,0.130000,0.118500,0.118500,0.159500
13,INDIANA,UNKNOWN,NA,LIGHT FABRICATION AND ASSEMBLY,0.139667,0.126333,0.092333,0.084667,0.084667,0.112667
13,INDIANA,UNKNOWN,NA,PERMANENT DWELLING (MULTI FAMILY HOUSING),0.255714,0.231036,0.166679,0.153964,0.153964,0.205536
13,INDIANA,UNKNOWN,NA,PERMANENT DWELLING (SINGLE FAMILY HOUSING),0.138500,0.125500,0.092000,0.082500,0.082500,0.112000
13,INDIANA,UNKNOWN,NA,PERSONAL AND REPAIR SERVICES,0.168944,0.152056,0.109889,0.101556,0.101556,0.135944
13,INDIANA,UNKNOWN,NA,PETROLEUM,0.130500,0.117250,0.084500,0.077500,0.077500,0.104000
13,INDIANA,UNKNOWN,NA,"PROFESSIONAL, TECHNICAL AND BUSINESS SERVICES",0.151000,0.135500,0.098000,0.091000,0.091000,0.120000
13,INDIANA,UNKNOWN,NA,RELIGION AND NONPROFIT,0.167700,0.151900,0.110000,0.099800,0.099800,0.134500
13,INDIANA,UNKNOWN,NA,RESTAURANTS,0.206750,0.185750,0.133500,0.124250,0.124250,0.166250
13,INDIANA,UNKNOWN,NA,RETAIL TRADE,0.177711,0.160132,0.116316,0.106921,0.106921,0.142816
13,INDIANA,UNKNOWN,NA,SANITARY SEWER,0.430500,0.385500,0.278000,0.257000,0.257000,0.345000
13,INDIANA,UNKNOWN,NA,TEMPORARY LODGING,0.249750,0.224625,0.162000,0.150500,0.150500,0.199875
13,INDIANA,UNKNOWN,NA,WHOLESALE TRADE,0.171900,0.156200,0.112000,0.103600,0.103600,0.138100
14,IOWA,UNKNOWN,NA,AGRICULTURE,0.242000,0.220000,0.158000,0.146000,0.146000,0.196000
14,IOWA,UNKNOWN,NA,AIR,0.166000,0.148000,0.108000,0.098000,0.098000,0.130000
14,IOWA,UNKNOWN,NA,CASINOS,0.519000,0.468000,0.337000,0.312000,0.312000,0.416000
14,IOWA,UNKNOWN,NA,CONSTRUCTION,0.204000,0.184000,0.134000,0.120000,0.120000,0.166000
14,IOWA,UNKNOWN,NA,EDUCATION,0.328000,0.294000,0.212000,0.202000,0.202000,0.266000
14,IOWA,UNKNOWN,NA,EMERGENCY RESPONSE SERVICES,0.280000,0.256000,0.182000,0.174000,0.174000,0.234000
14,IOWA,UNKNOWN,NA,ENTERTAINMENT AND RECREATION,0.330909,0.297091,0.213818,0.197455,0.197455,0.266545
14,IOWA,UNKNOWN,NA,FOOD AND DRUGS PROCESSING,0.746667,0.670000,0.485333,0.446000,0.446000,0.596000
14,IOWA,UNKNOWN,NA,GASOLINE SERVICE STATIONS,0.306000,0.276000,0.196000,0.186000,0.186000,0.248000
14,IOWA,UNKNOWN,NA,GENERAL SERVICES,0.292000,0.260000,0.188000,0.175000,0.175000,0.227000
14,IOWA,UNKNOWN,NA,GROUP INSTITUTIONAL HOUSING,0.238000,0.213200,0.151600,0.143600,0.143600,0.188800
14,IOWA,UNKNOWN,NA,HEALTH CARE SERVICE,0.162000,0.142000,0.108000,0.092000,0.092000,0.130000
14,IOWA,UNKNOWN,NA,HEAVY FABRICATION AND ASSEMBLY,0.490000,0.442000,0.316000,0.294000,0.294000,0.394000
14,IOWA,UNKNOWN,NA,HIGHWAY,0.468000,0.422000,0.302000,0.284000,0.284000,0.374000
14,IOWA,UNKNOWN,NA,LIGHT FABRICATION AND ASSEMBLY,0.810667,0.730667,0.529333,0.492000,0.492000,0.651333
14,IOWA,UNKNOWN,NA,PERMANENT DWELLING (MULTI FAMILY HOUSING),0.318857,0.286714,0.206429,0.191857,0.191857,0.255143
14,IOWA,UNKNOWN,NA,PERMANENT DWELLING (SINGLE FAMILY HOUSING),0.174000,0.156000,0.110000,0.104000,0.104000,0.136000
14,IOWA,UNKNOWN,NA,PERSONAL AND REPAIR SERVICES,0.441333,0.400222,0.288889,0.266222,0.266222,0.355778
14,IOWA,UNKNOWN,NA,PETROLEUM,0.304000,0.278000,0.199000,0.185000,0.185000,0.244000
14,IOWA,UNKNOWN,NA,"PROFESSIONAL, TECHNICAL AND BUSINESS SERVICES",0.226000,0.202000,0.144000,0.130000,0.130000,0.172000
14,IOWA,UNKNOWN,NA,RELIGION AND NONPROFIT,0.248400,0.225200,0.163200,0.148800,0.148800,0.198000
14,IOWA,UNKNOWN,NA,RESTAURANTS,0.522000,0.468000,0.338000,0.314000,0.314000,0.418000
14,IOWA,UNKNOWN,NA,RETAIL TRADE,0.309158,0.277684,0.200842,0.184842,0.184842,0.247684
14,IOWA,UNKNOWN,NA,SANITARY SEWER,1.010000,0.910000,0.658000,0.612000,0.612000,0.806000
14,IOWA,UNKNOWN,NA,TEMPORARY LODGING,0.317000,0.283500,0.208000,0.190000,0.190000,0.253000
14,IOWA,UNKNOWN,NA,WHOLESALE TRADE,0.408800,0.365200,0.266000,0.245200,0.245200,0.324400
15,KANSAS,UNKNOWN,NA,AGRICULTURE,0.170000,0.154000,0.110000,0.102000,0.102000,0.138000
15,KANSAS,UNKNOWN,NA,AIR,0.099000,0.089000,0.067000,0.058000,0.058000,0.081000
15,KANSAS,UNKNOWN,NA,CASINOS,0.274500,0.247500,0.178500,0.164500,0.164500,0.220500
15,KANSAS,UNKNOWN,NA,CONSTRUCTION,0.130000,0.117000,0.083000,0.078000,0.078000,0.105000
15,KANSAS,UNKNOWN,NA,EDUCATION,0.126000,0.111000,0.082000,0.076000,0.076000,0.101000
15,KANSAS,UNKNOWN,NA,EMERGENCY RESPONSE SERVICES,0.074000,0.062000,0.048000,0.043000,0.043000,0.059000
15,KANSAS,UNKNOWN,NA,ENTERTAINMENT AND RECREATION,0.175091,0.156909,0.113545,0.104909,0.104909,0.139909
15,KANSAS,UNKNOWN,NA,FOOD AND DRUGS PROCESSING,0.287000,0.260333,0.187667,0.171667,0.171667,0.230333
15,KANSAS,UNKNOWN,NA,GASOLINE SERVICE STATIONS,0.188000,0.171000,0.122000,0.114000,0.114000,0.152000
15,KANSAS,UNKNOWN,NA,GENERAL SERVICES,0.074000,0.066000,0.047500,0.045000,0.045000,0.058000
15,KANSAS,UNKNOWN,NA,GROUP INSTITUTIONAL HOUSING,0.133600,0.118200,0.084800,0.078800,0.078800,0.107000
15,KANSAS,UNKNOWN,NA,HEALTH CARE SERVICE,0.114000,0.104000,0.075000,0.069000,0.069000,0.092000
15,KANSAS,UNKNOWN,NA,HEAVY FABRICATION AND ASSEMBLY,0.229000,0.205000,0.150000,0.138000,0.138000,0.184000
15,KANSAS,UNKNOWN,NA,HIGHWAY,0.217000,0.196000,0.141000,0.129000,0.129000,0.175000
15,KANSAS,UNKNOWN,NA,LIGHT FABRICATION AND ASSEMBLY,0.207667,0.189000,0.136000,0.125667,0.125667,0.168000
15,KANSAS,UNKNOWN,NA,PERMANENT DWELLING (MULTI FAMILY HOUSING),0.231071,0.209000,0.150714,0.138214,0.138214,0.186643
15,KANSAS,UNKNOWN,NA,PERMANENT DWELLING (SINGLE FAMILY HOUSING),0.092000,0.083000,0.062000,0.054000,0.054000,0.075000
15,KANSAS,UNKNOWN,NA,PERSONAL AND REPAIR SERVICES,0.187556,0.168778,0.121556,0.112556,0.112556,0.151000
15,KANSAS,UNKNOWN,NA,PETROLEUM,0.143000,0.127000,0.093000,0.086000,0.086000,0.113500
15,KANSAS,UNKNOWN,NA,"PROFESSIONAL, TECHNICAL AND BUSINESS SERVICES",0.120000,0.110000,0.078000,0.074000,0.074000,0.097000
15,KANSAS,UNKNOWN,NA,RELIGION AND NONPROFIT,0.115600,0.103600,0.073600,0.069000,0.069000,0.091200
15,KANSAS,UNKNOWN,NA,RESTAURANTS,0.287000,0.257500,0.185500,0.173000,0.173000,0.229500
15,KANSAS,UNKNOWN,NA,RETAIL TRADE,0.208158,0.188053,0.135316,0.125421,0.125421,0.167211
15,KANSAS,UNKNOWN,NA,SANITARY SEWER,0.469000,0.423000,0.304000,0.280000,0.280000,0.375000
15,KANSAS,UNKNOWN,NA,TEMPORARY LODGING,0.170500,0.153750,0.110500,0.103250,0.103250,0.136500
15,KANSAS,UNKNOWN,NA,WHOLESALE TRADE,0.188400,0.169200,0.122800,0.112600,0.112600,0.149800
16,KENTUCKY,UNKNOWN,NA,AGRICULTURE,0.237000,0.213333,0.152000,0.142333,0.142333,0.191333
16,KENTUCKY,UNKNOWN,NA,AIR,0.100667,0.090667,0.066000,0.059667,0.059667,0.082000
16,KENTUCKY,UNKNOWN,NA,CASINOS,0.333167,0.300167,0.217167,0.199000,0.199000,0.266500
16,KENTUCKY,UNKNOWN,NA,CONSTRUCTION,0.142333,0.127667,0.092333,0.083667,0.083667,0.113000
16,KENTUCKY,UNKNOWN,NA,EDUCATION,0.088667,0.080333,0.057667,0.054000,0.054000,0.072000
16,KENTUCKY,UNKNOWN,NA,EMERGENCY RESPONSE SERVICES,0.065000,0.057667,0.042000,0.037333,0.037333,0.051333
16,KENTUCKY,UNKNOWN,NA,ENTERTAINMENT AND RECREATION,0.212455,0.190848,0.138515,0.127212,0.127212,0.169848
16,KENTUCKY,UNKNOWN,NA,FOOD AND DRUGS PROCESSING,0.137000,0.123667,0.089222,0.082333,0.082333,0.111444
16,KENTUCKY,UNKNOWN,NA,GASOLINE SERVICE STATIONS,0.188333,0.169667,0.123000,0.113667,0.113667,0.150333
16,KENTUCKY,UNKNOWN,NA,GENERAL SERVICES,0.063833,0.057333,0.041500,0.037667,0.037667,0.051833
16,KENTUCKY,UNKNOWN,NA,GROUP INSTITUTIONAL HOUSING,0.118000,0.107800,0.077267,0.071267,0.071267,0.095600
16,KENTUCKY,UNKNOWN,NA,HEALTH CARE SERVICE,0.034333,0.033667,0.023333,0.022333,0.022333,0.030000
16,KENTUCKY,UNKNOWN,NA,HEAVY FABRICATION AND ASSEMBLY,0.232000,0.210000,0.152667,0.141000,0.141000,0.188333
16,KENTUCKY,UNKNOWN,NA,HIGHWAY,0.221667,0.200667,0.143333,0.133333,0.133333,0.179000
16,KENTUCKY,UNKNOWN,NA,LIGHT FABRICATION AND ASSEMBLY,0.174000,0.156889,0.114111,0.104667,0.104667,0.140111
16,KENTUCKY,UNKNOWN,NA,PERMANENT DWELLING (MULTI FAMILY HOUSING),0.213690,0.192071,0.138310,0.128214,0.128214,0.171190
16,KENTUCKY,UNKNOWN,NA,PERMANENT DWELLING (SINGLE FAMILY HOUSING),0.091333,0.082000,0.058667,0.055000,0.055000,0.073333
16,KENTUCKY,UNKNOWN,NA,PERSONAL AND REPAIR SERVICES,0.183444,0.166037,0.119852,0.110259,0.110259,0.147556
16,KENTUCKY,UNKNOWN,NA,PETROLEUM,0.145667,0.131333,0.094167,0.087667,0.087667,0.117167
16,KENTUCKY,UNKNOWN,NA,"PROFESSIONAL, TECHNICAL AND BUSINESS SERVICES",0.151333,0.135000,0.098000,0.091333,0.091333,0.120333
16,KENTUCKY,UNKNOWN,NA,RELIGION AND NONPROFIT,0.111400,0.100400,0.072000,0.066267,0.066267,0.088867
16,KENTUCKY,UNKNOWN,NA,RESTAURANTS,0.308667,0.278333,0.200500,0.186000,0.186000,0.246667
16,KENTUCKY,UNKNOWN,NA,RETAIL TRADE,0.283088,0.254474,0.183579,0.169860,0.169860,0.226772
16,KENTUCKY,UNKNOWN,NA,SANITARY SEWER,0.479000,0.431667,0.311333,0.287333,0.287333,0.385000
16,KENTUCKY,UNKNOWN,NA,TEMPORARY LODGING,0.107917,0.097583,0.070583,0.065250,0.065250,0.086667
16,KENTUCKY,UNKNOWN,NA,WHOLESALE TRADE,0.192867,0.173667,0.125333,0.116067,0.116067,0.154133
18,MAINE,UNKNOWN,NA,AGRICULTURE,0.137000,0.123000,0.090000,0.084000,0.084000,0.110000
18,MAINE,UNKNOWN,NA,AIR,0.128000,0.114000,0.084000,0.076000,0.076000,0.101000
18,MAINE,UNKNOWN,NA,CASINOS,0.288000,0.258000,0.187000,0.172000,0.172000,0.230500
18,MAINE,UNKNOWN,NA,CONSTRUCTION,0.044000,0.040000,0.029000,0.026000,0.026000,0.035000
18,MAINE,UNKNOWN,NA,EDUCATION,0.091000,0.083000,0.058000,0.056000,0.056000,0.073000
18,MAINE,UNKNOWN,NA,EMERGENCY RESPONSE SERVICES,0.065000,0.059000,0.041000,0.040000,0.040000,0.052000
18,MAINE,UNKNOWN,NA,ENTERTAINMENT AND RECREATION,0.182364,0.164545,0.118818,0.109545,0.109545,0.146000
18,MAINE,UNKNOWN,NA,FOOD AND DRUGS PROCESSING,0.519000,0.467333,0.338000,0.310667,0.310667,0.416667
18,MAINE,UNKNOWN,NA,GASOLINE SERVICE STATIONS,0.237000,0.214000,0.154000,0.142000,0.142000,0.191000
18,MAINE,UNKNOWN,NA,GENERAL SERVICES,0.066000,0.059500,0.041500,0.039500,0.039500,0.053000
18,MAINE,UNKNOWN,NA,GROUP INSTITUTIONAL HOUSING,0.115600,0.104600,0.075200,0.069000,0.069000,0.093000
18,MAINE,UNKNOWN,NA,HEALTH CARE SERVICE,0.093000,0.081000,0.059000,0.055000,0.055000,0.073000
18,MAINE,UNKNOWN,NA,HEAVY FABRICATION AND ASSEMBLY,0.269000,0.243000,0.176000,0.163000,0.163000,0.218000
18,MAINE,UNKNOWN,NA,HIGHWAY,0.257000,0.230000,0.167000,0.154000,0.154000,0.206000
18,MAINE,UNKNOWN,NA,LIGHT FABRICATION AND ASSEMBLY,1.138667,1.027000,0.741667,0.686667,0.686667,0.915667
18,MAINE,UNKNOWN,NA,PERMANENT DWELLING (MULTI FAMILY HOUSING),0.355643,0.319929,0.231214,0.213500,0.213500,0.285286
18,MAINE,UNKNOWN,NA,PERMANENT DWELLING (SINGLE FAMILY HOUSING),0.079000,0.069000,0.051000,0.047000,0.047000,0.062000
18,MAINE,UNKNOWN,NA,PERSONAL AND REPAIR SERVICES,0.256333,0.230889,0.166556,0.154000,0.154000,0.206000
18,MAINE,UNKNOWN,NA,PETROLEUM,0.168500,0.151500,0.109000,0.101500,0.101500,0.134500
18,MAINE,UNKNOWN,NA,"PROFESSIONAL, TECHNICAL AND BUSINESS SERVICES",0.160000,0.145000,0.105000,0.096000,0.096000,0.127000
18,MAINE,UNKNOWN,NA,RELIGION AND NONPROFIT,0.103400,0.093600,0.067600,0.062000,0.062000,0.082800
18,MAINE,UNKNOWN,NA,RESTAURANTS,0.418500,0.376500,0.271500,0.252000,0.252000,0.335000
18,MAINE,UNKNOWN,NA,RETAIL TRADE,0.185526,0.167053,0.120842,0.111684,0.111684,0.148632
18,MAINE,UNKNOWN,NA,SANITARY SEWER,0.556000,0.501000,0.362000,0.333000,0.333000,0.446000
18,MAINE,UNKNOWN,NA,TEMPORARY LODGING,0.100000,0.089750,0.064750,0.060000,0.060000,0.080000
18,MAINE,UNKNOWN,NA,WHOLESALE TRADE,0.223600,0.201000,0.145800,0.134400,0.134400,0.179000
19,MARYLAND,UNKNOWN,NA,AGRICULTURE,0.119500,0.106250,0.079500,0.073000,0.073000,0.095250
19,MARYLAND,UNKNOWN,NA,AIR,0.084000,0.075250,0.053250,0.051250,0.051250,0.066000
19,MARYLAND,UNKNOWN,NA,CASINOS,0.344750,0.309250,0.224250,0.206625,0.206625,0.277000
19,MARYLAND,UNKNOWN,NA,CONSTRUCTION,0.097250,0.088500,0.064250,0.059500,0.059500,0.079500
19,MARYLAND,UNKNOWN,NA,EDUCATION,0.097250,0.086250,0.064250,0.059500,0.059500,0.077500
19,MARYLAND,UNKNOWN,NA,EMERGENCY RESPONSE SERVICES,0.086250,0.075250,0.053250,0.051250,0.051250,0.068250
19,MARYLAND,UNKNOWN,NA,ENTERTAINMENT AND RECREATION,0.219432,0.197773,0.142682,0.130977,0.130977,0.175386
19,MARYLAND,UNKNOWN,NA,FOOD AND DRUGS PROCESSING,0.307167,0.276833,0.200417,0.183500,0.183500,0.246750
19,MARYLAND,UNKNOWN,NA,GASOLINE SERVICE STATIONS,0.152500,0.138750,0.099500,0.092750,0.092750,0.121750
19,MARYLAND,UNKNOWN,NA,GENERAL SERVICES,0.085000,0.077375,0.053250,0.050000,0.050000,0.068250
19,MARYLAND,UNKNOWN,NA,GROUP INSTITUTIONAL HOUSING,0.086150,0.077650,0.055250,0.052550,0.052550,0.069500
19,MARYLAND,UNKNOWN,NA,HEALTH CARE SERVICE,0.040000,0.035500,0.026250,0.024000,0.024000,0.033250
19,MARYLAND,UNKNOWN,NA,HEAVY FABRICATION AND ASSEMBLY,0.205500,0.185750,0.135000,0.123750,0.123750,0.166000
19,MARYLAND,UNKNOWN,NA,HIGHWAY,0.194500,0.176750,0.128000,0.117000,0.117000,0.156750
19,MARYLAND,UNKNOWN,NA,LIGHT FABRICATION AND ASSEMBLY,0.333667,0.302000,0.217333,0.201917,0.201917,0.268750
19,MARYLAND,UNKNOWN,NA,PERMANENT DWELLING (MULTI FAMILY HOUSING),0.297018,0.267786,0.193446,0.177571,0.177571,0.238339
19,MARYLAND,UNKNOWN,NA,PERMANENT DWELLING (SINGLE FAMILY HOUSING),0.057500,0.051250,0.037500,0.033250,0.033250,0.044250
19,MARYLAND,UNKNOWN,NA,PERSONAL AND REPAIR SERVICES,0.242806,0.218472,0.158306,0.145444,0.145444,0.195444
19,MARYLAND,UNKNOWN,NA,PETROLEUM,0.128250,0.117125,0.083875,0.078375,0.078375,0.105125
19,MARYLAND,UNKNOWN,NA,"PROFESSIONAL, TECHNICAL AND BUSINESS SERVICES",0.099500,0.090500,0.068250,0.059500,0.059500,0.081500
19,MARYLAND,UNKNOWN,NA,RELIGION AND NONPROFIT,0.091450,0.083600,0.061050,0.055300,0.055300,0.073700
19,MARYLAND,UNKNOWN,NA,RESTAURANTS,0.230875,0.207625,0.150250,0.140375,0.140375,0.185500
19,MARYLAND,UNKNOWN,NA,RETAIL TRADE,0.148803,0.133829,0.097921,0.090250,0.090250,0.119382
19,MARYLAND,UNKNOWN,NA,SANITARY SEWER,0.424500,0.382250,0.276250,0.256250,0.256250,0.338000
19,MARYLAND,UNKNOWN,NA,TEMPORARY LODGING,0.100625,0.090188,0.065188,0.059750,0.059750,0.080625
19,MARYLAND,UNKNOWN,NA,WHOLESALE TRADE,0.171050,0.153200,0.111900,0.103000,0.103000,0.136100
20,MASSACHUSETTS,UNKNOWN,NA,AGRICULTURE,0.060000,0.054375,0.039000,0.035625,0.035625,0.049500
20,MASSACHUSETTS,UNKNOWN,NA,AIR,0.025875,0.022500,0.016125,0.014625,0.014625,0.019500
20,MASSACHUSETTS,UNKNOWN,NA,CASINOS,0.103313,0.093000,0.067313,0.061125,0.061125,0.082313
20,MASSACHUSETTS,UNKNOWN,NA,CONSTRUCTION,0.025125,0.022875,0.016875,0.014625,0.014625,0.020250
20,MASSACHUSETTS,UNKNOWN,NA,EDUCATION,0.032625,0.029250,0.021000,0.019500,0.019500,0.025875
20,MASSACHUSETTS,UNKNOWN,NA,EMERGENCY RESPONSE SERVICES,0.032250,0.029250,0.021000,0.019500,0.019500,0.025875
20,MASSACHUSETTS,UNKNOWN,NA,ENTERTAINMENT AND RECREATION,0.065761,0.059045,0.042682,0.039443,0.039443,0.052159
20,MASSACHUSETTS,UNKNOWN,NA,FOOD AND DRUGS PROCESSING,0.091875,0.083000,0.060000,0.054875,0.054875,0.073875
20,MASSACHUSETTS,UNKNOWN,NA,GASOLINE SERVICE STATIONS,0.047250,0.042375,0.030750,0.028500,0.028500,0.037125
20,MASSACHUSETTS,UNKNOWN,NA,GENERAL SERVICES,0.031688,0.028875,0.021375,0.019125,0.019125,0.025875
20,MASSACHUSETTS,UNKNOWN,NA,GROUP INSTITUTIONAL HOUSING,0.056550,0.050325,0.036375,0.034275,0.034275,0.044925
20,MASSACHUSETTS,UNKNOWN,NA,HEALTH CARE SERVICE,0.018750,0.016875,0.012375,0.012000,0.012000,0.015375
20,MASSACHUSETTS,UNKNOWN,NA,HEAVY FABRICATION AND ASSEMBLY,0.241500,0.216750,0.158250,0.145125,0.145125,0.193875
20,MASSACHUSETTS,UNKNOWN,NA,HIGHWAY,0.230250,0.207750,0.150000,0.138000,0.138000,0.184125
20,MASSACHUSETTS,UNKNOWN,NA,LIGHT FABRICATION AND ASSEMBLY,0.305000,0.274750,0.198250,0.183500,0.183500,0.244750
20,MASSACHUSETTS,UNKNOWN,NA,PERMANENT DWELLING (MULTI FAMILY HOUSING),0.155277,0.139955,0.101036,0.093080,0.093080,0.124768
20,MASSACHUSETTS,UNKNOWN,NA,PERMANENT DWELLING (SINGLE FAMILY HOUSING),0.046875,0.042000,0.030000,0.027750,0.027750,0.037500
20,MASSACHUSETTS,UNKNOWN,NA,PERSONAL AND REPAIR SERVICES,0.095000,0.085250,0.061958,0.057125,0.057125,0.076208
20,MASSACHUSETTS,UNKNOWN,NA,PETROLEUM,0.150750,0.136125,0.098063,0.090750,0.090750,0.120938
20,MASSACHUSETTS,UNKNOWN,NA,"PROFESSIONAL, TECHNICAL AND BUSINESS SERVICES",0.039000,0.035625,0.025875,0.024375,0.024375,0.032250
20,MASSACHUSETTS,UNKNOWN,NA,RELIGION AND NONPROFIT,0.055950,0.049800,0.036000,0.033150,0.033150,0.044400
20,MASSACHUSETTS,UNKNOWN,NA,RESTAURANTS,0.123375,0.110813,0.080250,0.074625,0.074625,0.098438
20,MASSACHUSETTS,UNKNOWN,NA,RETAIL TRADE,0.076046,0.068625,0.049401,0.045553,0.045553,0.061382
20,MASSACHUSETTS,UNKNOWN,NA,SANITARY SEWER,0.496500,0.448500,0.322125,0.298500,0.298500,0.399000
20,MASSACHUSETTS,UNKNOWN,NA,TEMPORARY LODGING,0.048656,0.043500,0.031219,0.029344,0.029344,0.038813
20,MASSACHUSETTS,UNKNOWN,NA,WHOLESALE TRADE,0.200175,0.180075,0.129825,0.120075,0.120075,0.159375
21,MICHIGAN,UNKNOWN,NA,AGRICULTURE,0.282500,0.257500,0.184000,0.179000,0.179000,0.225000
21,MICHIGAN,UNKNOWN,NA,AIR,0.186000,0.168000,0.124000,0.112500,0.112500,0.156500
21,MICHIGAN,UNKNOWN,NA,CASINOS,0.551750,0.497750,0.355000,0.330000,0.330000,0.442250
21,MICHIGAN,UNKNOWN,NA,CONSTRUCTION,0.446000,0.400000,0.285000,0.266500,0.266500,0.354000
21,MICHIGAN,UNKNOWN,NA,EDUCATION,0.147000,0.133500,0.094000,0.089500,0.089500,0.117000
21,MICHIGAN,UNKNOWN,NA,EMERGENCY RESPONSE SERVICES,0.057500,0.050500,0.041500,0.037000,0.037000,0.048500
21,MICHIGAN,UNKNOWN,NA,ENTERTAINMENT AND RECREATION,0.351773,0.315455,0.229818,0.211136,0.211136,0.283136
21,MICHIGAN,UNKNOWN,NA,FOOD AND DRUGS PROCESSING,0.723000,0.651167,0.472667,0.431167,0.431167,0.578500
21,MICHIGAN,UNKNOWN,NA,GASOLINE SERVICE STATIONS,0.354000,0.312500,0.230000,0.204500,0.204500,0.280500
21,MICHIGAN,UNKNOWN,NA,GENERAL SERVICES,0.056250,0.052750,0.039250,0.037000,0.037000,0.048500
21,MICHIGAN,UNKNOWN,NA,GROUP INSTITUTIONAL HOUSING,0.308100,0.277900,0.198300,0.183000,0.183000,0.247200
21,MICHIGAN,UNKNOWN,NA,HEALTH CARE SERVICE,0.154000,0.142500,0.103500,0.092000,0.092000,0.122000
21,MICHIGAN,UNKNOWN,NA,HEAVY FABRICATION AND ASSEMBLY,0.280500,0.246000,0.181500,0.165500,0.165500,0.218500
21,MICHIGAN,UNKNOWN,NA,HIGHWAY,0.262000,0.234500,0.170000,0.158500,0.158500,0.211500
21,MICHIGAN,UNKNOWN,NA,LIGHT FABRICATION AND ASSEMBLY,0.873167,0.787333,0.565167,0.526333,0.526333,0.698667
21,MICHIGAN,UNKNOWN,NA,PERMANENT DWELLING (MULTI FAMILY HOUSING),0.545786,0.491286,0.353500,0.324643,0.324643,0.436250
21,MICHIGAN,UNKNOWN,NA,PERMANENT DWELLING (SINGLE FAMILY HOUSING),0.241500,0.218500,0.158500,0.142500,0.142500,0.195500
21,MICHIGAN,UNKNOWN,NA,PERSONAL AND REPAIR SERVICES,0.351833,0.317889,0.228722,0.210611,0.210611,0.281389
21,MICHIGAN,UNKNOWN,NA,PETROLEUM,0.173500,0.156250,0.113750,0.105750,0.105750,0.136750
21,MICHIGAN,UNKNOWN,NA,"PROFESSIONAL, TECHNICAL AND BUSINESS SERVICES",0.232000,0.207000,0.151500,0.140000,0.140000,0.184000
21,MICHIGAN,UNKNOWN,NA,RELIGION AND NONPROFIT,0.257100,0.231300,0.165400,0.154900,0.154900,0.205900
21,MICHIGAN,UNKNOWN,NA,RESTAURANTS,0.226250,0.201000,0.144750,0.136750,0.136750,0.181500
21,MICHIGAN,UNKNOWN,NA,RETAIL TRADE,0.326132,0.294132,0.213000,0.196763,0.196763,0.261895
21,MICHIGAN,UNKNOWN,NA,SANITARY SEWER,0.563000,0.505500,0.367500,0.342500,0.342500,0.452500
21,MICHIGAN,UNKNOWN,NA,TEMPORARY LODGING,0.417625,0.375625,0.270500,0.251625,0.251625,0.333750
21,MICHIGAN,UNKNOWN,NA,WHOLESALE TRADE,0.228400,0.204600,0.148900,0.138800,0.138800,0.182400
22,MINNESOTA,UNKNOWN,NA,AGRICULTURE,0.236000,0.214667,0.152000,0.143333,0.143333,0.192667
22,MINNESOTA,UNKNOWN,NA,AIR,0.158667,0.143333,0.103333,0.098667,0.098667,0.132000
22,MINNESOTA,UNKNOWN,NA,CASINOS,0.595667,0.533667,0.388000,0.358000,0.358000,0.478667
22,MINNESOTA,UNKNOWN,NA,CONSTRUCTION,0.242000,0.217333,0.156667,0.145333,0.145333,0.192667
22,MINNESOTA,UNKNOWN,NA,EDUCATION,0.110000,0.098667,0.067333,0.066000,0.066000,0.091333
22,MINNESOTA,UNKNOWN,NA,EMERGENCY RESPONSE SERVICES,0.154667,0.136667,0.100667,0.097333,0.097333,0.125333
22,MINNESOTA,UNKNOWN,NA,ENTERTAINMENT AND RECREATION,0.379455,0.340424,0.247394,0.227697,0.227697,0.302000
22,MINNESOTA,UNKNOWN,NA,FOOD AND DRUGS PROCESSING,0.634000,0.572000,0.413333,0.377778,0.377778,0.506222
22,MINNESOTA,UNKNOWN,NA,GASOLINE SERVICE STATIONS,0.298667,0.272667,0.192667,0.181333,0.181333,0.241333
22,MINNESOTA,UNKNOWN,NA,GENERAL SERVICES,0.152000,0.138667,0.104000,0.094667,0.094667,0.122000
22,MINNESOTA,UNKNOWN,NA,GROUP INSTITUTIONAL HOUSING,0.202667,0.179067,0.130000,0.120800,0.120800,0.160933
22,MINNESOTA,UNKNOWN,NA,HEALTH CARE SERVICE,0.224000,0.201333,0.145333,0.134000,0.134000,0.179333
22,MINNESOTA,UNKNOWN,NA,HEAVY FABRICATION AND ASSEMBLY,0.248000,0.219333,0.160000,0.147333,0.147333,0.196667
22,MINNESOTA,UNKNOWN,NA,HIGHWAY,0.232667,0.210667,0.148000,0.141333,0.141333,0.183333
22,MINNESOTA,UNKNOWN,NA,LIGHT FABRICATION AND ASSEMBLY,0.510000,0.461556,0.332000,0.308444,0.308444,0.411556
22,MINNESOTA,UNKNOWN,NA,PERMANENT DWELLING (MULTI FAMILY HOUSING),0.243667,0.218524,0.158714,0.145429,0.145429,0.194571
22,MINNESOTA,UNKNOWN,NA,PERMANENT DWELLING (SINGLE FAMILY HOUSING),0.118667,0.100667,0.078000,0.072000,0.072000,0.094000
22,MINNESOTA,UNKNOWN,NA,PERSONAL AND REPAIR SERVICES,0.280741,0.252222,0.181852,0.168000,0.168000,0.223556
22,MINNESOTA,UNKNOWN,NA,PETROLEUM,0.153000,0.137667,0.099667,0.092667,0.092667,0.118333
22,MINNESOTA,UNKNOWN,NA,"PROFESSIONAL, TECHNICAL AND BUSINESS SERVICES",0.085333,0.078667,0.054000,0.053333,0.053333,0.072000
22,MINNESOTA,UNKNOWN,NA,RELIGION AND NONPROFIT,0.149600,0.138400,0.100800,0.090667,0.090667,0.122933
22,MINNESOTA,UNKNOWN,NA,RESTAURANTS,0.460333,0.415667,0.298667,0.278000,0.278000,0.368000
22,MINNESOTA,UNKNOWN,NA,RETAIL TRADE,0.297965,0.268772,0.193439,0.178982,0.178982,0.239228
22,MINNESOTA,UNKNOWN,NA,SANITARY SEWER,0.498667,0.452000,0.324667,0.300000,0.300000,0.399333
22,MINNESOTA,UNKNOWN,NA,TEMPORARY LODGING,0.096000,0.085500,0.061000,0.057667,0.057667,0.076167
22,MINNESOTA,UNKNOWN,NA,WHOLESALE TRADE,0.201333,0.180533,0.130133,0.120400,0.120400,0.159600
24,MISSOURI,UNKNOWN,NA,AGRICULTURE,0.178667,0.162333,0.115333,0.110333,0.110333,0.142333
24,MISSOURI,UNKNOWN,NA,AIR,0.111667,0.100667,0.073000,0.065667,0.065667,0.089000
24,MISSOURI,UNKNOWN,NA,CASINOS,0.459833,0.412667,0.300000,0.276333,0.276333,0.368167
24,MISSOURI,UNKNOWN,NA,CONSTRUCTION,0.103000,0.093000,0.067000,0.060667,0.060667,0.082000
24,MISSOURI,UNKNOWN,NA,EDUCATION,0.111667,0.101667,0.073000,0.068333,0.068333,0.090667
24,MISSOURI,UNKNOWN,NA,EMERGENCY RESPONSE SERVICES,0.086667,0.078000,0.057000,0.050667,0.050667,0.070333
24,MISSOURI,UNKNOWN,NA,ENTERTAINMENT AND RECREATION,0.292303,0.262455,0.189939,0.175212,0.175212,0.234576
24,MISSOURI,UNKNOWN,NA,FOOD AND DRUGS PROCESSING,0.230556,0.209000,0.149667,0.137889,0.137889,0.184667
24,MISSOURI,UNKNOWN,NA,GASOLINE SERVICE STATIONS,0.209333,0.188667,0.135333,0.125333,0.125333,0.166000
24,MISSOURI,UNKNOWN,NA,GENERAL SERVICES,0.088167,0.078833,0.057500,0.052000,0.052000,0.070167
24,MISSOURI,UNKNOWN,NA,GROUP INSTITUTIONAL HOUSING,0.244333,0.220933,0.158067,0.145667,0.145667,0.196733
24,MISSOURI,UNKNOWN,NA,HEALTH CARE SERVICE,0.074333,0.067000,0.047333,0.043333,0.043333,0.060667
24,MISSOURI,UNKNOWN,NA,HEAVY FABRICATION AND ASSEMBLY,0.166000,0.150000,0.109000,0.101667,0.101667,0.135333
24,MISSOURI,UNKNOWN,NA,HIGHWAY,0.160000,0.145000,0.103000,0.096667,0.096667,0.127667
24,MISSOURI,UNKNOWN,NA,LIGHT FABRICATION AND ASSEMBLY,0.254556,0.230444,0.166111,0.154556,0.154556,0.205778
24,MISSOURI,UNKNOWN,NA,PERMANENT DWELLING (MULTI FAMILY HOUSING),0.405119,0.363595,0.263381,0.242262,0.242262,0.323548
24,MISSOURI,UNKNOWN,NA,PERMANENT DWELLING (SINGLE FAMILY HOUSING),0.203333,0.184667,0.132667,0.121333,0.121333,0.162333
24,MISSOURI,UNKNOWN,NA,PERSONAL AND REPAIR SERVICES,0.243889,0.219815,0.158370,0.146370,0.146370,0.195222
24,MISSOURI,UNKNOWN,NA,PETROLEUM,0.104167,0.093500,0.068167,0.063833,0.063833,0.083167
24,MISSOURI,UNKNOWN,NA,"PROFESSIONAL, TECHNICAL AND BUSINESS SERVICES",0.136333,0.121333,0.089000,0.083000,0.083000,0.109000
24,MISSOURI,UNKNOWN,NA,RELIGION AND NONPROFIT,0.217200,0.194733,0.141133,0.131800,0.131800,0.173000
24,MISSOURI,UNKNOWN,NA,RESTAURANTS,0.331500,0.298667,0.215500,0.200667,0.200667,0.265333
24,MISSOURI,UNKNOWN,NA,RETAIL TRADE,0.222228,0.200158,0.144719,0.134088,0.134088,0.178035
24,MISSOURI,UNKNOWN,NA,SANITARY SEWER,0.344667,0.308667,0.223333,0.206667,0.206667,0.275000
24,MISSOURI,UNKNOWN,NA,TEMPORARY LODGING,0.157667,0.142083,0.102833,0.094500,0.094500,0.127000
24,MISSOURI,UNKNOWN,NA,WHOLESALE TRADE,0.138067,0.124000,0.090133,0.083600,0.083600,0.109867
25,MONTANA,UNKNOWN,NA,AGRICULTURE,0.384000,0.344000,0.246000,0.228000,0.228000,0.304000
25,MONTANA,UNKNOWN,NA,AIR,0.186000,0.172000,0.124000,0.116000,0.116000,0.152000
25,MONTANA,UNKNOWN,NA,CASINOS,0.538000,0.482000,0.349000,0.321000,0.321000,0.430000
25,MONTANA,UNKNOWN,NA,CONSTRUCTION,0.102000,0.094000,0.062000,0.058000,0.058000,0.080000
25,MONTANA,UNKNOWN,NA,EDUCATION,0.126000,0.108000,0.078000,0.072000,0.072000,0.096000
25,MONTANA,UNKNOWN,NA,EMERGENCY RESPONSE SERVICES,0.146000,0.130000,0.094000,0.086000,0.086000,0.116000
25,MONTANA,UNKNOWN,NA,ENTERTAINMENT AND RECREATION,0.342545,0.308364,0.222364,0.204545,0.204545,0.272545
25,MONTANA,UNKNOWN,NA,FOOD AND DRUGS PROCESSING,0.800000,0.720000,0.522000,0.479333,0.479333,0.640667
25,MONTANA,UNKNOWN,NA,GASOLINE SERVICE STATIONS,0.356000,0.318000,0.228000,0.216000,0.216000,0.284000
25,MONTANA,UNKNOWN,NA,GENERAL SERVICES,0.145000,0.131000,0.094000,0.087000,0.087000,0.117000
25,MONTANA,UNKNOWN,NA,GROUP INSTITUTIONAL HOUSING,0.189600,0.172400,0.123600,0.114800,0.114800,0.153200
25,MONTANA,UNKNOWN,NA,HEALTH CARE SERVICE,0.112000,0.102000,0.072000,0.070000,0.070000,0.094000
25,MONTANA,UNKNOWN,NA,HEAVY FABRICATION AND ASSEMBLY,0.492000,0.444000,0.322000,0.298000,0.298000,0.398000
25,MONTANA,UNKNOWN,NA,HIGHWAY,0.470000,0.422000,0.306000,0.284000,0.284000,0.374000
25,MONTANA,UNKNOWN,NA,LIGHT FABRICATION AND ASSEMBLY,0.782667,0.705333,0.508000,0.471333,0.471333,0.629333
25,MONTANA,UNKNOWN,NA,PERMANENT DWELLING (MULTI FAMILY HOUSING),0.321857,0.291286,0.209571,0.194000,0.194000,0.257714
25,MONTANA,UNKNOWN,NA,PERMANENT DWELLING (SINGLE FAMILY HOUSING),0.132000,0.122000,0.090000,0.080000,0.080000,0.106000
25,MONTANA,UNKNOWN,NA,PERSONAL AND REPAIR SERVICES,0.493556,0.445111,0.321111,0.295778,0.295778,0.394889
25,MONTANA,UNKNOWN,NA,PETROLEUM,0.308000,0.278000,0.201000,0.184000,0.184000,0.249000
25,MONTANA,UNKNOWN,NA,"PROFESSIONAL, TECHNICAL AND BUSINESS SERVICES",0.208000,0.186000,0.134000,0.126000,0.126000,0.168000
25,MONTANA,UNKNOWN,NA,RELIGION AND NONPROFIT,0.180000,0.160000,0.116400,0.110400,0.110400,0.143200
25,MONTANA,UNKNOWN,NA,RESTAURANTS,0.409000,0.371000,0.266000,0.247000,0.247000,0.330000
25,MONTANA,UNKNOWN,NA,RETAIL TRADE,0.448316,0.403158,0.290526,0.268526,0.268526,0.358211
25,MONTANA,UNKNOWN,NA,SANITARY SEWER,1.016000,0.912000,0.660000,0.610000,0.610000,0.814000
25,MONTANA,UNKNOWN,NA,TEMPORARY LODGING,0.223000,0.200000,0.144000,0.133000,0.133000,0.178500
25,MONTANA,UNKNOWN,NA,WHOLESALE TRADE,0.408400,0.367200,0.267200,0.246400,0.246400,0.326000
26,NEBRASKA,UNKNOWN,NA,AGRICULTURE,0.112500,0.101500,0.072500,0.068500,0.068500,0.093500
26,NEBRASKA,UNKNOWN,NA,AIR,0.048000,0.042000,0.030000,0.027000,0.027000,0.039000
26,NEBRASKA,UNKNOWN,NA,CASINOS,0.150250,0.134250,0.097750,0.089250,0.089250,0.120750
26,NEBRASKA,UNKNOWN,NA,CONSTRUCTION,0.051000,0.047000,0.034000,0.031000,0.031000,0.043000
26,NEBRASKA,UNKNOWN,NA,EDUCATION,0.063500,0.059500,0.040000,0.039000,0.039000,0.051000
26,NEBRASKA,UNKNOWN,NA,EMERGENCY RESPONSE SERVICES,0.041000,0.036000,0.024000,0.023000,0.023000,0.032000
26,NEBRASKA,UNKNOWN,NA,ENTERTAINMENT AND RECREATION,0.095091,0.085955,0.062545,0.057636,0.057636,0.076409
26,NEBRASKA,UNKNOWN,NA,FOOD AND DRUGS PROCESSING,0.126333,0.114333,0.082333,0.075667,0.075667,0.100167
26,NEBRASKA,UNKNOWN,NA,GASOLINE SERVICE STATIONS,0.087500,0.078500,0.055500,0.054000,0.054000,0.069500
26,NEBRASKA,UNKNOWN,NA,GENERAL SERVICES,0.041000,0.036500,0.024500,0.023000,0.023000,0.032000
26,NEBRASKA,UNKNOWN,NA,GROUP INSTITUTIONAL HOUSING,0.090000,0.080200,0.059200,0.054400,0.054400,0.073400
26,NEBRASKA,UNKNOWN,NA,HEALTH CARE SERVICE,0.096500,0.083500,0.059500,0.057500,0.057500,0.075500
26,NEBRASKA,UNKNOWN,NA,HEAVY FABRICATION AND ASSEMBLY,0.101500,0.089500,0.065500,0.059500,0.059500,0.080500
26,NEBRASKA,UNKNOWN,NA,HIGHWAY,0.094500,0.086500,0.060500,0.057500,0.057500,0.074500
26,NEBRASKA,UNKNOWN,NA,LIGHT FABRICATION AND ASSEMBLY,0.107500,0.096167,0.070000,0.064667,0.064667,0.087500
26,NEBRASKA,UNKNOWN,NA,PERMANENT DWELLING (MULTI FAMILY HOUSING),0.229607,0.206429,0.149571,0.137821,0.137821,0.184786
26,NEBRASKA,UNKNOWN,NA,PERMANENT DWELLING (SINGLE FAMILY HOUSING),0.061500,0.057500,0.039000,0.037000,0.037000,0.050000
26,NEBRASKA,UNKNOWN,NA,PERSONAL AND REPAIR SERVICES,0.093278,0.084222,0.061111,0.056444,0.056444,0.075222
26,NEBRASKA,UNKNOWN,NA,PETROLEUM,0.061500,0.056250,0.041000,0.037500,0.037500,0.050000
26,NEBRASKA,UNKNOWN,NA,"PROFESSIONAL, TECHNICAL AND BUSINESS SERVICES",0.049000,0.043000,0.031000,0.030000,0.030000,0.038000
26,NEBRASKA,UNKNOWN,NA,RELIGION AND NONPROFIT,0.073800,0.066600,0.047700,0.044700,0.044700,0.058500
26,NEBRASKA,UNKNOWN,NA,RESTAURANTS,0.144250,0.130500,0.093500,0.086500,0.086500,0.116500
26,NEBRASKA,UNKNOWN,NA,RETAIL TRADE,0.134289,0.120500,0.087447,0.080658,0.080658,0.107737
26,NEBRASKA,UNKNOWN,NA,SANITARY SEWER,0.205000,0.183000,0.133500,0.122500,0.122500,0.164500
26,NEBRASKA,UNKNOWN,NA,TEMPORARY LODGING,0.096875,0.087125,0.063625,0.058250,0.058250,0.077375
26,NEBRASKA,UNKNOWN,NA,WHOLESALE TRADE,0.081900,0.074100,0.053900,0.050100,0.050100,0.065700
27,NEVADA,UNKNOWN,NA,AGRICULTURE,0.077000,0.069000,0.050000,0.046000,0.046000,0.061000
27,NEVADA,UNKNOWN,NA,AIR,0.028000,0.025000,0.019000,0.017000,0.017000,0.023000
27,NEVADA,UNKNOWN,NA,CASINOS,0.130000,0.116500,0.085000,0.078000,0.078000,0.104500
27,NEVADA,UNKNOWN,NA,CONSTRUCTION,0.018000,0.017000,0.011000,0.011000,0.011000,0.015000
27,NEVADA,UNKNOWN,NA,EDUCATION,0.027000,0.025000,0.018000,0.016000,0.016000,0.021000
27,NEVADA,UNKNOWN,NA,EMERGENCY RESPONSE SERVICES,0.005000,0.004000,0.003000,0.003000,0.003000,0.004000
27,NEVADA,UNKNOWN,NA,ENTERTAINMENT AND RECREATION,0.082545,0.074364,0.053727,0.049636,0.049636,0.066091
27,NEVADA,UNKNOWN,NA,FOOD AND DRUGS PROCESSING,0.119667,0.107000,0.077667,0.071333,0.071333,0.095667
27,NEVADA,UNKNOWN,NA,GASOLINE SERVICE STATIONS,0.053000,0.048000,0.035000,0.033000,0.033000,0.042000
27,NEVADA,UNKNOWN,NA,GENERAL SERVICES,0.005000,0.004000,0.003000,0.003000,0.003000,0.004000
27,NEVADA,UNKNOWN,NA,GROUP INSTITUTIONAL HOUSING,0.048000,0.043600,0.031400,0.029200,0.029200,0.039200
27,NEVADA,UNKNOWN,NA,HEALTH CARE SERVICE,0.030000,0.027000,0.019000,0.018000,0.018000,0.025000
27,NEVADA,UNKNOWN,NA,HEAVY FABRICATION AND ASSEMBLY,0.094000,0.085000,0.061000,0.057000,0.057000,0.076000
27,NEVADA,UNKNOWN,NA,HIGHWAY,0.090000,0.080000,0.058000,0.054000,0.054000,0.072000
27,NEVADA,UNKNOWN,NA,LIGHT FABRICATION AND ASSEMBLY,0.237000,0.213333,0.153333,0.142333,0.142333,0.190333
27,NEVADA,UNKNOWN,NA,PERMANENT DWELLING (MULTI FAMILY HOUSING),0.187000,0.168357,0.121000,0.112071,0.112071,0.149143
27,NEVADA,UNKNOWN,NA,PERMANENT DWELLING (SINGLE FAMILY HOUSING),0.034000,0.031000,0.022000,0.021000,0.021000,0.027000
27,NEVADA,UNKNOWN,NA,PERSONAL AND REPAIR SERVICES,0.116000,0.104444,0.075556,0.069444,0.069444,0.092889
27,NEVADA,UNKNOWN,NA,PETROLEUM,0.059000,0.052500,0.038000,0.036000,0.036000,0.047000
27,NEVADA,UNKNOWN,NA,"PROFESSIONAL, TECHNICAL AND BUSINESS SERVICES",0.054000,0.050000,0.036000,0.033000,0.033000,0.044000
27,NEVADA,UNKNOWN,NA,RELIGION AND NONPROFIT,0.039400,0.036200,0.026600,0.023600,0.023600,0.031600
27,NEVADA,UNKNOWN,NA,RESTAURANTS,0.106000,0.096000,0.069500,0.063500,0.063500,0.085000
27,NEVADA,UNKNOWN,NA,RETAIL TRADE,0.092316,0.083053,0.060158,0.055474,0.055474,0.073789
27,NEVADA,UNKNOWN,NA,SANITARY SEWER,0.193000,0.174000,0.126000,0.117000,0.117000,0.156000
27,NEVADA,UNKNOWN,NA,TEMPORARY LODGING,0.072000,0.064750,0.046500,0.043250,0.043250,0.057250
27,NEVADA,UNKNOWN,NA,WHOLESALE TRADE,0.078200,0.070200,0.050600,0.046400,0.046400,0.062200
28,NEW HAMPSHIRE,UNKNOWN,NA,AGRICULTURE,0.148000,0.134000,0.098000,0.092000,0.092000,0.120000
28,NEW HAMPSHIRE,UNKNOWN,NA,AIR,0.064000,0.058000,0.042000,0.040000,0.040000,0.052000
28,NEW HAMPSHIRE,UNKNOWN,NA,CASINOS,0.315000,0.285000,0.206000,0.189000,0.189000,0.253000
28,NEW HAMPSHIRE,UNKNOWN,NA,CONSTRUCTION,0.084000,0.078000,0.054000,0.048000,0.048000,0.068000
28,NEW HAMPSHIRE,UNKNOWN,NA,EDUCATION,0.104000,0.094000,0.066000,0.064000,0.064000,0.082000
28,NEW HAMPSHIRE,UNKNOWN,NA,EMERGENCY RESPONSE SERVICES,0.092000,0.084000,0.062000,0.054000,0.054000,0.078000
28,NEW HAMPSHIRE,UNKNOWN,NA,ENTERTAINMENT AND RECREATION,0.200909,0.180182,0.131091,0.121273,0.121273,0.160909
28,NEW HAMPSHIRE,UNKNOWN,NA,FOOD AND DRUGS PROCESSING,0.209333,0.187333,0.136667,0.124667,0.124667,0.168667
28,NEW HAMPSHIRE,UNKNOWN,NA,GASOLINE SERVICE STATIONS,0.122000,0.108000,0.080000,0.076000,0.076000,0.098000
28,NEW HAMPSHIRE,UNKNOWN,NA,GENERAL SERVICES,0.095000,0.084000,0.063000,0.055000,0.055000,0.078000
28,NEW HAMPSHIRE,UNKNOWN,NA,GROUP INSTITUTIONAL HOUSING,0.138400,0.125200,0.088000,0.083200,0.083200,0.110400
28,NEW HAMPSHIRE,UNKNOWN,NA,HEALTH CARE SERVICE,0.040000,0.036000,0.026000,0.026000,0.026000,0.034000
28,NEW HAMPSHIRE,UNKNOWN,NA,HEAVY FABRICATION AND ASSEMBLY,0.354000,0.320000,0.234000,0.212000,0.212000,0.288000
28,NEW HAMPSHIRE,UNKNOWN,NA,HIGHWAY,0.340000,0.304000,0.220000,0.202000,0.202000,0.270000
28,NEW HAMPSHIRE,UNKNOWN,NA,LIGHT FABRICATION AND ASSEMBLY,0.262667,0.236667,0.171333,0.158000,0.158000,0.210000
28,NEW HAMPSHIRE,UNKNOWN,NA,PERMANENT DWELLING (MULTI FAMILY HOUSING),0.291286,0.260000,0.188714,0.174143,0.174143,0.232714
28,NEW HAMPSHIRE,UNKNOWN,NA,PERMANENT DWELLING (SINGLE FAMILY HOUSING),0.110000,0.098000,0.070000,0.064000,0.064000,0.090000
28,NEW HAMPSHIRE,UNKNOWN,NA,PERSONAL AND REPAIR SERVICES,0.217111,0.194889,0.140889,0.130222,0.130222,0.173778
28,NEW HAMPSHIRE,UNKNOWN,NA,PETROLEUM,0.221000,0.201000,0.142000,0.134000,0.134000,0.179000
28,NEW HAMPSHIRE,UNKNOWN,NA,"PROFESSIONAL, TECHNICAL AND BUSINESS SERVICES",0.132000,0.118000,0.084000,0.082000,0.082000,0.108000
28,NEW HAMPSHIRE,UNKNOWN,NA,RELIGION AND NONPROFIT,0.130400,0.115600,0.082400,0.076400,0.076400,0.101600
28,NEW HAMPSHIRE,UNKNOWN,NA,RESTAURANTS,0.225000,0.203000,0.147000,0.135000,0.135000,0.180000
28,NEW HAMPSHIRE,UNKNOWN,NA,RETAIL TRADE,0.181474,0.163263,0.117895,0.109579,0.109579,0.145053
28,NEW HAMPSHIRE,UNKNOWN,NA,SANITARY SEWER,0.728000,0.660000,0.476000,0.438000,0.438000,0.588000
28,NEW HAMPSHIRE,UNKNOWN,NA,TEMPORARY LODGING,0.112500,0.102000,0.073500,0.068000,0.068000,0.090500
28,NEW HAMPSHIRE,UNKNOWN,NA,WHOLESALE TRADE,0.295200,0.264400,0.192400,0.176800,0.176800,0.235200
29,NEW JERSEY,UNKNOWN,NA,AGRICULTURE,0.113667,0.102667,0.072333,0.069000,0.069000,0.091667
29,NEW JERSEY,UNKNOWN,NA,AIR,0.099333,0.089333,0.066667,0.060333,0.060333,0.082000
29,NEW JERSEY,UNKNOWN,NA,CASINOS,0.400667,0.360000,0.260333,0.239833,0.239833,0.320833
29,NEW JERSEY,UNKNOWN,NA,CONSTRUCTION,0.159667,0.142667,0.102667,0.095333,0.095333,0.125667
29,NEW JERSEY,UNKNOWN,NA,EDUCATION,0.077333,0.070000,0.050667,0.048333,0.048333,0.063000
29,NEW JERSEY,UNKNOWN,NA,EMERGENCY RESPONSE SERVICES,0.061333,0.055667,0.039667,0.036333,0.036333,0.048333
29,NEW JERSEY,UNKNOWN,NA,ENTERTAINMENT AND RECREATION,0.254939,0.228758,0.165818,0.152545,0.152545,0.203970
29,NEW JERSEY,UNKNOWN,NA,FOOD AND DRUGS PROCESSING,0.295667,0.265556,0.192556,0.176889,0.176889,0.237556
29,NEW JERSEY,UNKNOWN,NA,GASOLINE SERVICE STATIONS,0.188667,0.170333,0.122000,0.114667,0.114667,0.151000
29,NEW JERSEY,UNKNOWN,NA,GENERAL SERVICES,0.062333,0.056167,0.040500,0.036167,0.036167,0.049500
29,NEW JERSEY,UNKNOWN,NA,GROUP INSTITUTIONAL HOUSING,0.111800,0.100733,0.072533,0.066400,0.066400,0.089467
29,NEW JERSEY,UNKNOWN,NA,HEALTH CARE SERVICE,0.046000,0.039667,0.029000,0.027667,0.027667,0.035000
29,NEW JERSEY,UNKNOWN,NA,HEAVY FABRICATION AND ASSEMBLY,0.321333,0.287667,0.209000,0.192333,0.192333,0.257667
29,NEW JERSEY,UNKNOWN,NA,HIGHWAY,0.305667,0.276667,0.198000,0.182333,0.182333,0.245333
29,NEW JERSEY,UNKNOWN,NA,LIGHT FABRICATION AND ASSEMBLY,0.558333,0.504889,0.364889,0.338778,0.338778,0.449667
29,NEW JERSEY,UNKNOWN,NA,PERMANENT DWELLING (MULTI FAMILY HOUSING),0.227905,0.205857,0.147905,0.137000,0.137000,0.182619
29,NEW JERSEY,UNKNOWN,NA,PERMANENT DWELLING (SINGLE FAMILY HOUSING),0.076333,0.069000,0.049333,0.047000,0.047000,0.060333
29,NEW JERSEY,UNKNOWN,NA,PERSONAL AND REPAIR SERVICES,0.179148,0.161185,0.116852,0.107704,0.107704,0.144111
29,NEW JERSEY,UNKNOWN,NA,PETROLEUM,0.200000,0.180500,0.130500,0.120167,0.120167,0.162500
29,NEW JERSEY,UNKNOWN,NA,"PROFESSIONAL, TECHNICAL AND BUSINESS SERVICES",0.125667,0.111333,0.082000,0.075000,0.075000,0.100333
29,NEW JERSEY,UNKNOWN,NA,RELIGION AND NONPROFIT,0.100800,0.091333,0.065467,0.060200,0.060200,0.079933
29,NEW JERSEY,UNKNOWN,NA,RESTAURANTS,0.255000,0.229500,0.166167,0.153500,0.153500,0.204833
29,NEW JERSEY,UNKNOWN,NA,RETAIL TRADE,0.145386,0.130754,0.094649,0.087351,0.087351,0.116544
29,NEW JERSEY,UNKNOWN,NA,SANITARY SEWER,0.659667,0.595667,0.429000,0.396333,0.396333,0.529000
29,NEW JERSEY,UNKNOWN,NA,TEMPORARY LODGING,0.125083,0.112333,0.081333,0.074833,0.074833,0.099250
29,NEW JERSEY,UNKNOWN,NA,WHOLESALE TRADE,0.265800,0.239000,0.173333,0.158800,0.158800,0.212733
30,NEW MEXICO,UNKNOWN,NA,AGRICULTURE,0.084500,0.077000,0.055000,0.050500,0.050500,0.067500
30,NEW MEXICO,UNKNOWN,NA,AIR,0.054000,0.049500,0.036000,0.034000,0.034000,0.043000
30,NEW MEXICO,UNKNOWN,NA,CASINOS,0.166250,0.149250,0.107750,0.100000,0.100000,0.132750
30,NEW MEXICO,UNKNOWN,NA,CONSTRUCTION,0.082000,0.074000,0.053500,0.048500,0.048500,0.064500
30,NEW MEXICO,UNKNOWN,NA,EDUCATION,0.131000,0.118000,0.085500,0.080000,0.080000,0.103500
30,NEW MEXICO,UNKNOWN,NA,EMERGENCY RESPONSE SERVICES,0.060000,0.053500,0.039000,0.035000,0.035000,0.046500
30,NEW MEXICO,UNKNOWN,NA,ENTERTAINMENT AND RECREATION,0.106000,0.095045,0.068864,0.063455,0.063455,0.084682
30,NEW MEXICO,UNKNOWN,NA,FOOD AND DRUGS PROCESSING,0.514167,0.463000,0.334500,0.308167,0.308167,0.411667
30,NEW MEXICO,UNKNOWN,NA,GASOLINE SERVICE STATIONS,0.102500,0.092000,0.066500,0.062000,0.062000,0.082000
30,NEW MEXICO,UNKNOWN,NA,GENERAL SERVICES,0.059000,0.053750,0.038000,0.035000,0.035000,0.048000
30,NEW MEXICO,UNKNOWN,NA,GROUP INSTITUTIONAL HOUSING,0.053100,0.049000,0.033900,0.031500,0.031500,0.043200
30,NEW MEXICO,UNKNOWN,NA,HEALTH CARE SERVICE,0.057000,0.050500,0.036000,0.035000,0.035000,0.045500
30,NEW MEXICO,UNKNOWN,NA,HEAVY FABRICATION AND ASSEMBLY,0.170000,0.152000,0.110500,0.102000,0.102000,0.135000
30,NEW MEXICO,UNKNOWN,NA,HIGHWAY,0.161500,0.145500,0.103500,0.097000,0.097000,0.129500
30,NEW MEXICO,UNKNOWN,NA,LIGHT FABRICATION AND ASSEMBLY,0.832500,0.750333,0.540667,0.501167,0.501167,0.668833
30,NEW MEXICO,UNKNOWN,NA,PERMANENT DWELLING (MULTI FAMILY HOUSING),0.080929,0.072679,0.052893,0.048679,0.048679,0.064893
30,NEW MEXICO,UNKNOWN,NA,PERMANENT DWELLING (SINGLE FAMILY HOUSING),0.029500,0.026500,0.020000,0.019000,0.019000,0.024500
30,NEW MEXICO,UNKNOWN,NA,PERSONAL AND REPAIR SERVICES,0.163611,0.147333,0.106167,0.097778,0.097778,0.130778
30,NEW MEXICO,UNKNOWN,NA,PETROLEUM,0.105500,0.094750,0.068500,0.063250,0.063250,0.084250
30,NEW MEXICO,UNKNOWN,NA,"PROFESSIONAL, TECHNICAL AND BUSINESS SERVICES",0.108500,0.098000,0.070500,0.066500,0.066500,0.088500
30,NEW MEXICO,UNKNOWN,NA,RELIGION AND NONPROFIT,0.057600,0.051100,0.036900,0.033200,0.033200,0.045800
30,NEW MEXICO,UNKNOWN,NA,RESTAURANTS,0.133250,0.120250,0.086500,0.080250,0.080250,0.106500
30,NEW MEXICO,UNKNOWN,NA,RETAIL TRADE,0.103632,0.093474,0.067816,0.062184,0.062184,0.082789
30,NEW MEXICO,UNKNOWN,NA,SANITARY SEWER,0.347000,0.313000,0.225500,0.209000,0.209000,0.279500
30,NEW MEXICO,UNKNOWN,NA,TEMPORARY LODGING,0.096500,0.086250,0.062750,0.057750,0.057750,0.077250
30,NEW MEXICO,UNKNOWN,NA,WHOLESALE TRADE,0.139800,0.125000,0.090800,0.083500,0.083500,0.111800
31,NEW YORK,UNKNOWN,NA,AGRICULTURE,0.178000,0.162000,0.116000,0.107000,0.107000,0.142000
31,NEW YORK,UNKNOWN,NA,AIR,0.134000,0.119500,0.086500,0.080000,0.080000,0.106000
31,NEW YORK,UNKNOWN,NA,CASINOS,0.493500,0.443500,0.321500,0.295750,0.295750,0.396750
31,NEW YORK,UNKNOWN,NA,CONSTRUCTION,0.078500,0.072500,0.052500,0.049500,0.049500,0.064000
31,NEW YORK,UNKNOWN,NA,EDUCATION,0.089500,0.080000,0.058000,0.052000,0.052000,0.072000
31,NEW YORK,UNKNOWN,NA,EMERGENCY RESPONSE SERVICES,0.087500,0.079000,0.058500,0.055000,0.055000,0.072000
31,NEW YORK,UNKNOWN,NA,ENTERTAINMENT AND RECREATION,0.313955,0.282318,0.204364,0.188500,0.188500,0.251273
31,NEW YORK,UNKNOWN,NA,FOOD AND DRUGS PROCESSING,0.492500,0.443333,0.320500,0.294667,0.294667,0.394667
31,NEW YORK,UNKNOWN,NA,GASOLINE SERVICE STATIONS,0.249500,0.223000,0.161000,0.150000,0.150000,0.199500
31,NEW YORK,UNKNOWN,NA,GENERAL SERVICES,0.088500,0.079750,0.058000,0.054500,0.054500,0.070500
31,NEW YORK,UNKNOWN,NA,GROUP INSTITUTIONAL HOUSING,0.164900,0.148100,0.107400,0.099000,0.099000,0.131100
31,NEW YORK,UNKNOWN,NA,HEALTH CARE SERVICE,0.065000,0.056000,0.041000,0.038500,0.038500,0.052000
31,NEW YORK,UNKNOWN,NA,HEAVY FABRICATION AND ASSEMBLY,0.377000,0.338000,0.247500,0.225500,0.225500,0.303500
31,NEW YORK,UNKNOWN,NA,HIGHWAY,0.359500,0.323000,0.233000,0.216500,0.216500,0.285000
31,NEW YORK,UNKNOWN,NA,LIGHT FABRICATION AND ASSEMBLY,0.780000,0.703167,0.508167,0.470167,0.470167,0.628000
31,NEW YORK,UNKNOWN,NA,PERMANENT DWELLING (MULTI FAMILY HOUSING),0.182500,0.163750,0.118357,0.109000,0.109000,0.146393
31,NEW YORK,UNKNOWN,NA,PERMANENT DWELLING (SINGLE FAMILY HOUSING),0.119500,0.107500,0.078500,0.073000,0.073000,0.095500
31,NEW YORK,UNKNOWN,NA,PERSONAL AND REPAIR SERVICES,0.225556,0.203611,0.147167,0.136056,0.136056,0.181278
31,NEW YORK,UNKNOWN,NA,PETROLEUM,0.234250,0.211000,0.153250,0.141000,0.141000,0.188250
31,NEW YORK,UNKNOWN,NA,"PROFESSIONAL, TECHNICAL AND BUSINESS SERVICES",0.111000,0.099000,0.072000,0.067000,0.067000,0.087500
31,NEW YORK,UNKNOWN,NA,RELIGION AND NONPROFIT,0.137200,0.124000,0.088800,0.082400,0.082400,0.110100
31,NEW YORK,UNKNOWN,NA,RESTAURANTS,0.373500,0.335500,0.242000,0.225500,0.225500,0.299000
31,NEW YORK,UNKNOWN,NA,RETAIL TRADE,0.225421,0.203026,0.146579,0.135579,0.135579,0.180263
31,NEW YORK,UNKNOWN,NA,SANITARY SEWER,0.775500,0.696000,0.503500,0.465500,0.465500,0.621000
31,NEW YORK,UNKNOWN,NA,TEMPORARY LODGING,0.328250,0.295375,0.213375,0.197375,0.197375,0.262250
31,NEW YORK,UNKNOWN,NA,WHOLESALE TRADE,0.310500,0.279700,0.202700,0.187900,0.187900,0.248500
32,NORTH CAROLINA,UNKNOWN,NA,AGRICULTURE,0.108000,0.098250,0.071250,0.063000,0.063000,0.087000
32,NORTH CAROLINA,UNKNOWN,NA,AIR,0.064500,0.058500,0.040500,0.039000,0.039000,0.050250
32,NORTH CAROLINA,UNKNOWN,NA,CASINOS,0.288750,0.258750,0.189000,0.171375,0.171375,0.233625
32,NORTH CAROLINA,UNKNOWN,NA,CONSTRUCTION,0.064500,0.058500,0.043500,0.039000,0.039000,0.051750
32,NORTH CAROLINA,UNKNOWN,NA,EDUCATION,0.075750,0.069750,0.047250,0.045000,0.045000,0.063000
32,NORTH CAROLINA,UNKNOWN,NA,EMERGENCY RESPONSE SERVICES,0.060000,0.056250,0.040500,0.035250,0.035250,0.050250
32,NORTH CAROLINA,UNKNOWN,NA,ENTERTAINMENT AND RECREATION,0.183750,0.164864,0.119727,0.111341,0.111341,0.146932
32,NORTH CAROLINA,UNKNOWN,NA,FOOD AND DRUGS PROCESSING,0.223500,0.203000,0.144500,0.134250,0.134250,0.181000
32,NORTH CAROLINA,UNKNOWN,NA,GASOLINE SERVICE STATIONS,0.120000,0.108000,0.079500,0.071250,0.071250,0.096750
32,NORTH CAROLINA,UNKNOWN,NA,GENERAL SERVICES,0.060750,0.055875,0.039750,0.037125,0.037125,0.048375
32,NORTH CAROLINA,UNKNOWN,NA,GROUP INSTITUTIONAL HOUSING,0.111150,0.098250,0.071400,0.067500,0.067500,0.089700
32,NORTH CAROLINA,UNKNOWN,NA,HEALTH CARE SERVICE,0.090750,0.079500,0.056250,0.053250,0.053250,0.074250
32,NORTH CAROLINA,UNKNOWN,NA,HEAVY FABRICATION AND ASSEMBLY,0.289500,0.260250,0.190500,0.173250,0.173250,0.232500
32,NORTH CAROLINA,UNKNOWN,NA,HIGHWAY,0.274500,0.247500,0.179250,0.166500,0.166500,0.219750
32,NORTH CAROLINA,UNKNOWN,NA,LIGHT FABRICATION AND ASSEMBLY,0.379500,0.344250,0.248500,0.230750,0.230750,0.306250
32,NORTH CAROLINA,UNKNOWN,NA,PERMANENT DWELLING (MULTI FAMILY HOUSING),0.226339,0.204696,0.147696,0.135750,0.135750,0.181071
32,NORTH CAROLINA,UNKNOWN,NA,PERMANENT DWELLING (SINGLE FAMILY HOUSING),0.075750,0.066000,0.047250,0.043500,0.043500,0.057000
32,NORTH CAROLINA,UNKNOWN,NA,PERSONAL AND REPAIR SERVICES,0.170750,0.153000,0.111500,0.101833,0.101833,0.136667
32,NORTH CAROLINA,UNKNOWN,NA,PETROLEUM,0.180375,0.163125,0.116250,0.109125,0.109125,0.145500
32,NORTH CAROLINA,UNKNOWN,NA,"PROFESSIONAL, TECHNICAL AND BUSINESS SERVICES",0.090750,0.082500,0.058500,0.054750,0.054750,0.069750
32,NORTH CAROLINA,UNKNOWN,NA,RELIGION AND NONPROFIT,0.089100,0.081450,0.060300,0.054450,0.054450,0.072450
32,NORTH CAROLINA,UNKNOWN,NA,RESTAURANTS,0.194250,0.175500,0.127125,0.116625,0.116625,0.156000
32,NORTH CAROLINA,UNKNOWN,NA,RETAIL TRADE,0.133737,0.120671,0.087474,0.079974,0.079974,0.107368
32,NORTH CAROLINA,UNKNOWN,NA,SANITARY SEWER,0.595500,0.535500,0.384750,0.357000,0.357000,0.477000
32,NORTH CAROLINA,UNKNOWN,NA,TEMPORARY LODGING,0.234750,0.211875,0.152438,0.141938,0.141938,0.188813
32,NORTH CAROLINA,UNKNOWN,NA,WHOLESALE TRADE,0.240450,0.215400,0.156300,0.142650,0.142650,0.190200
33,NORTH DAKOTA,UNKNOWN,NA,AGRICULTURE,0.240000,0.216000,0.156000,0.146000,0.146000,0.194000
33,NORTH DAKOTA,UNKNOWN,NA,AIR,0.156000,0.140000,0.102000,0.094000,0.094000,0.126000
33,NORTH DAKOTA,UNKNOWN,NA,CASINOS,0.234000,0.210000,0.152000,0.140000,0.140000,0.187000
33,NORTH DAKOTA,UNKNOWN,NA,CONSTRUCTION,0.312000,0.280000,0.204000,0.188000,0.188000,0.250000
33,NORTH DAKOTA,UNKNOWN,NA,EDUCATION,0.156000,0.140000,0.100000,0.094000,0.094000,0.124000
33,NORTH DAKOTA,UNKNOWN,NA,EMERGENCY RESPONSE SERVICES,0.108000,0.098000,0.070000,0.066000,0.066000,0.088000
33,NORTH DAKOTA,UNKNOWN,NA,ENTERTAINMENT AND RECREATION,0.149091,0.134182,0.097273,0.089091,0.089091,0.118545
33,NORTH DAKOTA,UNKNOWN,NA,FOOD AND DRUGS PROCESSING,0.368000,0.333333,0.240667,0.220667,0.220667,0.296667
33,NORTH DAKOTA,UNKNOWN,NA,GASOLINE SERVICE STATIONS,0.294000,0.264000,0.190000,0.176000,0.176000,0.236000
33,NORTH DAKOTA,UNKNOWN,NA,GENERAL SERVICES,0.110000,0.100000,0.070000,0.066000,0.066000,0.087000
33,NORTH DAKOTA,UNKNOWN,NA,GROUP INSTITUTIONAL HOUSING,0.136800,0.122000,0.087200,0.082000,0.082000,0.108000
33,NORTH DAKOTA,UNKNOWN,NA,HEALTH CARE SERVICE,0.086000,0.078000,0.056000,0.054000,0.054000,0.070000
33,NORTH DAKOTA,UNKNOWN,NA,HEAVY FABRICATION AND ASSEMBLY,0.290000,0.262000,0.192000,0.174000,0.174000,0.232000
33,NORTH DAKOTA,UNKNOWN,NA,HIGHWAY,0.274000,0.248000,0.180000,0.164000,0.164000,0.220000
33,NORTH DAKOTA,UNKNOWN,NA,LIGHT FABRICATION AND ASSEMBLY,0.476000,0.429333,0.309333,0.287333,0.287333,0.382000
33,NORTH DAKOTA,UNKNOWN,NA,PERMANENT DWELLING (MULTI FAMILY HOUSING),0.310143,0.278429,0.202143,0.185286,0.185286,0.246857
33,NORTH DAKOTA,UNKNOWN,NA,PERMANENT DWELLING (SINGLE FAMILY HOUSING),0.104000,0.092000,0.068000,0.064000,0.064000,0.084000
33,NORTH DAKOTA,UNKNOWN,NA,PERSONAL AND REPAIR SERVICES,0.336222,0.302889,0.218667,0.201333,0.201333,0.269778
33,NORTH DAKOTA,UNKNOWN,NA,PETROLEUM,0.180000,0.163000,0.116000,0.110000,0.110000,0.144000
33,NORTH DAKOTA,UNKNOWN,NA,"PROFESSIONAL, TECHNICAL AND BUSINESS SERVICES",0.136000,0.124000,0.090000,0.084000,0.084000,0.110000
33,NORTH DAKOTA,UNKNOWN,NA,RELIGION AND NONPROFIT,0.129600,0.118400,0.084800,0.078400,0.078400,0.104400
33,NORTH DAKOTA,UNKNOWN,NA,RESTAURANTS,0.530000,0.477000,0.345000,0.319000,0.319000,0.425000
33,NORTH DAKOTA,UNKNOWN,NA,RETAIL TRADE,0.306316,0.275789,0.199368,0.184526,0.184526,0.246105
33,NORTH DAKOTA,UNKNOWN,NA,SANITARY SEWER,0.596000,0.536000,0.388000,0.356000,0.356000,0.478000
33,NORTH DAKOTA,UNKNOWN,NA,TEMPORARY LODGING,0.283000,0.254500,0.184000,0.169500,0.169500,0.226500
33,NORTH DAKOTA,UNKNOWN,NA,WHOLESALE TRADE,0.239600,0.215600,0.156800,0.143200,0.143200,0.191600
34,OHIO,UNKNOWN,NA,AGRICULTURE,0.125143,0.111286,0.079714,0.074571,0.074571,0.100000
34,OHIO,UNKNOWN,NA,AIR,0.063286,0.056857,0.041714,0.039143,0.039143,0.050571
34,OHIO,UNKNOWN,NA,CASINOS,0.250643,0.223357,0.161571,0.149429,0.149429,0.200000
34,OHIO,UNKNOWN,NA,CONSTRUCTION,0.062000,0.056857,0.041714,0.036714,0.036714,0.048000
34,OHIO,UNKNOWN,NA,EDUCATION,0.036714,0.033000,0.022857,0.021571,0.021571,0.029286
34,OHIO,UNKNOWN,NA,EMERGENCY RESPONSE SERVICES,0.059429,0.053143,0.039143,0.035286,0.035286,0.046857
34,OHIO,UNKNOWN,NA,ENTERTAINMENT AND RECREATION,0.157922,0.142221,0.102779,0.094571,0.094571,0.125831
34,OHIO,UNKNOWN,NA,FOOD AND DRUGS PROCESSING,0.235429,0.211857,0.152714,0.140952,0.140952,0.188143
34,OHIO,UNKNOWN,NA,GASOLINE SERVICE STATIONS,0.119000,0.108857,0.078429,0.072143,0.072143,0.094857
34,OHIO,UNKNOWN,NA,GENERAL SERVICES,0.059429,0.053071,0.039214,0.034143,0.034143,0.048143
34,OHIO,UNKNOWN,NA,GROUP INSTITUTIONAL HOUSING,0.126829,0.113914,0.081943,0.077029,0.077029,0.101457
34,OHIO,UNKNOWN,NA,HEALTH CARE SERVICE,0.059429,0.053143,0.037857,0.034000,0.034000,0.046857
34,OHIO,UNKNOWN,NA,HEAVY FABRICATION AND ASSEMBLY,0.186143,0.167143,0.121429,0.110143,0.110143,0.146857
34,OHIO,UNKNOWN,NA,HIGHWAY,0.176143,0.158286,0.112429,0.103714,0.103714,0.140429
34,OHIO,UNKNOWN,NA,LIGHT FABRICATION AND ASSEMBLY,0.192476,0.173429,0.124857,0.115571,0.115571,0.155286
34,OHIO,UNKNOWN,NA,PERMANENT DWELLING (MULTI FAMILY HOUSING),0.131194,0.118633,0.085541,0.079204,0.079204,0.105857
34,OHIO,UNKNOWN,NA,PERMANENT DWELLING (SINGLE FAMILY HOUSING),0.100000,0.089857,0.063286,0.060714,0.060714,0.082286
34,OHIO,UNKNOWN,NA,PERSONAL AND REPAIR SERVICES,0.119111,0.107159,0.077333,0.071413,0.071413,0.094508
34,OHIO,UNKNOWN,NA,PETROLEUM,0.115714,0.103143,0.074643,0.068929,0.068929,0.092929
34,OHIO,UNKNOWN,NA,"PROFESSIONAL, TECHNICAL AND BUSINESS SERVICES",0.092286,0.082286,0.059429,0.054286,0.054286,0.073286
34,OHIO,UNKNOWN,NA,RELIGION AND NONPROFIT,0.112943,0.101657,0.073600,0.067914,0.067914,0.090886
34,OHIO,UNKNOWN,NA,RESTAURANTS,0.317786,0.286071,0.205000,0.191786,0.191786,0.254571
34,OHIO,UNKNOWN,NA,RETAIL TRADE,0.162759,0.146459,0.105361,0.097444,0.097444,0.130398
34,OHIO,UNKNOWN,NA,SANITARY SEWER,0.377286,0.341714,0.245714,0.227857,0.227857,0.303857
34,OHIO,UNKNOWN,NA,TEMPORARY LODGING,0.194036,0.174679,0.126250,0.117393,0.117393,0.156036
34,OHIO,UNKNOWN,NA,WHOLESALE TRADE,0.152600,0.136600,0.099200,0.092143,0.092143,0.121257
35,OKLAHOMA,UNKNOWN,NA,AGRICULTURE,0.154667,0.140000,0.100000,0.094667,0.094667,0.122667
35,OKLAHOMA,UNKNOWN,NA,AIR,0.077667,0.069667,0.050667,0.046000,0.046000,0.062667
35,OKLAHOMA,UNKNOWN,NA,CASINOS,0.368500,0.331167,0.240500,0.220500,0.220500,0.295167
35,OKLAHOMA,UNKNOWN,NA,CONSTRUCTION,0.179333,0.161667,0.116667,0.107667,0.107667,0.144333
35,OKLAHOMA,UNKNOWN,NA,EDUCATION,0.107000,0.095667,0.068667,0.064333,0.064333,0.085333
35,OKLAHOMA,UNKNOWN,NA,EMERGENCY RESPONSE SERVICES,0.097333,0.088667,0.064333,0.059000,0.059000,0.079000
35,OKLAHOMA,UNKNOWN,NA,ENTERTAINMENT AND RECREATION,0.234424,0.211000,0.152697,0.141091,0.141091,0.187697
35,OKLAHOMA,UNKNOWN,NA,FOOD AND DRUGS PROCESSING,0.466000,0.419889,0.303444,0.279111,0.279111,0.373889
35,OKLAHOMA,UNKNOWN,NA,GASOLINE SERVICE STATIONS,0.144333,0.131333,0.092333,0.087667,0.087667,0.115667
35,OKLAHOMA,UNKNOWN,NA,GENERAL SERVICES,0.098667,0.088833,0.063833,0.059667,0.059667,0.079167
35,OKLAHOMA,UNKNOWN,NA,GROUP INSTITUTIONAL HOUSING,0.157933,0.142400,0.102600,0.095333,0.095333,0.127000
35,OKLAHOMA,UNKNOWN,NA,HEALTH CARE SERVICE,0.126333,0.112333,0.080667,0.076667,0.076667,0.101667
35,OKLAHOMA,UNKNOWN,NA,HEAVY FABRICATION AND ASSEMBLY,0.229000,0.205333,0.149667,0.135667,0.135667,0.183333
35,OKLAHOMA,UNKNOWN,NA,HIGHWAY,0.217333,0.195667,0.141667,0.131333,0.131333,0.174667
35,OKLAHOMA,UNKNOWN,NA,LIGHT FABRICATION AND ASSEMBLY,0.910000,0.820889,0.592222,0.549111,0.549111,0.731556
35,OKLAHOMA,UNKNOWN,NA,PERMANENT DWELLING (MULTI FAMILY HOUSING),0.357881,0.321833,0.232476,0.215214,0.215214,0.286667
35,OKLAHOMA,UNKNOWN,NA,PERMANENT DWELLING (SINGLE FAMILY HOUSING),0.108667,0.098333,0.071333,0.066000,0.066000,0.087667
35,OKLAHOMA,UNKNOWN,NA,PERSONAL AND REPAIR SERVICES,0.229370,0.206519,0.149111,0.137593,0.137593,0.183778
35,OKLAHOMA,UNKNOWN,NA,PETROLEUM,0.142333,0.129333,0.092167,0.086167,0.086167,0.113500
35,OKLAHOMA,UNKNOWN,NA,"PROFESSIONAL, TECHNICAL AND BUSINESS SERVICES",0.092333,0.082667,0.060000,0.054667,0.054667,0.074000
35,OKLAHOMA,UNKNOWN,NA,RELIGION AND NONPROFIT,0.129333,0.116067,0.085067,0.078133,0.078133,0.103733
35,OKLAHOMA,UNKNOWN,NA,RESTAURANTS,0.257833,0.232167,0.167833,0.156000,0.156000,0.206667
35,OKLAHOMA,UNKNOWN,NA,RETAIL TRADE,0.189632,0.170649,0.123193,0.114298,0.114298,0.151193
35,OKLAHOMA,UNKNOWN,NA,SANITARY SEWER,0.470333,0.422667,0.304667,0.281000,0.281000,0.376667
35,OKLAHOMA,UNKNOWN,NA,TEMPORARY LODGING,0.234083,0.211167,0.152417,0.140750,0.140750,0.187583
35,OKLAHOMA,UNKNOWN,NA,WHOLESALE TRADE,0.189067,0.169667,0.122400,0.113067,0.113067,0.150600
36,OREGON,UNKNOWN,NA,AGRICULTURE,0.091000,0.080000,0.056000,0.053000,0.053000,0.071500
36,OREGON,UNKNOWN,NA,AIR,0.024500,0.022500,0.016000,0.014500,0.014500,0.019000
36,OREGON,UNKNOWN,NA,CASINOS,0.147250,0.133750,0.095500,0.087750,0.087750,0.118500
36,OREGON,UNKNOWN,NA,CONSTRUCTION,0.023000,0.021000,0.017000,0.014000,0.014000,0.019000
36,OREGON,UNKNOWN,NA,EDUCATION,0.042500,0.037500,0.027000,0.025500,0.025500,0.034500
36,OREGON,UNKNOWN,NA,EMERGENCY RESPONSE SERVICES,0.014000,0.014000,0.010000,0.009000,0.009000,0.012500
36,OREGON,UNKNOWN,NA,ENTERTAINMENT AND RECREATION,0.094227,0.084682,0.060682,0.055591,0.055591,0.075545
36,OREGON,UNKNOWN,NA,FOOD AND DRUGS PROCESSING,0.126667,0.114333,0.082333,0.076833,0.076833,0.101833
36,OREGON,UNKNOWN,NA,GASOLINE SERVICE STATIONS,0.047000,0.041000,0.030000,0.028500,0.028500,0.037000
36,OREGON,UNKNOWN,NA,GENERAL SERVICES,0.014250,0.014000,0.010000,0.009000,0.009000,0.012000
36,OREGON,UNKNOWN,NA,GROUP INSTITUTIONAL HOUSING,0.051600,0.046700,0.033900,0.030800,0.030800,0.042200
36,OREGON,UNKNOWN,NA,HEALTH CARE SERVICE,0.017500,0.016000,0.011500,0.011000,0.011000,0.014500
36,OREGON,UNKNOWN,NA,HEAVY FABRICATION AND ASSEMBLY,0.086000,0.077500,0.057500,0.051500,0.051500,0.069500
36,OREGON,UNKNOWN,NA,HIGHWAY,0.081500,0.074500,0.054000,0.049000,0.049000,0.066000
36,OREGON,UNKNOWN,NA,LIGHT FABRICATION AND ASSEMBLY,0.094500,0.085667,0.061667,0.056833,0.056833,0.075667
36,OREGON,UNKNOWN,NA,PERMANENT DWELLING (MULTI FAMILY HOUSING),0.080786,0.073179,0.053000,0.048964,0.048964,0.064607
36,OREGON,UNKNOWN,NA,PERMANENT DWELLING (SINGLE FAMILY HOUSING),0.039000,0.037500,0.026000,0.024000,0.024000,0.033000
36,OREGON,UNKNOWN,NA,PERSONAL AND REPAIR SERVICES,0.071722,0.065222,0.046667,0.043222,0.043222,0.058111
36,OREGON,UNKNOWN,NA,PETROLEUM,0.054250,0.048500,0.035000,0.032750,0.032750,0.043500
36,OREGON,UNKNOWN,NA,"PROFESSIONAL, TECHNICAL AND BUSINESS SERVICES",0.046000,0.041500,0.031000,0.027500,0.027500,0.037000
36,OREGON,UNKNOWN,NA,RELIGION AND NONPROFIT,0.050900,0.045500,0.032300,0.031200,0.031200,0.041300
36,OREGON,UNKNOWN,NA,RESTAURANTS,0.096500,0.087000,0.062750,0.058000,0.058000,0.077250
36,OREGON,UNKNOWN,NA,RETAIL TRADE,0.104868,0.094158,0.067474,0.062132,0.062132,0.083816
36,OREGON,UNKNOWN,NA,SANITARY SEWER,0.178000,0.160000,0.114000,0.106000,0.106000,0.143000
36,OREGON,UNKNOWN,NA,TEMPORARY LODGING,0.071250,0.063875,0.046250,0.042375,0.042375,0.057125
36,OREGON,UNKNOWN,NA,WHOLESALE TRADE,0.071800,0.064500,0.046600,0.043000,0.043000,0.057100
37,PENNSYLVANIA,UNKNOWN,NA,AGRICULTURE,0.105667,0.095333,0.069500,0.064667,0.064667,0.087000
37,PENNSYLVANIA,UNKNOWN,NA,AIR,0.044667,0.040167,0.028333,0.028333,0.028333,0.035000
37,PENNSYLVANIA,UNKNOWN,NA,CASINOS,0.173250,0.156250,0.114583,0.104500,0.104500,0.138750
37,PENNSYLVANIA,UNKNOWN,NA,CONSTRUCTION,0.068167,0.058833,0.042333,0.037667,0.037667,0.052833
37,PENNSYLVANIA,UNKNOWN,NA,EDUCATION,0.048333,0.041167,0.030500,0.028333,0.028333,0.036667
37,PENNSYLVANIA,UNKNOWN,NA,EMERGENCY RESPONSE SERVICES,0.066833,0.059833,0.043333,0.041167,0.041167,0.052833
37,PENNSYLVANIA,UNKNOWN,NA,ENTERTAINMENT AND RECREATION,0.110621,0.098773,0.071485,0.066970,0.066970,0.087697
37,PENNSYLVANIA,UNKNOWN,NA,FOOD AND DRUGS PROCESSING,0.249500,0.225278,0.161833,0.148444,0.148444,0.199556
37,PENNSYLVANIA,UNKNOWN,NA,GASOLINE SERVICE STATIONS,0.083500,0.075333,0.056500,0.051833,0.051833,0.066833
37,PENNSYLVANIA,UNKNOWN,NA,GENERAL SERVICES,0.067083,0.058083,0.043500,0.040667,0.040667,0.053417
37,PENNSYLVANIA,UNKNOWN,NA,GROUP INSTITUTIONAL HOUSING,0.176000,0.158533,0.113100,0.106067,0.106067,0.141267
37,PENNSYLVANIA,UNKNOWN,NA,HEALTH CARE SERVICE,0.040167,0.035000,0.024667,0.023500,0.023500,0.033000
37,PENNSYLVANIA,UNKNOWN,NA,HEAVY FABRICATION AND ASSEMBLY,0.155167,0.139833,0.102333,0.094000,0.094000,0.124667
37,PENNSYLVANIA,UNKNOWN,NA,HIGHWAY,0.149333,0.136333,0.097333,0.089500,0.089500,0.120167
37,PENNSYLVANIA,UNKNOWN,NA,LIGHT FABRICATION AND ASSEMBLY,0.251222,0.226167,0.163444,0.152056,0.152056,0.202222
37,PENNSYLVANIA,UNKNOWN,NA,PERMANENT DWELLING (MULTI FAMILY HOUSING),0.323917,0.292381,0.210881,0.195000,0.195000,0.259833
37,PENNSYLVANIA,UNKNOWN,NA,PERMANENT DWELLING (SINGLE FAMILY HOUSING),0.159667,0.142167,0.104667,0.100000,0.100000,0.125833
37,PENNSYLVANIA,UNKNOWN,NA,PERSONAL AND REPAIR SERVICES,0.120556,0.107944,0.078111,0.071944,0.071944,0.096537
37,PENNSYLVANIA,UNKNOWN,NA,PETROLEUM,0.097000,0.087583,0.062917,0.058833,0.058833,0.079333
37,PENNSYLVANIA,UNKNOWN,NA,"PROFESSIONAL, TECHNICAL AND BUSINESS SERVICES",0.110667,0.101167,0.071667,0.065833,0.065833,0.088000
37,PENNSYLVANIA,UNKNOWN,NA,RELIGION AND NONPROFIT,0.163767,0.147900,0.107433,0.098667,0.098667,0.130500
37,PENNSYLVANIA,UNKNOWN,NA,RESTAURANTS,0.172167,0.154583,0.111667,0.104000,0.104000,0.138167
37,PENNSYLVANIA,UNKNOWN,NA,RETAIL TRADE,0.129404,0.116439,0.084667,0.078044,0.078044,0.104351
37,PENNSYLVANIA,UNKNOWN,NA,SANITARY SEWER,0.322333,0.288000,0.209167,0.192833,0.192833,0.256500
37,PENNSYLVANIA,UNKNOWN,NA,TEMPORARY LODGING,0.244000,0.218958,0.158667,0.146333,0.146333,0.194792
37,PENNSYLVANIA,UNKNOWN,NA,WHOLESALE TRADE,0.129633,0.116500,0.084233,0.077600,0.077600,0.103000
38,RHODE ISLAND,UNKNOWN,NA,AGRICULTURE,0.220000,0.196000,0.142000,0.132000,0.132000,0.176000
38,RHODE ISLAND,UNKNOWN,NA,AIR,0.108000,0.096000,0.070000,0.068000,0.068000,0.086000
38,RHODE ISLAND,UNKNOWN,NA,CASINOS,0.372000,0.334000,0.242000,0.223000,0.223000,0.298000
38,RHODE ISLAND,UNKNOWN,NA,CONSTRUCTION,0.120000,0.112000,0.080000,0.072000,0.072000,0.100000
38,RHODE ISLAND,UNKNOWN,NA,EDUCATION,0.078000,0.068000,0.048000,0.046000,0.046000,0.064000
38,RHODE ISLAND,UNKNOWN,NA,EMERGENCY RESPONSE SERVICES,0.146000,0.132000,0.094000,0.088000,0.088000,0.116000
38,RHODE ISLAND,UNKNOWN,NA,ENTERTAINMENT AND RECREATION,0.236364,0.212000,0.153455,0.141273,0.141273,0.189091
38,RHODE ISLAND,UNKNOWN,NA,FOOD AND DRUGS PROCESSING,0.227333,0.204667,0.148000,0.136000,0.136000,0.182000
38,RHODE ISLAND,UNKNOWN,NA,GASOLINE SERVICE STATIONS,0.202000,0.182000,0.130000,0.122000,0.122000,0.162000
38,RHODE ISLAND,UNKNOWN,NA,GENERAL SERVICES,0.146000,0.133000,0.095000,0.088000,0.088000,0.116000
38,RHODE ISLAND,UNKNOWN,NA,GROUP INSTITUTIONAL HOUSING,0.136000,0.122000,0.086800,0.080400,0.080400,0.109600
38,RHODE ISLAND,UNKNOWN,NA,HEALTH CARE SERVICE,0.076000,0.068000,0.050000,0.046000,0.046000,0.058000
38,RHODE ISLAND,UNKNOWN,NA,HEAVY FABRICATION AND ASSEMBLY,0.676000,0.606000,0.442000,0.406000,0.406000,0.542000
38,RHODE ISLAND,UNKNOWN,NA,HIGHWAY,0.646000,0.580000,0.420000,0.386000,0.386000,0.514000
38,RHODE ISLAND,UNKNOWN,NA,LIGHT FABRICATION AND ASSEMBLY,0.529333,0.477333,0.345333,0.318667,0.318667,0.425333
38,RHODE ISLAND,UNKNOWN,NA,PERMANENT DWELLING (MULTI FAMILY HOUSING),0.294714,0.265571,0.192143,0.176714,0.176714,0.235857
38,RHODE ISLAND,UNKNOWN,NA,PERMANENT DWELLING (SINGLE FAMILY HOUSING),0.098000,0.086000,0.064000,0.058000,0.058000,0.076000
38,RHODE ISLAND,UNKNOWN,NA,PERSONAL AND REPAIR SERVICES,0.518222,0.467556,0.337333,0.311556,0.311556,0.416222
38,RHODE ISLAND,UNKNOWN,NA,PETROLEUM,0.419000,0.380000,0.274000,0.252000,0.252000,0.337000
38,RHODE ISLAND,UNKNOWN,NA,"PROFESSIONAL, TECHNICAL AND BUSINESS SERVICES",0.204000,0.184000,0.130000,0.124000,0.124000,0.164000
38,RHODE ISLAND,UNKNOWN,NA,RELIGION AND NONPROFIT,0.147200,0.132800,0.094800,0.088400,0.088400,0.115600
38,RHODE ISLAND,UNKNOWN,NA,RESTAURANTS,0.335000,0.302000,0.217000,0.201000,0.201000,0.269000
38,RHODE ISLAND,UNKNOWN,NA,RETAIL TRADE,0.266000,0.238842,0.172632,0.159053,0.159053,0.212105
38,RHODE ISLAND,UNKNOWN,NA,SANITARY SEWER,1.390000,1.250000,0.900000,0.832000,0.832000,1.116000
38,RHODE ISLAND,UNKNOWN,NA,TEMPORARY LODGING,0.107500,0.096500,0.070500,0.065000,0.065000,0.086000
38,RHODE ISLAND,UNKNOWN,NA,WHOLESALE TRADE,0.558400,0.503200,0.362800,0.336400,0.336400,0.447200
39,SOUTH CAROLINA,UNKNOWN,NA,AGRICULTURE,0.174000,0.156000,0.112500,0.105000,0.105000,0.139500
39,SOUTH CAROLINA,UNKNOWN,NA,AIR,0.129000,0.115500,0.085500,0.078000,0.078000,0.103500
39,SOUTH CAROLINA,UNKNOWN,NA,CASINOS,0.522000,0.469500,0.339750,0.312750,0.312750,0.418500
39,SOUTH CAROLINA,UNKNOWN,NA,CONSTRUCTION,0.097500,0.088500,0.064500,0.060000,0.060000,0.079500
39,SOUTH CAROLINA,UNKNOWN,NA,EDUCATION,0.171000,0.154500,0.111000,0.103500,0.103500,0.136500
39,SOUTH CAROLINA,UNKNOWN,NA,EMERGENCY RESPONSE SERVICES,0.147000,0.132000,0.094500,0.087000,0.087000,0.117000
39,SOUTH CAROLINA,UNKNOWN,NA,ENTERTAINMENT AND RECREATION,0.332318,0.298636,0.216136,0.199091,0.199091,0.265364
39,SOUTH CAROLINA,UNKNOWN,NA,FOOD AND DRUGS PROCESSING,0.407000,0.367000,0.265500,0.243500,0.243500,0.327000
39,SOUTH CAROLINA,UNKNOWN,NA,GASOLINE SERVICE STATIONS,0.240000,0.217500,0.154500,0.145500,0.145500,0.192000
39,SOUTH CAROLINA,UNKNOWN,NA,GENERAL SERVICES,0.147000,0.132000,0.095250,0.087750,0.087750,0.117750
39,SOUTH CAROLINA,UNKNOWN,NA,GROUP INSTITUTIONAL HOUSING,0.174900,0.157800,0.113400,0.105900,0.105900,0.141000
39,SOUTH CAROLINA,UNKNOWN,NA,HEALTH CARE SERVICE,0.075000,0.066000,0.049500,0.045000,0.045000,0.058500
39,SOUTH CAROLINA,UNKNOWN,NA,HEAVY FABRICATION AND ASSEMBLY,0.286500,0.256500,0.187500,0.169500,0.169500,0.229500
39,SOUTH CAROLINA,UNKNOWN,NA,HIGHWAY,0.271500,0.246000,0.175500,0.162000,0.162000,0.217500
39,SOUTH CAROLINA,UNKNOWN,NA,LIGHT FABRICATION AND ASSEMBLY,0.773000,0.697000,0.503500,0.466000,0.466000,0.621000
39,SOUTH CAROLINA,UNKNOWN,NA,PERMANENT DWELLING (MULTI FAMILY HOUSING),0.361500,0.325821,0.235179,0.216750,0.216750,0.289179
39,SOUTH CAROLINA,UNKNOWN,NA,PERMANENT DWELLING (SINGLE FAMILY HOUSING),0.127500,0.114000,0.082500,0.075000,0.075000,0.100500
39,SOUTH CAROLINA,UNKNOWN,NA,PERSONAL AND REPAIR SERVICES,0.324167,0.291667,0.210333,0.194333,0.194333,0.260000
39,SOUTH CAROLINA,UNKNOWN,NA,PETROLEUM,0.177750,0.160500,0.114000,0.106500,0.106500,0.143250
39,SOUTH CAROLINA,UNKNOWN,NA,"PROFESSIONAL, TECHNICAL AND BUSINESS SERVICES",0.232500,0.208500,0.150000,0.138000,0.138000,0.186000
39,SOUTH CAROLINA,UNKNOWN,NA,RELIGION AND NONPROFIT,0.160200,0.144300,0.103800,0.096600,0.096600,0.128700
39,SOUTH CAROLINA,UNKNOWN,NA,RESTAURANTS,0.267000,0.240750,0.172500,0.160500,0.160500,0.213750
39,SOUTH CAROLINA,UNKNOWN,NA,RETAIL TRADE,0.211184,0.189474,0.137447,0.127263,0.127263,0.168711
39,SOUTH CAROLINA,UNKNOWN,NA,SANITARY SEWER,0.588000,0.528000,0.381000,0.351000,0.351000,0.469500
39,SOUTH CAROLINA,UNKNOWN,NA,TEMPORARY LODGING,0.226125,0.204000,0.147375,0.136125,0.136125,0.181125
39,SOUTH CAROLINA,UNKNOWN,NA,WHOLESALE TRADE,0.235500,0.211500,0.153000,0.141300,0.141300,0.188700
40,SOUTH DAKOTA,UNKNOWN,NA,AGRICULTURE,0.240000,0.220000,0.156000,0.144000,0.144000,0.194000
40,SOUTH DAKOTA,UNKNOWN,NA,AIR,0.148000,0.134000,0.098000,0.090000,0.090000,0.118000
40,SOUTH DAKOTA,UNKNOWN,NA,CASINOS,0.402000,0.360000,0.262000,0.242000,0.242000,0.322000
40,SOUTH DAKOTA,UNKNOWN,NA,CONSTRUCTION,0.304000,0.274000,0.196000,0.184000,0.184000,0.240000
40,SOUTH DAKOTA,UNKNOWN,NA,EDUCATION,0.128000,0.120000,0.084000,0.078000,0.078000,0.106000
40,SOUTH DAKOTA,UNKNOWN,NA,EMERGENCY RESPONSE SERVICES,0.064000,0.058000,0.038000,0.036000,0.036000,0.052000
40,SOUTH DAKOTA,UNKNOWN,NA,ENTERTAINMENT AND RECREATION,0.255455,0.230182,0.167273,0.154000,0.154000,0.205273
40,SOUTH DAKOTA,UNKNOWN,NA,FOOD AND DRUGS PROCESSING,0.954000,0.861333,0.621333,0.570000,0.570000,0.764667
40,SOUTH DAKOTA,UNKNOWN,NA,GASOLINE SERVICE STATIONS,0.274000,0.248000,0.180000,0.166000,0.166000,0.216000
40,SOUTH DAKOTA,UNKNOWN,NA,GENERAL SERVICES,0.065000,0.060000,0.039000,0.037000,0.037000,0.050000
40,SOUTH DAKOTA,UNKNOWN,NA,GROUP INSTITUTIONAL HOUSING,0.126000,0.115200,0.083200,0.076800,0.076800,0.100800
40,SOUTH DAKOTA,UNKNOWN,NA,HEALTH CARE SERVICE,0.070000,0.064000,0.044000,0.042000,0.042000,0.058000
40,SOUTH DAKOTA,UNKNOWN,NA,HEAVY FABRICATION AND ASSEMBLY,0.444000,0.398000,0.290000,0.268000,0.268000,0.354000
40,SOUTH DAKOTA,UNKNOWN,NA,HIGHWAY,0.422000,0.382000,0.278000,0.254000,0.254000,0.336000
40,SOUTH DAKOTA,UNKNOWN,NA,LIGHT FABRICATION AND ASSEMBLY,1.278000,1.152000,0.830667,0.770667,0.770667,1.027333
40,SOUTH DAKOTA,UNKNOWN,NA,PERMANENT DWELLING (MULTI FAMILY HOUSING),0.291857,0.263143,0.190429,0.174571,0.174571,0.233571
40,SOUTH DAKOTA,UNKNOWN,NA,PERMANENT DWELLING (SINGLE FAMILY HOUSING),0.090000,0.078000,0.058000,0.052000,0.052000,0.066000
40,SOUTH DAKOTA,UNKNOWN,NA,PERSONAL AND REPAIR SERVICES,0.388222,0.349778,0.252000,0.233778,0.233778,0.312000
40,SOUTH DAKOTA,UNKNOWN,NA,PETROLEUM,0.277000,0.252000,0.180000,0.167000,0.167000,0.222000
40,SOUTH DAKOTA,UNKNOWN,NA,"PROFESSIONAL, TECHNICAL AND BUSINESS SERVICES",0.118000,0.108000,0.078000,0.070000,0.070000,0.094000
40,SOUTH DAKOTA,UNKNOWN,NA,RELIGION AND NONPROFIT,0.114800,0.102000,0.074400,0.068400,0.068400,0.092000
40,SOUTH DAKOTA,UNKNOWN,NA,RESTAURANTS,0.294000,0.264000,0.191000,0.176000,0.176000,0.234000
40,SOUTH DAKOTA,UNKNOWN,NA,RETAIL TRADE,0.285579,0.257789,0.186000,0.171474,0.171474,0.229158
40,SOUTH DAKOTA,UNKNOWN,NA,SANITARY SEWER,0.910000,0.824000,0.594000,0.548000,0.548000,0.730000
40,SOUTH DAKOTA,UNKNOWN,NA,TEMPORARY LODGING,0.239000,0.213500,0.155000,0.143000,0.143000,0.191500
40,SOUTH DAKOTA,UNKNOWN,NA,WHOLESALE TRADE,0.366400,0.330800,0.237600,0.220000,0.220000,0.293200
41,TENNESSEE,UNKNOWN,NA,AGRICULTURE,0.114333,0.103667,0.073000,0.070333,0.070333,0.091667
41,TENNESSEE,UNKNOWN,NA,AIR,0.083000,0.074333,0.054000,0.049667,0.049667,0.067000
41,TENNESSEE,UNKNOWN,NA,CASINOS,0.276333,0.248000,0.180500,0.166667,0.166667,0.221500
41,TENNESSEE,UNKNOWN,NA,CONSTRUCTION,0.116667,0.103667,0.075333,0.071333,0.071333,0.092667
41,TENNESSEE,UNKNOWN,NA,EDUCATION,0.108667,0.097000,0.070333,0.064667,0.064667,0.086333
41,TENNESSEE,UNKNOWN,NA,EMERGENCY RESPONSE SERVICES,0.071333,0.064667,0.046333,0.044000,0.044000,0.058000
41,TENNESSEE,UNKNOWN,NA,ENTERTAINMENT AND RECREATION,0.175758,0.158545,0.115606,0.106333,0.106333,0.140939
41,TENNESSEE,UNKNOWN,NA,FOOD AND DRUGS PROCESSING,0.350889,0.315111,0.228556,0.209444,0.209444,0.281667
41,TENNESSEE,UNKNOWN,NA,GASOLINE SERVICE STATIONS,0.155000,0.141000,0.101333,0.093667,0.093667,0.124000
41,TENNESSEE,UNKNOWN,NA,GENERAL SERVICES,0.072167,0.065833,0.046333,0.043500,0.043500,0.058333
41,TENNESSEE,UNKNOWN,NA,GROUP INSTITUTIONAL HOUSING,0.143933,0.131000,0.092667,0.085600,0.085600,0.115333
41,TENNESSEE,UNKNOWN,NA,HEALTH CARE SERVICE,0.038000,0.033333,0.022667,0.021667,0.021667,0.028000
41,TENNESSEE,UNKNOWN,NA,HEAVY FABRICATION AND ASSEMBLY,0.225333,0.200667,0.146667,0.136000,0.136000,0.180000
41,TENNESSEE,UNKNOWN,NA,HIGHWAY,0.213667,0.193000,0.139000,0.128333,0.128333,0.172333
41,TENNESSEE,UNKNOWN,NA,LIGHT FABRICATION AND ASSEMBLY,0.604444,0.545444,0.394889,0.364556,0.364556,0.488111
41,TENNESSEE,UNKNOWN,NA,PERMANENT DWELLING (MULTI FAMILY HOUSING),0.257381,0.231595,0.167024,0.154000,0.154000,0.205452
41,TENNESSEE,UNKNOWN,NA,PERMANENT DWELLING (SINGLE FAMILY HOUSING),0.120667,0.107667,0.078667,0.073000,0.073000,0.094667
41,TENNESSEE,UNKNOWN,NA,PERSONAL AND REPAIR SERVICES,0.176963,0.159444,0.115519,0.106148,0.106148,0.142000
41,TENNESSEE,UNKNOWN,NA,PETROLEUM,0.140167,0.126000,0.091500,0.084167,0.084167,0.113333
41,TENNESSEE,UNKNOWN,NA,"PROFESSIONAL, TECHNICAL AND BUSINESS SERVICES",0.118667,0.107667,0.078667,0.072333,0.072333,0.098000
41,TENNESSEE,UNKNOWN,NA,RELIGION AND NONPROFIT,0.137400,0.123733,0.088267,0.082067,0.082067,0.110600
41,TENNESSEE,UNKNOWN,NA,RESTAURANTS,0.228000,0.204833,0.148333,0.137500,0.137500,0.182167
41,TENNESSEE,UNKNOWN,NA,RETAIL TRADE,0.143333,0.129561,0.093386,0.086807,0.086807,0.115246
41,TENNESSEE,UNKNOWN,NA,SANITARY SEWER,0.462333,0.417000,0.299667,0.276000,0.276000,0.371000
41,TENNESSEE,UNKNOWN,NA,TEMPORARY LODGING,0.353000,0.318333,0.230500,0.213167,0.213167,0.283333
41,TENNESSEE,UNKNOWN,NA,WHOLESALE TRADE,0.185867,0.167533,0.121467,0.112467,0.112467,0.149200
42,TEXAS,UNKNOWN,NA,AGRICULTURE,0.181800,0.162000,0.117600,0.108600,0.108600,0.145800
42,TEXAS,UNKNOWN,NA,AIR,0.083400,0.074400,0.054900,0.051000,0.051000,0.065400
42,TEXAS,UNKNOWN,NA,CASINOS,0.402750,0.361950,0.262800,0.241200,0.241200,0.323100
42,TEXAS,UNKNOWN,NA,CONSTRUCTION,0.098400,0.087900,0.063900,0.057900,0.057900,0.077400
42,TEXAS,UNKNOWN,NA,EDUCATION,0.154800,0.138600,0.099900,0.092400,0.092400,0.123600
42,TEXAS,UNKNOWN,NA,EMERGENCY RESPONSE SERVICES,0.230700,0.208200,0.148800,0.138600,0.138600,0.184500
42,TEXAS,UNKNOWN,NA,ENTERTAINMENT AND RECREATION,0.255736,0.230345,0.166527,0.153464,0.153464,0.204818
42,TEXAS,UNKNOWN,NA,FOOD AND DRUGS PROCESSING,0.397500,0.358900,0.259500,0.239300,0.239300,0.319000
42,TEXAS,UNKNOWN,NA,GASOLINE SERVICE STATIONS,0.154800,0.140100,0.099900,0.095400,0.095400,0.123600
42,TEXAS,UNKNOWN,NA,GENERAL SERVICES,0.233100,0.210000,0.151050,0.139350,0.139350,0.186750
42,TEXAS,UNKNOWN,NA,GROUP INSTITUTIONAL HOUSING,0.159720,0.144480,0.104340,0.095820,0.095820,0.128880
42,TEXAS,UNKNOWN,NA,HEALTH CARE SERVICE,0.075600,0.066900,0.047700,0.044700,0.044700,0.061200
42,TEXAS,UNKNOWN,NA,HEAVY FABRICATION AND ASSEMBLY,0.237900,0.214500,0.156300,0.143100,0.143100,0.191700
42,TEXAS,UNKNOWN,NA,HIGHWAY,0.227700,0.205500,0.148800,0.137100,0.137100,0.181800
42,TEXAS,UNKNOWN,NA,LIGHT FABRICATION AND ASSEMBLY,0.221600,0.200600,0.144100,0.134100,0.134100,0.178200
42,TEXAS,UNKNOWN,NA,PERMANENT DWELLING (MULTI FAMILY HOUSING),0.144150,0.130586,0.093729,0.086571,0.086571,0.115843
42,TEXAS,UNKNOWN,NA,PERMANENT DWELLING (SINGLE FAMILY HOUSING),0.120300,0.108600,0.077400,0.071400,0.071400,0.097200
42,TEXAS,UNKNOWN,NA,PERSONAL AND REPAIR SERVICES,0.200200,0.180033,0.130267,0.119933,0.119933,0.160467
42,TEXAS,UNKNOWN,NA,PETROLEUM,0.148950,0.134100,0.096900,0.089400,0.089400,0.119250
42,TEXAS,UNKNOWN,NA,"PROFESSIONAL, TECHNICAL AND BUSINESS SERVICES",0.147300,0.130800,0.095400,0.087900,0.087900,0.116100
42,TEXAS,UNKNOWN,NA,RELIGION AND NONPROFIT,0.160800,0.143940,0.103500,0.096720,0.096720,0.127920
42,TEXAS,UNKNOWN,NA,RESTAURANTS,0.308250,0.277650,0.199650,0.186150,0.186150,0.247050
42,TEXAS,UNKNOWN,NA,RETAIL TRADE,0.222584,0.200021,0.144647,0.133547,0.133547,0.178200
42,TEXAS,UNKNOWN,NA,SANITARY SEWER,0.489600,0.441000,0.318600,0.293100,0.293100,0.393000
42,TEXAS,UNKNOWN,NA,TEMPORARY LODGING,0.116175,0.104175,0.075150,0.069825,0.069825,0.092700
42,TEXAS,UNKNOWN,NA,WHOLESALE TRADE,0.197160,0.177480,0.127740,0.118680,0.118680,0.157260
43,UTAH,UNKNOWN,NA,AGRICULTURE,0.074000,0.066000,0.046000,0.043000,0.043000,0.059000
43,UTAH,UNKNOWN,NA,AIR,0.049000,0.045000,0.033000,0.029000,0.029000,0.042000
43,UTAH,UNKNOWN,NA,CASINOS,0.181000,0.163000,0.117000,0.107000,0.107000,0.145000
43,UTAH,UNKNOWN,NA,CONSTRUCTION,0.037000,0.031000,0.024000,0.022000,0.022000,0.028000
43,UTAH,UNKNOWN,NA,EDUCATION,0.065000,0.056000,0.042000,0.040000,0.040000,0.052000
43,UTAH,UNKNOWN,NA,EMERGENCY RESPONSE SERVICES,0.037000,0.033000,0.024000,0.023000,0.023000,0.028000
43,UTAH,UNKNOWN,NA,ENTERTAINMENT AND RECREATION,0.114909,0.103273,0.074818,0.069273,0.069273,0.092182
43,UTAH,UNKNOWN,NA,FOOD AND DRUGS PROCESSING,0.075333,0.069000,0.049333,0.045000,0.045000,0.060667
43,UTAH,UNKNOWN,NA,GASOLINE SERVICE STATIONS,0.096000,0.086000,0.061000,0.058000,0.058000,0.076000
43,UTAH,UNKNOWN,NA,GENERAL SERVICES,0.039000,0.032500,0.024000,0.022500,0.022500,0.028500
43,UTAH,UNKNOWN,NA,GROUP INSTITUTIONAL HOUSING,0.057200,0.049400,0.037400,0.033200,0.033200,0.044600
43,UTAH,UNKNOWN,NA,HEALTH CARE SERVICE,0.034000,0.030000,0.022000,0.021000,0.021000,0.027000
43,UTAH,UNKNOWN,NA,HEAVY FABRICATION AND ASSEMBLY,0.192000,0.171000,0.124000,0.115000,0.115000,0.153000
43,UTAH,UNKNOWN,NA,HIGHWAY,0.182000,0.163000,0.118000,0.109000,0.109000,0.145000
43,UTAH,UNKNOWN,NA,LIGHT FABRICATION AND ASSEMBLY,0.089667,0.080667,0.058000,0.053333,0.053333,0.071667
43,UTAH,UNKNOWN,NA,PERMANENT DWELLING (MULTI FAMILY HOUSING),0.170714,0.153429,0.110357,0.102286,0.102286,0.136857
43,UTAH,UNKNOWN,NA,PERMANENT DWELLING (SINGLE FAMILY HOUSING),0.037000,0.033000,0.024000,0.023000,0.023000,0.031000
43,UTAH,UNKNOWN,NA,PERSONAL AND REPAIR SERVICES,0.112333,0.101333,0.073444,0.067333,0.067333,0.090444
43,UTAH,UNKNOWN,NA,PETROLEUM,0.118500,0.107500,0.076500,0.071000,0.071000,0.095500
43,UTAH,UNKNOWN,NA,"PROFESSIONAL, TECHNICAL AND BUSINESS SERVICES",0.071000,0.063000,0.045000,0.042000,0.042000,0.055000
43,UTAH,UNKNOWN,NA,RELIGION AND NONPROFIT,0.061000,0.056000,0.040000,0.037200,0.037200,0.049600
43,UTAH,UNKNOWN,NA,RESTAURANTS,0.083000,0.073500,0.052500,0.049500,0.049500,0.065500
43,UTAH,UNKNOWN,NA,RETAIL TRADE,0.086579,0.077895,0.056000,0.051526,0.051526,0.069526
43,UTAH,UNKNOWN,NA,SANITARY SEWER,0.392000,0.352000,0.253000,0.236000,0.236000,0.313000
43,UTAH,UNKNOWN,NA,TEMPORARY LODGING,0.131000,0.118000,0.085750,0.079000,0.079000,0.104750
43,UTAH,UNKNOWN,NA,WHOLESALE TRADE,0.157000,0.142400,0.102600,0.095000,0.095000,0.125000
44,VERMONT,UNKNOWN,NA,AGRICULTURE,0.384000,0.346000,0.248000,0.230000,0.230000,0.308000
44,VERMONT,UNKNOWN,NA,AIR,0.154000,0.140000,0.100000,0.094000,0.094000,0.124000
44,VERMONT,UNKNOWN,NA,CASINOS,0.501000,0.451000,0.324000,0.302000,0.302000,0.403000
44,VERMONT,UNKNOWN,NA,CONSTRUCTION,0.236000,0.214000,0.154000,0.140000,0.140000,0.188000
44,VERMONT,UNKNOWN,NA,EDUCATION,0.166000,0.150000,0.110000,0.100000,0.100000,0.134000
44,VERMONT,UNKNOWN,NA,EMERGENCY RESPONSE SERVICES,0.186000,0.166000,0.120000,0.112000,0.112000,0.148000
44,VERMONT,UNKNOWN,NA,ENTERTAINMENT AND RECREATION,0.318909,0.287273,0.207818,0.191455,0.191455,0.255091
44,VERMONT,UNKNOWN,NA,FOOD AND DRUGS PROCESSING,0.934667,0.844000,0.610000,0.559333,0.559333,0.750000
44,VERMONT,UNKNOWN,NA,GASOLINE SERVICE STATIONS,0.290000,0.260000,0.186000,0.172000,0.172000,0.234000
44,VERMONT,UNKNOWN,NA,GENERAL SERVICES,0.185000,0.167000,0.121000,0.111000,0.111000,0.147000
44,VERMONT,UNKNOWN,NA,GROUP INSTITUTIONAL HOUSING,0.233600,0.210800,0.151600,0.140000,0.140000,0.186800
44,VERMONT,UNKNOWN,NA,HEALTH CARE SERVICE,0.146000,0.132000,0.096000,0.090000,0.090000,0.116000
44,VERMONT,UNKNOWN,NA,HEAVY FABRICATION AND ASSEMBLY,0.694000,0.624000,0.454000,0.418000,0.418000,0.558000
44,VERMONT,UNKNOWN,NA,HIGHWAY,0.660000,0.596000,0.430000,0.396000,0.396000,0.528000
44,VERMONT,UNKNOWN,NA,LIGHT FABRICATION AND ASSEMBLY,0.998667,0.902000,0.652000,0.602667,0.602667,0.802000
44,VERMONT,UNKNOWN,NA,PERMANENT DWELLING (MULTI FAMILY HOUSING),0.431714,0.389143,0.280429,0.258714,0.258714,0.346429
44,VERMONT,UNKNOWN,NA,PERMANENT DWELLING (SINGLE FAMILY HOUSING),0.172000,0.156000,0.112000,0.104000,0.104000,0.142000
44,VERMONT,UNKNOWN,NA,PERSONAL AND REPAIR SERVICES,0.455556,0.409778,0.296222,0.272889,0.272889,0.366000
44,VERMONT,UNKNOWN,NA,PETROLEUM,0.432000,0.389000,0.281000,0.261000,0.261000,0.345000
44,VERMONT,UNKNOWN,NA,"PROFESSIONAL, TECHNICAL AND BUSINESS SERVICES",0.240000,0.214000,0.158000,0.144000,0.144000,0.190000
44,VERMONT,UNKNOWN,NA,RELIGION AND NONPROFIT,0.260000,0.231200,0.167200,0.156000,0.156000,0.207200
44,VERMONT,UNKNOWN,NA,RESTAURANTS,0.522000,0.471000,0.339000,0.313000,0.313000,0.420000
44,VERMONT,UNKNOWN,NA,RETAIL TRADE,0.460737,0.414316,0.299158,0.276632,0.276632,0.368737
44,VERMONT,UNKNOWN,NA,SANITARY SEWER,1.428000,1.288000,0.928000,0.852000,0.852000,1.142000
44,VERMONT,UNKNOWN,NA,TEMPORARY LODGING,0.130500,0.116000,0.084500,0.078000,0.078000,0.105000
44,VERMONT,UNKNOWN,NA,WHOLESALE TRADE,0.573200,0.516800,0.373200,0.345600,0.345600,0.458000
45,VIRGINIA,UNKNOWN,NA,AGRICULTURE,0.137400,0.123600,0.087000,0.081600,0.081600,0.109800
45,VIRGINIA,UNKNOWN,NA,AIR,0.120000,0.108000,0.081600,0.073200,0.073200,0.097500
45,VIRGINIA,UNKNOWN,NA,CASINOS,0.321900,0.290550,0.212250,0.193200,0.193200,0.258300
45,VIRGINIA,UNKNOWN,NA,CONSTRUCTION,0.081600,0.071100,0.052500,0.046800,0.046800,0.066300
45,VIRGINIA,UNKNOWN,NA,EDUCATION,0.116400,0.102600,0.074700,0.067800,0.067800,0.093900
45,VIRGINIA,UNKNOWN,NA,EMERGENCY RESPONSE SERVICES,0.104400,0.095400,0.066300,0.062400,0.062400,0.085500
45,VIRGINIA,UNKNOWN,NA,ENTERTAINMENT AND RECREATION,0.204655,0.183709,0.133391,0.123245,0.123245,0.163473
45,VIRGINIA,UNKNOWN,NA,FOOD AND DRUGS PROCESSING,0.919500,0.830300,0.599100,0.550900,0.550900,0.739400
45,VIRGINIA,UNKNOWN,NA,GASOLINE SERVICE STATIONS,0.227700,0.203400,0.147900,0.137400,0.137400,0.182700
45,VIRGINIA,UNKNOWN,NA,GENERAL SERVICES,0.105300,0.094050,0.067050,0.062700,0.062700,0.084150
45,VIRGINIA,UNKNOWN,NA,GROUP INSTITUTIONAL HOUSING,0.136860,0.123480,0.090120,0.081600,0.081600,0.110940
45,VIRGINIA,UNKNOWN,NA,HEALTH CARE SERVICE,0.092100,0.081600,0.059100,0.055500,0.055500,0.071100
45,VIRGINIA,UNKNOWN,NA,HEAVY FABRICATION AND ASSEMBLY,0.311400,0.280200,0.205200,0.186000,0.186000,0.250500
45,VIRGINIA,UNKNOWN,NA,HIGHWAY,0.295800,0.264300,0.193200,0.177300,0.177300,0.238500
45,VIRGINIA,UNKNOWN,NA,LIGHT FABRICATION AND ASSEMBLY,1.087600,0.981500,0.706800,0.656900,0.656900,0.876000
45,VIRGINIA,UNKNOWN,NA,PERMANENT DWELLING (MULTI FAMILY HOUSING),0.323207,0.292136,0.211221,0.194743,0.194743,0.258836
45,VIRGINIA,UNKNOWN,NA,PERMANENT DWELLING (SINGLE FAMILY HOUSING),0.097500,0.090600,0.062400,0.059100,0.059100,0.079800
45,VIRGINIA,UNKNOWN,NA,PERSONAL AND REPAIR SERVICES,0.249867,0.224900,0.162700,0.150233,0.150233,0.200833
45,VIRGINIA,UNKNOWN,NA,PETROLEUM,0.194850,0.176550,0.126150,0.115650,0.115650,0.154800
45,VIRGINIA,UNKNOWN,NA,"PROFESSIONAL, TECHNICAL AND BUSINESS SERVICES",0.163800,0.146100,0.104400,0.097500,0.097500,0.128700
45,VIRGINIA,UNKNOWN,NA,RELIGION AND NONPROFIT,0.133620,0.120420,0.086460,0.080520,0.080520,0.105540
45,VIRGINIA,UNKNOWN,NA,RESTAURANTS,0.353850,0.319350,0.229650,0.214050,0.214050,0.283500
45,VIRGINIA,UNKNOWN,NA,RETAIL TRADE,0.179337,0.161589,0.116305,0.107621,0.107621,0.143842
45,VIRGINIA,UNKNOWN,NA,SANITARY SEWER,0.641700,0.577500,0.415800,0.384300,0.384300,0.513000
45,VIRGINIA,UNKNOWN,NA,TEMPORARY LODGING,0.228825,0.205725,0.149175,0.137400,0.137400,0.183450
45,VIRGINIA,UNKNOWN,NA,WHOLESALE TRADE,0.258900,0.231660,0.168360,0.155280,0.155280,0.206400
47,WEST VIRGINIA,UNKNOWN,NA,AGRICULTURE,0.160000,0.146000,0.106000,0.096000,0.096000,0.129000
47,WEST VIRGINIA,UNKNOWN,NA,AIR,0.103000,0.093000,0.069000,0.062000,0.062000,0.083000
47,WEST VIRGINIA,UNKNOWN,NA,CASINOS,0.343500,0.310000,0.224500,0.207000,0.207000,0.275000
47,WEST VIRGINIA,UNKNOWN,NA,CONSTRUCTION,0.117000,0.106000,0.077000,0.071000,0.071000,0.093000
47,WEST VIRGINIA,UNKNOWN,NA,EDUCATION,0.070000,0.064000,0.046000,0.043000,0.043000,0.057000
47,WEST VIRGINIA,UNKNOWN,NA,EMERGENCY RESPONSE SERVICES,0.063000,0.056000,0.041000,0.039000,0.039000,0.052000
47,WEST VIRGINIA,UNKNOWN,NA,ENTERTAINMENT AND RECREATION,0.218273,0.196364,0.142455,0.131091,0.131091,0.174636
47,WEST VIRGINIA,UNKNOWN,NA,FOOD AND DRUGS PROCESSING,0.191667,0.172333,0.125000,0.114000,0.114000,0.154000
47,WEST VIRGINIA,UNKNOWN,NA,GASOLINE SERVICE STATIONS,0.193000,0.174000,0.125000,0.117000,0.117000,0.155000
47,WEST VIRGINIA,UNKNOWN,NA,GENERAL SERVICES,0.063000,0.056500,0.040500,0.038500,0.038500,0.051000
47,WEST VIRGINIA,UNKNOWN,NA,GROUP INSTITUTIONAL HOUSING,0.134400,0.120000,0.086600,0.080400,0.080400,0.107800
47,WEST VIRGINIA,UNKNOWN,NA,HEALTH CARE SERVICE,0.070000,0.062000,0.045000,0.041000,0.041000,0.055000
47,WEST VIRGINIA,UNKNOWN,NA,HEAVY FABRICATION AND ASSEMBLY,0.346000,0.311000,0.228000,0.208000,0.208000,0.278000
47,WEST VIRGINIA,UNKNOWN,NA,HIGHWAY,0.331000,0.298000,0.214000,0.198000,0.198000,0.263000
47,WEST VIRGINIA,UNKNOWN,NA,LIGHT FABRICATION AND ASSEMBLY,0.164333,0.147667,0.107000,0.098333,0.098333,0.131333
47,WEST VIRGINIA,UNKNOWN,NA,PERMANENT DWELLING (MULTI FAMILY HOUSING),0.260714,0.233857,0.169571,0.156429,0.156429,0.207929
47,WEST VIRGINIA,UNKNOWN,NA,PERMANENT DWELLING (SINGLE FAMILY HOUSING),0.100000,0.089000,0.065000,0.060000,0.060000,0.077000
47,WEST VIRGINIA,UNKNOWN,NA,PERSONAL AND REPAIR SERVICES,0.213000,0.191667,0.138778,0.127444,0.127444,0.171000
47,WEST VIRGINIA,UNKNOWN,NA,PETROLEUM,0.216500,0.195000,0.140500,0.129500,0.129500,0.173500
47,WEST VIRGINIA,UNKNOWN,NA,"PROFESSIONAL, TECHNICAL AND BUSINESS SERVICES",0.148000,0.134000,0.096000,0.089000,0.089000,0.120000
47,WEST VIRGINIA,UNKNOWN,NA,RELIGION AND NONPROFIT,0.115400,0.104200,0.075200,0.069600,0.069600,0.092200
47,WEST VIRGINIA,UNKNOWN,NA,RESTAURANTS,0.293500,0.265000,0.190000,0.177500,0.177500,0.235500
47,WEST VIRGINIA,UNKNOWN,NA,RETAIL TRADE,0.199579,0.179895,0.130263,0.120053,0.120053,0.159895
47,WEST VIRGINIA,UNKNOWN,NA,SANITARY SEWER,0.713000,0.642000,0.463000,0.428000,0.428000,0.572000
47,WEST VIRGINIA,UNKNOWN,NA,TEMPORARY LODGING,0.219000,0.196750,0.142250,0.132500,0.132500,0.175250
47,WEST VIRGINIA,UNKNOWN,NA,WHOLESALE TRADE,0.286200,0.257600,0.186800,0.173000,0.173000,0.229200
48,WISCONSIN,UNKNOWN,NA,AGRICULTURE,0.110500,0.099000,0.068500,0.065000,0.065000,0.086000
48,WISCONSIN,UNKNOWN,NA,AIR,0.058500,0.055500,0.040500,0.032500,0.032500,0.049000
48,WISCONSIN,UNKNOWN,NA,CASINOS,0.234750,0.210500,0.153500,0.140500,0.140500,0.190250
48,WISCONSIN,UNKNOWN,NA,CONSTRUCTION,0.097500,0.086000,0.063500,0.060000,0.060000,0.076500
48,WISCONSIN,UNKNOWN,NA,EDUCATION,0.123500,0.112000,0.081500,0.078000,0.078000,0.101000
48,WISCONSIN,UNKNOWN,NA,EMERGENCY RESPONSE SERVICES,0.036000,0.031000,0.021000,0.021000,0.021000,0.029500
48,WISCONSIN,UNKNOWN,NA,ENTERTAINMENT AND RECREATION,0.148955,0.133727,0.096227,0.089636,0.089636,0.119227
48,WISCONSIN,UNKNOWN,NA,FOOD AND DRUGS PROCESSING,0.086167,0.073833,0.054833,0.049333,0.049333,0.066667
48,WISCONSIN,UNKNOWN,NA,GASOLINE SERVICE STATIONS,0.112000,0.099000,0.071500,0.068500,0.068500,0.091000
48,WISCONSIN,UNKNOWN,NA,GENERAL SERVICES,0.035000,0.032500,0.021000,0.019500,0.019500,0.029500
48,WISCONSIN,UNKNOWN,NA,GROUP INSTITUTIONAL HOUSING,0.130900,0.115500,0.083600,0.077500,0.077500,0.105700
48,WISCONSIN,UNKNOWN,NA,HEALTH CARE SERVICE,0.024500,0.023000,0.011500,0.011500,0.011500,0.019500
48,WISCONSIN,UNKNOWN,NA,HEAVY FABRICATION AND ASSEMBLY,0.180500,0.156000,0.115500,0.109000,0.109000,0.140000
48,WISCONSIN,UNKNOWN,NA,HIGHWAY,0.174000,0.151000,0.110500,0.102500,0.102500,0.133500
48,WISCONSIN,UNKNOWN,NA,LIGHT FABRICATION AND ASSEMBLY,0.100167,0.089833,0.067167,0.060167,0.060167,0.081833
48,WISCONSIN,UNKNOWN,NA,PERMANENT DWELLING (MULTI FAMILY HOUSING),0.161393,0.145679,0.103536,0.096821,0.096821,0.129786
48,WISCONSIN,UNKNOWN,NA,PERMANENT DWELLING (SINGLE FAMILY HOUSING),0.110500,0.104000,0.071500,0.065000,0.065000,0.089500
48,WISCONSIN,UNKNOWN,NA,PERSONAL AND REPAIR SERVICES,0.133500,0.120500,0.086667,0.080056,0.080056,0.107000
48,WISCONSIN,UNKNOWN,NA,PETROLEUM,0.111500,0.100750,0.074750,0.071500,0.071500,0.090250
48,WISCONSIN,UNKNOWN,NA,"PROFESSIONAL, TECHNICAL AND BUSINESS SERVICES",0.057000,0.050500,0.034000,0.032500,0.032500,0.044000
48,WISCONSIN,UNKNOWN,NA,RELIGION AND NONPROFIT,0.124500,0.115600,0.081700,0.075100,0.075100,0.098800
48,WISCONSIN,UNKNOWN,NA,RESTAURANTS,0.259250,0.232500,0.168250,0.155250,0.155250,0.208000
48,WISCONSIN,UNKNOWN,NA,RETAIL TRADE,0.143211,0.128026,0.091500,0.084842,0.084842,0.113184
48,WISCONSIN,UNKNOWN,NA,SANITARY SEWER,0.364000,0.331500,0.239000,0.219500,0.219500,0.296000
48,WISCONSIN,UNKNOWN,NA,TEMPORARY LODGING,0.083750,0.076500,0.055625,0.050375,0.050375,0.068250
48,WISCONSIN,UNKNOWN,NA,WHOLESALE TRADE,0.145700,0.133400,0.097000,0.090100,0.090100,0.119000
49,WYOMING,UNKNOWN,NA,AGRICULTURE,0.120000,0.108000,0.074000,0.070000,0.070000,0.094000
49,WYOMING,UNKNOWN,NA,AIR,0.102000,0.092000,0.066000,0.060000,0.060000,0.084000
49,WYOMING,UNKNOWN,NA,CASINOS,0.207000,0.186000,0.138000,0.122000,0.122000,0.169000
49,WYOMING,UNKNOWN,NA,CONSTRUCTION,0.066000,0.060000,0.044000,0.042000,0.042000,0.052000
49,WYOMING,UNKNOWN,NA,EDUCATION,0.050000,0.046000,0.036000,0.030000,0.030000,0.042000
49,WYOMING,UNKNOWN,NA,EMERGENCY RESPONSE SERVICES,0.050000,0.046000,0.030000,0.028000,0.028000,0.044000
49,WYOMING,UNKNOWN,NA,ENTERTAINMENT AND RECREATION,0.131636,0.117455,0.085636,0.079091,0.079091,0.106364
49,WYOMING,UNKNOWN,NA,FOOD AND DRUGS PROCESSING,0.260000,0.235333,0.168667,0.156000,0.156000,0.208667
49,WYOMING,UNKNOWN,NA,GASOLINE SERVICE STATIONS,0.196000,0.174000,0.128000,0.118000,0.118000,0.150000
49,WYOMING,UNKNOWN,NA,GENERAL SERVICES,0.051000,0.046000,0.029000,0.028000,0.028000,0.043000
49,WYOMING,UNKNOWN,NA,GROUP INSTITUTIONAL HOUSING,0.071200,0.064800,0.048000,0.043200,0.043200,0.057200
49,WYOMING,UNKNOWN,NA,HEALTH CARE SERVICE,0.042000,0.034000,0.026000,0.024000,0.024000,0.028000
49,WYOMING,UNKNOWN,NA,HEAVY FABRICATION AND ASSEMBLY,0.176000,0.152000,0.110000,0.104000,0.104000,0.134000
49,WYOMING,UNKNOWN,NA,HIGHWAY,0.168000,0.148000,0.108000,0.098000,0.098000,0.132000
49,WYOMING,UNKNOWN,NA,LIGHT FABRICATION AND ASSEMBLY,0.433333,0.388667,0.280667,0.261333,0.261333,0.348667
49,WYOMING,UNKNOWN,NA,PERMANENT DWELLING (MULTI FAMILY HOUSING),0.100286,0.089143,0.066143,0.061143,0.061143,0.080000
49,WYOMING,UNKNOWN,NA,PERMANENT DWELLING (SINGLE FAMILY HOUSING),0.054000,0.048000,0.034000,0.032000,0.032000,0.044000
49,WYOMING,UNKNOWN,NA,PERSONAL AND REPAIR SERVICES,0.149778,0.134222,0.098000,0.090444,0.090444,0.120889
49,WYOMING,UNKNOWN,NA,PETROLEUM,0.107000,0.096000,0.068000,0.061000,0.061000,0.085000
49,WYOMING,UNKNOWN,NA,"PROFESSIONAL, TECHNICAL AND BUSINESS SERVICES",0.092000,0.080000,0.056000,0.052000,0.052000,0.072000
49,WYOMING,UNKNOWN,NA,RELIGION AND NONPROFIT,0.062400,0.059200,0.042400,0.040400,0.040400,0.052800
49,WYOMING,UNKNOWN,NA,RESTAURANTS,0.157000,0.142000,0.101000,0.094000,0.094000,0.127000
49,WYOMING,UNKNOWN,NA,RETAIL TRADE,0.141474,0.128211,0.090421,0.083789,0.083789,0.113368
49,WYOMING,UNKNOWN,NA,SANITARY SEWER,0.354000,0.320000,0.232000,0.212000,0.212000,0.284000
49,WYOMING,UNKNOWN,NA,TEMPORARY LODGING,0.130500,0.119000,0.084500,0.077500,0.077500,0.103500
49,WYOMING,UNKNOWN,NA,WHOLESALE TRADE,0.142400,0.128400,0.092000,0.085600,0.085600,0.114400
54,ALASKA,UNKNOWN,NA,AGRICULTURE,0.132500,0.117000,0.085000,0.079000,0.079000,0.105500
54,ALASKA,UNKNOWN,NA,AIR,0.064000,0.058000,0.041000,0.038500,0.038500,0.050000
54,ALASKA,UNKNOWN,NA,CASINOS,0.248750,0.222500,0.162000,0.148500,0.148500,0.199750
54,ALASKA,UNKNOWN,NA,CONSTRUCTION,0.067000,0.060500,0.044500,0.041500,0.041500,0.054500
54,ALASKA,UNKNOWN,NA,EDUCATION,0.083500,0.075000,0.054500,0.051000,0.051000,0.068000
54,ALASKA,UNKNOWN,NA,EMERGENCY RESPONSE SERVICES,0.103000,0.095000,0.069000,0.063000,0.063000,0.084000
54,ALASKA,UNKNOWN,NA,ENTERTAINMENT AND RECREATION,0.158182,0.141864,0.102818,0.094727,0.094727,0.125773
54,ALASKA,UNKNOWN,NA,FOOD AND DRUGS PROCESSING,0.075167,0.067500,0.049167,0.044333,0.044333,0.060500
54,ALASKA,UNKNOWN,NA,GASOLINE SERVICE STATIONS,0.119500,0.108000,0.079500,0.073500,0.073500,0.096000
54,ALASKA,UNKNOWN,NA,GENERAL SERVICES,0.105500,0.096000,0.069500,0.063500,0.063500,0.084500
54,ALASKA,UNKNOWN,NA,GROUP INSTITUTIONAL HOUSING,0.127300,0.113100,0.081300,0.075600,0.075600,0.101200
54,ALASKA,UNKNOWN,NA,HEALTH CARE SERVICE,0.067000,0.061000,0.044000,0.041000,0.041000,0.054000
54,ALASKA,UNKNOWN,NA,HEAVY FABRICATION AND ASSEMBLY,0.281000,0.250500,0.182500,0.168000,0.168000,0.223500
54,ALASKA,UNKNOWN,NA,HIGHWAY,0.266000,0.240000,0.173500,0.159500,0.159500,0.213500
54,ALASKA,UNKNOWN,NA,LIGHT FABRICATION AND ASSEMBLY,0.043500,0.039500,0.028500,0.026167,0.026167,0.035500
54,ALASKA,UNKNOWN,NA,PERMANENT DWELLING (MULTI FAMILY HOUSING),0.200321,0.180964,0.130179,0.119929,0.119929,0.160679
54,ALASKA,UNKNOWN,NA,PERMANENT DWELLING (SINGLE FAMILY HOUSING),0.098000,0.088500,0.063000,0.059500,0.059500,0.078500
54,ALASKA,UNKNOWN,NA,PERSONAL AND REPAIR SERVICES,0.209889,0.189444,0.136278,0.126278,0.126278,0.168444
54,ALASKA,UNKNOWN,NA,PETROLEUM,0.174250,0.157000,0.113750,0.105000,0.105000,0.139750
54,ALASKA,UNKNOWN,NA,"PROFESSIONAL, TECHNICAL AND BUSINESS SERVICES",0.103500,0.093000,0.066000,0.062000,0.062000,0.082500
54,ALASKA,UNKNOWN,NA,RELIGION AND NONPROFIT,0.132800,0.119700,0.086200,0.079800,0.079800,0.106100
54,ALASKA,UNKNOWN,NA,RESTAURANTS,0.252500,0.227500,0.164500,0.152000,0.152000,0.202500
54,ALASKA,UNKNOWN,NA,RETAIL TRADE,0.164105,0.147395,0.106368,0.098211,0.098211,0.131158
54,ALASKA,UNKNOWN,NA,SANITARY SEWER,0.576500,0.519500,0.374500,0.345500,0.345500,0.462000
54,ALASKA,UNKNOWN,NA,TEMPORARY LODGING,0.086875,0.078375,0.056250,0.052250,0.052250,0.069750
54,ALASKA,UNKNOWN,NA,WHOLESALE TRADE,0.231500,0.208400,0.150700,0.139100,0.139100,0.184600
55,ALASKA,UNKNOWN,NA,AGRICULTURE,0.132500,0.117000,0.085000,0.079000,0.079000,0.105500
55,ALASKA,UNKNOWN,NA,AIR,0.064000,0.058000,0.041000,0.038500,0.038500,0.050000
55,ALASKA,UNKNOWN,NA,CASINOS,0.248750,0.222500,0.162000,0.148500,0.148500,0.199750
55,ALASKA,UNKNOWN,NA,CONSTRUCTION,0.067000,0.060500,0.044500,0.041500,0.041500,0.054500
55,ALASKA,UNKNOWN,NA,EDUCATION,0.083500,0.075000,0.054500,0.051000,0.051000,0.068000
55,ALASKA,UNKNOWN,NA,EMERGENCY RESPONSE SERVICES,0.103000,0.095000,0.069000,0.063000,0.063000,0.084000
55,ALASKA,UNKNOWN,NA,ENTERTAINMENT AND RECREATION,0.158182,0.141864,0.102818,0.094727,0.094727,0.125773
55,ALASKA,UNKNOWN,NA,FOOD AND DRUGS PROCESSING,0.075167,0.067500,0.049167,0.044333,0.044333,0.060500
55,ALASKA,UNKNOWN,NA,GASOLINE SERVICE STATIONS,0.119500,0.108000,0.079500,0.073500,0.073500,0.096000
55,ALASKA,UNKNOWN,NA,GENERAL SERVICES,0.105500,0.096000,0.069500,0.063500,0.063500,0.084500
55,ALASKA,UNKNOWN,NA,GROUP INSTITUTIONAL HOUSING,0.127300,0.113100,0.081300,0.075600,0.075600,0.101200
55,ALASKA,UNKNOWN,NA,HEALTH CARE SERVICE,0.067000,0.061000,0.044000,0.041000,0.041000,0.054000
55,ALASKA,UNKNOWN,NA,HEAVY FABRICATION AND ASSEMBLY,0.281000,0.250500,0.182500,0.168000,0.168000,0.223500
55,ALASKA,UNKNOWN,NA,HIGHWAY,0.266000,0.240000,0.173500,0.159500,0.159500,0.213500
55,ALASKA,UNKNOWN,NA,LIGHT FABRICATION AND ASSEMBLY,0.043500,0.039500,0.028500,0.026167,0.026167,0.035500
55,ALASKA,UNKNOWN,NA,PERMANENT DWELLING (MULTI FAMILY HOUSING),0.200321,0.180964,0.130179,0.119929,0.119929,0.160679
55,ALASKA,UNKNOWN,NA,PERMANENT DWELLING (SINGLE FAMILY HOUSING),0.098000,0.088500,0.063000,0.059500,0.059500,0.078500
55,ALASKA,UNKNOWN,NA,PERSONAL AND REPAIR SERVICES,0.209889,0.189444,0.136278,0.126278,0.126278,0.168444
55,ALASKA,UNKNOWN,NA,PETROLEUM,0.174250,0.157000,0.113750,0.105000,0.105000,0.139750
55,ALASKA,UNKNOWN,NA,"PROFESSIONAL, TECHNICAL AND BUSINESS SERVICES",0.103500,0.093000,0.066000,0.062000,0.062000,0.082500
55,ALASKA,UNKNOWN,NA,RELIGION AND NONPROFIT,0.132800,0.119700,0.086200,0.079800,0.079800,0.106100
55,ALASKA,UNKNOWN,NA,RESTAURANTS,0.252500,0.227500,0.164500,0.152000,0.152000,0.202500
55,ALASKA,UNKNOWN,NA,RETAIL TRADE,0.164105,0.147395,0.106368,0.098211,0.098211,0.131158
55,ALASKA,UNKNOWN,NA,SANITARY SEWER,0.576500,0.519500,0.374500,0.345500,0.345500,0.462000
55,ALASKA,UNKNOWN,NA,TEMPORARY LODGING,0.086875,0.078375,0.056250,0.052250,0.052250,0.069750
55,ALASKA,UNKNOWN,NA,WHOLESALE TRADE,0.231500,0.208400,0.150700,0.139100,0.139100,0.184600
61,NEW YORK,UNKNOWN,NA,AGRICULTURE,0.178000,0.162000,0.116000,0.107000,0.107000,0.142000
61,NEW YORK,UNKNOWN,NA,AIR,0.134000,0.119500,0.086500,0.080000,0.080000,0.106000
61,NEW YORK,UNKNOWN,NA,CASINOS,0.493500,0.443500,0.321500,0.295750,0.295750,0.396750
61,NEW YORK,UNKNOWN,NA,CONSTRUCTION,0.078500,0.072500,0.052500,0.049500,0.049500,0.064000
61,NEW YORK,UNKNOWN,NA,EDUCATION,0.089500,0.080000,0.058000,0.052000,0.052000,0.072000
61,NEW YORK,UNKNOWN,NA,EMERGENCY RESPONSE SERVICES,0.087500,0.079000,0.058500,0.055000,0.055000,0.072000
61,NEW YORK,UNKNOWN,NA,ENTERTAINMENT AND RECREATION,0.313955,0.282318,0.204364,0.188500,0.188500,0.251273
61,NEW YORK,UNKNOWN,NA,FOOD AND DRUGS PROCESSING,0.492500,0.443333,0.320500,0.294667,0.294667,0.394667
61,NEW YORK,UNKNOWN,NA,GASOLINE SERVICE STATIONS,0.249500,0.223000,0.161000,0.150000,0.150000,0.199500
61,NEW YORK,UNKNOWN,NA,GENERAL SERVICES,0.088500,0.079750,0.058000,0.054500,0.054500,0.070500
61,NEW YORK,UNKNOWN,NA,GROUP INSTITUTIONAL HOUSING,0.164900,0.148100,0.107400,0.099000,0.099000,0.131100
61,NEW YORK,UNKNOWN,NA,HEALTH CARE SERVICE,0.065000,0.056000,0.041000,0.038500,0.038500,0.052000
61,NEW YORK,UNKNOWN,NA,HEAVY FABRICATION AND ASSEMBLY,0.377000,0.338000,0.247500,0.225500,0.225500,0.303500
61,NEW YORK,UNKNOWN,NA,HIGHWAY,0.359500,0.323000,0.233000,0.216500,0.216500,0.285000
61,NEW YORK,UNKNOWN,NA,LIGHT FABRICATION AND ASSEMBLY,0.780000,0.703167,0.508167,0.470167,0.470167,0.628000
61,NEW YORK,UNKNOWN,NA,PERMANENT DWELLING (MULTI FAMILY HOUSING),0.182500,0.163750,0.118357,0.109000,0.109000,0.146393
61,NEW YORK,UNKNOWN,NA,PERMANENT DWELLING (SINGLE FAMILY HOUSING),0.119500,0.107500,0.078500,0.073000,0.073000,0.095500
61,NEW YORK,UNKNOWN,NA,PERSONAL AND REPAIR SERVICES,0.225556,0.203611,0.147167,0.136056,0.136056,0.181278
61,NEW YORK,UNKNOWN,NA,PETROLEUM,0.234250,0.211000,0.153250,0.141000,0.141000,0.188250
61,NEW YORK,UNKNOWN,NA,"PROFESSIONAL, TECHNICAL AND BUSINESS SERVICES",0.111000,0.099000,0.072000,0.067000,0.067000,0.087500
61,NEW YORK,UNKNOWN,NA,RELIGION AND NONPROFIT,0.137200,0.124000,0.088800,0.082400,0.082400,0.110100
61,NEW YORK,UNKNOWN,NA,RESTAURANTS,0.373500,0.335500,0.242000,0.225500,0.225500,0.299000
61,NEW YORK,UNKNOWN,NA,RETAIL TRADE,0.225421,0.203026,0.146579,0.135579,0.135579,0.180263
61,NEW YORK,UNKNOWN,NA,SANITARY SEWER,0.775500,0.696000,0.503500,0.465500,0.465500,0.621000
61,NEW YORK,UNKNOWN,NA,TEMPORARY LODGING,0.328250,0.295375,0.213375,0.197375,0.197375,0.262250
61,NEW YORK,UNKNOWN,NA,WHOLESALE TRADE,0.310500,0.279700,0.202700,0.187900,0.187900,0.248500
64,CALIFORNIA,UNKNOWN,NA,AGRICULTURE,0.098611,0.090278,0.065000,0.059028,0.059028,0.080556
64,CALIFORNIA,UNKNOWN,NA,AIR,0.042778,0.038333,0.027083,0.024306,0.024306,0.033611
64,CALIFORNIA,UNKNOWN,NA,CASINOS,0.250208,0.223958,0.160903,0.148889,0.148889,0.199444
64,CALIFORNIA,UNKNOWN,NA,CONSTRUCTION,0.083472,0.075417,0.053333,0.049722,0.049722,0.066250
64,CALIFORNIA,UNKNOWN,NA,EDUCATION,0.077639,0.069306,0.050139,0.046944,0.046944,0.061528
64,CALIFORNIA,UNKNOWN,NA,EMERGENCY RESPONSE SERVICES,0.036944,0.034861,0.024306,0.022361,0.022361,0.030694
64,CALIFORNIA,UNKNOWN,NA,ENTERTAINMENT AND RECREATION,0.158788,0.142980,0.103662,0.095177,0.095177,0.127513
64,CALIFORNIA,UNKNOWN,NA,FOOD AND DRUGS PROCESSING,0.098750,0.088148,0.064769,0.058843,0.058843,0.078843
64,CALIFORNIA,UNKNOWN,NA,GASOLINE SERVICE STATIONS,0.080972,0.071528,0.052361,0.047778,0.047778,0.064167
64,CALIFORNIA,UNKNOWN,NA,GENERAL SERVICES,0.037500,0.034236,0.024931,0.023194,0.023194,0.031042
64,CALIFORNIA,UNKNOWN,NA,GROUP INSTITUTIONAL HOUSING,0.101472,0.091611,0.065111,0.061167,0.061167,0.082528
64,CALIFORNIA,UNKNOWN,NA,HEALTH CARE SERVICE,0.027361,0.025833,0.017917,0.015833,0.015833,0.021250
64,CALIFORNIA,UNKNOWN,NA,HEAVY FABRICATION AND ASSEMBLY,0.106111,0.096528,0.070694,0.063056,0.063056,0.086389
64,CALIFORNIA,UNKNOWN,NA,HIGHWAY,0.101250,0.092917,0.065000,0.061250,0.061250,0.081806
64,CALIFORNIA,UNKNOWN,NA,LIGHT FABRICATION AND ASSEMBLY,0.167685,0.151481,0.109352,0.101296,0.101296,0.134815
64,CALIFORNIA,UNKNOWN,NA,PERMANENT DWELLING (MULTI FAMILY HOUSING),0.169286,0.152014,0.109990,0.101280,0.101280,0.135764
64,CALIFORNIA,UNKNOWN,NA,PERMANENT DWELLING (SINGLE FAMILY HOUSING),0.080417,0.074722,0.053889,0.047500,0.047500,0.064306
64,CALIFORNIA,UNKNOWN,NA,PERSONAL AND REPAIR SERVICES,0.119429,0.107253,0.077978,0.071559,0.071559,0.095154
64,CALIFORNIA,UNKNOWN,NA,PETROLEUM,0.066181,0.060486,0.043889,0.041458,0.041458,0.053750
64,CALIFORNIA,UNKNOWN,NA,"PROFESSIONAL, TECHNICAL AND BUSINESS SERVICES",0.053056,0.047778,0.034861,0.030972,0.030972,0.043056
64,CALIFORNIA,UNKNOWN,NA,RELIGION AND NONPROFIT,0.093778,0.084944,0.060361,0.058056,0.058056,0.076472
64,CALIFORNIA,UNKNOWN,NA,RESTAURANTS,0.163750,0.147361,0.106806,0.098611,0.098611,0.131181
64,CALIFORNIA,UNKNOWN,NA,RETAIL TRADE,0.121886,0.110088,0.079561,0.073114,0.073114,0.097697
64,CALIFORNIA,UNKNOWN,NA,SANITARY SEWER,0.221250,0.198194,0.143056,0.131806,0.131806,0.178333
64,CALIFORNIA,UNKNOWN,NA,TEMPORARY LODGING,0.122118,0.111007,0.079514,0.073819,0.073819,0.098056
64,CALIFORNIA,UNKNOWN,NA,WHOLESALE TRADE,0.089389,0.079528,0.057750,0.053472,0.053472,0.070083
1,ALABAMA,BIRMINGHAM,01,UNKNOWN,0.521656,0.470216,0.339227,0.313917,0.313917,0.418302
1,ALABAMA,CITY OF MOBILE,02,UNKNOWN,0.254889,0.229872,0.165984,0.153537,0.153537,0.204496
1,ALABAMA,BALANCE OF STATE (ALABAMA),08,UNKNOWN,0.331060,0.298479,0.215434,0.199341,0.199341,0.265561
2,ARIZONA,PHOENIX,01,UNKNOWN,0.109441,0.098643,0.071397,0.066068,0.066068,0.087951
2,ARIZONA,TUCSON,02,UNKNOWN,0.062206,0.056069,0.040586,0.037523,0.037523,0.049965
2,ARIZONA,BALANCE OF STATE (ARIZONA),08,UNKNOWN,0.072461,0.065327,0.047303,0.043781,0.043781,0.058274
3,ARKANSAS,ENTIRE STATE (ARKANSAS),09,UNKNOWN,0.213226,0.192127,0.138617,0.128186,0.128186,0.171094
4,CALIFORNIA,CITY OF LOS ANGELES,01,UNKNOWN,0.158923,0.143471,0.103341,0.095161,0.095161,0.127494
4,CALIFORNIA,CITY OF SAN DIEGO,05,UNKNOWN,0.060593,0.054821,0.039382,0.036352,0.036352,0.048772
4,CALIFORNIA,LONG BEACH,02,UNKNOWN,0.111461,0.100693,0.072485,0.066797,0.066797,0.089445
4,CALIFORNIA,OAKLAND,03,UNKNOWN,0.103002,0.093020,0.066985,0.061607,0.061607,0.082684
4,CALIFORNIA,SAN FRANCISCO,06,UNKNOWN,0.099408,0.089761,0.064725,0.059621,0.059621,0.079915
4,CALIFORNIA,SAN JOSE,07,UNKNOWN,0.144839,0.130753,0.094297,0.086706,0.086706,0.116260
4,CALIFORNIA,BALANCE OF STATE (CALIFORNIA),08,UNKNOWN,0.095081,0.085782,0.061854,0.057067,0.057067,0.076337
5,COLORADO,CITY OF DENVER,01,UNKNOWN,0.221142,0.199967,0.143749,0.133555,0.133555,0.178023
5,COLORADO,BALANCE OF STATE (COLORADO),08,UNKNOWN,0.130083,0.117566,0.084550,0.078488,0.078488,0.104664
6,CONNECTICUT,ENTIRE STATE (CONNECTICUT),09,UNKNOWN,0.106581,0.096033,0.069201,0.063920,0.063920,0.085379
7,DELAWARE,ENTIRE STATE (DELAWARE),09,UNKNOWN,0.189400,0.170467,0.122707,0.113277,0.113277,0.151403
8,DIST. OF COLUMBIA,ENTIRE DISTRCIT (DISTRICT OF COLUMBIA),09,UNKNOWN,0.346171,0.311781,0.225072,0.207876,0.207876,0.277467
9,FLORIDA,HIALEAH,07,UNKNOWN,0.316332,0.285077,0.205800,0.190223,0.190223,0.253796
9,FLORIDA,JACKSONVILLE,01,UNKNOWN,0.497960,0.448673,0.323887,0.299599,0.299599,0.399769
9,FLORIDA,MIAMI,02,UNKNOWN,0.476260,0.428731,0.309998,0.286564,0.286564,0.382437
9,FLORIDA,MIAMI BEACH,04,UNKNOWN,0.490797,0.442009,0.319221,0.295079,0.295079,0.393711
9,FLORIDA,TAMPA,03,UNKNOWN,0.311315,0.280200,0.202507,0.186921,0.186921,0.249467
9,FLORIDA,"MIAMI-DADE EXCLUDING HIALEAH, MIAMI BEACH, AND MIAMI",05,UNKNOWN,0.340389,0.306271,0.221324,0.204688,0.204688,0.273130
9,FLORIDA,HILLSBOROUGH COUNTY EXCLUDING TAMPA,06,UNKNOWN,0.286332,0.257817,0.186069,0.172085,0.172085,0.229578
9,FLORIDA,BALANCE OF STATE (FLORIDA),08,UNKNOWN,0.281722,0.253747,0.183258,0.169410,0.169410,0.226054
9,FLORIDA,ST. PETERSBURG,09,UNKNOWN,0.252818,0.227654,0.164479,0.152024,0.152024,0.203151
10,GEORGIA,ATLANTA,01,UNKNOWN,0.299251,0.268776,0.194670,0.180130,0.180130,0.239839
10,GEORGIA,DEKALB COUNTY,02,UNKNOWN,0.284627,0.255666,0.185185,0.171250,0.171250,0.228089
10,GEORGIA,BALANCE OF STATE (GEORGIA),08,UNKNOWN,0.175801,0.157922,0.114384,0.105809,0.105809,0.140902
12,ILLINOIS,CHICAGO,01,UNKNOWN,0.162377,0.145946,0.105272,0.097446,0.097446,0.130308
12,ILLINOIS,BALANCE OF STATE (ILLINOIS),08,UNKNOWN,0.119393,0.107348,0.077407,0.071662,0.071662,0.095763
13,INDIANA,INDIANAPOLIS,01,UNKNOWN,0.227881,0.204901,0.148403,0.136813,0.136813,0.182511
13,INDIANA,BALANCE OF STATE (INDIANA),08,UNKNOWN,0.126988,0.114247,0.082711,0.076271,0.076271,0.101730
14,IOWA,ENTIRE STATE (IOWA),09,UNKNOWN,0.379338,0.341365,0.246286,0.228230,0.228230,0.303603
15,KANSAS,ENTIRE STATE (KANSAS),09,UNKNOWN,0.181198,0.163070,0.117808,0.108676,0.108676,0.145504
16,KENTUCKY,LEXINGTON-FAYETTE,02,UNKNOWN,0.172373,0.155468,0.112107,0.103465,0.103465,0.138602
16,KENTUCKY,LOUISVILLE,01,UNKNOWN,0.169852,0.153133,0.110430,0.102060,0.102060,0.136490
16,KENTUCKY,BALANCE OF STATE (KENTUCKY),08,UNKNOWN,0.190490,0.171737,0.123898,0.114405,0.114405,0.153026
18,MAINE,ENTIRE STATE (MAINE),09,UNKNOWN,0.239890,0.215892,0.155979,0.144172,0.144172,0.192310
19,MARYLAND,ANNE ARUNDEL COUNTY,02,UNKNOWN,0.109418,0.098540,0.071420,0.065848,0.065848,0.087797
19,MARYLAND,BALTIMORE CITY,01,UNKNOWN,0.139075,0.125352,0.090680,0.083664,0.083664,0.111617
19,MARYLAND,MONTGOMERY COUNTY,04,UNKNOWN,0.098411,0.088715,0.064209,0.059341,0.059341,0.078932
19,MARYLAND,PRINCE GEORGES COUNTY,05,UNKNOWN,0.352148,0.317255,0.229754,0.212068,0.212068,0.282820
19,MARYLAND,BALTIMORE COUNTY EXCLUDING BALTIMORE CITY,03,UNKNOWN,0.210754,0.189810,0.137546,0.126899,0.126899,0.169017
19,MARYLAND,BALANCE OF STATE (MARYLAND),08,UNKNOWN,0.116031,0.104548,0.075705,0.069864,0.069864,0.093167
20,MASSACHUSETTS,BOSTON,01,UNKNOWN,0.101564,0.091432,0.066061,0.060971,0.060971,0.081400
20,MASSACHUSETTS,BALANCE OF STATE (MASSACHUSETTS),08,UNKNOWN,0.118083,0.106357,0.076794,0.070888,0.070888,0.094636
21,MICHIGAN,DETROIT,01,UNKNOWN,0.517409,0.465287,0.336421,0.311073,0.311073,0.414317
21,MICHIGAN,BALANCE OF STATE (MICHIGAN),08,UNKNOWN,0.143873,0.129362,0.093558,0.086502,0.086502,0.115190
22,MINNESOTA,MINNEAPOLIS,01,UNKNOWN,0.239615,0.215523,0.155514,0.144533,0.144533,0.192059
22,MINNESOTA,SAINT PAUL,02,UNKNOWN,0.239185,0.215441,0.155355,0.144185,0.144185,0.191945
22,MINNESOTA,BALANCE OF STATE (MINNESOTA),08,UNKNOWN,0.324710,0.292344,0.210862,0.195805,0.195805,0.260277
24,MISSOURI,KANSAS CITY,01,UNKNOWN,0.205377,0.184944,0.133530,0.123428,0.123428,0.164412
24,MISSOURI,SAINT LOUIS CITY,02,UNKNOWN,0.239627,0.215884,0.155862,0.144151,0.144151,0.192015
24,MISSOURI,BALANCE OF STATE (MISSOURI),08,UNKNOWN,0.163679,0.147466,0.106438,0.098472,0.098472,0.131141
25,MONTANA,ENTIRE STATE (MONTANA),09,UNKNOWN,0.358459,0.322648,0.232722,0.215428,0.215428,0.287164
26,NEBRASKA,OMAHA,01,UNKNOWN,0.097121,0.087283,0.062771,0.058334,0.058334,0.078011
26,NEBRASKA,BALANCE OF STATE (NEBRASKA),08,UNKNOWN,0.098046,0.088150,0.063320,0.058827,0.058827,0.078684
27,NEVADA,ENTIRE STATE (NEVADA),09,UNKNOWN,0.079813,0.071896,0.051925,0.048048,0.048048,0.064025
28,NEW HAMPSHIRE,ENTIRE STATE (NEW HAMPSHIRE),09,UNKNOWN,0.200511,0.180559,0.130496,0.120511,0.120511,0.161339
29,NEW JERSEY,JERSEY CITY,01,UNKNOWN,0.190770,0.171679,0.123998,0.114567,0.114567,0.152905
29,NEW JERSEY,NEWARK,02,UNKNOWN,0.261917,0.235829,0.170351,0.157381,0.157381,0.209951
29,NEW JERSEY,BALANCE OF STATE (NEW JERSEY),08,UNKNOWN,0.172412,0.155250,0.112170,0.103610,0.103610,0.138241
30,NEW MEXICO,ALBUQUERQUE,01,UNKNOWN,0.145856,0.131342,0.094744,0.087686,0.087686,0.116817
30,NEW MEXICO,BALANCE OF STATE (NEW MEXICO),08,UNKNOWN,0.161785,0.145636,0.105065,0.097266,0.097266,0.129544
31,NEW YORK,NEW YORK CITY,02,UNKNOWN,0.322784,0.290645,0.209790,0.193942,0.193942,0.258299
32,NORTH CAROLINA,CHARLOTTE,01,UNKNOWN,0.165077,0.148854,0.107406,0.099039,0.099039,0.132490
32,NORTH CAROLINA,BALANCE OF STATE (NORTH CAROLINA),08,UNKNOWN,0.190819,0.172008,0.124206,0.114456,0.114456,0.153141
33,NORTH DAKOTA,ENTIRE STATE (NORTH DAKOTA),09,UNKNOWN,0.251568,0.226633,0.163817,0.151398,0.151398,0.201748
34,OHIO,AKRON,05,UNKNOWN,0.152740,0.137427,0.099059,0.091607,0.091607,0.122221
34,OHIO,CINCINNATI,01,UNKNOWN,0.123159,0.110775,0.079768,0.073814,0.073814,0.098665
34,OHIO,CLEVELAND,02,UNKNOWN,0.185371,0.166672,0.120195,0.111002,0.111002,0.148282
34,OHIO,COLUMBUS,03,UNKNOWN,0.115371,0.103767,0.074686,0.069042,0.069042,0.092209
34,OHIO,DAYTON,06,UNKNOWN,0.112594,0.101251,0.072990,0.067469,0.067469,0.090083
34,OHIO,TOLEDO,04,UNKNOWN,0.214966,0.193283,0.139338,0.128761,0.128761,0.171864
34,OHIO,BALANCE OF STATE (OHIO),08,UNKNOWN,0.115033,0.103470,0.074581,0.068937,0.068937,0.092027
35,OKLAHOMA,CITY OF TULSA,02,UNKNOWN,0.230472,0.207594,0.149800,0.138616,0.138616,0.184744
35,OKLAHOMA,OKLAHOMA CITY,01,UNKNOWN,0.194333,0.174963,0.126351,0.116877,0.116877,0.155793
35,OKLAHOMA,BALANCE OF STATE (OKLAHOMA),08,UNKNOWN,0.263971,0.237702,0.171614,0.158819,0.158819,0.211678
36,OREGON,PORTLAND,01,UNKNOWN,0.049037,0.044276,0.031896,0.029382,0.029382,0.039446
36,OREGON,BALANCE OF STATE (OREGON),08,UNKNOWN,0.091007,0.082191,0.059190,0.054615,0.054615,0.073251
37,PENNSYLVANIA,PHILADELPHIA,04,UNKNOWN,0.197545,0.177415,0.128553,0.118927,0.118927,0.157960
37,PENNSYLVANIA,PITTSBURGH,05,UNKNOWN,0.136992,0.123054,0.089069,0.082566,0.082566,0.109502
37,PENNSYLVANIA,ZONE 1,01,UNKNOWN,0.123087,0.110550,0.080060,0.074140,0.074140,0.098431
37,PENNSYLVANIA,ZONE 2,02,UNKNOWN,0.099746,0.089517,0.064808,0.060063,0.060063,0.079740
37,PENNSYLVANIA,ZONE 3,03,UNKNOWN,0.152994,0.137361,0.099502,0.092201,0.092201,0.122388
37,PENNSYLVANIA,ALLEGHENY COUNTRY (EXCLUDING PITTSBURGH),06,UNKNOWN,0.157933,0.141767,0.102667,0.095208,0.095208,0.126307
38,RHODE ISLAND,ENTIRE STATE (RHODE ISLAND),09,UNKNOWN,0.317579,0.285749,0.206223,0.190672,0.190672,0.254346
39,SOUTH CAROLINA,ENTIRE STATE (SOUTH CAROLINA),09,UNKNOWN,0.263813,0.237421,0.171372,0.158225,0.158225,0.211290
40,SOUTH DAKOTA,ENTIRE STATE (SOUTH DAKOTA),09,UNKNOWN,0.328820,0.296913,0.213996,0.197565,0.197565,0.263135
41,TENNESSEE,MEMPHIS,01,UNKNOWN,0.235499,0.212052,0.153204,0.141693,0.141693,0.189014
41,TENNESSEE,NASHVILLE USD,02,UNKNOWN,0.168889,0.152091,0.109849,0.101700,0.101700,0.135457
41,TENNESSEE,BALANCE OF STATE (TENNESSEE),08,UNKNOWN,0.180992,0.163007,0.117741,0.108925,0.108925,0.145246
42,TEXAS,CITY OF DALLAS,02,UNKNOWN,0.193707,0.174403,0.125848,0.116410,0.116410,0.155119
42,TEXAS,SAN ANTONIO,04,UNKNOWN,0.200870,0.180695,0.130590,0.120640,0.120640,0.160808
42,TEXAS,CITY OF AUSTIN,01,UNKNOWN,0.187924,0.169082,0.122080,0.112816,0.112816,0.150456
42,TEXAS,CITY OF HOUSTON,03,UNKNOWN,0.242208,0.217948,0.157280,0.145442,0.145442,0.194032
42,TEXAS,BALANCE OF STATE (TEXAS),08,UNKNOWN,0.208171,0.187249,0.135182,0.124934,0.124934,0.166651
43,UTAH,ENTIRE STATE (UTAH),09,UNKNOWN,0.105509,0.094496,0.068219,0.063237,0.063237,0.084184
44,VERMONT,ENTIRE STATE (VERMONT),09,UNKNOWN,0.430521,0.387897,0.280120,0.258473,0.258473,0.345087
45,VIRGINIA,CITY OF RICHMOND,02,UNKNOWN,0.334090,0.300737,0.217319,0.200504,0.200504,0.268053
45,VIRGINIA,FAIRFAX COUNTY,04,UNKNOWN,0.351542,0.316397,0.228502,0.210835,0.210835,0.282020
45,VIRGINIA,NORFOLK,01,UNKNOWN,0.257438,0.231707,0.167417,0.154447,0.154447,0.206508
45,VIRGINIA,VIRGINIA BEACH,03,UNKNOWN,0.184926,0.166529,0.120229,0.110995,0.110995,0.148432
45,VIRGINIA,BALANCE OF STATE (VIRGINIA),08,UNKNOWN,0.235094,0.211615,0.152847,0.141092,0.141092,0.188597
47,WEST VIRGINIA,ENTIRE STATE (WEST VIRGINIA),09,UNKNOWN,0.205118,0.184686,0.133631,0.123360,0.123360,0.164317
48,WISCONSIN,CITY OF MILWAUKEE,01,UNKNOWN,0.178284,0.160179,0.115260,0.106841,0.106841,0.142940
48,WISCONSIN,BALANCE OF STATE (WISCONSIN),08,UNKNOWN,0.079196,0.071156,0.051190,0.047442,0.047442,0.063441
49,WYOMING,ENTIRE STATE (WYOMING),09,UNKNOWN,0.139039,0.124709,0.089863,0.082827,0.082827,0.111148
54,ALASKA,ENTIRE STATE (ALASKA),09,UNKNOWN,0.160467,0.144432,0.104404,0.096438,0.096438,0.128546
55,ALASKA,ENTIRE STATE (ALASKA),09,UNKNOWN,0.160467,0.144432,0.104404,0.096438,0.096438,0.128546
61,NEW YORK,BUFFALO,01,UNKNOWN,0.232155,0.208561,0.151061,0.139796,0.139796,0.186116
61,NEW YORK,ROCHESTER,03,UNKNOWN,0.222216,0.199647,0.144872,0.133810,0.133810,0.178204
61,NEW YORK,BALANCE OF STATE (NEW YORK),08,UNKNOWN,0.295927,0.266014,0.192762,0.178128,0.178128,0.237123
64,CALIFORNIA,CITY OF SACRAMENTO,04,UNKNOWN,0.090486,0.081575,0.058919,0.054407,0.054407,0.072699
64,CALIFORNIA,BALANCE OF STATE (CALIFORNIA),08,UNKNOWN,0.095081,0.085782,0.061854,0.057067,0.057067,0.076337
NA,MISSISSIPPI,NA,NA,UNKNOWN,0.237907,0.214460,0.154762,0.143179,0.143179,0.190833
NA,LOUISIANA,NA,NA,UNKNOWN,0.225453,0.202928,0.146484,0.135420,0.135420,0.180618
NA,IDAHO,NA,NA,UNKNOWN,0.106424,0.095930,0.069149,0.063903,0.063903,0.085426
NA,HAWAII,NA,NA,UNKNOWN,0.051989,0.046861,0.033800,0.031190,0.031190,0.041690
NA,WASHINGTON,NA,NA,UNKNOWN,0.106424,0.095930,0.069149,0.063903,0.063903,0.085426
1,ALABAMA,UNKNOWN,NA,UNKNOWN,0.369202,0.332856,0.240215,0.222265,0.222265,0.296119
2,ARIZONA,UNKNOWN,NA,UNKNOWN,0.081369,0.073346,0.053096,0.049124,0.049124,0.065397
3,ARKANSAS,UNKNOWN,NA,UNKNOWN,0.213226,0.192127,0.138617,0.128186,0.128186,0.171094
4,CALIFORNIA,UNKNOWN,NA,UNKNOWN,0.106542,0.096184,0.069316,0.063865,0.063865,0.085549
5,COLORADO,UNKNOWN,NA,UNKNOWN,0.175613,0.158767,0.114150,0.106021,0.106021,0.141344
6,CONNECTICUT,UNKNOWN,NA,UNKNOWN,0.106581,0.096033,0.069201,0.063920,0.063920,0.085379
7,DELAWARE,UNKNOWN,NA,UNKNOWN,0.189400,0.170467,0.122707,0.113277,0.113277,0.151403
8,DIST. OF COLUMBIA,UNKNOWN,NA,UNKNOWN,0.346171,0.311781,0.225072,0.207876,0.207876,0.277467
9,FLORIDA,UNKNOWN,NA,UNKNOWN,0.361547,0.325575,0.235172,0.217399,0.217399,0.290121
10,GEORGIA,UNKNOWN,NA,UNKNOWN,0.253226,0.227455,0.164747,0.152397,0.152397,0.202943
12,ILLINOIS,UNKNOWN,NA,UNKNOWN,0.140885,0.126647,0.091339,0.084554,0.084554,0.113036
13,INDIANA,UNKNOWN,NA,UNKNOWN,0.177435,0.159574,0.115557,0.106542,0.106542,0.142121
14,IOWA,UNKNOWN,NA,UNKNOWN,0.379338,0.341365,0.246286,0.228230,0.228230,0.303603
15,KANSAS,UNKNOWN,NA,UNKNOWN,0.181198,0.163070,0.117808,0.108676,0.108676,0.145504
16,KENTUCKY,UNKNOWN,NA,UNKNOWN,0.177572,0.160113,0.115478,0.106643,0.106643,0.142706
18,MAINE,UNKNOWN,NA,UNKNOWN,0.239890,0.215892,0.155979,0.144172,0.144172,0.192310
19,MARYLAND,UNKNOWN,NA,UNKNOWN,0.170973,0.154037,0.111553,0.102947,0.102947,0.137225
20,MASSACHUSETTS,UNKNOWN,NA,UNKNOWN,0.109824,0.098895,0.071428,0.065930,0.065930,0.088018
21,MICHIGAN,UNKNOWN,NA,UNKNOWN,0.330641,0.297324,0.214989,0.198788,0.198788,0.264753
22,MINNESOTA,UNKNOWN,NA,UNKNOWN,0.267837,0.241102,0.173910,0.161508,0.161508,0.214760
24,MISSOURI,UNKNOWN,NA,UNKNOWN,0.202894,0.182765,0.131943,0.122017,0.122017,0.162523
25,MONTANA,UNKNOWN,NA,UNKNOWN,0.358459,0.322648,0.232722,0.215428,0.215428,0.287164
26,NEBRASKA,UNKNOWN,NA,UNKNOWN,0.097584,0.087717,0.063046,0.058581,0.058581,0.078348
27,NEVADA,UNKNOWN,NA,UNKNOWN,0.079813,0.071896,0.051925,0.048048,0.048048,0.064025
28,NEW HAMPSHIRE,UNKNOWN,NA,UNKNOWN,0.200511,0.180559,0.130496,0.120511,0.120511,0.161339
29,NEW JERSEY,UNKNOWN,NA,UNKNOWN,0.208366,0.187586,0.135506,0.125186,0.125186,0.167033
30,NEW MEXICO,UNKNOWN,NA,UNKNOWN,0.153821,0.138489,0.099904,0.092476,0.092476,0.123180
31,NEW YORK,UNKNOWN,NA,UNKNOWN,0.268270,0.241217,0.174621,0.161419,0.161419,0.214936
32,NORTH CAROLINA,UNKNOWN,NA,UNKNOWN,0.177948,0.160431,0.115806,0.106748,0.106748,0.142815
33,NORTH DAKOTA,UNKNOWN,NA,UNKNOWN,0.251568,0.226633,0.163817,0.151398,0.151398,0.201748
34,OHIO,UNKNOWN,NA,UNKNOWN,0.145605,0.130949,0.094374,0.087233,0.087233,0.116479
35,OKLAHOMA,UNKNOWN,NA,UNKNOWN,0.229592,0.206753,0.149255,0.138104,0.138104,0.184072
36,OREGON,UNKNOWN,NA,UNKNOWN,0.070022,0.063233,0.045543,0.041998,0.041998,0.056348
37,PENNSYLVANIA,UNKNOWN,NA,UNKNOWN,0.144716,0.129944,0.094110,0.087184,0.087184,0.115721
38,RHODE ISLAND,UNKNOWN,NA,UNKNOWN,0.317579,0.285749,0.206223,0.190672,0.190672,0.254346
39,SOUTH CAROLINA,UNKNOWN,NA,UNKNOWN,0.263813,0.237421,0.171372,0.158225,0.158225,0.211290
40,SOUTH DAKOTA,UNKNOWN,NA,UNKNOWN,0.328820,0.296913,0.213996,0.197565,0.197565,0.263135
41,TENNESSEE,UNKNOWN,NA,UNKNOWN,0.195127,0.175717,0.126931,0.117439,0.117439,0.156572
42,TEXAS,UNKNOWN,NA,UNKNOWN,0.206576,0.185875,0.134196,0.124048,0.124048,0.165413
43,UTAH,UNKNOWN,NA,UNKNOWN,0.105509,0.094496,0.068219,0.063237,0.063237,0.084184
44,VERMONT,UNKNOWN,NA,UNKNOWN,0.430521,0.387897,0.280120,0.258473,0.258473,0.345087
45,VIRGINIA,UNKNOWN,NA,UNKNOWN,0.272618,0.245397,0.177263,0.163575,0.163575,0.218722
47,WEST VIRGINIA,UNKNOWN,NA,UNKNOWN,0.205118,0.184686,0.133631,0.123360,0.123360,0.164317
48,WISCONSIN,UNKNOWN,NA,UNKNOWN,0.128740,0.115667,0.083225,0.077142,0.077142,0.103190
49,WYOMING,UNKNOWN,NA,UNKNOWN,0.139039,0.124709,0.089863,0.082827,0.082827,0.111148
54,ALASKA,UNKNOWN,NA,UNKNOWN,0.160467,0.144432,0.104404,0.096438,0.096438,0.128546
55,ALASKA,UNKNOWN,NA,UNKNOWN,0.160467,0.144432,0.104404,0.096438,0.096438,0.128546
61,NEW YORK,UNKNOWN,NA,UNKNOWN,0.268270,0.241217,0.174621,0.161419,0.161419,0.214936
64,CALIFORNIA,UNKNOWN,NA,UNKNOWN,0.106542,0.096184,0.069316,0.063865,0.063865,0.085549
NA,MISSISSIPPI,UNKNOWN,NA,UNKNOWN,0.237907,0.214460,0.154762,0.143179,0.143179,0.190833
NA,LOUISIANA,UNKNOWN,NA,UNKNOWN,0.225453,0.202928,0.146484,0.135420,0.135420,0.180618
NA,IDAHO,UNKNOWN,NA,UNKNOWN,0.106424,0.095930,0.069149,0.063903,0.063903,0.085426
NA,HAWAII,UNKNOWN,NA,UNKNOWN,0.051989,0.046861,0.033800,0.031190,0.031190,0.041690
NA,WASHINGTON,UNKNOWN,NA,UNKNOWN,0.106424,0.095930,0.069149,0.063903,0.063903,0.085426
NA,ON,NA,NA,AGRICULTURE,0.195563,0.175000,0.124396,0.116083,0.116083,0.155313
NA,ON,NA,NA,AIR,0.074958,0.069708,0.049729,0.045938,0.045938,0.060667
NA,ON,NA,NA,CASINOS,0.252583,0.227135,0.163917,0.150500,0.150500,0.202271
NA,ON,NA,NA,CONSTRUCTION,0.092060,0.083273,0.059144,0.054665,0.054665,0.072833
NA,ON,NA,NA,EDUCATION,0.063438,0.054833,0.039375,0.037042,0.037042,0.049438
NA,ON,NA,NA,EMERGENCY RESPONSE SERVICES,0.056583,0.051479,0.036750,0.033542,0.033542,0.045500
NA,ON,NA,NA,ENTERTAINMENT AND RECREATION,0.160841,0.144680,0.104191,0.095945,0.095945,0.128453
NA,ON,NA,NA,FOOD AND DRUGS PROCESSING,0.338674,0.305181,0.220694,0.203438,0.203438,0.271639
NA,ON,NA,NA,GASOLINE SERVICE STATIONS,0.143208,0.127604,0.091729,0.086479,0.086479,0.114188
NA,ON,NA,NA,GENERAL SERVICES,0.056729,0.051844,0.036750,0.033906,0.033906,0.045573
NA,ON,NA,NA,GROUP INSTITUTIONAL HOUSING,0.090067,0.081696,0.058742,0.054163,0.054163,0.072596
NA,ON,NA,NA,HEALTH CARE SERVICE,0.046958,0.042438,0.029604,0.028583,0.028583,0.038646
NA,ON,NA,NA,HEAVY FABRICATION AND ASSEMBLY,0.501600,0.451805,0.329642,0.303748,0.303748,0.405994
NA,ON,NA,NA,HIGHWAY,0.210000,0.189729,0.137229,0.126875,0.126875,0.167854
NA,ON,NA,NA,LIGHT FABRICATION AND ASSEMBLY,0.318451,0.287340,0.207035,0.191917,0.191917,0.256083
NA,ON,NA,NA,PERMANENT DWELLING (MULTI FAMILY HOUSING),0.148159,0.133798,0.096534,0.089294,0.089294,0.118563
NA,ON,NA,NA,PERMANENT DWELLING (SINGLE FAMILY HOUSING),0.074295,0.069096,0.049809,0.045114,0.045114,0.060207
NA,ON,NA,NA,PERSONAL AND REPAIR SERVICES,0.204669,0.184787,0.133113,0.122727,0.122727,0.163981
NA,ON,NA,NA,PETROLEUM,0.138104,0.124396,0.089833,0.082688,0.082688,0.110906
NA,ON,NA,NA,"PROFESSIONAL, TECHNICAL AND BUSINESS SERVICES",0.039322,0.035264,0.025538,0.023748,0.023748,0.031744
NA,ON,NA,NA,RELIGION AND NONPROFIT,0.086246,0.077321,0.055913,0.053025,0.053025,0.069329
NA,ON,NA,NA,RESTAURANTS,0.125039,0.112969,0.081101,0.075377,0.075377,0.100613
NA,ON,NA,NA,RETAIL TRADE,0.226640,0.203760,0.146662,0.135487,0.135487,0.181248
NA,ON,NA,NA,SANITARY SEWER,0.784626,0.706088,0.508987,0.470473,0.470473,0.629815
NA,ON,NA,NA,TEMPORARY LODGING,0.225458,0.202563,0.146198,0.135188,0.135188,0.180979
NA,ON,NA,NA,UNKNOWN,0.182194,0.164109,0.118266,0.109313,0.109313,0.145926
NA,ON,NA,NA,WHOLESALE TRADE,0.183079,0.164763,0.119292,0.110046,0.110046,0.145892
NA,ON,NA,NA,AGRICULTURE,0.195563,0.175000,0.124396,0.116083,0.116083,0.155313
NA,ON,NA,NA,AIR,0.074958,0.069708,0.049729,0.045938,0.045938,0.060667
NA,ON,NA,NA,CASINOS,0.252583,0.227135,0.163917,0.150500,0.150500,0.202271
NA,ON,NA,NA,CONSTRUCTION,0.092060,0.083273,0.059144,0.054665,0.054665,0.072833
NA,ON,NA,NA,EDUCATION,0.063438,0.054833,0.039375,0.037042,0.037042,0.049438
NA,ON,NA,NA,EMERGENCY RESPONSE SERVICES,0.056583,0.051479,0.036750,0.033542,0.033542,0.045500
NA,ON,NA,NA,ENTERTAINMENT AND RECREATION,0.160841,0.144680,0.104191,0.095945,0.095945,0.128453
NA,ON,NA,NA,FOOD AND DRUGS PROCESSING,0.338674,0.305181,0.220694,0.203438,0.203438,0.271639
NA,ON,NA,NA,GASOLINE SERVICE STATIONS,0.143208,0.127604,0.091729,0.086479,0.086479,0.114188
NA,ON,NA,NA,GENERAL SERVICES,0.056729,0.051844,0.036750,0.033906,0.033906,0.045573
NA,ON,NA,NA,GROUP INSTITUTIONAL HOUSING,0.090067,0.081696,0.058742,0.054163,0.054163,0.072596
NA,ON,NA,NA,HEALTH CARE SERVICE,0.046958,0.042438,0.029604,0.028583,0.028583,0.038646
NA,ON,NA,NA,HEAVY FABRICATION AND ASSEMBLY,0.501600,0.451805,0.329642,0.303748,0.303748,0.405994
NA,ON,NA,NA,HIGHWAY,0.210000,0.189729,0.137229,0.126875,0.126875,0.167854
NA,ON,NA,NA,LIGHT FABRICATION AND ASSEMBLY,0.318451,0.287340,0.207035,0.191917,0.191917,0.256083
NA,ON,NA,NA,PERMANENT DWELLING (MULTI FAMILY HOUSING),0.148159,0.133798,0.096534,0.089294,0.089294,0.118563
NA,ON,NA,NA,PERMANENT DWELLING (SINGLE FAMILY HOUSING),0.074295,0.069096,0.049809,0.045114,0.045114,0.060207
NA,ON,NA,NA,PERSONAL AND REPAIR SERVICES,0.204669,0.184787,0.133113,0.122727,0.122727,0.163981
NA,ON,NA,NA,PETROLEUM,0.138104,0.124396,0.089833,0.082688,0.082688,0.110906
NA,ON,NA,NA,"PROFESSIONAL, TECHNICAL AND BUSINESS SERVICES",0.039322,0.035264,0.025538,0.023748,0.023748,0.031744
NA,ON,NA,NA,RELIGION AND NONPROFIT,0.086246,0.077321,0.055913,0.053025,0.053025,0.069329
NA,ON,NA,NA,RESTAURANTS,0.125039,0.112969,0.081101,0.075377,0.075377,0.100613
NA,ON,NA,NA,RETAIL TRADE,0.226640,0.203760,0.146662,0.135487,0.135487,0.181248
NA,ON,NA,NA,SANITARY SEWER,0.784626,0.706088,0.508987,0.470473,0.470473,0.629815
NA,ON,NA,NA,TEMPORARY LODGING,0.225458,0.202563,0.146198,0.135188,0.135188,0.180979
NA,ON,NA,NA,UNKNOWN,0.182194,0.164109,0.118266,0.109313,0.109313,0.145926
NA,ON,NA,NA,WHOLESALE TRADE,0.183079,0.164763,0.119292,0.110046,0.110046,0.145892
NA,ON,NA,NA,AGRICULTURE,0.195563,0.175000,0.124396,0.116083,0.116083,0.155313
NA,ON,NA,NA,AIR,0.074958,0.069708,0.049729,0.045938,0.045938,0.060667
NA,ON,NA,NA,CASINOS,0.252583,0.227135,0.163917,0.150500,0.150500,0.202271
NA,ON,NA,NA,CONSTRUCTION,0.092060,0.083273,0.059144,0.054665,0.054665,0.072833
NA,ON,NA,NA,EDUCATION,0.063438,0.054833,0.039375,0.037042,0.037042,0.049438
NA,ON,NA,NA,EMERGENCY RESPONSE SERVICES,0.056583,0.051479,0.036750,0.033542,0.033542,0.045500
NA,ON,NA,NA,ENTERTAINMENT AND RECREATION,0.160841,0.144680,0.104191,0.095945,0.095945,0.128453
NA,ON,NA,NA,FOOD AND DRUGS PROCESSING,0.338674,0.305181,0.220694,0.203438,0.203438,0.271639
NA,ON,NA,NA,GASOLINE SERVICE STATIONS,0.143208,0.127604,0.091729,0.086479,0.086479,0.114188
NA,ON,NA,NA,GENERAL SERVICES,0.056729,0.051844,0.036750,0.033906,0.033906,0.045573
NA,ON,NA,NA,GROUP INSTITUTIONAL HOUSING,0.090067,0.081696,0.058742,0.054163,0.054163,0.072596
NA,ON,NA,NA,HEALTH CARE SERVICE,0.046958,0.042438,0.029604,0.028583,0.028583,0.038646
NA,ON,NA,NA,HEAVY FABRICATION AND ASSEMBLY,0.501600,0.451805,0.329642,0.303748,0.303748,0.405994
NA,ON,NA,NA,HIGHWAY,0.210000,0.189729,0.137229,0.126875,0.126875,0.167854
NA,ON,NA,NA,LIGHT FABRICATION AND ASSEMBLY,0.318451,0.287340,0.207035,0.191917,0.191917,0.256083
NA,ON,NA,NA,PERMANENT DWELLING (MULTI FAMILY HOUSING),0.148159,0.133798,0.096534,0.089294,0.089294,0.118563
NA,ON,NA,NA,PERMANENT DWELLING (SINGLE FAMILY HOUSING),0.074295,0.069096,0.049809,0.045114,0.045114,0.060207
NA,ON,NA,NA,PERSONAL AND REPAIR SERVICES,0.204669,0.184787,0.133113,0.122727,0.122727,0.163981
NA,ON,NA,NA,PETROLEUM,0.138104,0.124396,0.089833,0.082688,0.082688,0.110906
NA,ON,NA,NA,"PROFESSIONAL, TECHNICAL AND BUSINESS SERVICES",0.039322,0.035264,0.025538,0.023748,0.023748,0.031744
NA,ON,NA,NA,RELIGION AND NONPROFIT,0.086246,0.077321,0.055913,0.053025,0.053025,0.069329
NA,ON,NA,NA,RESTAURANTS,0.125039,0.112969,0.081101,0.075377,0.075377,0.100613
NA,ON,NA,NA,RETAIL TRADE,0.226640,0.203760,0.146662,0.135487,0.135487,0.181248
NA,ON,NA,NA,SANITARY SEWER,0.784626,0.706088,0.508987,0.470473,0.470473,0.629815
NA,ON,NA,NA,TEMPORARY LODGING,0.225458,0.202563,0.146198,0.135188,0.135188,0.180979
NA,ON,NA,NA,UNKNOWN,0.182194,0.164109,0.118266,0.109313,0.109313,0.145926
NA,ON,NA,NA,WHOLESALE TRADE,0.183079,0.164763,0.119292,0.110046,0.110046,0.145892
NA,ON,NA,NA,AGRICULTURE,0.195563,0.175000,0.124396,0.116083,0.116083,0.155313
NA,ON,NA,NA,AIR,0.074958,0.069708,0.049729,0.045938,0.045938,0.060667
NA,ON,NA,NA,CASINOS,0.252583,0.227135,0.163917,0.150500,0.150500,0.202271
NA,ON,NA,NA,CONSTRUCTION,0.092060,0.083273,0.059144,0.054665,0.054665,0.072833
NA,ON,NA,NA,EDUCATION,0.063438,0.054833,0.039375,0.037042,0.037042,0.049438
NA,ON,NA,NA,EMERGENCY RESPONSE SERVICES,0.056583,0.051479,0.036750,0.033542,0.033542,0.045500
NA,ON,NA,NA,ENTERTAINMENT AND RECREATION,0.160841,0.144680,0.104191,0.095945,0.095945,0.128453
NA,ON,NA,NA,FOOD AND DRUGS PROCESSING,0.338674,0.305181,0.220694,0.203438,0.203438,0.271639
NA,ON,NA,NA,GASOLINE SERVICE STATIONS,0.143208,0.127604,0.091729,0.086479,0.086479,0.114188
NA,ON,NA,NA,GENERAL SERVICES,0.056729,0.051844,0.036750,0.033906,0.033906,0.045573
NA,ON,NA,NA,GROUP INSTITUTIONAL HOUSING,0.090067,0.081696,0.058742,0.054163,0.054163,0.072596
NA,ON,NA,NA,HEALTH CARE SERVICE,0.046958,0.042438,0.029604,0.028583,0.028583,0.038646
NA,ON,NA,NA,HEAVY FABRICATION AND ASSEMBLY,0.501600,0.451805,0.329642,0.303748,0.303748,0.405994
NA,ON,NA,NA,HIGHWAY,0.210000,0.189729,0.137229,0.126875,0.126875,0.167854
NA,ON,NA,NA,LIGHT FABRICATION AND ASSEMBLY,0.318451,0.287340,0.207035,0.191917,0.191917,0.256083
NA,ON,NA,NA,PERMANENT DWELLING (MULTI FAMILY HOUSING),0.148159,0.133798,0.096534,0.089294,0.089294,0.118563
NA,ON,NA,NA,PERMANENT DWELLING (SINGLE FAMILY HOUSING),0.074295,0.069096,0.049809,0.045114,0.045114,0.060207
NA,ON,NA,NA,PERSONAL AND REPAIR SERVICES,0.204669,0.184787,0.133113,0.122727,0.122727,0.163981
NA,ON,NA,NA,PETROLEUM,0.138104,0.124396,0.089833,0.082688,0.082688,0.110906
NA,ON,NA,NA,"PROFESSIONAL, TECHNICAL AND BUSINESS SERVICES",0.039322,0.035264,0.025538,0.023748,0.023748,0.031744
NA,ON,NA,NA,RELIGION AND NONPROFIT,0.086246,0.077321,0.055913,0.053025,0.053025,0.069329
NA,ON,NA,NA,RESTAURANTS,0.125039,0.112969,0.081101,0.075377,0.075377,0.100613
NA,ON,NA,NA,RETAIL TRADE,0.226640,0.203760,0.146662,0.135487,0.135487,0.181248
NA,ON,NA,NA,SANITARY SEWER,0.784626,0.706088,0.508987,0.470473,0.470473,0.629815
NA,ON,NA,NA,TEMPORARY LODGING,0.225458,0.202563,0.146198,0.135188,0.135188,0.180979
NA,ON,NA,NA,UNKNOWN,0.182194,0.164109,0.118266,0.109313,0.109313,0.145926
NA,ON,NA,NA,WHOLESALE TRADE,0.183079,0.164763,0.119292,0.110046,0.110046,0.145892
NA,ON,NA,NA,AGRICULTURE,0.195563,0.175000,0.124396,0.116083,0.116083,0.155313
NA,ON,NA,NA,AIR,0.074958,0.069708,0.049729,0.045938,0.045938,0.060667
NA,ON,NA,NA,CASINOS,0.252583,0.227135,0.163917,0.150500,0.150500,0.202271
NA,ON,NA,NA,CONSTRUCTION,0.092060,0.083273,0.059144,0.054665,0.054665,0.072833
NA,ON,NA,NA,EDUCATION,0.063438,0.054833,0.039375,0.037042,0.037042,0.049438
NA,ON,NA,NA,EMERGENCY RESPONSE SERVICES,0.056583,0.051479,0.036750,0.033542,0.033542,0.045500
NA,ON,NA,NA,ENTERTAINMENT AND RECREATION,0.160841,0.144680,0.104191,0.095945,0.095945,0.128453
NA,ON,NA,NA,FOOD AND DRUGS PROCESSING,0.338674,0.305181,0.220694,0.203438,0.203438,0.271639
NA,ON,NA,NA,GASOLINE SERVICE STATIONS,0.143208,0.127604,0.091729,0.086479,0.086479,0.114188
NA,ON,NA,NA,GENERAL SERVICES,0.056729,0.051844,0.036750,0.033906,0.033906,0.045573
NA,ON,NA,NA,GROUP INSTITUTIONAL HOUSING,0.090067,0.081696,0.058742,0.054163,0.054163,0.072596
NA,ON,NA,NA,HEALTH CARE SERVICE,0.046958,0.042438,0.029604,0.028583,0.028583,0.038646
NA,ON,NA,NA,HEAVY FABRICATION AND ASSEMBLY,0.501600,0.451805,0.329642,0.303748,0.303748,0.405994
NA,ON,NA,NA,HIGHWAY,0.210000,0.189729,0.137229,0.126875,0.126875,0.167854
NA,ON,NA,NA,LIGHT FABRICATION AND ASSEMBLY,0.318451,0.287340,0.207035,0.191917,0.191917,0.256083
NA,ON,NA,NA,PERMANENT DWELLING (MULTI FAMILY HOUSING),0.148159,0.133798,0.096534,0.089294,0.089294,0.118563
NA,ON,NA,NA,PERMANENT DWELLING (SINGLE FAMILY HOUSING),0.074295,0.069096,0.049809,0.045114,0.045114,0.060207
NA,ON,NA,NA,PERSONAL AND REPAIR SERVICES,0.204669,0.184787,0.133113,0.122727,0.122727,0.163981
NA,ON,NA,NA,PETROLEUM,0.138104,0.124396,0.089833,0.082688,0.082688,0.110906
NA,ON,NA,NA,"PROFESSIONAL, TECHNICAL AND BUSINESS SERVICES",0.039322,0.035264,0.025538,0.023748,0.023748,0.031744
NA,ON,NA,NA,RELIGION AND NONPROFIT,0.086246,0.077321,0.055913,0.053025,0.053025,0.069329
NA,ON,NA,NA,RESTAURANTS,0.125039,0.112969,0.081101,0.075377,0.075377,0.100613
NA,ON,NA,NA,RETAIL TRADE,0.226640,0.203760,0.146662,0.135487,0.135487,0.181248
NA,ON,NA,NA,SANITARY SEWER,0.784626,0.706088,0.508987,0.470473,0.470473,0.629815
NA,ON,NA,NA,TEMPORARY LODGING,0.225458,0.202563,0.146198,0.135188,0.135188,0.180979
NA,ON,NA,NA,UNKNOWN,0.182194,0.164109,0.118266,0.109313,0.109313,0.145926
NA,ON,NA,NA,WHOLESALE TRADE,0.183079,0.164763,0.119292,0.110046,0.110046,0.145892
NA,ON,NA,NA,AGRICULTURE,0.195563,0.175000,0.124396,0.116083,0.116083,0.155313
NA,ON,NA,NA,AIR,0.074958,0.069708,0.049729,0.045938,0.045938,0.060667
NA,ON,NA,NA,CASINOS,0.252583,0.227135,0.163917,0.150500,0.150500,0.202271
NA,ON,NA,NA,CONSTRUCTION,0.092060,0.083273,0.059144,0.054665,0.054665,0.072833
NA,ON,NA,NA,EDUCATION,0.063438,0.054833,0.039375,0.037042,0.037042,0.049438
NA,ON,NA,NA,EMERGENCY RESPONSE SERVICES,0.056583,0.051479,0.036750,0.033542,0.033542,0.045500
NA,ON,NA,NA,ENTERTAINMENT AND RECREATION,0.160841,0.144680,0.104191,0.095945,0.095945,0.128453
NA,ON,NA,NA,FOOD AND DRUGS PROCESSING,0.338674,0.305181,0.220694,0.203438,0.203438,0.271639
NA,ON,NA,NA,GASOLINE SERVICE STATIONS,0.143208,0.127604,0.091729,0.086479,0.086479,0.114188
NA,ON,NA,NA,GENERAL SERVICES,0.056729,0.051844,0.036750,0.033906,0.033906,0.045573
NA,ON,NA,NA,GROUP INSTITUTIONAL HOUSING,0.090067,0.081696,0.058742,0.054163,0.054163,0.072596
NA,ON,NA,NA,HEALTH CARE SERVICE,0.046958,0.042438,0.029604,0.028583,0.028583,0.038646
NA,ON,NA,NA,HEAVY FABRICATION AND ASSEMBLY,0.501600,0.451805,0.329642,0.303748,0.303748,0.405994
NA,ON,NA,NA,HIGHWAY,0.210000,0.189729,0.137229,0.126875,0.126875,0.167854
NA,ON,NA,NA,LIGHT FABRICATION AND ASSEMBLY,0.318451,0.287340,0.207035,0.191917,0.191917,0.256083
NA,ON,NA,NA,PERMANENT DWELLING (MULTI FAMILY HOUSING),0.148159,0.133798,0.096534,0.089294,0.089294,0.118563
NA,ON,NA,NA,PERMANENT DWELLING (SINGLE FAMILY HOUSING),0.074295,0.069096,0.049809,0.045114,0.045114,0.060207
NA,ON,NA,NA,PERSONAL AND REPAIR SERVICES,0.204669,0.184787,0.133113,0.122727,0.122727,0.163981
NA,ON,NA,NA,PETROLEUM,0.138104,0.124396,0.089833,0.082688,0.082688,0.110906
NA,ON,NA,NA,"PROFESSIONAL, TECHNICAL AND BUSINESS SERVICES",0.039322,0.035264,0.025538,0.023748,0.023748,0.031744
NA,ON,NA,NA,RELIGION AND NONPROFIT,0.086246,0.077321,0.055913,0.053025,0.053025,0.069329
NA,ON,NA,NA,RESTAURANTS,0.125039,0.112969,0.081101,0.075377,0.075377,0.100613
NA,ON,NA,NA,RETAIL TRADE,0.226640,0.203760,0.146662,0.135487,0.135487,0.181248
NA,ON,NA,NA,SANITARY SEWER,0.784626,0.706088,0.508987,0.470473,0.470473,0.629815
NA,ON,NA,NA,TEMPORARY LODGING,0.225458,0.202563,0.146198,0.135188,0.135188,0.180979
NA,ON,NA,NA,UNKNOWN,0.182194,0.164109,0.118266,0.109313,0.109313,0.145926
NA,ON,NA,NA,WHOLESALE TRADE,0.183079,0.164763,0.119292,0.110046,0.110046,0.145892
NA,QC,NA,NA,AGRICULTURE,0.155400,0.139300,0.100100,0.093100,0.093100,0.125300
NA,QC,NA,NA,AIR,0.082600,0.074200,0.053900,0.051100,0.051100,0.066500
NA,QC,NA,NA,CASINOS,0.361900,0.323400,0.234500,0.216650,0.216650,0.289800
NA,QC,NA,NA,CONSTRUCTION,0.116200,0.105700,0.076300,0.069300,0.069300,0.091700
NA,QC,NA,NA,EDUCATION,0.058800,0.052500,0.035700,0.035000,0.035000,0.047600
NA,QC,NA,NA,EMERGENCY RESPONSE SERVICES,0.086100,0.076300,0.056000,0.053200,0.053200,0.068600
NA,QC,NA,NA,ENTERTAINMENT AND RECREATION,0.229536,0.206245,0.149418,0.137455,0.137455,0.182764
NA,QC,NA,NA,FOOD AND DRUGS PROCESSING,0.344633,0.310800,0.224233,0.206033,0.206033,0.275567
NA,QC,NA,NA,GASOLINE SERVICE STATIONS,0.154700,0.140700,0.100800,0.093800,0.093800,0.123900
NA,QC,NA,NA,GENERAL SERVICES,0.085050,0.076650,0.057050,0.051100,0.051100,0.067900
NA,QC,NA,NA,GROUP INSTITUTIONAL HOUSING,0.141820,0.126420,0.091560,0.085400,0.085400,0.113260
NA,QC,NA,NA,HEALTH CARE SERVICE,0.107100,0.095900,0.068600,0.063700,0.063700,0.085400
NA,QC,NA,NA,HEAVY FABRICATION AND ASSEMBLY,0.428634,0.385611,0.278851,0.254949,0.254949,0.339401
NA,QC,NA,NA,HIGHWAY,0.177800,0.161000,0.114100,0.106400,0.106400,0.141400
NA,QC,NA,NA,LIGHT FABRICATION AND ASSEMBLY,0.279767,0.252700,0.181300,0.168700,0.168700,0.225400
NA,QC,NA,NA,PERMANENT DWELLING (MULTI FAMILY HOUSING),0.184853,0.166267,0.120540,0.110355,0.110355,0.148103
NA,QC,NA,NA,PERMANENT DWELLING (SINGLE FAMILY HOUSING),0.111895,0.099820,0.071645,0.068425,0.068425,0.090965
NA,QC,NA,NA,PERSONAL AND REPAIR SERVICES,0.160067,0.143811,0.103756,0.095978,0.095978,0.127322
NA,QC,NA,NA,PETROLEUM,0.117250,0.104650,0.075600,0.070000,0.070000,0.093100
NA,QC,NA,NA,"PROFESSIONAL, TECHNICAL AND BUSINESS SERVICES",0.037233,0.033510,0.023772,0.022053,0.022053,0.030073
NA,QC,NA,NA,RELIGION AND NONPROFIT,0.116620,0.106260,0.076860,0.070280,0.070280,0.094220
NA,QC,NA,NA,RESTAURANTS,0.223496,0.201284,0.144494,0.134876,0.134876,0.178843
NA,QC,NA,NA,RETAIL TRADE,0.198174,0.178426,0.128616,0.118853,0.118853,0.159047
NA,QC,NA,NA,SANITARY SEWER,0.658512,0.596890,0.428939,0.397524,0.397524,0.529226
NA,QC,NA,NA,TEMPORARY LODGING,0.295050,0.264600,0.191100,0.178150,0.178150,0.236250
NA,QC,NA,NA,UNKNOWN,0.196057,0.176322,0.127336,0.117678,0.117678,0.156871
NA,QC,NA,NA,WHOLESALE TRADE,0.154000,0.138040,0.099960,0.092820,0.092820,0.122500
NA,QC,NA,NA,AGRICULTURE,0.155400,0.139300,0.100100,0.093100,0.093100,0.125300
NA,QC,NA,NA,AIR,0.082600,0.074200,0.053900,0.051100,0.051100,0.066500
NA,QC,NA,NA,CASINOS,0.361900,0.323400,0.234500,0.216650,0.216650,0.289800
NA,QC,NA,NA,CONSTRUCTION,0.116200,0.105700,0.076300,0.069300,0.069300,0.091700
NA,QC,NA,NA,EDUCATION,0.058800,0.052500,0.035700,0.035000,0.035000,0.047600
NA,QC,NA,NA,EMERGENCY RESPONSE SERVICES,0.086100,0.076300,0.056000,0.053200,0.053200,0.068600
NA,QC,NA,NA,ENTERTAINMENT AND RECREATION,0.229536,0.206245,0.149418,0.137455,0.137455,0.182764
NA,QC,NA,NA,FOOD AND DRUGS PROCESSING,0.344633,0.310800,0.224233,0.206033,0.206033,0.275567
NA,QC,NA,NA,GASOLINE SERVICE STATIONS,0.154700,0.140700,0.100800,0.093800,0.093800,0.123900
NA,QC,NA,NA,GENERAL SERVICES,0.085050,0.076650,0.057050,0.051100,0.051100,0.067900
NA,QC,NA,NA,GROUP INSTITUTIONAL HOUSING,0.141820,0.126420,0.091560,0.085400,0.085400,0.113260
NA,QC,NA,NA,HEALTH CARE SERVICE,0.107100,0.095900,0.068600,0.063700,0.063700,0.085400
NA,QC,NA,NA,HEAVY FABRICATION AND ASSEMBLY,0.428634,0.385611,0.278851,0.254949,0.254949,0.339401
NA,QC,NA,NA,HIGHWAY,0.177800,0.161000,0.114100,0.106400,0.106400,0.141400
NA,QC,NA,NA,LIGHT FABRICATION AND ASSEMBLY,0.279767,0.252700,0.181300,0.168700,0.168700,0.225400
NA,QC,NA,NA,PERMANENT DWELLING (MULTI FAMILY HOUSING),0.184853,0.166267,0.120540,0.110355,0.110355,0.148103
NA,QC,NA,NA,PERMANENT DWELLING (SINGLE FAMILY HOUSING),0.111895,0.099820,0.071645,0.068425,0.068425,0.090965
NA,QC,NA,NA,PERSONAL AND REPAIR SERVICES,0.160067,0.143811,0.103756,0.095978,0.095978,0.127322
NA,QC,NA,NA,PETROLEUM,0.117250,0.104650,0.075600,0.070000,0.070000,0.093100
NA,QC,NA,NA,"PROFESSIONAL, TECHNICAL AND BUSINESS SERVICES",0.037233,0.033510,0.023772,0.022053,0.022053,0.030073
NA,QC,NA,NA,RELIGION AND NONPROFIT,0.116620,0.106260,0.076860,0.070280,0.070280,0.094220
NA,QC,NA,NA,RESTAURANTS,0.223496,0.201284,0.144494,0.134876,0.134876,0.178843
NA,QC,NA,NA,RETAIL TRADE,0.198174,0.178426,0.128616,0.118853,0.118853,0.159047
NA,QC,NA,NA,SANITARY SEWER,0.658512,0.596890,0.428939,0.397524,0.397524,0.529226
NA,QC,NA,NA,TEMPORARY LODGING,0.295050,0.264600,0.191100,0.178150,0.178150,0.236250
NA,QC,NA,NA,UNKNOWN,0.196057,0.176322,0.127336,0.117678,0.117678,0.156871
NA,QC,NA,NA,WHOLESALE TRADE,0.154000,0.138040,0.099960,0.092820,0.092820,0.122500
NA,QC,NA,NA,AGRICULTURE,0.155400,0.139300,0.100100,0.093100,0.093100,0.125300
NA,QC,NA,NA,AIR,0.082600,0.074200,0.053900,0.051100,0.051100,0.066500
NA,QC,NA,NA,CASINOS,0.361900,0.323400,0.234500,0.216650,0.216650,0.289800
NA,QC,NA,NA,CONSTRUCTION,0.116200,0.105700,0.076300,0.069300,0.069300,0.091700
NA,QC,NA,NA,EDUCATION,0.058800,0.052500,0.035700,0.035000,0.035000,0.047600
NA,QC,NA,NA,EMERGENCY RESPONSE SERVICES,0.086100,0.076300,0.056000,0.053200,0.053200,0.068600
NA,QC,NA,NA,ENTERTAINMENT AND RECREATION,0.229536,0.206245,0.149418,0.137455,0.137455,0.182764
NA,QC,NA,NA,FOOD AND DRUGS PROCESSING,0.344633,0.310800,0.224233,0.206033,0.206033,0.275567
NA,QC,NA,NA,GASOLINE SERVICE STATIONS,0.154700,0.140700,0.100800,0.093800,0.093800,0.123900
NA,QC,NA,NA,GENERAL SERVICES,0.085050,0.076650,0.057050,0.051100,0.051100,0.067900
NA,QC,NA,NA,GROUP INSTITUTIONAL HOUSING,0.141820,0.126420,0.091560,0.085400,0.085400,0.113260
NA,QC,NA,NA,HEALTH CARE SERVICE,0.107100,0.095900,0.068600,0.063700,0.063700,0.085400
NA,QC,NA,NA,HEAVY FABRICATION AND ASSEMBLY,0.428634,0.385611,0.278851,0.254949,0.254949,0.339401
NA,QC,NA,NA,HIGHWAY,0.177800,0.161000,0.114100,0.106400,0.106400,0.141400
NA,QC,NA,NA,LIGHT FABRICATION AND ASSEMBLY,0.279767,0.252700,0.181300,0.168700,0.168700,0.225400
NA,QC,NA,NA,PERMANENT DWELLING (MULTI FAMILY HOUSING),0.184853,0.166267,0.120540,0.110355,0.110355,0.148103
NA,QC,NA,NA,PERMANENT DWELLING (SINGLE FAMILY HOUSING),0.111895,0.099820,0.071645,0.068425,0.068425,0.090965
NA,QC,NA,NA,PERSONAL AND REPAIR SERVICES,0.160067,0.143811,0.103756,0.095978,0.095978,0.127322
NA,QC,NA,NA,PETROLEUM,0.117250,0.104650,0.075600,0.070000,0.070000,0.093100
NA,QC,NA,NA,"PROFESSIONAL, TECHNICAL AND BUSINESS SERVICES",0.037233,0.033510,0.023772,0.022053,0.022053,0.030073
NA,QC,NA,NA,RELIGION AND NONPROFIT,0.116620,0.106260,0.076860,0.070280,0.070280,0.094220
NA,QC,NA,NA,RESTAURANTS,0.223496,0.201284,0.144494,0.134876,0.134876,0.178843
NA,QC,NA,NA,RETAIL TRADE,0.198174,0.178426,0.128616,0.118853,0.118853,0.159047
NA,QC,NA,NA,SANITARY SEWER,0.658512,0.596890,0.428939,0.397524,0.397524,0.529226
NA,QC,NA,NA,TEMPORARY LODGING,0.295050,0.264600,0.191100,0.178150,0.178150,0.236250
NA,QC,NA,NA,UNKNOWN,0.196057,0.176322,0.127336,0.117678,0.117678,0.156871
NA,QC,NA,NA,WHOLESALE TRADE,0.154000,0.138040,0.099960,0.092820,0.092820,0.122500
NA,QC,NA,NA,AGRICULTURE,0.155400,0.139300,0.100100,0.093100,0.093100,0.125300
NA,QC,NA,NA,AIR,0.082600,0.074200,0.053900,0.051100,0.051100,0.066500
NA,QC,NA,NA,CASINOS,0.361900,0.323400,0.234500,0.216650,0.216650,0.289800
NA,QC,NA,NA,CONSTRUCTION,0.116200,0.105700,0.076300,0.069300,0.069300,0.091700
NA,QC,NA,NA,EDUCATION,0.058800,0.052500,0.035700,0.035000,0.035000,0.047600
NA,QC,NA,NA,EMERGENCY RESPONSE SERVICES,0.086100,0.076300,0.056000,0.053200,0.053200,0.068600
NA,QC,NA,NA,ENTERTAINMENT AND RECREATION,0.229536,0.206245,0.149418,0.137455,0.137455,0.182764
NA,QC,NA,NA,FOOD AND DRUGS PROCESSING,0.344633,0.310800,0.224233,0.206033,0.206033,0.275567
NA,QC,NA,NA,GASOLINE SERVICE STATIONS,0.154700,0.140700,0.100800,0.093800,0.093800,0.123900
NA,QC,NA,NA,GENERAL SERVICES,0.085050,0.076650,0.057050,0.051100,0.051100,0.067900
NA,QC,NA,NA,GROUP INSTITUTIONAL HOUSING,0.141820,0.126420,0.091560,0.085400,0.085400,0.113260
NA,QC,NA,NA,HEALTH CARE SERVICE,0.107100,0.095900,0.068600,0.063700,0.063700,0.085400
NA,QC,NA,NA,HEAVY FABRICATION AND ASSEMBLY,0.428634,0.385611,0.278851,0.254949,0.254949,0.339401
NA,QC,NA,NA,HIGHWAY,0.177800,0.161000,0.114100,0.106400,0.106400,0.141400
NA,QC,NA,NA,LIGHT FABRICATION AND ASSEMBLY,0.279767,0.252700,0.181300,0.168700,0.168700,0.225400
NA,QC,NA,NA,PERMANENT DWELLING (MULTI FAMILY HOUSING),0.184853,0.166267,0.120540,0.110355,0.110355,0.148103
NA,QC,NA,NA,PERMANENT DWELLING (SINGLE FAMILY HOUSING),0.111895,0.099820,0.071645,0.068425,0.068425,0.090965
NA,QC,NA,NA,PERSONAL AND REPAIR SERVICES,0.160067,0.143811,0.103756,0.095978,0.095978,0.127322
NA,QC,NA,NA,PETROLEUM,0.117250,0.104650,0.075600,0.070000,0.070000,0.093100
NA,QC,NA,NA,"PROFESSIONAL, TECHNICAL AND BUSINESS SERVICES",0.037233,0.033510,0.023772,0.022053,0.022053,0.030073
NA,QC,NA,NA,RELIGION AND NONPROFIT,0.116620,0.106260,0.076860,0.070280,0.070280,0.094220
NA,QC,NA,NA,RESTAURANTS,0.223496,0.201284,0.144494,0.134876,0.134876,0.178843
NA,QC,NA,NA,RETAIL TRADE,0.198174,0.178426,0.128616,0.118853,0.118853,0.159047
NA,QC,NA,NA,SANITARY SEWER,0.658512,0.596890,0.428939,0.397524,0.397524,0.529226
NA,QC,NA,NA,TEMPORARY LODGING,0.295050,0.264600,0.191100,0.178150,0.178150,0.236250
NA,QC,NA,NA,UNKNOWN,0.196057,0.176322,0.127336,0.117678,0.117678,0.156871
NA,QC,NA,NA,WHOLESALE TRADE,0.154000,0.138040,0.099960,0.092820,0.092820,0.122500
NA,QC,NA,NA,AGRICULTURE,0.155400,0.139300,0.100100,0.093100,0.093100,0.125300
NA,QC,NA,NA,AIR,0.082600,0.074200,0.053900,0.051100,0.051100,0.066500
NA,QC,NA,NA,CASINOS,0.361900,0.323400,0.234500,0.216650,0.216650,0.289800
NA,QC,NA,NA,CONSTRUCTION,0.116200,0.105700,0.076300,0.069300,0.069300,0.091700
NA,QC,NA,NA,EDUCATION,0.058800,0.052500,0.035700,0.035000,0.035000,0.047600
NA,QC,NA,NA,EMERGENCY RESPONSE SERVICES,0.086100,0.076300,0.056000,0.053200,0.053200,0.068600
NA,QC,NA,NA,ENTERTAINMENT AND RECREATION,0.229536,0.206245,0.149418,0.137455,0.137455,0.182764
NA,QC,NA,NA,FOOD AND DRUGS PROCESSING,0.344633,0.310800,0.224233,0.206033,0.206033,0.275567
NA,QC,NA,NA,GASOLINE SERVICE STATIONS,0.154700,0.140700,0.100800,0.093800,0.093800,0.123900
NA,QC,NA,NA,GENERAL SERVICES,0.085050,0.076650,0.057050,0.051100,0.051100,0.067900
NA,QC,NA,NA,GROUP INSTITUTIONAL HOUSING,0.141820,0.126420,0.091560,0.085400,0.085400,0.113260
NA,QC,NA,NA,HEALTH CARE SERVICE,0.107100,0.095900,0.068600,0.063700,0.063700,0.085400
NA,QC,NA,NA,HEAVY FABRICATION AND ASSEMBLY,0.428634,0.385611,0.278851,0.254949,0.254949,0.339401
NA,QC,NA,NA,HIGHWAY,0.177800,0.161000,0.114100,0.106400,0.106400,0.141400
NA,QC,NA,NA,LIGHT FABRICATION AND ASSEMBLY,0.279767,0.252700,0.181300,0.168700,0.168700,0.225400
NA,QC,NA,NA,PERMANENT DWELLING (MULTI FAMILY HOUSING),0.184853,0.166267,0.120540,0.110355,0.110355,0.148103
NA,QC,NA,NA,PERMANENT DWELLING (SINGLE FAMILY HOUSING),0.111895,0.099820,0.071645,0.068425,0.068425,0.090965
NA,QC,NA,NA,PERSONAL AND REPAIR SERVICES,0.160067,0.143811,0.103756,0.095978,0.095978,0.127322
NA,QC,NA,NA,PETROLEUM,0.117250,0.104650,0.075600,0.070000,0.070000,0.093100
NA,QC,NA,NA,"PROFESSIONAL, TECHNICAL AND BUSINESS SERVICES",0.037233,0.033510,0.023772,0.022053,0.022053,0.030073
NA,QC,NA,NA,RELIGION AND NONPROFIT,0.116620,0.106260,0.076860,0.070280,0.070280,0.094220
NA,QC,NA,NA,RESTAURANTS,0.223496,0.201284,0.144494,0.134876,0.134876,0.178843
NA,QC,NA,NA,RETAIL TRADE,0.198174,0.178426,0.128616,0.118853,0.118853,0.159047
NA,QC,NA,NA,SANITARY SEWER,0.658512,0.596890,0.428939,0.397524,0.397524,0.529226
NA,QC,NA,NA,TEMPORARY LODGING,0.295050,0.264600,0.191100,0.178150,0.178150,0.236250
NA,QC,NA,NA,UNKNOWN,0.196057,0.176322,0.127336,0.117678,0.117678,0.156871
NA,QC,NA,NA,WHOLESALE TRADE,0.154000,0.138040,0.099960,0.092820,0.092820,0.122500
NA,QC,NA,NA,AGRICULTURE,0.155400,0.139300,0.100100,0.093100,0.093100,0.125300
NA,QC,NA,NA,AIR,0.082600,0.074200,0.053900,0.051100,0.051100,0.066500
NA,QC,NA,NA,CASINOS,0.361900,0.323400,0.234500,0.216650,0.216650,0.289800
NA,QC,NA,NA,CONSTRUCTION,0.116200,0.105700,0.076300,0.069300,0.069300,0.091700
NA,QC,NA,NA,EDUCATION,0.058800,0.052500,0.035700,0.035000,0.035000,0.047600
NA,QC,NA,NA,EMERGENCY RESPONSE SERVICES,0.086100,0.076300,0.056000,0.053200,0.053200,0.068600
NA,QC,NA,NA,ENTERTAINMENT AND RECREATION,0.229536,0.206245,0.149418,0.137455,0.137455,0.182764
NA,QC,NA,NA,FOOD AND DRUGS PROCESSING,0.344633,0.310800,0.224233,0.206033,0.206033,0.275567
NA,QC,NA,NA,GASOLINE SERVICE STATIONS,0.154700,0.140700,0.100800,0.093800,0.093800,0.123900
NA,QC,NA,NA,GENERAL SERVICES,0.085050,0.076650,0.057050,0.051100,0.051100,0.067900
NA,QC,NA,NA,GROUP INSTITUTIONAL HOUSING,0.141820,0.126420,0.091560,0.085400,0.085400,0.113260
NA,QC,NA,NA,HEALTH CARE SERVICE,0.107100,0.095900,0.068600,0.063700,0.063700,0.085400
NA,QC,NA,NA,HEAVY FABRICATION AND ASSEMBLY,0.428634,0.385611,0.278851,0.254949,0.254949,0.339401
NA,QC,NA,NA,HIGHWAY,0.177800,0.161000,0.114100,0.106400,0.106400,0.141400
NA,QC,NA,NA,LIGHT FABRICATION AND ASSEMBLY,0.279767,0.252700,0.181300,0.168700,0.168700,0.225400
NA,QC,NA,NA,PERMANENT DWELLING (MULTI FAMILY HOUSING),0.184853,0.166267,0.120540,0.110355,0.110355,0.148103
NA,QC,NA,NA,PERMANENT DWELLING (SINGLE FAMILY HOUSING),0.111895,0.099820,0.071645,0.068425,0.068425,0.090965
NA,QC,NA,NA,PERSONAL AND REPAIR SERVICES,0.160067,0.143811,0.103756,0.095978,0.095978,0.127322
NA,QC,NA,NA,PETROLEUM,0.117250,0.104650,0.075600,0.070000,0.070000,0.093100
NA,QC,NA,NA,"PROFESSIONAL, TECHNICAL AND BUSINESS SERVICES",0.037233,0.033510,0.023772,0.022053,0.022053,0.030073
NA,QC,NA,NA,RELIGION AND NONPROFIT,0.116620,0.106260,0.076860,0.070280,0.070280,0.094220
NA,QC,NA,NA,RESTAURANTS,0.223496,0.201284,0.144494,0.134876,0.134876,0.178843
NA,QC,NA,NA,RETAIL TRADE,0.198174,0.178426,0.128616,0.118853,0.118853,0.159047
NA,QC,NA,NA,SANITARY SEWER,0.658512,0.596890,0.428939,0.397524,0.397524,0.529226
NA,QC,NA,NA,TEMPORARY LODGING,0.295050,0.264600,0.191100,0.178150,0.178150,0.236250
NA,QC,NA,NA,UNKNOWN,0.196057,0.176322,0.127336,0.117678,0.117678,0.156871
NA,QC,NA,NA,WHOLESALE TRADE,0.154000,0.138040,0.099960,0.092820,0.092820,0.122500
NA,MB,NA,NA,AGRICULTURE,0.105450,0.094525,0.067925,0.063175,0.063175,0.085025
NA,MB,NA,NA,AIR,0.056050,0.050350,0.036575,0.034675,0.034675,0.045125
NA,MB,NA,NA,CASINOS,0.245575,0.219450,0.159125,0.147013,0.147013,0.196650
NA,MB,NA,NA,CONSTRUCTION,0.078850,0.071725,0.051775,0.047025,0.047025,0.062225
NA,MB,NA,NA,EDUCATION,0.039900,0.035625,0.024225,0.023750,0.023750,0.032300
NA,MB,NA,NA,EMERGENCY RESPONSE SERVICES,0.058425,0.051775,0.038000,0.036100,0.036100,0.046550
NA,MB,NA,NA,ENTERTAINMENT AND RECREATION,0.155757,0.139952,0.101391,0.093273,0.093273,0.124018
NA,MB,NA,NA,FOOD AND DRUGS PROCESSING,0.233858,0.210900,0.152158,0.139808,0.139808,0.186992
NA,MB,NA,NA,GASOLINE SERVICE STATIONS,0.104975,0.095475,0.068400,0.063650,0.063650,0.084075
NA,MB,NA,NA,GENERAL SERVICES,0.057713,0.052013,0.038713,0.034675,0.034675,0.046075
NA,MB,NA,NA,GROUP INSTITUTIONAL HOUSING,0.096235,0.085785,0.062130,0.057950,0.057950,0.076855
NA,MB,NA,NA,HEALTH CARE SERVICE,0.072675,0.065075,0.046550,0.043225,0.043225,0.057950
NA,MB,NA,NA,HEAVY FABRICATION AND ASSEMBLY,0.290859,0.261665,0.189220,0.173001,0.173001,0.230308
NA,MB,NA,NA,HIGHWAY,0.120650,0.109250,0.077425,0.072200,0.072200,0.095950
NA,MB,NA,NA,LIGHT FABRICATION AND ASSEMBLY,0.189842,0.171475,0.123025,0.114475,0.114475,0.152950
NA,MB,NA,NA,PERMANENT DWELLING (MULTI FAMILY HOUSING),0.125436,0.112824,0.081795,0.074884,0.074884,0.100498
NA,MB,NA,NA,PERMANENT DWELLING (SINGLE FAMILY HOUSING),0.075929,0.067735,0.048616,0.046431,0.046431,0.061726
NA,MB,NA,NA,PERSONAL AND REPAIR SERVICES,0.108617,0.097586,0.070406,0.065128,0.065128,0.086397
NA,MB,NA,NA,PETROLEUM,0.079563,0.071013,0.051300,0.047500,0.047500,0.063175
NA,MB,NA,NA,"PROFESSIONAL, TECHNICAL AND BUSINESS SERVICES",0.025265,0.022739,0.016131,0.014965,0.014965,0.020407
NA,MB,NA,NA,RELIGION AND NONPROFIT,0.079135,0.072105,0.052155,0.047690,0.047690,0.063935
NA,MB,NA,NA,RESTAURANTS,0.151658,0.136586,0.098050,0.091523,0.091523,0.121358
NA,MB,NA,NA,RETAIL TRADE,0.134475,0.121075,0.087275,0.080650,0.080650,0.107925
NA,MB,NA,NA,SANITARY SEWER,0.446847,0.405032,0.291066,0.269748,0.269748,0.359118
NA,MB,NA,NA,TEMPORARY LODGING,0.200213,0.179550,0.129675,0.120888,0.120888,0.160313
NA,MB,NA,NA,UNKNOWN,0.133038,0.119647,0.086407,0.079853,0.079853,0.106448
NA,MB,NA,NA,WHOLESALE TRADE,0.104500,0.093670,0.067830,0.062985,0.062985,0.083125
NA,MB,NA,NA,AGRICULTURE,0.105450,0.094525,0.067925,0.063175,0.063175,0.085025
NA,MB,NA,NA,AIR,0.056050,0.050350,0.036575,0.034675,0.034675,0.045125
NA,MB,NA,NA,CASINOS,0.245575,0.219450,0.159125,0.147013,0.147013,0.196650
NA,MB,NA,NA,CONSTRUCTION,0.078850,0.071725,0.051775,0.047025,0.047025,0.062225
NA,MB,NA,NA,EDUCATION,0.039900,0.035625,0.024225,0.023750,0.023750,0.032300
NA,MB,NA,NA,EMERGENCY RESPONSE SERVICES,0.058425,0.051775,0.038000,0.036100,0.036100,0.046550
NA,MB,NA,NA,ENTERTAINMENT AND RECREATION,0.155757,0.139952,0.101391,0.093273,0.093273,0.124018
NA,MB,NA,NA,FOOD AND DRUGS PROCESSING,0.233858,0.210900,0.152158,0.139808,0.139808,0.186992
NA,MB,NA,NA,GASOLINE SERVICE STATIONS,0.104975,0.095475,0.068400,0.063650,0.063650,0.084075
NA,MB,NA,NA,GENERAL SERVICES,0.057713,0.052013,0.038713,0.034675,0.034675,0.046075
NA,MB,NA,NA,GROUP INSTITUTIONAL HOUSING,0.096235,0.085785,0.062130,0.057950,0.057950,0.076855
NA,MB,NA,NA,HEALTH CARE SERVICE,0.072675,0.065075,0.046550,0.043225,0.043225,0.057950
NA,MB,NA,NA,HEAVY FABRICATION AND ASSEMBLY,0.290859,0.261665,0.189220,0.173001,0.173001,0.230308
NA,MB,NA,NA,HIGHWAY,0.120650,0.109250,0.077425,0.072200,0.072200,0.095950
NA,MB,NA,NA,LIGHT FABRICATION AND ASSEMBLY,0.189842,0.171475,0.123025,0.114475,0.114475,0.152950
NA,MB,NA,NA,PERMANENT DWELLING (MULTI FAMILY HOUSING),0.125436,0.112824,0.081795,0.074884,0.074884,0.100498
NA,MB,NA,NA,PERMANENT DWELLING (SINGLE FAMILY HOUSING),0.075929,0.067735,0.048616,0.046431,0.046431,0.061726
NA,MB,NA,NA,PERSONAL AND REPAIR SERVICES,0.108617,0.097586,0.070406,0.065128,0.065128,0.086397
NA,MB,NA,NA,PETROLEUM,0.079563,0.071013,0.051300,0.047500,0.047500,0.063175
NA,MB,NA,NA,"PROFESSIONAL, TECHNICAL AND BUSINESS SERVICES",0.025265,0.022739,0.016131,0.014965,0.014965,0.020407
NA,MB,NA,NA,RELIGION AND NONPROFIT,0.079135,0.072105,0.052155,0.047690,0.047690,0.063935
NA,MB,NA,NA,RESTAURANTS,0.151658,0.136586,0.098050,0.091523,0.091523,0.121358
NA,MB,NA,NA,RETAIL TRADE,0.134475,0.121075,0.087275,0.080650,0.080650,0.107925
NA,MB,NA,NA,SANITARY SEWER,0.446847,0.405032,0.291066,0.269748,0.269748,0.359118
NA,MB,NA,NA,TEMPORARY LODGING,0.200213,0.179550,0.129675,0.120888,0.120888,0.160313
NA,MB,NA,NA,UNKNOWN,0.133038,0.119647,0.086407,0.079853,0.079853,0.106448
NA,MB,NA,NA,WHOLESALE TRADE,0.104500,0.093670,0.067830,0.062985,0.062985,0.083125
NA,MB,NA,NA,AGRICULTURE,0.105450,0.094525,0.067925,0.063175,0.063175,0.085025
NA,MB,NA,NA,AIR,0.056050,0.050350,0.036575,0.034675,0.034675,0.045125
NA,MB,NA,NA,CASINOS,0.245575,0.219450,0.159125,0.147013,0.147013,0.196650
NA,MB,NA,NA,CONSTRUCTION,0.078850,0.071725,0.051775,0.047025,0.047025,0.062225
NA,MB,NA,NA,EDUCATION,0.039900,0.035625,0.024225,0.023750,0.023750,0.032300
NA,MB,NA,NA,EMERGENCY RESPONSE SERVICES,0.058425,0.051775,0.038000,0.036100,0.036100,0.046550
NA,MB,NA,NA,ENTERTAINMENT AND RECREATION,0.155757,0.139952,0.101391,0.093273,0.093273,0.124018
NA,MB,NA,NA,FOOD AND DRUGS PROCESSING,0.233858,0.210900,0.152158,0.139808,0.139808,0.186992
NA,MB,NA,NA,GASOLINE SERVICE STATIONS,0.104975,0.095475,0.068400,0.063650,0.063650,0.084075
NA,MB,NA,NA,GENERAL SERVICES,0.057713,0.052013,0.038713,0.034675,0.034675,0.046075
NA,MB,NA,NA,GROUP INSTITUTIONAL HOUSING,0.096235,0.085785,0.062130,0.057950,0.057950,0.076855
NA,MB,NA,NA,HEALTH CARE SERVICE,0.072675,0.065075,0.046550,0.043225,0.043225,0.057950
NA,MB,NA,NA,HEAVY FABRICATION AND ASSEMBLY,0.290859,0.261665,0.189220,0.173001,0.173001,0.230308
NA,MB,NA,NA,HIGHWAY,0.120650,0.109250,0.077425,0.072200,0.072200,0.095950
NA,MB,NA,NA,LIGHT FABRICATION AND ASSEMBLY,0.189842,0.171475,0.123025,0.114475,0.114475,0.152950
NA,MB,NA,NA,PERMANENT DWELLING (MULTI FAMILY HOUSING),0.125436,0.112824,0.081795,0.074884,0.074884,0.100498
NA,MB,NA,NA,PERMANENT DWELLING (SINGLE FAMILY HOUSING),0.075929,0.067735,0.048616,0.046431,0.046431,0.061726
NA,MB,NA,NA,PERSONAL AND REPAIR SERVICES,0.108617,0.097586,0.070406,0.065128,0.065128,0.086397
NA,MB,NA,NA,PETROLEUM,0.079563,0.071013,0.051300,0.047500,0.047500,0.063175
NA,MB,NA,NA,"PROFESSIONAL, TECHNICAL AND BUSINESS SERVICES",0.025265,0.022739,0.016131,0.014965,0.014965,0.020407
NA,MB,NA,NA,RELIGION AND NONPROFIT,0.079135,0.072105,0.052155,0.047690,0.047690,0.063935
NA,MB,NA,NA,RESTAURANTS,0.151658,0.136586,0.098050,0.091523,0.091523,0.121358
NA,MB,NA,NA,RETAIL TRADE,0.134475,0.121075,0.087275,0.080650,0.080650,0.107925
NA,MB,NA,NA,SANITARY SEWER,0.446847,0.405032,0.291066,0.269748,0.269748,0.359118
NA,MB,NA,NA,TEMPORARY LODGING,0.200213,0.179550,0.129675,0.120888,0.120888,0.160313
NA,MB,NA,NA,UNKNOWN,0.133038,0.119647,0.086407,0.079853,0.079853,0.106448
NA,MB,NA,NA,WHOLESALE TRADE,0.104500,0.093670,0.067830,0.062985,0.062985,0.083125
NA,MB,NA,NA,AGRICULTURE,0.105450,0.094525,0.067925,0.063175,0.063175,0.085025
NA,MB,NA,NA,AIR,0.056050,0.050350,0.036575,0.034675,0.034675,0.045125
NA,MB,NA,NA,CASINOS,0.245575,0.219450,0.159125,0.147013,0.147013,0.196650
NA,MB,NA,NA,CONSTRUCTION,0.078850,0.071725,0.051775,0.047025,0.047025,0.062225
NA,MB,NA,NA,EDUCATION,0.039900,0.035625,0.024225,0.023750,0.023750,0.032300
NA,MB,NA,NA,EMERGENCY RESPONSE SERVICES,0.058425,0.051775,0.038000,0.036100,0.036100,0.046550
NA,MB,NA,NA,ENTERTAINMENT AND RECREATION,0.155757,0.139952,0.101391,0.093273,0.093273,0.124018
NA,MB,NA,NA,FOOD AND DRUGS PROCESSING,0.233858,0.210900,0.152158,0.139808,0.139808,0.186992
NA,MB,NA,NA,GASOLINE SERVICE STATIONS,0.104975,0.095475,0.068400,0.063650,0.063650,0.084075
NA,MB,NA,NA,GENERAL SERVICES,0.057713,0.052013,0.038713,0.034675,0.034675,0.046075
NA,MB,NA,NA,GROUP INSTITUTIONAL HOUSING,0.096235,0.085785,0.062130,0.057950,0.057950,0.076855
NA,MB,NA,NA,HEALTH CARE SERVICE,0.072675,0.065075,0.046550,0.043225,0.043225,0.057950
NA,MB,NA,NA,HEAVY FABRICATION AND ASSEMBLY,0.290859,0.261665,0.189220,0.173001,0.173001,0.230308
NA,MB,NA,NA,HIGHWAY,0.120650,0.109250,0.077425,0.072200,0.072200,0.095950
NA,MB,NA,NA,LIGHT FABRICATION AND ASSEMBLY,0.189842,0.171475,0.123025,0.114475,0.114475,0.152950
NA,MB,NA,NA,PERMANENT DWELLING (MULTI FAMILY HOUSING),0.125436,0.112824,0.081795,0.074884,0.074884,0.100498
NA,MB,NA,NA,PERMANENT DWELLING (SINGLE FAMILY HOUSING),0.075929,0.067735,0.048616,0.046431,0.046431,0.061726
NA,MB,NA,NA,PERSONAL AND REPAIR SERVICES,0.108617,0.097586,0.070406,0.065128,0.065128,0.086397
NA,MB,NA,NA,PETROLEUM,0.079563,0.071013,0.051300,0.047500,0.047500,0.063175
NA,MB,NA,NA,"PROFESSIONAL, TECHNICAL AND BUSINESS SERVICES",0.025265,0.022739,0.016131,0.014965,0.014965,0.020407
NA,MB,NA,NA,RELIGION AND NONPROFIT,0.079135,0.072105,0.052155,0.047690,0.047690,0.063935
NA,MB,NA,NA,RESTAURANTS,0.151658,0.136586,0.098050,0.091523,0.091523,0.121358
NA,MB,NA,NA,RETAIL TRADE,0.134475,0.121075,0.087275,0.080650,0.080650,0.107925
NA,MB,NA,NA,SANITARY SEWER,0.446847,0.405032,0.291066,0.269748,0.269748,0.359118
NA,MB,NA,NA,TEMPORARY LODGING,0.200213,0.179550,0.129675,0.120888,0.120888,0.160313
NA,MB,NA,NA,UNKNOWN,0.133038,0.119647,0.086407,0.079853,0.079853,0.106448
NA,MB,NA,NA,WHOLESALE TRADE,0.104500,0.093670,0.067830,0.062985,0.062985,0.083125
NA,MB,NA,NA,AGRICULTURE,0.105450,0.094525,0.067925,0.063175,0.063175,0.085025
NA,MB,NA,NA,AIR,0.056050,0.050350,0.036575,0.034675,0.034675,0.045125
NA,MB,NA,NA,CASINOS,0.245575,0.219450,0.159125,0.147013,0.147013,0.196650
NA,MB,NA,NA,CONSTRUCTION,0.078850,0.071725,0.051775,0.047025,0.047025,0.062225
NA,MB,NA,NA,EDUCATION,0.039900,0.035625,0.024225,0.023750,0.023750,0.032300
NA,MB,NA,NA,EMERGENCY RESPONSE SERVICES,0.058425,0.051775,0.038000,0.036100,0.036100,0.046550
NA,MB,NA,NA,ENTERTAINMENT AND RECREATION,0.155757,0.139952,0.101391,0.093273,0.093273,0.124018
NA,MB,NA,NA,FOOD AND DRUGS PROCESSING,0.233858,0.210900,0.152158,0.139808,0.139808,0.186992
NA,MB,NA,NA,GASOLINE SERVICE STATIONS,0.104975,0.095475,0.068400,0.063650,0.063650,0.084075
NA,MB,NA,NA,GENERAL SERVICES,0.057713,0.052013,0.038713,0.034675,0.034675,0.046075
NA,MB,NA,NA,GROUP INSTITUTIONAL HOUSING,0.096235,0.085785,0.062130,0.057950,0.057950,0.076855
NA,MB,NA,NA,HEALTH CARE SERVICE,0.072675,0.065075,0.046550,0.043225,0.043225,0.057950
NA,MB,NA,NA,HEAVY FABRICATION AND ASSEMBLY,0.290859,0.261665,0.189220,0.173001,0.173001,0.230308
NA,MB,NA,NA,HIGHWAY,0.120650,0.109250,0.077425,0.072200,0.072200,0.095950
NA,MB,NA,NA,LIGHT FABRICATION AND ASSEMBLY,0.189842,0.171475,0.123025,0.114475,0.114475,0.152950
NA,MB,NA,NA,PERMANENT DWELLING (MULTI FAMILY HOUSING),0.125436,0.112824,0.081795,0.074884,0.074884,0.100498
NA,MB,NA,NA,PERMANENT DWELLING (SINGLE FAMILY HOUSING),0.075929,0.067735,0.048616,0.046431,0.046431,0.061726
NA,MB,NA,NA,PERSONAL AND REPAIR SERVICES,0.108617,0.097586,0.070406,0.065128,0.065128,0.086397
NA,MB,NA,NA,PETROLEUM,0.079563,0.071013,0.051300,0.047500,0.047500,0.063175
NA,MB,NA,NA,"PROFESSIONAL, TECHNICAL AND BUSINESS SERVICES",0.025265,0.022739,0.016131,0.014965,0.014965,0.020407
NA,MB,NA,NA,RELIGION AND NONPROFIT,0.079135,0.072105,0.052155,0.047690,0.047690,0.063935
NA,MB,NA,NA,RESTAURANTS,0.151658,0.136586,0.098050,0.091523,0.091523,0.121358
NA,MB,NA,NA,RETAIL TRADE,0.134475,0.121075,0.087275,0.080650,0.080650,0.107925
NA,MB,NA,NA,SANITARY SEWER,0.446847,0.405032,0.291066,0.269748,0.269748,0.359118
NA,MB,NA,NA,TEMPORARY LODGING,0.200213,0.179550,0.129675,0.120888,0.120888,0.160313
NA,MB,NA,NA,UNKNOWN,0.133038,0.119647,0.086407,0.079853,0.079853,0.106448
NA,MB,NA,NA,WHOLESALE TRADE,0.104500,0.093670,0.067830,0.062985,0.062985,0.083125
NA,MB,NA,NA,AGRICULTURE,0.105450,0.094525,0.067925,0.063175,0.063175,0.085025
NA,MB,NA,NA,AIR,0.056050,0.050350,0.036575,0.034675,0.034675,0.045125
NA,MB,NA,NA,CASINOS,0.245575,0.219450,0.159125,0.147013,0.147013,0.196650
NA,MB,NA,NA,CONSTRUCTION,0.078850,0.071725,0.051775,0.047025,0.047025,0.062225
NA,MB,NA,NA,EDUCATION,0.039900,0.035625,0.024225,0.023750,0.023750,0.032300
NA,MB,NA,NA,EMERGENCY RESPONSE SERVICES,0.058425,0.051775,0.038000,0.036100,0.036100,0.046550
NA,MB,NA,NA,ENTERTAINMENT AND RECREATION,0.155757,0.139952,0.101391,0.093273,0.093273,0.124018
NA,MB,NA,NA,FOOD AND DRUGS PROCESSING,0.233858,0.210900,0.152158,0.139808,0.139808,0.186992
NA,MB,NA,NA,GASOLINE SERVICE STATIONS,0.104975,0.095475,0.068400,0.063650,0.063650,0.084075
NA,MB,NA,NA,GENERAL SERVICES,0.057713,0.052013,0.038713,0.034675,0.034675,0.046075
NA,MB,NA,NA,GROUP INSTITUTIONAL HOUSING,0.096235,0.085785,0.062130,0.057950,0.057950,0.076855
NA,MB,NA,NA,HEALTH CARE SERVICE,0.072675,0.065075,0.046550,0.043225,0.043225,0.057950
NA,MB,NA,NA,HEAVY FABRICATION AND ASSEMBLY,0.290859,0.261665,0.189220,0.173001,0.173001,0.230308
NA,MB,NA,NA,HIGHWAY,0.120650,0.109250,0.077425,0.072200,0.072200,0.095950
NA,MB,NA,NA,LIGHT FABRICATION AND ASSEMBLY,0.189842,0.171475,0.123025,0.114475,0.114475,0.152950
NA,MB,NA,NA,PERMANENT DWELLING (MULTI FAMILY HOUSING),0.125436,0.112824,0.081795,0.074884,0.074884,0.100498
NA,MB,NA,NA,PERMANENT DWELLING (SINGLE FAMILY HOUSING),0.075929,0.067735,0.048616,0.046431,0.046431,0.061726
NA,MB,NA,NA,PERSONAL AND REPAIR SERVICES,0.108617,0.097586,0.070406,0.065128,0.065128,0.086397
NA,MB,NA,NA,PETROLEUM,0.079563,0.071013,0.051300,0.047500,0.047500,0.063175
NA,MB,NA,NA,"PROFESSIONAL, TECHNICAL AND BUSINESS SERVICES",0.025265,0.022739,0.016131,0.014965,0.014965,0.020407
NA,MB,NA,NA,RELIGION AND NONPROFIT,0.079135,0.072105,0.052155,0.047690,0.047690,0.063935
NA,MB,NA,NA,RESTAURANTS,0.151658,0.136586,0.098050,0.091523,0.091523,0.121358
NA,MB,NA,NA,RETAIL TRADE,0.134475,0.121075,0.087275,0.080650,0.080650,0.107925
NA,MB,NA,NA,SANITARY SEWER,0.446847,0.405032,0.291066,0.269748,0.269748,0.359118
NA,MB,NA,NA,TEMPORARY LODGING,0.200213,0.179550,0.129675,0.120888,0.120888,0.160313
NA,MB,NA,NA,UNKNOWN,0.133038,0.119647,0.086407,0.079853,0.079853,0.106448
NA,MB,NA,NA,WHOLESALE TRADE,0.104500,0.093670,0.067830,0.062985,0.062985,0.083125
NA,NS,NA,NA,AGRICULTURE,0.116000,0.103000,0.074000,0.069000,0.069000,0.093000
NA,NS,NA,NA,AIR,0.055000,0.049000,0.036000,0.034000,0.034000,0.043000
NA,NS,NA,NA,CASINOS,0.232000,0.206500,0.149500,0.138500,0.138500,0.185500
NA,NS,NA,NA,CONSTRUCTION,0.056000,0.052000,0.038000,0.033000,0.033000,0.043000
NA,NS,NA,NA,EDUCATION,0.034000,0.031000,0.021000,0.020000,0.020000,0.027000
NA,NS,NA,NA,EMERGENCY RESPONSE SERVICES,0.053000,0.047000,0.034000,0.032000,0.032000,0.041000
NA,NS,NA,NA,ENTERTAINMENT AND RECREATION,0.146364,0.131909,0.095364,0.087818,0.087818,0.116727
NA,NS,NA,NA,FOOD AND DRUGS PROCESSING,0.214333,0.193000,0.139000,0.128333,0.128333,0.171333
NA,NS,NA,NA,GASOLINE SERVICE STATIONS,0.103000,0.094000,0.068000,0.062000,0.062000,0.082000
NA,NS,NA,NA,GENERAL SERVICES,0.053000,0.047000,0.034500,0.030500,0.030500,0.042000
NA,NS,NA,NA,GROUP INSTITUTIONAL HOUSING,0.111600,0.100200,0.072400,0.067800,0.067800,0.089600
NA,NS,NA,NA,HEALTH CARE SERVICE,0.053000,0.047000,0.034000,0.031000,0.031000,0.042000
NA,NS,NA,NA,HEAVY FABRICATION AND ASSEMBLY,0.373319,0.336897,0.243568,0.220804,0.220804,0.293647
NA,NS,NA,NA,HIGHWAY,0.155000,0.140000,0.100000,0.092000,0.092000,0.124000
NA,NS,NA,NA,LIGHT FABRICATION AND ASSEMBLY,0.175000,0.157667,0.113000,0.105000,0.105000,0.141000
NA,NS,NA,NA,PERMANENT DWELLING (MULTI FAMILY HOUSING),0.127350,0.114900,0.082950,0.076575,0.076575,0.102375
NA,NS,NA,NA,PERMANENT DWELLING (SINGLE FAMILY HOUSING),0.100050,0.090850,0.063250,0.060950,0.060950,0.082800
NA,NS,NA,NA,PERSONAL AND REPAIR SERVICES,0.106444,0.095667,0.069000,0.063667,0.063667,0.084556
NA,NS,NA,NA,PETROLEUM,0.102500,0.091000,0.065500,0.060500,0.060500,0.082500
NA,NS,NA,NA,"PROFESSIONAL, TECHNICAL AND BUSINESS SERVICES",0.035187,0.031096,0.022504,0.020458,0.020458,0.027823
NA,NS,NA,NA,RELIGION AND NONPROFIT,0.100000,0.090200,0.065200,0.059800,0.059800,0.080200
NA,NS,NA,NA,RESTAURANTS,0.178941,0.160949,0.115477,0.107953,0.107953,0.143284
NA,NS,NA,NA,RETAIL TRADE,0.149053,0.134105,0.096421,0.089158,0.089158,0.119474
NA,NS,NA,NA,SANITARY SEWER,0.574795,0.521286,0.374566,0.346949,0.346949,0.462598
NA,NS,NA,NA,TEMPORARY LODGING,0.334000,0.300500,0.217000,0.202000,0.202000,0.268500
NA,NS,NA,NA,UNKNOWN,0.147646,0.132828,0.095778,0.088636,0.088636,0.118202
NA,NS,NA,NA,WHOLESALE TRADE,0.134400,0.120400,0.087400,0.081600,0.081600,0.107000
NA,NS,NA,NA,AGRICULTURE,0.116000,0.103000,0.074000,0.069000,0.069000,0.093000
NA,NS,NA,NA,AIR,0.055000,0.049000,0.036000,0.034000,0.034000,0.043000
NA,NS,NA,NA,CASINOS,0.232000,0.206500,0.149500,0.138500,0.138500,0.185500
NA,NS,NA,NA,CONSTRUCTION,0.056000,0.052000,0.038000,0.033000,0.033000,0.043000
NA,NS,NA,NA,EDUCATION,0.034000,0.031000,0.021000,0.020000,0.020000,0.027000
NA,NS,NA,NA,EMERGENCY RESPONSE SERVICES,0.053000,0.047000,0.034000,0.032000,0.032000,0.041000
NA,NS,NA,NA,ENTERTAINMENT AND RECREATION,0.146364,0.131909,0.095364,0.087818,0.087818,0.116727
NA,NS,NA,NA,FOOD AND DRUGS PROCESSING,0.214333,0.193000,0.139000,0.128333,0.128333,0.171333
NA,NS,NA,NA,GASOLINE SERVICE STATIONS,0.103000,0.094000,0.068000,0.062000,0.062000,0.082000
NA,NS,NA,NA,GENERAL SERVICES,0.053000,0.047000,0.034500,0.030500,0.030500,0.042000
NA,NS,NA,NA,GROUP INSTITUTIONAL HOUSING,0.111600,0.100200,0.072400,0.067800,0.067800,0.089600
NA,NS,NA,NA,HEALTH CARE SERVICE,0.053000,0.047000,0.034000,0.031000,0.031000,0.042000
NA,NS,NA,NA,HEAVY FABRICATION AND ASSEMBLY,0.373319,0.336897,0.243568,0.220804,0.220804,0.293647
NA,NS,NA,NA,HIGHWAY,0.155000,0.140000,0.100000,0.092000,0.092000,0.124000
NA,NS,NA,NA,LIGHT FABRICATION AND ASSEMBLY,0.175000,0.157667,0.113000,0.105000,0.105000,0.141000
NA,NS,NA,NA,PERMANENT DWELLING (MULTI FAMILY HOUSING),0.127350,0.114900,0.082950,0.076575,0.076575,0.102375
NA,NS,NA,NA,PERMANENT DWELLING (SINGLE FAMILY HOUSING),0.100050,0.090850,0.063250,0.060950,0.060950,0.082800
NA,NS,NA,NA,PERSONAL AND REPAIR SERVICES,0.106444,0.095667,0.069000,0.063667,0.063667,0.084556
NA,NS,NA,NA,PETROLEUM,0.102500,0.091000,0.065500,0.060500,0.060500,0.082500
NA,NS,NA,NA,"PROFESSIONAL, TECHNICAL AND BUSINESS SERVICES",0.035187,0.031096,0.022504,0.020458,0.020458,0.027823
NA,NS,NA,NA,RELIGION AND NONPROFIT,0.100000,0.090200,0.065200,0.059800,0.059800,0.080200
NA,NS,NA,NA,RESTAURANTS,0.178941,0.160949,0.115477,0.107953,0.107953,0.143284
NA,NS,NA,NA,RETAIL TRADE,0.149053,0.134105,0.096421,0.089158,0.089158,0.119474
NA,NS,NA,NA,SANITARY SEWER,0.574795,0.521286,0.374566,0.346949,0.346949,0.462598
NA,NS,NA,NA,TEMPORARY LODGING,0.334000,0.300500,0.217000,0.202000,0.202000,0.268500
NA,NS,NA,NA,UNKNOWN,0.147646,0.132828,0.095778,0.088636,0.088636,0.118202
NA,NS,NA,NA,WHOLESALE TRADE,0.134400,0.120400,0.087400,0.081600,0.081600,0.107000
NA,NS,NA,NA,AGRICULTURE,0.116000,0.103000,0.074000,0.069000,0.069000,0.093000
NA,NS,NA,NA,AIR,0.055000,0.049000,0.036000,0.034000,0.034000,0.043000
NA,NS,NA,NA,CASINOS,0.232000,0.206500,0.149500,0.138500,0.138500,0.185500
NA,NS,NA,NA,CONSTRUCTION,0.056000,0.052000,0.038000,0.033000,0.033000,0.043000
NA,NS,NA,NA,EDUCATION,0.034000,0.031000,0.021000,0.020000,0.020000,0.027000
NA,NS,NA,NA,EMERGENCY RESPONSE SERVICES,0.053000,0.047000,0.034000,0.032000,0.032000,0.041000
NA,NS,NA,NA,ENTERTAINMENT AND RECREATION,0.146364,0.131909,0.095364,0.087818,0.087818,0.116727
NA,NS,NA,NA,FOOD AND DRUGS PROCESSING,0.214333,0.193000,0.139000,0.128333,0.128333,0.171333
NA,NS,NA,NA,GASOLINE SERVICE STATIONS,0.103000,0.094000,0.068000,0.062000,0.062000,0.082000
NA,NS,NA,NA,GENERAL SERVICES,0.053000,0.047000,0.034500,0.030500,0.030500,0.042000
NA,NS,NA,NA,GROUP INSTITUTIONAL HOUSING,0.111600,0.100200,0.072400,0.067800,0.067800,0.089600
NA,NS,NA,NA,HEALTH CARE SERVICE,0.053000,0.047000,0.034000,0.031000,0.031000,0.042000
NA,NS,NA,NA,HEAVY FABRICATION AND ASSEMBLY,0.373319,0.336897,0.243568,0.220804,0.220804,0.293647
NA,NS,NA,NA,HIGHWAY,0.155000,0.140000,0.100000,0.092000,0.092000,0.124000
NA,NS,NA,NA,LIGHT FABRICATION AND ASSEMBLY,0.175000,0.157667,0.113000,0.105000,0.105000,0.141000
NA,NS,NA,NA,PERMANENT DWELLING (MULTI FAMILY HOUSING),0.127350,0.114900,0.082950,0.076575,0.076575,0.102375
NA,NS,NA,NA,PERMANENT DWELLING (SINGLE FAMILY HOUSING),0.100050,0.090850,0.063250,0.060950,0.060950,0.082800
NA,NS,NA,NA,PERSONAL AND REPAIR SERVICES,0.106444,0.095667,0.069000,0.063667,0.063667,0.084556
NA,NS,NA,NA,PETROLEUM,0.102500,0.091000,0.065500,0.060500,0.060500,0.082500
NA,NS,NA,NA,"PROFESSIONAL, TECHNICAL AND BUSINESS SERVICES",0.035187,0.031096,0.022504,0.020458,0.020458,0.027823
NA,NS,NA,NA,RELIGION AND NONPROFIT,0.100000,0.090200,0.065200,0.059800,0.059800,0.080200
NA,NS,NA,NA,RESTAURANTS,0.178941,0.160949,0.115477,0.107953,0.107953,0.143284
NA,NS,NA,NA,RETAIL TRADE,0.149053,0.134105,0.096421,0.089158,0.089158,0.119474
NA,NS,NA,NA,SANITARY SEWER,0.574795,0.521286,0.374566,0.346949,0.346949,0.462598
NA,NS,NA,NA,TEMPORARY LODGING,0.334000,0.300500,0.217000,0.202000,0.202000,0.268500
NA,NS,NA,NA,UNKNOWN,0.147646,0.132828,0.095778,0.088636,0.088636,0.118202
NA,NS,NA,NA,WHOLESALE TRADE,0.134400,0.120400,0.087400,0.081600,0.081600,0.107000
NA,NS,NA,NA,AGRICULTURE,0.116000,0.103000,0.074000,0.069000,0.069000,0.093000
NA,NS,NA,NA,AIR,0.055000,0.049000,0.036000,0.034000,0.034000,0.043000
NA,NS,NA,NA,CASINOS,0.232000,0.206500,0.149500,0.138500,0.138500,0.185500
NA,NS,NA,NA,CONSTRUCTION,0.056000,0.052000,0.038000,0.033000,0.033000,0.043000
NA,NS,NA,NA,EDUCATION,0.034000,0.031000,0.021000,0.020000,0.020000,0.027000
NA,NS,NA,NA,EMERGENCY RESPONSE SERVICES,0.053000,0.047000,0.034000,0.032000,0.032000,0.041000
NA,NS,NA,NA,ENTERTAINMENT AND RECREATION,0.146364,0.131909,0.095364,0.087818,0.087818,0.116727
NA,NS,NA,NA,FOOD AND DRUGS PROCESSING,0.214333,0.193000,0.139000,0.128333,0.128333,0.171333
NA,NS,NA,NA,GASOLINE SERVICE STATIONS,0.103000,0.094000,0.068000,0.062000,0.062000,0.082000
NA,NS,NA,NA,GENERAL SERVICES,0.053000,0.047000,0.034500,0.030500,0.030500,0.042000
NA,NS,NA,NA,GROUP INSTITUTIONAL HOUSING,0.111600,0.100200,0.072400,0.067800,0.067800,0.089600
NA,NS,NA,NA,HEALTH CARE SERVICE,0.053000,0.047000,0.034000,0.031000,0.031000,0.042000
NA,NS,NA,NA,HEAVY FABRICATION AND ASSEMBLY,0.373319,0.336897,0.243568,0.220804,0.220804,0.293647
NA,NS,NA,NA,HIGHWAY,0.155000,0.140000,0.100000,0.092000,0.092000,0.124000
NA,NS,NA,NA,LIGHT FABRICATION AND ASSEMBLY,0.175000,0.157667,0.113000,0.105000,0.105000,0.141000
NA,NS,NA,NA,PERMANENT DWELLING (MULTI FAMILY HOUSING),0.127350,0.114900,0.082950,0.076575,0.076575,0.102375
NA,NS,NA,NA,PERMANENT DWELLING (SINGLE FAMILY HOUSING),0.100050,0.090850,0.063250,0.060950,0.060950,0.082800
NA,NS,NA,NA,PERSONAL AND REPAIR SERVICES,0.106444,0.095667,0.069000,0.063667,0.063667,0.084556
NA,NS,NA,NA,PETROLEUM,0.102500,0.091000,0.065500,0.060500,0.060500,0.082500
NA,NS,NA,NA,"PROFESSIONAL, TECHNICAL AND BUSINESS SERVICES",0.035187,0.031096,0.022504,0.020458,0.020458,0.027823
NA,NS,NA,NA,RELIGION AND NONPROFIT,0.100000,0.090200,0.065200,0.059800,0.059800,0.080200
NA,NS,NA,NA,RESTAURANTS,0.178941,0.160949,0.115477,0.107953,0.107953,0.143284
NA,NS,NA,NA,RETAIL TRADE,0.149053,0.134105,0.096421,0.089158,0.089158,0.119474
NA,NS,NA,NA,SANITARY SEWER,0.574795,0.521286,0.374566,0.346949,0.346949,0.462598
NA,NS,NA,NA,TEMPORARY LODGING,0.334000,0.300500,0.217000,0.202000,0.202000,0.268500
NA,NS,NA,NA,UNKNOWN,0.147646,0.132828,0.095778,0.088636,0.088636,0.118202
NA,NS,NA,NA,WHOLESALE TRADE,0.134400,0.120400,0.087400,0.081600,0.081600,0.107000
NA,NS,NA,NA,AGRICULTURE,0.116000,0.103000,0.074000,0.069000,0.069000,0.093000
NA,NS,NA,NA,AIR,0.055000,0.049000,0.036000,0.034000,0.034000,0.043000
NA,NS,NA,NA,CASINOS,0.232000,0.206500,0.149500,0.138500,0.138500,0.185500
NA,NS,NA,NA,CONSTRUCTION,0.056000,0.052000,0.038000,0.033000,0.033000,0.043000
NA,NS,NA,NA,EDUCATION,0.034000,0.031000,0.021000,0.020000,0.020000,0.027000
NA,NS,NA,NA,EMERGENCY RESPONSE SERVICES,0.053000,0.047000,0.034000,0.032000,0.032000,0.041000
NA,NS,NA,NA,ENTERTAINMENT AND RECREATION,0.146364,0.131909,0.095364,0.087818,0.087818,0.116727
NA,NS,NA,NA,FOOD AND DRUGS PROCESSING,0.214333,0.193000,0.139000,0.128333,0.128333,0.171333
NA,NS,NA,NA,GASOLINE SERVICE STATIONS,0.103000,0.094000,0.068000,0.062000,0.062000,0.082000
NA,NS,NA,NA,GENERAL SERVICES,0.053000,0.047000,0.034500,0.030500,0.030500,0.042000
NA,NS,NA,NA,GROUP INSTITUTIONAL HOUSING,0.111600,0.100200,0.072400,0.067800,0.067800,0.089600
NA,NS,NA,NA,HEALTH CARE SERVICE,0.053000,0.047000,0.034000,0.031000,0.031000,0.042000
NA,NS,NA,NA,HEAVY FABRICATION AND ASSEMBLY,0.373319,0.336897,0.243568,0.220804,0.220804,0.293647
NA,NS,NA,NA,HIGHWAY,0.155000,0.140000,0.100000,0.092000,0.092000,0.124000
NA,NS,NA,NA,LIGHT FABRICATION AND ASSEMBLY,0.175000,0.157667,0.113000,0.105000,0.105000,0.141000
NA,NS,NA,NA,PERMANENT DWELLING (MULTI FAMILY HOUSING),0.127350,0.114900,0.082950,0.076575,0.076575,0.102375
NA,NS,NA,NA,PERMANENT DWELLING (SINGLE FAMILY HOUSING),0.100050,0.090850,0.063250,0.060950,0.060950,0.082800
NA,NS,NA,NA,PERSONAL AND REPAIR SERVICES,0.106444,0.095667,0.069000,0.063667,0.063667,0.084556
NA,NS,NA,NA,PETROLEUM,0.102500,0.091000,0.065500,0.060500,0.060500,0.082500
NA,NS,NA,NA,"PROFESSIONAL, TECHNICAL AND BUSINESS SERVICES",0.035187,0.031096,0.022504,0.020458,0.020458,0.027823
NA,NS,NA,NA,RELIGION AND NONPROFIT,0.100000,0.090200,0.065200,0.059800,0.059800,0.080200
NA,NS,NA,NA,RESTAURANTS,0.178941,0.160949,0.115477,0.107953,0.107953,0.143284
NA,NS,NA,NA,RETAIL TRADE,0.149053,0.134105,0.096421,0.089158,0.089158,0.119474
NA,NS,NA,NA,SANITARY SEWER,0.574795,0.521286,0.374566,0.346949,0.346949,0.462598
NA,NS,NA,NA,TEMPORARY LODGING,0.334000,0.300500,0.217000,0.202000,0.202000,0.268500
NA,NS,NA,NA,UNKNOWN,0.147646,0.132828,0.095778,0.088636,0.088636,0.118202
NA,NS,NA,NA,WHOLESALE TRADE,0.134400,0.120400,0.087400,0.081600,0.081600,0.107000
NA,NS,NA,NA,AGRICULTURE,0.116000,0.103000,0.074000,0.069000,0.069000,0.093000
NA,NS,NA,NA,AIR,0.055000,0.049000,0.036000,0.034000,0.034000,0.043000
NA,NS,NA,NA,CASINOS,0.232000,0.206500,0.149500,0.138500,0.138500,0.185500
NA,NS,NA,NA,CONSTRUCTION,0.056000,0.052000,0.038000,0.033000,0.033000,0.043000
NA,NS,NA,NA,EDUCATION,0.034000,0.031000,0.021000,0.020000,0.020000,0.027000
NA,NS,NA,NA,EMERGENCY RESPONSE SERVICES,0.053000,0.047000,0.034000,0.032000,0.032000,0.041000
NA,NS,NA,NA,ENTERTAINMENT AND RECREATION,0.146364,0.131909,0.095364,0.087818,0.087818,0.116727
NA,NS,NA,NA,FOOD AND DRUGS PROCESSING,0.214333,0.193000,0.139000,0.128333,0.128333,0.171333
NA,NS,NA,NA,GASOLINE SERVICE STATIONS,0.103000,0.094000,0.068000,0.062000,0.062000,0.082000
NA,NS,NA,NA,GENERAL SERVICES,0.053000,0.047000,0.034500,0.030500,0.030500,0.042000
NA,NS,NA,NA,GROUP INSTITUTIONAL HOUSING,0.111600,0.100200,0.072400,0.067800,0.067800,0.089600
NA,NS,NA,NA,HEALTH CARE SERVICE,0.053000,0.047000,0.034000,0.031000,0.031000,0.042000
NA,NS,NA,NA,HEAVY FABRICATION AND ASSEMBLY,0.373319,0.336897,0.243568,0.220804,0.220804,0.293647
NA,NS,NA,NA,HIGHWAY,0.155000,0.140000,0.100000,0.092000,0.092000,0.124000
NA,NS,NA,NA,LIGHT FABRICATION AND ASSEMBLY,0.175000,0.157667,0.113000,0.105000,0.105000,0.141000
NA,NS,NA,NA,PERMANENT DWELLING (MULTI FAMILY HOUSING),0.127350,0.114900,0.082950,0.076575,0.076575,0.102375
NA,NS,NA,NA,PERMANENT DWELLING (SINGLE FAMILY HOUSING),0.100050,0.090850,0.063250,0.060950,0.060950,0.082800
NA,NS,NA,NA,PERSONAL AND REPAIR SERVICES,0.106444,0.095667,0.069000,0.063667,0.063667,0.084556
NA,NS,NA,NA,PETROLEUM,0.102500,0.091000,0.065500,0.060500,0.060500,0.082500
NA,NS,NA,NA,"PROFESSIONAL, TECHNICAL AND BUSINESS SERVICES",0.035187,0.031096,0.022504,0.020458,0.020458,0.027823
NA,NS,NA,NA,RELIGION AND NONPROFIT,0.100000,0.090200,0.065200,0.059800,0.059800,0.080200
NA,NS,NA,NA,RESTAURANTS,0.178941,0.160949,0.115477,0.107953,0.107953,0.143284
NA,NS,NA,NA,RETAIL TRADE,0.149053,0.134105,0.096421,0.089158,0.089158,0.119474
NA,NS,NA,NA,SANITARY SEWER,0.574795,0.521286,0.374566,0.346949,0.346949,0.462598
NA,NS,NA,NA,TEMPORARY LODGING,0.334000,0.300500,0.217000,0.202000,0.202000,0.268500
NA,NS,NA,NA,UNKNOWN,0.147646,0.132828,0.095778,0.088636,0.088636,0.118202
NA,NS,NA,NA,WHOLESALE TRADE,0.134400,0.120400,0.087400,0.081600,0.081600,0.107000
NA,NB,NA,NA,AGRICULTURE,0.116000,0.103000,0.074000,0.069000,0.069000,0.093000
NA,NB,NA,NA,AIR,0.055000,0.049000,0.036000,0.034000,0.034000,0.043000
NA,NB,NA,NA,CASINOS,0.232000,0.206500,0.149500,0.138500,0.138500,0.185500
NA,NB,NA,NA,CONSTRUCTION,0.056000,0.052000,0.038000,0.033000,0.033000,0.043000
NA,NB,NA,NA,EDUCATION,0.034000,0.031000,0.021000,0.020000,0.020000,0.027000
NA,NB,NA,NA,EMERGENCY RESPONSE SERVICES,0.053000,0.047000,0.034000,0.032000,0.032000,0.041000
NA,NB,NA,NA,ENTERTAINMENT AND RECREATION,0.146364,0.131909,0.095364,0.087818,0.087818,0.116727
NA,NB,NA,NA,FOOD AND DRUGS PROCESSING,0.214333,0.193000,0.139000,0.128333,0.128333,0.171333
NA,NB,NA,NA,GASOLINE SERVICE STATIONS,0.103000,0.094000,0.068000,0.062000,0.062000,0.082000
NA,NB,NA,NA,GENERAL SERVICES,0.053000,0.047000,0.034500,0.030500,0.030500,0.042000
NA,NB,NA,NA,GROUP INSTITUTIONAL HOUSING,0.111600,0.100200,0.072400,0.067800,0.067800,0.089600
NA,NB,NA,NA,HEALTH CARE SERVICE,0.053000,0.047000,0.034000,0.031000,0.031000,0.042000
NA,NB,NA,NA,HEAVY FABRICATION AND ASSEMBLY,0.373319,0.336897,0.243568,0.220804,0.220804,0.293647
NA,NB,NA,NA,HIGHWAY,0.155000,0.140000,0.100000,0.092000,0.092000,0.124000
NA,NB,NA,NA,LIGHT FABRICATION AND ASSEMBLY,0.175000,0.157667,0.113000,0.105000,0.105000,0.141000
NA,NB,NA,NA,PERMANENT DWELLING (MULTI FAMILY HOUSING),0.127350,0.114900,0.082950,0.076575,0.076575,0.102375
NA,NB,NA,NA,PERMANENT DWELLING (SINGLE FAMILY HOUSING),0.100050,0.090850,0.063250,0.060950,0.060950,0.082800
NA,NB,NA,NA,PERSONAL AND REPAIR SERVICES,0.106444,0.095667,0.069000,0.063667,0.063667,0.084556
NA,NB,NA,NA,PETROLEUM,0.102500,0.091000,0.065500,0.060500,0.060500,0.082500
NA,NB,NA,NA,"PROFESSIONAL, TECHNICAL AND BUSINESS SERVICES",0.035187,0.031096,0.022504,0.020458,0.020458,0.027823
NA,NB,NA,NA,RELIGION AND NONPROFIT,0.100000,0.090200,0.065200,0.059800,0.059800,0.080200
NA,NB,NA,NA,RESTAURANTS,0.178941,0.160949,0.115477,0.107953,0.107953,0.143284
NA,NB,NA,NA,RETAIL TRADE,0.149053,0.134105,0.096421,0.089158,0.089158,0.119474
NA,NB,NA,NA,SANITARY SEWER,0.574795,0.521286,0.374566,0.346949,0.346949,0.462598
NA,NB,NA,NA,TEMPORARY LODGING,0.334000,0.300500,0.217000,0.202000,0.202000,0.268500
NA,NB,NA,NA,UNKNOWN,0.147646,0.132828,0.095778,0.088636,0.088636,0.118202
NA,NB,NA,NA,WHOLESALE TRADE,0.134400,0.120400,0.087400,0.081600,0.081600,0.107000
NA,NB,NA,NA,AGRICULTURE,0.116000,0.103000,0.074000,0.069000,0.069000,0.093000
NA,NB,NA,NA,AIR,0.055000,0.049000,0.036000,0.034000,0.034000,0.043000
NA,NB,NA,NA,CASINOS,0.232000,0.206500,0.149500,0.138500,0.138500,0.185500
NA,NB,NA,NA,CONSTRUCTION,0.056000,0.052000,0.038000,0.033000,0.033000,0.043000
NA,NB,NA,NA,EDUCATION,0.034000,0.031000,0.021000,0.020000,0.020000,0.027000
NA,NB,NA,NA,EMERGENCY RESPONSE SERVICES,0.053000,0.047000,0.034000,0.032000,0.032000,0.041000
NA,NB,NA,NA,ENTERTAINMENT AND RECREATION,0.146364,0.131909,0.095364,0.087818,0.087818,0.116727
NA,NB,NA,NA,FOOD AND DRUGS PROCESSING,0.214333,0.193000,0.139000,0.128333,0.128333,0.171333
NA,NB,NA,NA,GASOLINE SERVICE STATIONS,0.103000,0.094000,0.068000,0.062000,0.062000,0.082000
NA,NB,NA,NA,GENERAL SERVICES,0.053000,0.047000,0.034500,0.030500,0.030500,0.042000
NA,NB,NA,NA,GROUP INSTITUTIONAL HOUSING,0.111600,0.100200,0.072400,0.067800,0.067800,0.089600
NA,NB,NA,NA,HEALTH CARE SERVICE,0.053000,0.047000,0.034000,0.031000,0.031000,0.042000
NA,NB,NA,NA,HEAVY FABRICATION AND ASSEMBLY,0.373319,0.336897,0.243568,0.220804,0.220804,0.293647
NA,NB,NA,NA,HIGHWAY,0.155000,0.140000,0.100000,0.092000,0.092000,0.124000
NA,NB,NA,NA,LIGHT FABRICATION AND ASSEMBLY,0.175000,0.157667,0.113000,0.105000,0.105000,0.141000
NA,NB,NA,NA,PERMANENT DWELLING (MULTI FAMILY HOUSING),0.127350,0.114900,0.082950,0.076575,0.076575,0.102375
NA,NB,NA,NA,PERMANENT DWELLING (SINGLE FAMILY HOUSING),0.100050,0.090850,0.063250,0.060950,0.060950,0.082800
NA,NB,NA,NA,PERSONAL AND REPAIR SERVICES,0.106444,0.095667,0.069000,0.063667,0.063667,0.084556
NA,NB,NA,NA,PETROLEUM,0.102500,0.091000,0.065500,0.060500,0.060500,0.082500
NA,NB,NA,NA,"PROFESSIONAL, TECHNICAL AND BUSINESS SERVICES",0.035187,0.031096,0.022504,0.020458,0.020458,0.027823
NA,NB,NA,NA,RELIGION AND NONPROFIT,0.100000,0.090200,0.065200,0.059800,0.059800,0.080200
NA,NB,NA,NA,RESTAURANTS,0.178941,0.160949,0.115477,0.107953,0.107953,0.143284
NA,NB,NA,NA,RETAIL TRADE,0.149053,0.134105,0.096421,0.089158,0.089158,0.119474
NA,NB,NA,NA,SANITARY SEWER,0.574795,0.521286,0.374566,0.346949,0.346949,0.462598
NA,NB,NA,NA,TEMPORARY LODGING,0.334000,0.300500,0.217000,0.202000,0.202000,0.268500
NA,NB,NA,NA,UNKNOWN,0.147646,0.132828,0.095778,0.088636,0.088636,0.118202
NA,NB,NA,NA,WHOLESALE TRADE,0.134400,0.120400,0.087400,0.081600,0.081600,0.107000
NA,NB,NA,NA,AGRICULTURE,0.116000,0.103000,0.074000,0.069000,0.069000,0.093000
NA,NB,NA,NA,AIR,0.055000,0.049000,0.036000,0.034000,0.034000,0.043000
NA,NB,NA,NA,CASINOS,0.232000,0.206500,0.149500,0.138500,0.138500,0.185500
NA,NB,NA,NA,CONSTRUCTION,0.056000,0.052000,0.038000,0.033000,0.033000,0.043000
NA,NB,NA,NA,EDUCATION,0.034000,0.031000,0.021000,0.020000,0.020000,0.027000
NA,NB,NA,NA,EMERGENCY RESPONSE SERVICES,0.053000,0.047000,0.034000,0.032000,0.032000,0.041000
NA,NB,NA,NA,ENTERTAINMENT AND RECREATION,0.146364,0.131909,0.095364,0.087818,0.087818,0.116727
NA,NB,NA,NA,FOOD AND DRUGS PROCESSING,0.214333,0.193000,0.139000,0.128333,0.128333,0.171333
NA,NB,NA,NA,GASOLINE SERVICE STATIONS,0.103000,0.094000,0.068000,0.062000,0.062000,0.082000
NA,NB,NA,NA,GENERAL SERVICES,0.053000,0.047000,0.034500,0.030500,0.030500,0.042000
NA,NB,NA,NA,GROUP INSTITUTIONAL HOUSING,0.111600,0.100200,0.072400,0.067800,0.067800,0.089600
NA,NB,NA,NA,HEALTH CARE SERVICE,0.053000,0.047000,0.034000,0.031000,0.031000,0.042000
NA,NB,NA,NA,HEAVY FABRICATION AND ASSEMBLY,0.373319,0.336897,0.243568,0.220804,0.220804,0.293647
NA,NB,NA,NA,HIGHWAY,0.155000,0.140000,0.100000,0.092000,0.092000,0.124000
NA,NB,NA,NA,LIGHT FABRICATION AND ASSEMBLY,0.175000,0.157667,0.113000,0.105000,0.105000,0.141000
NA,NB,NA,NA,PERMANENT DWELLING (MULTI FAMILY HOUSING),0.127350,0.114900,0.082950,0.076575,0.076575,0.102375
NA,NB,NA,NA,PERMANENT DWELLING (SINGLE FAMILY HOUSING),0.100050,0.090850,0.063250,0.060950,0.060950,0.082800
NA,NB,NA,NA,PERSONAL AND REPAIR SERVICES,0.106444,0.095667,0.069000,0.063667,0.063667,0.084556
NA,NB,NA,NA,PETROLEUM,0.102500,0.091000,0.065500,0.060500,0.060500,0.082500
NA,NB,NA,NA,"PROFESSIONAL, TECHNICAL AND BUSINESS SERVICES",0.035187,0.031096,0.022504,0.020458,0.020458,0.027823
NA,NB,NA,NA,RELIGION AND NONPROFIT,0.100000,0.090200,0.065200,0.059800,0.059800,0.080200
NA,NB,NA,NA,RESTAURANTS,0.178941,0.160949,0.115477,0.107953,0.107953,0.143284
NA,NB,NA,NA,RETAIL TRADE,0.149053,0.134105,0.096421,0.089158,0.089158,0.119474
NA,NB,NA,NA,SANITARY SEWER,0.574795,0.521286,0.374566,0.346949,0.346949,0.462598
NA,NB,NA,NA,TEMPORARY LODGING,0.334000,0.300500,0.217000,0.202000,0.202000,0.268500
NA,NB,NA,NA,UNKNOWN,0.147646,0.132828,0.095778,0.088636,0.088636,0.118202
NA,NB,NA,NA,WHOLESALE TRADE,0.134400,0.120400,0.087400,0.081600,0.081600,0.107000
NA,NB,NA,NA,AGRICULTURE,0.116000,0.103000,0.074000,0.069000,0.069000,0.093000
NA,NB,NA,NA,AIR,0.055000,0.049000,0.036000,0.034000,0.034000,0.043000
NA,NB,NA,NA,CASINOS,0.232000,0.206500,0.149500,0.138500,0.138500,0.185500
NA,NB,NA,NA,CONSTRUCTION,0.056000,0.052000,0.038000,0.033000,0.033000,0.043000
NA,NB,NA,NA,EDUCATION,0.034000,0.031000,0.021000,0.020000,0.020000,0.027000
NA,NB,NA,NA,EMERGENCY RESPONSE SERVICES,0.053000,0.047000,0.034000,0.032000,0.032000,0.041000
NA,NB,NA,NA,ENTERTAINMENT AND RECREATION,0.146364,0.131909,0.095364,0.087818,0.087818,0.116727
NA,NB,NA,NA,FOOD AND DRUGS PROCESSING,0.214333,0.193000,0.139000,0.128333,0.128333,0.171333
NA,NB,NA,NA,GASOLINE SERVICE STATIONS,0.103000,0.094000,0.068000,0.062000,0.062000,0.082000
NA,NB,NA,NA,GENERAL SERVICES,0.053000,0.047000,0.034500,0.030500,0.030500,0.042000
NA,NB,NA,NA,GROUP INSTITUTIONAL HOUSING,0.111600,0.100200,0.072400,0.067800,0.067800,0.089600
NA,NB,NA,NA,HEALTH CARE SERVICE,0.053000,0.047000,0.034000,0.031000,0.031000,0.042000
NA,NB,NA,NA,HEAVY FABRICATION AND ASSEMBLY,0.373319,0.336897,0.243568,0.220804,0.220804,0.293647
NA,NB,NA,NA,HIGHWAY,0.155000,0.140000,0.100000,0.092000,0.092000,0.124000
NA,NB,NA,NA,LIGHT FABRICATION AND ASSEMBLY,0.175000,0.157667,0.113000,0.105000,0.105000,0.141000
NA,NB,NA,NA,PERMANENT DWELLING (MULTI FAMILY HOUSING),0.127350,0.114900,0.082950,0.076575,0.076575,0.102375
NA,NB,NA,NA,PERMANENT DWELLING (SINGLE FAMILY HOUSING),0.100050,0.090850,0.063250,0.060950,0.060950,0.082800
NA,NB,NA,NA,PERSONAL AND REPAIR SERVICES,0.106444,0.095667,0.069000,0.063667,0.063667,0.084556
NA,NB,NA,NA,PETROLEUM,0.102500,0.091000,0.065500,0.060500,0.060500,0.082500
NA,NB,NA,NA,"PROFESSIONAL, TECHNICAL AND BUSINESS SERVICES",0.035187,0.031096,0.022504,0.020458,0.020458,0.027823
NA,NB,NA,NA,RELIGION AND NONPROFIT,0.100000,0.090200,0.065200,0.059800,0.059800,0.080200
NA,NB,NA,NA,RESTAURANTS,0.178941,0.160949,0.115477,0.107953,0.107953,0.143284
NA,NB,NA,NA,RETAIL TRADE,0.149053,0.134105,0.096421,0.089158,0.089158,0.119474
NA,NB,NA,NA,SANITARY SEWER,0.574795,0.521286,0.374566,0.346949,0.346949,0.462598
NA,NB,NA,NA,TEMPORARY LODGING,0.334000,0.300500,0.217000,0.202000,0.202000,0.268500
NA,NB,NA,NA,UNKNOWN,0.147646,0.132828,0.095778,0.088636,0.088636,0.118202
NA,NB,NA,NA,WHOLESALE TRADE,0.134400,0.120400,0.087400,0.081600,0.081600,0.107000
NA,NB,NA,NA,AGRICULTURE,0.116000,0.103000,0.074000,0.069000,0.069000,0.093000
NA,NB,NA,NA,AIR,0.055000,0.049000,0.036000,0.034000,0.034000,0.043000
NA,NB,NA,NA,CASINOS,0.232000,0.206500,0.149500,0.138500,0.138500,0.185500
NA,NB,NA,NA,CONSTRUCTION,0.056000,0.052000,0.038000,0.033000,0.033000,0.043000
NA,NB,NA,NA,EDUCATION,0.034000,0.031000,0.021000,0.020000,0.020000,0.027000
NA,NB,NA,NA,EMERGENCY RESPONSE SERVICES,0.053000,0.047000,0.034000,0.032000,0.032000,0.041000
NA,NB,NA,NA,ENTERTAINMENT AND RECREATION,0.146364,0.131909,0.095364,0.087818,0.087818,0.116727
NA,NB,NA,NA,FOOD AND DRUGS PROCESSING,0.214333,0.193000,0.139000,0.128333,0.128333,0.171333
NA,NB,NA,NA,GASOLINE SERVICE STATIONS,0.103000,0.094000,0.068000,0.062000,0.062000,0.082000
NA,NB,NA,NA,GENERAL SERVICES,0.053000,0.047000,0.034500,0.030500,0.030500,0.042000
NA,NB,NA,NA,GROUP INSTITUTIONAL HOUSING,0.111600,0.100200,0.072400,0.067800,0.067800,0.089600
NA,NB,NA,NA,HEALTH CARE SERVICE,0.053000,0.047000,0.034000,0.031000,0.031000,0.042000
NA,NB,NA,NA,HEAVY FABRICATION AND ASSEMBLY,0.373319,0.336897,0.243568,0.220804,0.220804,0.293647
NA,NB,NA,NA,HIGHWAY,0.155000,0.140000,0.100000,0.092000,0.092000,0.124000
NA,NB,NA,NA,LIGHT FABRICATION AND ASSEMBLY,0.175000,0.157667,0.113000,0.105000,0.105000,0.141000
NA,NB,NA,NA,PERMANENT DWELLING (MULTI FAMILY HOUSING),0.127350,0.114900,0.082950,0.076575,0.076575,0.102375
NA,NB,NA,NA,PERMANENT DWELLING (SINGLE FAMILY HOUSING),0.100050,0.090850,0.063250,0.060950,0.060950,0.082800
NA,NB,NA,NA,PERSONAL AND REPAIR SERVICES,0.106444,0.095667,0.069000,0.063667,0.063667,0.084556
NA,NB,NA,NA,PETROLEUM,0.102500,0.091000,0.065500,0.060500,0.060500,0.082500
NA,NB,NA,NA,"PROFESSIONAL, TECHNICAL AND BUSINESS SERVICES",0.035187,0.031096,0.022504,0.020458,0.020458,0.027823
NA,NB,NA,NA,RELIGION AND NONPROFIT,0.100000,0.090200,0.065200,0.059800,0.059800,0.080200
NA,NB,NA,NA,RESTAURANTS,0.178941,0.160949,0.115477,0.107953,0.107953,0.143284
NA,NB,NA,NA,RETAIL TRADE,0.149053,0.134105,0.096421,0.089158,0.089158,0.119474
NA,NB,NA,NA,SANITARY SEWER,0.574795,0.521286,0.374566,0.346949,0.346949,0.462598
NA,NB,NA,NA,TEMPORARY LODGING,0.334000,0.300500,0.217000,0.202000,0.202000,0.268500
NA,NB,NA,NA,UNKNOWN,0.147646,0.132828,0.095778,0.088636,0.088636,0.118202
NA,NB,NA,NA,WHOLESALE TRADE,0.134400,0.120400,0.087400,0.081600,0.081600,0.107000
NA,NB,NA,NA,AGRICULTURE,0.116000,0.103000,0.074000,0.069000,0.069000,0.093000
NA,NB,NA,NA,AIR,0.055000,0.049000,0.036000,0.034000,0.034000,0.043000
NA,NB,NA,NA,CASINOS,0.232000,0.206500,0.149500,0.138500,0.138500,0.185500
NA,NB,NA,NA,CONSTRUCTION,0.056000,0.052000,0.038000,0.033000,0.033000,0.043000
NA,NB,NA,NA,EDUCATION,0.034000,0.031000,0.021000,0.020000,0.020000,0.027000
NA,NB,NA,NA,EMERGENCY RESPONSE SERVICES,0.053000,0.047000,0.034000,0.032000,0.032000,0.041000
NA,NB,NA,NA,ENTERTAINMENT AND RECREATION,0.146364,0.131909,0.095364,0.087818,0.087818,0.116727
NA,NB,NA,NA,FOOD AND DRUGS PROCESSING,0.214333,0.193000,0.139000,0.128333,0.128333,0.171333
NA,NB,NA,NA,GASOLINE SERVICE STATIONS,0.103000,0.094000,0.068000,0.062000,0.062000,0.082000
NA,NB,NA,NA,GENERAL SERVICES,0.053000,0.047000,0.034500,0.030500,0.030500,0.042000
NA,NB,NA,NA,GROUP INSTITUTIONAL HOUSING,0.111600,0.100200,0.072400,0.067800,0.067800,0.089600
NA,NB,NA,NA,HEALTH CARE SERVICE,0.053000,0.047000,0.034000,0.031000,0.031000,0.042000
NA,NB,NA,NA,HEAVY FABRICATION AND ASSEMBLY,0.373319,0.336897,0.243568,0.220804,0.220804,0.293647
NA,NB,NA,NA,HIGHWAY,0.155000,0.140000,0.100000,0.092000,0.092000,0.124000
NA,NB,NA,NA,LIGHT FABRICATION AND ASSEMBLY,0.175000,0.157667,0.113000,0.105000,0.105000,0.141000
NA,NB,NA,NA,PERMANENT DWELLING (MULTI FAMILY HOUSING),0.127350,0.114900,0.082950,0.076575,0.076575,0.102375
NA,NB,NA,NA,PERMANENT DWELLING (SINGLE FAMILY HOUSING),0.100050,0.090850,0.063250,0.060950,0.060950,0.082800
NA,NB,NA,NA,PERSONAL AND REPAIR SERVICES,0.106444,0.095667,0.069000,0.063667,0.063667,0.084556
NA,NB,NA,NA,PETROLEUM,0.102500,0.091000,0.065500,0.060500,0.060500,0.082500
NA,NB,NA,NA,"PROFESSIONAL, TECHNICAL AND BUSINESS SERVICES",0.035187,0.031096,0.022504,0.020458,0.020458,0.027823
NA,NB,NA,NA,RELIGION AND NONPROFIT,0.100000,0.090200,0.065200,0.059800,0.059800,0.080200
NA,NB,NA,NA,RESTAURANTS,0.178941,0.160949,0.115477,0.107953,0.107953,0.143284
NA,NB,NA,NA,RETAIL TRADE,0.149053,0.134105,0.096421,0.089158,0.089158,0.119474
NA,NB,NA,NA,SANITARY SEWER,0.574795,0.521286,0.374566,0.346949,0.346949,0.462598
NA,NB,NA,NA,TEMPORARY LODGING,0.334000,0.300500,0.217000,0.202000,0.202000,0.268500
NA,NB,NA,NA,UNKNOWN,0.147646,0.132828,0.095778,0.088636,0.088636,0.118202
NA,NB,NA,NA,WHOLESALE TRADE,0.134400,0.120400,0.087400,0.081600,0.081600,0.107000
NA,BC,NA,NA,AGRICULTURE,0.095360,0.085333,0.060658,0.056604,0.056604,0.075733
NA,BC,NA,NA,AIR,0.036551,0.033991,0.024249,0.022400,0.022400,0.029582
NA,BC,NA,NA,CASINOS,0.123164,0.110756,0.079929,0.073387,0.073387,0.098631
NA,BC,NA,NA,CONSTRUCTION,0.044890,0.040606,0.028840,0.026656,0.026656,0.035515
NA,BC,NA,NA,EDUCATION,0.030933,0.026738,0.019200,0.018062,0.018062,0.024107
NA,BC,NA,NA,EMERGENCY RESPONSE SERVICES,0.027591,0.025102,0.017920,0.016356,0.016356,0.022187
NA,BC,NA,NA,ENTERTAINMENT AND RECREATION,0.078429,0.070549,0.050806,0.046785,0.046785,0.062636
NA,BC,NA,NA,FOOD AND DRUGS PROCESSING,0.165144,0.148812,0.107615,0.099200,0.099200,0.132456
NA,BC,NA,NA,GASOLINE SERVICE STATIONS,0.069831,0.062222,0.044729,0.042169,0.042169,0.055680
NA,BC,NA,NA,GENERAL SERVICES,0.027662,0.025280,0.017920,0.016533,0.016533,0.022222
NA,BC,NA,NA,GROUP INSTITUTIONAL HOUSING,0.043918,0.039836,0.028644,0.026411,0.026411,0.035399
NA,BC,NA,NA,HEALTH CARE SERVICE,0.022898,0.020693,0.014436,0.013938,0.013938,0.018844
NA,BC,NA,NA,HEAVY FABRICATION AND ASSEMBLY,0.244590,0.220309,0.160740,0.148113,0.148113,0.197970
NA,BC,NA,NA,HIGHWAY,0.102400,0.092516,0.066916,0.061867,0.061867,0.081849
NA,BC,NA,NA,LIGHT FABRICATION AND ASSEMBLY,0.155283,0.140113,0.100954,0.093582,0.093582,0.124871
NA,BC,NA,NA,PERMANENT DWELLING (MULTI FAMILY HOUSING),0.072245,0.065243,0.047072,0.043541,0.043541,0.057813
NA,BC,NA,NA,PERMANENT DWELLING (SINGLE FAMILY HOUSING),0.036228,0.033692,0.024288,0.021998,0.021998,0.029358
NA,BC,NA,NA,PERSONAL AND REPAIR SERVICES,0.099800,0.090106,0.064909,0.059844,0.059844,0.079960
NA,BC,NA,NA,PETROLEUM,0.067342,0.060658,0.043804,0.040320,0.040320,0.054080
NA,BC,NA,NA,"PROFESSIONAL, TECHNICAL AND BUSINESS SERVICES",0.019174,0.017195,0.012453,0.011580,0.011580,0.015479
NA,BC,NA,NA,RELIGION AND NONPROFIT,0.042055,0.037703,0.027264,0.025856,0.025856,0.033806
NA,BC,NA,NA,RESTAURANTS,0.060972,0.055086,0.039547,0.036755,0.036755,0.049061
NA,BC,NA,NA,RETAIL TRADE,0.110514,0.099357,0.071515,0.066066,0.066066,0.088380
NA,BC,NA,NA,SANITARY SEWER,0.382598,0.344302,0.248192,0.229412,0.229412,0.307110
NA,BC,NA,NA,TEMPORARY LODGING,0.109938,0.098773,0.071289,0.065920,0.065920,0.088249
NA,BC,NA,NA,UNKNOWN,0.088841,0.080023,0.057669,0.053303,0.053303,0.071156
NA,BC,NA,NA,WHOLESALE TRADE,0.089273,0.080341,0.058169,0.053660,0.053660,0.071140
NA,BC,NA,NA,AGRICULTURE,0.095360,0.085333,0.060658,0.056604,0.056604,0.075733
NA,BC,NA,NA,AIR,0.036551,0.033991,0.024249,0.022400,0.022400,0.029582
NA,BC,NA,NA,CASINOS,0.123164,0.110756,0.079929,0.073387,0.073387,0.098631
NA,BC,NA,NA,CONSTRUCTION,0.044890,0.040606,0.028840,0.026656,0.026656,0.035515
NA,BC,NA,NA,EDUCATION,0.030933,0.026738,0.019200,0.018062,0.018062,0.024107
NA,BC,NA,NA,EMERGENCY RESPONSE SERVICES,0.027591,0.025102,0.017920,0.016356,0.016356,0.022187
NA,BC,NA,NA,ENTERTAINMENT AND RECREATION,0.078429,0.070549,0.050806,0.046785,0.046785,0.062636
NA,BC,NA,NA,FOOD AND DRUGS PROCESSING,0.165144,0.148812,0.107615,0.099200,0.099200,0.132456
NA,BC,NA,NA,GASOLINE SERVICE STATIONS,0.069831,0.062222,0.044729,0.042169,0.042169,0.055680
NA,BC,NA,NA,GENERAL SERVICES,0.027662,0.025280,0.017920,0.016533,0.016533,0.022222
NA,BC,NA,NA,GROUP INSTITUTIONAL HOUSING,0.043918,0.039836,0.028644,0.026411,0.026411,0.035399
NA,BC,NA,NA,HEALTH CARE SERVICE,0.022898,0.020693,0.014436,0.013938,0.013938,0.018844
NA,BC,NA,NA,HEAVY FABRICATION AND ASSEMBLY,0.244590,0.220309,0.160740,0.148113,0.148113,0.197970
NA,BC,NA,NA,HIGHWAY,0.102400,0.092516,0.066916,0.061867,0.061867,0.081849
NA,BC,NA,NA,LIGHT FABRICATION AND ASSEMBLY,0.155283,0.140113,0.100954,0.093582,0.093582,0.124871
NA,BC,NA,NA,PERMANENT DWELLING (MULTI FAMILY HOUSING),0.072245,0.065243,0.047072,0.043541,0.043541,0.057813
NA,BC,NA,NA,PERMANENT DWELLING (SINGLE FAMILY HOUSING),0.036228,0.033692,0.024288,0.021998,0.021998,0.029358
NA,BC,NA,NA,PERSONAL AND REPAIR SERVICES,0.099800,0.090106,0.064909,0.059844,0.059844,0.079960
NA,BC,NA,NA,PETROLEUM,0.067342,0.060658,0.043804,0.040320,0.040320,0.054080
NA,BC,NA,NA,"PROFESSIONAL, TECHNICAL AND BUSINESS SERVICES",0.019174,0.017195,0.012453,0.011580,0.011580,0.015479
NA,BC,NA,NA,RELIGION AND NONPROFIT,0.042055,0.037703,0.027264,0.025856,0.025856,0.033806
NA,BC,NA,NA,RESTAURANTS,0.060972,0.055086,0.039547,0.036755,0.036755,0.049061
NA,BC,NA,NA,RETAIL TRADE,0.110514,0.099357,0.071515,0.066066,0.066066,0.088380
NA,BC,NA,NA,SANITARY SEWER,0.382598,0.344302,0.248192,0.229412,0.229412,0.307110
NA,BC,NA,NA,TEMPORARY LODGING,0.109938,0.098773,0.071289,0.065920,0.065920,0.088249
NA,BC,NA,NA,UNKNOWN,0.088841,0.080023,0.057669,0.053303,0.053303,0.071156
NA,BC,NA,NA,WHOLESALE TRADE,0.089273,0.080341,0.058169,0.053660,0.053660,0.071140
NA,BC,NA,NA,AGRICULTURE,0.095360,0.085333,0.060658,0.056604,0.056604,0.075733
NA,BC,NA,NA,AIR,0.036551,0.033991,0.024249,0.022400,0.022400,0.029582
NA,BC,NA,NA,CASINOS,0.123164,0.110756,0.079929,0.073387,0.073387,0.098631
NA,BC,NA,NA,CONSTRUCTION,0.044890,0.040606,0.028840,0.026656,0.026656,0.035515
NA,BC,NA,NA,EDUCATION,0.030933,0.026738,0.019200,0.018062,0.018062,0.024107
NA,BC,NA,NA,EMERGENCY RESPONSE SERVICES,0.027591,0.025102,0.017920,0.016356,0.016356,0.022187
NA,BC,NA,NA,ENTERTAINMENT AND RECREATION,0.078429,0.070549,0.050806,0.046785,0.046785,0.062636
NA,BC,NA,NA,FOOD AND DRUGS PROCESSING,0.165144,0.148812,0.107615,0.099200,0.099200,0.132456
NA,BC,NA,NA,GASOLINE SERVICE STATIONS,0.069831,0.062222,0.044729,0.042169,0.042169,0.055680
NA,BC,NA,NA,GENERAL SERVICES,0.027662,0.025280,0.017920,0.016533,0.016533,0.022222
NA,BC,NA,NA,GROUP INSTITUTIONAL HOUSING,0.043918,0.039836,0.028644,0.026411,0.026411,0.035399
NA,BC,NA,NA,HEALTH CARE SERVICE,0.022898,0.020693,0.014436,0.013938,0.013938,0.018844
NA,BC,NA,NA,HEAVY FABRICATION AND ASSEMBLY,0.244590,0.220309,0.160740,0.148113,0.148113,0.197970
NA,BC,NA,NA,HIGHWAY,0.102400,0.092516,0.066916,0.061867,0.061867,0.081849
NA,BC,NA,NA,LIGHT FABRICATION AND ASSEMBLY,0.155283,0.140113,0.100954,0.093582,0.093582,0.124871
NA,BC,NA,NA,PERMANENT DWELLING (MULTI FAMILY HOUSING),0.072245,0.065243,0.047072,0.043541,0.043541,0.057813
NA,BC,NA,NA,PERMANENT DWELLING (SINGLE FAMILY HOUSING),0.036228,0.033692,0.024288,0.021998,0.021998,0.029358
NA,BC,NA,NA,PERSONAL AND REPAIR SERVICES,0.099800,0.090106,0.064909,0.059844,0.059844,0.079960
NA,BC,NA,NA,PETROLEUM,0.067342,0.060658,0.043804,0.040320,0.040320,0.054080
NA,BC,NA,NA,"PROFESSIONAL, TECHNICAL AND BUSINESS SERVICES",0.019174,0.017195,0.012453,0.011580,0.011580,0.015479
NA,BC,NA,NA,RELIGION AND NONPROFIT,0.042055,0.037703,0.027264,0.025856,0.025856,0.033806
NA,BC,NA,NA,RESTAURANTS,0.060972,0.055086,0.039547,0.036755,0.036755,0.049061
NA,BC,NA,NA,RETAIL TRADE,0.110514,0.099357,0.071515,0.066066,0.066066,0.088380
NA,BC,NA,NA,SANITARY SEWER,0.382598,0.344302,0.248192,0.229412,0.229412,0.307110
NA,BC,NA,NA,TEMPORARY LODGING,0.109938,0.098773,0.071289,0.065920,0.065920,0.088249
NA,BC,NA,NA,UNKNOWN,0.088841,0.080023,0.057669,0.053303,0.053303,0.071156
NA,BC,NA,NA,WHOLESALE TRADE,0.089273,0.080341,0.058169,0.053660,0.053660,0.071140
NA,BC,NA,NA,AGRICULTURE,0.095360,0.085333,0.060658,0.056604,0.056604,0.075733
NA,BC,NA,NA,AIR,0.036551,0.033991,0.024249,0.022400,0.022400,0.029582
NA,BC,NA,NA,CASINOS,0.123164,0.110756,0.079929,0.073387,0.073387,0.098631
NA,BC,NA,NA,CONSTRUCTION,0.044890,0.040606,0.028840,0.026656,0.026656,0.035515
NA,BC,NA,NA,EDUCATION,0.030933,0.026738,0.019200,0.018062,0.018062,0.024107
NA,BC,NA,NA,EMERGENCY RESPONSE SERVICES,0.027591,0.025102,0.017920,0.016356,0.016356,0.022187
NA,BC,NA,NA,ENTERTAINMENT AND RECREATION,0.078429,0.070549,0.050806,0.046785,0.046785,0.062636
NA,BC,NA,NA,FOOD AND DRUGS PROCESSING,0.165144,0.148812,0.107615,0.099200,0.099200,0.132456
NA,BC,NA,NA,GASOLINE SERVICE STATIONS,0.069831,0.062222,0.044729,0.042169,0.042169,0.055680
NA,BC,NA,NA,GENERAL SERVICES,0.027662,0.025280,0.017920,0.016533,0.016533,0.022222
NA,BC,NA,NA,GROUP INSTITUTIONAL HOUSING,0.043918,0.039836,0.028644,0.026411,0.026411,0.035399
NA,BC,NA,NA,HEALTH CARE SERVICE,0.022898,0.020693,0.014436,0.013938,0.013938,0.018844
NA,BC,NA,NA,HEAVY FABRICATION AND ASSEMBLY,0.244590,0.220309,0.160740,0.148113,0.148113,0.197970
NA,BC,NA,NA,HIGHWAY,0.102400,0.092516,0.066916,0.061867,0.061867,0.081849
NA,BC,NA,NA,LIGHT FABRICATION AND ASSEMBLY,0.155283,0.140113,0.100954,0.093582,0.093582,0.124871
NA,BC,NA,NA,PERMANENT DWELLING (MULTI FAMILY HOUSING),0.072245,0.065243,0.047072,0.043541,0.043541,0.057813
NA,BC,NA,NA,PERMANENT DWELLING (SINGLE FAMILY HOUSING),0.036228,0.033692,0.024288,0.021998,0.021998,0.029358
NA,BC,NA,NA,PERSONAL AND REPAIR SERVICES,0.099800,0.090106,0.064909,0.059844,0.059844,0.079960
NA,BC,NA,NA,PETROLEUM,0.067342,0.060658,0.043804,0.040320,0.040320,0.054080
NA,BC,NA,NA,"PROFESSIONAL, TECHNICAL AND BUSINESS SERVICES",0.019174,0.017195,0.012453,0.011580,0.011580,0.015479
NA,BC,NA,NA,RELIGION AND NONPROFIT,0.042055,0.037703,0.027264,0.025856,0.025856,0.033806
NA,BC,NA,NA,RESTAURANTS,0.060972,0.055086,0.039547,0.036755,0.036755,0.049061
NA,BC,NA,NA,RETAIL TRADE,0.110514,0.099357,0.071515,0.066066,0.066066,0.088380
NA,BC,NA,NA,SANITARY SEWER,0.382598,0.344302,0.248192,0.229412,0.229412,0.307110
NA,BC,NA,NA,TEMPORARY LODGING,0.109938,0.098773,0.071289,0.065920,0.065920,0.088249
NA,BC,NA,NA,UNKNOWN,0.088841,0.080023,0.057669,0.053303,0.053303,0.071156
NA,BC,NA,NA,WHOLESALE TRADE,0.089273,0.080341,0.058169,0.053660,0.053660,0.071140
NA,BC,NA,NA,AGRICULTURE,0.095360,0.085333,0.060658,0.056604,0.056604,0.075733
NA,BC,NA,NA,AIR,0.036551,0.033991,0.024249,0.022400,0.022400,0.029582
NA,BC,NA,NA,CASINOS,0.123164,0.110756,0.079929,0.073387,0.073387,0.098631
NA,BC,NA,NA,CONSTRUCTION,0.044890,0.040606,0.028840,0.026656,0.026656,0.035515
NA,BC,NA,NA,EDUCATION,0.030933,0.026738,0.019200,0.018062,0.018062,0.024107
NA,BC,NA,NA,EMERGENCY RESPONSE SERVICES,0.027591,0.025102,0.017920,0.016356,0.016356,0.022187
NA,BC,NA,NA,ENTERTAINMENT AND RECREATION,0.078429,0.070549,0.050806,0.046785,0.046785,0.062636
NA,BC,NA,NA,FOOD AND DRUGS PROCESSING,0.165144,0.148812,0.107615,0.099200,0.099200,0.132456
NA,BC,NA,NA,GASOLINE SERVICE STATIONS,0.069831,0.062222,0.044729,0.042169,0.042169,0.055680
NA,BC,NA,NA,GENERAL SERVICES,0.027662,0.025280,0.017920,0.016533,0.016533,0.022222
NA,BC,NA,NA,GROUP INSTITUTIONAL HOUSING,0.043918,0.039836,0.028644,0.026411,0.026411,0.035399
NA,BC,NA,NA,HEALTH CARE SERVICE,0.022898,0.020693,0.014436,0.013938,0.013938,0.018844
NA,BC,NA,NA,HEAVY FABRICATION AND ASSEMBLY,0.244590,0.220309,0.160740,0.148113,0.148113,0.197970
NA,BC,NA,NA,HIGHWAY,0.102400,0.092516,0.066916,0.061867,0.061867,0.081849
NA,BC,NA,NA,LIGHT FABRICATION AND ASSEMBLY,0.155283,0.140113,0.100954,0.093582,0.093582,0.124871
NA,BC,NA,NA,PERMANENT DWELLING (MULTI FAMILY HOUSING),0.072245,0.065243,0.047072,0.043541,0.043541,0.057813
NA,BC,NA,NA,PERMANENT DWELLING (SINGLE FAMILY HOUSING),0.036228,0.033692,0.024288,0.021998,0.021998,0.029358
NA,BC,NA,NA,PERSONAL AND REPAIR SERVICES,0.099800,0.090106,0.064909,0.059844,0.059844,0.079960
NA,BC,NA,NA,PETROLEUM,0.067342,0.060658,0.043804,0.040320,0.040320,0.054080
NA,BC,NA,NA,"PROFESSIONAL, TECHNICAL AND BUSINESS SERVICES",0.019174,0.017195,0.012453,0.011580,0.011580,0.015479
NA,BC,NA,NA,RELIGION AND NONPROFIT,0.042055,0.037703,0.027264,0.025856,0.025856,0.033806
NA,BC,NA,NA,RESTAURANTS,0.060972,0.055086,0.039547,0.036755,0.036755,0.049061
NA,BC,NA,NA,RETAIL TRADE,0.110514,0.099357,0.071515,0.066066,0.066066,0.088380
NA,BC,NA,NA,SANITARY SEWER,0.382598,0.344302,0.248192,0.229412,0.229412,0.307110
NA,BC,NA,NA,TEMPORARY LODGING,0.109938,0.098773,0.071289,0.065920,0.065920,0.088249
NA,BC,NA,NA,UNKNOWN,0.088841,0.080023,0.057669,0.053303,0.053303,0.071156
NA,BC,NA,NA,WHOLESALE TRADE,0.089273,0.080341,0.058169,0.053660,0.053660,0.071140
NA,BC,NA,NA,AGRICULTURE,0.095360,0.085333,0.060658,0.056604,0.056604,0.075733
NA,BC,NA,NA,AIR,0.036551,0.033991,0.024249,0.022400,0.022400,0.029582
NA,BC,NA,NA,CASINOS,0.123164,0.110756,0.079929,0.073387,0.073387,0.098631
NA,BC,NA,NA,CONSTRUCTION,0.044890,0.040606,0.028840,0.026656,0.026656,0.035515
NA,BC,NA,NA,EDUCATION,0.030933,0.026738,0.019200,0.018062,0.018062,0.024107
NA,BC,NA,NA,EMERGENCY RESPONSE SERVICES,0.027591,0.025102,0.017920,0.016356,0.016356,0.022187
NA,BC,NA,NA,ENTERTAINMENT AND RECREATION,0.078429,0.070549,0.050806,0.046785,0.046785,0.062636
NA,BC,NA,NA,FOOD AND DRUGS PROCESSING,0.165144,0.148812,0.107615,0.099200,0.099200,0.132456
NA,BC,NA,NA,GASOLINE SERVICE STATIONS,0.069831,0.062222,0.044729,0.042169,0.042169,0.055680
NA,BC,NA,NA,GENERAL SERVICES,0.027662,0.025280,0.017920,0.016533,0.016533,0.022222
NA,BC,NA,NA,GROUP INSTITUTIONAL HOUSING,0.043918,0.039836,0.028644,0.026411,0.026411,0.035399
NA,BC,NA,NA,HEALTH CARE SERVICE,0.022898,0.020693,0.014436,0.013938,0.013938,0.018844
NA,BC,NA,NA,HEAVY FABRICATION AND ASSEMBLY,0.244590,0.220309,0.160740,0.148113,0.148113,0.197970
NA,BC,NA,NA,HIGHWAY,0.102400,0.092516,0.066916,0.061867,0.061867,0.081849
NA,BC,NA,NA,LIGHT FABRICATION AND ASSEMBLY,0.155283,0.140113,0.100954,0.093582,0.093582,0.124871
NA,BC,NA,NA,PERMANENT DWELLING (MULTI FAMILY HOUSING),0.072245,0.065243,0.047072,0.043541,0.043541,0.057813
NA,BC,NA,NA,PERMANENT DWELLING (SINGLE FAMILY HOUSING),0.036228,0.033692,0.024288,0.021998,0.021998,0.029358
NA,BC,NA,NA,PERSONAL AND REPAIR SERVICES,0.099800,0.090106,0.064909,0.059844,0.059844,0.079960
NA,BC,NA,NA,PETROLEUM,0.067342,0.060658,0.043804,0.040320,0.040320,0.054080
NA,BC,NA,NA,"PROFESSIONAL, TECHNICAL AND BUSINESS SERVICES",0.019174,0.017195,0.012453,0.011580,0.011580,0.015479
NA,BC,NA,NA,RELIGION AND NONPROFIT,0.042055,0.037703,0.027264,0.025856,0.025856,0.033806
NA,BC,NA,NA,RESTAURANTS,0.060972,0.055086,0.039547,0.036755,0.036755,0.049061
NA,BC,NA,NA,RETAIL TRADE,0.110514,0.099357,0.071515,0.066066,0.066066,0.088380
NA,BC,NA,NA,SANITARY SEWER,0.382598,0.344302,0.248192,0.229412,0.229412,0.307110
NA,BC,NA,NA,TEMPORARY LODGING,0.109938,0.098773,0.071289,0.065920,0.065920,0.088249
NA,BC,NA,NA,UNKNOWN,0.088841,0.080023,0.057669,0.053303,0.053303,0.071156
NA,BC,NA,NA,WHOLESALE TRADE,0.089273,0.080341,0.058169,0.053660,0.053660,0.071140
NA,PE,NA,NA,AGRICULTURE,0.092800,0.082400,0.059200,0.055200,0.055200,0.074400
NA,PE,NA,NA,AIR,0.044000,0.039200,0.028800,0.027200,0.027200,0.034400
NA,PE,NA,NA,CASINOS,0.185600,0.165200,0.119600,0.110800,0.110800,0.148400
NA,PE,NA,NA,CONSTRUCTION,0.044800,0.041600,0.030400,0.026400,0.026400,0.034400
NA,PE,NA,NA,EDUCATION,0.027200,0.024800,0.016800,0.016000,0.016000,0.021600
NA,PE,NA,NA,EMERGENCY RESPONSE SERVICES,0.042400,0.037600,0.027200,0.025600,0.025600,0.032800
NA,PE,NA,NA,ENTERTAINMENT AND RECREATION,0.117091,0.105527,0.076291,0.070255,0.070255,0.093382
NA,PE,NA,NA,FOOD AND DRUGS PROCESSING,0.171467,0.154400,0.111200,0.102667,0.102667,0.137067
NA,PE,NA,NA,GASOLINE SERVICE STATIONS,0.082400,0.075200,0.054400,0.049600,0.049600,0.065600
NA,PE,NA,NA,GENERAL SERVICES,0.042400,0.037600,0.027600,0.024400,0.024400,0.033600
NA,PE,NA,NA,GROUP INSTITUTIONAL HOUSING,0.089280,0.080160,0.057920,0.054240,0.054240,0.071680
NA,PE,NA,NA,HEALTH CARE SERVICE,0.042400,0.037600,0.027200,0.024800,0.024800,0.033600
NA,PE,NA,NA,HEAVY FABRICATION AND ASSEMBLY,0.298655,0.269518,0.194854,0.176644,0.176644,0.234918
NA,PE,NA,NA,HIGHWAY,0.124000,0.112000,0.080000,0.073600,0.073600,0.099200
NA,PE,NA,NA,LIGHT FABRICATION AND ASSEMBLY,0.140000,0.126133,0.090400,0.084000,0.084000,0.112800
NA,PE,NA,NA,PERMANENT DWELLING (MULTI FAMILY HOUSING),0.101880,0.091920,0.066360,0.061260,0.061260,0.081900
NA,PE,NA,NA,PERMANENT DWELLING (SINGLE FAMILY HOUSING),0.080040,0.072680,0.050600,0.048760,0.048760,0.066240
NA,PE,NA,NA,PERSONAL AND REPAIR SERVICES,0.085156,0.076533,0.055200,0.050933,0.050933,0.067644
NA,PE,NA,NA,PETROLEUM,0.082000,0.072800,0.052400,0.048400,0.048400,0.066000
NA,PE,NA,NA,"PROFESSIONAL, TECHNICAL AND BUSINESS SERVICES",0.028150,0.024877,0.018003,0.016366,0.016366,0.022258
NA,PE,NA,NA,RELIGION AND NONPROFIT,0.080000,0.072160,0.052160,0.047840,0.047840,0.064160
NA,PE,NA,NA,RESTAURANTS,0.143153,0.128759,0.092382,0.086363,0.086363,0.114627
NA,PE,NA,NA,RETAIL TRADE,0.119242,0.107284,0.077137,0.071326,0.071326,0.095579
NA,PE,NA,NA,SANITARY SEWER,0.459836,0.417029,0.299653,0.277559,0.277559,0.370078
NA,PE,NA,NA,TEMPORARY LODGING,0.267200,0.240400,0.173600,0.161600,0.161600,0.214800
NA,PE,NA,NA,UNKNOWN,0.118117,0.106263,0.076622,0.070909,0.070909,0.094562
NA,PE,NA,NA,WHOLESALE TRADE,0.107520,0.096320,0.069920,0.065280,0.065280,0.085600
NA,PE,NA,NA,AGRICULTURE,0.092800,0.082400,0.059200,0.055200,0.055200,0.074400
NA,PE,NA,NA,AIR,0.044000,0.039200,0.028800,0.027200,0.027200,0.034400
NA,PE,NA,NA,CASINOS,0.185600,0.165200,0.119600,0.110800,0.110800,0.148400
NA,PE,NA,NA,CONSTRUCTION,0.044800,0.041600,0.030400,0.026400,0.026400,0.034400
NA,PE,NA,NA,EDUCATION,0.027200,0.024800,0.016800,0.016000,0.016000,0.021600
NA,PE,NA,NA,EMERGENCY RESPONSE SERVICES,0.042400,0.037600,0.027200,0.025600,0.025600,0.032800
NA,PE,NA,NA,ENTERTAINMENT AND RECREATION,0.117091,0.105527,0.076291,0.070255,0.070255,0.093382
NA,PE,NA,NA,FOOD AND DRUGS PROCESSING,0.171467,0.154400,0.111200,0.102667,0.102667,0.137067
NA,PE,NA,NA,GASOLINE SERVICE STATIONS,0.082400,0.075200,0.054400,0.049600,0.049600,0.065600
NA,PE,NA,NA,GENERAL SERVICES,0.042400,0.037600,0.027600,0.024400,0.024400,0.033600
NA,PE,NA,NA,GROUP INSTITUTIONAL HOUSING,0.089280,0.080160,0.057920,0.054240,0.054240,0.071680
NA,PE,NA,NA,HEALTH CARE SERVICE,0.042400,0.037600,0.027200,0.024800,0.024800,0.033600
NA,PE,NA,NA,HEAVY FABRICATION AND ASSEMBLY,0.298655,0.269518,0.194854,0.176644,0.176644,0.234918
NA,PE,NA,NA,HIGHWAY,0.124000,0.112000,0.080000,0.073600,0.073600,0.099200
NA,PE,NA,NA,LIGHT FABRICATION AND ASSEMBLY,0.140000,0.126133,0.090400,0.084000,0.084000,0.112800
NA,PE,NA,NA,PERMANENT DWELLING (MULTI FAMILY HOUSING),0.101880,0.091920,0.066360,0.061260,0.061260,0.081900
NA,PE,NA,NA,PERMANENT DWELLING (SINGLE FAMILY HOUSING),0.080040,0.072680,0.050600,0.048760,0.048760,0.066240
NA,PE,NA,NA,PERSONAL AND REPAIR SERVICES,0.085156,0.076533,0.055200,0.050933,0.050933,0.067644
NA,PE,NA,NA,PETROLEUM,0.082000,0.072800,0.052400,0.048400,0.048400,0.066000
NA,PE,NA,NA,"PROFESSIONAL, TECHNICAL AND BUSINESS SERVICES",0.028150,0.024877,0.018003,0.016366,0.016366,0.022258
NA,PE,NA,NA,RELIGION AND NONPROFIT,0.080000,0.072160,0.052160,0.047840,0.047840,0.064160
NA,PE,NA,NA,RESTAURANTS,0.143153,0.128759,0.092382,0.086363,0.086363,0.114627
NA,PE,NA,NA,RETAIL TRADE,0.119242,0.107284,0.077137,0.071326,0.071326,0.095579
NA,PE,NA,NA,SANITARY SEWER,0.459836,0.417029,0.299653,0.277559,0.277559,0.370078
NA,PE,NA,NA,TEMPORARY LODGING,0.267200,0.240400,0.173600,0.161600,0.161600,0.214800
NA,PE,NA,NA,UNKNOWN,0.118117,0.106263,0.076622,0.070909,0.070909,0.094562
NA,PE,NA,NA,WHOLESALE TRADE,0.107520,0.096320,0.069920,0.065280,0.065280,0.085600
NA,PE,NA,NA,AGRICULTURE,0.092800,0.082400,0.059200,0.055200,0.055200,0.074400
NA,PE,NA,NA,AIR,0.044000,0.039200,0.028800,0.027200,0.027200,0.034400
NA,PE,NA,NA,CASINOS,0.185600,0.165200,0.119600,0.110800,0.110800,0.148400
NA,PE,NA,NA,CONSTRUCTION,0.044800,0.041600,0.030400,0.026400,0.026400,0.034400
NA,PE,NA,NA,EDUCATION,0.027200,0.024800,0.016800,0.016000,0.016000,0.021600
NA,PE,NA,NA,EMERGENCY RESPONSE SERVICES,0.042400,0.037600,0.027200,0.025600,0.025600,0.032800
NA,PE,NA,NA,ENTERTAINMENT AND RECREATION,0.117091,0.105527,0.076291,0.070255,0.070255,0.093382
NA,PE,NA,NA,FOOD AND DRUGS PROCESSING,0.171467,0.154400,0.111200,0.102667,0.102667,0.137067
NA,PE,NA,NA,GASOLINE SERVICE STATIONS,0.082400,0.075200,0.054400,0.049600,0.049600,0.065600
NA,PE,NA,NA,GENERAL SERVICES,0.042400,0.037600,0.027600,0.024400,0.024400,0.033600
NA,PE,NA,NA,GROUP INSTITUTIONAL HOUSING,0.089280,0.080160,0.057920,0.054240,0.054240,0.071680
NA,PE,NA,NA,HEALTH CARE SERVICE,0.042400,0.037600,0.027200,0.024800,0.024800,0.033600
NA,PE,NA,NA,HEAVY FABRICATION AND ASSEMBLY,0.298655,0.269518,0.194854,0.176644,0.176644,0.234918
NA,PE,NA,NA,HIGHWAY,0.124000,0.112000,0.080000,0.073600,0.073600,0.099200
NA,PE,NA,NA,LIGHT FABRICATION AND ASSEMBLY,0.140000,0.126133,0.090400,0.084000,0.084000,0.112800
NA,PE,NA,NA,PERMANENT DWELLING (MULTI FAMILY HOUSING),0.101880,0.091920,0.066360,0.061260,0.061260,0.081900
NA,PE,NA,NA,PERMANENT DWELLING (SINGLE FAMILY HOUSING),0.080040,0.072680,0.050600,0.048760,0.048760,0.066240
NA,PE,NA,NA,PERSONAL AND REPAIR SERVICES,0.085156,0.076533,0.055200,0.050933,0.050933,0.067644
NA,PE,NA,NA,PETROLEUM,0.082000,0.072800,0.052400,0.048400,0.048400,0.066000
NA,PE,NA,NA,"PROFESSIONAL, TECHNICAL AND BUSINESS SERVICES",0.028150,0.024877,0.018003,0.016366,0.016366,0.022258
NA,PE,NA,NA,RELIGION AND NONPROFIT,0.080000,0.072160,0.052160,0.047840,0.047840,0.064160
NA,PE,NA,NA,RESTAURANTS,0.143153,0.128759,0.092382,0.086363,0.086363,0.114627
NA,PE,NA,NA,RETAIL TRADE,0.119242,0.107284,0.077137,0.071326,0.071326,0.095579
NA,PE,NA,NA,SANITARY SEWER,0.459836,0.417029,0.299653,0.277559,0.277559,0.370078
NA,PE,NA,NA,TEMPORARY LODGING,0.267200,0.240400,0.173600,0.161600,0.161600,0.214800
NA,PE,NA,NA,UNKNOWN,0.118117,0.106263,0.076622,0.070909,0.070909,0.094562
NA,PE,NA,NA,WHOLESALE TRADE,0.107520,0.096320,0.069920,0.065280,0.065280,0.085600
NA,PE,NA,NA,AGRICULTURE,0.092800,0.082400,0.059200,0.055200,0.055200,0.074400
NA,PE,NA,NA,AIR,0.044000,0.039200,0.028800,0.027200,0.027200,0.034400
NA,PE,NA,NA,CASINOS,0.185600,0.165200,0.119600,0.110800,0.110800,0.148400
NA,PE,NA,NA,CONSTRUCTION,0.044800,0.041600,0.030400,0.026400,0.026400,0.034400
NA,PE,NA,NA,EDUCATION,0.027200,0.024800,0.016800,0.016000,0.016000,0.021600
NA,PE,NA,NA,EMERGENCY RESPONSE SERVICES,0.042400,0.037600,0.027200,0.025600,0.025600,0.032800
NA,PE,NA,NA,ENTERTAINMENT AND RECREATION,0.117091,0.105527,0.076291,0.070255,0.070255,0.093382
NA,PE,NA,NA,FOOD AND DRUGS PROCESSING,0.171467,0.154400,0.111200,0.102667,0.102667,0.137067
NA,PE,NA,NA,GASOLINE SERVICE STATIONS,0.082400,0.075200,0.054400,0.049600,0.049600,0.065600
NA,PE,NA,NA,GENERAL SERVICES,0.042400,0.037600,0.027600,0.024400,0.024400,0.033600
NA,PE,NA,NA,GROUP INSTITUTIONAL HOUSING,0.089280,0.080160,0.057920,0.054240,0.054240,0.071680
NA,PE,NA,NA,HEALTH CARE SERVICE,0.042400,0.037600,0.027200,0.024800,0.024800,0.033600
NA,PE,NA,NA,HEAVY FABRICATION AND ASSEMBLY,0.298655,0.269518,0.194854,0.176644,0.176644,0.234918
NA,PE,NA,NA,HIGHWAY,0.124000,0.112000,0.080000,0.073600,0.073600,0.099200
NA,PE,NA,NA,LIGHT FABRICATION AND ASSEMBLY,0.140000,0.126133,0.090400,0.084000,0.084000,0.112800
NA,PE,NA,NA,PERMANENT DWELLING (MULTI FAMILY HOUSING),0.101880,0.091920,0.066360,0.061260,0.061260,0.081900
NA,PE,NA,NA,PERMANENT DWELLING (SINGLE FAMILY HOUSING),0.080040,0.072680,0.050600,0.048760,0.048760,0.066240
NA,PE,NA,NA,PERSONAL AND REPAIR SERVICES,0.085156,0.076533,0.055200,0.050933,0.050933,0.067644
NA,PE,NA,NA,PETROLEUM,0.082000,0.072800,0.052400,0.048400,0.048400,0.066000
NA,PE,NA,NA,"PROFESSIONAL, TECHNICAL AND BUSINESS SERVICES",0.028150,0.024877,0.018003,0.016366,0.016366,0.022258
NA,PE,NA,NA,RELIGION AND NONPROFIT,0.080000,0.072160,0.052160,0.047840,0.047840,0.064160
NA,PE,NA,NA,RESTAURANTS,0.143153,0.128759,0.092382,0.086363,0.086363,0.114627
NA,PE,NA,NA,RETAIL TRADE,0.119242,0.107284,0.077137,0.071326,0.071326,0.095579
NA,PE,NA,NA,SANITARY SEWER,0.459836,0.417029,0.299653,0.277559,0.277559,0.370078
NA,PE,NA,NA,TEMPORARY LODGING,0.267200,0.240400,0.173600,0.161600,0.161600,0.214800
NA,PE,NA,NA,UNKNOWN,0.118117,0.106263,0.076622,0.070909,0.070909,0.094562
NA,PE,NA,NA,WHOLESALE TRADE,0.107520,0.096320,0.069920,0.065280,0.065280,0.085600
NA,PE,NA,NA,AGRICULTURE,0.092800,0.082400,0.059200,0.055200,0.055200,0.074400
NA,PE,NA,NA,AIR,0.044000,0.039200,0.028800,0.027200,0.027200,0.034400
NA,PE,NA,NA,CASINOS,0.185600,0.165200,0.119600,0.110800,0.110800,0.148400
NA,PE,NA,NA,CONSTRUCTION,0.044800,0.041600,0.030400,0.026400,0.026400,0.034400
NA,PE,NA,NA,EDUCATION,0.027200,0.024800,0.016800,0.016000,0.016000,0.021600
NA,PE,NA,NA,EMERGENCY RESPONSE SERVICES,0.042400,0.037600,0.027200,0.025600,0.025600,0.032800
NA,PE,NA,NA,ENTERTAINMENT AND RECREATION,0.117091,0.105527,0.076291,0.070255,0.070255,0.093382
NA,PE,NA,NA,FOOD AND DRUGS PROCESSING,0.171467,0.154400,0.111200,0.102667,0.102667,0.137067
NA,PE,NA,NA,GASOLINE SERVICE STATIONS,0.082400,0.075200,0.054400,0.049600,0.049600,0.065600
NA,PE,NA,NA,GENERAL SERVICES,0.042400,0.037600,0.027600,0.024400,0.024400,0.033600
NA,PE,NA,NA,GROUP INSTITUTIONAL HOUSING,0.089280,0.080160,0.057920,0.054240,0.054240,0.071680
NA,PE,NA,NA,HEALTH CARE SERVICE,0.042400,0.037600,0.027200,0.024800,0.024800,0.033600
NA,PE,NA,NA,HEAVY FABRICATION AND ASSEMBLY,0.298655,0.269518,0.194854,0.176644,0.176644,0.234918
NA,PE,NA,NA,HIGHWAY,0.124000,0.112000,0.080000,0.073600,0.073600,0.099200
NA,PE,NA,NA,LIGHT FABRICATION AND ASSEMBLY,0.140000,0.126133,0.090400,0.084000,0.084000,0.112800
NA,PE,NA,NA,PERMANENT DWELLING (MULTI FAMILY HOUSING),0.101880,0.091920,0.066360,0.061260,0.061260,0.081900
NA,PE,NA,NA,PERMANENT DWELLING (SINGLE FAMILY HOUSING),0.080040,0.072680,0.050600,0.048760,0.048760,0.066240
NA,PE,NA,NA,PERSONAL AND REPAIR SERVICES,0.085156,0.076533,0.055200,0.050933,0.050933,0.067644
NA,PE,NA,NA,PETROLEUM,0.082000,0.072800,0.052400,0.048400,0.048400,0.066000
NA,PE,NA,NA,"PROFESSIONAL, TECHNICAL AND BUSINESS SERVICES",0.028150,0.024877,0.018003,0.016366,0.016366,0.022258
NA,PE,NA,NA,RELIGION AND NONPROFIT,0.080000,0.072160,0.052160,0.047840,0.047840,0.064160
NA,PE,NA,NA,RESTAURANTS,0.143153,0.128759,0.092382,0.086363,0.086363,0.114627
NA,PE,NA,NA,RETAIL TRADE,0.119242,0.107284,0.077137,0.071326,0.071326,0.095579
NA,PE,NA,NA,SANITARY SEWER,0.459836,0.417029,0.299653,0.277559,0.277559,0.370078
NA,PE,NA,NA,TEMPORARY LODGING,0.267200,0.240400,0.173600,0.161600,0.161600,0.214800
NA,PE,NA,NA,UNKNOWN,0.118117,0.106263,0.076622,0.070909,0.070909,0.094562
NA,PE,NA,NA,WHOLESALE TRADE,0.107520,0.096320,0.069920,0.065280,0.065280,0.085600
NA,PE,NA,NA,AGRICULTURE,0.092800,0.082400,0.059200,0.055200,0.055200,0.074400
NA,PE,NA,NA,AIR,0.044000,0.039200,0.028800,0.027200,0.027200,0.034400
NA,PE,NA,NA,CASINOS,0.185600,0.165200,0.119600,0.110800,0.110800,0.148400
NA,PE,NA,NA,CONSTRUCTION,0.044800,0.041600,0.030400,0.026400,0.026400,0.034400
NA,PE,NA,NA,EDUCATION,0.027200,0.024800,0.016800,0.016000,0.016000,0.021600
NA,PE,NA,NA,EMERGENCY RESPONSE SERVICES,0.042400,0.037600,0.027200,0.025600,0.025600,0.032800
NA,PE,NA,NA,ENTERTAINMENT AND RECREATION,0.117091,0.105527,0.076291,0.070255,0.070255,0.093382
NA,PE,NA,NA,FOOD AND DRUGS PROCESSING,0.171467,0.154400,0.111200,0.102667,0.102667,0.137067
NA,PE,NA,NA,GASOLINE SERVICE STATIONS,0.082400,0.075200,0.054400,0.049600,0.049600,0.065600
NA,PE,NA,NA,GENERAL SERVICES,0.042400,0.037600,0.027600,0.024400,0.024400,0.033600
NA,PE,NA,NA,GROUP INSTITUTIONAL HOUSING,0.089280,0.080160,0.057920,0.054240,0.054240,0.071680
NA,PE,NA,NA,HEALTH CARE SERVICE,0.042400,0.037600,0.027200,0.024800,0.024800,0.033600
NA,PE,NA,NA,HEAVY FABRICATION AND ASSEMBLY,0.298655,0.269518,0.194854,0.176644,0.176644,0.234918
NA,PE,NA,NA,HIGHWAY,0.124000,0.112000,0.080000,0.073600,0.073600,0.099200
NA,PE,NA,NA,LIGHT FABRICATION AND ASSEMBLY,0.140000,0.126133,0.090400,0.084000,0.084000,0.112800
NA,PE,NA,NA,PERMANENT DWELLING (MULTI FAMILY HOUSING),0.101880,0.091920,0.066360,0.061260,0.061260,0.081900
NA,PE,NA,NA,PERMANENT DWELLING (SINGLE FAMILY HOUSING),0.080040,0.072680,0.050600,0.048760,0.048760,0.066240
NA,PE,NA,NA,PERSONAL AND REPAIR SERVICES,0.085156,0.076533,0.055200,0.050933,0.050933,0.067644
NA,PE,NA,NA,PETROLEUM,0.082000,0.072800,0.052400,0.048400,0.048400,0.066000
NA,PE,NA,NA,"PROFESSIONAL, TECHNICAL AND BUSINESS SERVICES",0.028150,0.024877,0.018003,0.016366,0.016366,0.022258
NA,PE,NA,NA,RELIGION AND NONPROFIT,0.080000,0.072160,0.052160,0.047840,0.047840,0.064160
NA,PE,NA,NA,RESTAURANTS,0.143153,0.128759,0.092382,0.086363,0.086363,0.114627
NA,PE,NA,NA,RETAIL TRADE,0.119242,0.107284,0.077137,0.071326,0.071326,0.095579
NA,PE,NA,NA,SANITARY SEWER,0.459836,0.417029,0.299653,0.277559,0.277559,0.370078
NA,PE,NA,NA,TEMPORARY LODGING,0.267200,0.240400,0.173600,0.161600,0.161600,0.214800
NA,PE,NA,NA,UNKNOWN,0.118117,0.106263,0.076622,0.070909,0.070909,0.094562
NA,PE,NA,NA,WHOLESALE TRADE,0.107520,0.096320,0.069920,0.065280,0.065280,0.085600
NA,SK,NA,NA,AGRICULTURE,0.094700,0.085100,0.060700,0.056500,0.056500,0.075500
NA,SK,NA,NA,AIR,0.042800,0.039600,0.028300,0.026300,0.026300,0.034800
NA,SK,NA,NA,CASINOS,0.113750,0.102150,0.073800,0.067900,0.067900,0.091100
NA,SK,NA,NA,CONSTRUCTION,0.037700,0.034200,0.024100,0.022400,0.022400,0.029600
NA,SK,NA,NA,EDUCATION,0.032600,0.028200,0.020300,0.019100,0.019100,0.025200
NA,SK,NA,NA,EMERGENCY RESPONSE SERVICES,0.033600,0.030200,0.021800,0.019900,0.019900,0.026800
NA,SK,NA,NA,ENTERTAINMENT AND RECREATION,0.072427,0.065182,0.047064,0.043318,0.043318,0.057709
NA,SK,NA,NA,FOOD AND DRUGS PROCESSING,0.172933,0.155800,0.112767,0.103767,0.103767,0.138700
NA,SK,NA,NA,GASOLINE SERVICE STATIONS,0.081500,0.073100,0.052300,0.049100,0.049100,0.065200
NA,SK,NA,NA,GENERAL SERVICES,0.033700,0.030500,0.021750,0.020100,0.020100,0.026950
NA,SK,NA,NA,GROUP INSTITUTIONAL HOUSING,0.043080,0.038800,0.027940,0.025920,0.025920,0.034480
NA,SK,NA,NA,HEALTH CARE SERVICE,0.025900,0.023400,0.016500,0.016000,0.016000,0.021400
NA,SK,NA,NA,HEAVY FABRICATION AND ASSEMBLY,0.260185,0.234690,0.170497,0.157295,0.157295,0.210333
NA,SK,NA,NA,HIGHWAY,0.109000,0.098200,0.071000,0.065700,0.065700,0.087000
NA,SK,NA,NA,LIGHT FABRICATION AND ASSEMBLY,0.177500,0.160033,0.115300,0.106933,0.106933,0.142700
NA,SK,NA,NA,PERMANENT DWELLING (MULTI FAMILY HOUSING),0.079193,0.071430,0.051555,0.047595,0.047595,0.063353
NA,SK,NA,NA,PERMANENT DWELLING (SINGLE FAMILY HOUSING),0.034960,0.031855,0.023345,0.021275,0.021275,0.028060
NA,SK,NA,NA,PERSONAL AND REPAIR SERVICES,0.112311,0.101289,0.073067,0.067333,0.067333,0.089944
NA,SK,NA,NA,PETROLEUM,0.071450,0.064400,0.046500,0.042850,0.042850,0.057500
NA,SK,NA,NA,"PROFESSIONAL, TECHNICAL AND BUSINESS SERVICES",0.019762,0.017839,0.012847,0.012029,0.012029,0.015998
NA,SK,NA,NA,RELIGION AND NONPROFIT,0.040700,0.036480,0.026480,0.024940,0.024940,0.032620
NA,SK,NA,NA,RESTAURANTS,0.072034,0.065099,0.046813,0.043443,0.043443,0.057935
NA,SK,NA,NA,RETAIL TRADE,0.111516,0.100337,0.072295,0.066863,0.066863,0.089211
NA,SK,NA,NA,SANITARY SEWER,0.406672,0.366108,0.264613,0.244245,0.244245,0.326235
NA,SK,NA,NA,TEMPORARY LODGING,0.118600,0.106400,0.077000,0.071050,0.071050,0.095050
NA,SK,NA,NA,UNKNOWN,0.092755,0.083512,0.060262,0.055692,0.055692,0.074251
NA,SK,NA,NA,WHOLESALE TRADE,0.094860,0.085280,0.061840,0.057060,0.057060,0.075640
NA,SK,NA,NA,AGRICULTURE,0.094700,0.085100,0.060700,0.056500,0.056500,0.075500
NA,SK,NA,NA,AIR,0.042800,0.039600,0.028300,0.026300,0.026300,0.034800
NA,SK,NA,NA,CASINOS,0.113750,0.102150,0.073800,0.067900,0.067900,0.091100
NA,SK,NA,NA,CONSTRUCTION,0.037700,0.034200,0.024100,0.022400,0.022400,0.029600
NA,SK,NA,NA,EDUCATION,0.032600,0.028200,0.020300,0.019100,0.019100,0.025200
NA,SK,NA,NA,EMERGENCY RESPONSE SERVICES,0.033600,0.030200,0.021800,0.019900,0.019900,0.026800
NA,SK,NA,NA,ENTERTAINMENT AND RECREATION,0.072427,0.065182,0.047064,0.043318,0.043318,0.057709
NA,SK,NA,NA,FOOD AND DRUGS PROCESSING,0.172933,0.155800,0.112767,0.103767,0.103767,0.138700
NA,SK,NA,NA,GASOLINE SERVICE STATIONS,0.081500,0.073100,0.052300,0.049100,0.049100,0.065200
NA,SK,NA,NA,GENERAL SERVICES,0.033700,0.030500,0.021750,0.020100,0.020100,0.026950
NA,SK,NA,NA,GROUP INSTITUTIONAL HOUSING,0.043080,0.038800,0.027940,0.025920,0.025920,0.034480
NA,SK,NA,NA,HEALTH CARE SERVICE,0.025900,0.023400,0.016500,0.016000,0.016000,0.021400
NA,SK,NA,NA,HEAVY FABRICATION AND ASSEMBLY,0.260185,0.234690,0.170497,0.157295,0.157295,0.210333
NA,SK,NA,NA,HIGHWAY,0.109000,0.098200,0.071000,0.065700,0.065700,0.087000
NA,SK,NA,NA,LIGHT FABRICATION AND ASSEMBLY,0.177500,0.160033,0.115300,0.106933,0.106933,0.142700
NA,SK,NA,NA,PERMANENT DWELLING (MULTI FAMILY HOUSING),0.079193,0.071430,0.051555,0.047595,0.047595,0.063353
NA,SK,NA,NA,PERMANENT DWELLING (SINGLE FAMILY HOUSING),0.034960,0.031855,0.023345,0.021275,0.021275,0.028060
NA,SK,NA,NA,PERSONAL AND REPAIR SERVICES,0.112311,0.101289,0.073067,0.067333,0.067333,0.089944
NA,SK,NA,NA,PETROLEUM,0.071450,0.064400,0.046500,0.042850,0.042850,0.057500
NA,SK,NA,NA,"PROFESSIONAL, TECHNICAL AND BUSINESS SERVICES",0.019762,0.017839,0.012847,0.012029,0.012029,0.015998
NA,SK,NA,NA,RELIGION AND NONPROFIT,0.040700,0.036480,0.026480,0.024940,0.024940,0.032620
NA,SK,NA,NA,RESTAURANTS,0.072034,0.065099,0.046813,0.043443,0.043443,0.057935
NA,SK,NA,NA,RETAIL TRADE,0.111516,0.100337,0.072295,0.066863,0.066863,0.089211
NA,SK,NA,NA,SANITARY SEWER,0.406672,0.366108,0.264613,0.244245,0.244245,0.326235
NA,SK,NA,NA,TEMPORARY LODGING,0.118600,0.106400,0.077000,0.071050,0.071050,0.095050
NA,SK,NA,NA,UNKNOWN,0.092755,0.083512,0.060262,0.055692,0.055692,0.074251
NA,SK,NA,NA,WHOLESALE TRADE,0.094860,0.085280,0.061840,0.057060,0.057060,0.075640
NA,SK,NA,NA,AGRICULTURE,0.094700,0.085100,0.060700,0.056500,0.056500,0.075500
NA,SK,NA,NA,AIR,0.042800,0.039600,0.028300,0.026300,0.026300,0.034800
NA,SK,NA,NA,CASINOS,0.113750,0.102150,0.073800,0.067900,0.067900,0.091100
NA,SK,NA,NA,CONSTRUCTION,0.037700,0.034200,0.024100,0.022400,0.022400,0.029600
NA,SK,NA,NA,EDUCATION,0.032600,0.028200,0.020300,0.019100,0.019100,0.025200
NA,SK,NA,NA,EMERGENCY RESPONSE SERVICES,0.033600,0.030200,0.021800,0.019900,0.019900,0.026800
NA,SK,NA,NA,ENTERTAINMENT AND RECREATION,0.072427,0.065182,0.047064,0.043318,0.043318,0.057709
NA,SK,NA,NA,FOOD AND DRUGS PROCESSING,0.172933,0.155800,0.112767,0.103767,0.103767,0.138700
NA,SK,NA,NA,GASOLINE SERVICE STATIONS,0.081500,0.073100,0.052300,0.049100,0.049100,0.065200
NA,SK,NA,NA,GENERAL SERVICES,0.033700,0.030500,0.021750,0.020100,0.020100,0.026950
NA,SK,NA,NA,GROUP INSTITUTIONAL HOUSING,0.043080,0.038800,0.027940,0.025920,0.025920,0.034480
NA,SK,NA,NA,HEALTH CARE SERVICE,0.025900,0.023400,0.016500,0.016000,0.016000,0.021400
NA,SK,NA,NA,HEAVY FABRICATION AND ASSEMBLY,0.260185,0.234690,0.170497,0.157295,0.157295,0.210333
NA,SK,NA,NA,HIGHWAY,0.109000,0.098200,0.071000,0.065700,0.065700,0.087000
NA,SK,NA,NA,LIGHT FABRICATION AND ASSEMBLY,0.177500,0.160033,0.115300,0.106933,0.106933,0.142700
NA,SK,NA,NA,PERMANENT DWELLING (MULTI FAMILY HOUSING),0.079193,0.071430,0.051555,0.047595,0.047595,0.063353
NA,SK,NA,NA,PERMANENT DWELLING (SINGLE FAMILY HOUSING),0.034960,0.031855,0.023345,0.021275,0.021275,0.028060
NA,SK,NA,NA,PERSONAL AND REPAIR SERVICES,0.112311,0.101289,0.073067,0.067333,0.067333,0.089944
NA,SK,NA,NA,PETROLEUM,0.071450,0.064400,0.046500,0.042850,0.042850,0.057500
NA,SK,NA,NA,"PROFESSIONAL, TECHNICAL AND BUSINESS SERVICES",0.019762,0.017839,0.012847,0.012029,0.012029,0.015998
NA,SK,NA,NA,RELIGION AND NONPROFIT,0.040700,0.036480,0.026480,0.024940,0.024940,0.032620
NA,SK,NA,NA,RESTAURANTS,0.072034,0.065099,0.046813,0.043443,0.043443,0.057935
NA,SK,NA,NA,RETAIL TRADE,0.111516,0.100337,0.072295,0.066863,0.066863,0.089211
NA,SK,NA,NA,SANITARY SEWER,0.406672,0.366108,0.264613,0.244245,0.244245,0.326235
NA,SK,NA,NA,TEMPORARY LODGING,0.118600,0.106400,0.077000,0.071050,0.071050,0.095050
NA,SK,NA,NA,UNKNOWN,0.092755,0.083512,0.060262,0.055692,0.055692,0.074251
NA,SK,NA,NA,WHOLESALE TRADE,0.094860,0.085280,0.061840,0.057060,0.057060,0.075640
NA,SK,NA,NA,AGRICULTURE,0.094700,0.085100,0.060700,0.056500,0.056500,0.075500
NA,SK,NA,NA,AIR,0.042800,0.039600,0.028300,0.026300,0.026300,0.034800
NA,SK,NA,NA,CASINOS,0.113750,0.102150,0.073800,0.067900,0.067900,0.091100
NA,SK,NA,NA,CONSTRUCTION,0.037700,0.034200,0.024100,0.022400,0.022400,0.029600
NA,SK,NA,NA,EDUCATION,0.032600,0.028200,0.020300,0.019100,0.019100,0.025200
NA,SK,NA,NA,EMERGENCY RESPONSE SERVICES,0.033600,0.030200,0.021800,0.019900,0.019900,0.026800
NA,SK,NA,NA,ENTERTAINMENT AND RECREATION,0.072427,0.065182,0.047064,0.043318,0.043318,0.057709
NA,SK,NA,NA,FOOD AND DRUGS PROCESSING,0.172933,0.155800,0.112767,0.103767,0.103767,0.138700
NA,SK,NA,NA,GASOLINE SERVICE STATIONS,0.081500,0.073100,0.052300,0.049100,0.049100,0.065200
NA,SK,NA,NA,GENERAL SERVICES,0.033700,0.030500,0.021750,0.020100,0.020100,0.026950
NA,SK,NA,NA,GROUP INSTITUTIONAL HOUSING,0.043080,0.038800,0.027940,0.025920,0.025920,0.034480
NA,SK,NA,NA,HEALTH CARE SERVICE,0.025900,0.023400,0.016500,0.016000,0.016000,0.021400
NA,SK,NA,NA,HEAVY FABRICATION AND ASSEMBLY,0.260185,0.234690,0.170497,0.157295,0.157295,0.210333
NA,SK,NA,NA,HIGHWAY,0.109000,0.098200,0.071000,0.065700,0.065700,0.087000
NA,SK,NA,NA,LIGHT FABRICATION AND ASSEMBLY,0.177500,0.160033,0.115300,0.106933,0.106933,0.142700
NA,SK,NA,NA,PERMANENT DWELLING (MULTI FAMILY HOUSING),0.079193,0.071430,0.051555,0.047595,0.047595,0.063353
NA,SK,NA,NA,PERMANENT DWELLING (SINGLE FAMILY HOUSING),0.034960,0.031855,0.023345,0.021275,0.021275,0.028060
NA,SK,NA,NA,PERSONAL AND REPAIR SERVICES,0.112311,0.101289,0.073067,0.067333,0.067333,0.089944
NA,SK,NA,NA,PETROLEUM,0.071450,0.064400,0.046500,0.042850,0.042850,0.057500
NA,SK,NA,NA,"PROFESSIONAL, TECHNICAL AND BUSINESS SERVICES",0.019762,0.017839,0.012847,0.012029,0.012029,0.015998
NA,SK,NA,NA,RELIGION AND NONPROFIT,0.040700,0.036480,0.026480,0.024940,0.024940,0.032620
NA,SK,NA,NA,RESTAURANTS,0.072034,0.065099,0.046813,0.043443,0.043443,0.057935
NA,SK,NA,NA,RETAIL TRADE,0.111516,0.100337,0.072295,0.066863,0.066863,0.089211
NA,SK,NA,NA,SANITARY SEWER,0.406672,0.366108,0.264613,0.244245,0.244245,0.326235
NA,SK,NA,NA,TEMPORARY LODGING,0.118600,0.106400,0.077000,0.071050,0.071050,0.095050
NA,SK,NA,NA,UNKNOWN,0.092755,0.083512,0.060262,0.055692,0.055692,0.074251
NA,SK,NA,NA,WHOLESALE TRADE,0.094860,0.085280,0.061840,0.057060,0.057060,0.075640
NA,SK,NA,NA,AGRICULTURE,0.094700,0.085100,0.060700,0.056500,0.056500,0.075500
NA,SK,NA,NA,AIR,0.042800,0.039600,0.028300,0.026300,0.026300,0.034800
NA,SK,NA,NA,CASINOS,0.113750,0.102150,0.073800,0.067900,0.067900,0.091100
NA,SK,NA,NA,CONSTRUCTION,0.037700,0.034200,0.024100,0.022400,0.022400,0.029600
NA,SK,NA,NA,EDUCATION,0.032600,0.028200,0.020300,0.019100,0.019100,0.025200
NA,SK,NA,NA,EMERGENCY RESPONSE SERVICES,0.033600,0.030200,0.021800,0.019900,0.019900,0.026800
NA,SK,NA,NA,ENTERTAINMENT AND RECREATION,0.072427,0.065182,0.047064,0.043318,0.043318,0.057709
NA,SK,NA,NA,FOOD AND DRUGS PROCESSING,0.172933,0.155800,0.112767,0.103767,0.103767,0.138700
NA,SK,NA,NA,GASOLINE SERVICE STATIONS,0.081500,0.073100,0.052300,0.049100,0.049100,0.065200
NA,SK,NA,NA,GENERAL SERVICES,0.033700,0.030500,0.021750,0.020100,0.020100,0.026950
NA,SK,NA,NA,GROUP INSTITUTIONAL HOUSING,0.043080,0.038800,0.027940,0.025920,0.025920,0.034480
NA,SK,NA,NA,HEALTH CARE SERVICE,0.025900,0.023400,0.016500,0.016000,0.016000,0.021400
NA,SK,NA,NA,HEAVY FABRICATION AND ASSEMBLY,0.260185,0.234690,0.170497,0.157295,0.157295,0.210333
NA,SK,NA,NA,HIGHWAY,0.109000,0.098200,0.071000,0.065700,0.065700,0.087000
NA,SK,NA,NA,LIGHT FABRICATION AND ASSEMBLY,0.177500,0.160033,0.115300,0.106933,0.106933,0.142700
NA,SK,NA,NA,PERMANENT DWELLING (MULTI FAMILY HOUSING),0.079193,0.071430,0.051555,0.047595,0.047595,0.063353
NA,SK,NA,NA,PERMANENT DWELLING (SINGLE FAMILY HOUSING),0.034960,0.031855,0.023345,0.021275,0.021275,0.028060
NA,SK,NA,NA,PERSONAL AND REPAIR SERVICES,0.112311,0.101289,0.073067,0.067333,0.067333,0.089944
NA,SK,NA,NA,PETROLEUM,0.071450,0.064400,0.046500,0.042850,0.042850,0.057500
NA,SK,NA,NA,"PROFESSIONAL, TECHNICAL AND BUSINESS SERVICES",0.019762,0.017839,0.012847,0.012029,0.012029,0.015998
NA,SK,NA,NA,RELIGION AND NONPROFIT,0.040700,0.036480,0.026480,0.024940,0.024940,0.032620
NA,SK,NA,NA,RESTAURANTS,0.072034,0.065099,0.046813,0.043443,0.043443,0.057935
NA,SK,NA,NA,RETAIL TRADE,0.111516,0.100337,0.072295,0.066863,0.066863,0.089211
NA,SK,NA,NA,SANITARY SEWER,0.406672,0.366108,0.264613,0.244245,0.244245,0.326235
NA,SK,NA,NA,TEMPORARY LODGING,0.118600,0.106400,0.077000,0.071050,0.071050,0.095050
NA,SK,NA,NA,UNKNOWN,0.092755,0.083512,0.060262,0.055692,0.055692,0.074251
NA,SK,NA,NA,WHOLESALE TRADE,0.094860,0.085280,0.061840,0.057060,0.057060,0.075640
NA,SK,NA,NA,AGRICULTURE,0.094700,0.085100,0.060700,0.056500,0.056500,0.075500
NA,SK,NA,NA,AIR,0.042800,0.039600,0.028300,0.026300,0.026300,0.034800
NA,SK,NA,NA,CASINOS,0.113750,0.102150,0.073800,0.067900,0.067900,0.091100
NA,SK,NA,NA,CONSTRUCTION,0.037700,0.034200,0.024100,0.022400,0.022400,0.029600
NA,SK,NA,NA,EDUCATION,0.032600,0.028200,0.020300,0.019100,0.019100,0.025200
NA,SK,NA,NA,EMERGENCY RESPONSE SERVICES,0.033600,0.030200,0.021800,0.019900,0.019900,0.026800
NA,SK,NA,NA,ENTERTAINMENT AND RECREATION,0.072427,0.065182,0.047064,0.043318,0.043318,0.057709
NA,SK,NA,NA,FOOD AND DRUGS PROCESSING,0.172933,0.155800,0.112767,0.103767,0.103767,0.138700
NA,SK,NA,NA,GASOLINE SERVICE STATIONS,0.081500,0.073100,0.052300,0.049100,0.049100,0.065200
NA,SK,NA,NA,GENERAL SERVICES,0.033700,0.030500,0.021750,0.020100,0.020100,0.026950
NA,SK,NA,NA,GROUP INSTITUTIONAL HOUSING,0.043080,0.038800,0.027940,0.025920,0.025920,0.034480
NA,SK,NA,NA,HEALTH CARE SERVICE,0.025900,0.023400,0.016500,0.016000,0.016000,0.021400
NA,SK,NA,NA,HEAVY FABRICATION AND ASSEMBLY,0.260185,0.234690,0.170497,0.157295,0.157295,0.210333
NA,SK,NA,NA,HIGHWAY,0.109000,0.098200,0.071000,0.065700,0.065700,0.087000
NA,SK,NA,NA,LIGHT FABRICATION AND ASSEMBLY,0.177500,0.160033,0.115300,0.106933,0.106933,0.142700
NA,SK,NA,NA,PERMANENT DWELLING (MULTI FAMILY HOUSING),0.079193,0.071430,0.051555,0.047595,0.047595,0.063353
NA,SK,NA,NA,PERMANENT DWELLING (SINGLE FAMILY HOUSING),0.034960,0.031855,0.023345,0.021275,0.021275,0.028060
NA,SK,NA,NA,PERSONAL AND REPAIR SERVICES,0.112311,0.101289,0.073067,0.067333,0.067333,0.089944
NA,SK,NA,NA,PETROLEUM,0.071450,0.064400,0.046500,0.042850,0.042850,0.057500
NA,SK,NA,NA,"PROFESSIONAL, TECHNICAL AND BUSINESS SERVICES",0.019762,0.017839,0.012847,0.012029,0.012029,0.015998
NA,SK,NA,NA,RELIGION AND NONPROFIT,0.040700,0.036480,0.026480,0.024940,0.024940,0.032620
NA,SK,NA,NA,RESTAURANTS,0.072034,0.065099,0.046813,0.043443,0.043443,0.057935
NA,SK,NA,NA,RETAIL TRADE,0.111516,0.100337,0.072295,0.066863,0.066863,0.089211
NA,SK,NA,NA,SANITARY SEWER,0.406672,0.366108,0.264613,0.244245,0.244245,0.326235
NA,SK,NA,NA,TEMPORARY LODGING,0.118600,0.106400,0.077000,0.071050,0.071050,0.095050
NA,SK,NA,NA,UNKNOWN,0.092755,0.083512,0.060262,0.055692,0.055692,0.074251
NA,SK,NA,NA,WHOLESALE TRADE,0.094860,0.085280,0.061840,0.057060,0.057060,0.075640
NA,AB,NA,NA,AGRICULTURE,0.102500,0.092000,0.065500,0.061000,0.061000,0.081500
NA,AB,NA,NA,AIR,0.043000,0.040000,0.028500,0.026500,0.026500,0.035000
NA,AB,NA,NA,CASINOS,0.125000,0.112250,0.081000,0.074500,0.074500,0.100000
NA,AB,NA,NA,CONSTRUCTION,0.024000,0.022000,0.015000,0.014000,0.014000,0.018500
NA,AB,NA,NA,EDUCATION,0.029500,0.025000,0.018000,0.017000,0.017000,0.022500
NA,AB,NA,NA,EMERGENCY RESPONSE SERVICES,0.034000,0.030500,0.022000,0.020000,0.020000,0.027000
NA,AB,NA,NA,ENTERTAINMENT AND RECREATION,0.079545,0.071591,0.051682,0.047591,0.047591,0.063409
NA,AB,NA,NA,FOOD AND DRUGS PROCESSING,0.189167,0.170333,0.123333,0.113500,0.113500,0.151667
NA,AB,NA,NA,GASOLINE SERVICE STATIONS,0.082000,0.073500,0.052500,0.049500,0.049500,0.065500
NA,AB,NA,NA,GENERAL SERVICES,0.034000,0.030750,0.022000,0.020250,0.020250,0.027250
NA,AB,NA,NA,GROUP INSTITUTIONAL HOUSING,0.044000,0.039700,0.028600,0.026500,0.026500,0.035300
NA,AB,NA,NA,HEALTH CARE SERVICE,0.026000,0.023500,0.016500,0.016000,0.016000,0.021500
NA,AB,NA,NA,HEAVY FABRICATION AND ASSEMBLY,0.276575,0.249259,0.180969,0.167311,0.167311,0.224219
NA,AB,NA,NA,HIGHWAY,0.116000,0.104500,0.075500,0.070000,0.070000,0.092500
NA,AB,NA,NA,LIGHT FABRICATION AND ASSEMBLY,0.186500,0.168167,0.121167,0.112333,0.112333,0.150000
NA,AB,NA,NA,PERMANENT DWELLING (MULTI FAMILY HOUSING),0.074550,0.067313,0.048525,0.044850,0.044850,0.059700
NA,AB,NA,NA,PERMANENT DWELLING (SINGLE FAMILY HOUSING),0.035075,0.032200,0.023575,0.021275,0.021275,0.028175
NA,AB,NA,NA,PERSONAL AND REPAIR SERVICES,0.116056,0.104667,0.075500,0.069556,0.069556,0.092889
NA,AB,NA,NA,PETROLEUM,0.076000,0.068500,0.049500,0.045500,0.045500,0.061250
NA,AB,NA,NA,"PROFESSIONAL, TECHNICAL AND BUSINESS SERVICES",0.020253,0.018207,0.013093,0.012275,0.012275,0.016366
NA,AB,NA,NA,RELIGION AND NONPROFIT,0.041300,0.036900,0.026900,0.025400,0.025400,0.033100
NA,AB,NA,NA,RESTAURANTS,0.063954,0.057902,0.041546,0.038602,0.038602,0.051523
NA,AB,NA,NA,RETAIL TRADE,0.118684,0.106763,0.076895,0.071105,0.071105,0.094895
NA,AB,NA,NA,SANITARY SEWER,0.432391,0.389238,0.281356,0.259780,0.259780,0.346949
NA,AB,NA,NA,TEMPORARY LODGING,0.106000,0.095000,0.068750,0.063500,0.063500,0.085000
NA,AB,NA,NA,UNKNOWN,0.095323,0.085818,0.061909,0.057222,0.057222,0.076303
NA,AB,NA,NA,WHOLESALE TRADE,0.100900,0.090700,0.065800,0.060700,0.060700,0.080400
NA,AB,NA,NA,AGRICULTURE,0.102500,0.092000,0.065500,0.061000,0.061000,0.081500
NA,AB,NA,NA,AIR,0.043000,0.040000,0.028500,0.026500,0.026500,0.035000
NA,AB,NA,NA,CASINOS,0.125000,0.112250,0.081000,0.074500,0.074500,0.100000
NA,AB,NA,NA,CONSTRUCTION,0.024000,0.022000,0.015000,0.014000,0.014000,0.018500
NA,AB,NA,NA,EDUCATION,0.029500,0.025000,0.018000,0.017000,0.017000,0.022500
NA,AB,NA,NA,EMERGENCY RESPONSE SERVICES,0.034000,0.030500,0.022000,0.020000,0.020000,0.027000
NA,AB,NA,NA,ENTERTAINMENT AND RECREATION,0.079545,0.071591,0.051682,0.047591,0.047591,0.063409
NA,AB,NA,NA,FOOD AND DRUGS PROCESSING,0.189167,0.170333,0.123333,0.113500,0.113500,0.151667
NA,AB,NA,NA,GASOLINE SERVICE STATIONS,0.082000,0.073500,0.052500,0.049500,0.049500,0.065500
NA,AB,NA,NA,GENERAL SERVICES,0.034000,0.030750,0.022000,0.020250,0.020250,0.027250
NA,AB,NA,NA,GROUP INSTITUTIONAL HOUSING,0.044000,0.039700,0.028600,0.026500,0.026500,0.035300
NA,AB,NA,NA,HEALTH CARE SERVICE,0.026000,0.023500,0.016500,0.016000,0.016000,0.021500
NA,AB,NA,NA,HEAVY FABRICATION AND ASSEMBLY,0.276575,0.249259,0.180969,0.167311,0.167311,0.224219
NA,AB,NA,NA,HIGHWAY,0.116000,0.104500,0.075500,0.070000,0.070000,0.092500
NA,AB,NA,NA,LIGHT FABRICATION AND ASSEMBLY,0.186500,0.168167,0.121167,0.112333,0.112333,0.150000
NA,AB,NA,NA,PERMANENT DWELLING (MULTI FAMILY HOUSING),0.074550,0.067313,0.048525,0.044850,0.044850,0.059700
NA,AB,NA,NA,PERMANENT DWELLING (SINGLE FAMILY HOUSING),0.035075,0.032200,0.023575,0.021275,0.021275,0.028175
NA,AB,NA,NA,PERSONAL AND REPAIR SERVICES,0.116056,0.104667,0.075500,0.069556,0.069556,0.092889
NA,AB,NA,NA,PETROLEUM,0.076000,0.068500,0.049500,0.045500,0.045500,0.061250
NA,AB,NA,NA,"PROFESSIONAL, TECHNICAL AND BUSINESS SERVICES",0.020253,0.018207,0.013093,0.012275,0.012275,0.016366
NA,AB,NA,NA,RELIGION AND NONPROFIT,0.041300,0.036900,0.026900,0.025400,0.025400,0.033100
NA,AB,NA,NA,RESTAURANTS,0.063954,0.057902,0.041546,0.038602,0.038602,0.051523
NA,AB,NA,NA,RETAIL TRADE,0.118684,0.106763,0.076895,0.071105,0.071105,0.094895
NA,AB,NA,NA,SANITARY SEWER,0.432391,0.389238,0.281356,0.259780,0.259780,0.346949
NA,AB,NA,NA,TEMPORARY LODGING,0.106000,0.095000,0.068750,0.063500,0.063500,0.085000
NA,AB,NA,NA,UNKNOWN,0.095323,0.085818,0.061909,0.057222,0.057222,0.076303
NA,AB,NA,NA,WHOLESALE TRADE,0.100900,0.090700,0.065800,0.060700,0.060700,0.080400
NA,AB,NA,NA,AGRICULTURE,0.102500,0.092000,0.065500,0.061000,0.061000,0.081500
NA,AB,NA,NA,AIR,0.043000,0.040000,0.028500,0.026500,0.026500,0.035000
NA,AB,NA,NA,CASINOS,0.125000,0.112250,0.081000,0.074500,0.074500,0.100000
NA,AB,NA,NA,CONSTRUCTION,0.024000,0.022000,0.015000,0.014000,0.014000,0.018500
NA,AB,NA,NA,EDUCATION,0.029500,0.025000,0.018000,0.017000,0.017000,0.022500
NA,AB,NA,NA,EMERGENCY RESPONSE SERVICES,0.034000,0.030500,0.022000,0.020000,0.020000,0.027000
NA,AB,NA,NA,ENTERTAINMENT AND RECREATION,0.079545,0.071591,0.051682,0.047591,0.047591,0.063409
NA,AB,NA,NA,FOOD AND DRUGS PROCESSING,0.189167,0.170333,0.123333,0.113500,0.113500,0.151667
NA,AB,NA,NA,GASOLINE SERVICE STATIONS,0.082000,0.073500,0.052500,0.049500,0.049500,0.065500
NA,AB,NA,NA,GENERAL SERVICES,0.034000,0.030750,0.022000,0.020250,0.020250,0.027250
NA,AB,NA,NA,GROUP INSTITUTIONAL HOUSING,0.044000,0.039700,0.028600,0.026500,0.026500,0.035300
NA,AB,NA,NA,HEALTH CARE SERVICE,0.026000,0.023500,0.016500,0.016000,0.016000,0.021500
NA,AB,NA,NA,HEAVY FABRICATION AND ASSEMBLY,0.276575,0.249259,0.180969,0.167311,0.167311,0.224219
NA,AB,NA,NA,HIGHWAY,0.116000,0.104500,0.075500,0.070000,0.070000,0.092500
NA,AB,NA,NA,LIGHT FABRICATION AND ASSEMBLY,0.186500,0.168167,0.121167,0.112333,0.112333,0.150000
NA,AB,NA,NA,PERMANENT DWELLING (MULTI FAMILY HOUSING),0.074550,0.067313,0.048525,0.044850,0.044850,0.059700
NA,AB,NA,NA,PERMANENT DWELLING (SINGLE FAMILY HOUSING),0.035075,0.032200,0.023575,0.021275,0.021275,0.028175
NA,AB,NA,NA,PERSONAL AND REPAIR SERVICES,0.116056,0.104667,0.075500,0.069556,0.069556,0.092889
NA,AB,NA,NA,PETROLEUM,0.076000,0.068500,0.049500,0.045500,0.045500,0.061250
NA,AB,NA,NA,"PROFESSIONAL, TECHNICAL AND BUSINESS SERVICES",0.020253,0.018207,0.013093,0.012275,0.012275,0.016366
NA,AB,NA,NA,RELIGION AND NONPROFIT,0.041300,0.036900,0.026900,0.025400,0.025400,0.033100
NA,AB,NA,NA,RESTAURANTS,0.063954,0.057902,0.041546,0.038602,0.038602,0.051523
NA,AB,NA,NA,RETAIL TRADE,0.118684,0.106763,0.076895,0.071105,0.071105,0.094895
NA,AB,NA,NA,SANITARY SEWER,0.432391,0.389238,0.281356,0.259780,0.259780,0.346949
NA,AB,NA,NA,TEMPORARY LODGING,0.106000,0.095000,0.068750,0.063500,0.063500,0.085000
NA,AB,NA,NA,UNKNOWN,0.095323,0.085818,0.061909,0.057222,0.057222,0.076303
NA,AB,NA,NA,WHOLESALE TRADE,0.100900,0.090700,0.065800,0.060700,0.060700,0.080400
NA,AB,NA,NA,AGRICULTURE,0.102500,0.092000,0.065500,0.061000,0.061000,0.081500
NA,AB,NA,NA,AIR,0.043000,0.040000,0.028500,0.026500,0.026500,0.035000
NA,AB,NA,NA,CASINOS,0.125000,0.112250,0.081000,0.074500,0.074500,0.100000
NA,AB,NA,NA,CONSTRUCTION,0.024000,0.022000,0.015000,0.014000,0.014000,0.018500
NA,AB,NA,NA,EDUCATION,0.029500,0.025000,0.018000,0.017000,0.017000,0.022500
NA,AB,NA,NA,EMERGENCY RESPONSE SERVICES,0.034000,0.030500,0.022000,0.020000,0.020000,0.027000
NA,AB,NA,NA,ENTERTAINMENT AND RECREATION,0.079545,0.071591,0.051682,0.047591,0.047591,0.063409
NA,AB,NA,NA,FOOD AND DRUGS PROCESSING,0.189167,0.170333,0.123333,0.113500,0.113500,0.151667
NA,AB,NA,NA,GASOLINE SERVICE STATIONS,0.082000,0.073500,0.052500,0.049500,0.049500,0.065500
NA,AB,NA,NA,GENERAL SERVICES,0.034000,0.030750,0.022000,0.020250,0.020250,0.027250
NA,AB,NA,NA,GROUP INSTITUTIONAL HOUSING,0.044000,0.039700,0.028600,0.026500,0.026500,0.035300
NA,AB,NA,NA,HEALTH CARE SERVICE,0.026000,0.023500,0.016500,0.016000,0.016000,0.021500
NA,AB,NA,NA,HEAVY FABRICATION AND ASSEMBLY,0.276575,0.249259,0.180969,0.167311,0.167311,0.224219
NA,AB,NA,NA,HIGHWAY,0.116000,0.104500,0.075500,0.070000,0.070000,0.092500
NA,AB,NA,NA,LIGHT FABRICATION AND ASSEMBLY,0.186500,0.168167,0.121167,0.112333,0.112333,0.150000
NA,AB,NA,NA,PERMANENT DWELLING (MULTI FAMILY HOUSING),0.074550,0.067313,0.048525,0.044850,0.044850,0.059700
NA,AB,NA,NA,PERMANENT DWELLING (SINGLE FAMILY HOUSING),0.035075,0.032200,0.023575,0.021275,0.021275,0.028175
NA,AB,NA,NA,PERSONAL AND REPAIR SERVICES,0.116056,0.104667,0.075500,0.069556,0.069556,0.092889
NA,AB,NA,NA,PETROLEUM,0.076000,0.068500,0.049500,0.045500,0.045500,0.061250
NA,AB,NA,NA,"PROFESSIONAL, TECHNICAL AND BUSINESS SERVICES",0.020253,0.018207,0.013093,0.012275,0.012275,0.016366
NA,AB,NA,NA,RELIGION AND NONPROFIT,0.041300,0.036900,0.026900,0.025400,0.025400,0.033100
NA,AB,NA,NA,RESTAURANTS,0.063954,0.057902,0.041546,0.038602,0.038602,0.051523
NA,AB,NA,NA,RETAIL TRADE,0.118684,0.106763,0.076895,0.071105,0.071105,0.094895
NA,AB,NA,NA,SANITARY SEWER,0.432391,0.389238,0.281356,0.259780,0.259780,0.346949
NA,AB,NA,NA,TEMPORARY LODGING,0.106000,0.095000,0.068750,0.063500,0.063500,0.085000
NA,AB,NA,NA,UNKNOWN,0.095323,0.085818,0.061909,0.057222,0.057222,0.076303
NA,AB,NA,NA,WHOLESALE TRADE,0.100900,0.090700,0.065800,0.060700,0.060700,0.080400
NA,AB,NA,NA,AGRICULTURE,0.102500,0.092000,0.065500,0.061000,0.061000,0.081500
NA,AB,NA,NA,AIR,0.043000,0.040000,0.028500,0.026500,0.026500,0.035000
NA,AB,NA,NA,CASINOS,0.125000,0.112250,0.081000,0.074500,0.074500,0.100000
NA,AB,NA,NA,CONSTRUCTION,0.024000,0.022000,0.015000,0.014000,0.014000,0.018500
NA,AB,NA,NA,EDUCATION,0.029500,0.025000,0.018000,0.017000,0.017000,0.022500
NA,AB,NA,NA,EMERGENCY RESPONSE SERVICES,0.034000,0.030500,0.022000,0.020000,0.020000,0.027000
NA,AB,NA,NA,ENTERTAINMENT AND RECREATION,0.079545,0.071591,0.051682,0.047591,0.047591,0.063409
NA,AB,NA,NA,FOOD AND DRUGS PROCESSING,0.189167,0.170333,0.123333,0.113500,0.113500,0.151667
NA,AB,NA,NA,GASOLINE SERVICE STATIONS,0.082000,0.073500,0.052500,0.049500,0.049500,0.065500
NA,AB,NA,NA,GENERAL SERVICES,0.034000,0.030750,0.022000,0.020250,0.020250,0.027250
NA,AB,NA,NA,GROUP INSTITUTIONAL HOUSING,0.044000,0.039700,0.028600,0.026500,0.026500,0.035300
NA,AB,NA,NA,HEALTH CARE SERVICE,0.026000,0.023500,0.016500,0.016000,0.016000,0.021500
NA,AB,NA,NA,HEAVY FABRICATION AND ASSEMBLY,0.276575,0.249259,0.180969,0.167311,0.167311,0.224219
NA,AB,NA,NA,HIGHWAY,0.116000,0.104500,0.075500,0.070000,0.070000,0.092500
NA,AB,NA,NA,LIGHT FABRICATION AND ASSEMBLY,0.186500,0.168167,0.121167,0.112333,0.112333,0.150000
NA,AB,NA,NA,PERMANENT DWELLING (MULTI FAMILY HOUSING),0.074550,0.067313,0.048525,0.044850,0.044850,0.059700
NA,AB,NA,NA,PERMANENT DWELLING (SINGLE FAMILY HOUSING),0.035075,0.032200,0.023575,0.021275,0.021275,0.028175
NA,AB,NA,NA,PERSONAL AND REPAIR SERVICES,0.116056,0.104667,0.075500,0.069556,0.069556,0.092889
NA,AB,NA,NA,PETROLEUM,0.076000,0.068500,0.049500,0.045500,0.045500,0.061250
NA,AB,NA,NA,"PROFESSIONAL, TECHNICAL AND BUSINESS SERVICES",0.020253,0.018207,0.013093,0.012275,0.012275,0.016366
NA,AB,NA,NA,RELIGION AND NONPROFIT,0.041300,0.036900,0.026900,0.025400,0.025400,0.033100
NA,AB,NA,NA,RESTAURANTS,0.063954,0.057902,0.041546,0.038602,0.038602,0.051523
NA,AB,NA,NA,RETAIL TRADE,0.118684,0.106763,0.076895,0.071105,0.071105,0.094895
NA,AB,NA,NA,SANITARY SEWER,0.432391,0.389238,0.281356,0.259780,0.259780,0.346949
NA,AB,NA,NA,TEMPORARY LODGING,0.106000,0.095000,0.068750,0.063500,0.063500,0.085000
NA,AB,NA,NA,UNKNOWN,0.095323,0.085818,0.061909,0.057222,0.057222,0.076303
NA,AB,NA,NA,WHOLESALE TRADE,0.100900,0.090700,0.065800,0.060700,0.060700,0.080400
NA,AB,NA,NA,AGRICULTURE,0.102500,0.092000,0.065500,0.061000,0.061000,0.081500
NA,AB,NA,NA,AIR,0.043000,0.040000,0.028500,0.026500,0.026500,0.035000
NA,AB,NA,NA,CASINOS,0.125000,0.112250,0.081000,0.074500,0.074500,0.100000
NA,AB,NA,NA,CONSTRUCTION,0.024000,0.022000,0.015000,0.014000,0.014000,0.018500
NA,AB,NA,NA,EDUCATION,0.029500,0.025000,0.018000,0.017000,0.017000,0.022500
NA,AB,NA,NA,EMERGENCY RESPONSE SERVICES,0.034000,0.030500,0.022000,0.020000,0.020000,0.027000
NA,AB,NA,NA,ENTERTAINMENT AND RECREATION,0.079545,0.071591,0.051682,0.047591,0.047591,0.063409
NA,AB,NA,NA,FOOD AND DRUGS PROCESSING,0.189167,0.170333,0.123333,0.113500,0.113500,0.151667
NA,AB,NA,NA,GASOLINE SERVICE STATIONS,0.082000,0.073500,0.052500,0.049500,0.049500,0.065500
NA,AB,NA,NA,GENERAL SERVICES,0.034000,0.030750,0.022000,0.020250,0.020250,0.027250
NA,AB,NA,NA,GROUP INSTITUTIONAL HOUSING,0.044000,0.039700,0.028600,0.026500,0.026500,0.035300
NA,AB,NA,NA,HEALTH CARE SERVICE,0.026000,0.023500,0.016500,0.016000,0.016000,0.021500
NA,AB,NA,NA,HEAVY FABRICATION AND ASSEMBLY,0.276575,0.249259,0.180969,0.167311,0.167311,0.224219
NA,AB,NA,NA,HIGHWAY,0.116000,0.104500,0.075500,0.070000,0.070000,0.092500
NA,AB,NA,NA,LIGHT FABRICATION AND ASSEMBLY,0.186500,0.168167,0.121167,0.112333,0.112333,0.150000
NA,AB,NA,NA,PERMANENT DWELLING (MULTI FAMILY HOUSING),0.074550,0.067313,0.048525,0.044850,0.044850,0.059700
NA,AB,NA,NA,PERMANENT DWELLING (SINGLE FAMILY HOUSING),0.035075,0.032200,0.023575,0.021275,0.021275,0.028175
NA,AB,NA,NA,PERSONAL AND REPAIR SERVICES,0.116056,0.104667,0.075500,0.069556,0.069556,0.092889
NA,AB,NA,NA,PETROLEUM,0.076000,0.068500,0.049500,0.045500,0.045500,0.061250
NA,AB,NA,NA,"PROFESSIONAL, TECHNICAL AND BUSINESS SERVICES",0.020253,0.018207,0.013093,0.012275,0.012275,0.016366
NA,AB,NA,NA,RELIGION AND NONPROFIT,0.041300,0.036900,0.026900,0.025400,0.025400,0.033100
NA,AB,NA,NA,RESTAURANTS,0.063954,0.057902,0.041546,0.038602,0.038602,0.051523
NA,AB,NA,NA,RETAIL TRADE,0.118684,0.106763,0.076895,0.071105,0.071105,0.094895
NA,AB,NA,NA,SANITARY SEWER,0.432391,0.389238,0.281356,0.259780,0.259780,0.346949
NA,AB,NA,NA,TEMPORARY LODGING,0.106000,0.095000,0.068750,0.063500,0.063500,0.085000
NA,AB,NA,NA,UNKNOWN,0.095323,0.085818,0.061909,0.057222,0.057222,0.076303
NA,AB,NA,NA,WHOLESALE TRADE,0.100900,0.090700,0.065800,0.060700,0.060700,0.080400
NA,NL,NA,NA,AGRICULTURE,0.111000,0.099500,0.071500,0.066500,0.066500,0.089500
NA,NL,NA,NA,AIR,0.059000,0.053000,0.038500,0.036500,0.036500,0.047500
NA,NL,NA,NA,CASINOS,0.258500,0.231000,0.167500,0.154750,0.154750,0.207000
NA,NL,NA,NA,CONSTRUCTION,0.083000,0.075500,0.054500,0.049500,0.049500,0.065500
NA,NL,NA,NA,EDUCATION,0.042000,0.037500,0.025500,0.025000,0.025000,0.034000
NA,NL,NA,NA,EMERGENCY RESPONSE SERVICES,0.061500,0.054500,0.040000,0.038000,0.038000,0.049000
NA,NL,NA,NA,ENTERTAINMENT AND RECREATION,0.163955,0.147318,0.106727,0.098182,0.098182,0.130545
NA,NL,NA,NA,FOOD AND DRUGS PROCESSING,0.246167,0.222000,0.160167,0.147167,0.147167,0.196833
NA,NL,NA,NA,GASOLINE SERVICE STATIONS,0.110500,0.100500,0.072000,0.067000,0.067000,0.088500
NA,NL,NA,NA,GENERAL SERVICES,0.060750,0.054750,0.040750,0.036500,0.036500,0.048500
NA,NL,NA,NA,GROUP INSTITUTIONAL HOUSING,0.101300,0.090300,0.065400,0.061000,0.061000,0.080900
NA,NL,NA,NA,HEALTH CARE SERVICE,0.076500,0.068500,0.049000,0.045500,0.045500,0.061000
NA,NL,NA,NA,HEAVY FABRICATION AND ASSEMBLY,0.306167,0.275436,0.199179,0.182107,0.182107,0.242430
NA,NL,NA,NA,HIGHWAY,0.127000,0.115000,0.081500,0.076000,0.076000,0.101000
NA,NL,NA,NA,LIGHT FABRICATION AND ASSEMBLY,0.199833,0.180500,0.129500,0.120500,0.120500,0.161000
NA,NL,NA,NA,PERMANENT DWELLING (MULTI FAMILY HOUSING),0.132038,0.118763,0.086100,0.078825,0.078825,0.105788
NA,NL,NA,NA,PERMANENT DWELLING (SINGLE FAMILY HOUSING),0.079925,0.071300,0.051175,0.048875,0.048875,0.064975
NA,NL,NA,NA,PERSONAL AND REPAIR SERVICES,0.114333,0.102722,0.074111,0.068556,0.068556,0.090944
NA,NL,NA,NA,PETROLEUM,0.083750,0.074750,0.054000,0.050000,0.050000,0.066500
NA,NL,NA,NA,"PROFESSIONAL, TECHNICAL AND BUSINESS SERVICES",0.026595,0.023936,0.016980,0.015752,0.015752,0.021481
NA,NL,NA,NA,RELIGION AND NONPROFIT,0.083300,0.075900,0.054900,0.050200,0.050200,0.067300
NA,NL,NA,NA,RESTAURANTS,0.159640,0.143774,0.103210,0.096340,0.096340,0.127745
NA,NL,NA,NA,RETAIL TRADE,0.141553,0.127447,0.091868,0.084895,0.084895,0.113605
NA,NL,NA,NA,SANITARY SEWER,0.470366,0.426350,0.306385,0.283945,0.283945,0.378019
NA,NL,NA,NA,TEMPORARY LODGING,0.210750,0.189000,0.136500,0.127250,0.127250,0.168750
NA,NL,NA,NA,UNKNOWN,0.140040,0.125944,0.090955,0.084056,0.084056,0.112051
NA,NL,NA,NA,WHOLESALE TRADE,0.110000,0.098600,0.071400,0.066300,0.066300,0.087500
NA,NL,NA,NA,AGRICULTURE,0.111000,0.099500,0.071500,0.066500,0.066500,0.089500
NA,NL,NA,NA,AIR,0.059000,0.053000,0.038500,0.036500,0.036500,0.047500
NA,NL,NA,NA,CASINOS,0.258500,0.231000,0.167500,0.154750,0.154750,0.207000
NA,NL,NA,NA,CONSTRUCTION,0.083000,0.075500,0.054500,0.049500,0.049500,0.065500
NA,NL,NA,NA,EDUCATION,0.042000,0.037500,0.025500,0.025000,0.025000,0.034000
NA,NL,NA,NA,EMERGENCY RESPONSE SERVICES,0.061500,0.054500,0.040000,0.038000,0.038000,0.049000
NA,NL,NA,NA,ENTERTAINMENT AND RECREATION,0.163955,0.147318,0.106727,0.098182,0.098182,0.130545
NA,NL,NA,NA,FOOD AND DRUGS PROCESSING,0.246167,0.222000,0.160167,0.147167,0.147167,0.196833
NA,NL,NA,NA,GASOLINE SERVICE STATIONS,0.110500,0.100500,0.072000,0.067000,0.067000,0.088500
NA,NL,NA,NA,GENERAL SERVICES,0.060750,0.054750,0.040750,0.036500,0.036500,0.048500
NA,NL,NA,NA,GROUP INSTITUTIONAL HOUSING,0.101300,0.090300,0.065400,0.061000,0.061000,0.080900
NA,NL,NA,NA,HEALTH CARE SERVICE,0.076500,0.068500,0.049000,0.045500,0.045500,0.061000
NA,NL,NA,NA,HEAVY FABRICATION AND ASSEMBLY,0.306167,0.275436,0.199179,0.182107,0.182107,0.242430
NA,NL,NA,NA,HIGHWAY,0.127000,0.115000,0.081500,0.076000,0.076000,0.101000
NA,NL,NA,NA,LIGHT FABRICATION AND ASSEMBLY,0.199833,0.180500,0.129500,0.120500,0.120500,0.161000
NA,NL,NA,NA,PERMANENT DWELLING (MULTI FAMILY HOUSING),0.132038,0.118763,0.086100,0.078825,0.078825,0.105788
NA,NL,NA,NA,PERMANENT DWELLING (SINGLE FAMILY HOUSING),0.079925,0.071300,0.051175,0.048875,0.048875,0.064975
NA,NL,NA,NA,PERSONAL AND REPAIR SERVICES,0.114333,0.102722,0.074111,0.068556,0.068556,0.090944
NA,NL,NA,NA,PETROLEUM,0.083750,0.074750,0.054000,0.050000,0.050000,0.066500
NA,NL,NA,NA,"PROFESSIONAL, TECHNICAL AND BUSINESS SERVICES",0.026595,0.023936,0.016980,0.015752,0.015752,0.021481
NA,NL,NA,NA,RELIGION AND NONPROFIT,0.083300,0.075900,0.054900,0.050200,0.050200,0.067300
NA,NL,NA,NA,RESTAURANTS,0.159640,0.143774,0.103210,0.096340,0.096340,0.127745
NA,NL,NA,NA,RETAIL TRADE,0.141553,0.127447,0.091868,0.084895,0.084895,0.113605
NA,NL,NA,NA,SANITARY SEWER,0.470366,0.426350,0.306385,0.283945,0.283945,0.378019
NA,NL,NA,NA,TEMPORARY LODGING,0.210750,0.189000,0.136500,0.127250,0.127250,0.168750
NA,NL,NA,NA,UNKNOWN,0.140040,0.125944,0.090955,0.084056,0.084056,0.112051
NA,NL,NA,NA,WHOLESALE TRADE,0.110000,0.098600,0.071400,0.066300,0.066300,0.087500
NA,NL,NA,NA,AGRICULTURE,0.111000,0.099500,0.071500,0.066500,0.066500,0.089500
NA,NL,NA,NA,AIR,0.059000,0.053000,0.038500,0.036500,0.036500,0.047500
NA,NL,NA,NA,CASINOS,0.258500,0.231000,0.167500,0.154750,0.154750,0.207000
NA,NL,NA,NA,CONSTRUCTION,0.083000,0.075500,0.054500,0.049500,0.049500,0.065500
NA,NL,NA,NA,EDUCATION,0.042000,0.037500,0.025500,0.025000,0.025000,0.034000
NA,NL,NA,NA,EMERGENCY RESPONSE SERVICES,0.061500,0.054500,0.040000,0.038000,0.038000,0.049000
NA,NL,NA,NA,ENTERTAINMENT AND RECREATION,0.163955,0.147318,0.106727,0.098182,0.098182,0.130545
NA,NL,NA,NA,FOOD AND DRUGS PROCESSING,0.246167,0.222000,0.160167,0.147167,0.147167,0.196833
NA,NL,NA,NA,GASOLINE SERVICE STATIONS,0.110500,0.100500,0.072000,0.067000,0.067000,0.088500
NA,NL,NA,NA,GENERAL SERVICES,0.060750,0.054750,0.040750,0.036500,0.036500,0.048500
NA,NL,NA,NA,GROUP INSTITUTIONAL HOUSING,0.101300,0.090300,0.065400,0.061000,0.061000,0.080900
NA,NL,NA,NA,HEALTH CARE SERVICE,0.076500,0.068500,0.049000,0.045500,0.045500,0.061000
NA,NL,NA,NA,HEAVY FABRICATION AND ASSEMBLY,0.306167,0.275436,0.199179,0.182107,0.182107,0.242430
NA,NL,NA,NA,HIGHWAY,0.127000,0.115000,0.081500,0.076000,0.076000,0.101000
NA,NL,NA,NA,LIGHT FABRICATION AND ASSEMBLY,0.199833,0.180500,0.129500,0.120500,0.120500,0.161000
NA,NL,NA,NA,PERMANENT DWELLING (MULTI FAMILY HOUSING),0.132038,0.118763,0.086100,0.078825,0.078825,0.105788
NA,NL,NA,NA,PERMANENT DWELLING (SINGLE FAMILY HOUSING),0.079925,0.071300,0.051175,0.048875,0.048875,0.064975
NA,NL,NA,NA,PERSONAL AND REPAIR SERVICES,0.114333,0.102722,0.074111,0.068556,0.068556,0.090944
NA,NL,NA,NA,PETROLEUM,0.083750,0.074750,0.054000,0.050000,0.050000,0.066500
NA,NL,NA,NA,"PROFESSIONAL, TECHNICAL AND BUSINESS SERVICES",0.026595,0.023936,0.016980,0.015752,0.015752,0.021481
NA,NL,NA,NA,RELIGION AND NONPROFIT,0.083300,0.075900,0.054900,0.050200,0.050200,0.067300
NA,NL,NA,NA,RESTAURANTS,0.159640,0.143774,0.103210,0.096340,0.096340,0.127745
NA,NL,NA,NA,RETAIL TRADE,0.141553,0.127447,0.091868,0.084895,0.084895,0.113605
NA,NL,NA,NA,SANITARY SEWER,0.470366,0.426350,0.306385,0.283945,0.283945,0.378019
NA,NL,NA,NA,TEMPORARY LODGING,0.210750,0.189000,0.136500,0.127250,0.127250,0.168750
NA,NL,NA,NA,UNKNOWN,0.140040,0.125944,0.090955,0.084056,0.084056,0.112051
NA,NL,NA,NA,WHOLESALE TRADE,0.110000,0.098600,0.071400,0.066300,0.066300,0.087500
NA,NL,NA,NA,AGRICULTURE,0.111000,0.099500,0.071500,0.066500,0.066500,0.089500
NA,NL,NA,NA,AIR,0.059000,0.053000,0.038500,0.036500,0.036500,0.047500
NA,NL,NA,NA,CASINOS,0.258500,0.231000,0.167500,0.154750,0.154750,0.207000
NA,NL,NA,NA,CONSTRUCTION,0.083000,0.075500,0.054500,0.049500,0.049500,0.065500
NA,NL,NA,NA,EDUCATION,0.042000,0.037500,0.025500,0.025000,0.025000,0.034000
NA,NL,NA,NA,EMERGENCY RESPONSE SERVICES,0.061500,0.054500,0.040000,0.038000,0.038000,0.049000
NA,NL,NA,NA,ENTERTAINMENT AND RECREATION,0.163955,0.147318,0.106727,0.098182,0.098182,0.130545
NA,NL,NA,NA,FOOD AND DRUGS PROCESSING,0.246167,0.222000,0.160167,0.147167,0.147167,0.196833
NA,NL,NA,NA,GASOLINE SERVICE STATIONS,0.110500,0.100500,0.072000,0.067000,0.067000,0.088500
NA,NL,NA,NA,GENERAL SERVICES,0.060750,0.054750,0.040750,0.036500,0.036500,0.048500
NA,NL,NA,NA,GROUP INSTITUTIONAL HOUSING,0.101300,0.090300,0.065400,0.061000,0.061000,0.080900
NA,NL,NA,NA,HEALTH CARE SERVICE,0.076500,0.068500,0.049000,0.045500,0.045500,0.061000
NA,NL,NA,NA,HEAVY FABRICATION AND ASSEMBLY,0.306167,0.275436,0.199179,0.182107,0.182107,0.242430
NA,NL,NA,NA,HIGHWAY,0.127000,0.115000,0.081500,0.076000,0.076000,0.101000
NA,NL,NA,NA,LIGHT FABRICATION AND ASSEMBLY,0.199833,0.180500,0.129500,0.120500,0.120500,0.161000
NA,NL,NA,NA,PERMANENT DWELLING (MULTI FAMILY HOUSING),0.132038,0.118763,0.086100,0.078825,0.078825,0.105788
NA,NL,NA,NA,PERMANENT DWELLING (SINGLE FAMILY HOUSING),0.079925,0.071300,0.051175,0.048875,0.048875,0.064975
NA,NL,NA,NA,PERSONAL AND REPAIR SERVICES,0.114333,0.102722,0.074111,0.068556,0.068556,0.090944
NA,NL,NA,NA,PETROLEUM,0.083750,0.074750,0.054000,0.050000,0.050000,0.066500
NA,NL,NA,NA,"PROFESSIONAL, TECHNICAL AND BUSINESS SERVICES",0.026595,0.023936,0.016980,0.015752,0.015752,0.021481
NA,NL,NA,NA,RELIGION AND NONPROFIT,0.083300,0.075900,0.054900,0.050200,0.050200,0.067300
NA,NL,NA,NA,RESTAURANTS,0.159640,0.143774,0.103210,0.096340,0.096340,0.127745
NA,NL,NA,NA,RETAIL TRADE,0.141553,0.127447,0.091868,0.084895,0.084895,0.113605
NA,NL,NA,NA,SANITARY SEWER,0.470366,0.426350,0.306385,0.283945,0.283945,0.378019
NA,NL,NA,NA,TEMPORARY LODGING,0.210750,0.189000,0.136500,0.127250,0.127250,0.168750
NA,NL,NA,NA,UNKNOWN,0.140040,0.125944,0.090955,0.084056,0.084056,0.112051
NA,NL,NA,NA,WHOLESALE TRADE,0.110000,0.098600,0.071400,0.066300,0.066300,0.087500
NA,NL,NA,NA,AGRICULTURE,0.111000,0.099500,0.071500,0.066500,0.066500,0.089500
NA,NL,NA,NA,AIR,0.059000,0.053000,0.038500,0.036500,0.036500,0.047500
NA,NL,NA,NA,CASINOS,0.258500,0.231000,0.167500,0.154750,0.154750,0.207000
NA,NL,NA,NA,CONSTRUCTION,0.083000,0.075500,0.054500,0.049500,0.049500,0.065500
NA,NL,NA,NA,EDUCATION,0.042000,0.037500,0.025500,0.025000,0.025000,0.034000
NA,NL,NA,NA,EMERGENCY RESPONSE SERVICES,0.061500,0.054500,0.040000,0.038000,0.038000,0.049000
NA,NL,NA,NA,ENTERTAINMENT AND RECREATION,0.163955,0.147318,0.106727,0.098182,0.098182,0.130545
NA,NL,NA,NA,FOOD AND DRUGS PROCESSING,0.246167,0.222000,0.160167,0.147167,0.147167,0.196833
NA,NL,NA,NA,GASOLINE SERVICE STATIONS,0.110500,0.100500,0.072000,0.067000,0.067000,0.088500
NA,NL,NA,NA,GENERAL SERVICES,0.060750,0.054750,0.040750,0.036500,0.036500,0.048500
NA,NL,NA,NA,GROUP INSTITUTIONAL HOUSING,0.101300,0.090300,0.065400,0.061000,0.061000,0.080900
NA,NL,NA,NA,HEALTH CARE SERVICE,0.076500,0.068500,0.049000,0.045500,0.045500,0.061000
NA,NL,NA,NA,HEAVY FABRICATION AND ASSEMBLY,0.306167,0.275436,0.199179,0.182107,0.182107,0.242430
NA,NL,NA,NA,HIGHWAY,0.127000,0.115000,0.081500,0.076000,0.076000,0.101000
NA,NL,NA,NA,LIGHT FABRICATION AND ASSEMBLY,0.199833,0.180500,0.129500,0.120500,0.120500,0.161000
NA,NL,NA,NA,PERMANENT DWELLING (MULTI FAMILY HOUSING),0.132038,0.118763,0.086100,0.078825,0.078825,0.105788
NA,NL,NA,NA,PERMANENT DWELLING (SINGLE FAMILY HOUSING),0.079925,0.071300,0.051175,0.048875,0.048875,0.064975
NA,NL,NA,NA,PERSONAL AND REPAIR SERVICES,0.114333,0.102722,0.074111,0.068556,0.068556,0.090944
NA,NL,NA,NA,PETROLEUM,0.083750,0.074750,0.054000,0.050000,0.050000,0.066500
NA,NL,NA,NA,"PROFESSIONAL, TECHNICAL AND BUSINESS SERVICES",0.026595,0.023936,0.016980,0.015752,0.015752,0.021481
NA,NL,NA,NA,RELIGION AND NONPROFIT,0.083300,0.075900,0.054900,0.050200,0.050200,0.067300
NA,NL,NA,NA,RESTAURANTS,0.159640,0.143774,0.103210,0.096340,0.096340,0.127745
NA,NL,NA,NA,RETAIL TRADE,0.141553,0.127447,0.091868,0.084895,0.084895,0.113605
NA,NL,NA,NA,SANITARY SEWER,0.470366,0.426350,0.306385,0.283945,0.283945,0.378019
NA,NL,NA,NA,TEMPORARY LODGING,0.210750,0.189000,0.136500,0.127250,0.127250,0.168750
NA,NL,NA,NA,UNKNOWN,0.140040,0.125944,0.090955,0.084056,0.084056,0.112051
NA,NL,NA,NA,WHOLESALE TRADE,0.110000,0.098600,0.071400,0.066300,0.066300,0.087500
NA,NL,NA,NA,AGRICULTURE,0.111000,0.099500,0.071500,0.066500,0.066500,0.089500
NA,NL,NA,NA,AIR,0.059000,0.053000,0.038500,0.036500,0.036500,0.047500
NA,NL,NA,NA,CASINOS,0.258500,0.231000,0.167500,0.154750,0.154750,0.207000
NA,NL,NA,NA,CONSTRUCTION,0.083000,0.075500,0.054500,0.049500,0.049500,0.065500
NA,NL,NA,NA,EDUCATION,0.042000,0.037500,0.025500,0.025000,0.025000,0.034000
NA,NL,NA,NA,EMERGENCY RESPONSE SERVICES,0.061500,0.054500,0.040000,0.038000,0.038000,0.049000
NA,NL,NA,NA,ENTERTAINMENT AND RECREATION,0.163955,0.147318,0.106727,0.098182,0.098182,0.130545
NA,NL,NA,NA,FOOD AND DRUGS PROCESSING,0.246167,0.222000,0.160167,0.147167,0.147167,0.196833
NA,NL,NA,NA,GASOLINE SERVICE STATIONS,0.110500,0.100500,0.072000,0.067000,0.067000,0.088500
NA,NL,NA,NA,GENERAL SERVICES,0.060750,0.054750,0.040750,0.036500,0.036500,0.048500
NA,NL,NA,NA,GROUP INSTITUTIONAL HOUSING,0.101300,0.090300,0.065400,0.061000,0.061000,0.080900
NA,NL,NA,NA,HEALTH CARE SERVICE,0.076500,0.068500,0.049000,0.045500,0.045500,0.061000
NA,NL,NA,NA,HEAVY FABRICATION AND ASSEMBLY,0.306167,0.275436,0.199179,0.182107,0.182107,0.242430
NA,NL,NA,NA,HIGHWAY,0.127000,0.115000,0.081500,0.076000,0.076000,0.101000
NA,NL,NA,NA,LIGHT FABRICATION AND ASSEMBLY,0.199833,0.180500,0.129500,0.120500,0.120500,0.161000
NA,NL,NA,NA,PERMANENT DWELLING (MULTI FAMILY HOUSING),0.132038,0.118763,0.086100,0.078825,0.078825,0.105788
NA,NL,NA,NA,PERMANENT DWELLING (SINGLE FAMILY HOUSING),0.079925,0.071300,0.051175,0.048875,0.048875,0.064975
NA,NL,NA,NA,PERSONAL AND REPAIR SERVICES,0.114333,0.102722,0.074111,0.068556,0.068556,0.090944
NA,NL,NA,NA,PETROLEUM,0.083750,0.074750,0.054000,0.050000,0.050000,0.066500
NA,NL,NA,NA,"PROFESSIONAL, TECHNICAL AND BUSINESS SERVICES",0.026595,0.023936,0.016980,0.015752,0.015752,0.021481
NA,NL,NA,NA,RELIGION AND NONPROFIT,0.083300,0.075900,0.054900,0.050200,0.050200,0.067300
NA,NL,NA,NA,RESTAURANTS,0.159640,0.143774,0.103210,0.096340,0.096340,0.127745
NA,NL,NA,NA,RETAIL TRADE,0.141553,0.127447,0.091868,0.084895,0.084895,0.113605
NA,NL,NA,NA,SANITARY SEWER,0.470366,0.426350,0.306385,0.283945,0.283945,0.378019
NA,NL,NA,NA,TEMPORARY LODGING,0.210750,0.189000,0.136500,0.127250,0.127250,0.168750
NA,NL,NA,NA,UNKNOWN,0.140040,0.125944,0.090955,0.084056,0.084056,0.112051
NA,NL,NA,NA,WHOLESALE TRADE,0.110000,0.098600,0.071400,0.066300,0.066300,0.087500
NA,YT,NA,NA,AGRICULTURE,0.153750,0.136500,0.099000,0.091500,0.091500,0.122250
NA,YT,NA,NA,AIR,0.072000,0.064500,0.045750,0.042750,0.042750,0.055500
NA,YT,NA,NA,CASINOS,0.280500,0.251250,0.183000,0.168000,0.168000,0.225750
NA,YT,NA,NA,CONSTRUCTION,0.072000,0.065250,0.047250,0.044250,0.044250,0.057750
NA,YT,NA,NA,EDUCATION,0.093750,0.084000,0.060750,0.056250,0.056250,0.075750
NA,YT,NA,NA,EMERGENCY RESPONSE SERVICES,0.115500,0.106500,0.076500,0.070500,0.070500,0.094500
NA,YT,NA,NA,ENTERTAINMENT AND RECREATION,0.178841,0.160636,0.116182,0.107318,0.107318,0.142500
NA,YT,NA,NA,FOOD AND DRUGS PROCESSING,0.084500,0.075750,0.055000,0.050000,0.050000,0.067750
NA,YT,NA,NA,GASOLINE SERVICE STATIONS,0.132750,0.120000,0.087750,0.081750,0.081750,0.106500
NA,YT,NA,NA,GENERAL SERVICES,0.118500,0.107250,0.077250,0.071250,0.071250,0.093750
NA,YT,NA,NA,GROUP INSTITUTIONAL HOUSING,0.142200,0.126900,0.091650,0.084600,0.084600,0.113550
NA,YT,NA,NA,HEALTH CARE SERVICE,0.075000,0.067500,0.049500,0.046500,0.046500,0.060000
NA,YT,NA,NA,HEAVY FABRICATION AND ASSEMBLY,0.723874,0.647048,0.471201,0.431934,0.431934,0.577051
NA,YT,NA,NA,HIGHWAY,0.301500,0.272250,0.195750,0.181500,0.181500,0.242250
NA,YT,NA,NA,LIGHT FABRICATION AND ASSEMBLY,0.048750,0.044250,0.032000,0.029500,0.029500,0.039250
NA,YT,NA,NA,PERMANENT DWELLING (MULTI FAMILY HOUSING),0.218812,0.197606,0.142200,0.131063,0.131063,0.175725
NA,YT,NA,NA,PERMANENT DWELLING (SINGLE FAMILY HOUSING),0.125063,0.113850,0.081075,0.075900,0.075900,0.100050
NA,YT,NA,NA,PERSONAL AND REPAIR SERVICES,0.225750,0.203667,0.146833,0.135667,0.135667,0.181333
NA,YT,NA,NA,PETROLEUM,0.197625,0.178125,0.128625,0.118875,0.118875,0.159000
NA,YT,NA,NA,"PROFESSIONAL, TECHNICAL AND BUSINESS SERVICES",0.048178,0.043268,0.030994,0.028845,0.028845,0.038358
NA,YT,NA,NA,RELIGION AND NONPROFIT,0.148350,0.133500,0.096000,0.089100,0.089100,0.118500
NA,YT,NA,NA,RESTAURANTS,0.187446,0.168800,0.121938,0.112860,0.112860,0.150153
NA,YT,NA,NA,RETAIL TRADE,0.190382,0.171118,0.123474,0.113961,0.113961,0.152132
NA,YT,NA,NA,SANITARY SEWER,1.127583,1.016248,0.732735,0.675773,0.675773,0.903620
NA,YT,NA,NA,TEMPORARY LODGING,0.198750,0.179625,0.129000,0.120000,0.120000,0.159750
NA,YT,NA,NA,UNKNOWN,0.190614,0.171598,0.123833,0.114371,0.114371,0.152598
NA,YT,NA,NA,WHOLESALE TRADE,0.262350,0.235800,0.170850,0.157500,0.157500,0.209250
NA,YT,NA,NA,AGRICULTURE,0.153750,0.136500,0.099000,0.091500,0.091500,0.122250
NA,YT,NA,NA,AIR,0.072000,0.064500,0.045750,0.042750,0.042750,0.055500
NA,YT,NA,NA,CASINOS,0.280500,0.251250,0.183000,0.168000,0.168000,0.225750
NA,YT,NA,NA,CONSTRUCTION,0.072000,0.065250,0.047250,0.044250,0.044250,0.057750
NA,YT,NA,NA,EDUCATION,0.093750,0.084000,0.060750,0.056250,0.056250,0.075750
NA,YT,NA,NA,EMERGENCY RESPONSE SERVICES,0.115500,0.106500,0.076500,0.070500,0.070500,0.094500
NA,YT,NA,NA,ENTERTAINMENT AND RECREATION,0.178841,0.160636,0.116182,0.107318,0.107318,0.142500
NA,YT,NA,NA,FOOD AND DRUGS PROCESSING,0.084500,0.075750,0.055000,0.050000,0.050000,0.067750
NA,YT,NA,NA,GASOLINE SERVICE STATIONS,0.132750,0.120000,0.087750,0.081750,0.081750,0.106500
NA,YT,NA,NA,GENERAL SERVICES,0.118500,0.107250,0.077250,0.071250,0.071250,0.093750
NA,YT,NA,NA,GROUP INSTITUTIONAL HOUSING,0.142200,0.126900,0.091650,0.084600,0.084600,0.113550
NA,YT,NA,NA,HEALTH CARE SERVICE,0.075000,0.067500,0.049500,0.046500,0.046500,0.060000
NA,YT,NA,NA,HEAVY FABRICATION AND ASSEMBLY,0.723874,0.647048,0.471201,0.431934,0.431934,0.577051
NA,YT,NA,NA,HIGHWAY,0.301500,0.272250,0.195750,0.181500,0.181500,0.242250
NA,YT,NA,NA,LIGHT FABRICATION AND ASSEMBLY,0.048750,0.044250,0.032000,0.029500,0.029500,0.039250
NA,YT,NA,NA,PERMANENT DWELLING (MULTI FAMILY HOUSING),0.218812,0.197606,0.142200,0.131063,0.131063,0.175725
NA,YT,NA,NA,PERMANENT DWELLING (SINGLE FAMILY HOUSING),0.125063,0.113850,0.081075,0.075900,0.075900,0.100050
NA,YT,NA,NA,PERSONAL AND REPAIR SERVICES,0.225750,0.203667,0.146833,0.135667,0.135667,0.181333
NA,YT,NA,NA,PETROLEUM,0.197625,0.178125,0.128625,0.118875,0.118875,0.159000
NA,YT,NA,NA,"PROFESSIONAL, TECHNICAL AND BUSINESS SERVICES",0.048178,0.043268,0.030994,0.028845,0.028845,0.038358
NA,YT,NA,NA,RELIGION AND NONPROFIT,0.148350,0.133500,0.096000,0.089100,0.089100,0.118500
NA,YT,NA,NA,RESTAURANTS,0.187446,0.168800,0.121938,0.112860,0.112860,0.150153
NA,YT,NA,NA,RETAIL TRADE,0.190382,0.171118,0.123474,0.113961,0.113961,0.152132
NA,YT,NA,NA,SANITARY SEWER,1.127583,1.016248,0.732735,0.675773,0.675773,0.903620
NA,YT,NA,NA,TEMPORARY LODGING,0.198750,0.179625,0.129000,0.120000,0.120000,0.159750
NA,YT,NA,NA,UNKNOWN,0.190614,0.171598,0.123833,0.114371,0.114371,0.152598
NA,YT,NA,NA,WHOLESALE TRADE,0.262350,0.235800,0.170850,0.157500,0.157500,0.209250
NA,YT,NA,NA,AGRICULTURE,0.153750,0.136500,0.099000,0.091500,0.091500,0.122250
NA,YT,NA,NA,AIR,0.072000,0.064500,0.045750,0.042750,0.042750,0.055500
NA,YT,NA,NA,CASINOS,0.280500,0.251250,0.183000,0.168000,0.168000,0.225750
NA,YT,NA,NA,CONSTRUCTION,0.072000,0.065250,0.047250,0.044250,0.044250,0.057750
NA,YT,NA,NA,EDUCATION,0.093750,0.084000,0.060750,0.056250,0.056250,0.075750
NA,YT,NA,NA,EMERGENCY RESPONSE SERVICES,0.115500,0.106500,0.076500,0.070500,0.070500,0.094500
NA,YT,NA,NA,ENTERTAINMENT AND RECREATION,0.178841,0.160636,0.116182,0.107318,0.107318,0.142500
NA,YT,NA,NA,FOOD AND DRUGS PROCESSING,0.084500,0.075750,0.055000,0.050000,0.050000,0.067750
NA,YT,NA,NA,GASOLINE SERVICE STATIONS,0.132750,0.120000,0.087750,0.081750,0.081750,0.106500
NA,YT,NA,NA,GENERAL SERVICES,0.118500,0.107250,0.077250,0.071250,0.071250,0.093750
NA,YT,NA,NA,GROUP INSTITUTIONAL HOUSING,0.142200,0.126900,0.091650,0.084600,0.084600,0.113550
NA,YT,NA,NA,HEALTH CARE SERVICE,0.075000,0.067500,0.049500,0.046500,0.046500,0.060000
NA,YT,NA,NA,HEAVY FABRICATION AND ASSEMBLY,0.723874,0.647048,0.471201,0.431934,0.431934,0.577051
NA,YT,NA,NA,HIGHWAY,0.301500,0.272250,0.195750,0.181500,0.181500,0.242250
NA,YT,NA,NA,LIGHT FABRICATION AND ASSEMBLY,0.048750,0.044250,0.032000,0.029500,0.029500,0.039250
NA,YT,NA,NA,PERMANENT DWELLING (MULTI FAMILY HOUSING),0.218812,0.197606,0.142200,0.131063,0.131063,0.175725
NA,YT,NA,NA,PERMANENT DWELLING (SINGLE FAMILY HOUSING),0.125063,0.113850,0.081075,0.075900,0.075900,0.100050
NA,YT,NA,NA,PERSONAL AND REPAIR SERVICES,0.225750,0.203667,0.146833,0.135667,0.135667,0.181333
NA,YT,NA,NA,PETROLEUM,0.197625,0.178125,0.128625,0.118875,0.118875,0.159000
NA,YT,NA,NA,"PROFESSIONAL, TECHNICAL AND BUSINESS SERVICES",0.048178,0.043268,0.030994,0.028845,0.028845,0.038358
NA,YT,NA,NA,RELIGION AND NONPROFIT,0.148350,0.133500,0.096000,0.089100,0.089100,0.118500
NA,YT,NA,NA,RESTAURANTS,0.187446,0.168800,0.121938,0.112860,0.112860,0.150153
NA,YT,NA,NA,RETAIL TRADE,0.190382,0.171118,0.123474,0.113961,0.113961,0.152132
NA,YT,NA,NA,SANITARY SEWER,1.127583,1.016248,0.732735,0.675773,0.675773,0.903620
NA,YT,NA,NA,TEMPORARY LODGING,0.198750,0.179625,0.129000,0.120000,0.120000,0.159750
NA,YT,NA,NA,UNKNOWN,0.190614,0.171598,0.123833,0.114371,0.114371,0.152598
NA,YT,NA,NA,WHOLESALE TRADE,0.262350,0.235800,0.170850,0.157500,0.157500,0.209250
NA,YT,NA,NA,AGRICULTURE,0.153750,0.136500,0.099000,0.091500,0.091500,0.122250
NA,YT,NA,NA,AIR,0.072000,0.064500,0.045750,0.042750,0.042750,0.055500
NA,YT,NA,NA,CASINOS,0.280500,0.251250,0.183000,0.168000,0.168000,0.225750
NA,YT,NA,NA,CONSTRUCTION,0.072000,0.065250,0.047250,0.044250,0.044250,0.057750
NA,YT,NA,NA,EDUCATION,0.093750,0.084000,0.060750,0.056250,0.056250,0.075750
NA,YT,NA,NA,EMERGENCY RESPONSE SERVICES,0.115500,0.106500,0.076500,0.070500,0.070500,0.094500
NA,YT,NA,NA,ENTERTAINMENT AND RECREATION,0.178841,0.160636,0.116182,0.107318,0.107318,0.142500
NA,YT,NA,NA,FOOD AND DRUGS PROCESSING,0.084500,0.075750,0.055000,0.050000,0.050000,0.067750
NA,YT,NA,NA,GASOLINE SERVICE STATIONS,0.132750,0.120000,0.087750,0.081750,0.081750,0.106500
NA,YT,NA,NA,GENERAL SERVICES,0.118500,0.107250,0.077250,0.071250,0.071250,0.093750
NA,YT,NA,NA,GROUP INSTITUTIONAL HOUSING,0.142200,0.126900,0.091650,0.084600,0.084600,0.113550
NA,YT,NA,NA,HEALTH CARE SERVICE,0.075000,0.067500,0.049500,0.046500,0.046500,0.060000
NA,YT,NA,NA,HEAVY FABRICATION AND ASSEMBLY,0.723874,0.647048,0.471201,0.431934,0.431934,0.577051
NA,YT,NA,NA,HIGHWAY,0.301500,0.272250,0.195750,0.181500,0.181500,0.242250
NA,YT,NA,NA,LIGHT FABRICATION AND ASSEMBLY,0.048750,0.044250,0.032000,0.029500,0.029500,0.039250
NA,YT,NA,NA,PERMANENT DWELLING (MULTI FAMILY HOUSING),0.218812,0.197606,0.142200,0.131063,0.131063,0.175725
NA,YT,NA,NA,PERMANENT DWELLING (SINGLE FAMILY HOUSING),0.125063,0.113850,0.081075,0.075900,0.075900,0.100050
NA,YT,NA,NA,PERSONAL AND REPAIR SERVICES,0.225750,0.203667,0.146833,0.135667,0.135667,0.181333
NA,YT,NA,NA,PETROLEUM,0.197625,0.178125,0.128625,0.118875,0.118875,0.159000
NA,YT,NA,NA,"PROFESSIONAL, TECHNICAL AND BUSINESS SERVICES",0.048178,0.043268,0.030994,0.028845,0.028845,0.038358
NA,YT,NA,NA,RELIGION AND NONPROFIT,0.148350,0.133500,0.096000,0.089100,0.089100,0.118500
NA,YT,NA,NA,RESTAURANTS,0.187446,0.168800,0.121938,0.112860,0.112860,0.150153
NA,YT,NA,NA,RETAIL TRADE,0.190382,0.171118,0.123474,0.113961,0.113961,0.152132
NA,YT,NA,NA,SANITARY SEWER,1.127583,1.016248,0.732735,0.675773,0.675773,0.903620
NA,YT,NA,NA,TEMPORARY LODGING,0.198750,0.179625,0.129000,0.120000,0.120000,0.159750
NA,YT,NA,NA,UNKNOWN,0.190614,0.171598,0.123833,0.114371,0.114371,0.152598
NA,YT,NA,NA,WHOLESALE TRADE,0.262350,0.235800,0.170850,0.157500,0.157500,0.209250
NA,YT,NA,NA,AGRICULTURE,0.153750,0.136500,0.099000,0.091500,0.091500,0.122250
NA,YT,NA,NA,AIR,0.072000,0.064500,0.045750,0.042750,0.042750,0.055500
NA,YT,NA,NA,CASINOS,0.280500,0.251250,0.183000,0.168000,0.168000,0.225750
NA,YT,NA,NA,CONSTRUCTION,0.072000,0.065250,0.047250,0.044250,0.044250,0.057750
NA,YT,NA,NA,EDUCATION,0.093750,0.084000,0.060750,0.056250,0.056250,0.075750
NA,YT,NA,NA,EMERGENCY RESPONSE SERVICES,0.115500,0.106500,0.076500,0.070500,0.070500,0.094500
NA,YT,NA,NA,ENTERTAINMENT AND RECREATION,0.178841,0.160636,0.116182,0.107318,0.107318,0.142500
NA,YT,NA,NA,FOOD AND DRUGS PROCESSING,0.084500,0.075750,0.055000,0.050000,0.050000,0.067750
NA,YT,NA,NA,GASOLINE SERVICE STATIONS,0.132750,0.120000,0.087750,0.081750,0.081750,0.106500
NA,YT,NA,NA,GENERAL SERVICES,0.118500,0.107250,0.077250,0.071250,0.071250,0.093750
NA,YT,NA,NA,GROUP INSTITUTIONAL HOUSING,0.142200,0.126900,0.091650,0.084600,0.084600,0.113550
NA,YT,NA,NA,HEALTH CARE SERVICE,0.075000,0.067500,0.049500,0.046500,0.046500,0.060000
NA,YT,NA,NA,HEAVY FABRICATION AND ASSEMBLY,0.723874,0.647048,0.471201,0.431934,0.431934,0.577051
NA,YT,NA,NA,HIGHWAY,0.301500,0.272250,0.195750,0.181500,0.181500,0.242250
NA,YT,NA,NA,LIGHT FABRICATION AND ASSEMBLY,0.048750,0.044250,0.032000,0.029500,0.029500,0.039250
NA,YT,NA,NA,PERMANENT DWELLING (MULTI FAMILY HOUSING),0.218812,0.197606,0.142200,0.131063,0.131063,0.175725
NA,YT,NA,NA,PERMANENT DWELLING (SINGLE FAMILY HOUSING),0.125063,0.113850,0.081075,0.075900,0.075900,0.100050
NA,YT,NA,NA,PERSONAL AND REPAIR SERVICES,0.225750,0.203667,0.146833,0.135667,0.135667,0.181333
NA,YT,NA,NA,PETROLEUM,0.197625,0.178125,0.128625,0.118875,0.118875,0.159000
NA,YT,NA,NA,"PROFESSIONAL, TECHNICAL AND BUSINESS SERVICES",0.048178,0.043268,0.030994,0.028845,0.028845,0.038358
NA,YT,NA,NA,RELIGION AND NONPROFIT,0.148350,0.133500,0.096000,0.089100,0.089100,0.118500
NA,YT,NA,NA,RESTAURANTS,0.187446,0.168800,0.121938,0.112860,0.112860,0.150153
NA,YT,NA,NA,RETAIL TRADE,0.190382,0.171118,0.123474,0.113961,0.113961,0.152132
NA,YT,NA,NA,SANITARY SEWER,1.127583,1.016248,0.732735,0.675773,0.675773,0.903620
NA,YT,NA,NA,TEMPORARY LODGING,0.198750,0.179625,0.129000,0.120000,0.120000,0.159750
NA,YT,NA,NA,UNKNOWN,0.190614,0.171598,0.123833,0.114371,0.114371,0.152598
NA,YT,NA,NA,WHOLESALE TRADE,0.262350,0.235800,0.170850,0.157500,0.157500,0.209250
NA,YT,NA,NA,AGRICULTURE,0.153750,0.136500,0.099000,0.091500,0.091500,0.122250
NA,YT,NA,NA,AIR,0.072000,0.064500,0.045750,0.042750,0.042750,0.055500
NA,YT,NA,NA,CASINOS,0.280500,0.251250,0.183000,0.168000,0.168000,0.225750
NA,YT,NA,NA,CONSTRUCTION,0.072000,0.065250,0.047250,0.044250,0.044250,0.057750
NA,YT,NA,NA,EDUCATION,0.093750,0.084000,0.060750,0.056250,0.056250,0.075750
NA,YT,NA,NA,EMERGENCY RESPONSE SERVICES,0.115500,0.106500,0.076500,0.070500,0.070500,0.094500
NA,YT,NA,NA,ENTERTAINMENT AND RECREATION,0.178841,0.160636,0.116182,0.107318,0.107318,0.142500
NA,YT,NA,NA,FOOD AND DRUGS PROCESSING,0.084500,0.075750,0.055000,0.050000,0.050000,0.067750
NA,YT,NA,NA,GASOLINE SERVICE STATIONS,0.132750,0.120000,0.087750,0.081750,0.081750,0.106500
NA,YT,NA,NA,GENERAL SERVICES,0.118500,0.107250,0.077250,0.071250,0.071250,0.093750
NA,YT,NA,NA,GROUP INSTITUTIONAL HOUSING,0.142200,0.126900,0.091650,0.084600,0.084600,0.113550
NA,YT,NA,NA,HEALTH CARE SERVICE,0.075000,0.067500,0.049500,0.046500,0.046500,0.060000
NA,YT,NA,NA,HEAVY FABRICATION AND ASSEMBLY,0.723874,0.647048,0.471201,0.431934,0.431934,0.577051
NA,YT,NA,NA,HIGHWAY,0.301500,0.272250,0.195750,0.181500,0.181500,0.242250
NA,YT,NA,NA,LIGHT FABRICATION AND ASSEMBLY,0.048750,0.044250,0.032000,0.029500,0.029500,0.039250
NA,YT,NA,NA,PERMANENT DWELLING (MULTI FAMILY HOUSING),0.218812,0.197606,0.142200,0.131063,0.131063,0.175725
NA,YT,NA,NA,PERMANENT DWELLING (SINGLE FAMILY HOUSING),0.125063,0.113850,0.081075,0.075900,0.075900,0.100050
NA,YT,NA,NA,PERSONAL AND REPAIR SERVICES,0.225750,0.203667,0.146833,0.135667,0.135667,0.181333
NA,YT,NA,NA,PETROLEUM,0.197625,0.178125,0.128625,0.118875,0.118875,0.159000
NA,YT,NA,NA,"PROFESSIONAL, TECHNICAL AND BUSINESS SERVICES",0.048178,0.043268,0.030994,0.028845,0.028845,0.038358
NA,YT,NA,NA,RELIGION AND NONPROFIT,0.148350,0.133500,0.096000,0.089100,0.089100,0.118500
NA,YT,NA,NA,RESTAURANTS,0.187446,0.168800,0.121938,0.112860,0.112860,0.150153
NA,YT,NA,NA,RETAIL TRADE,0.190382,0.171118,0.123474,0.113961,0.113961,0.152132
NA,YT,NA,NA,SANITARY SEWER,1.127583,1.016248,0.732735,0.675773,0.675773,0.903620
NA,YT,NA,NA,TEMPORARY LODGING,0.198750,0.179625,0.129000,0.120000,0.120000,0.159750
NA,YT,NA,NA,UNKNOWN,0.190614,0.171598,0.123833,0.114371,0.114371,0.152598
NA,YT,NA,NA,WHOLESALE TRADE,0.262350,0.235800,0.170850,0.157500,0.157500,0.209250
NA,NT,NA,NA,AGRICULTURE,0.102500,0.091000,0.066000,0.061000,0.061000,0.081500
NA,NT,NA,NA,AIR,0.048000,0.043000,0.030500,0.028500,0.028500,0.037000
NA,NT,NA,NA,CASINOS,0.187000,0.167500,0.122000,0.112000,0.112000,0.150500
NA,NT,NA,NA,CONSTRUCTION,0.048000,0.043500,0.031500,0.029500,0.029500,0.038500
NA,NT,NA,NA,EDUCATION,0.062500,0.056000,0.040500,0.037500,0.037500,0.050500
NA,NT,NA,NA,EMERGENCY RESPONSE SERVICES,0.077000,0.071000,0.051000,0.047000,0.047000,0.063000
NA,NT,NA,NA,ENTERTAINMENT AND RECREATION,0.119227,0.107091,0.077455,0.071545,0.071545,0.095000
NA,NT,NA,NA,FOOD AND DRUGS PROCESSING,0.056333,0.050500,0.036667,0.033333,0.033333,0.045167
NA,NT,NA,NA,GASOLINE SERVICE STATIONS,0.088500,0.080000,0.058500,0.054500,0.054500,0.071000
NA,NT,NA,NA,GENERAL SERVICES,0.079000,0.071500,0.051500,0.047500,0.047500,0.062500
NA,NT,NA,NA,GROUP INSTITUTIONAL HOUSING,0.094800,0.084600,0.061100,0.056400,0.056400,0.075700
NA,NT,NA,NA,HEALTH CARE SERVICE,0.050000,0.045000,0.033000,0.031000,0.031000,0.040000
NA,NT,NA,NA,HEAVY FABRICATION AND ASSEMBLY,0.482583,0.431365,0.314134,0.287956,0.287956,0.384700
NA,NT,NA,NA,HIGHWAY,0.201000,0.181500,0.130500,0.121000,0.121000,0.161500
NA,NT,NA,NA,LIGHT FABRICATION AND ASSEMBLY,0.032500,0.029500,0.021333,0.019667,0.019667,0.026167
NA,NT,NA,NA,PERMANENT DWELLING (MULTI FAMILY HOUSING),0.145875,0.131738,0.094800,0.087375,0.087375,0.117150
NA,NT,NA,NA,PERMANENT DWELLING (SINGLE FAMILY HOUSING),0.083375,0.075900,0.054050,0.050600,0.050600,0.066700
NA,NT,NA,NA,PERSONAL AND REPAIR SERVICES,0.150500,0.135778,0.097889,0.090444,0.090444,0.120889
NA,NT,NA,NA,PETROLEUM,0.131750,0.118750,0.085750,0.079250,0.079250,0.106000
NA,NT,NA,NA,"PROFESSIONAL, TECHNICAL AND BUSINESS SERVICES",0.032119,0.028845,0.020662,0.019230,0.019230,0.025572
NA,NT,NA,NA,RELIGION AND NONPROFIT,0.098900,0.089000,0.064000,0.059400,0.059400,0.079000
NA,NT,NA,NA,RESTAURANTS,0.124964,0.112533,0.081292,0.075240,0.075240,0.100102
NA,NT,NA,NA,RETAIL TRADE,0.126921,0.114079,0.082316,0.075974,0.075974,0.101421
NA,NT,NA,NA,SANITARY SEWER,0.751722,0.677499,0.488490,0.450515,0.450515,0.602413
NA,NT,NA,NA,TEMPORARY LODGING,0.132500,0.119750,0.086000,0.080000,0.080000,0.106500
NA,NT,NA,NA,UNKNOWN,0.127076,0.114399,0.082556,0.076247,0.076247,0.101732
NA,NT,NA,NA,WHOLESALE TRADE,0.174900,0.157200,0.113900,0.105000,0.105000,0.139500
NA,NT,NA,NA,AGRICULTURE,0.102500,0.091000,0.066000,0.061000,0.061000,0.081500
NA,NT,NA,NA,AIR,0.048000,0.043000,0.030500,0.028500,0.028500,0.037000
NA,NT,NA,NA,CASINOS,0.187000,0.167500,0.122000,0.112000,0.112000,0.150500
NA,NT,NA,NA,CONSTRUCTION,0.048000,0.043500,0.031500,0.029500,0.029500,0.038500
NA,NT,NA,NA,EDUCATION,0.062500,0.056000,0.040500,0.037500,0.037500,0.050500
NA,NT,NA,NA,EMERGENCY RESPONSE SERVICES,0.077000,0.071000,0.051000,0.047000,0.047000,0.063000
NA,NT,NA,NA,ENTERTAINMENT AND RECREATION,0.119227,0.107091,0.077455,0.071545,0.071545,0.095000
NA,NT,NA,NA,FOOD AND DRUGS PROCESSING,0.056333,0.050500,0.036667,0.033333,0.033333,0.045167
NA,NT,NA,NA,GASOLINE SERVICE STATIONS,0.088500,0.080000,0.058500,0.054500,0.054500,0.071000
NA,NT,NA,NA,GENERAL SERVICES,0.079000,0.071500,0.051500,0.047500,0.047500,0.062500
NA,NT,NA,NA,GROUP INSTITUTIONAL HOUSING,0.094800,0.084600,0.061100,0.056400,0.056400,0.075700
NA,NT,NA,NA,HEALTH CARE SERVICE,0.050000,0.045000,0.033000,0.031000,0.031000,0.040000
NA,NT,NA,NA,HEAVY FABRICATION AND ASSEMBLY,0.482583,0.431365,0.314134,0.287956,0.287956,0.384700
NA,NT,NA,NA,HIGHWAY,0.201000,0.181500,0.130500,0.121000,0.121000,0.161500
NA,NT,NA,NA,LIGHT FABRICATION AND ASSEMBLY,0.032500,0.029500,0.021333,0.019667,0.019667,0.026167
NA,NT,NA,NA,PERMANENT DWELLING (MULTI FAMILY HOUSING),0.145875,0.131738,0.094800,0.087375,0.087375,0.117150
NA,NT,NA,NA,PERMANENT DWELLING (SINGLE FAMILY HOUSING),0.083375,0.075900,0.054050,0.050600,0.050600,0.066700
NA,NT,NA,NA,PERSONAL AND REPAIR SERVICES,0.150500,0.135778,0.097889,0.090444,0.090444,0.120889
NA,NT,NA,NA,PETROLEUM,0.131750,0.118750,0.085750,0.079250,0.079250,0.106000
NA,NT,NA,NA,"PROFESSIONAL, TECHNICAL AND BUSINESS SERVICES",0.032119,0.028845,0.020662,0.019230,0.019230,0.025572
NA,NT,NA,NA,RELIGION AND NONPROFIT,0.098900,0.089000,0.064000,0.059400,0.059400,0.079000
NA,NT,NA,NA,RESTAURANTS,0.124964,0.112533,0.081292,0.075240,0.075240,0.100102
NA,NT,NA,NA,RETAIL TRADE,0.126921,0.114079,0.082316,0.075974,0.075974,0.101421
NA,NT,NA,NA,SANITARY SEWER,0.751722,0.677499,0.488490,0.450515,0.450515,0.602413
NA,NT,NA,NA,TEMPORARY LODGING,0.132500,0.119750,0.086000,0.080000,0.080000,0.106500
NA,NT,NA,NA,UNKNOWN,0.127076,0.114399,0.082556,0.076247,0.076247,0.101732
NA,NT,NA,NA,WHOLESALE TRADE,0.174900,0.157200,0.113900,0.105000,0.105000,0.139500
NA,NT,NA,NA,AGRICULTURE,0.102500,0.091000,0.066000,0.061000,0.061000,0.081500
NA,NT,NA,NA,AIR,0.048000,0.043000,0.030500,0.028500,0.028500,0.037000
NA,NT,NA,NA,CASINOS,0.187000,0.167500,0.122000,0.112000,0.112000,0.150500
NA,NT,NA,NA,CONSTRUCTION,0.048000,0.043500,0.031500,0.029500,0.029500,0.038500
NA,NT,NA,NA,EDUCATION,0.062500,0.056000,0.040500,0.037500,0.037500,0.050500
NA,NT,NA,NA,EMERGENCY RESPONSE SERVICES,0.077000,0.071000,0.051000,0.047000,0.047000,0.063000
NA,NT,NA,NA,ENTERTAINMENT AND RECREATION,0.119227,0.107091,0.077455,0.071545,0.071545,0.095000
NA,NT,NA,NA,FOOD AND DRUGS PROCESSING,0.056333,0.050500,0.036667,0.033333,0.033333,0.045167
NA,NT,NA,NA,GASOLINE SERVICE STATIONS,0.088500,0.080000,0.058500,0.054500,0.054500,0.071000
NA,NT,NA,NA,GENERAL SERVICES,0.079000,0.071500,0.051500,0.047500,0.047500,0.062500
NA,NT,NA,NA,GROUP INSTITUTIONAL HOUSING,0.094800,0.084600,0.061100,0.056400,0.056400,0.075700
NA,NT,NA,NA,HEALTH CARE SERVICE,0.050000,0.045000,0.033000,0.031000,0.031000,0.040000
NA,NT,NA,NA,HEAVY FABRICATION AND ASSEMBLY,0.482583,0.431365,0.314134,0.287956,0.287956,0.384700
NA,NT,NA,NA,HIGHWAY,0.201000,0.181500,0.130500,0.121000,0.121000,0.161500
NA,NT,NA,NA,LIGHT FABRICATION AND ASSEMBLY,0.032500,0.029500,0.021333,0.019667,0.019667,0.026167
NA,NT,NA,NA,PERMANENT DWELLING (MULTI FAMILY HOUSING),0.145875,0.131738,0.094800,0.087375,0.087375,0.117150
NA,NT,NA,NA,PERMANENT DWELLING (SINGLE FAMILY HOUSING),0.083375,0.075900,0.054050,0.050600,0.050600,0.066700
NA,NT,NA,NA,PERSONAL AND REPAIR SERVICES,0.150500,0.135778,0.097889,0.090444,0.090444,0.120889
NA,NT,NA,NA,PETROLEUM,0.131750,0.118750,0.085750,0.079250,0.079250,0.106000
NA,NT,NA,NA,"PROFESSIONAL, TECHNICAL AND BUSINESS SERVICES",0.032119,0.028845,0.020662,0.019230,0.019230,0.025572
NA,NT,NA,NA,RELIGION AND NONPROFIT,0.098900,0.089000,0.064000,0.059400,0.059400,0.079000
NA,NT,NA,NA,RESTAURANTS,0.124964,0.112533,0.081292,0.075240,0.075240,0.100102
NA,NT,NA,NA,RETAIL TRADE,0.126921,0.114079,0.082316,0.075974,0.075974,0.101421
NA,NT,NA,NA,SANITARY SEWER,0.751722,0.677499,0.488490,0.450515,0.450515,0.602413
NA,NT,NA,NA,TEMPORARY LODGING,0.132500,0.119750,0.086000,0.080000,0.080000,0.106500
NA,NT,NA,NA,UNKNOWN,0.127076,0.114399,0.082556,0.076247,0.076247,0.101732
NA,NT,NA,NA,WHOLESALE TRADE,0.174900,0.157200,0.113900,0.105000,0.105000,0.139500
NA,NT,NA,NA,AGRICULTURE,0.102500,0.091000,0.066000,0.061000,0.061000,0.081500
NA,NT,NA,NA,AIR,0.048000,0.043000,0.030500,0.028500,0.028500,0.037000
NA,NT,NA,NA,CASINOS,0.187000,0.167500,0.122000,0.112000,0.112000,0.150500
NA,NT,NA,NA,CONSTRUCTION,0.048000,0.043500,0.031500,0.029500,0.029500,0.038500
NA,NT,NA,NA,EDUCATION,0.062500,0.056000,0.040500,0.037500,0.037500,0.050500
NA,NT,NA,NA,EMERGENCY RESPONSE SERVICES,0.077000,0.071000,0.051000,0.047000,0.047000,0.063000
NA,NT,NA,NA,ENTERTAINMENT AND RECREATION,0.119227,0.107091,0.077455,0.071545,0.071545,0.095000
NA,NT,NA,NA,FOOD AND DRUGS PROCESSING,0.056333,0.050500,0.036667,0.033333,0.033333,0.045167
NA,NT,NA,NA,GASOLINE SERVICE STATIONS,0.088500,0.080000,0.058500,0.054500,0.054500,0.071000
NA,NT,NA,NA,GENERAL SERVICES,0.079000,0.071500,0.051500,0.047500,0.047500,0.062500
NA,NT,NA,NA,GROUP INSTITUTIONAL HOUSING,0.094800,0.084600,0.061100,0.056400,0.056400,0.075700
NA,NT,NA,NA,HEALTH CARE SERVICE,0.050000,0.045000,0.033000,0.031000,0.031000,0.040000
NA,NT,NA,NA,HEAVY FABRICATION AND ASSEMBLY,0.482583,0.431365,0.314134,0.287956,0.287956,0.384700
NA,NT,NA,NA,HIGHWAY,0.201000,0.181500,0.130500,0.121000,0.121000,0.161500
NA,NT,NA,NA,LIGHT FABRICATION AND ASSEMBLY,0.032500,0.029500,0.021333,0.019667,0.019667,0.026167
NA,NT,NA,NA,PERMANENT DWELLING (MULTI FAMILY HOUSING),0.145875,0.131738,0.094800,0.087375,0.087375,0.117150
NA,NT,NA,NA,PERMANENT DWELLING (SINGLE FAMILY HOUSING),0.083375,0.075900,0.054050,0.050600,0.050600,0.066700
NA,NT,NA,NA,PERSONAL AND REPAIR SERVICES,0.150500,0.135778,0.097889,0.090444,0.090444,0.120889
NA,NT,NA,NA,PETROLEUM,0.131750,0.118750,0.085750,0.079250,0.079250,0.106000
NA,NT,NA,NA,"PROFESSIONAL, TECHNICAL AND BUSINESS SERVICES",0.032119,0.028845,0.020662,0.019230,0.019230,0.025572
NA,NT,NA,NA,RELIGION AND NONPROFIT,0.098900,0.089000,0.064000,0.059400,0.059400,0.079000
NA,NT,NA,NA,RESTAURANTS,0.124964,0.112533,0.081292,0.075240,0.075240,0.100102
NA,NT,NA,NA,RETAIL TRADE,0.126921,0.114079,0.082316,0.075974,0.075974,0.101421
NA,NT,NA,NA,SANITARY SEWER,0.751722,0.677499,0.488490,0.450515,0.450515,0.602413
NA,NT,NA,NA,TEMPORARY LODGING,0.132500,0.119750,0.086000,0.080000,0.080000,0.106500
NA,NT,NA,NA,UNKNOWN,0.127076,0.114399,0.082556,0.076247,0.076247,0.101732
NA,NT,NA,NA,WHOLESALE TRADE,0.174900,0.157200,0.113900,0.105000,0.105000,0.139500
NA,NT,NA,NA,AGRICULTURE,0.102500,0.091000,0.066000,0.061000,0.061000,0.081500
NA,NT,NA,NA,AIR,0.048000,0.043000,0.030500,0.028500,0.028500,0.037000
NA,NT,NA,NA,CASINOS,0.187000,0.167500,0.122000,0.112000,0.112000,0.150500
NA,NT,NA,NA,CONSTRUCTION,0.048000,0.043500,0.031500,0.029500,0.029500,0.038500
NA,NT,NA,NA,EDUCATION,0.062500,0.056000,0.040500,0.037500,0.037500,0.050500
NA,NT,NA,NA,EMERGENCY RESPONSE SERVICES,0.077000,0.071000,0.051000,0.047000,0.047000,0.063000
NA,NT,NA,NA,ENTERTAINMENT AND RECREATION,0.119227,0.107091,0.077455,0.071545,0.071545,0.095000
NA,NT,NA,NA,FOOD AND DRUGS PROCESSING,0.056333,0.050500,0.036667,0.033333,0.033333,0.045167
NA,NT,NA,NA,GASOLINE SERVICE STATIONS,0.088500,0.080000,0.058500,0.054500,0.054500,0.071000
NA,NT,NA,NA,GENERAL SERVICES,0.079000,0.071500,0.051500,0.047500,0.047500,0.062500
NA,NT,NA,NA,GROUP INSTITUTIONAL HOUSING,0.094800,0.084600,0.061100,0.056400,0.056400,0.075700
NA,NT,NA,NA,HEALTH CARE SERVICE,0.050000,0.045000,0.033000,0.031000,0.031000,0.040000
NA,NT,NA,NA,HEAVY FABRICATION AND ASSEMBLY,0.482583,0.431365,0.314134,0.287956,0.287956,0.384700
NA,NT,NA,NA,HIGHWAY,0.201000,0.181500,0.130500,0.121000,0.121000,0.161500
NA,NT,NA,NA,LIGHT FABRICATION AND ASSEMBLY,0.032500,0.029500,0.021333,0.019667,0.019667,0.026167
NA,NT,NA,NA,PERMANENT DWELLING (MULTI FAMILY HOUSING),0.145875,0.131738,0.094800,0.087375,0.087375,0.117150
NA,NT,NA,NA,PERMANENT DWELLING (SINGLE FAMILY HOUSING),0.083375,0.075900,0.054050,0.050600,0.050600,0.066700
NA,NT,NA,NA,PERSONAL AND REPAIR SERVICES,0.150500,0.135778,0.097889,0.090444,0.090444,0.120889
NA,NT,NA,NA,PETROLEUM,0.131750,0.118750,0.085750,0.079250,0.079250,0.106000
NA,NT,NA,NA,"PROFESSIONAL, TECHNICAL AND BUSINESS SERVICES",0.032119,0.028845,0.020662,0.019230,0.019230,0.025572
NA,NT,NA,NA,RELIGION AND NONPROFIT,0.098900,0.089000,0.064000,0.059400,0.059400,0.079000
NA,NT,NA,NA,RESTAURANTS,0.124964,0.112533,0.081292,0.075240,0.075240,0.100102
NA,NT,NA,NA,RETAIL TRADE,0.126921,0.114079,0.082316,0.075974,0.075974,0.101421
NA,NT,NA,NA,SANITARY SEWER,0.751722,0.677499,0.488490,0.450515,0.450515,0.602413
NA,NT,NA,NA,TEMPORARY LODGING,0.132500,0.119750,0.086000,0.080000,0.080000,0.106500
NA,NT,NA,NA,UNKNOWN,0.127076,0.114399,0.082556,0.076247,0.076247,0.101732
NA,NT,NA,NA,WHOLESALE TRADE,0.174900,0.157200,0.113900,0.105000,0.105000,0.139500
NA,NT,NA,NA,AGRICULTURE,0.102500,0.091000,0.066000,0.061000,0.061000,0.081500
NA,NT,NA,NA,AIR,0.048000,0.043000,0.030500,0.028500,0.028500,0.037000
NA,NT,NA,NA,CASINOS,0.187000,0.167500,0.122000,0.112000,0.112000,0.150500
NA,NT,NA,NA,CONSTRUCTION,0.048000,0.043500,0.031500,0.029500,0.029500,0.038500
NA,NT,NA,NA,EDUCATION,0.062500,0.056000,0.040500,0.037500,0.037500,0.050500
NA,NT,NA,NA,EMERGENCY RESPONSE SERVICES,0.077000,0.071000,0.051000,0.047000,0.047000,0.063000
NA,NT,NA,NA,ENTERTAINMENT AND RECREATION,0.119227,0.107091,0.077455,0.071545,0.071545,0.095000
NA,NT,NA,NA,FOOD AND DRUGS PROCESSING,0.056333,0.050500,0.036667,0.033333,0.033333,0.045167
NA,NT,NA,NA,GASOLINE SERVICE STATIONS,0.088500,0.080000,0.058500,0.054500,0.054500,0.071000
NA,NT,NA,NA,GENERAL SERVICES,0.079000,0.071500,0.051500,0.047500,0.047500,0.062500
NA,NT,NA,NA,GROUP INSTITUTIONAL HOUSING,0.094800,0.084600,0.061100,0.056400,0.056400,0.075700
NA,NT,NA,NA,HEALTH CARE SERVICE,0.050000,0.045000,0.033000,0.031000,0.031000,0.040000
NA,NT,NA,NA,HEAVY FABRICATION AND ASSEMBLY,0.482583,0.431365,0.314134,0.287956,0.287956,0.384700
NA,NT,NA,NA,HIGHWAY,0.201000,0.181500,0.130500,0.121000,0.121000,0.161500
NA,NT,NA,NA,LIGHT FABRICATION AND ASSEMBLY,0.032500,0.029500,0.021333,0.019667,0.019667,0.026167
NA,NT,NA,NA,PERMANENT DWELLING (MULTI FAMILY HOUSING),0.145875,0.131738,0.094800,0.087375,0.087375,0.117150
NA,NT,NA,NA,PERMANENT DWELLING (SINGLE FAMILY HOUSING),0.083375,0.075900,0.054050,0.050600,0.050600,0.066700
NA,NT,NA,NA,PERSONAL AND REPAIR SERVICES,0.150500,0.135778,0.097889,0.090444,0.090444,0.120889
NA,NT,NA,NA,PETROLEUM,0.131750,0.118750,0.085750,0.079250,0.079250,0.106000
NA,NT,NA,NA,"PROFESSIONAL, TECHNICAL AND BUSINESS SERVICES",0.032119,0.028845,0.020662,0.019230,0.019230,0.025572
NA,NT,NA,NA,RELIGION AND NONPROFIT,0.098900,0.089000,0.064000,0.059400,0.059400,0.079000
NA,NT,NA,NA,RESTAURANTS,0.124964,0.112533,0.081292,0.075240,0.075240,0.100102
NA,NT,NA,NA,RETAIL TRADE,0.126921,0.114079,0.082316,0.075974,0.075974,0.101421
NA,NT,NA,NA,SANITARY SEWER,0.751722,0.677499,0.488490,0.450515,0.450515,0.602413
NA,NT,NA,NA,TEMPORARY LODGING,0.132500,0.119750,0.086000,0.080000,0.080000,0.106500
NA,NT,NA,NA,UNKNOWN,0.127076,0.114399,0.082556,0.076247,0.076247,0.101732
NA,NT,NA,NA,WHOLESALE TRADE,0.174900,0.157200,0.113900,0.105000,0.105000,0.139500
NA,NU,NA,NA,AGRICULTURE,0.133250,0.118300,0.085800,0.079300,0.079300,0.105950
NA,NU,NA,NA,AIR,0.062400,0.055900,0.039650,0.037050,0.037050,0.048100
NA,NU,NA,NA,CASINOS,0.243100,0.217750,0.158600,0.145600,0.145600,0.195650
NA,NU,NA,NA,CONSTRUCTION,0.062400,0.056550,0.040950,0.038350,0.038350,0.050050
NA,NU,NA,NA,EDUCATION,0.081250,0.072800,0.052650,0.048750,0.048750,0.065650
NA,NU,NA,NA,EMERGENCY RESPONSE SERVICES,0.100100,0.092300,0.066300,0.061100,0.061100,0.081900
NA,NU,NA,NA,ENTERTAINMENT AND RECREATION,0.154995,0.139218,0.100691,0.093009,0.093009,0.123500
NA,NU,NA,NA,FOOD AND DRUGS PROCESSING,0.073233,0.065650,0.047667,0.043333,0.043333,0.058717
NA,NU,NA,NA,GASOLINE SERVICE STATIONS,0.115050,0.104000,0.076050,0.070850,0.070850,0.092300
NA,NU,NA,NA,GENERAL SERVICES,0.102700,0.092950,0.066950,0.061750,0.061750,0.081250
NA,NU,NA,NA,GROUP INSTITUTIONAL HOUSING,0.123240,0.109980,0.079430,0.073320,0.073320,0.098410
NA,NU,NA,NA,HEALTH CARE SERVICE,0.065000,0.058500,0.042900,0.040300,0.040300,0.052000
NA,NU,NA,NA,HEAVY FABRICATION AND ASSEMBLY,0.627358,0.560775,0.408374,0.374343,0.374343,0.500111
NA,NU,NA,NA,HIGHWAY,0.261300,0.235950,0.169650,0.157300,0.157300,0.209950
NA,NU,NA,NA,LIGHT FABRICATION AND ASSEMBLY,0.042250,0.038350,0.027733,0.025567,0.025567,0.034017
NA,NU,NA,NA,PERMANENT DWELLING (MULTI FAMILY HOUSING),0.189637,0.171259,0.123240,0.113588,0.113588,0.152295
NA,NU,NA,NA,PERMANENT DWELLING (SINGLE FAMILY HOUSING),0.108388,0.098670,0.070265,0.065780,0.065780,0.086710
NA,NU,NA,NA,PERSONAL AND REPAIR SERVICES,0.195650,0.176511,0.127256,0.117578,0.117578,0.157156
NA,NU,NA,NA,PETROLEUM,0.171275,0.154375,0.111475,0.103025,0.103025,0.137800
NA,NU,NA,NA,"PROFESSIONAL, TECHNICAL AND BUSINESS SERVICES",0.041754,0.037499,0.026861,0.024999,0.024999,0.033244
NA,NU,NA,NA,RELIGION AND NONPROFIT,0.128570,0.115700,0.083200,0.077220,0.077220,0.102700
NA,NU,NA,NA,RESTAURANTS,0.162454,0.146293,0.105680,0.097812,0.097812,0.130133
NA,NU,NA,NA,RETAIL TRADE,0.164997,0.148303,0.107011,0.098766,0.098766,0.131847
NA,NU,NA,NA,SANITARY SEWER,0.977238,0.880749,0.635037,0.585670,0.585670,0.783137
NA,NU,NA,NA,TEMPORARY LODGING,0.172250,0.155675,0.111800,0.104000,0.104000,0.138450
NA,NU,NA,NA,UNKNOWN,0.165198,0.148719,0.107322,0.099122,0.099122,0.132252
NA,NU,NA,NA,WHOLESALE TRADE,0.227370,0.204360,0.148070,0.136500,0.136500,0.181350
NA,NU,NA,NA,AGRICULTURE,0.133250,0.118300,0.085800,0.079300,0.079300,0.105950
NA,NU,NA,NA,AIR,0.062400,0.055900,0.039650,0.037050,0.037050,0.048100
NA,NU,NA,NA,CASINOS,0.243100,0.217750,0.158600,0.145600,0.145600,0.195650
NA,NU,NA,NA,CONSTRUCTION,0.062400,0.056550,0.040950,0.038350,0.038350,0.050050
NA,NU,NA,NA,EDUCATION,0.081250,0.072800,0.052650,0.048750,0.048750,0.065650
NA,NU,NA,NA,EMERGENCY RESPONSE SERVICES,0.100100,0.092300,0.066300,0.061100,0.061100,0.081900
NA,NU,NA,NA,ENTERTAINMENT AND RECREATION,0.154995,0.139218,0.100691,0.093009,0.093009,0.123500
NA,NU,NA,NA,FOOD AND DRUGS PROCESSING,0.073233,0.065650,0.047667,0.043333,0.043333,0.058717
NA,NU,NA,NA,GASOLINE SERVICE STATIONS,0.115050,0.104000,0.076050,0.070850,0.070850,0.092300
NA,NU,NA,NA,GENERAL SERVICES,0.102700,0.092950,0.066950,0.061750,0.061750,0.081250
NA,NU,NA,NA,GROUP INSTITUTIONAL HOUSING,0.123240,0.109980,0.079430,0.073320,0.073320,0.098410
NA,NU,NA,NA,HEALTH CARE SERVICE,0.065000,0.058500,0.042900,0.040300,0.040300,0.052000
NA,NU,NA,NA,HEAVY FABRICATION AND ASSEMBLY,0.627358,0.560775,0.408374,0.374343,0.374343,0.500111
NA,NU,NA,NA,HIGHWAY,0.261300,0.235950,0.169650,0.157300,0.157300,0.209950
NA,NU,NA,NA,LIGHT FABRICATION AND ASSEMBLY,0.042250,0.038350,0.027733,0.025567,0.025567,0.034017
NA,NU,NA,NA,PERMANENT DWELLING (MULTI FAMILY HOUSING),0.189637,0.171259,0.123240,0.113588,0.113588,0.152295
NA,NU,NA,NA,PERMANENT DWELLING (SINGLE FAMILY HOUSING),0.108388,0.098670,0.070265,0.065780,0.065780,0.086710
NA,NU,NA,NA,PERSONAL AND REPAIR SERVICES,0.195650,0.176511,0.127256,0.117578,0.117578,0.157156
NA,NU,NA,NA,PETROLEUM,0.171275,0.154375,0.111475,0.103025,0.103025,0.137800
NA,NU,NA,NA,"PROFESSIONAL, TECHNICAL AND BUSINESS SERVICES",0.041754,0.037499,0.026861,0.024999,0.024999,0.033244
NA,NU,NA,NA,RELIGION AND NONPROFIT,0.128570,0.115700,0.083200,0.077220,0.077220,0.102700
NA,NU,NA,NA,RESTAURANTS,0.162454,0.146293,0.105680,0.097812,0.097812,0.130133
NA,NU,NA,NA,RETAIL TRADE,0.164997,0.148303,0.107011,0.098766,0.098766,0.131847
NA,NU,NA,NA,SANITARY SEWER,0.977238,0.880749,0.635037,0.585670,0.585670,0.783137
NA,NU,NA,NA,TEMPORARY LODGING,0.172250,0.155675,0.111800,0.104000,0.104000,0.138450
NA,NU,NA,NA,UNKNOWN,0.165198,0.148719,0.107322,0.099122,0.099122,0.132252
NA,NU,NA,NA,WHOLESALE TRADE,0.227370,0.204360,0.148070,0.136500,0.136500,0.181350
NA,NU,NA,NA,AGRICULTURE,0.133250,0.118300,0.085800,0.079300,0.079300,0.105950
NA,NU,NA,NA,AIR,0.062400,0.055900,0.039650,0.037050,0.037050,0.048100
NA,NU,NA,NA,CASINOS,0.243100,0.217750,0.158600,0.145600,0.145600,0.195650
NA,NU,NA,NA,CONSTRUCTION,0.062400,0.056550,0.040950,0.038350,0.038350,0.050050
NA,NU,NA,NA,EDUCATION,0.081250,0.072800,0.052650,0.048750,0.048750,0.065650
NA,NU,NA,NA,EMERGENCY RESPONSE SERVICES,0.100100,0.092300,0.066300,0.061100,0.061100,0.081900
NA,NU,NA,NA,ENTERTAINMENT AND RECREATION,0.154995,0.139218,0.100691,0.093009,0.093009,0.123500
NA,NU,NA,NA,FOOD AND DRUGS PROCESSING,0.073233,0.065650,0.047667,0.043333,0.043333,0.058717
NA,NU,NA,NA,GASOLINE SERVICE STATIONS,0.115050,0.104000,0.076050,0.070850,0.070850,0.092300
NA,NU,NA,NA,GENERAL SERVICES,0.102700,0.092950,0.066950,0.061750,0.061750,0.081250
NA,NU,NA,NA,GROUP INSTITUTIONAL HOUSING,0.123240,0.109980,0.079430,0.073320,0.073320,0.098410
NA,NU,NA,NA,HEALTH CARE SERVICE,0.065000,0.058500,0.042900,0.040300,0.040300,0.052000
NA,NU,NA,NA,HEAVY FABRICATION AND ASSEMBLY,0.627358,0.560775,0.408374,0.374343,0.374343,0.500111
NA,NU,NA,NA,HIGHWAY,0.261300,0.235950,0.169650,0.157300,0.157300,0.209950
NA,NU,NA,NA,LIGHT FABRICATION AND ASSEMBLY,0.042250,0.038350,0.027733,0.025567,0.025567,0.034017
NA,NU,NA,NA,PERMANENT DWELLING (MULTI FAMILY HOUSING),0.189637,0.171259,0.123240,0.113588,0.113588,0.152295
NA,NU,NA,NA,PERMANENT DWELLING (SINGLE FAMILY HOUSING),0.108388,0.098670,0.070265,0.065780,0.065780,0.086710
NA,NU,NA,NA,PERSONAL AND REPAIR SERVICES,0.195650,0.176511,0.127256,0.117578,0.117578,0.157156
NA,NU,NA,NA,PETROLEUM,0.171275,0.154375,0.111475,0.103025,0.103025,0.137800
NA,NU,NA,NA,"PROFESSIONAL, TECHNICAL AND BUSINESS SERVICES",0.041754,0.037499,0.026861,0.024999,0.024999,0.033244
NA,NU,NA,NA,RELIGION AND NONPROFIT,0.128570,0.115700,0.083200,0.077220,0.077220,0.102700
NA,NU,NA,NA,RESTAURANTS,0.162454,0.146293,0.105680,0.097812,0.097812,0.130133
NA,NU,NA,NA,RETAIL TRADE,0.164997,0.148303,0.107011,0.098766,0.098766,0.131847
NA,NU,NA,NA,SANITARY SEWER,0.977238,0.880749,0.635037,0.585670,0.585670,0.783137
NA,NU,NA,NA,TEMPORARY LODGING,0.172250,0.155675,0.111800,0.104000,0.104000,0.138450
NA,NU,NA,NA,UNKNOWN,0.165198,0.148719,0.107322,0.099122,0.099122,0.132252
NA,NU,NA,NA,WHOLESALE TRADE,0.227370,0.204360,0.148070,0.136500,0.136500,0.181350
NA,NU,NA,NA,AGRICULTURE,0.133250,0.118300,0.085800,0.079300,0.079300,0.105950
NA,NU,NA,NA,AIR,0.062400,0.055900,0.039650,0.037050,0.037050,0.048100
NA,NU,NA,NA,CASINOS,0.243100,0.217750,0.158600,0.145600,0.145600,0.195650
NA,NU,NA,NA,CONSTRUCTION,0.062400,0.056550,0.040950,0.038350,0.038350,0.050050
NA,NU,NA,NA,EDUCATION,0.081250,0.072800,0.052650,0.048750,0.048750,0.065650
NA,NU,NA,NA,EMERGENCY RESPONSE SERVICES,0.100100,0.092300,0.066300,0.061100,0.061100,0.081900
NA,NU,NA,NA,ENTERTAINMENT AND RECREATION,0.154995,0.139218,0.100691,0.093009,0.093009,0.123500
NA,NU,NA,NA,FOOD AND DRUGS PROCESSING,0.073233,0.065650,0.047667,0.043333,0.043333,0.058717
NA,NU,NA,NA,GASOLINE SERVICE STATIONS,0.115050,0.104000,0.076050,0.070850,0.070850,0.092300
NA,NU,NA,NA,GENERAL SERVICES,0.102700,0.092950,0.066950,0.061750,0.061750,0.081250
NA,NU,NA,NA,GROUP INSTITUTIONAL HOUSING,0.123240,0.109980,0.079430,0.073320,0.073320,0.098410
NA,NU,NA,NA,HEALTH CARE SERVICE,0.065000,0.058500,0.042900,0.040300,0.040300,0.052000
NA,NU,NA,NA,HEAVY FABRICATION AND ASSEMBLY,0.627358,0.560775,0.408374,0.374343,0.374343,0.500111
NA,NU,NA,NA,HIGHWAY,0.261300,0.235950,0.169650,0.157300,0.157300,0.209950
NA,NU,NA,NA,LIGHT FABRICATION AND ASSEMBLY,0.042250,0.038350,0.027733,0.025567,0.025567,0.034017
NA,NU,NA,NA,PERMANENT DWELLING (MULTI FAMILY HOUSING),0.189637,0.171259,0.123240,0.113588,0.113588,0.152295
NA,NU,NA,NA,PERMANENT DWELLING (SINGLE FAMILY HOUSING),0.108388,0.098670,0.070265,0.065780,0.065780,0.086710
NA,NU,NA,NA,PERSONAL AND REPAIR SERVICES,0.195650,0.176511,0.127256,0.117578,0.117578,0.157156
NA,NU,NA,NA,PETROLEUM,0.171275,0.154375,0.111475,0.103025,0.103025,0.137800
NA,NU,NA,NA,"PROFESSIONAL, TECHNICAL AND BUSINESS SERVICES",0.041754,0.037499,0.026861,0.024999,0.024999,0.033244
NA,NU,NA,NA,RELIGION AND NONPROFIT,0.128570,0.115700,0.083200,0.077220,0.077220,0.102700
NA,NU,NA,NA,RESTAURANTS,0.162454,0.146293,0.105680,0.097812,0.097812,0.130133
NA,NU,NA,NA,RETAIL TRADE,0.164997,0.148303,0.107011,0.098766,0.098766,0.131847
NA,NU,NA,NA,SANITARY SEWER,0.977238,0.880749,0.635037,0.585670,0.585670,0.783137
NA,NU,NA,NA,TEMPORARY LODGING,0.172250,0.155675,0.111800,0.104000,0.104000,0.138450
NA,NU,NA,NA,UNKNOWN,0.165198,0.148719,0.107322,0.099122,0.099122,0.132252
NA,NU,NA,NA,WHOLESALE TRADE,0.227370,0.204360,0.148070,0.136500,0.136500,0.181350
NA,NU,NA,NA,AGRICULTURE,0.133250,0.118300,0.085800,0.079300,0.079300,0.105950
NA,NU,NA,NA,AIR,0.062400,0.055900,0.039650,0.037050,0.037050,0.048100
NA,NU,NA,NA,CASINOS,0.243100,0.217750,0.158600,0.145600,0.145600,0.195650
NA,NU,NA,NA,CONSTRUCTION,0.062400,0.056550,0.040950,0.038350,0.038350,0.050050
NA,NU,NA,NA,EDUCATION,0.081250,0.072800,0.052650,0.048750,0.048750,0.065650
NA,NU,NA,NA,EMERGENCY RESPONSE SERVICES,0.100100,0.092300,0.066300,0.061100,0.061100,0.081900
NA,NU,NA,NA,ENTERTAINMENT AND RECREATION,0.154995,0.139218,0.100691,0.093009,0.093009,0.123500
NA,NU,NA,NA,FOOD AND DRUGS PROCESSING,0.073233,0.065650,0.047667,0.043333,0.043333,0.058717
NA,NU,NA,NA,GASOLINE SERVICE STATIONS,0.115050,0.104000,0.076050,0.070850,0.070850,0.092300
NA,NU,NA,NA,GENERAL SERVICES,0.102700,0.092950,0.066950,0.061750,0.061750,0.081250
NA,NU,NA,NA,GROUP INSTITUTIONAL HOUSING,0.123240,0.109980,0.079430,0.073320,0.073320,0.098410
NA,NU,NA,NA,HEALTH CARE SERVICE,0.065000,0.058500,0.042900,0.040300,0.040300,0.052000
NA,NU,NA,NA,HEAVY FABRICATION AND ASSEMBLY,0.627358,0.560775,0.408374,0.374343,0.374343,0.500111
NA,NU,NA,NA,HIGHWAY,0.261300,0.235950,0.169650,0.157300,0.157300,0.209950
NA,NU,NA,NA,LIGHT FABRICATION AND ASSEMBLY,0.042250,0.038350,0.027733,0.025567,0.025567,0.034017
NA,NU,NA,NA,PERMANENT DWELLING (MULTI FAMILY HOUSING),0.189637,0.171259,0.123240,0.113588,0.113588,0.152295
NA,NU,NA,NA,PERMANENT DWELLING (SINGLE FAMILY HOUSING),0.108388,0.098670,0.070265,0.065780,0.065780,0.086710
NA,NU,NA,NA,PERSONAL AND REPAIR SERVICES,0.195650,0.176511,0.127256,0.117578,0.117578,0.157156
NA,NU,NA,NA,PETROLEUM,0.171275,0.154375,0.111475,0.103025,0.103025,0.137800
NA,NU,NA,NA,"PROFESSIONAL, TECHNICAL AND BUSINESS SERVICES",0.041754,0.037499,0.026861,0.024999,0.024999,0.033244
NA,NU,NA,NA,RELIGION AND NONPROFIT,0.128570,0.115700,0.083200,0.077220,0.077220,0.102700
NA,NU,NA,NA,RESTAURANTS,0.162454,0.146293,0.105680,0.097812,0.097812,0.130133
NA,NU,NA,NA,RETAIL TRADE,0.164997,0.148303,0.107011,0.098766,0.098766,0.131847
NA,NU,NA,NA,SANITARY SEWER,0.977238,0.880749,0.635037,0.585670,0.585670,0.783137
NA,NU,NA,NA,TEMPORARY LODGING,0.172250,0.155675,0.111800,0.104000,0.104000,0.138450
NA,NU,NA,NA,UNKNOWN,0.165198,0.148719,0.107322,0.099122,0.099122,0.132252
NA,NU,NA,NA,WHOLESALE TRADE,0.227370,0.204360,0.148070,0.136500,0.136500,0.181350
NA,NU,NA,NA,AGRICULTURE,0.133250,0.118300,0.085800,0.079300,0.079300,0.105950
NA,NU,NA,NA,AIR,0.062400,0.055900,0.039650,0.037050,0.037050,0.048100
NA,NU,NA,NA,CASINOS,0.243100,0.217750,0.158600,0.145600,0.145600,0.195650
NA,NU,NA,NA,CONSTRUCTION,0.062400,0.056550,0.040950,0.038350,0.038350,0.050050
NA,NU,NA,NA,EDUCATION,0.081250,0.072800,0.052650,0.048750,0.048750,0.065650
NA,NU,NA,NA,EMERGENCY RESPONSE SERVICES,0.100100,0.092300,0.066300,0.061100,0.061100,0.081900
NA,NU,NA,NA,ENTERTAINMENT AND RECREATION,0.154995,0.139218,0.100691,0.093009,0.093009,0.123500
NA,NU,NA,NA,FOOD AND DRUGS PROCESSING,0.073233,0.065650,0.047667,0.043333,0.043333,0.058717
NA,NU,NA,NA,GASOLINE SERVICE STATIONS,0.115050,0.104000,0.076050,0.070850,0.070850,0.092300
NA,NU,NA,NA,GENERAL SERVICES,0.102700,0.092950,0.066950,0.061750,0.061750,0.081250
NA,NU,NA,NA,GROUP INSTITUTIONAL HOUSING,0.123240,0.109980,0.079430,0.073320,0.073320,0.098410
NA,NU,NA,NA,HEALTH CARE SERVICE,0.065000,0.058500,0.042900,0.040300,0.040300,0.052000
NA,NU,NA,NA,HEAVY FABRICATION AND ASSEMBLY,0.627358,0.560775,0.408374,0.374343,0.374343,0.500111
NA,NU,NA,NA,HIGHWAY,0.261300,0.235950,0.169650,0.157300,0.157300,0.209950
NA,NU,NA,NA,LIGHT FABRICATION AND ASSEMBLY,0.042250,0.038350,0.027733,0.025567,0.025567,0.034017
NA,NU,NA,NA,PERMANENT DWELLING (MULTI FAMILY HOUSING),0.189637,0.171259,0.123240,0.113588,0.113588,0.152295
NA,NU,NA,NA,PERMANENT DWELLING (SINGLE FAMILY HOUSING),0.108388,0.098670,0.070265,0.065780,0.065780,0.086710
NA,NU,NA,NA,PERSONAL AND REPAIR SERVICES,0.195650,0.176511,0.127256,0.117578,0.117578,0.157156
NA,NU,NA,NA,PETROLEUM,0.171275,0.154375,0.111475,0.103025,0.103025,0.137800
NA,NU,NA,NA,"PROFESSIONAL, TECHNICAL AND BUSINESS SERVICES",0.041754,0.037499,0.026861,0.024999,0.024999,0.033244
NA,NU,NA,NA,RELIGION AND NONPROFIT,0.128570,0.115700,0.083200,0.077220,0.077220,0.102700
NA,NU,NA,NA,RESTAURANTS,0.162454,0.146293,0.105680,0.097812,0.097812,0.130133
NA,NU,NA,NA,RETAIL TRADE,0.164997,0.148303,0.107011,0.098766,0.098766,0.131847
NA,NU,NA,NA,SANITARY SEWER,0.977238,0.880749,0.635037,0.585670,0.585670,0.783137
NA,NU,NA,NA,TEMPORARY LODGING,0.172250,0.155675,0.111800,0.104000,0.104000,0.138450
NA,NU,NA,NA,UNKNOWN,0.165198,0.148719,0.107322,0.099122,0.099122,0.132252
NA,NU,NA,NA,WHOLESALE TRADE,0.227370,0.204360,0.148070,0.136500,0.136500,0.181350
NA,AUSTRALIAN CAPITAL TERRITORY,NA,NA,AGRICULTURE,0.000000,0.000000,0.000000,0.000000,0.000000,0.000000
NA,AUSTRALIAN CAPITAL TERRITORY,NA,NA,AIR,0.000000,0.000000,0.000000,0.000000,0.000000,0.000000
NA,AUSTRALIAN CAPITAL TERRITORY,NA,NA,CASINOS,0.000000,0.000000,0.000000,0.000000,0.000000,0.000000
NA,AUSTRALIAN CAPITAL TERRITORY,NA,NA,CONSTRUCTION,0.000000,0.000000,0.000000,0.000000,0.000000,0.000000
NA,AUSTRALIAN CAPITAL TERRITORY,NA,NA,EDUCATION,0.000000,0.000000,0.000000,0.000000,0.000000,0.000000
NA,AUSTRALIAN CAPITAL TERRITORY,NA,NA,EMERGENCY RESPONSE SERVICES,0.000000,0.000000,0.000000,0.000000,0.000000,0.000000
NA,AUSTRALIAN CAPITAL TERRITORY,NA,NA,ENTERTAINMENT AND RECREATION,0.000000,0.000000,0.000000,0.000000,0.000000,0.000000
NA,AUSTRALIAN CAPITAL TERRITORY,NA,NA,FOOD AND DRUGS PROCESSING,0.000000,0.000000,0.000000,0.000000,0.000000,0.000000
NA,AUSTRALIAN CAPITAL TERRITORY,NA,NA,GASOLINE SERVICE STATIONS,0.000000,0.000000,0.000000,0.000000,0.000000,0.000000
NA,AUSTRALIAN CAPITAL TERRITORY,NA,NA,GENERAL SERVICES,0.000000,0.000000,0.000000,0.000000,0.000000,0.000000
NA,AUSTRALIAN CAPITAL TERRITORY,NA,NA,GROUP INSTITUTIONAL HOUSING,0.000000,0.000000,0.000000,0.000000,0.000000,0.000000
NA,AUSTRALIAN CAPITAL TERRITORY,NA,NA,HEALTH CARE SERVICE,0.000000,0.000000,0.000000,0.000000,0.000000,0.000000
NA,AUSTRALIAN CAPITAL TERRITORY,NA,NA,HEAVY FABRICATION AND ASSEMBLY,0.000000,0.000000,0.000000,0.000000,0.000000,0.000000
NA,AUSTRALIAN CAPITAL TERRITORY,NA,NA,HIGHWAY,0.000000,0.000000,0.000000,0.000000,0.000000,0.000000
NA,AUSTRALIAN CAPITAL TERRITORY,NA,NA,LIGHT FABRICATION AND ASSEMBLY,0.000000,0.000000,0.000000,0.000000,0.000000,0.000000
NA,AUSTRALIAN CAPITAL TERRITORY,NA,NA,PERMANENT DWELLING (MULTI FAMILY HOUSING),0.000000,0.000000,0.000000,0.000000,0.000000,0.000000
NA,AUSTRALIAN CAPITAL TERRITORY,NA,NA,PERMANENT DWELLING (SINGLE FAMILY HOUSING),0.000000,0.000000,0.000000,0.000000,0.000000,0.000000
NA,AUSTRALIAN CAPITAL TERRITORY,NA,NA,PERSONAL AND REPAIR SERVICES,0.000000,0.000000,0.000000,0.000000,0.000000,0.000000
NA,AUSTRALIAN CAPITAL TERRITORY,NA,NA,PETROLEUM,0.000000,0.000000,0.000000,0.000000,0.000000,0.000000
NA,AUSTRALIAN CAPITAL TERRITORY,NA,NA,"PROFESSIONAL, TECHNICAL AND BUSINESS SERVICES",0.000000,0.000000,0.000000,0.000000,0.000000,0.000000
NA,AUSTRALIAN CAPITAL TERRITORY,NA,NA,RELIGION AND NONPROFIT,0.000000,0.000000,0.000000,0.000000,0.000000,0.000000
NA,AUSTRALIAN CAPITAL TERRITORY,NA,NA,RESTAURANTS,0.000000,0.000000,0.000000,0.000000,0.000000,0.000000
NA,AUSTRALIAN CAPITAL TERRITORY,NA,NA,RETAIL TRADE,0.000000,0.000000,0.000000,0.000000,0.000000,0.000000
NA,AUSTRALIAN CAPITAL TERRITORY,NA,NA,SANITARY SEWER,0.000000,0.000000,0.000000,0.000000,0.000000,0.000000
NA,AUSTRALIAN CAPITAL TERRITORY,NA,NA,TEMPORARY LODGING,0.000000,0.000000,0.000000,0.000000,0.000000,0.000000
NA,AUSTRALIAN CAPITAL TERRITORY,NA,NA,WHOLESALE TRADE,0.000000,0.000000,0.000000,0.000000,0.000000,0.000000
NA,NEW SOUTH WALES,NA,NA,AGRICULTURE,0.000000,0.000000,0.000000,0.000000,0.000000,0.000000
NA,NEW SOUTH WALES,NA,NA,AIR,0.000000,0.000000,0.000000,0.000000,0.000000,0.000000
NA,NEW SOUTH WALES,NA,NA,CASINOS,0.000000,0.000000,0.000000,0.000000,0.000000,0.000000
NA,NEW SOUTH WALES,NA,NA,CONSTRUCTION,0.000000,0.000000,0.000000,0.000000,0.000000,0.000000
NA,NEW SOUTH WALES,NA,NA,EDUCATION,0.000000,0.000000,0.000000,0.000000,0.000000,0.000000
NA,NEW SOUTH WALES,NA,NA,EMERGENCY RESPONSE SERVICES,0.000000,0.000000,0.000000,0.000000,0.000000,0.000000
NA,NEW SOUTH WALES,NA,NA,ENTERTAINMENT AND RECREATION,0.000000,0.000000,0.000000,0.000000,0.000000,0.000000
NA,NEW SOUTH WALES,NA,NA,FOOD AND DRUGS PROCESSING,0.000000,0.000000,0.000000,0.000000,0.000000,0.000000
NA,NEW SOUTH WALES,NA,NA,GASOLINE SERVICE STATIONS,0.000000,0.000000,0.000000,0.000000,0.000000,0.000000
NA,NEW SOUTH WALES,NA,NA,GENERAL SERVICES,0.000000,0.000000,0.000000,0.000000,0.000000,0.000000
NA,NEW SOUTH WALES,NA,NA,GROUP INSTITUTIONAL HOUSING,0.000000,0.000000,0.000000,0.000000,0.000000,0.000000
NA,NEW SOUTH WALES,NA,NA,HEALTH CARE SERVICE,0.000000,0.000000,0.000000,0.000000,0.000000,0.000000
NA,NEW SOUTH WALES,NA,NA,HEAVY FABRICATION AND ASSEMBLY,0.000000,0.000000,0.000000,0.000000,0.000000,0.000000
NA,NEW SOUTH WALES,NA,NA,HIGHWAY,0.000000,0.000000,0.000000,0.000000,0.000000,0.000000
NA,NEW SOUTH WALES,NA,NA,LIGHT FABRICATION AND ASSEMBLY,0.000000,0.000000,0.000000,0.000000,0.000000,0.000000
NA,NEW SOUTH WALES,NA,NA,PERMANENT DWELLING (MULTI FAMILY HOUSING),0.000000,0.000000,0.000000,0.000000,0.000000,0.000000
NA,NEW SOUTH WALES,NA,NA,PERMANENT DWELLING (SINGLE FAMILY HOUSING),0.000000,0.000000,0.000000,0.000000,0.000000,0.000000
NA,NEW SOUTH WALES,NA,NA,PERSONAL AND REPAIR SERVICES,0.000000,0.000000,0.000000,0.000000,0.000000,0.000000
NA,NEW SOUTH WALES,NA,NA,PETROLEUM,0.000000,0.000000,0.000000,0.000000,0.000000,0.000000
NA,NEW SOUTH WALES,NA,NA,"PROFESSIONAL, TECHNICAL AND BUSINESS SERVICES",0.000000,0.000000,0.000000,0.000000,0.000000,0.000000
NA,NEW SOUTH WALES,NA,NA,RELIGION AND NONPROFIT,0.000000,0.000000,0.000000,0.000000,0.000000,0.000000
NA,NEW SOUTH WALES,NA,NA,RESTAURANTS,0.000000,0.000000,0.000000,0.000000,0.000000,0.000000
NA,NEW SOUTH WALES,NA,NA,RETAIL TRADE,0.000000,0.000000,0.000000,0.000000,0.000000,0.000000
NA,NEW SOUTH WALES,NA,NA,SANITARY SEWER,0.000000,0.000000,0.000000,0.000000,0.000000,0.000000
NA,NEW SOUTH WALES,NA,NA,TEMPORARY LODGING,0.000000,0.000000,0.000000,0.000000,0.000000,0.000000
NA,NEW SOUTH WALES,NA,NA,WHOLESALE TRADE,0.000000,0.000000,0.000000,0.000000,0.000000,0.000000
NA,NORTHERN TERRITORY,NA,NA,AGRICULTURE,0.000000,0.000000,0.000000,0.000000,0.000000,0.000000
NA,NORTHERN TERRITORY,NA,NA,AIR,0.000000,0.000000,0.000000,0.000000,0.000000,0.000000
NA,NORTHERN TERRITORY,NA,NA,CASINOS,0.000000,0.000000,0.000000,0.000000,0.000000,0.000000
NA,NORTHERN TERRITORY,NA,NA,CONSTRUCTION,0.000000,0.000000,0.000000,0.000000,0.000000,0.000000
NA,NORTHERN TERRITORY,NA,NA,EDUCATION,0.000000,0.000000,0.000000,0.000000,0.000000,0.000000
NA,NORTHERN TERRITORY,NA,NA,EMERGENCY RESPONSE SERVICES,0.000000,0.000000,0.000000,0.000000,0.000000,0.000000
NA,NORTHERN TERRITORY,NA,NA,ENTERTAINMENT AND RECREATION,0.000000,0.000000,0.000000,0.000000,0.000000,0.000000
NA,NORTHERN TERRITORY,NA,NA,FOOD AND DRUGS PROCESSING,0.000000,0.000000,0.000000,0.000000,0.000000,0.000000
NA,NORTHERN TERRITORY,NA,NA,GASOLINE SERVICE STATIONS,0.000000,0.000000,0.000000,0.000000,0.000000,0.000000
NA,NORTHERN TERRITORY,NA,NA,GENERAL SERVICES,0.000000,0.000000,0.000000,0.000000,0.000000,0.000000
NA,NORTHERN TERRITORY,NA,NA,GROUP INSTITUTIONAL HOUSING,0.000000,0.000000,0.000000,0.000000,0.000000,0.000000
NA,NORTHERN TERRITORY,NA,NA,HEALTH CARE SERVICE,0.000000,0.000000,0.000000,0.000000,0.000000,0.000000
NA,NORTHERN TERRITORY,NA,NA,HEAVY FABRICATION AND ASSEMBLY,0.000000,0.000000,0.000000,0.000000,0.000000,0.000000
NA,NORTHERN TERRITORY,NA,NA,HIGHWAY,0.000000,0.000000,0.000000,0.000000,0.000000,0.000000
NA,NORTHERN TERRITORY,NA,NA,LIGHT FABRICATION AND ASSEMBLY,0.000000,0.000000,0.000000,0.000000,0.000000,0.000000
NA,NORTHERN TERRITORY,NA,NA,PERMANENT DWELLING (MULTI FAMILY HOUSING),0.000000,0.000000,0.000000,0.000000,0.000000,0.000000
NA,NORTHERN TERRITORY,NA,NA,PERMANENT DWELLING (SINGLE FAMILY HOUSING),0.000000,0.000000,0.000000,0.000000,0.000000,0.000000
NA,NORTHERN TERRITORY,NA,NA,PERSONAL AND REPAIR SERVICES,0.000000,0.000000,0.000000,0.000000,0.000000,0.000000
NA,NORTHERN TERRITORY,NA,NA,PETROLEUM,0.000000,0.000000,0.000000,0.000000,0.000000,0.000000
NA,NORTHERN TERRITORY,NA,NA,"PROFESSIONAL, TECHNICAL AND BUSINESS SERVICES",0.000000,0.000000,0.000000,0.000000,0.000000,0.000000
NA,NORTHERN TERRITORY,NA,NA,RELIGION AND NONPROFIT,0.000000,0.000000,0.000000,0.000000,0.000000,0.000000
NA,NORTHERN TERRITORY,NA,NA,RESTAURANTS,0.000000,0.000000,0.000000,0.000000,0.000000,0.000000
NA,NORTHERN TERRITORY,NA,NA,RETAIL TRADE,0.000000,0.000000,0.000000,0.000000,0.000000,0.000000
NA,NORTHERN TERRITORY,NA,NA,SANITARY SEWER,0.000000,0.000000,0.000000,0.000000,0.000000,0.000000
NA,NORTHERN TERRITORY,NA,NA,TEMPORARY LODGING,0.000000,0.000000,0.000000,0.000000,0.000000,0.000000
NA,NORTHERN TERRITORY,NA,NA,WHOLESALE TRADE,0.000000,0.000000,0.000000,0.000000,0.000000,0.000000
NA,QUEENSLAND,NA,NA,AGRICULTURE,0.000000,0.000000,0.000000,0.000000,0.000000,0.000000
NA,QUEENSLAND,NA,NA,AIR,0.000000,0.000000,0.000000,0.000000,0.000000,0.000000
NA,QUEENSLAND,NA,NA,CASINOS,0.000000,0.000000,0.000000,0.000000,0.000000,0.000000
NA,QUEENSLAND,NA,NA,CONSTRUCTION,0.000000,0.000000,0.000000,0.000000,0.000000,0.000000
NA,QUEENSLAND,NA,NA,EDUCATION,0.000000,0.000000,0.000000,0.000000,0.000000,0.000000
NA,QUEENSLAND,NA,NA,EMERGENCY RESPONSE SERVICES,0.000000,0.000000,0.000000,0.000000,0.000000,0.000000
NA,QUEENSLAND,NA,NA,ENTERTAINMENT AND RECREATION,0.000000,0.000000,0.000000,0.000000,0.000000,0.000000
NA,QUEENSLAND,NA,NA,FOOD AND DRUGS PROCESSING,0.000000,0.000000,0.000000,0.000000,0.000000,0.000000
NA,QUEENSLAND,NA,NA,GASOLINE SERVICE STATIONS,0.000000,0.000000,0.000000,0.000000,0.000000,0.000000
NA,QUEENSLAND,NA,NA,GENERAL SERVICES,0.000000,0.000000,0.000000,0.000000,0.000000,0.000000
NA,QUEENSLAND,NA,NA,GROUP INSTITUTIONAL HOUSING,0.000000,0.000000,0.000000,0.000000,0.000000,0.000000
NA,QUEENSLAND,NA,NA,HEALTH CARE SERVICE,0.000000,0.000000,0.000000,0.000000,0.000000,0.000000
NA,QUEENSLAND,NA,NA,HEAVY FABRICATION AND ASSEMBLY,0.000000,0.000000,0.000000,0.000000,0.000000,0.000000
NA,QUEENSLAND,NA,NA,HIGHWAY,0.000000,0.000000,0.000000,0.000000,0.000000,0.000000
NA,QUEENSLAND,NA,NA,LIGHT FABRICATION AND ASSEMBLY,0.000000,0.000000,0.000000,0.000000,0.000000,0.000000
NA,QUEENSLAND,NA,NA,PERMANENT DWELLING (MULTI FAMILY HOUSING),0.000000,0.000000,0.000000,0.000000,0.000000,0.000000
NA,QUEENSLAND,NA,NA,PERMANENT DWELLING (SINGLE FAMILY HOUSING),0.000000,0.000000,0.000000,0.000000,0.000000,0.000000
NA,QUEENSLAND,NA,NA,PERSONAL AND REPAIR SERVICES,0.000000,0.000000,0.000000,0.000000,0.000000,0.000000
NA,QUEENSLAND,NA,NA,PETROLEUM,0.000000,0.000000,0.000000,0.000000,0.000000,0.000000
NA,QUEENSLAND,NA,NA,"PROFESSIONAL, TECHNICAL AND BUSINESS SERVICES",0.000000,0.000000,0.000000,0.000000,0.000000,0.000000
NA,QUEENSLAND,NA,NA,RELIGION AND NONPROFIT,0.000000,0.000000,0.000000,0.000000,0.000000,0.000000
NA,QUEENSLAND,NA,NA,RESTAURANTS,0.000000,0.000000,0.000000,0.000000,0.000000,0.000000
NA,QUEENSLAND,NA,NA,RETAIL TRADE,0.000000,0.000000,0.000000,0.000000,0.000000,0.000000
NA,QUEENSLAND,NA,NA,SANITARY SEWER,0.000000,0.000000,0.000000,0.000000,0.000000,0.000000
NA,QUEENSLAND,NA,NA,TEMPORARY LODGING,0.000000,0.000000,0.000000,0.000000,0.000000,0.000000
NA,QUEENSLAND,NA,NA,WHOLESALE TRADE,0.000000,0.000000,0.000000,0.000000,0.000000,0.000000
NA,SOUTH AUSTRALIA,NA,NA,AGRICULTURE,0.000000,0.000000,0.000000,0.000000,0.000000,0.000000
NA,SOUTH AUSTRALIA,NA,NA,AIR,0.000000,0.000000,0.000000,0.000000,0.000000,0.000000
NA,SOUTH AUSTRALIA,NA,NA,CASINOS,0.000000,0.000000,0.000000,0.000000,0.000000,0.000000
NA,SOUTH AUSTRALIA,NA,NA,CONSTRUCTION,0.000000,0.000000,0.000000,0.000000,0.000000,0.000000
NA,SOUTH AUSTRALIA,NA,NA,EDUCATION,0.000000,0.000000,0.000000,0.000000,0.000000,0.000000
NA,SOUTH AUSTRALIA,NA,NA,EMERGENCY RESPONSE SERVICES,0.000000,0.000000,0.000000,0.000000,0.000000,0.000000
NA,SOUTH AUSTRALIA,NA,NA,ENTERTAINMENT AND RECREATION,0.000000,0.000000,0.000000,0.000000,0.000000,0.000000
NA,SOUTH AUSTRALIA,NA,NA,FOOD AND DRUGS PROCESSING,0.000000,0.000000,0.000000,0.000000,0.000000,0.000000
NA,SOUTH AUSTRALIA,NA,NA,GASOLINE SERVICE STATIONS,0.000000,0.000000,0.000000,0.000000,0.000000,0.000000
NA,SOUTH AUSTRALIA,NA,NA,GENERAL SERVICES,0.000000,0.000000,0.000000,0.000000,0.000000,0.000000
NA,SOUTH AUSTRALIA,NA,NA,GROUP INSTITUTIONAL HOUSING,0.000000,0.000000,0.000000,0.000000,0.000000,0.000000
NA,SOUTH AUSTRALIA,NA,NA,HEALTH CARE SERVICE,0.000000,0.000000,0.000000,0.000000,0.000000,0.000000
NA,SOUTH AUSTRALIA,NA,NA,HEAVY FABRICATION AND ASSEMBLY,0.000000,0.000000,0.000000,0.000000,0.000000,0.000000
NA,SOUTH AUSTRALIA,NA,NA,HIGHWAY,0.000000,0.000000,0.000000,0.000000,0.000000,0.000000
NA,SOUTH AUSTRALIA,NA,NA,LIGHT FABRICATION AND ASSEMBLY,0.000000,0.000000,0.000000,0.000000,0.000000,0.000000
NA,SOUTH AUSTRALIA,NA,NA,PERMANENT DWELLING (MULTI FAMILY HOUSING),0.000000,0.000000,0.000000,0.000000,0.000000,0.000000
NA,SOUTH AUSTRALIA,NA,NA,PERMANENT DWELLING (SINGLE FAMILY HOUSING),0.000000,0.000000,0.000000,0.000000,0.000000,0.000000
NA,SOUTH AUSTRALIA,NA,NA,PERSONAL AND REPAIR SERVICES,0.000000,0.000000,0.000000,0.000000,0.000000,0.000000
NA,SOUTH AUSTRALIA,NA,NA,PETROLEUM,0.000000,0.000000,0.000000,0.000000,0.000000,0.000000
NA,SOUTH AUSTRALIA,NA,NA,"PROFESSIONAL, TECHNICAL AND BUSINESS SERVICES",0.000000,0.000000,0.000000,0.000000,0.000000,0.000000
NA,SOUTH AUSTRALIA,NA,NA,RELIGION AND NONPROFIT,0.000000,0.000000,0.000000,0.000000,0.000000,0.000000
NA,SOUTH AUSTRALIA,NA,NA,RESTAURANTS,0.000000,0.000000,0.000000,0.000000,0.000000,0.000000
NA,SOUTH AUSTRALIA,NA,NA,RETAIL TRADE,0.000000,0.000000,0.000000,0.000000,0.000000,0.000000
NA,SOUTH AUSTRALIA,NA,NA,SANITARY SEWER,0.000000,0.000000,0.000000,0.000000,0.000000,0.000000
NA,SOUTH AUSTRALIA,NA,NA,TEMPORARY LODGING,0.000000,0.000000,0.000000,0.000000,0.000000,0.000000
NA,SOUTH AUSTRALIA,NA,NA,WHOLESALE TRADE,0.000000,0.000000,0.000000,0.000000,0.000000,0.000000
NA,TASMANIA,NA,NA,AGRICULTURE,0.000000,0.000000,0.000000,0.000000,0.000000,0.000000
NA,TASMANIA,NA,NA,AIR,0.000000,0.000000,0.000000,0.000000,0.000000,0.000000
NA,TASMANIA,NA,NA,CASINOS,0.000000,0.000000,0.000000,0.000000,0.000000,0.000000
NA,TASMANIA,NA,NA,CONSTRUCTION,0.000000,0.000000,0.000000,0.000000,0.000000,0.000000
NA,TASMANIA,NA,NA,EDUCATION,0.000000,0.000000,0.000000,0.000000,0.000000,0.000000
NA,TASMANIA,NA,NA,EMERGENCY RESPONSE SERVICES,0.000000,0.000000,0.000000,0.000000,0.000000,0.000000
NA,TASMANIA,NA,NA,ENTERTAINMENT AND RECREATION,0.000000,0.000000,0.000000,0.000000,0.000000,0.000000
NA,TASMANIA,NA,NA,FOOD AND DRUGS PROCESSING,0.000000,0.000000,0.000000,0.000000,0.000000,0.000000
NA,TASMANIA,NA,NA,GASOLINE SERVICE STATIONS,0.000000,0.000000,0.000000,0.000000,0.000000,0.000000
NA,TASMANIA,NA,NA,GENERAL SERVICES,0.000000,0.000000,0.000000,0.000000,0.000000,0.000000
NA,TASMANIA,NA,NA,GROUP INSTITUTIONAL HOUSING,0.000000,0.000000,0.000000,0.000000,0.000000,0.000000
NA,TASMANIA,NA,NA,HEALTH CARE SERVICE,0.000000,0.000000,0.000000,0.000000,0.000000,0.000000
NA,TASMANIA,NA,NA,HEAVY FABRICATION AND ASSEMBLY,0.000000,0.000000,0.000000,0.000000,0.000000,0.000000
NA,TASMANIA,NA,NA,HIGHWAY,0.000000,0.000000,0.000000,0.000000,0.000000,0.000000
NA,TASMANIA,NA,NA,LIGHT FABRICATION AND ASSEMBLY,0.000000,0.000000,0.000000,0.000000,0.000000,0.000000
NA,TASMANIA,NA,NA,PERMANENT DWELLING (MULTI FAMILY HOUSING),0.000000,0.000000,0.000000,0.000000,0.000000,0.000000
NA,TASMANIA,NA,NA,PERMANENT DWELLING (SINGLE FAMILY HOUSING),0.000000,0.000000,0.000000,0.000000,0.000000,0.000000
NA,TASMANIA,NA,NA,PERSONAL AND REPAIR SERVICES,0.000000,0.000000,0.000000,0.000000,0.000000,0.000000
NA,TASMANIA,NA,NA,PETROLEUM,0.000000,0.000000,0.000000,0.000000,0.000000,0.000000
NA,TASMANIA,NA,NA,"PROFESSIONAL, TECHNICAL AND BUSINESS SERVICES",0.000000,0.000000,0.000000,0.000000,0.000000,0.000000
NA,TASMANIA,NA,NA,RELIGION AND NONPROFIT,0.000000,0.000000,0.000000,0.000000,0.000000,0.000000
NA,TASMANIA,NA,NA,RESTAURANTS,0.000000,0.000000,0.000000,0.000000,0.000000,0.000000
NA,TASMANIA,NA,NA,RETAIL TRADE,0.000000,0.000000,0.000000,0.000000,0.000000,0.000000
NA,TASMANIA,NA,NA,SANITARY SEWER,0.000000,0.000000,0.000000,0.000000,0.000000,0.000000
NA,TASMANIA,NA,NA,TEMPORARY LODGING,0.000000,0.000000,0.000000,0.000000,0.000000,0.000000
NA,TASMANIA,NA,NA,WHOLESALE TRADE,0.000000,0.000000,0.000000,0.000000,0.000000,0.000000
NA,VICTORIA,NA,NA,AGRICULTURE,0.000000,0.000000,0.000000,0.000000,0.000000,0.000000
NA,VICTORIA,NA,NA,AIR,0.000000,0.000000,0.000000,0.000000,0.000000,0.000000
NA,VICTORIA,NA,NA,CASINOS,0.000000,0.000000,0.000000,0.000000,0.000000,0.000000
NA,VICTORIA,NA,NA,CONSTRUCTION,0.000000,0.000000,0.000000,0.000000,0.000000,0.000000
NA,VICTORIA,NA,NA,EDUCATION,0.000000,0.000000,0.000000,0.000000,0.000000,0.000000
NA,VICTORIA,NA,NA,EMERGENCY RESPONSE SERVICES,0.000000,0.000000,0.000000,0.000000,0.000000,0.000000
NA,VICTORIA,NA,NA,ENTERTAINMENT AND RECREATION,0.000000,0.000000,0.000000,0.000000,0.000000,0.000000
NA,VICTORIA,NA,NA,FOOD AND DRUGS PROCESSING,0.000000,0.000000,0.000000,0.000000,0.000000,0.000000
NA,VICTORIA,NA,NA,GASOLINE SERVICE STATIONS,0.000000,0.000000,0.000000,0.000000,0.000000,0.000000
NA,VICTORIA,NA,NA,GENERAL SERVICES,0.000000,0.000000,0.000000,0.000000,0.000000,0.000000
NA,VICTORIA,NA,NA,GROUP INSTITUTIONAL HOUSING,0.000000,0.000000,0.000000,0.000000,0.000000,0.000000
NA,VICTORIA,NA,NA,HEALTH CARE SERVICE,0.000000,0.000000,0.000000,0.000000,0.000000,0.000000
NA,VICTORIA,NA,NA,HEAVY FABRICATION AND ASSEMBLY,0.000000,0.000000,0.000000,0.000000,0.000000,0.000000
NA,VICTORIA,NA,NA,HIGHWAY,0.000000,0.000000,0.000000,0.000000,0.000000,0.000000
NA,VICTORIA,NA,NA,LIGHT FABRICATION AND ASSEMBLY,0.000000,0.000000,0.000000,0.000000,0.000000,0.000000
NA,VICTORIA,NA,NA,PERMANENT DWELLING (MULTI FAMILY HOUSING),0.000000,0.000000,0.000000,0.000000,0.000000,0.000000
NA,VICTORIA,NA,NA,PERMANENT DWELLING (SINGLE FAMILY HOUSING),0.000000,0.000000,0.000000,0.000000,0.000000,0.000000
NA,VICTORIA,NA,NA,PERSONAL AND REPAIR SERVICES,0.000000,0.000000,0.000000,0.000000,0.000000,0.000000
NA,VICTORIA,NA,NA,PETROLEUM,0.000000,0.000000,0.000000,0.000000,0.000000,0.000000
NA,VICTORIA,NA,NA,"PROFESSIONAL, TECHNICAL AND BUSINESS SERVICES",0.000000,0.000000,0.000000,0.000000,0.000000,0.000000
NA,VICTORIA,NA,NA,RELIGION AND NONPROFIT,0.000000,0.000000,0.000000,0.000000,0.000000,0.000000
NA,VICTORIA,NA,NA,RESTAURANTS,0.000000,0.000000,0.000000,0.000000,0.000000,0.000000
NA,VICTORIA,NA,NA,RETAIL TRADE,0.000000,0.000000,0.000000,0.000000,0.000000,0.000000
NA,VICTORIA,NA,NA,SANITARY SEWER,0.000000,0.000000,0.000000,0.000000,0.000000,0.000000
NA,VICTORIA,NA,NA,TEMPORARY LODGING,0.000000,0.000000,0.000000,0.000000,0.000000,0.000000
NA,VICTORIA,NA,NA,WHOLESALE TRADE,0.000000,0.000000,0.000000,0.000000,0.000000,0.000000
NA,WESTERN AUSTRALIA,NA,NA,AGRICULTURE,0.000000,0.000000,0.000000,0.000000,0.000000,0.000000
NA,WESTERN AUSTRALIA,NA,NA,AIR,0.000000,0.000000,0.000000,0.000000,0.000000,0.000000
NA,WESTERN AUSTRALIA,NA,NA,CASINOS,0.000000,0.000000,0.000000,0.000000,0.000000,0.000000
NA,WESTERN AUSTRALIA,NA,NA,CONSTRUCTION,0.000000,0.000000,0.000000,0.000000,0.000000,0.000000
NA,WESTERN AUSTRALIA,NA,NA,EDUCATION,0.000000,0.000000,0.000000,0.000000,0.000000,0.000000
NA,WESTERN AUSTRALIA,NA,NA,EMERGENCY RESPONSE SERVICES,0.000000,0.000000,0.000000,0.000000,0.000000,0.000000
NA,WESTERN AUSTRALIA,NA,NA,ENTERTAINMENT AND RECREATION,0.000000,0.000000,0.000000,0.000000,0.000000,0.000000
NA,WESTERN AUSTRALIA,NA,NA,FOOD AND DRUGS PROCESSING,0.000000,0.000000,0.000000,0.000000,0.000000,0.000000
NA,WESTERN AUSTRALIA,NA,NA,GASOLINE SERVICE STATIONS,0.000000,0.000000,0.000000,0.000000,0.000000,0.000000
NA,WESTERN AUSTRALIA,NA,NA,GENERAL SERVICES,0.000000,0.000000,0.000000,0.000000,0.000000,0.000000
NA,WESTERN AUSTRALIA,NA,NA,GROUP INSTITUTIONAL HOUSING,0.000000,0.000000,0.000000,0.000000,0.000000,0.000000
NA,WESTERN AUSTRALIA,NA,NA,HEALTH CARE SERVICE,0.000000,0.000000,0.000000,0.000000,0.000000,0.000000
NA,WESTERN AUSTRALIA,NA,NA,HEAVY FABRICATION AND ASSEMBLY,0.000000,0.000000,0.000000,0.000000,0.000000,0.000000
NA,WESTERN AUSTRALIA,NA,NA,HIGHWAY,0.000000,0.000000,0.000000,0.000000,0.000000,0.000000
NA,WESTERN AUSTRALIA,NA,NA,LIGHT FABRICATION AND ASSEMBLY,0.000000,0.000000,0.000000,0.000000,0.000000,0.000000
NA,WESTERN AUSTRALIA,NA,NA,PERMANENT DWELLING (MULTI FAMILY HOUSING),0.000000,0.000000,0.000000,0.000000,0.000000,0.000000
NA,WESTERN AUSTRALIA,NA,NA,PERMANENT DWELLING (SINGLE FAMILY HOUSING),0.000000,0.000000,0.000000,0.000000,0.000000,0.000000
NA,WESTERN AUSTRALIA,NA,NA,PERSONAL AND REPAIR SERVICES,0.000000,0.000000,0.000000,0.000000,0.000000,0.000000
NA,WESTERN AUSTRALIA,NA,NA,PETROLEUM,0.000000,0.000000,0.000000,0.000000,0.000000,0.000000
NA,WESTERN AUSTRALIA,NA,NA,"PROFESSIONAL, TECHNICAL AND BUSINESS SERVICES",0.000000,0.000000,0.000000,0.000000,0.000000,0.000000
NA,WESTERN AUSTRALIA,NA,NA,RELIGION AND NONPROFIT,0.000000,0.000000,0.000000,0.000000,0.000000,0.000000
NA,WESTERN AUSTRALIA,NA,NA,RESTAURANTS,0.000000,0.000000,0.000000,0.000000,0.000000,0.000000
NA,WESTERN AUSTRALIA,NA,NA,RETAIL TRADE,0.000000,0.000000,0.000000,0.000000,0.000000,0.000000
NA,WESTERN AUSTRALIA,NA,NA,SANITARY SEWER,0.000000,0.000000,0.000000,0.000000,0.000000,0.000000
NA,WESTERN AUSTRALIA,NA,NA,TEMPORARY LODGING,0.000000,0.000000,0.000000,0.000000,0.000000,0.000000
NA,WESTERN AUSTRALIA,NA,NA,WHOLESALE TRADE,0.000000,0.000000,0.000000,0.000000,0.000000,0.000000
NA,LONDON,NA,NA,AGRICULTURE,0.000000,0.000000,0.000000,0.000000,0.000000,0.000000
NA,LONDON,NA,NA,AIR,0.000000,0.000000,0.000000,0.000000,0.000000,0.000000
NA,LONDON,NA,NA,CASINOS,0.000000,0.000000,0.000000,0.000000,0.000000,0.000000
NA,LONDON,NA,NA,CONSTRUCTION,0.000000,0.000000,0.000000,0.000000,0.000000,0.000000
NA,LONDON,NA,NA,EDUCATION,0.000000,0.000000,0.000000,0.000000,0.000000,0.000000
NA,LONDON,NA,NA,EMERGENCY RESPONSE SERVICES,0.000000,0.000000,0.000000,0.000000,0.000000,0.000000
NA,LONDON,NA,NA,ENTERTAINMENT AND RECREATION,0.000000,0.000000,0.000000,0.000000,0.000000,0.000000
NA,LONDON,NA,NA,FOOD AND DRUGS PROCESSING,0.000000,0.000000,0.000000,0.000000,0.000000,0.000000
NA,LONDON,NA,NA,GASOLINE SERVICE STATIONS,0.000000,0.000000,0.000000,0.000000,0.000000,0.000000
NA,LONDON,NA,NA,GENERAL SERVICES,0.000000,0.000000,0.000000,0.000000,0.000000,0.000000
NA,LONDON,NA,NA,GROUP INSTITUTIONAL HOUSING,0.000000,0.000000,0.000000,0.000000,0.000000,0.000000
NA,LONDON,NA,NA,HEALTH CARE SERVICE,0.000000,0.000000,0.000000,0.000000,0.000000,0.000000
NA,LONDON,NA,NA,HEAVY FABRICATION AND ASSEMBLY,0.000000,0.000000,0.000000,0.000000,0.000000,0.000000
NA,LONDON,NA,NA,HIGHWAY,0.000000,0.000000,0.000000,0.000000,0.000000,0.000000
NA,LONDON,NA,NA,LIGHT FABRICATION AND ASSEMBLY,0.000000,0.000000,0.000000,0.000000,0.000000,0.000000
NA,LONDON,NA,NA,PERMANENT DWELLING (MULTI FAMILY HOUSING),0.000000,0.000000,0.000000,0.000000,0.000000,0.000000
NA,LONDON,NA,NA,PERMANENT DWELLING (SINGLE FAMILY HOUSING),0.000000,0.000000,0.000000,0.000000,0.000000,0.000000
NA,LONDON,NA,NA,PERSONAL AND REPAIR SERVICES,0.000000,0.000000,0.000000,0.000000,0.000000,0.000000
NA,LONDON,NA,NA,PETROLEUM,0.000000,0.000000,0.000000,0.000000,0.000000,0.000000
NA,LONDON,NA,NA,"PROFESSIONAL, TECHNICAL AND BUSINESS SERVICES",0.000000,0.000000,0.000000,0.000000,0.000000,0.000000
NA,LONDON,NA,NA,RELIGION AND NONPROFIT,0.000000,0.000000,0.000000,0.000000,0.000000,0.000000
NA,LONDON,NA,NA,RESTAURANTS,0.000000,0.000000,0.000000,0.000000,0.000000,0.000000
NA,LONDON,NA,NA,RETAIL TRADE,0.000000,0.000000,0.000000,0.000000,0.000000,0.000000
NA,LONDON,NA,NA,SANITARY SEWER,0.000000,0.000000,0.000000,0.000000,0.000000,0.000000
NA,LONDON,NA,NA,TEMPORARY LODGING,0.000000,0.000000,0.000000,0.000000,0.000000,0.000000
NA,LONDON,NA,NA,WHOLESALE TRADE,0.000000,0.000000,0.000000,0.000000,0.000000,0.000000
NA,SOUTH WEST,NA,NA,AGRICULTURE,0.000000,0.000000,0.000000,0.000000,0.000000,0.000000
NA,SOUTH WEST,NA,NA,AIR,0.000000,0.000000,0.000000,0.000000,0.000000,0.000000
NA,SOUTH WEST,NA,NA,CASINOS,0.000000,0.000000,0.000000,0.000000,0.000000,0.000000
NA,SOUTH WEST,NA,NA,CONSTRUCTION,0.000000,0.000000,0.000000,0.000000,0.000000,0.000000
NA,SOUTH WEST,NA,NA,EDUCATION,0.000000,0.000000,0.000000,0.000000,0.000000,0.000000
NA,SOUTH WEST,NA,NA,EMERGENCY RESPONSE SERVICES,0.000000,0.000000,0.000000,0.000000,0.000000,0.000000
NA,SOUTH WEST,NA,NA,ENTERTAINMENT AND RECREATION,0.000000,0.000000,0.000000,0.000000,0.000000,0.000000
NA,SOUTH WEST,NA,NA,FOOD AND DRUGS PROCESSING,0.000000,0.000000,0.000000,0.000000,0.000000,0.000000
NA,SOUTH WEST,NA,NA,GASOLINE SERVICE STATIONS,0.000000,0.000000,0.000000,0.000000,0.000000,0.000000
NA,SOUTH WEST,NA,NA,GENERAL SERVICES,0.000000,0.000000,0.000000,0.000000,0.000000,0.000000
NA,SOUTH WEST,NA,NA,GROUP INSTITUTIONAL HOUSING,0.000000,0.000000,0.000000,0.000000,0.000000,0.000000
NA,SOUTH WEST,NA,NA,HEALTH CARE SERVICE,0.000000,0.000000,0.000000,0.000000,0.000000,0.000000
NA,SOUTH WEST,NA,NA,HEAVY FABRICATION AND ASSEMBLY,0.000000,0.000000,0.000000,0.000000,0.000000,0.000000
NA,SOUTH WEST,NA,NA,HIGHWAY,0.000000,0.000000,0.000000,0.000000,0.000000,0.000000
NA,SOUTH WEST,NA,NA,LIGHT FABRICATION AND ASSEMBLY,0.000000,0.000000,0.000000,0.000000,0.000000,0.000000
NA,SOUTH WEST,NA,NA,PERMANENT DWELLING (MULTI FAMILY HOUSING),0.000000,0.000000,0.000000,0.000000,0.000000,0.000000
NA,SOUTH WEST,NA,NA,PERMANENT DWELLING (SINGLE FAMILY HOUSING),0.000000,0.000000,0.000000,0.000000,0.000000,0.000000
NA,SOUTH WEST,NA,NA,PERSONAL AND REPAIR SERVICES,0.000000,0.000000,0.000000,0.000000,0.000000,0.000000
NA,SOUTH WEST,NA,NA,PETROLEUM,0.000000,0.000000,0.000000,0.000000,0.000000,0.000000
NA,SOUTH WEST,NA,NA,"PROFESSIONAL, TECHNICAL AND BUSINESS SERVICES",0.000000,0.000000,0.000000,0.000000,0.000000,0.000000
NA,SOUTH WEST,NA,NA,RELIGION AND NONPROFIT,0.000000,0.000000,0.000000,0.000000,0.000000,0.000000
NA,SOUTH WEST,NA,NA,RESTAURANTS,0.000000,0.000000,0.000000,0.000000,0.000000,0.000000
NA,SOUTH WEST,NA,NA,RETAIL TRADE,0.000000,0.000000,0.000000,0.000000,0.000000,0.000000
NA,SOUTH WEST,NA,NA,SANITARY SEWER,0.000000,0.000000,0.000000,0.000000,0.000000,0.000000
NA,SOUTH WEST,NA,NA,TEMPORARY LODGING,0.000000,0.000000,0.000000,0.000000,0.000000,0.000000
NA,SOUTH WEST,NA,NA,WHOLESALE TRADE,0.000000,0.000000,0.000000,0.000000,0.000000,0.000000
NA,SOUTH EAST,NA,NA,AGRICULTURE,0.000000,0.000000,0.000000,0.000000,0.000000,0.000000
NA,SOUTH EAST,NA,NA,AIR,0.000000,0.000000,0.000000,0.000000,0.000000,0.000000
NA,SOUTH EAST,NA,NA,CASINOS,0.000000,0.000000,0.000000,0.000000,0.000000,0.000000
NA,SOUTH EAST,NA,NA,CONSTRUCTION,0.000000,0.000000,0.000000,0.000000,0.000000,0.000000
NA,SOUTH EAST,NA,NA,EDUCATION,0.000000,0.000000,0.000000,0.000000,0.000000,0.000000
NA,SOUTH EAST,NA,NA,EMERGENCY RESPONSE SERVICES,0.000000,0.000000,0.000000,0.000000,0.000000,0.000000
NA,SOUTH EAST,NA,NA,ENTERTAINMENT AND RECREATION,0.000000,0.000000,0.000000,0.000000,0.000000,0.000000
NA,SOUTH EAST,NA,NA,FOOD AND DRUGS PROCESSING,0.000000,0.000000,0.000000,0.000000,0.000000,0.000000
NA,SOUTH EAST,NA,NA,GASOLINE SERVICE STATIONS,0.000000,0.000000,0.000000,0.000000,0.000000,0.000000
NA,SOUTH EAST,NA,NA,GENERAL SERVICES,0.000000,0.000000,0.000000,0.000000,0.000000,0.000000
NA,SOUTH EAST,NA,NA,GROUP INSTITUTIONAL HOUSING,0.000000,0.000000,0.000000,0.000000,0.000000,0.000000
NA,SOUTH EAST,NA,NA,HEALTH CARE SERVICE,0.000000,0.000000,0.000000,0.000000,0.000000,0.000000
NA,SOUTH EAST,NA,NA,HEAVY FABRICATION AND ASSEMBLY,0.000000,0.000000,0.000000,0.000000,0.000000,0.000000
NA,SOUTH EAST,NA,NA,HIGHWAY,0.000000,0.000000,0.000000,0.000000,0.000000,0.000000
NA,SOUTH EAST,NA,NA,LIGHT FABRICATION AND ASSEMBLY,0.000000,0.000000,0.000000,0.000000,0.000000,0.000000
NA,SOUTH EAST,NA,NA,PERMANENT DWELLING (MULTI FAMILY HOUSING),0.000000,0.000000,0.000000,0.000000,0.000000,0.000000
NA,SOUTH EAST,NA,NA,PERMANENT DWELLING (SINGLE FAMILY HOUSING),0.000000,0.000000,0.000000,0.000000,0.000000,0.000000
NA,SOUTH EAST,NA,NA,PERSONAL AND REPAIR SERVICES,0.000000,0.000000,0.000000,0.000000,0.000000,0.000000
NA,SOUTH EAST,NA,NA,PETROLEUM,0.000000,0.000000,0.000000,0.000000,0.000000,0.000000
NA,SOUTH EAST,NA,NA,"PROFESSIONAL, TECHNICAL AND BUSINESS SERVICES",0.000000,0.000000,0.000000,0.000000,0.000000,0.000000
NA,SOUTH EAST,NA,NA,RELIGION AND NONPROFIT,0.000000,0.000000,0.000000,0.000000,0.000000,0.000000
NA,SOUTH EAST,NA,NA,RESTAURANTS,0.000000,0.000000,0.000000,0.000000,0.000000,0.000000
NA,SOUTH EAST,NA,NA,RETAIL TRADE,0.000000,0.000000,0.000000,0.000000,0.000000,0.000000
NA,SOUTH EAST,NA,NA,SANITARY SEWER,0.000000,0.000000,0.000000,0.000000,0.000000,0.000000
NA,SOUTH EAST,NA,NA,TEMPORARY LODGING,0.000000,0.000000,0.000000,0.000000,0.000000,0.000000
NA,SOUTH EAST,NA,NA,WHOLESALE TRADE,0.000000,0.000000,0.000000,0.000000,0.000000,0.000000
NA,WEST MIDLANDS,NA,NA,AGRICULTURE,0.000000,0.000000,0.000000,0.000000,0.000000,0.000000
NA,WEST MIDLANDS,NA,NA,AIR,0.000000,0.000000,0.000000,0.000000,0.000000,0.000000
NA,WEST MIDLANDS,NA,NA,CASINOS,0.000000,0.000000,0.000000,0.000000,0.000000,0.000000
NA,WEST MIDLANDS,NA,NA,CONSTRUCTION,0.000000,0.000000,0.000000,0.000000,0.000000,0.000000
NA,WEST MIDLANDS,NA,NA,EDUCATION,0.000000,0.000000,0.000000,0.000000,0.000000,0.000000
NA,WEST MIDLANDS,NA,NA,EMERGENCY RESPONSE SERVICES,0.000000,0.000000,0.000000,0.000000,0.000000,0.000000
NA,WEST MIDLANDS,NA,NA,ENTERTAINMENT AND RECREATION,0.000000,0.000000,0.000000,0.000000,0.000000,0.000000
NA,WEST MIDLANDS,NA,NA,FOOD AND DRUGS PROCESSING,0.000000,0.000000,0.000000,0.000000,0.000000,0.000000
NA,WEST MIDLANDS,NA,NA,GASOLINE SERVICE STATIONS,0.000000,0.000000,0.000000,0.000000,0.000000,0.000000
NA,WEST MIDLANDS,NA,NA,GENERAL SERVICES,0.000000,0.000000,0.000000,0.000000,0.000000,0.000000
NA,WEST MIDLANDS,NA,NA,GROUP INSTITUTIONAL HOUSING,0.000000,0.000000,0.000000,0.000000,0.000000,0.000000
NA,WEST MIDLANDS,NA,NA,HEALTH CARE SERVICE,0.000000,0.000000,0.000000,0.000000,0.000000,0.000000
NA,WEST MIDLANDS,NA,NA,HEAVY FABRICATION AND ASSEMBLY,0.000000,0.000000,0.000000,0.000000,0.000000,0.000000
NA,WEST MIDLANDS,NA,NA,HIGHWAY,0.000000,0.000000,0.000000,0.000000,0.000000,0.000000
NA,WEST MIDLANDS,NA,NA,LIGHT FABRICATION AND ASSEMBLY,0.000000,0.000000,0.000000,0.000000,0.000000,0.000000
NA,WEST MIDLANDS,NA,NA,PERMANENT DWELLING (MULTI FAMILY HOUSING),0.000000,0.000000,0.000000,0.000000,0.000000,0.000000
NA,WEST MIDLANDS,NA,NA,PERMANENT DWELLING (SINGLE FAMILY HOUSING),0.000000,0.000000,0.000000,0.000000,0.000000,0.000000
NA,WEST MIDLANDS,NA,NA,PERSONAL AND REPAIR SERVICES,0.000000,0.000000,0.000000,0.000000,0.000000,0.000000
NA,WEST MIDLANDS,NA,NA,PETROLEUM,0.000000,0.000000,0.000000,0.000000,0.000000,0.000000
NA,WEST MIDLANDS,NA,NA,"PROFESSIONAL, TECHNICAL AND BUSINESS SERVICES",0.000000,0.000000,0.000000,0.000000,0.000000,0.000000
NA,WEST MIDLANDS,NA,NA,RELIGION AND NONPROFIT,0.000000,0.000000,0.000000,0.000000,0.000000,0.000000
NA,WEST MIDLANDS,NA,NA,RESTAURANTS,0.000000,0.000000,0.000000,0.000000,0.000000,0.000000
NA,WEST MIDLANDS,NA,NA,RETAIL TRADE,0.000000,0.000000,0.000000,0.000000,0.000000,0.000000
NA,WEST MIDLANDS,NA,NA,SANITARY SEWER,0.000000,0.000000,0.000000,0.000000,0.000000,0.000000
NA,WEST MIDLANDS,NA,NA,TEMPORARY LODGING,0.000000,0.000000,0.000000,0.000000,0.000000,0.000000
NA,WEST MIDLANDS,NA,NA,WHOLESALE TRADE,0.000000,0.000000,0.000000,0.000000,0.000000,0.000000
NA,EAST MIDLANDS,NA,NA,AGRICULTURE,0.000000,0.000000,0.000000,0.000000,0.000000,0.000000
NA,EAST MIDLANDS,NA,NA,AIR,0.000000,0.000000,0.000000,0.000000,0.000000,0.000000
NA,EAST MIDLANDS,NA,NA,CASINOS,0.000000,0.000000,0.000000,0.000000,0.000000,0.000000
NA,EAST MIDLANDS,NA,NA,CONSTRUCTION,0.000000,0.000000,0.000000,0.000000,0.000000,0.000000
NA,EAST MIDLANDS,NA,NA,EDUCATION,0.000000,0.000000,0.000000,0.000000,0.000000,0.000000
NA,EAST MIDLANDS,NA,NA,EMERGENCY RESPONSE SERVICES,0.000000,0.000000,0.000000,0.000000,0.000000,0.000000
NA,EAST MIDLANDS,NA,NA,ENTERTAINMENT AND RECREATION,0.000000,0.000000,0.000000,0.000000,0.000000,0.000000
NA,EAST MIDLANDS,NA,NA,FOOD AND DRUGS PROCESSING,0.000000,0.000000,0.000000,0.000000,0.000000,0.000000
NA,EAST MIDLANDS,NA,NA,GASOLINE SERVICE STATIONS,0.000000,0.000000,0.000000,0.000000,0.000000,0.000000
NA,EAST MIDLANDS,NA,NA,GENERAL SERVICES,0.000000,0.000000,0.000000,0.000000,0.000000,0.000000
NA,EAST MIDLANDS,NA,NA,GROUP INSTITUTIONAL HOUSING,0.000000,0.000000,0.000000,0.000000,0.000000,0.000000
NA,EAST MIDLANDS,NA,NA,HEALTH CARE SERVICE,0.000000,0.000000,0.000000,0.000000,0.000000,0.000000
NA,EAST MIDLANDS,NA,NA,HEAVY FABRICATION AND ASSEMBLY,0.000000,0.000000,0.000000,0.000000,0.000000,0.000000
NA,EAST MIDLANDS,NA,NA,HIGHWAY,0.000000,0.000000,0.000000,0.000000,0.000000,0.000000
NA,EAST MIDLANDS,NA,NA,LIGHT FABRICATION AND ASSEMBLY,0.000000,0.000000,0.000000,0.000000,0.000000,0.000000
NA,EAST MIDLANDS,NA,NA,PERMANENT DWELLING (MULTI FAMILY HOUSING),0.000000,0.000000,0.000000,0.000000,0.000000,0.000000
NA,EAST MIDLANDS,NA,NA,PERMANENT DWELLING (SINGLE FAMILY HOUSING),0.000000,0.000000,0.000000,0.000000,0.000000,0.000000
NA,EAST MIDLANDS,NA,NA,PERSONAL AND REPAIR SERVICES,0.000000,0.000000,0.000000,0.000000,0.000000,0.000000
NA,EAST MIDLANDS,NA,NA,PETROLEUM,0.000000,0.000000,0.000000,0.000000,0.000000,0.000000
NA,EAST MIDLANDS,NA,NA,"PROFESSIONAL, TECHNICAL AND BUSINESS SERVICES",0.000000,0.000000,0.000000,0.000000,0.000000,0.000000
NA,EAST MIDLANDS,NA,NA,RELIGION AND NONPROFIT,0.000000,0.000000,0.000000,0.000000,0.000000,0.000000
NA,EAST MIDLANDS,NA,NA,RESTAURANTS,0.000000,0.000000,0.000000,0.000000,0.000000,0.000000
NA,EAST MIDLANDS,NA,NA,RETAIL TRADE,0.000000,0.000000,0.000000,0.000000,0.000000,0.000000
NA,EAST MIDLANDS,NA,NA,SANITARY SEWER,0.000000,0.000000,0.000000,0.000000,0.000000,0.000000
NA,EAST MIDLANDS,NA,NA,TEMPORARY LODGING,0.000000,0.000000,0.000000,0.000000,0.000000,0.000000
NA,EAST MIDLANDS,NA,NA,WHOLESALE TRADE,0.000000,0.000000,0.000000,0.000000,0.000000,0.000000
NA,EAST ANGLIA,NA,NA,AGRICULTURE,0.000000,0.000000,0.000000,0.000000,0.000000,0.000000
NA,EAST ANGLIA,NA,NA,AIR,0.000000,0.000000,0.000000,0.000000,0.000000,0.000000
NA,EAST ANGLIA,NA,NA,CASINOS,0.000000,0.000000,0.000000,0.000000,0.000000,0.000000
NA,EAST ANGLIA,NA,NA,CONSTRUCTION,0.000000,0.000000,0.000000,0.000000,0.000000,0.000000
NA,EAST ANGLIA,NA,NA,EDUCATION,0.000000,0.000000,0.000000,0.000000,0.000000,0.000000
NA,EAST ANGLIA,NA,NA,EMERGENCY RESPONSE SERVICES,0.000000,0.000000,0.000000,0.000000,0.000000,0.000000
NA,EAST ANGLIA,NA,NA,ENTERTAINMENT AND RECREATION,0.000000,0.000000,0.000000,0.000000,0.000000,0.000000
NA,EAST ANGLIA,NA,NA,FOOD AND DRUGS PROCESSING,0.000000,0.000000,0.000000,0.000000,0.000000,0.000000
NA,EAST ANGLIA,NA,NA,GASOLINE SERVICE STATIONS,0.000000,0.000000,0.000000,0.000000,0.000000,0.000000
NA,EAST ANGLIA,NA,NA,GENERAL SERVICES,0.000000,0.000000,0.000000,0.000000,0.000000,0.000000
NA,EAST ANGLIA,NA,NA,GROUP INSTITUTIONAL HOUSING,0.000000,0.000000,0.000000,0.000000,0.000000,0.000000
NA,EAST ANGLIA,NA,NA,HEALTH CARE SERVICE,0.000000,0.000000,0.000000,0.000000,0.000000,0.000000
NA,EAST ANGLIA,NA,NA,HEAVY FABRICATION AND ASSEMBLY,0.000000,0.000000,0.000000,0.000000,0.000000,0.000000
NA,EAST ANGLIA,NA,NA,HIGHWAY,0.000000,0.000000,0.000000,0.000000,0.000000,0.000000
NA,EAST ANGLIA,NA,NA,LIGHT FABRICATION AND ASSEMBLY,0.000000,0.000000,0.000000,0.000000,0.000000,0.000000
NA,EAST ANGLIA,NA,NA,PERMANENT DWELLING (MULTI FAMILY HOUSING),0.000000,0.000000,0.000000,0.000000,0.000000,0.000000
NA,EAST ANGLIA,NA,NA,PERMANENT DWELLING (SINGLE FAMILY HOUSING),0.000000,0.000000,0.000000,0.000000,0.000000,0.000000
NA,EAST ANGLIA,NA,NA,PERSONAL AND REPAIR SERVICES,0.000000,0.000000,0.000000,0.000000,0.000000,0.000000
NA,EAST ANGLIA,NA,NA,PETROLEUM,0.000000,0.000000,0.000000,0.000000,0.000000,0.000000
NA,EAST ANGLIA,NA,NA,"PROFESSIONAL, TECHNICAL AND BUSINESS SERVICES",0.000000,0.000000,0.000000,0.000000,0.000000,0.000000
NA,EAST ANGLIA,NA,NA,RELIGION AND NONPROFIT,0.000000,0.000000,0.000000,0.000000,0.000000,0.000000
NA,EAST ANGLIA,NA,NA,RESTAURANTS,0.000000,0.000000,0.000000,0.000000,0.000000,0.000000
NA,EAST ANGLIA,NA,NA,RETAIL TRADE,0.000000,0.000000,0.000000,0.000000,0.000000,0.000000
NA,EAST ANGLIA,NA,NA,SANITARY SEWER,0.000000,0.000000,0.000000,0.000000,0.000000,0.000000
NA,EAST ANGLIA,NA,NA,TEMPORARY LODGING,0.000000,0.000000,0.000000,0.000000,0.000000,0.000000
NA,EAST ANGLIA,NA,NA,WHOLESALE TRADE,0.000000,0.000000,0.000000,0.000000,0.000000,0.000000
NA,NORTH WEST,NA,NA,AGRICULTURE,0.000000,0.000000,0.000000,0.000000,0.000000,0.000000
NA,NORTH WEST,NA,NA,AIR,0.000000,0.000000,0.000000,0.000000,0.000000,0.000000
NA,NORTH WEST,NA,NA,CASINOS,0.000000,0.000000,0.000000,0.000000,0.000000,0.000000
NA,NORTH WEST,NA,NA,CONSTRUCTION,0.000000,0.000000,0.000000,0.000000,0.000000,0.000000
NA,NORTH WEST,NA,NA,EDUCATION,0.000000,0.000000,0.000000,0.000000,0.000000,0.000000
NA,NORTH WEST,NA,NA,EMERGENCY RESPONSE SERVICES,0.000000,0.000000,0.000000,0.000000,0.000000,0.000000
NA,NORTH WEST,NA,NA,ENTERTAINMENT AND RECREATION,0.000000,0.000000,0.000000,0.000000,0.000000,0.000000
NA,NORTH WEST,NA,NA,FOOD AND DRUGS PROCESSING,0.000000,0.000000,0.000000,0.000000,0.000000,0.000000
NA,NORTH WEST,NA,NA,GASOLINE SERVICE STATIONS,0.000000,0.000000,0.000000,0.000000,0.000000,0.000000
NA,NORTH WEST,NA,NA,GENERAL SERVICES,0.000000,0.000000,0.000000,0.000000,0.000000,0.000000
NA,NORTH WEST,NA,NA,GROUP INSTITUTIONAL HOUSING,0.000000,0.000000,0.000000,0.000000,0.000000,0.000000
NA,NORTH WEST,NA,NA,HEALTH CARE SERVICE,0.000000,0.000000,0.000000,0.000000,0.000000,0.000000
NA,NORTH WEST,NA,NA,HEAVY FABRICATION AND ASSEMBLY,0.000000,0.000000,0.000000,0.000000,0.000000,0.000000
NA,NORTH WEST,NA,NA,HIGHWAY,0.000000,0.000000,0.000000,0.000000,0.000000,0.000000
NA,NORTH WEST,NA,NA,LIGHT FABRICATION AND ASSEMBLY,0.000000,0.000000,0.000000,0.000000,0.000000,0.000000
NA,NORTH WEST,NA,NA,PERMANENT DWELLING (MULTI FAMILY HOUSING),0.000000,0.000000,0.000000,0.000000,0.000000,0.000000
NA,NORTH WEST,NA,NA,PERMANENT DWELLING (SINGLE FAMILY HOUSING),0.000000,0.000000,0.000000,0.000000,0.000000,0.000000
NA,NORTH WEST,NA,NA,PERSONAL AND REPAIR SERVICES,0.000000,0.000000,0.000000,0.000000,0.000000,0.000000
NA,NORTH WEST,NA,NA,PETROLEUM,0.000000,0.000000,0.000000,0.000000,0.000000,0.000000
NA,NORTH WEST,NA,NA,"PROFESSIONAL, TECHNICAL AND BUSINESS SERVICES",0.000000,0.000000,0.000000,0.000000,0.000000,0.000000
NA,NORTH WEST,NA,NA,RELIGION AND NONPROFIT,0.000000,0.000000,0.000000,0.000000,0.000000,0.000000
NA,NORTH WEST,NA,NA,RESTAURANTS,0.000000,0.000000,0.000000,0.000000,0.000000,0.000000
NA,NORTH WEST,NA,NA,RETAIL TRADE,0.000000,0.000000,0.000000,0.000000,0.000000,0.000000
NA,NORTH WEST,NA,NA,SANITARY SEWER,0.000000,0.000000,0.000000,0.000000,0.000000,0.000000
NA,NORTH WEST,NA,NA,TEMPORARY LODGING,0.000000,0.000000,0.000000,0.000000,0.000000,0.000000
NA,NORTH WEST,NA,NA,WHOLESALE TRADE,0.000000,0.000000,0.000000,0.000000,0.000000,0.000000
NA,NORTH EAST,NA,NA,AGRICULTURE,0.000000,0.000000,0.000000,0.000000,0.000000,0.000000
NA,NORTH EAST,NA,NA,AIR,0.000000,0.000000,0.000000,0.000000,0.000000,0.000000
NA,NORTH EAST,NA,NA,CASINOS,0.000000,0.000000,0.000000,0.000000,0.000000,0.000000
NA,NORTH EAST,NA,NA,CONSTRUCTION,0.000000,0.000000,0.000000,0.000000,0.000000,0.000000
NA,NORTH EAST,NA,NA,EDUCATION,0.000000,0.000000,0.000000,0.000000,0.000000,0.000000
NA,NORTH EAST,NA,NA,EMERGENCY RESPONSE SERVICES,0.000000,0.000000,0.000000,0.000000,0.000000,0.000000
NA,NORTH EAST,NA,NA,ENTERTAINMENT AND RECREATION,0.000000,0.000000,0.000000,0.000000,0.000000,0.000000
NA,NORTH EAST,NA,NA,FOOD AND DRUGS PROCESSING,0.000000,0.000000,0.000000,0.000000,0.000000,0.000000
NA,NORTH EAST,NA,NA,GASOLINE SERVICE STATIONS,0.000000,0.000000,0.000000,0.000000,0.000000,0.000000
NA,NORTH EAST,NA,NA,GENERAL SERVICES,0.000000,0.000000,0.000000,0.000000,0.000000,0.000000
NA,NORTH EAST,NA,NA,GROUP INSTITUTIONAL HOUSING,0.000000,0.000000,0.000000,0.000000,0.000000,0.000000
NA,NORTH EAST,NA,NA,HEALTH CARE SERVICE,0.000000,0.000000,0.000000,0.000000,0.000000,0.000000
NA,NORTH EAST,NA,NA,HEAVY FABRICATION AND ASSEMBLY,0.000000,0.000000,0.000000,0.000000,0.000000,0.000000
NA,NORTH EAST,NA,NA,HIGHWAY,0.000000,0.000000,0.000000,0.000000,0.000000,0.000000
NA,NORTH EAST,NA,NA,LIGHT FABRICATION AND ASSEMBLY,0.000000,0.000000,0.000000,0.000000,0.000000,0.000000
NA,NORTH EAST,NA,NA,PERMANENT DWELLING (MULTI FAMILY HOUSING),0.000000,0.000000,0.000000,0.000000,0.000000,0.000000
NA,NORTH EAST,NA,NA,PERMANENT DWELLING (SINGLE FAMILY HOUSING),0.000000,0.000000,0.000000,0.000000,0.000000,0.000000
NA,NORTH EAST,NA,NA,PERSONAL AND REPAIR SERVICES,0.000000,0.000000,0.000000,0.000000,0.000000,0.000000
NA,NORTH EAST,NA,NA,PETROLEUM,0.000000,0.000000,0.000000,0.000000,0.000000,0.000000
NA,NORTH EAST,NA,NA,"PROFESSIONAL, TECHNICAL AND BUSINESS SERVICES",0.000000,0.000000,0.000000,0.000000,0.000000,0.000000
NA,NORTH EAST,NA,NA,RELIGION AND NONPROFIT,0.000000,0.000000,0.000000,0.000000,0.000000,0.000000
NA,NORTH EAST,NA,NA,RESTAURANTS,0.000000,0.000000,0.000000,0.000000,0.000000,0.000000
NA,NORTH EAST,NA,NA,RETAIL TRADE,0.000000,0.000000,0.000000,0.000000,0.000000,0.000000
NA,NORTH EAST,NA,NA,SANITARY SEWER,0.000000,0.000000,0.000000,0.000000,0.000000,0.000000
NA,NORTH EAST,NA,NA,TEMPORARY LODGING,0.000000,0.000000,0.000000,0.000000,0.000000,0.000000
NA,NORTH EAST,NA,NA,WHOLESALE TRADE,0.000000,0.000000,0.000000,0.000000,0.000000,0.000000
NA,YORKSHIRE AND HUMBERSIDE,NA,NA,AGRICULTURE,0.000000,0.000000,0.000000,0.000000,0.000000,0.000000
NA,YORKSHIRE AND HUMBERSIDE,NA,NA,AIR,0.000000,0.000000,0.000000,0.000000,0.000000,0.000000
NA,YORKSHIRE AND HUMBERSIDE,NA,NA,CASINOS,0.000000,0.000000,0.000000,0.000000,0.000000,0.000000
NA,YORKSHIRE AND HUMBERSIDE,NA,NA,CONSTRUCTION,0.000000,0.000000,0.000000,0.000000,0.000000,0.000000
NA,YORKSHIRE AND HUMBERSIDE,NA,NA,EDUCATION,0.000000,0.000000,0.000000,0.000000,0.000000,0.000000
NA,YORKSHIRE AND HUMBERSIDE,NA,NA,EMERGENCY RESPONSE SERVICES,0.000000,0.000000,0.000000,0.000000,0.000000,0.000000
NA,YORKSHIRE AND HUMBERSIDE,NA,NA,ENTERTAINMENT AND RECREATION,0.000000,0.000000,0.000000,0.000000,0.000000,0.000000
NA,YORKSHIRE AND HUMBERSIDE,NA,NA,FOOD AND DRUGS PROCESSING,0.000000,0.000000,0.000000,0.000000,0.000000,0.000000
NA,YORKSHIRE AND HUMBERSIDE,NA,NA,GASOLINE SERVICE STATIONS,0.000000,0.000000,0.000000,0.000000,0.000000,0.000000
NA,YORKSHIRE AND HUMBERSIDE,NA,NA,GENERAL SERVICES,0.000000,0.000000,0.000000,0.000000,0.000000,0.000000
NA,YORKSHIRE AND HUMBERSIDE,NA,NA,GROUP INSTITUTIONAL HOUSING,0.000000,0.000000,0.000000,0.000000,0.000000,0.000000
NA,YORKSHIRE AND HUMBERSIDE,NA,NA,HEALTH CARE SERVICE,0.000000,0.000000,0.000000,0.000000,0.000000,0.000000
NA,YORKSHIRE AND HUMBERSIDE,NA,NA,HEAVY FABRICATION AND ASSEMBLY,0.000000,0.000000,0.000000,0.000000,0.000000,0.000000
NA,YORKSHIRE AND HUMBERSIDE,NA,NA,HIGHWAY,0.000000,0.000000,0.000000,0.000000,0.000000,0.000000
NA,YORKSHIRE AND HUMBERSIDE,NA,NA,LIGHT FABRICATION AND ASSEMBLY,0.000000,0.000000,0.000000,0.000000,0.000000,0.000000
NA,YORKSHIRE AND HUMBERSIDE,NA,NA,PERMANENT DWELLING (MULTI FAMILY HOUSING),0.000000,0.000000,0.000000,0.000000,0.000000,0.000000
NA,YORKSHIRE AND HUMBERSIDE,NA,NA,PERMANENT DWELLING (SINGLE FAMILY HOUSING),0.000000,0.000000,0.000000,0.000000,0.000000,0.000000
NA,YORKSHIRE AND HUMBERSIDE,NA,NA,PERSONAL AND REPAIR SERVICES,0.000000,0.000000,0.000000,0.000000,0.000000,0.000000
NA,YORKSHIRE AND HUMBERSIDE,NA,NA,PETROLEUM,0.000000,0.000000,0.000000,0.000000,0.000000,0.000000
NA,YORKSHIRE AND HUMBERSIDE,NA,NA,"PROFESSIONAL, TECHNICAL AND BUSINESS SERVICES",0.000000,0.000000,0.000000,0.000000,0.000000,0.000000
NA,YORKSHIRE AND HUMBERSIDE,NA,NA,RELIGION AND NONPROFIT,0.000000,0.000000,0.000000,0.000000,0.000000,0.000000
NA,YORKSHIRE AND HUMBERSIDE,NA,NA,RESTAURANTS,0.000000,0.000000,0.000000,0.000000,0.000000,0.000000
NA,YORKSHIRE AND HUMBERSIDE,NA,NA,RETAIL TRADE,0.000000,0.000000,0.000000,0.000000,0.000000,0.000000
NA,YORKSHIRE AND HUMBERSIDE,NA,NA,SANITARY SEWER,0.000000,0.000000,0.000000,0.000000,0.000000,0.000000
NA,YORKSHIRE AND HUMBERSIDE,NA,NA,TEMPORARY LODGING,0.000000,0.000000,0.000000,0.000000,0.000000,0.000000
NA,YORKSHIRE AND HUMBERSIDE,NA,NA,WHOLESALE TRADE,0.000000,0.000000,0.000000,0.000000,0.000000,0.000000
NA,SCOTLAND,NA,NA,AGRICULTURE,0.000000,0.000000,0.000000,0.000000,0.000000,0.000000
NA,SCOTLAND,NA,NA,AIR,0.000000,0.000000,0.000000,0.000000,0.000000,0.000000
NA,SCOTLAND,NA,NA,CASINOS,0.000000,0.000000,0.000000,0.000000,0.000000,0.000000
NA,SCOTLAND,NA,NA,CONSTRUCTION,0.000000,0.000000,0.000000,0.000000,0.000000,0.000000
NA,SCOTLAND,NA,NA,EDUCATION,0.000000,0.000000,0.000000,0.000000,0.000000,0.000000
NA,SCOTLAND,NA,NA,EMERGENCY RESPONSE SERVICES,0.000000,0.000000,0.000000,0.000000,0.000000,0.000000
NA,SCOTLAND,NA,NA,ENTERTAINMENT AND RECREATION,0.000000,0.000000,0.000000,0.000000,0.000000,0.000000
NA,SCOTLAND,NA,NA,FOOD AND DRUGS PROCESSING,0.000000,0.000000,0.000000,0.000000,0.000000,0.000000
NA,SCOTLAND,NA,NA,GASOLINE SERVICE STATIONS,0.000000,0.000000,0.000000,0.000000,0.000000,0.000000
NA,SCOTLAND,NA,NA,GENERAL SERVICES,0.000000,0.000000,0.000000,0.000000,0.000000,0.000000
NA,SCOTLAND,NA,NA,GROUP INSTITUTIONAL HOUSING,0.000000,0.000000,0.000000,0.000000,0.000000,0.000000
NA,SCOTLAND,NA,NA,HEALTH CARE SERVICE,0.000000,0.000000,0.000000,0.000000,0.000000,0.000000
NA,SCOTLAND,NA,NA,HEAVY FABRICATION AND ASSEMBLY,0.000000,0.000000,0.000000,0.000000,0.000000,0.000000
NA,SCOTLAND,NA,NA,HIGHWAY,0.000000,0.000000,0.000000,0.000000,0.000000,0.000000
NA,SCOTLAND,NA,NA,LIGHT FABRICATION AND ASSEMBLY,0.000000,0.000000,0.000000,0.000000,0.000000,0.000000
NA,SCOTLAND,NA,NA,PERMANENT DWELLING (MULTI FAMILY HOUSING),0.000000,0.000000,0.000000,0.000000,0.000000,0.000000
NA,SCOTLAND,NA,NA,PERMANENT DWELLING (SINGLE FAMILY HOUSING),0.000000,0.000000,0.000000,0.000000,0.000000,0.000000
NA,SCOTLAND,NA,NA,PERSONAL AND REPAIR SERVICES,0.000000,0.000000,0.000000,0.000000,0.000000,0.000000
NA,SCOTLAND,NA,NA,PETROLEUM,0.000000,0.000000,0.000000,0.000000,0.000000,0.000000
NA,SCOTLAND,NA,NA,"PROFESSIONAL, TECHNICAL AND BUSINESS SERVICES",0.000000,0.000000,0.000000,0.000000,0.000000,0.000000
NA,SCOTLAND,NA,NA,RELIGION AND NONPROFIT,0.000000,0.000000,0.000000,0.000000,0.000000,0.000000
NA,SCOTLAND,NA,NA,RESTAURANTS,0.000000,0.000000,0.000000,0.000000,0.000000,0.000000
NA,SCOTLAND,NA,NA,RETAIL TRADE,0.000000,0.000000,0.000000,0.000000,0.000000,0.000000
NA,SCOTLAND,NA,NA,SANITARY SEWER,0.000000,0.000000,0.000000,0.000000,0.000000,0.000000
NA,SCOTLAND,NA,NA,TEMPORARY LODGING,0.000000,0.000000,0.000000,0.000000,0.000000,0.000000
NA,SCOTLAND,NA,NA,WHOLESALE TRADE,0.000000,0.000000,0.000000,0.000000,0.000000,0.000000
NA,WALES,NA,NA,AGRICULTURE,0.000000,0.000000,0.000000,0.000000,0.000000,0.000000
NA,WALES,NA,NA,AIR,0.000000,0.000000,0.000000,0.000000,0.000000,0.000000
NA,WALES,NA,NA,CASINOS,0.000000,0.000000,0.000000,0.000000,0.000000,0.000000
NA,WALES,NA,NA,CONSTRUCTION,0.000000,0.000000,0.000000,0.000000,0.000000,0.000000
NA,WALES,NA,NA,EDUCATION,0.000000,0.000000,0.000000,0.000000,0.000000,0.000000
NA,WALES,NA,NA,EMERGENCY RESPONSE SERVICES,0.000000,0.000000,0.000000,0.000000,0.000000,0.000000
NA,WALES,NA,NA,ENTERTAINMENT AND RECREATION,0.000000,0.000000,0.000000,0.000000,0.000000,0.000000
NA,WALES,NA,NA,FOOD AND DRUGS PROCESSING,0.000000,0.000000,0.000000,0.000000,0.000000,0.000000
NA,WALES,NA,NA,GASOLINE SERVICE STATIONS,0.000000,0.000000,0.000000,0.000000,0.000000,0.000000
NA,WALES,NA,NA,GENERAL SERVICES,0.000000,0.000000,0.000000,0.000000,0.000000,0.000000
NA,WALES,NA,NA,GROUP INSTITUTIONAL HOUSING,0.000000,0.000000,0.000000,0.000000,0.000000,0.000000
NA,WALES,NA,NA,HEALTH CARE SERVICE,0.000000,0.000000,0.000000,0.000000,0.000000,0.000000
NA,WALES,NA,NA,HEAVY FABRICATION AND ASSEMBLY,0.000000,0.000000,0.000000,0.000000,0.000000,0.000000
NA,WALES,NA,NA,HIGHWAY,0.000000,0.000000,0.000000,0.000000,0.000000,0.000000
NA,WALES,NA,NA,LIGHT FABRICATION AND ASSEMBLY,0.000000,0.000000,0.000000,0.000000,0.000000,0.000000
NA,WALES,NA,NA,PERMANENT DWELLING (MULTI FAMILY HOUSING),0.000000,0.000000,0.000000,0.000000,0.000000,0.000000
NA,WALES,NA,NA,PERMANENT DWELLING (SINGLE FAMILY HOUSING),0.000000,0.000000,0.000000,0.000000,0.000000,0.000000
NA,WALES,NA,NA,PERSONAL AND REPAIR SERVICES,0.000000,0.000000,0.000000,0.000000,0.000000,0.000000
NA,WALES,NA,NA,PETROLEUM,0.000000,0.000000,0.000000,0.000000,0.000000,0.000000
NA,WALES,NA,NA,"PROFESSIONAL, TECHNICAL AND BUSINESS SERVICES",0.000000,0.000000,0.000000,0.000000,0.000000,0.000000
NA,WALES,NA,NA,RELIGION AND NONPROFIT,0.000000,0.000000,0.000000,0.000000,0.000000,0.000000
NA,WALES,NA,NA,RESTAURANTS,0.000000,0.000000,0.000000,0.000000,0.000000,0.000000
NA,WALES,NA,NA,RETAIL TRADE,0.000000,0.000000,0.000000,0.000000,0.000000,0.000000
NA,WALES,NA,NA,SANITARY SEWER,0.000000,0.000000,0.000000,0.000000,0.000000,0.000000
NA,WALES,NA,NA,TEMPORARY LODGING,0.000000,0.000000,0.000000,0.000000,0.000000,0.000000
NA,WALES,NA,NA,WHOLESALE TRADE,0.000000,0.000000,0.000000,0.000000,0.000000,0.000000
NA,AUCKLAND,NA,NA,AGRICULTURE,0.000000,0.000000,0.000000,0.000000,0.000000,0.000000
NA,AUCKLAND,NA,NA,AIR,0.000000,0.000000,0.000000,0.000000,0.000000,0.000000
NA,AUCKLAND,NA,NA,CASINOS,0.000000,0.000000,0.000000,0.000000,0.000000,0.000000
NA,AUCKLAND,NA,NA,CONSTRUCTION,0.000000,0.000000,0.000000,0.000000,0.000000,0.000000
NA,AUCKLAND,NA,NA,EDUCATION,0.000000,0.000000,0.000000,0.000000,0.000000,0.000000
NA,AUCKLAND,NA,NA,EMERGENCY RESPONSE SERVICES,0.000000,0.000000,0.000000,0.000000,0.000000,0.000000
NA,AUCKLAND,NA,NA,ENTERTAINMENT AND RECREATION,0.000000,0.000000,0.000000,0.000000,0.000000,0.000000
NA,AUCKLAND,NA,NA,FOOD AND DRUGS PROCESSING,0.000000,0.000000,0.000000,0.000000,0.000000,0.000000
NA,AUCKLAND,NA,NA,GASOLINE SERVICE STATIONS,0.000000,0.000000,0.000000,0.000000,0.000000,0.000000
NA,AUCKLAND,NA,NA,GENERAL SERVICES,0.000000,0.000000,0.000000,0.000000,0.000000,0.000000
NA,AUCKLAND,NA,NA,GROUP INSTITUTIONAL HOUSING,0.000000,0.000000,0.000000,0.000000,0.000000,0.000000
NA,AUCKLAND,NA,NA,HEALTH CARE SERVICE,0.000000,0.000000,0.000000,0.000000,0.000000,0.000000
NA,AUCKLAND,NA,NA,HEAVY FABRICATION AND ASSEMBLY,0.000000,0.000000,0.000000,0.000000,0.000000,0.000000
NA,AUCKLAND,NA,NA,HIGHWAY,0.000000,0.000000,0.000000,0.000000,0.000000,0.000000
NA,AUCKLAND,NA,NA,LIGHT FABRICATION AND ASSEMBLY,0.000000,0.000000,0.000000,0.000000,0.000000,0.000000
NA,AUCKLAND,NA,NA,PERMANENT DWELLING (MULTI FAMILY HOUSING),0.000000,0.000000,0.000000,0.000000,0.000000,0.000000
NA,AUCKLAND,NA,NA,PERMANENT DWELLING (SINGLE FAMILY HOUSING),0.000000,0.000000,0.000000,0.000000,0.000000,0.000000
NA,AUCKLAND,NA,NA,PERSONAL AND REPAIR SERVICES,0.000000,0.000000,0.000000,0.000000,0.000000,0.000000
NA,AUCKLAND,NA,NA,PETROLEUM,0.000000,0.000000,0.000000,0.000000,0.000000,0.000000
NA,AUCKLAND,NA,NA,"PROFESSIONAL, TECHNICAL AND BUSINESS SERVICES",0.000000,0.000000,0.000000,0.000000,0.000000,0.000000
NA,AUCKLAND,NA,NA,RELIGION AND NONPROFIT,0.000000,0.000000,0.000000,0.000000,0.000000,0.000000
NA,AUCKLAND,NA,NA,RESTAURANTS,0.000000,0.000000,0.000000,0.000000,0.000000,0.000000
NA,AUCKLAND,NA,NA,RETAIL TRADE,0.000000,0.000000,0.000000,0.000000,0.000000,0.000000
NA,AUCKLAND,NA,NA,SANITARY SEWER,0.000000,0.000000,0.000000,0.000000,0.000000,0.000000
NA,AUCKLAND,NA,NA,TEMPORARY LODGING,0.000000,0.000000,0.000000,0.000000,0.000000,0.000000
NA,AUCKLAND,NA,NA,WHOLESALE TRADE,0.000000,0.000000,0.000000,0.000000,0.000000,0.000000
NA,TARANAKI,NA,NA,AGRICULTURE,0.000000,0.000000,0.000000,0.000000,0.000000,0.000000
NA,TARANAKI,NA,NA,AIR,0.000000,0.000000,0.000000,0.000000,0.000000,0.000000
NA,TARANAKI,NA,NA,CASINOS,0.000000,0.000000,0.000000,0.000000,0.000000,0.000000
NA,TARANAKI,NA,NA,CONSTRUCTION,0.000000,0.000000,0.000000,0.000000,0.000000,0.000000
NA,TARANAKI,NA,NA,EDUCATION,0.000000,0.000000,0.000000,0.000000,0.000000,0.000000
NA,TARANAKI,NA,NA,EMERGENCY RESPONSE SERVICES,0.000000,0.000000,0.000000,0.000000,0.000000,0.000000
NA,TARANAKI,NA,NA,ENTERTAINMENT AND RECREATION,0.000000,0.000000,0.000000,0.000000,0.000000,0.000000
NA,TARANAKI,NA,NA,FOOD AND DRUGS PROCESSING,0.000000,0.000000,0.000000,0.000000,0.000000,0.000000
NA,TARANAKI,NA,NA,GASOLINE SERVICE STATIONS,0.000000,0.000000,0.000000,0.000000,0.000000,0.000000
NA,TARANAKI,NA,NA,GENERAL SERVICES,0.000000,0.000000,0.000000,0.000000,0.000000,0.000000
NA,TARANAKI,NA,NA,GROUP INSTITUTIONAL HOUSING,0.000000,0.000000,0.000000,0.000000,0.000000,0.000000
NA,TARANAKI,NA,NA,HEALTH CARE SERVICE,0.000000,0.000000,0.000000,0.000000,0.000000,0.000000
NA,TARANAKI,NA,NA,HEAVY FABRICATION AND ASSEMBLY,0.000000,0.000000,0.000000,0.000000,0.000000,0.000000
NA,TARANAKI,NA,NA,HIGHWAY,0.000000,0.000000,0.000000,0.000000,0.000000,0.000000
NA,TARANAKI,NA,NA,LIGHT FABRICATION AND ASSEMBLY,0.000000,0.000000,0.000000,0.000000,0.000000,0.000000
NA,TARANAKI,NA,NA,PERMANENT DWELLING (MULTI FAMILY HOUSING),0.000000,0.000000,0.000000,0.000000,0.000000,0.000000
NA,TARANAKI,NA,NA,PERMANENT DWELLING (SINGLE FAMILY HOUSING),0.000000,0.000000,0.000000,0.000000,0.000000,0.000000
NA,TARANAKI,NA,NA,PERSONAL AND REPAIR SERVICES,0.000000,0.000000,0.000000,0.000000,0.000000,0.000000
NA,TARANAKI,NA,NA,PETROLEUM,0.000000,0.000000,0.000000,0.000000,0.000000,0.000000
NA,TARANAKI,NA,NA,"PROFESSIONAL, TECHNICAL AND BUSINESS SERVICES",0.000000,0.000000,0.000000,0.000000,0.000000,0.000000
NA,TARANAKI,NA,NA,RELIGION AND NONPROFIT,0.000000,0.000000,0.000000,0.000000,0.000000,0.000000
NA,TARANAKI,NA,NA,RESTAURANTS,0.000000,0.000000,0.000000,0.000000,0.000000,0.000000
NA,TARANAKI,NA,NA,RETAIL TRADE,0.000000,0.000000,0.000000,0.000000,0.000000,0.000000
NA,TARANAKI,NA,NA,SANITARY SEWER,0.000000,0.000000,0.000000,0.000000,0.000000,0.000000
NA,TARANAKI,NA,NA,TEMPORARY LODGING,0.000000,0.000000,0.000000,0.000000,0.000000,0.000000
NA,TARANAKI,NA,NA,WHOLESALE TRADE,0.000000,0.000000,0.000000,0.000000,0.000000,0.000000
NA,HAWKE'S BAY,NA,NA,AGRICULTURE,0.000000,0.000000,0.000000,0.000000,0.000000,0.000000
NA,HAWKE'S BAY,NA,NA,AIR,0.000000,0.000000,0.000000,0.000000,0.000000,0.000000
NA,HAWKE'S BAY,NA,NA,CASINOS,0.000000,0.000000,0.000000,0.000000,0.000000,0.000000
NA,HAWKE'S BAY,NA,NA,CONSTRUCTION,0.000000,0.000000,0.000000,0.000000,0.000000,0.000000
NA,HAWKE'S BAY,NA,NA,EDUCATION,0.000000,0.000000,0.000000,0.000000,0.000000,0.000000
NA,HAWKE'S BAY,NA,NA,EMERGENCY RESPONSE SERVICES,0.000000,0.000000,0.000000,0.000000,0.000000,0.000000
NA,HAWKE'S BAY,NA,NA,ENTERTAINMENT AND RECREATION,0.000000,0.000000,0.000000,0.000000,0.000000,0.000000
NA,HAWKE'S BAY,NA,NA,FOOD AND DRUGS PROCESSING,0.000000,0.000000,0.000000,0.000000,0.000000,0.000000
NA,HAWKE'S BAY,NA,NA,GASOLINE SERVICE STATIONS,0.000000,0.000000,0.000000,0.000000,0.000000,0.000000
NA,HAWKE'S BAY,NA,NA,GENERAL SERVICES,0.000000,0.000000,0.000000,0.000000,0.000000,0.000000
NA,HAWKE'S BAY,NA,NA,GROUP INSTITUTIONAL HOUSING,0.000000,0.000000,0.000000,0.000000,0.000000,0.000000
NA,HAWKE'S BAY,NA,NA,HEALTH CARE SERVICE,0.000000,0.000000,0.000000,0.000000,0.000000,0.000000
NA,HAWKE'S BAY,NA,NA,HEAVY FABRICATION AND ASSEMBLY,0.000000,0.000000,0.000000,0.000000,0.000000,0.000000
NA,HAWKE'S BAY,NA,NA,HIGHWAY,0.000000,0.000000,0.000000,0.000000,0.000000,0.000000
NA,HAWKE'S BAY,NA,NA,LIGHT FABRICATION AND ASSEMBLY,0.000000,0.000000,0.000000,0.000000,0.000000,0.000000
NA,HAWKE'S BAY,NA,NA,PERMANENT DWELLING (MULTI FAMILY HOUSING),0.000000,0.000000,0.000000,0.000000,0.000000,0.000000
NA,HAWKE'S BAY,NA,NA,PERMANENT DWELLING (SINGLE FAMILY HOUSING),0.000000,0.000000,0.000000,0.000000,0.000000,0.000000
NA,HAWKE'S BAY,NA,NA,PERSONAL AND REPAIR SERVICES,0.000000,0.000000,0.000000,0.000000,0.000000,0.000000
NA,HAWKE'S BAY,NA,NA,PETROLEUM,0.000000,0.000000,0.000000,0.000000,0.000000,0.000000
NA,HAWKE'S BAY,NA,NA,"PROFESSIONAL, TECHNICAL AND BUSINESS SERVICES",0.000000,0.000000,0.000000,0.000000,0.000000,0.000000
NA,HAWKE'S BAY,NA,NA,RELIGION AND NONPROFIT,0.000000,0.000000,0.000000,0.000000,0.000000,0.000000
NA,HAWKE'S BAY,NA,NA,RESTAURANTS,0.000000,0.000000,0.000000,0.000000,0.000000,0.000000
NA,HAWKE'S BAY,NA,NA,RETAIL TRADE,0.000000,0.000000,0.000000,0.000000,0.000000,0.000000
NA,HAWKE'S BAY,NA,NA,SANITARY SEWER,0.000000,0.000000,0.000000,0.000000,0.000000,0.000000
NA,HAWKE'S BAY,NA,NA,TEMPORARY LODGING,0.000000,0.000000,0.000000,0.000000,0.000000,0.000000
NA,HAWKE'S BAY,NA,NA,WHOLESALE TRADE,0.000000,0.000000,0.000000,0.000000,0.000000,0.000000
NA,WELLINGTON,NA,NA,AGRICULTURE,0.000000,0.000000,0.000000,0.000000,0.000000,0.000000
NA,WELLINGTON,NA,NA,AIR,0.000000,0.000000,0.000000,0.000000,0.000000,0.000000
NA,WELLINGTON,NA,NA,CASINOS,0.000000,0.000000,0.000000,0.000000,0.000000,0.000000
NA,WELLINGTON,NA,NA,CONSTRUCTION,0.000000,0.000000,0.000000,0.000000,0.000000,0.000000
NA,WELLINGTON,NA,NA,EDUCATION,0.000000,0.000000,0.000000,0.000000,0.000000,0.000000
NA,WELLINGTON,NA,NA,EMERGENCY RESPONSE SERVICES,0.000000,0.000000,0.000000,0.000000,0.000000,0.000000
NA,WELLINGTON,NA,NA,ENTERTAINMENT AND RECREATION,0.000000,0.000000,0.000000,0.000000,0.000000,0.000000
NA,WELLINGTON,NA,NA,FOOD AND DRUGS PROCESSING,0.000000,0.000000,0.000000,0.000000,0.000000,0.000000
NA,WELLINGTON,NA,NA,GASOLINE SERVICE STATIONS,0.000000,0.000000,0.000000,0.000000,0.000000,0.000000
NA,WELLINGTON,NA,NA,GENERAL SERVICES,0.000000,0.000000,0.000000,0.000000,0.000000,0.000000
NA,WELLINGTON,NA,NA,GROUP INSTITUTIONAL HOUSING,0.000000,0.000000,0.000000,0.000000,0.000000,0.000000
NA,WELLINGTON,NA,NA,HEALTH CARE SERVICE,0.000000,0.000000,0.000000,0.000000,0.000000,0.000000
NA,WELLINGTON,NA,NA,HEAVY FABRICATION AND ASSEMBLY,0.000000,0.000000,0.000000,0.000000,0.000000,0.000000
NA,WELLINGTON,NA,NA,HIGHWAY,0.000000,0.000000,0.000000,0.000000,0.000000,0.000000
NA,WELLINGTON,NA,NA,LIGHT FABRICATION AND ASSEMBLY,0.000000,0.000000,0.000000,0.000000,0.000000,0.000000
NA,WELLINGTON,NA,NA,PERMANENT DWELLING (MULTI FAMILY HOUSING),0.000000,0.000000,0.000000,0.000000,0.000000,0.000000
NA,WELLINGTON,NA,NA,PERMANENT DWELLING (SINGLE FAMILY HOUSING),0.000000,0.000000,0.000000,0.000000,0.000000,0.000000
NA,WELLINGTON,NA,NA,PERSONAL AND REPAIR SERVICES,0.000000,0.000000,0.000000,0.000000,0.000000,0.000000
NA,WELLINGTON,NA,NA,PETROLEUM,0.000000,0.000000,0.000000,0.000000,0.000000,0.000000
NA,WELLINGTON,NA,NA,"PROFESSIONAL, TECHNICAL AND BUSINESS SERVICES",0.000000,0.000000,0.000000,0.000000,0.000000,0.000000
NA,WELLINGTON,NA,NA,RELIGION AND NONPROFIT,0.000000,0.000000,0.000000,0.000000,0.000000,0.000000
NA,WELLINGTON,NA,NA,RESTAURANTS,0.000000,0.000000,0.000000,0.000000,0.000000,0.000000
NA,WELLINGTON,NA,NA,RETAIL TRADE,0.000000,0.000000,0.000000,0.000000,0.000000,0.000000
NA,WELLINGTON,NA,NA,SANITARY SEWER,0.000000,0.000000,0.000000,0.000000,0.000000,0.000000
NA,WELLINGTON,NA,NA,TEMPORARY LODGING,0.000000,0.000000,0.000000,0.000000,0.000000,0.000000
NA,WELLINGTON,NA,NA,WHOLESALE TRADE,0.000000,0.000000,0.000000,0.000000,0.000000,0.000000
NA,NELSON,NA,NA,AGRICULTURE,0.000000,0.000000,0.000000,0.000000,0.000000,0.000000
NA,NELSON,NA,NA,AIR,0.000000,0.000000,0.000000,0.000000,0.000000,0.000000
NA,NELSON,NA,NA,CASINOS,0.000000,0.000000,0.000000,0.000000,0.000000,0.000000
NA,NELSON,NA,NA,CONSTRUCTION,0.000000,0.000000,0.000000,0.000000,0.000000,0.000000
NA,NELSON,NA,NA,EDUCATION,0.000000,0.000000,0.000000,0.000000,0.000000,0.000000
NA,NELSON,NA,NA,EMERGENCY RESPONSE SERVICES,0.000000,0.000000,0.000000,0.000000,0.000000,0.000000
NA,NELSON,NA,NA,ENTERTAINMENT AND RECREATION,0.000000,0.000000,0.000000,0.000000,0.000000,0.000000
NA,NELSON,NA,NA,FOOD AND DRUGS PROCESSING,0.000000,0.000000,0.000000,0.000000,0.000000,0.000000
NA,NELSON,NA,NA,GASOLINE SERVICE STATIONS,0.000000,0.000000,0.000000,0.000000,0.000000,0.000000
NA,NELSON,NA,NA,GENERAL SERVICES,0.000000,0.000000,0.000000,0.000000,0.000000,0.000000
NA,NELSON,NA,NA,GROUP INSTITUTIONAL HOUSING,0.000000,0.000000,0.000000,0.000000,0.000000,0.000000
NA,NELSON,NA,NA,HEALTH CARE SERVICE,0.000000,0.000000,0.000000,0.000000,0.000000,0.000000
NA,NELSON,NA,NA,HEAVY FABRICATION AND ASSEMBLY,0.000000,0.000000,0.000000,0.000000,0.000000,0.000000
NA,NELSON,NA,NA,HIGHWAY,0.000000,0.000000,0.000000,0.000000,0.000000,0.000000
NA,NELSON,NA,NA,LIGHT FABRICATION AND ASSEMBLY,0.000000,0.000000,0.000000,0.000000,0.000000,0.000000
NA,NELSON,NA,NA,PERMANENT DWELLING (MULTI FAMILY HOUSING),0.000000,0.000000,0.000000,0.000000,0.000000,0.000000
NA,NELSON,NA,NA,PERMANENT DWELLING (SINGLE FAMILY HOUSING),0.000000,0.000000,0.000000,0.000000,0.000000,0.000000
NA,NELSON,NA,NA,PERSONAL AND REPAIR SERVICES,0.000000,0.000000,0.000000,0.000000,0.000000,0.000000
NA,NELSON,NA,NA,PETROLEUM,0.000000,0.000000,0.000000,0.000000,0.000000,0.000000
NA,NELSON,NA,NA,"PROFESSIONAL, TECHNICAL AND BUSINESS SERVICES",0.000000,0.000000,0.000000,0.000000,0.000000,0.000000
NA,NELSON,NA,NA,RELIGION AND NONPROFIT,0.000000,0.000000,0.000000,0.000000,0.000000,0.000000
NA,NELSON,NA,NA,RESTAURANTS,0.000000,0.000000,0.000000,0.000000,0.000000,0.000000
NA,NELSON,NA,NA,RETAIL TRADE,0.000000,0.000000,0.000000,0.000000,0.000000,0.000000
NA,NELSON,NA,NA,SANITARY SEWER,0.000000,0.000000,0.000000,0.000000,0.000000,0.000000
NA,NELSON,NA,NA,TEMPORARY LODGING,0.000000,0.000000,0.000000,0.000000,0.000000,0.000000
NA,NELSON,NA,NA,WHOLESALE TRADE,0.000000,0.000000,0.000000,0.000000,0.000000,0.000000
NA,CANTERBURY,NA,NA,AGRICULTURE,0.000000,0.000000,0.000000,0.000000,0.000000,0.000000
NA,CANTERBURY,NA,NA,AIR,0.000000,0.000000,0.000000,0.000000,0.000000,0.000000
NA,CANTERBURY,NA,NA,CASINOS,0.000000,0.000000,0.000000,0.000000,0.000000,0.000000
NA,CANTERBURY,NA,NA,CONSTRUCTION,0.000000,0.000000,0.000000,0.000000,0.000000,0.000000
NA,CANTERBURY,NA,NA,EDUCATION,0.000000,0.000000,0.000000,0.000000,0.000000,0.000000
NA,CANTERBURY,NA,NA,EMERGENCY RESPONSE SERVICES,0.000000,0.000000,0.000000,0.000000,0.000000,0.000000
NA,CANTERBURY,NA,NA,ENTERTAINMENT AND RECREATION,0.000000,0.000000,0.000000,0.000000,0.000000,0.000000
NA,CANTERBURY,NA,NA,FOOD AND DRUGS PROCESSING,0.000000,0.000000,0.000000,0.000000,0.000000,0.000000
NA,CANTERBURY,NA,NA,GASOLINE SERVICE STATIONS,0.000000,0.000000,0.000000,0.000000,0.000000,0.000000
NA,CANTERBURY,NA,NA,GENERAL SERVICES,0.000000,0.000000,0.000000,0.000000,0.000000,0.000000
NA,CANTERBURY,NA,NA,GROUP INSTITUTIONAL HOUSING,0.000000,0.000000,0.000000,0.000000,0.000000,0.000000
NA,CANTERBURY,NA,NA,HEALTH CARE SERVICE,0.000000,0.000000,0.000000,0.000000,0.000000,0.000000
NA,CANTERBURY,NA,NA,HEAVY FABRICATION AND ASSEMBLY,0.000000,0.000000,0.000000,0.000000,0.000000,0.000000
NA,CANTERBURY,NA,NA,HIGHWAY,0.000000,0.000000,0.000000,0.000000,0.000000,0.000000
NA,CANTERBURY,NA,NA,LIGHT FABRICATION AND ASSEMBLY,0.000000,0.000000,0.000000,0.000000,0.000000,0.000000
NA,CANTERBURY,NA,NA,PERMANENT DWELLING (MULTI FAMILY HOUSING),0.000000,0.000000,0.000000,0.000000,0.000000,0.000000
NA,CANTERBURY,NA,NA,PERMANENT DWELLING (SINGLE FAMILY HOUSING),0.000000,0.000000,0.000000,0.000000,0.000000,0.000000
NA,CANTERBURY,NA,NA,PERSONAL AND REPAIR SERVICES,0.000000,0.000000,0.000000,0.000000,0.000000,0.000000
NA,CANTERBURY,NA,NA,PETROLEUM,0.000000,0.000000,0.000000,0.000000,0.000000,0.000000
NA,CANTERBURY,NA,NA,"PROFESSIONAL, TECHNICAL AND BUSINESS SERVICES",0.000000,0.000000,0.000000,0.000000,0.000000,0.000000
NA,CANTERBURY,NA,NA,RELIGION AND NONPROFIT,0.000000,0.000000,0.000000,0.000000,0.000000,0.000000
NA,CANTERBURY,NA,NA,RESTAURANTS,0.000000,0.000000,0.000000,0.000000,0.000000,0.000000
NA,CANTERBURY,NA,NA,RETAIL TRADE,0.000000,0.000000,0.000000,0.000000,0.000000,0.000000
NA,CANTERBURY,NA,NA,SANITARY SEWER,0.000000,0.000000,0.000000,0.000000,0.000000,0.000000
NA,CANTERBURY,NA,NA,TEMPORARY LODGING,0.000000,0.000000,0.000000,0.000000,0.000000,0.000000
NA,CANTERBURY,NA,NA,WHOLESALE TRADE,0.000000,0.000000,0.000000,0.000000,0.000000,0.000000
NA,OTAGO,NA,NA,AGRICULTURE,0.000000,0.000000,0.000000,0.000000,0.000000,0.000000
NA,OTAGO,NA,NA,AIR,0.000000,0.000000,0.000000,0.000000,0.000000,0.000000
NA,OTAGO,NA,NA,CASINOS,0.000000,0.000000,0.000000,0.000000,0.000000,0.000000
NA,OTAGO,NA,NA,CONSTRUCTION,0.000000,0.000000,0.000000,0.000000,0.000000,0.000000
NA,OTAGO,NA,NA,EDUCATION,0.000000,0.000000,0.000000,0.000000,0.000000,0.000000
NA,OTAGO,NA,NA,EMERGENCY RESPONSE SERVICES,0.000000,0.000000,0.000000,0.000000,0.000000,0.000000
NA,OTAGO,NA,NA,ENTERTAINMENT AND RECREATION,0.000000,0.000000,0.000000,0.000000,0.000000,0.000000
NA,OTAGO,NA,NA,FOOD AND DRUGS PROCESSING,0.000000,0.000000,0.000000,0.000000,0.000000,0.000000
NA,OTAGO,NA,NA,GASOLINE SERVICE STATIONS,0.000000,0.000000,0.000000,0.000000,0.000000,0.000000
NA,OTAGO,NA,NA,GENERAL SERVICES,0.000000,0.000000,0.000000,0.000000,0.000000,0.000000
NA,OTAGO,NA,NA,GROUP INSTITUTIONAL HOUSING,0.000000,0.000000,0.000000,0.000000,0.000000,0.000000
NA,OTAGO,NA,NA,HEALTH CARE SERVICE,0.000000,0.000000,0.000000,0.000000,0.000000,0.000000
NA,OTAGO,NA,NA,HEAVY FABRICATION AND ASSEMBLY,0.000000,0.000000,0.000000,0.000000,0.000000,0.000000
NA,OTAGO,NA,NA,HIGHWAY,0.000000,0.000000,0.000000,0.000000,0.000000,0.000000
NA,OTAGO,NA,NA,LIGHT FABRICATION AND ASSEMBLY,0.000000,0.000000,0.000000,0.000000,0.000000,0.000000
NA,OTAGO,NA,NA,PERMANENT DWELLING (MULTI FAMILY HOUSING),0.000000,0.000000,0.000000,0.000000,0.000000,0.000000
NA,OTAGO,NA,NA,PERMANENT DWELLING (SINGLE FAMILY HOUSING),0.000000,0.000000,0.000000,0.000000,0.000000,0.000000
NA,OTAGO,NA,NA,PERSONAL AND REPAIR SERVICES,0.000000,0.000000,0.000000,0.000000,0.000000,0.000000
NA,OTAGO,NA,NA,PETROLEUM,0.000000,0.000000,0.000000,0.000000,0.000000,0.000000
NA,OTAGO,NA,NA,"PROFESSIONAL, TECHNICAL AND BUSINESS SERVICES",0.000000,0.000000,0.000000,0.000000,0.000000,0.000000
NA,OTAGO,NA,NA,RELIGION AND NONPROFIT,0.000000,0.000000,0.000000,0.000000,0.000000,0.000000
NA,OTAGO,NA,NA,RESTAURANTS,0.000000,0.000000,0.000000,0.000000,0.000000,0.000000
NA,OTAGO,NA,NA,RETAIL TRADE,0.000000,0.000000,0.000000,0.000000,0.000000,0.000000
NA,OTAGO,NA,NA,SANITARY SEWER,0.000000,0.000000,0.000000,0.000000,0.000000,0.000000
NA,OTAGO,NA,NA,TEMPORARY LODGING,0.000000,0.000000,0.000000,0.000000,0.000000,0.000000
NA,OTAGO,NA,NA,WHOLESALE TRADE,0.000000,0.000000,0.000000,0.000000,0.000000,0.000000
NA,NORTHLAND REGION,NA,NA,AGRICULTURE,0.000000,0.000000,0.000000,0.000000,0.000000,0.000000
NA,NORTHLAND REGION,NA,NA,AIR,0.000000,0.000000,0.000000,0.000000,0.000000,0.000000
NA,NORTHLAND REGION,NA,NA,CASINOS,0.000000,0.000000,0.000000,0.000000,0.000000,0.000000
NA,NORTHLAND REGION,NA,NA,CONSTRUCTION,0.000000,0.000000,0.000000,0.000000,0.000000,0.000000
NA,NORTHLAND REGION,NA,NA,EDUCATION,0.000000,0.000000,0.000000,0.000000,0.000000,0.000000
NA,NORTHLAND REGION,NA,NA,EMERGENCY RESPONSE SERVICES,0.000000,0.000000,0.000000,0.000000,0.000000,0.000000
NA,NORTHLAND REGION,NA,NA,ENTERTAINMENT AND RECREATION,0.000000,0.000000,0.000000,0.000000,0.000000,0.000000
NA,NORTHLAND REGION,NA,NA,FOOD AND DRUGS PROCESSING,0.000000,0.000000,0.000000,0.000000,0.000000,0.000000
NA,NORTHLAND REGION,NA,NA,GASOLINE SERVICE STATIONS,0.000000,0.000000,0.000000,0.000000,0.000000,0.000000
NA,NORTHLAND REGION,NA,NA,GENERAL SERVICES,0.000000,0.000000,0.000000,0.000000,0.000000,0.000000
NA,NORTHLAND REGION,NA,NA,GROUP INSTITUTIONAL HOUSING,0.000000,0.000000,0.000000,0.000000,0.000000,0.000000
NA,NORTHLAND REGION,NA,NA,HEALTH CARE SERVICE,0.000000,0.000000,0.000000,0.000000,0.000000,0.000000
NA,NORTHLAND REGION,NA,NA,HEAVY FABRICATION AND ASSEMBLY,0.000000,0.000000,0.000000,0.000000,0.000000,0.000000
NA,NORTHLAND REGION,NA,NA,HIGHWAY,0.000000,0.000000,0.000000,0.000000,0.000000,0.000000
NA,NORTHLAND REGION,NA,NA,LIGHT FABRICATION AND ASSEMBLY,0.000000,0.000000,0.000000,0.000000,0.000000,0.000000
NA,NORTHLAND REGION,NA,NA,PERMANENT DWELLING (MULTI FAMILY HOUSING),0.000000,0.000000,0.000000,0.000000,0.000000,0.000000
NA,NORTHLAND REGION,NA,NA,PERMANENT DWELLING (SINGLE FAMILY HOUSING),0.000000,0.000000,0.000000,0.000000,0.000000,0.000000
NA,NORTHLAND REGION,NA,NA,PERSONAL AND REPAIR SERVICES,0.000000,0.000000,0.000000,0.000000,0.000000,0.000000
NA,NORTHLAND REGION,NA,NA,PETROLEUM,0.000000,0.000000,0.000000,0.000000,0.000000,0.000000
NA,NORTHLAND REGION,NA,NA,"PROFESSIONAL, TECHNICAL AND BUSINESS SERVICES",0.000000,0.000000,0.000000,0.000000,0.000000,0.000000
NA,NORTHLAND REGION,NA,NA,RELIGION AND NONPROFIT,0.000000,0.000000,0.000000,0.000000,0.000000,0.000000
NA,NORTHLAND REGION,NA,NA,RESTAURANTS,0.000000,0.000000,0.000000,0.000000,0.000000,0.000000
NA,NORTHLAND REGION,NA,NA,RETAIL TRADE,0.000000,0.000000,0.000000,0.000000,0.000000,0.000000
NA,NORTHLAND REGION,NA,NA,SANITARY SEWER,0.000000,0.000000,0.000000,0.000000,0.000000,0.000000
NA,NORTHLAND REGION,NA,NA,TEMPORARY LODGING,0.000000,0.000000,0.000000,0.000000,0.000000,0.000000
NA,NORTHLAND REGION,NA,NA,WHOLESALE TRADE,0.000000,0.000000,0.000000,0.000000,0.000000,0.000000
NA,WAIKATO,NA,NA,AGRICULTURE,0.000000,0.000000,0.000000,0.000000,0.000000,0.000000
NA,WAIKATO,NA,NA,AIR,0.000000,0.000000,0.000000,0.000000,0.000000,0.000000
NA,WAIKATO,NA,NA,CASINOS,0.000000,0.000000,0.000000,0.000000,0.000000,0.000000
NA,WAIKATO,NA,NA,CONSTRUCTION,0.000000,0.000000,0.000000,0.000000,0.000000,0.000000
NA,WAIKATO,NA,NA,EDUCATION,0.000000,0.000000,0.000000,0.000000,0.000000,0.000000
NA,WAIKATO,NA,NA,EMERGENCY RESPONSE SERVICES,0.000000,0.000000,0.000000,0.000000,0.000000,0.000000
NA,WAIKATO,NA,NA,ENTERTAINMENT AND RECREATION,0.000000,0.000000,0.000000,0.000000,0.000000,0.000000
NA,WAIKATO,NA,NA,FOOD AND DRUGS PROCESSING,0.000000,0.000000,0.000000,0.000000,0.000000,0.000000
NA,WAIKATO,NA,NA,GASOLINE SERVICE STATIONS,0.000000,0.000000,0.000000,0.000000,0.000000,0.000000
NA,WAIKATO,NA,NA,GENERAL SERVICES,0.000000,0.000000,0.000000,0.000000,0.000000,0.000000
NA,WAIKATO,NA,NA,GROUP INSTITUTIONAL HOUSING,0.000000,0.000000,0.000000,0.000000,0.000000,0.000000
NA,WAIKATO,NA,NA,HEALTH CARE SERVICE,0.000000,0.000000,0.000000,0.000000,0.000000,0.000000
NA,WAIKATO,NA,NA,HEAVY FABRICATION AND ASSEMBLY,0.000000,0.000000,0.000000,0.000000,0.000000,0.000000
NA,WAIKATO,NA,NA,HIGHWAY,0.000000,0.000000,0.000000,0.000000,0.000000,0.000000
NA,WAIKATO,NA,NA,LIGHT FABRICATION AND ASSEMBLY,0.000000,0.000000,0.000000,0.000000,0.000000,0.000000
NA,WAIKATO,NA,NA,PERMANENT DWELLING (MULTI FAMILY HOUSING),0.000000,0.000000,0.000000,0.000000,0.000000,0.000000
NA,WAIKATO,NA,NA,PERMANENT DWELLING (SINGLE FAMILY HOUSING),0.000000,0.000000,0.000000,0.000000,0.000000,0.000000
NA,WAIKATO,NA,NA,PERSONAL AND REPAIR SERVICES,0.000000,0.000000,0.000000,0.000000,0.000000,0.000000
NA,WAIKATO,NA,NA,PETROLEUM,0.000000,0.000000,0.000000,0.000000,0.000000,0.000000
NA,WAIKATO,NA,NA,"PROFESSIONAL, TECHNICAL AND BUSINESS SERVICES",0.000000,0.000000,0.000000,0.000000,0.000000,0.000000
NA,WAIKATO,NA,NA,RELIGION AND NONPROFIT,0.000000,0.000000,0.000000,0.000000,0.000000,0.000000
NA,WAIKATO,NA,NA,RESTAURANTS,0.000000,0.000000,0.000000,0.000000,0.000000,0.000000
NA,WAIKATO,NA,NA,RETAIL TRADE,0.000000,0.000000,0.000000,0.000000,0.000000,0.000000
NA,WAIKATO,NA,NA,SANITARY SEWER,0.000000,0.000000,0.000000,0.000000,0.000000,0.000000
NA,WAIKATO,NA,NA,TEMPORARY LODGING,0.000000,0.000000,0.000000,0.000000,0.000000,0.000000
NA,WAIKATO,NA,NA,WHOLESALE TRADE,0.000000,0.000000,0.000000,0.000000,0.000000,0.000000
NA,GISBORNE DISTRICT,NA,NA,AGRICULTURE,0.000000,0.000000,0.000000,0.000000,0.000000,0.000000
NA,GISBORNE DISTRICT,NA,NA,AIR,0.000000,0.000000,0.000000,0.000000,0.000000,0.000000
NA,GISBORNE DISTRICT,NA,NA,CASINOS,0.000000,0.000000,0.000000,0.000000,0.000000,0.000000
NA,GISBORNE DISTRICT,NA,NA,CONSTRUCTION,0.000000,0.000000,0.000000,0.000000,0.000000,0.000000
NA,GISBORNE DISTRICT,NA,NA,EDUCATION,0.000000,0.000000,0.000000,0.000000,0.000000,0.000000
NA,GISBORNE DISTRICT,NA,NA,EMERGENCY RESPONSE SERVICES,0.000000,0.000000,0.000000,0.000000,0.000000,0.000000
NA,GISBORNE DISTRICT,NA,NA,ENTERTAINMENT AND RECREATION,0.000000,0.000000,0.000000,0.000000,0.000000,0.000000
NA,GISBORNE DISTRICT,NA,NA,FOOD AND DRUGS PROCESSING,0.000000,0.000000,0.000000,0.000000,0.000000,0.000000
NA,GISBORNE DISTRICT,NA,NA,GASOLINE SERVICE STATIONS,0.000000,0.000000,0.000000,0.000000,0.000000,0.000000
NA,GISBORNE DISTRICT,NA,NA,GENERAL SERVICES,0.000000,0.000000,0.000000,0.000000,0.000000,0.000000
NA,GISBORNE DISTRICT,NA,NA,GROUP INSTITUTIONAL HOUSING,0.000000,0.000000,0.000000,0.000000,0.000000,0.000000
NA,GISBORNE DISTRICT,NA,NA,HEALTH CARE SERVICE,0.000000,0.000000,0.000000,0.000000,0.000000,0.000000
NA,GISBORNE DISTRICT,NA,NA,HEAVY FABRICATION AND ASSEMBLY,0.000000,0.000000,0.000000,0.000000,0.000000,0.000000
NA,GISBORNE DISTRICT,NA,NA,HIGHWAY,0.000000,0.000000,0.000000,0.000000,0.000000,0.000000
NA,GISBORNE DISTRICT,NA,NA,LIGHT FABRICATION AND ASSEMBLY,0.000000,0.000000,0.000000,0.000000,0.000000,0.000000
NA,GISBORNE DISTRICT,NA,NA,PERMANENT DWELLING (MULTI FAMILY HOUSING),0.000000,0.000000,0.000000,0.000000,0.000000,0.000000
NA,GISBORNE DISTRICT,NA,NA,PERMANENT DWELLING (SINGLE FAMILY HOUSING),0.000000,0.000000,0.000000,0.000000,0.000000,0.000000
NA,GISBORNE DISTRICT,NA,NA,PERSONAL AND REPAIR SERVICES,0.000000,0.000000,0.000000,0.000000,0.000000,0.000000
NA,GISBORNE DISTRICT,NA,NA,PETROLEUM,0.000000,0.000000,0.000000,0.000000,0.000000,0.000000
NA,GISBORNE DISTRICT,NA,NA,"PROFESSIONAL, TECHNICAL AND BUSINESS SERVICES",0.000000,0.000000,0.000000,0.000000,0.000000,0.000000
NA,GISBORNE DISTRICT,NA,NA,RELIGION AND NONPROFIT,0.000000,0.000000,0.000000,0.000000,0.000000,0.000000
NA,GISBORNE DISTRICT,NA,NA,RESTAURANTS,0.000000,0.000000,0.000000,0.000000,0.000000,0.000000
NA,GISBORNE DISTRICT,NA,NA,RETAIL TRADE,0.000000,0.000000,0.000000,0.000000,0.000000,0.000000
NA,GISBORNE DISTRICT,NA,NA,SANITARY SEWER,0.000000,0.000000,0.000000,0.000000,0.000000,0.000000
NA,GISBORNE DISTRICT,NA,NA,TEMPORARY LODGING,0.000000,0.000000,0.000000,0.000000,0.000000,0.000000
NA,GISBORNE DISTRICT,NA,NA,WHOLESALE TRADE,0.000000,0.000000,0.000000,0.000000,0.000000,0.000000
NA,BAY OF PLENTY,NA,NA,AGRICULTURE,0.000000,0.000000,0.000000,0.000000,0.000000,0.000000
NA,BAY OF PLENTY,NA,NA,AIR,0.000000,0.000000,0.000000,0.000000,0.000000,0.000000
NA,BAY OF PLENTY,NA,NA,CASINOS,0.000000,0.000000,0.000000,0.000000,0.000000,0.000000
NA,BAY OF PLENTY,NA,NA,CONSTRUCTION,0.000000,0.000000,0.000000,0.000000,0.000000,0.000000
NA,BAY OF PLENTY,NA,NA,EDUCATION,0.000000,0.000000,0.000000,0.000000,0.000000,0.000000
NA,BAY OF PLENTY,NA,NA,EMERGENCY RESPONSE SERVICES,0.000000,0.000000,0.000000,0.000000,0.000000,0.000000
NA,BAY OF PLENTY,NA,NA,ENTERTAINMENT AND RECREATION,0.000000,0.000000,0.000000,0.000000,0.000000,0.000000
NA,BAY OF PLENTY,NA,NA,FOOD AND DRUGS PROCESSING,0.000000,0.000000,0.000000,0.000000,0.000000,0.000000
NA,BAY OF PLENTY,NA,NA,GASOLINE SERVICE STATIONS,0.000000,0.000000,0.000000,0.000000,0.000000,0.000000
NA,BAY OF PLENTY,NA,NA,GENERAL SERVICES,0.000000,0.000000,0.000000,0.000000,0.000000,0.000000
NA,BAY OF PLENTY,NA,NA,GROUP INSTITUTIONAL HOUSING,0.000000,0.000000,0.000000,0.000000,0.000000,0.000000
NA,BAY OF PLENTY,NA,NA,HEALTH CARE SERVICE,0.000000,0.000000,0.000000,0.000000,0.000000,0.000000
NA,BAY OF PLENTY,NA,NA,HEAVY FABRICATION AND ASSEMBLY,0.000000,0.000000,0.000000,0.000000,0.000000,0.000000
NA,BAY OF PLENTY,NA,NA,HIGHWAY,0.000000,0.000000,0.000000,0.000000,0.000000,0.000000
NA,BAY OF PLENTY,NA,NA,LIGHT FABRICATION AND ASSEMBLY,0.000000,0.000000,0.000000,0.000000,0.000000,0.000000
NA,BAY OF PLENTY,NA,NA,PERMANENT DWELLING (MULTI FAMILY HOUSING),0.000000,0.000000,0.000000,0.000000,0.000000,0.000000
NA,BAY OF PLENTY,NA,NA,PERMANENT DWELLING (SINGLE FAMILY HOUSING),0.000000,0.000000,0.000000,0.000000,0.000000,0.000000
NA,BAY OF PLENTY,NA,NA,PERSONAL AND REPAIR SERVICES,0.000000,0.000000,0.000000,0.000000,0.000000,0.000000
NA,BAY OF PLENTY,NA,NA,PETROLEUM,0.000000,0.000000,0.000000,0.000000,0.000000,0.000000
NA,BAY OF PLENTY,NA,NA,"PROFESSIONAL, TECHNICAL AND BUSINESS SERVICES",0.000000,0.000000,0.000000,0.000000,0.000000,0.000000
NA,BAY OF PLENTY,NA,NA,RELIGION AND NONPROFIT,0.000000,0.000000,0.000000,0.000000,0.000000,0.000000
NA,BAY OF PLENTY,NA,NA,RESTAURANTS,0.000000,0.000000,0.000000,0.000000,0.000000,0.000000
NA,BAY OF PLENTY,NA,NA,RETAIL TRADE,0.000000,0.000000,0.000000,0.000000,0.000000,0.000000
NA,BAY OF PLENTY,NA,NA,SANITARY SEWER,0.000000,0.000000,0.000000,0.000000,0.000000,0.000000
NA,BAY OF PLENTY,NA,NA,TEMPORARY LODGING,0.000000,0.000000,0.000000,0.000000,0.000000,0.000000
NA,BAY OF PLENTY,NA,NA,WHOLESALE TRADE,0.000000,0.000000,0.000000,0.000000,0.000000,0.000000
NA,MANAWATU-WANGANUI,NA,NA,AGRICULTURE,0.000000,0.000000,0.000000,0.000000,0.000000,0.000000
NA,MANAWATU-WANGANUI,NA,NA,AIR,0.000000,0.000000,0.000000,0.000000,0.000000,0.000000
NA,MANAWATU-WANGANUI,NA,NA,CASINOS,0.000000,0.000000,0.000000,0.000000,0.000000,0.000000
NA,MANAWATU-WANGANUI,NA,NA,CONSTRUCTION,0.000000,0.000000,0.000000,0.000000,0.000000,0.000000
NA,MANAWATU-WANGANUI,NA,NA,EDUCATION,0.000000,0.000000,0.000000,0.000000,0.000000,0.000000
NA,MANAWATU-WANGANUI,NA,NA,EMERGENCY RESPONSE SERVICES,0.000000,0.000000,0.000000,0.000000,0.000000,0.000000
NA,MANAWATU-WANGANUI,NA,NA,ENTERTAINMENT AND RECREATION,0.000000,0.000000,0.000000,0.000000,0.000000,0.000000
NA,MANAWATU-WANGANUI,NA,NA,FOOD AND DRUGS PROCESSING,0.000000,0.000000,0.000000,0.000000,0.000000,0.000000
NA,MANAWATU-WANGANUI,NA,NA,GASOLINE SERVICE STATIONS,0.000000,0.000000,0.000000,0.000000,0.000000,0.000000
NA,MANAWATU-WANGANUI,NA,NA,GENERAL SERVICES,0.000000,0.000000,0.000000,0.000000,0.000000,0.000000
NA,MANAWATU-WANGANUI,NA,NA,GROUP INSTITUTIONAL HOUSING,0.000000,0.000000,0.000000,0.000000,0.000000,0.000000
NA,MANAWATU-WANGANUI,NA,NA,HEALTH CARE SERVICE,0.000000,0.000000,0.000000,0.000000,0.000000,0.000000
NA,MANAWATU-WANGANUI,NA,NA,HEAVY FABRICATION AND ASSEMBLY,0.000000,0.000000,0.000000,0.000000,0.000000,0.000000
NA,MANAWATU-WANGANUI,NA,NA,HIGHWAY,0.000000,0.000000,0.000000,0.000000,0.000000,0.000000
NA,MANAWATU-WANGANUI,NA,NA,LIGHT FABRICATION AND ASSEMBLY,0.000000,0.000000,0.000000,0.000000,0.000000,0.000000
NA,MANAWATU-WANGANUI,NA,NA,PERMANENT DWELLING (MULTI FAMILY HOUSING),0.000000,0.000000,0.000000,0.000000,0.000000,0.000000
NA,MANAWATU-WANGANUI,NA,NA,PERMANENT DWELLING (SINGLE FAMILY HOUSING),0.000000,0.000000,0.000000,0.000000,0.000000,0.000000
NA,MANAWATU-WANGANUI,NA,NA,PERSONAL AND REPAIR SERVICES,0.000000,0.000000,0.000000,0.000000,0.000000,0.000000
NA,MANAWATU-WANGANUI,NA,NA,PETROLEUM,0.000000,0.000000,0.000000,0.000000,0.000000,0.000000
NA,MANAWATU-WANGANUI,NA,NA,"PROFESSIONAL, TECHNICAL AND BUSINESS SERVICES",0.000000,0.000000,0.000000,0.000000,0.000000,0.000000
NA,MANAWATU-WANGANUI,NA,NA,RELIGION AND NONPROFIT,0.000000,0.000000,0.000000,0.000000,0.000000,0.000000
NA,MANAWATU-WANGANUI,NA,NA,RESTAURANTS,0.000000,0.000000,0.000000,0.000000,0.000000,0.000000
NA,MANAWATU-WANGANUI,NA,NA,RETAIL TRADE,0.000000,0.000000,0.000000,0.000000,0.000000,0.000000
NA,MANAWATU-WANGANUI,NA,NA,SANITARY SEWER,0.000000,0.000000,0.000000,0.000000,0.000000,0.000000
NA,MANAWATU-WANGANUI,NA,NA,TEMPORARY LODGING,0.000000,0.000000,0.000000,0.000000,0.000000,0.000000
NA,MANAWATU-WANGANUI,NA,NA,WHOLESALE TRADE,0.000000,0.000000,0.000000,0.000000,0.000000,0.000000
NA,MARLBOROUGH,NA,NA,AGRICULTURE,0.000000,0.000000,0.000000,0.000000,0.000000,0.000000
NA,MARLBOROUGH,NA,NA,AIR,0.000000,0.000000,0.000000,0.000000,0.000000,0.000000
NA,MARLBOROUGH,NA,NA,CASINOS,0.000000,0.000000,0.000000,0.000000,0.000000,0.000000
NA,MARLBOROUGH,NA,NA,CONSTRUCTION,0.000000,0.000000,0.000000,0.000000,0.000000,0.000000
NA,MARLBOROUGH,NA,NA,EDUCATION,0.000000,0.000000,0.000000,0.000000,0.000000,0.000000
NA,MARLBOROUGH,NA,NA,EMERGENCY RESPONSE SERVICES,0.000000,0.000000,0.000000,0.000000,0.000000,0.000000
NA,MARLBOROUGH,NA,NA,ENTERTAINMENT AND RECREATION,0.000000,0.000000,0.000000,0.000000,0.000000,0.000000
NA,MARLBOROUGH,NA,NA,FOOD AND DRUGS PROCESSING,0.000000,0.000000,0.000000,0.000000,0.000000,0.000000
NA,MARLBOROUGH,NA,NA,GASOLINE SERVICE STATIONS,0.000000,0.000000,0.000000,0.000000,0.000000,0.000000
NA,MARLBOROUGH,NA,NA,GENERAL SERVICES,0.000000,0.000000,0.000000,0.000000,0.000000,0.000000
NA,MARLBOROUGH,NA,NA,GROUP INSTITUTIONAL HOUSING,0.000000,0.000000,0.000000,0.000000,0.000000,0.000000
NA,MARLBOROUGH,NA,NA,HEALTH CARE SERVICE,0.000000,0.000000,0.000000,0.000000,0.000000,0.000000
NA,MARLBOROUGH,NA,NA,HEAVY FABRICATION AND ASSEMBLY,0.000000,0.000000,0.000000,0.000000,0.000000,0.000000
NA,MARLBOROUGH,NA,NA,HIGHWAY,0.000000,0.000000,0.000000,0.000000,0.000000,0.000000
NA,MARLBOROUGH,NA,NA,LIGHT FABRICATION AND ASSEMBLY,0.000000,0.000000,0.000000,0.000000,0.000000,0.000000
NA,MARLBOROUGH,NA,NA,PERMANENT DWELLING (MULTI FAMILY HOUSING),0.000000,0.000000,0.000000,0.000000,0.000000,0.000000
NA,MARLBOROUGH,NA,NA,PERMANENT DWELLING (SINGLE FAMILY HOUSING),0.000000,0.000000,0.000000,0.000000,0.000000,0.000000
NA,MARLBOROUGH,NA,NA,PERSONAL AND REPAIR SERVICES,0.000000,0.000000,0.000000,0.000000,0.000000,0.000000
NA,MARLBOROUGH,NA,NA,PETROLEUM,0.000000,0.000000,0.000000,0.000000,0.000000,0.000000
NA,MARLBOROUGH,NA,NA,"PROFESSIONAL, TECHNICAL AND BUSINESS SERVICES",0.000000,0.000000,0.000000,0.000000,0.000000,0.000000
NA,MARLBOROUGH,NA,NA,RELIGION AND NONPROFIT,0.000000,0.000000,0.000000,0.000000,0.000000,0.000000
NA,MARLBOROUGH,NA,NA,RESTAURANTS,0.000000,0.000000,0.000000,0.000000,0.000000,0.000000
NA,MARLBOROUGH,NA,NA,RETAIL TRADE,0.000000,0.000000,0.000000,0.000000,0.000000,0.000000
NA,MARLBOROUGH,NA,NA,SANITARY SEWER,0.000000,0.000000,0.000000,0.000000,0.000000,0.000000
NA,MARLBOROUGH,NA,NA,TEMPORARY LODGING,0.000000,0.000000,0.000000,0.000000,0.000000,0.000000
NA,MARLBOROUGH,NA,NA,WHOLESALE TRADE,0.000000,0.000000,0.000000,0.000000,0.000000,0.000000
NA,SOUTHLAND,NA,NA,AGRICULTURE,0.000000,0.000000,0.000000,0.000000,0.000000,0.000000
NA,SOUTHLAND,NA,NA,AIR,0.000000,0.000000,0.000000,0.000000,0.000000,0.000000
NA,SOUTHLAND,NA,NA,CASINOS,0.000000,0.000000,0.000000,0.000000,0.000000,0.000000
NA,SOUTHLAND,NA,NA,CONSTRUCTION,0.000000,0.000000,0.000000,0.000000,0.000000,0.000000
NA,SOUTHLAND,NA,NA,EDUCATION,0.000000,0.000000,0.000000,0.000000,0.000000,0.000000
NA,SOUTHLAND,NA,NA,EMERGENCY RESPONSE SERVICES,0.000000,0.000000,0.000000,0.000000,0.000000,0.000000
NA,SOUTHLAND,NA,NA,ENTERTAINMENT AND RECREATION,0.000000,0.000000,0.000000,0.000000,0.000000,0.000000
NA,SOUTHLAND,NA,NA,FOOD AND DRUGS PROCESSING,0.000000,0.000000,0.000000,0.000000,0.000000,0.000000
NA,SOUTHLAND,NA,NA,GASOLINE SERVICE STATIONS,0.000000,0.000000,0.000000,0.000000,0.000000,0.000000
NA,SOUTHLAND,NA,NA,GENERAL SERVICES,0.000000,0.000000,0.000000,0.000000,0.000000,0.000000
NA,SOUTHLAND,NA,NA,GROUP INSTITUTIONAL HOUSING,0.000000,0.000000,0.000000,0.000000,0.000000,0.000000
NA,SOUTHLAND,NA,NA,HEALTH CARE SERVICE,0.000000,0.000000,0.000000,0.000000,0.000000,0.000000
NA,SOUTHLAND,NA,NA,HEAVY FABRICATION AND ASSEMBLY,0.000000,0.000000,0.000000,0.000000,0.000000,0.000000
NA,SOUTHLAND,NA,NA,HIGHWAY,0.000000,0.000000,0.000000,0.000000,0.000000,0.000000
NA,SOUTHLAND,NA,NA,LIGHT FABRICATION AND ASSEMBLY,0.000000,0.000000,0.000000,0.000000,0.000000,0.000000
NA,SOUTHLAND,NA,NA,PERMANENT DWELLING (MULTI FAMILY HOUSING),0.000000,0.000000,0.000000,0.000000,0.000000,0.000000
NA,SOUTHLAND,NA,NA,PERMANENT DWELLING (SINGLE FAMILY HOUSING),0.000000,0.000000,0.000000,0.000000,0.000000,0.000000
NA,SOUTHLAND,NA,NA,PERSONAL AND REPAIR SERVICES,0.000000,0.000000,0.000000,0.000000,0.000000,0.000000
NA,SOUTHLAND,NA,NA,PETROLEUM,0.000000,0.000000,0.000000,0.000000,0.000000,0.000000
NA,SOUTHLAND,NA,NA,"PROFESSIONAL, TECHNICAL AND BUSINESS SERVICES",0.000000,0.000000,0.000000,0.000000,0.000000,0.000000
NA,SOUTHLAND,NA,NA,RELIGION AND NONPROFIT,0.000000,0.000000,0.000000,0.000000,0.000000,0.000000
NA,SOUTHLAND,NA,NA,RESTAURANTS,0.000000,0.000000,0.000000,0.000000,0.000000,0.000000
NA,SOUTHLAND,NA,NA,RETAIL TRADE,0.000000,0.000000,0.000000,0.000000,0.000000,0.000000
NA,SOUTHLAND,NA,NA,SANITARY SEWER,0.000000,0.000000,0.000000,0.000000,0.000000,0.000000
NA,SOUTHLAND,NA,NA,TEMPORARY LODGING,0.000000,0.000000,0.000000,0.000000,0.000000,0.000000
NA,SOUTHLAND,NA,NA,WHOLESALE TRADE,0.000000,0.000000,0.000000,0.000000,0.000000,0.000000
NA,WEST COAST,NA,NA,AGRICULTURE,0.000000,0.000000,0.000000,0.000000,0.000000,0.000000
NA,WEST COAST,NA,NA,AIR,0.000000,0.000000,0.000000,0.000000,0.000000,0.000000
NA,WEST COAST,NA,NA,CASINOS,0.000000,0.000000,0.000000,0.000000,0.000000,0.000000
NA,WEST COAST,NA,NA,CONSTRUCTION,0.000000,0.000000,0.000000,0.000000,0.000000,0.000000
NA,WEST COAST,NA,NA,EDUCATION,0.000000,0.000000,0.000000,0.000000,0.000000,0.000000
NA,WEST COAST,NA,NA,EMERGENCY RESPONSE SERVICES,0.000000,0.000000,0.000000,0.000000,0.000000,0.000000
NA,WEST COAST,NA,NA,ENTERTAINMENT AND RECREATION,0.000000,0.000000,0.000000,0.000000,0.000000,0.000000
NA,WEST COAST,NA,NA,FOOD AND DRUGS PROCESSING,0.000000,0.000000,0.000000,0.000000,0.000000,0.000000
NA,WEST COAST,NA,NA,GASOLINE SERVICE STATIONS,0.000000,0.000000,0.000000,0.000000,0.000000,0.000000
NA,WEST COAST,NA,NA,GENERAL SERVICES,0.000000,0.000000,0.000000,0.000000,0.000000,0.000000
NA,WEST COAST,NA,NA,GROUP INSTITUTIONAL HOUSING,0.000000,0.000000,0.000000,0.000000,0.000000,0.000000
NA,WEST COAST,NA,NA,HEALTH CARE SERVICE,0.000000,0.000000,0.000000,0.000000,0.000000,0.000000
NA,WEST COAST,NA,NA,HEAVY FABRICATION AND ASSEMBLY,0.000000,0.000000,0.000000,0.000000,0.000000,0.000000
NA,WEST COAST,NA,NA,HIGHWAY,0.000000,0.000000,0.000000,0.000000,0.000000,0.000000
NA,WEST COAST,NA,NA,LIGHT FABRICATION AND ASSEMBLY,0.000000,0.000000,0.000000,0.000000,0.000000,0.000000
NA,WEST COAST,NA,NA,PERMANENT DWELLING (MULTI FAMILY HOUSING),0.000000,0.000000,0.000000,0.000000,0.000000,0.000000
NA,WEST COAST,NA,NA,PERMANENT DWELLING (SINGLE FAMILY HOUSING),0.000000,0.000000,0.000000,0.000000,0.000000,0.000000
NA,WEST COAST,NA,NA,PERSONAL AND REPAIR SERVICES,0.000000,0.000000,0.000000,0.000000,0.000000,0.000000
NA,WEST COAST,NA,NA,PETROLEUM,0.000000,0.000000,0.000000,0.000000,0.000000,0.000000
NA,WEST COAST,NA,NA,"PROFESSIONAL, TECHNICAL AND BUSINESS SERVICES",0.000000,0.000000,0.000000,0.000000,0.000000,0.000000
NA,WEST COAST,NA,NA,RELIGION AND NONPROFIT,0.000000,0.000000,0.000000,0.000000,0.000000,0.000000
NA,WEST COAST,NA,NA,RESTAURANTS,0.000000,0.000000,0.000000,0.000000,0.000000,0.000000
NA,WEST COAST,NA,NA,RETAIL TRADE,0.000000,0.000000,0.000000,0.000000,0.000000,0.000000
NA,WEST COAST,NA,NA,SANITARY SEWER,0.000000,0.000000,0.000000,0.000000,0.000000,0.000000
NA,WEST COAST,NA,NA,TEMPORARY LODGING,0.000000,0.000000,0.000000,0.000000,0.000000,0.000000
NA,WEST COAST,NA,NA,WHOLESALE TRADE,0.000000,0.000000,0.000000,0.000000,0.000000,0.000000
NA,TASMAN DISTRICT,NA,NA,AGRICULTURE,0.000000,0.000000,0.000000,0.000000,0.000000,0.000000
NA,TASMAN DISTRICT,NA,NA,AIR,0.000000,0.000000,0.000000,0.000000,0.000000,0.000000
NA,TASMAN DISTRICT,NA,NA,CASINOS,0.000000,0.000000,0.000000,0.000000,0.000000,0.000000
NA,TASMAN DISTRICT,NA,NA,CONSTRUCTION,0.000000,0.000000,0.000000,0.000000,0.000000,0.000000
NA,TASMAN DISTRICT,NA,NA,EDUCATION,0.000000,0.000000,0.000000,0.000000,0.000000,0.000000
NA,TASMAN DISTRICT,NA,NA,EMERGENCY RESPONSE SERVICES,0.000000,0.000000,0.000000,0.000000,0.000000,0.000000
NA,TASMAN DISTRICT,NA,NA,ENTERTAINMENT AND RECREATION,0.000000,0.000000,0.000000,0.000000,0.000000,0.000000
NA,TASMAN DISTRICT,NA,NA,FOOD AND DRUGS PROCESSING,0.000000,0.000000,0.000000,0.000000,0.000000,0.000000
NA,TASMAN DISTRICT,NA,NA,GASOLINE SERVICE STATIONS,0.000000,0.000000,0.000000,0.000000,0.000000,0.000000
NA,TASMAN DISTRICT,NA,NA,GENERAL SERVICES,0.000000,0.000000,0.000000,0.000000,0.000000,0.000000
NA,TASMAN DISTRICT,NA,NA,GROUP INSTITUTIONAL HOUSING,0.000000,0.000000,0.000000,0.000000,0.000000,0.000000
NA,TASMAN DISTRICT,NA,NA,HEALTH CARE SERVICE,0.000000,0.000000,0.000000,0.000000,0.000000,0.000000
NA,TASMAN DISTRICT,NA,NA,HEAVY FABRICATION AND ASSEMBLY,0.000000,0.000000,0.000000,0.000000,0.000000,0.000000
NA,TASMAN DISTRICT,NA,NA,HIGHWAY,0.000000,0.000000,0.000000,0.000000,0.000000,0.000000
NA,TASMAN DISTRICT,NA,NA,LIGHT FABRICATION AND ASSEMBLY,0.000000,0.000000,0.000000,0.000000,0.000000,0.000000
NA,TASMAN DISTRICT,NA,NA,PERMANENT DWELLING (MULTI FAMILY HOUSING),0.000000,0.000000,0.000000,0.000000,0.000000,0.000000
NA,TASMAN DISTRICT,NA,NA,PERMANENT DWELLING (SINGLE FAMILY HOUSING),0.000000,0.000000,0.000000,0.000000,0.000000,0.000000
NA,TASMAN DISTRICT,NA,NA,PERSONAL AND REPAIR SERVICES,0.000000,0.000000,0.000000,0.000000,0.000000,0.000000
NA,TASMAN DISTRICT,NA,NA,PETROLEUM,0.000000,0.000000,0.000000,0.000000,0.000000,0.000000
NA,TASMAN DISTRICT,NA,NA,"PROFESSIONAL, TECHNICAL AND BUSINESS SERVICES",0.000000,0.000000,0.000000,0.000000,0.000000,0.000000
NA,TASMAN DISTRICT,NA,NA,RELIGION AND NONPROFIT,0.000000,0.000000,0.000000,0.000000,0.000000,0.000000
NA,TASMAN DISTRICT,NA,NA,RESTAURANTS,0.000000,0.000000,0.000000,0.000000,0.000000,0.000000
NA,TASMAN DISTRICT,NA,NA,RETAIL TRADE,0.000000,0.000000,0.000000,0.000000,0.000000,0.000000
NA,TASMAN DISTRICT,NA,NA,SANITARY SEWER,0.000000,0.000000,0.000000,0.000000,0.000000,0.000000
NA,TASMAN DISTRICT,NA,NA,TEMPORARY LODGING,0.000000,0.000000,0.000000,0.000000,0.000000,0.000000
NA,TASMAN DISTRICT,NA,NA,WHOLESALE TRADE,0.000000,0.000000,0.000000,0.000000,0.000000,0.000000
NA,WELLINGTON REGION,NA,NA,AGRICULTURE,0.000000,0.000000,0.000000,0.000000,0.000000,0.000000
NA,WELLINGTON REGION,NA,NA,AIR,0.000000,0.000000,0.000000,0.000000,0.000000,0.000000
NA,WELLINGTON REGION,NA,NA,CASINOS,0.000000,0.000000,0.000000,0.000000,0.000000,0.000000
NA,WELLINGTON REGION,NA,NA,CONSTRUCTION,0.000000,0.000000,0.000000,0.000000,0.000000,0.000000
NA,WELLINGTON REGION,NA,NA,EDUCATION,0.000000,0.000000,0.000000,0.000000,0.000000,0.000000
NA,WELLINGTON REGION,NA,NA,EMERGENCY RESPONSE SERVICES,0.000000,0.000000,0.000000,0.000000,0.000000,0.000000
NA,WELLINGTON REGION,NA,NA,ENTERTAINMENT AND RECREATION,0.000000,0.000000,0.000000,0.000000,0.000000,0.000000
NA,WELLINGTON REGION,NA,NA,FOOD AND DRUGS PROCESSING,0.000000,0.000000,0.000000,0.000000,0.000000,0.000000
NA,WELLINGTON REGION,NA,NA,GASOLINE SERVICE STATIONS,0.000000,0.000000,0.000000,0.000000,0.000000,0.000000
NA,WELLINGTON REGION,NA,NA,GENERAL SERVICES,0.000000,0.000000,0.000000,0.000000,0.000000,0.000000
NA,WELLINGTON REGION,NA,NA,GROUP INSTITUTIONAL HOUSING,0.000000,0.000000,0.000000,0.000000,0.000000,0.000000
NA,WELLINGTON REGION,NA,NA,HEALTH CARE SERVICE,0.000000,0.000000,0.000000,0.000000,0.000000,0.000000
NA,WELLINGTON REGION,NA,NA,HEAVY FABRICATION AND ASSEMBLY,0.000000,0.000000,0.000000,0.000000,0.000000,0.000000
NA,WELLINGTON REGION,NA,NA,HIGHWAY,0.000000,0.000000,0.000000,0.000000,0.000000,0.000000
NA,WELLINGTON REGION,NA,NA,LIGHT FABRICATION AND ASSEMBLY,0.000000,0.000000,0.000000,0.000000,0.000000,0.000000
NA,WELLINGTON REGION,NA,NA,PERMANENT DWELLING (MULTI FAMILY HOUSING),0.000000,0.000000,0.000000,0.000000,0.000000,0.000000
NA,WELLINGTON REGION,NA,NA,PERMANENT DWELLING (SINGLE FAMILY HOUSING),0.000000,0.000000,0.000000,0.000000,0.000000,0.000000
NA,WELLINGTON REGION,NA,NA,PERSONAL AND REPAIR SERVICES,0.000000,0.000000,0.000000,0.000000,0.000000,0.000000
NA,WELLINGTON REGION,NA,NA,PETROLEUM,0.000000,0.000000,0.000000,0.000000,0.000000,0.000000
NA,WELLINGTON REGION,NA,NA,"PROFESSIONAL, TECHNICAL AND BUSINESS SERVICES",0.000000,0.000000,0.000000,0.000000,0.000000,0.000000
NA,WELLINGTON REGION,NA,NA,RELIGION AND NONPROFIT,0.000000,0.000000,0.000000,0.000000,0.000000,0.000000
NA,WELLINGTON REGION,NA,NA,RESTAURANTS,0.000000,0.000000,0.000000,0.000000,0.000000,0.000000
NA,WELLINGTON REGION,NA,NA,RETAIL TRADE,0.000000,0.000000,0.000000,0.000000,0.000000,0.000000
NA,WELLINGTON REGION,NA,NA,SANITARY SEWER,0.000000,0.000000,0.000000,0.000000,0.000000,0.000000
NA,WELLINGTON REGION,NA,NA,TEMPORARY LODGING,0.000000,0.000000,0.000000,0.000000,0.000000,0.000000
NA,WELLINGTON REGION,NA,NA,WHOLESALE TRADE,0.000000,0.000000,0.000000,0.000000,0.000000,0.000000
NA,AUCKLAND REGION,NA,NA,AGRICULTURE,0.000000,0.000000,0.000000,0.000000,0.000000,0.000000
NA,AUCKLAND REGION,NA,NA,AIR,0.000000,0.000000,0.000000,0.000000,0.000000,0.000000
NA,AUCKLAND REGION,NA,NA,CASINOS,0.000000,0.000000,0.000000,0.000000,0.000000,0.000000
NA,AUCKLAND REGION,NA,NA,CONSTRUCTION,0.000000,0.000000,0.000000,0.000000,0.000000,0.000000
NA,AUCKLAND REGION,NA,NA,EDUCATION,0.000000,0.000000,0.000000,0.000000,0.000000,0.000000
NA,AUCKLAND REGION,NA,NA,EMERGENCY RESPONSE SERVICES,0.000000,0.000000,0.000000,0.000000,0.000000,0.000000
NA,AUCKLAND REGION,NA,NA,ENTERTAINMENT AND RECREATION,0.000000,0.000000,0.000000,0.000000,0.000000,0.000000
NA,AUCKLAND REGION,NA,NA,FOOD AND DRUGS PROCESSING,0.000000,0.000000,0.000000,0.000000,0.000000,0.000000
NA,AUCKLAND REGION,NA,NA,GASOLINE SERVICE STATIONS,0.000000,0.000000,0.000000,0.000000,0.000000,0.000000
NA,AUCKLAND REGION,NA,NA,GENERAL SERVICES,0.000000,0.000000,0.000000,0.000000,0.000000,0.000000
NA,AUCKLAND REGION,NA,NA,GROUP INSTITUTIONAL HOUSING,0.000000,0.000000,0.000000,0.000000,0.000000,0.000000
NA,AUCKLAND REGION,NA,NA,HEALTH CARE SERVICE,0.000000,0.000000,0.000000,0.000000,0.000000,0.000000
NA,AUCKLAND REGION,NA,NA,HEAVY FABRICATION AND ASSEMBLY,0.000000,0.000000,0.000000,0.000000,0.000000,0.000000
NA,AUCKLAND REGION,NA,NA,HIGHWAY,0.000000,0.000000,0.000000,0.000000,0.000000,0.000000
NA,AUCKLAND REGION,NA,NA,LIGHT FABRICATION AND ASSEMBLY,0.000000,0.000000,0.000000,0.000000,0.000000,0.000000
NA,AUCKLAND REGION,NA,NA,PERMANENT DWELLING (MULTI FAMILY HOUSING),0.000000,0.000000,0.000000,0.000000,0.000000,0.000000
NA,AUCKLAND REGION,NA,NA,PERMANENT DWELLING (SINGLE FAMILY HOUSING),0.000000,0.000000,0.000000,0.000000,0.000000,0.000000
NA,AUCKLAND REGION,NA,NA,PERSONAL AND REPAIR SERVICES,0.000000,0.000000,0.000000,0.000000,0.000000,0.000000
NA,AUCKLAND REGION,NA,NA,PETROLEUM,0.000000,0.000000,0.000000,0.000000,0.000000,0.000000
NA,AUCKLAND REGION,NA,NA,"PROFESSIONAL, TECHNICAL AND BUSINESS SERVICES",0.000000,0.000000,0.000000,0.000000,0.000000,0.000000
NA,AUCKLAND REGION,NA,NA,RELIGION AND NONPROFIT,0.000000,0.000000,0.000000,0.000000,0.000000,0.000000
NA,AUCKLAND REGION,NA,NA,RESTAURANTS,0.000000,0.000000,0.000000,0.000000,0.000000,0.000000
NA,AUCKLAND REGION,NA,NA,RETAIL TRADE,0.000000,0.000000,0.000000,0.000000,0.000000,0.000000
NA,AUCKLAND REGION,NA,NA,SANITARY SEWER,0.000000,0.000000,0.000000,0.000000,0.000000,0.000000
NA,AUCKLAND REGION,NA,NA,TEMPORARY LODGING,0.000000,0.000000,0.000000,0.000000,0.000000,0.000000
NA,AUCKLAND REGION,NA,NA,WHOLESALE TRADE,0.000000,0.000000,0.000000,0.000000,0.000000,0.000000
NA,BRITTANY,NA,NA,AGRICULTURE,0.000000,0.000000,0.000000,0.000000,0.000000,0.000000
NA,BRITTANY,NA,NA,AIR,0.000000,0.000000,0.000000,0.000000,0.000000,0.000000
NA,BRITTANY,NA,NA,CASINOS,0.000000,0.000000,0.000000,0.000000,0.000000,0.000000
NA,BRITTANY,NA,NA,CONSTRUCTION,0.000000,0.000000,0.000000,0.000000,0.000000,0.000000
NA,BRITTANY,NA,NA,EDUCATION,0.000000,0.000000,0.000000,0.000000,0.000000,0.000000
NA,BRITTANY,NA,NA,EMERGENCY RESPONSE SERVICES,0.000000,0.000000,0.000000,0.000000,0.000000,0.000000
NA,BRITTANY,NA,NA,ENTERTAINMENT AND RECREATION,0.000000,0.000000,0.000000,0.000000,0.000000,0.000000
NA,BRITTANY,NA,NA,FOOD AND DRUGS PROCESSING,0.000000,0.000000,0.000000,0.000000,0.000000,0.000000
NA,BRITTANY,NA,NA,GASOLINE SERVICE STATIONS,0.000000,0.000000,0.000000,0.000000,0.000000,0.000000
NA,BRITTANY,NA,NA,GENERAL SERVICES,0.000000,0.000000,0.000000,0.000000,0.000000,0.000000
NA,BRITTANY,NA,NA,GROUP INSTITUTIONAL HOUSING,0.000000,0.000000,0.000000,0.000000,0.000000,0.000000
NA,BRITTANY,NA,NA,HEALTH CARE SERVICE,0.000000,0.000000,0.000000,0.000000,0.000000,0.000000
NA,BRITTANY,NA,NA,HEAVY FABRICATION AND ASSEMBLY,0.000000,0.000000,0.000000,0.000000,0.000000,0.000000
NA,BRITTANY,NA,NA,HIGHWAY,0.000000,0.000000,0.000000,0.000000,0.000000,0.000000
NA,BRITTANY,NA,NA,LIGHT FABRICATION AND ASSEMBLY,0.000000,0.000000,0.000000,0.000000,0.000000,0.000000
NA,BRITTANY,NA,NA,PERMANENT DWELLING (MULTI FAMILY HOUSING),0.000000,0.000000,0.000000,0.000000,0.000000,0.000000
NA,BRITTANY,NA,NA,PERMANENT DWELLING (SINGLE FAMILY HOUSING),0.000000,0.000000,0.000000,0.000000,0.000000,0.000000
NA,BRITTANY,NA,NA,PERSONAL AND REPAIR SERVICES,0.000000,0.000000,0.000000,0.000000,0.000000,0.000000
NA,BRITTANY,NA,NA,PETROLEUM,0.000000,0.000000,0.000000,0.000000,0.000000,0.000000
NA,BRITTANY,NA,NA,"PROFESSIONAL, TECHNICAL AND BUSINESS SERVICES",0.000000,0.000000,0.000000,0.000000,0.000000,0.000000
NA,BRITTANY,NA,NA,RELIGION AND NONPROFIT,0.000000,0.000000,0.000000,0.000000,0.000000,0.000000
NA,BRITTANY,NA,NA,RESTAURANTS,0.000000,0.000000,0.000000,0.000000,0.000000,0.000000
NA,BRITTANY,NA,NA,RETAIL TRADE,0.000000,0.000000,0.000000,0.000000,0.000000,0.000000
NA,BRITTANY,NA,NA,SANITARY SEWER,0.000000,0.000000,0.000000,0.000000,0.000000,0.000000
NA,BRITTANY,NA,NA,TEMPORARY LODGING,0.000000,0.000000,0.000000,0.000000,0.000000,0.000000
NA,BRITTANY,NA,NA,WHOLESALE TRADE,0.000000,0.000000,0.000000,0.000000,0.000000,0.000000
NA,BOURGOGNE-FRANCHE-COMTÉ,NA,NA,AGRICULTURE,0.000000,0.000000,0.000000,0.000000,0.000000,0.000000
NA,BOURGOGNE-FRANCHE-COMTÉ,NA,NA,AIR,0.000000,0.000000,0.000000,0.000000,0.000000,0.000000
NA,BOURGOGNE-FRANCHE-COMTÉ,NA,NA,CASINOS,0.000000,0.000000,0.000000,0.000000,0.000000,0.000000
NA,BOURGOGNE-FRANCHE-COMTÉ,NA,NA,CONSTRUCTION,0.000000,0.000000,0.000000,0.000000,0.000000,0.000000
NA,BOURGOGNE-FRANCHE-COMTÉ,NA,NA,EDUCATION,0.000000,0.000000,0.000000,0.000000,0.000000,0.000000
NA,BOURGOGNE-FRANCHE-COMTÉ,NA,NA,EMERGENCY RESPONSE SERVICES,0.000000,0.000000,0.000000,0.000000,0.000000,0.000000
NA,BOURGOGNE-FRANCHE-COMTÉ,NA,NA,ENTERTAINMENT AND RECREATION,0.000000,0.000000,0.000000,0.000000,0.000000,0.000000
NA,BOURGOGNE-FRANCHE-COMTÉ,NA,NA,FOOD AND DRUGS PROCESSING,0.000000,0.000000,0.000000,0.000000,0.000000,0.000000
NA,BOURGOGNE-FRANCHE-COMTÉ,NA,NA,GASOLINE SERVICE STATIONS,0.000000,0.000000,0.000000,0.000000,0.000000,0.000000
NA,BOURGOGNE-FRANCHE-COMTÉ,NA,NA,GENERAL SERVICES,0.000000,0.000000,0.000000,0.000000,0.000000,0.000000
NA,BOURGOGNE-FRANCHE-COMTÉ,NA,NA,GROUP INSTITUTIONAL HOUSING,0.000000,0.000000,0.000000,0.000000,0.000000,0.000000
NA,BOURGOGNE-FRANCHE-COMTÉ,NA,NA,HEALTH CARE SERVICE,0.000000,0.000000,0.000000,0.000000,0.000000,0.000000
NA,BOURGOGNE-FRANCHE-COMTÉ,NA,NA,HEAVY FABRICATION AND ASSEMBLY,0.000000,0.000000,0.000000,0.000000,0.000000,0.000000
NA,BOURGOGNE-FRANCHE-COMTÉ,NA,NA,HIGHWAY,0.000000,0.000000,0.000000,0.000000,0.000000,0.000000
NA,BOURGOGNE-FRANCHE-COMTÉ,NA,NA,LIGHT FABRICATION AND ASSEMBLY,0.000000,0.000000,0.000000,0.000000,0.000000,0.000000
NA,BOURGOGNE-FRANCHE-COMTÉ,NA,NA,PERMANENT DWELLING (MULTI FAMILY HOUSING),0.000000,0.000000,0.000000,0.000000,0.000000,0.000000
NA,BOURGOGNE-FRANCHE-COMTÉ,NA,NA,PERMANENT DWELLING (SINGLE FAMILY HOUSING),0.000000,0.000000,0.000000,0.000000,0.000000,0.000000
NA,BOURGOGNE-FRANCHE-COMTÉ,NA,NA,PERSONAL AND REPAIR SERVICES,0.000000,0.000000,0.000000,0.000000,0.000000,0.000000
NA,BOURGOGNE-FRANCHE-COMTÉ,NA,NA,PETROLEUM,0.000000,0.000000,0.000000,0.000000,0.000000,0.000000
NA,BOURGOGNE-FRANCHE-COMTÉ,NA,NA,"PROFESSIONAL, TECHNICAL AND BUSINESS SERVICES",0.000000,0.000000,0.000000,0.000000,0.000000,0.000000
NA,BOURGOGNE-FRANCHE-COMTÉ,NA,NA,RELIGION AND NONPROFIT,0.000000,0.000000,0.000000,0.000000,0.000000,0.000000
NA,BOURGOGNE-FRANCHE-COMTÉ,NA,NA,RESTAURANTS,0.000000,0.000000,0.000000,0.000000,0.000000,0.000000
NA,BOURGOGNE-FRANCHE-COMTÉ,NA,NA,RETAIL TRADE,0.000000,0.000000,0.000000,0.000000,0.000000,0.000000
NA,BOURGOGNE-FRANCHE-COMTÉ,NA,NA,SANITARY SEWER,0.000000,0.000000,0.000000,0.000000,0.000000,0.000000
NA,BOURGOGNE-FRANCHE-COMTÉ,NA,NA,TEMPORARY LODGING,0.000000,0.000000,0.000000,0.000000,0.000000,0.000000
NA,BOURGOGNE-FRANCHE-COMTÉ,NA,NA,WHOLESALE TRADE,0.000000,0.000000,0.000000,0.000000,0.000000,0.000000
NA,CORSICA,NA,NA,AGRICULTURE,0.000000,0.000000,0.000000,0.000000,0.000000,0.000000
NA,CORSICA,NA,NA,AIR,0.000000,0.000000,0.000000,0.000000,0.000000,0.000000
NA,CORSICA,NA,NA,CASINOS,0.000000,0.000000,0.000000,0.000000,0.000000,0.000000
NA,CORSICA,NA,NA,CONSTRUCTION,0.000000,0.000000,0.000000,0.000000,0.000000,0.000000
NA,CORSICA,NA,NA,EDUCATION,0.000000,0.000000,0.000000,0.000000,0.000000,0.000000
NA,CORSICA,NA,NA,EMERGENCY RESPONSE SERVICES,0.000000,0.000000,0.000000,0.000000,0.000000,0.000000
NA,CORSICA,NA,NA,ENTERTAINMENT AND RECREATION,0.000000,0.000000,0.000000,0.000000,0.000000,0.000000
NA,CORSICA,NA,NA,FOOD AND DRUGS PROCESSING,0.000000,0.000000,0.000000,0.000000,0.000000,0.000000
NA,CORSICA,NA,NA,GASOLINE SERVICE STATIONS,0.000000,0.000000,0.000000,0.000000,0.000000,0.000000
NA,CORSICA,NA,NA,GENERAL SERVICES,0.000000,0.000000,0.000000,0.000000,0.000000,0.000000
NA,CORSICA,NA,NA,GROUP INSTITUTIONAL HOUSING,0.000000,0.000000,0.000000,0.000000,0.000000,0.000000
NA,CORSICA,NA,NA,HEALTH CARE SERVICE,0.000000,0.000000,0.000000,0.000000,0.000000,0.000000
NA,CORSICA,NA,NA,HEAVY FABRICATION AND ASSEMBLY,0.000000,0.000000,0.000000,0.000000,0.000000,0.000000
NA,CORSICA,NA,NA,HIGHWAY,0.000000,0.000000,0.000000,0.000000,0.000000,0.000000
NA,CORSICA,NA,NA,LIGHT FABRICATION AND ASSEMBLY,0.000000,0.000000,0.000000,0.000000,0.000000,0.000000
NA,CORSICA,NA,NA,PERMANENT DWELLING (MULTI FAMILY HOUSING),0.000000,0.000000,0.000000,0.000000,0.000000,0.000000
NA,CORSICA,NA,NA,PERMANENT DWELLING (SINGLE FAMILY HOUSING),0.000000,0.000000,0.000000,0.000000,0.000000,0.000000
NA,CORSICA,NA,NA,PERSONAL AND REPAIR SERVICES,0.000000,0.000000,0.000000,0.000000,0.000000,0.000000
NA,CORSICA,NA,NA,PETROLEUM,0.000000,0.000000,0.000000,0.000000,0.000000,0.000000
NA,CORSICA,NA,NA,"PROFESSIONAL, TECHNICAL AND BUSINESS SERVICES",0.000000,0.000000,0.000000,0.000000,0.000000,0.000000
NA,CORSICA,NA,NA,RELIGION AND NONPROFIT,0.000000,0.000000,0.000000,0.000000,0.000000,0.000000
NA,CORSICA,NA,NA,RESTAURANTS,0.000000,0.000000,0.000000,0.000000,0.000000,0.000000
NA,CORSICA,NA,NA,RETAIL TRADE,0.000000,0.000000,0.000000,0.000000,0.000000,0.000000
NA,CORSICA,NA,NA,SANITARY SEWER,0.000000,0.000000,0.000000,0.000000,0.000000,0.000000
NA,CORSICA,NA,NA,TEMPORARY LODGING,0.000000,0.000000,0.000000,0.000000,0.000000,0.000000
NA,CORSICA,NA,NA,WHOLESALE TRADE,0.000000,0.000000,0.000000,0.000000,0.000000,0.000000
NA,CENTRE-VAL DE LOIRE,NA,NA,AGRICULTURE,0.000000,0.000000,0.000000,0.000000,0.000000,0.000000
NA,CENTRE-VAL DE LOIRE,NA,NA,AIR,0.000000,0.000000,0.000000,0.000000,0.000000,0.000000
NA,CENTRE-VAL DE LOIRE,NA,NA,CASINOS,0.000000,0.000000,0.000000,0.000000,0.000000,0.000000
NA,CENTRE-VAL DE LOIRE,NA,NA,CONSTRUCTION,0.000000,0.000000,0.000000,0.000000,0.000000,0.000000
NA,CENTRE-VAL DE LOIRE,NA,NA,EDUCATION,0.000000,0.000000,0.000000,0.000000,0.000000,0.000000
NA,CENTRE-VAL DE LOIRE,NA,NA,EMERGENCY RESPONSE SERVICES,0.000000,0.000000,0.000000,0.000000,0.000000,0.000000
NA,CENTRE-VAL DE LOIRE,NA,NA,ENTERTAINMENT AND RECREATION,0.000000,0.000000,0.000000,0.000000,0.000000,0.000000
NA,CENTRE-VAL DE LOIRE,NA,NA,FOOD AND DRUGS PROCESSING,0.000000,0.000000,0.000000,0.000000,0.000000,0.000000
NA,CENTRE-VAL DE LOIRE,NA,NA,GASOLINE SERVICE STATIONS,0.000000,0.000000,0.000000,0.000000,0.000000,0.000000
NA,CENTRE-VAL DE LOIRE,NA,NA,GENERAL SERVICES,0.000000,0.000000,0.000000,0.000000,0.000000,0.000000
NA,CENTRE-VAL DE LOIRE,NA,NA,GROUP INSTITUTIONAL HOUSING,0.000000,0.000000,0.000000,0.000000,0.000000,0.000000
NA,CENTRE-VAL DE LOIRE,NA,NA,HEALTH CARE SERVICE,0.000000,0.000000,0.000000,0.000000,0.000000,0.000000
NA,CENTRE-VAL DE LOIRE,NA,NA,HEAVY FABRICATION AND ASSEMBLY,0.000000,0.000000,0.000000,0.000000,0.000000,0.000000
NA,CENTRE-VAL DE LOIRE,NA,NA,HIGHWAY,0.000000,0.000000,0.000000,0.000000,0.000000,0.000000
NA,CENTRE-VAL DE LOIRE,NA,NA,LIGHT FABRICATION AND ASSEMBLY,0.000000,0.000000,0.000000,0.000000,0.000000,0.000000
NA,CENTRE-VAL DE LOIRE,NA,NA,PERMANENT DWELLING (MULTI FAMILY HOUSING),0.000000,0.000000,0.000000,0.000000,0.000000,0.000000
NA,CENTRE-VAL DE LOIRE,NA,NA,PERMANENT DWELLING (SINGLE FAMILY HOUSING),0.000000,0.000000,0.000000,0.000000,0.000000,0.000000
NA,CENTRE-VAL DE LOIRE,NA,NA,PERSONAL AND REPAIR SERVICES,0.000000,0.000000,0.000000,0.000000,0.000000,0.000000
NA,CENTRE-VAL DE LOIRE,NA,NA,PETROLEUM,0.000000,0.000000,0.000000,0.000000,0.000000,0.000000
NA,CENTRE-VAL DE LOIRE,NA,NA,"PROFESSIONAL, TECHNICAL AND BUSINESS SERVICES",0.000000,0.000000,0.000000,0.000000,0.000000,0.000000
NA,CENTRE-VAL DE LOIRE,NA,NA,RELIGION AND NONPROFIT,0.000000,0.000000,0.000000,0.000000,0.000000,0.000000
NA,CENTRE-VAL DE LOIRE,NA,NA,RESTAURANTS,0.000000,0.000000,0.000000,0.000000,0.000000,0.000000
NA,CENTRE-VAL DE LOIRE,NA,NA,RETAIL TRADE,0.000000,0.000000,0.000000,0.000000,0.000000,0.000000
NA,CENTRE-VAL DE LOIRE,NA,NA,SANITARY SEWER,0.000000,0.000000,0.000000,0.000000,0.000000,0.000000
NA,CENTRE-VAL DE LOIRE,NA,NA,TEMPORARY LODGING,0.000000,0.000000,0.000000,0.000000,0.000000,0.000000
NA,CENTRE-VAL DE LOIRE,NA,NA,WHOLESALE TRADE,0.000000,0.000000,0.000000,0.000000,0.000000,0.000000
NA,GRAND EST,NA,NA,AGRICULTURE,0.000000,0.000000,0.000000,0.000000,0.000000,0.000000
NA,GRAND EST,NA,NA,AIR,0.000000,0.000000,0.000000,0.000000,0.000000,0.000000
NA,GRAND EST,NA,NA,CASINOS,0.000000,0.000000,0.000000,0.000000,0.000000,0.000000
NA,GRAND EST,NA,NA,CONSTRUCTION,0.000000,0.000000,0.000000,0.000000,0.000000,0.000000
NA,GRAND EST,NA,NA,EDUCATION,0.000000,0.000000,0.000000,0.000000,0.000000,0.000000
NA,GRAND EST,NA,NA,EMERGENCY RESPONSE SERVICES,0.000000,0.000000,0.000000,0.000000,0.000000,0.000000
NA,GRAND EST,NA,NA,ENTERTAINMENT AND RECREATION,0.000000,0.000000,0.000000,0.000000,0.000000,0.000000
NA,GRAND EST,NA,NA,FOOD AND DRUGS PROCESSING,0.000000,0.000000,0.000000,0.000000,0.000000,0.000000
NA,GRAND EST,NA,NA,GASOLINE SERVICE STATIONS,0.000000,0.000000,0.000000,0.000000,0.000000,0.000000
NA,GRAND EST,NA,NA,GENERAL SERVICES,0.000000,0.000000,0.000000,0.000000,0.000000,0.000000
NA,GRAND EST,NA,NA,GROUP INSTITUTIONAL HOUSING,0.000000,0.000000,0.000000,0.000000,0.000000,0.000000
NA,GRAND EST,NA,NA,HEALTH CARE SERVICE,0.000000,0.000000,0.000000,0.000000,0.000000,0.000000
NA,GRAND EST,NA,NA,HEAVY FABRICATION AND ASSEMBLY,0.000000,0.000000,0.000000,0.000000,0.000000,0.000000
NA,GRAND EST,NA,NA,HIGHWAY,0.000000,0.000000,0.000000,0.000000,0.000000,0.000000
NA,GRAND EST,NA,NA,LIGHT FABRICATION AND ASSEMBLY,0.000000,0.000000,0.000000,0.000000,0.000000,0.000000
NA,GRAND EST,NA,NA,PERMANENT DWELLING (MULTI FAMILY HOUSING),0.000000,0.000000,0.000000,0.000000,0.000000,0.000000
NA,GRAND EST,NA,NA,PERMANENT DWELLING (SINGLE FAMILY HOUSING),0.000000,0.000000,0.000000,0.000000,0.000000,0.000000
NA,GRAND EST,NA,NA,PERSONAL AND REPAIR SERVICES,0.000000,0.000000,0.000000,0.000000,0.000000,0.000000
NA,GRAND EST,NA,NA,PETROLEUM,0.000000,0.000000,0.000000,0.000000,0.000000,0.000000
NA,GRAND EST,NA,NA,"PROFESSIONAL, TECHNICAL AND BUSINESS SERVICES",0.000000,0.000000,0.000000,0.000000,0.000000,0.000000
NA,GRAND EST,NA,NA,RELIGION AND NONPROFIT,0.000000,0.000000,0.000000,0.000000,0.000000,0.000000
NA,GRAND EST,NA,NA,RESTAURANTS,0.000000,0.000000,0.000000,0.000000,0.000000,0.000000
NA,GRAND EST,NA,NA,RETAIL TRADE,0.000000,0.000000,0.000000,0.000000,0.000000,0.000000
NA,GRAND EST,NA,NA,SANITARY SEWER,0.000000,0.000000,0.000000,0.000000,0.000000,0.000000
NA,GRAND EST,NA,NA,TEMPORARY LODGING,0.000000,0.000000,0.000000,0.000000,0.000000,0.000000
NA,GRAND EST,NA,NA,WHOLESALE TRADE,0.000000,0.000000,0.000000,0.000000,0.000000,0.000000
NA,HAUTS-DE-FRANCE,NA,NA,AGRICULTURE,0.000000,0.000000,0.000000,0.000000,0.000000,0.000000
NA,HAUTS-DE-FRANCE,NA,NA,AIR,0.000000,0.000000,0.000000,0.000000,0.000000,0.000000
NA,HAUTS-DE-FRANCE,NA,NA,CASINOS,0.000000,0.000000,0.000000,0.000000,0.000000,0.000000
NA,HAUTS-DE-FRANCE,NA,NA,CONSTRUCTION,0.000000,0.000000,0.000000,0.000000,0.000000,0.000000
NA,HAUTS-DE-FRANCE,NA,NA,EDUCATION,0.000000,0.000000,0.000000,0.000000,0.000000,0.000000
NA,HAUTS-DE-FRANCE,NA,NA,EMERGENCY RESPONSE SERVICES,0.000000,0.000000,0.000000,0.000000,0.000000,0.000000
NA,HAUTS-DE-FRANCE,NA,NA,ENTERTAINMENT AND RECREATION,0.000000,0.000000,0.000000,0.000000,0.000000,0.000000
NA,HAUTS-DE-FRANCE,NA,NA,FOOD AND DRUGS PROCESSING,0.000000,0.000000,0.000000,0.000000,0.000000,0.000000
NA,HAUTS-DE-FRANCE,NA,NA,GASOLINE SERVICE STATIONS,0.000000,0.000000,0.000000,0.000000,0.000000,0.000000
NA,HAUTS-DE-FRANCE,NA,NA,GENERAL SERVICES,0.000000,0.000000,0.000000,0.000000,0.000000,0.000000
NA,HAUTS-DE-FRANCE,NA,NA,GROUP INSTITUTIONAL HOUSING,0.000000,0.000000,0.000000,0.000000,0.000000,0.000000
NA,HAUTS-DE-FRANCE,NA,NA,HEALTH CARE SERVICE,0.000000,0.000000,0.000000,0.000000,0.000000,0.000000
NA,HAUTS-DE-FRANCE,NA,NA,HEAVY FABRICATION AND ASSEMBLY,0.000000,0.000000,0.000000,0.000000,0.000000,0.000000
NA,HAUTS-DE-FRANCE,NA,NA,HIGHWAY,0.000000,0.000000,0.000000,0.000000,0.000000,0.000000
NA,HAUTS-DE-FRANCE,NA,NA,LIGHT FABRICATION AND ASSEMBLY,0.000000,0.000000,0.000000,0.000000,0.000000,0.000000
NA,HAUTS-DE-FRANCE,NA,NA,PERMANENT DWELLING (MULTI FAMILY HOUSING),0.000000,0.000000,0.000000,0.000000,0.000000,0.000000
NA,HAUTS-DE-FRANCE,NA,NA,PERMANENT DWELLING (SINGLE FAMILY HOUSING),0.000000,0.000000,0.000000,0.000000,0.000000,0.000000
NA,HAUTS-DE-FRANCE,NA,NA,PERSONAL AND REPAIR SERVICES,0.000000,0.000000,0.000000,0.000000,0.000000,0.000000
NA,HAUTS-DE-FRANCE,NA,NA,PETROLEUM,0.000000,0.000000,0.000000,0.000000,0.000000,0.000000
NA,HAUTS-DE-FRANCE,NA,NA,"PROFESSIONAL, TECHNICAL AND BUSINESS SERVICES",0.000000,0.000000,0.000000,0.000000,0.000000,0.000000
NA,HAUTS-DE-FRANCE,NA,NA,RELIGION AND NONPROFIT,0.000000,0.000000,0.000000,0.000000,0.000000,0.000000
NA,HAUTS-DE-FRANCE,NA,NA,RESTAURANTS,0.000000,0.000000,0.000000,0.000000,0.000000,0.000000
NA,HAUTS-DE-FRANCE,NA,NA,RETAIL TRADE,0.000000,0.000000,0.000000,0.000000,0.000000,0.000000
NA,HAUTS-DE-FRANCE,NA,NA,SANITARY SEWER,0.000000,0.000000,0.000000,0.000000,0.000000,0.000000
NA,HAUTS-DE-FRANCE,NA,NA,TEMPORARY LODGING,0.000000,0.000000,0.000000,0.000000,0.000000,0.000000
NA,HAUTS-DE-FRANCE,NA,NA,WHOLESALE TRADE,0.000000,0.000000,0.000000,0.000000,0.000000,0.000000
NA,ÎLE-DE-FRANCE,NA,NA,AGRICULTURE,0.000000,0.000000,0.000000,0.000000,0.000000,0.000000
NA,ÎLE-DE-FRANCE,NA,NA,AIR,0.000000,0.000000,0.000000,0.000000,0.000000,0.000000
NA,ÎLE-DE-FRANCE,NA,NA,CASINOS,0.000000,0.000000,0.000000,0.000000,0.000000,0.000000
NA,ÎLE-DE-FRANCE,NA,NA,CONSTRUCTION,0.000000,0.000000,0.000000,0.000000,0.000000,0.000000
NA,ÎLE-DE-FRANCE,NA,NA,EDUCATION,0.000000,0.000000,0.000000,0.000000,0.000000,0.000000
NA,ÎLE-DE-FRANCE,NA,NA,EMERGENCY RESPONSE SERVICES,0.000000,0.000000,0.000000,0.000000,0.000000,0.000000
NA,ÎLE-DE-FRANCE,NA,NA,ENTERTAINMENT AND RECREATION,0.000000,0.000000,0.000000,0.000000,0.000000,0.000000
NA,ÎLE-DE-FRANCE,NA,NA,FOOD AND DRUGS PROCESSING,0.000000,0.000000,0.000000,0.000000,0.000000,0.000000
NA,ÎLE-DE-FRANCE,NA,NA,GASOLINE SERVICE STATIONS,0.000000,0.000000,0.000000,0.000000,0.000000,0.000000
NA,ÎLE-DE-FRANCE,NA,NA,GENERAL SERVICES,0.000000,0.000000,0.000000,0.000000,0.000000,0.000000
NA,ÎLE-DE-FRANCE,NA,NA,GROUP INSTITUTIONAL HOUSING,0.000000,0.000000,0.000000,0.000000,0.000000,0.000000
NA,ÎLE-DE-FRANCE,NA,NA,HEALTH CARE SERVICE,0.000000,0.000000,0.000000,0.000000,0.000000,0.000000
NA,ÎLE-DE-FRANCE,NA,NA,HEAVY FABRICATION AND ASSEMBLY,0.000000,0.000000,0.000000,0.000000,0.000000,0.000000
NA,ÎLE-DE-FRANCE,NA,NA,HIGHWAY,0.000000,0.000000,0.000000,0.000000,0.000000,0.000000
NA,ÎLE-DE-FRANCE,NA,NA,LIGHT FABRICATION AND ASSEMBLY,0.000000,0.000000,0.000000,0.000000,0.000000,0.000000
NA,ÎLE-DE-FRANCE,NA,NA,PERMANENT DWELLING (MULTI FAMILY HOUSING),0.000000,0.000000,0.000000,0.000000,0.000000,0.000000
NA,ÎLE-DE-FRANCE,NA,NA,PERMANENT DWELLING (SINGLE FAMILY HOUSING),0.000000,0.000000,0.000000,0.000000,0.000000,0.000000
NA,ÎLE-DE-FRANCE,NA,NA,PERSONAL AND REPAIR SERVICES,0.000000,0.000000,0.000000,0.000000,0.000000,0.000000
NA,ÎLE-DE-FRANCE,NA,NA,PETROLEUM,0.000000,0.000000,0.000000,0.000000,0.000000,0.000000
NA,ÎLE-DE-FRANCE,NA,NA,"PROFESSIONAL, TECHNICAL AND BUSINESS SERVICES",0.000000,0.000000,0.000000,0.000000,0.000000,0.000000
NA,ÎLE-DE-FRANCE,NA,NA,RELIGION AND NONPROFIT,0.000000,0.000000,0.000000,0.000000,0.000000,0.000000
NA,ÎLE-DE-FRANCE,NA,NA,RESTAURANTS,0.000000,0.000000,0.000000,0.000000,0.000000,0.000000
NA,ÎLE-DE-FRANCE,NA,NA,RETAIL TRADE,0.000000,0.000000,0.000000,0.000000,0.000000,0.000000
NA,ÎLE-DE-FRANCE,NA,NA,SANITARY SEWER,0.000000,0.000000,0.000000,0.000000,0.000000,0.000000
NA,ÎLE-DE-FRANCE,NA,NA,TEMPORARY LODGING,0.000000,0.000000,0.000000,0.000000,0.000000,0.000000
NA,ÎLE-DE-FRANCE,NA,NA,WHOLESALE TRADE,0.000000,0.000000,0.000000,0.000000,0.000000,0.000000
NA,NOUVELLE-AQUITAINE,NA,NA,AGRICULTURE,0.000000,0.000000,0.000000,0.000000,0.000000,0.000000
NA,NOUVELLE-AQUITAINE,NA,NA,AIR,0.000000,0.000000,0.000000,0.000000,0.000000,0.000000
NA,NOUVELLE-AQUITAINE,NA,NA,CASINOS,0.000000,0.000000,0.000000,0.000000,0.000000,0.000000
NA,NOUVELLE-AQUITAINE,NA,NA,CONSTRUCTION,0.000000,0.000000,0.000000,0.000000,0.000000,0.000000
NA,NOUVELLE-AQUITAINE,NA,NA,EDUCATION,0.000000,0.000000,0.000000,0.000000,0.000000,0.000000
NA,NOUVELLE-AQUITAINE,NA,NA,EMERGENCY RESPONSE SERVICES,0.000000,0.000000,0.000000,0.000000,0.000000,0.000000
NA,NOUVELLE-AQUITAINE,NA,NA,ENTERTAINMENT AND RECREATION,0.000000,0.000000,0.000000,0.000000,0.000000,0.000000
NA,NOUVELLE-AQUITAINE,NA,NA,FOOD AND DRUGS PROCESSING,0.000000,0.000000,0.000000,0.000000,0.000000,0.000000
NA,NOUVELLE-AQUITAINE,NA,NA,GASOLINE SERVICE STATIONS,0.000000,0.000000,0.000000,0.000000,0.000000,0.000000
NA,NOUVELLE-AQUITAINE,NA,NA,GENERAL SERVICES,0.000000,0.000000,0.000000,0.000000,0.000000,0.000000
NA,NOUVELLE-AQUITAINE,NA,NA,GROUP INSTITUTIONAL HOUSING,0.000000,0.000000,0.000000,0.000000,0.000000,0.000000
NA,NOUVELLE-AQUITAINE,NA,NA,HEALTH CARE SERVICE,0.000000,0.000000,0.000000,0.000000,0.000000,0.000000
NA,NOUVELLE-AQUITAINE,NA,NA,HEAVY FABRICATION AND ASSEMBLY,0.000000,0.000000,0.000000,0.000000,0.000000,0.000000
NA,NOUVELLE-AQUITAINE,NA,NA,HIGHWAY,0.000000,0.000000,0.000000,0.000000,0.000000,0.000000
NA,NOUVELLE-AQUITAINE,NA,NA,LIGHT FABRICATION AND ASSEMBLY,0.000000,0.000000,0.000000,0.000000,0.000000,0.000000
NA,NOUVELLE-AQUITAINE,NA,NA,PERMANENT DWELLING (MULTI FAMILY HOUSING),0.000000,0.000000,0.000000,0.000000,0.000000,0.000000
NA,NOUVELLE-AQUITAINE,NA,NA,PERMANENT DWELLING (SINGLE FAMILY HOUSING),0.000000,0.000000,0.000000,0.000000,0.000000,0.000000
NA,NOUVELLE-AQUITAINE,NA,NA,PERSONAL AND REPAIR SERVICES,0.000000,0.000000,0.000000,0.000000,0.000000,0.000000
NA,NOUVELLE-AQUITAINE,NA,NA,PETROLEUM,0.000000,0.000000,0.000000,0.000000,0.000000,0.000000
NA,NOUVELLE-AQUITAINE,NA,NA,"PROFESSIONAL, TECHNICAL AND BUSINESS SERVICES",0.000000,0.000000,0.000000,0.000000,0.000000,0.000000
NA,NOUVELLE-AQUITAINE,NA,NA,RELIGION AND NONPROFIT,0.000000,0.000000,0.000000,0.000000,0.000000,0.000000
NA,NOUVELLE-AQUITAINE,NA,NA,RESTAURANTS,0.000000,0.000000,0.000000,0.000000,0.000000,0.000000
NA,NOUVELLE-AQUITAINE,NA,NA,RETAIL TRADE,0.000000,0.000000,0.000000,0.000000,0.000000,0.000000
NA,NOUVELLE-AQUITAINE,NA,NA,SANITARY SEWER,0.000000,0.000000,0.000000,0.000000,0.000000,0.000000
NA,NOUVELLE-AQUITAINE,NA,NA,TEMPORARY LODGING,0.000000,0.000000,0.000000,0.000000,0.000000,0.000000
NA,NOUVELLE-AQUITAINE,NA,NA,WHOLESALE TRADE,0.000000,0.000000,0.000000,0.000000,0.000000,0.000000
NA,NORMANDY,NA,NA,AGRICULTURE,0.000000,0.000000,0.000000,0.000000,0.000000,0.000000
NA,NORMANDY,NA,NA,AIR,0.000000,0.000000,0.000000,0.000000,0.000000,0.000000
NA,NORMANDY,NA,NA,CASINOS,0.000000,0.000000,0.000000,0.000000,0.000000,0.000000
NA,NORMANDY,NA,NA,CONSTRUCTION,0.000000,0.000000,0.000000,0.000000,0.000000,0.000000
NA,NORMANDY,NA,NA,EDUCATION,0.000000,0.000000,0.000000,0.000000,0.000000,0.000000
NA,NORMANDY,NA,NA,EMERGENCY RESPONSE SERVICES,0.000000,0.000000,0.000000,0.000000,0.000000,0.000000
NA,NORMANDY,NA,NA,ENTERTAINMENT AND RECREATION,0.000000,0.000000,0.000000,0.000000,0.000000,0.000000
NA,NORMANDY,NA,NA,FOOD AND DRUGS PROCESSING,0.000000,0.000000,0.000000,0.000000,0.000000,0.000000
NA,NORMANDY,NA,NA,GASOLINE SERVICE STATIONS,0.000000,0.000000,0.000000,0.000000,0.000000,0.000000
NA,NORMANDY,NA,NA,GENERAL SERVICES,0.000000,0.000000,0.000000,0.000000,0.000000,0.000000
NA,NORMANDY,NA,NA,GROUP INSTITUTIONAL HOUSING,0.000000,0.000000,0.000000,0.000000,0.000000,0.000000
NA,NORMANDY,NA,NA,HEALTH CARE SERVICE,0.000000,0.000000,0.000000,0.000000,0.000000,0.000000
NA,NORMANDY,NA,NA,HEAVY FABRICATION AND ASSEMBLY,0.000000,0.000000,0.000000,0.000000,0.000000,0.000000
NA,NORMANDY,NA,NA,HIGHWAY,0.000000,0.000000,0.000000,0.000000,0.000000,0.000000
NA,NORMANDY,NA,NA,LIGHT FABRICATION AND ASSEMBLY,0.000000,0.000000,0.000000,0.000000,0.000000,0.000000
NA,NORMANDY,NA,NA,PERMANENT DWELLING (MULTI FAMILY HOUSING),0.000000,0.000000,0.000000,0.000000,0.000000,0.000000
NA,NORMANDY,NA,NA,PERMANENT DWELLING (SINGLE FAMILY HOUSING),0.000000,0.000000,0.000000,0.000000,0.000000,0.000000
NA,NORMANDY,NA,NA,PERSONAL AND REPAIR SERVICES,0.000000,0.000000,0.000000,0.000000,0.000000,0.000000
NA,NORMANDY,NA,NA,PETROLEUM,0.000000,0.000000,0.000000,0.000000,0.000000,0.000000
NA,NORMANDY,NA,NA,"PROFESSIONAL, TECHNICAL AND BUSINESS SERVICES",0.000000,0.000000,0.000000,0.000000,0.000000,0.000000
NA,NORMANDY,NA,NA,RELIGION AND NONPROFIT,0.000000,0.000000,0.000000,0.000000,0.000000,0.000000
NA,NORMANDY,NA,NA,RESTAURANTS,0.000000,0.000000,0.000000,0.000000,0.000000,0.000000
NA,NORMANDY,NA,NA,RETAIL TRADE,0.000000,0.000000,0.000000,0.000000,0.000000,0.000000
NA,NORMANDY,NA,NA,SANITARY SEWER,0.000000,0.000000,0.000000,0.000000,0.000000,0.000000
NA,NORMANDY,NA,NA,TEMPORARY LODGING,0.000000,0.000000,0.000000,0.000000,0.000000,0.000000
NA,NORMANDY,NA,NA,WHOLESALE TRADE,0.000000,0.000000,0.000000,0.000000,0.000000,0.000000
NA,OCCITANIA,NA,NA,AGRICULTURE,0.000000,0.000000,0.000000,0.000000,0.000000,0.000000
NA,OCCITANIA,NA,NA,AIR,0.000000,0.000000,0.000000,0.000000,0.000000,0.000000
NA,OCCITANIA,NA,NA,CASINOS,0.000000,0.000000,0.000000,0.000000,0.000000,0.000000
NA,OCCITANIA,NA,NA,CONSTRUCTION,0.000000,0.000000,0.000000,0.000000,0.000000,0.000000
NA,OCCITANIA,NA,NA,EDUCATION,0.000000,0.000000,0.000000,0.000000,0.000000,0.000000
NA,OCCITANIA,NA,NA,EMERGENCY RESPONSE SERVICES,0.000000,0.000000,0.000000,0.000000,0.000000,0.000000
NA,OCCITANIA,NA,NA,ENTERTAINMENT AND RECREATION,0.000000,0.000000,0.000000,0.000000,0.000000,0.000000
NA,OCCITANIA,NA,NA,FOOD AND DRUGS PROCESSING,0.000000,0.000000,0.000000,0.000000,0.000000,0.000000
NA,OCCITANIA,NA,NA,GASOLINE SERVICE STATIONS,0.000000,0.000000,0.000000,0.000000,0.000000,0.000000
NA,OCCITANIA,NA,NA,GENERAL SERVICES,0.000000,0.000000,0.000000,0.000000,0.000000,0.000000
NA,OCCITANIA,NA,NA,GROUP INSTITUTIONAL HOUSING,0.000000,0.000000,0.000000,0.000000,0.000000,0.000000
NA,OCCITANIA,NA,NA,HEALTH CARE SERVICE,0.000000,0.000000,0.000000,0.000000,0.000000,0.000000
NA,OCCITANIA,NA,NA,HEAVY FABRICATION AND ASSEMBLY,0.000000,0.000000,0.000000,0.000000,0.000000,0.000000
NA,OCCITANIA,NA,NA,HIGHWAY,0.000000,0.000000,0.000000,0.000000,0.000000,0.000000
NA,OCCITANIA,NA,NA,LIGHT FABRICATION AND ASSEMBLY,0.000000,0.000000,0.000000,0.000000,0.000000,0.000000
NA,OCCITANIA,NA,NA,PERMANENT DWELLING (MULTI FAMILY HOUSING),0.000000,0.000000,0.000000,0.000000,0.000000,0.000000
NA,OCCITANIA,NA,NA,PERMANENT DWELLING (SINGLE FAMILY HOUSING),0.000000,0.000000,0.000000,0.000000,0.000000,0.000000
NA,OCCITANIA,NA,NA,PERSONAL AND REPAIR SERVICES,0.000000,0.000000,0.000000,0.000000,0.000000,0.000000
NA,OCCITANIA,NA,NA,PETROLEUM,0.000000,0.000000,0.000000,0.000000,0.000000,0.000000
NA,OCCITANIA,NA,NA,"PROFESSIONAL, TECHNICAL AND BUSINESS SERVICES",0.000000,0.000000,0.000000,0.000000,0.000000,0.000000
NA,OCCITANIA,NA,NA,RELIGION AND NONPROFIT,0.000000,0.000000,0.000000,0.000000,0.000000,0.000000
NA,OCCITANIA,NA,NA,RESTAURANTS,0.000000,0.000000,0.000000,0.000000,0.000000,0.000000
NA,OCCITANIA,NA,NA,RETAIL TRADE,0.000000,0.000000,0.000000,0.000000,0.000000,0.000000
NA,OCCITANIA,NA,NA,SANITARY SEWER,0.000000,0.000000,0.000000,0.000000,0.000000,0.000000
NA,OCCITANIA,NA,NA,TEMPORARY LODGING,0.000000,0.000000,0.000000,0.000000,0.000000,0.000000
NA,OCCITANIA,NA,NA,WHOLESALE TRADE,0.000000,0.000000,0.000000,0.000000,0.000000,0.000000
NA,PAYS DE LA LOIRE,NA,NA,AGRICULTURE,0.000000,0.000000,0.000000,0.000000,0.000000,0.000000
NA,PAYS DE LA LOIRE,NA,NA,AIR,0.000000,0.000000,0.000000,0.000000,0.000000,0.000000
NA,PAYS DE LA LOIRE,NA,NA,CASINOS,0.000000,0.000000,0.000000,0.000000,0.000000,0.000000
NA,PAYS DE LA LOIRE,NA,NA,CONSTRUCTION,0.000000,0.000000,0.000000,0.000000,0.000000,0.000000
NA,PAYS DE LA LOIRE,NA,NA,EDUCATION,0.000000,0.000000,0.000000,0.000000,0.000000,0.000000
NA,PAYS DE LA LOIRE,NA,NA,EMERGENCY RESPONSE SERVICES,0.000000,0.000000,0.000000,0.000000,0.000000,0.000000
NA,PAYS DE LA LOIRE,NA,NA,ENTERTAINMENT AND RECREATION,0.000000,0.000000,0.000000,0.000000,0.000000,0.000000
NA,PAYS DE LA LOIRE,NA,NA,FOOD AND DRUGS PROCESSING,0.000000,0.000000,0.000000,0.000000,0.000000,0.000000
NA,PAYS DE LA LOIRE,NA,NA,GASOLINE SERVICE STATIONS,0.000000,0.000000,0.000000,0.000000,0.000000,0.000000
NA,PAYS DE LA LOIRE,NA,NA,GENERAL SERVICES,0.000000,0.000000,0.000000,0.000000,0.000000,0.000000
NA,PAYS DE LA LOIRE,NA,NA,GROUP INSTITUTIONAL HOUSING,0.000000,0.000000,0.000000,0.000000,0.000000,0.000000
NA,PAYS DE LA LOIRE,NA,NA,HEALTH CARE SERVICE,0.000000,0.000000,0.000000,0.000000,0.000000,0.000000
NA,PAYS DE LA LOIRE,NA,NA,HEAVY FABRICATION AND ASSEMBLY,0.000000,0.000000,0.000000,0.000000,0.000000,0.000000
NA,PAYS DE LA LOIRE,NA,NA,HIGHWAY,0.000000,0.000000,0.000000,0.000000,0.000000,0.000000
NA,PAYS DE LA LOIRE,NA,NA,LIGHT FABRICATION AND ASSEMBLY,0.000000,0.000000,0.000000,0.000000,0.000000,0.000000
NA,PAYS DE LA LOIRE,NA,NA,PERMANENT DWELLING (MULTI FAMILY HOUSING),0.000000,0.000000,0.000000,0.000000,0.000000,0.000000
NA,PAYS DE LA LOIRE,NA,NA,PERMANENT DWELLING (SINGLE FAMILY HOUSING),0.000000,0.000000,0.000000,0.000000,0.000000,0.000000
NA,PAYS DE LA LOIRE,NA,NA,PERSONAL AND REPAIR SERVICES,0.000000,0.000000,0.000000,0.000000,0.000000,0.000000
NA,PAYS DE LA LOIRE,NA,NA,PETROLEUM,0.000000,0.000000,0.000000,0.000000,0.000000,0.000000
NA,PAYS DE LA LOIRE,NA,NA,"PROFESSIONAL, TECHNICAL AND BUSINESS SERVICES",0.000000,0.000000,0.000000,0.000000,0.000000,0.000000
NA,PAYS DE LA LOIRE,NA,NA,RELIGION AND NONPROFIT,0.000000,0.000000,0.000000,0.000000,0.000000,0.000000
NA,PAYS DE LA LOIRE,NA,NA,RESTAURANTS,0.000000,0.000000,0.000000,0.000000,0.000000,0.000000
NA,PAYS DE LA LOIRE,NA,NA,RETAIL TRADE,0.000000,0.000000,0.000000,0.000000,0.000000,0.000000
NA,PAYS DE LA LOIRE,NA,NA,SANITARY SEWER,0.000000,0.000000,0.000000,0.000000,0.000000,0.000000
NA,PAYS DE LA LOIRE,NA,NA,TEMPORARY LODGING,0.000000,0.000000,0.000000,0.000000,0.000000,0.000000
NA,PAYS DE LA LOIRE,NA,NA,WHOLESALE TRADE,0.000000,0.000000,0.000000,0.000000,0.000000,0.000000
NA,PROVENCE-ALPES-CÔTE D'AZUR,NA,NA,AGRICULTURE,0.000000,0.000000,0.000000,0.000000,0.000000,0.000000
NA,PROVENCE-ALPES-CÔTE D'AZUR,NA,NA,AIR,0.000000,0.000000,0.000000,0.000000,0.000000,0.000000
NA,PROVENCE-ALPES-CÔTE D'AZUR,NA,NA,CASINOS,0.000000,0.000000,0.000000,0.000000,0.000000,0.000000
NA,PROVENCE-ALPES-CÔTE D'AZUR,NA,NA,CONSTRUCTION,0.000000,0.000000,0.000000,0.000000,0.000000,0.000000
NA,PROVENCE-ALPES-CÔTE D'AZUR,NA,NA,EDUCATION,0.000000,0.000000,0.000000,0.000000,0.000000,0.000000
NA,PROVENCE-ALPES-CÔTE D'AZUR,NA,NA,EMERGENCY RESPONSE SERVICES,0.000000,0.000000,0.000000,0.000000,0.000000,0.000000
NA,PROVENCE-ALPES-CÔTE D'AZUR,NA,NA,ENTERTAINMENT AND RECREATION,0.000000,0.000000,0.000000,0.000000,0.000000,0.000000
NA,PROVENCE-ALPES-CÔTE D'AZUR,NA,NA,FOOD AND DRUGS PROCESSING,0.000000,0.000000,0.000000,0.000000,0.000000,0.000000
NA,PROVENCE-ALPES-CÔTE D'AZUR,NA,NA,GASOLINE SERVICE STATIONS,0.000000,0.000000,0.000000,0.000000,0.000000,0.000000
NA,PROVENCE-ALPES-CÔTE D'AZUR,NA,NA,GENERAL SERVICES,0.000000,0.000000,0.000000,0.000000,0.000000,0.000000
NA,PROVENCE-ALPES-CÔTE D'AZUR,NA,NA,GROUP INSTITUTIONAL HOUSING,0.000000,0.000000,0.000000,0.000000,0.000000,0.000000
NA,PROVENCE-ALPES-CÔTE D'AZUR,NA,NA,HEALTH CARE SERVICE,0.000000,0.000000,0.000000,0.000000,0.000000,0.000000
NA,PROVENCE-ALPES-CÔTE D'AZUR,NA,NA,HEAVY FABRICATION AND ASSEMBLY,0.000000,0.000000,0.000000,0.000000,0.000000,0.000000
NA,PROVENCE-ALPES-CÔTE D'AZUR,NA,NA,HIGHWAY,0.000000,0.000000,0.000000,0.000000,0.000000,0.000000
NA,PROVENCE-ALPES-CÔTE D'AZUR,NA,NA,LIGHT FABRICATION AND ASSEMBLY,0.000000,0.000000,0.000000,0.000000,0.000000,0.000000
NA,PROVENCE-ALPES-CÔTE D'AZUR,NA,NA,PERMANENT DWELLING (MULTI FAMILY HOUSING),0.000000,0.000000,0.000000,0.000000,0.000000,0.000000
NA,PROVENCE-ALPES-CÔTE D'AZUR,NA,NA,PERMANENT DWELLING (SINGLE FAMILY HOUSING),0.000000,0.000000,0.000000,0.000000,0.000000,0.000000
NA,PROVENCE-ALPES-CÔTE D'AZUR,NA,NA,PERSONAL AND REPAIR SERVICES,0.000000,0.000000,0.000000,0.000000,0.000000,0.000000
NA,PROVENCE-ALPES-CÔTE D'AZUR,NA,NA,PETROLEUM,0.000000,0.000000,0.000000,0.000000,0.000000,0.000000
NA,PROVENCE-ALPES-CÔTE D'AZUR,NA,NA,"PROFESSIONAL, TECHNICAL AND BUSINESS SERVICES",0.000000,0.000000,0.000000,0.000000,0.000000,0.000000
NA,PROVENCE-ALPES-CÔTE D'AZUR,NA,NA,RELIGION AND NONPROFIT,0.000000,0.000000,0.000000,0.000000,0.000000,0.000000
NA,PROVENCE-ALPES-CÔTE D'AZUR,NA,NA,RESTAURANTS,0.000000,0.000000,0.000000,0.000000,0.000000,0.000000
NA,PROVENCE-ALPES-CÔTE D'AZUR,NA,NA,RETAIL TRADE,0.000000,0.000000,0.000000,0.000000,0.000000,0.000000
NA,PROVENCE-ALPES-CÔTE D'AZUR,NA,NA,SANITARY SEWER,0.000000,0.000000,0.000000,0.000000,0.000000,0.000000
NA,PROVENCE-ALPES-CÔTE D'AZUR,NA,NA,TEMPORARY LODGING,0.000000,0.000000,0.000000,0.000000,0.000000,0.000000
NA,PROVENCE-ALPES-CÔTE D'AZUR,NA,NA,WHOLESALE TRADE,0.000000,0.000000,0.000000,0.000000,0.000000,0.000000
NA,AUVERGNE-RHÔNE-ALPES,NA,NA,AGRICULTURE,0.000000,0.000000,0.000000,0.000000,0.000000,0.000000
NA,AUVERGNE-RHÔNE-ALPES,NA,NA,AIR,0.000000,0.000000,0.000000,0.000000,0.000000,0.000000
NA,AUVERGNE-RHÔNE-ALPES,NA,NA,CASINOS,0.000000,0.000000,0.000000,0.000000,0.000000,0.000000
NA,AUVERGNE-RHÔNE-ALPES,NA,NA,CONSTRUCTION,0.000000,0.000000,0.000000,0.000000,0.000000,0.000000
NA,AUVERGNE-RHÔNE-ALPES,NA,NA,EDUCATION,0.000000,0.000000,0.000000,0.000000,0.000000,0.000000
NA,AUVERGNE-RHÔNE-ALPES,NA,NA,EMERGENCY RESPONSE SERVICES,0.000000,0.000000,0.000000,0.000000,0.000000,0.000000
NA,AUVERGNE-RHÔNE-ALPES,NA,NA,ENTERTAINMENT AND RECREATION,0.000000,0.000000,0.000000,0.000000,0.000000,0.000000
NA,AUVERGNE-RHÔNE-ALPES,NA,NA,FOOD AND DRUGS PROCESSING,0.000000,0.000000,0.000000,0.000000,0.000000,0.000000
NA,AUVERGNE-RHÔNE-ALPES,NA,NA,GASOLINE SERVICE STATIONS,0.000000,0.000000,0.000000,0.000000,0.000000,0.000000
NA,AUVERGNE-RHÔNE-ALPES,NA,NA,GENERAL SERVICES,0.000000,0.000000,0.000000,0.000000,0.000000,0.000000
NA,AUVERGNE-RHÔNE-ALPES,NA,NA,GROUP INSTITUTIONAL HOUSING,0.000000,0.000000,0.000000,0.000000,0.000000,0.000000
NA,AUVERGNE-RHÔNE-ALPES,NA,NA,HEALTH CARE SERVICE,0.000000,0.000000,0.000000,0.000000,0.000000,0.000000
NA,AUVERGNE-RHÔNE-ALPES,NA,NA,HEAVY FABRICATION AND ASSEMBLY,0.000000,0.000000,0.000000,0.000000,0.000000,0.000000
NA,AUVERGNE-RHÔNE-ALPES,NA,NA,HIGHWAY,0.000000,0.000000,0.000000,0.000000,0.000000,0.000000
NA,AUVERGNE-RHÔNE-ALPES,NA,NA,LIGHT FABRICATION AND ASSEMBLY,0.000000,0.000000,0.000000,0.000000,0.000000,0.000000
NA,AUVERGNE-RHÔNE-ALPES,NA,NA,PERMANENT DWELLING (MULTI FAMILY HOUSING),0.000000,0.000000,0.000000,0.000000,0.000000,0.000000
NA,AUVERGNE-RHÔNE-ALPES,NA,NA,PERMANENT DWELLING (SINGLE FAMILY HOUSING),0.000000,0.000000,0.000000,0.000000,0.000000,0.000000
NA,AUVERGNE-RHÔNE-ALPES,NA,NA,PERSONAL AND REPAIR SERVICES,0.000000,0.000000,0.000000,0.000000,0.000000,0.000000
NA,AUVERGNE-RHÔNE-ALPES,NA,NA,PETROLEUM,0.000000,0.000000,0.000000,0.000000,0.000000,0.000000
NA,AUVERGNE-RHÔNE-ALPES,NA,NA,"PROFESSIONAL, TECHNICAL AND BUSINESS SERVICES",0.000000,0.000000,0.000000,0.000000,0.000000,0.000000
NA,AUVERGNE-RHÔNE-ALPES,NA,NA,RELIGION AND NONPROFIT,0.000000,0.000000,0.000000,0.000000,0.000000,0.000000
NA,AUVERGNE-RHÔNE-ALPES,NA,NA,RESTAURANTS,0.000000,0.000000,0.000000,0.000000,0.000000,0.000000
NA,AUVERGNE-RHÔNE-ALPES,NA,NA,RETAIL TRADE,0.000000,0.000000,0.000000,0.000000,0.000000,0.000000
NA,AUVERGNE-RHÔNE-ALPES,NA,NA,SANITARY SEWER,0.000000,0.000000,0.000000,0.000000,0.000000,0.000000
NA,AUVERGNE-RHÔNE-ALPES,NA,NA,TEMPORARY LODGING,0.000000,0.000000,0.000000,0.000000,0.000000,0.000000
NA,AUVERGNE-RHÔNE-ALPES,NA,NA,WHOLESALE TRADE,0.000000,0.000000,0.000000,0.000000,0.000000,0.000000
NA,HAMBURG,NA,NA,AGRICULTURE,0.000000,0.000000,0.000000,0.000000,0.000000,0.000000
NA,HAMBURG,NA,NA,AIR,0.000000,0.000000,0.000000,0.000000,0.000000,0.000000
NA,HAMBURG,NA,NA,CASINOS,0.000000,0.000000,0.000000,0.000000,0.000000,0.000000
NA,HAMBURG,NA,NA,CONSTRUCTION,0.000000,0.000000,0.000000,0.000000,0.000000,0.000000
NA,HAMBURG,NA,NA,EDUCATION,0.000000,0.000000,0.000000,0.000000,0.000000,0.000000
NA,HAMBURG,NA,NA,EMERGENCY RESPONSE SERVICES,0.000000,0.000000,0.000000,0.000000,0.000000,0.000000
NA,HAMBURG,NA,NA,ENTERTAINMENT AND RECREATION,0.000000,0.000000,0.000000,0.000000,0.000000,0.000000
NA,HAMBURG,NA,NA,FOOD AND DRUGS PROCESSING,0.000000,0.000000,0.000000,0.000000,0.000000,0.000000
NA,HAMBURG,NA,NA,GASOLINE SERVICE STATIONS,0.000000,0.000000,0.000000,0.000000,0.000000,0.000000
NA,HAMBURG,NA,NA,GENERAL SERVICES,0.000000,0.000000,0.000000,0.000000,0.000000,0.000000
NA,HAMBURG,NA,NA,GROUP INSTITUTIONAL HOUSING,0.000000,0.000000,0.000000,0.000000,0.000000,0.000000
NA,HAMBURG,NA,NA,HEALTH CARE SERVICE,0.000000,0.000000,0.000000,0.000000,0.000000,0.000000
NA,HAMBURG,NA,NA,HEAVY FABRICATION AND ASSEMBLY,0.000000,0.000000,0.000000,0.000000,0.000000,0.000000
NA,HAMBURG,NA,NA,HIGHWAY,0.000000,0.000000,0.000000,0.000000,0.000000,0.000000
NA,HAMBURG,NA,NA,LIGHT FABRICATION AND ASSEMBLY,0.000000,0.000000,0.000000,0.000000,0.000000,0.000000
NA,HAMBURG,NA,NA,PERMANENT DWELLING (MULTI FAMILY HOUSING),0.000000,0.000000,0.000000,0.000000,0.000000,0.000000
NA,HAMBURG,NA,NA,PERMANENT DWELLING (SINGLE FAMILY HOUSING),0.000000,0.000000,0.000000,0.000000,0.000000,0.000000
NA,HAMBURG,NA,NA,PERSONAL AND REPAIR SERVICES,0.000000,0.000000,0.000000,0.000000,0.000000,0.000000
NA,HAMBURG,NA,NA,PETROLEUM,0.000000,0.000000,0.000000,0.000000,0.000000,0.000000
NA,HAMBURG,NA,NA,"PROFESSIONAL, TECHNICAL AND BUSINESS SERVICES",0.000000,0.000000,0.000000,0.000000,0.000000,0.000000
NA,HAMBURG,NA,NA,RELIGION AND NONPROFIT,0.000000,0.000000,0.000000,0.000000,0.000000,0.000000
NA,HAMBURG,NA,NA,RESTAURANTS,0.000000,0.000000,0.000000,0.000000,0.000000,0.000000
NA,HAMBURG,NA,NA,RETAIL TRADE,0.000000,0.000000,0.000000,0.000000,0.000000,0.000000
NA,HAMBURG,NA,NA,SANITARY SEWER,0.000000,0.000000,0.000000,0.000000,0.000000,0.000000
NA,HAMBURG,NA,NA,TEMPORARY LODGING,0.000000,0.000000,0.000000,0.000000,0.000000,0.000000
NA,HAMBURG,NA,NA,WHOLESALE TRADE,0.000000,0.000000,0.000000,0.000000,0.000000,0.000000
NA,BERLIN,NA,NA,AGRICULTURE,0.000000,0.000000,0.000000,0.000000,0.000000,0.000000
NA,BERLIN,NA,NA,AIR,0.000000,0.000000,0.000000,0.000000,0.000000,0.000000
NA,BERLIN,NA,NA,CASINOS,0.000000,0.000000,0.000000,0.000000,0.000000,0.000000
NA,BERLIN,NA,NA,CONSTRUCTION,0.000000,0.000000,0.000000,0.000000,0.000000,0.000000
NA,BERLIN,NA,NA,EDUCATION,0.000000,0.000000,0.000000,0.000000,0.000000,0.000000
NA,BERLIN,NA,NA,EMERGENCY RESPONSE SERVICES,0.000000,0.000000,0.000000,0.000000,0.000000,0.000000
NA,BERLIN,NA,NA,ENTERTAINMENT AND RECREATION,0.000000,0.000000,0.000000,0.000000,0.000000,0.000000
NA,BERLIN,NA,NA,FOOD AND DRUGS PROCESSING,0.000000,0.000000,0.000000,0.000000,0.000000,0.000000
NA,BERLIN,NA,NA,GASOLINE SERVICE STATIONS,0.000000,0.000000,0.000000,0.000000,0.000000,0.000000
NA,BERLIN,NA,NA,GENERAL SERVICES,0.000000,0.000000,0.000000,0.000000,0.000000,0.000000
NA,BERLIN,NA,NA,GROUP INSTITUTIONAL HOUSING,0.000000,0.000000,0.000000,0.000000,0.000000,0.000000
NA,BERLIN,NA,NA,HEALTH CARE SERVICE,0.000000,0.000000,0.000000,0.000000,0.000000,0.000000
NA,BERLIN,NA,NA,HEAVY FABRICATION AND ASSEMBLY,0.000000,0.000000,0.000000,0.000000,0.000000,0.000000
NA,BERLIN,NA,NA,HIGHWAY,0.000000,0.000000,0.000000,0.000000,0.000000,0.000000
NA,BERLIN,NA,NA,LIGHT FABRICATION AND ASSEMBLY,0.000000,0.000000,0.000000,0.000000,0.000000,0.000000
NA,BERLIN,NA,NA,PERMANENT DWELLING (MULTI FAMILY HOUSING),0.000000,0.000000,0.000000,0.000000,0.000000,0.000000
NA,BERLIN,NA,NA,PERMANENT DWELLING (SINGLE FAMILY HOUSING),0.000000,0.000000,0.000000,0.000000,0.000000,0.000000
NA,BERLIN,NA,NA,PERSONAL AND REPAIR SERVICES,0.000000,0.000000,0.000000,0.000000,0.000000,0.000000
NA,BERLIN,NA,NA,PETROLEUM,0.000000,0.000000,0.000000,0.000000,0.000000,0.000000
NA,BERLIN,NA,NA,"PROFESSIONAL, TECHNICAL AND BUSINESS SERVICES",0.000000,0.000000,0.000000,0.000000,0.000000,0.000000
NA,BERLIN,NA,NA,RELIGION AND NONPROFIT,0.000000,0.000000,0.000000,0.000000,0.000000,0.000000
NA,BERLIN,NA,NA,RESTAURANTS,0.000000,0.000000,0.000000,0.000000,0.000000,0.000000
NA,BERLIN,NA,NA,RETAIL TRADE,0.000000,0.000000,0.000000,0.000000,0.000000,0.000000
NA,BERLIN,NA,NA,SANITARY SEWER,0.000000,0.000000,0.000000,0.000000,0.000000,0.000000
NA,BERLIN,NA,NA,TEMPORARY LODGING,0.000000,0.000000,0.000000,0.000000,0.000000,0.000000
NA,BERLIN,NA,NA,WHOLESALE TRADE,0.000000,0.000000,0.000000,0.000000,0.000000,0.000000
NA,BAVARIA,NA,NA,AGRICULTURE,0.000000,0.000000,0.000000,0.000000,0.000000,0.000000
NA,BAVARIA,NA,NA,AIR,0.000000,0.000000,0.000000,0.000000,0.000000,0.000000
NA,BAVARIA,NA,NA,CASINOS,0.000000,0.000000,0.000000,0.000000,0.000000,0.000000
NA,BAVARIA,NA,NA,CONSTRUCTION,0.000000,0.000000,0.000000,0.000000,0.000000,0.000000
NA,BAVARIA,NA,NA,EDUCATION,0.000000,0.000000,0.000000,0.000000,0.000000,0.000000
NA,BAVARIA,NA,NA,EMERGENCY RESPONSE SERVICES,0.000000,0.000000,0.000000,0.000000,0.000000,0.000000
NA,BAVARIA,NA,NA,ENTERTAINMENT AND RECREATION,0.000000,0.000000,0.000000,0.000000,0.000000,0.000000
NA,BAVARIA,NA,NA,FOOD AND DRUGS PROCESSING,0.000000,0.000000,0.000000,0.000000,0.000000,0.000000
NA,BAVARIA,NA,NA,GASOLINE SERVICE STATIONS,0.000000,0.000000,0.000000,0.000000,0.000000,0.000000
NA,BAVARIA,NA,NA,GENERAL SERVICES,0.000000,0.000000,0.000000,0.000000,0.000000,0.000000
NA,BAVARIA,NA,NA,GROUP INSTITUTIONAL HOUSING,0.000000,0.000000,0.000000,0.000000,0.000000,0.000000
NA,BAVARIA,NA,NA,HEALTH CARE SERVICE,0.000000,0.000000,0.000000,0.000000,0.000000,0.000000
NA,BAVARIA,NA,NA,HEAVY FABRICATION AND ASSEMBLY,0.000000,0.000000,0.000000,0.000000,0.000000,0.000000
NA,BAVARIA,NA,NA,HIGHWAY,0.000000,0.000000,0.000000,0.000000,0.000000,0.000000
NA,BAVARIA,NA,NA,LIGHT FABRICATION AND ASSEMBLY,0.000000,0.000000,0.000000,0.000000,0.000000,0.000000
NA,BAVARIA,NA,NA,PERMANENT DWELLING (MULTI FAMILY HOUSING),0.000000,0.000000,0.000000,0.000000,0.000000,0.000000
NA,BAVARIA,NA,NA,PERMANENT DWELLING (SINGLE FAMILY HOUSING),0.000000,0.000000,0.000000,0.000000,0.000000,0.000000
NA,BAVARIA,NA,NA,PERSONAL AND REPAIR SERVICES,0.000000,0.000000,0.000000,0.000000,0.000000,0.000000
NA,BAVARIA,NA,NA,PETROLEUM,0.000000,0.000000,0.000000,0.000000,0.000000,0.000000
NA,BAVARIA,NA,NA,"PROFESSIONAL, TECHNICAL AND BUSINESS SERVICES",0.000000,0.000000,0.000000,0.000000,0.000000,0.000000
NA,BAVARIA,NA,NA,RELIGION AND NONPROFIT,0.000000,0.000000,0.000000,0.000000,0.000000,0.000000
NA,BAVARIA,NA,NA,RESTAURANTS,0.000000,0.000000,0.000000,0.000000,0.000000,0.000000
NA,BAVARIA,NA,NA,RETAIL TRADE,0.000000,0.000000,0.000000,0.000000,0.000000,0.000000
NA,BAVARIA,NA,NA,SANITARY SEWER,0.000000,0.000000,0.000000,0.000000,0.000000,0.000000
NA,BAVARIA,NA,NA,TEMPORARY LODGING,0.000000,0.000000,0.000000,0.000000,0.000000,0.000000
NA,BAVARIA,NA,NA,WHOLESALE TRADE,0.000000,0.000000,0.000000,0.000000,0.000000,0.000000
NA,BRANDENBURG,NA,NA,AGRICULTURE,0.000000,0.000000,0.000000,0.000000,0.000000,0.000000
NA,BRANDENBURG,NA,NA,AIR,0.000000,0.000000,0.000000,0.000000,0.000000,0.000000
NA,BRANDENBURG,NA,NA,CASINOS,0.000000,0.000000,0.000000,0.000000,0.000000,0.000000
NA,BRANDENBURG,NA,NA,CONSTRUCTION,0.000000,0.000000,0.000000,0.000000,0.000000,0.000000
NA,BRANDENBURG,NA,NA,EDUCATION,0.000000,0.000000,0.000000,0.000000,0.000000,0.000000
NA,BRANDENBURG,NA,NA,EMERGENCY RESPONSE SERVICES,0.000000,0.000000,0.000000,0.000000,0.000000,0.000000
NA,BRANDENBURG,NA,NA,ENTERTAINMENT AND RECREATION,0.000000,0.000000,0.000000,0.000000,0.000000,0.000000
NA,BRANDENBURG,NA,NA,FOOD AND DRUGS PROCESSING,0.000000,0.000000,0.000000,0.000000,0.000000,0.000000
NA,BRANDENBURG,NA,NA,GASOLINE SERVICE STATIONS,0.000000,0.000000,0.000000,0.000000,0.000000,0.000000
NA,BRANDENBURG,NA,NA,GENERAL SERVICES,0.000000,0.000000,0.000000,0.000000,0.000000,0.000000
NA,BRANDENBURG,NA,NA,GROUP INSTITUTIONAL HOUSING,0.000000,0.000000,0.000000,0.000000,0.000000,0.000000
NA,BRANDENBURG,NA,NA,HEALTH CARE SERVICE,0.000000,0.000000,0.000000,0.000000,0.000000,0.000000
NA,BRANDENBURG,NA,NA,HEAVY FABRICATION AND ASSEMBLY,0.000000,0.000000,0.000000,0.000000,0.000000,0.000000
NA,BRANDENBURG,NA,NA,HIGHWAY,0.000000,0.000000,0.000000,0.000000,0.000000,0.000000
NA,BRANDENBURG,NA,NA,LIGHT FABRICATION AND ASSEMBLY,0.000000,0.000000,0.000000,0.000000,0.000000,0.000000
NA,BRANDENBURG,NA,NA,PERMANENT DWELLING (MULTI FAMILY HOUSING),0.000000,0.000000,0.000000,0.000000,0.000000,0.000000
NA,BRANDENBURG,NA,NA,PERMANENT DWELLING (SINGLE FAMILY HOUSING),0.000000,0.000000,0.000000,0.000000,0.000000,0.000000
NA,BRANDENBURG,NA,NA,PERSONAL AND REPAIR SERVICES,0.000000,0.000000,0.000000,0.000000,0.000000,0.000000
NA,BRANDENBURG,NA,NA,PETROLEUM,0.000000,0.000000,0.000000,0.000000,0.000000,0.000000
NA,BRANDENBURG,NA,NA,"PROFESSIONAL, TECHNICAL AND BUSINESS SERVICES",0.000000,0.000000,0.000000,0.000000,0.000000,0.000000
NA,BRANDENBURG,NA,NA,RELIGION AND NONPROFIT,0.000000,0.000000,0.000000,0.000000,0.000000,0.000000
NA,BRANDENBURG,NA,NA,RESTAURANTS,0.000000,0.000000,0.000000,0.000000,0.000000,0.000000
NA,BRANDENBURG,NA,NA,RETAIL TRADE,0.000000,0.000000,0.000000,0.000000,0.000000,0.000000
NA,BRANDENBURG,NA,NA,SANITARY SEWER,0.000000,0.000000,0.000000,0.000000,0.000000,0.000000
NA,BRANDENBURG,NA,NA,TEMPORARY LODGING,0.000000,0.000000,0.000000,0.000000,0.000000,0.000000
NA,BRANDENBURG,NA,NA,WHOLESALE TRADE,0.000000,0.000000,0.000000,0.000000,0.000000,0.000000
NA,SAXONY,NA,NA,AGRICULTURE,0.000000,0.000000,0.000000,0.000000,0.000000,0.000000
NA,SAXONY,NA,NA,AIR,0.000000,0.000000,0.000000,0.000000,0.000000,0.000000
NA,SAXONY,NA,NA,CASINOS,0.000000,0.000000,0.000000,0.000000,0.000000,0.000000
NA,SAXONY,NA,NA,CONSTRUCTION,0.000000,0.000000,0.000000,0.000000,0.000000,0.000000
NA,SAXONY,NA,NA,EDUCATION,0.000000,0.000000,0.000000,0.000000,0.000000,0.000000
NA,SAXONY,NA,NA,EMERGENCY RESPONSE SERVICES,0.000000,0.000000,0.000000,0.000000,0.000000,0.000000
NA,SAXONY,NA,NA,ENTERTAINMENT AND RECREATION,0.000000,0.000000,0.000000,0.000000,0.000000,0.000000
NA,SAXONY,NA,NA,FOOD AND DRUGS PROCESSING,0.000000,0.000000,0.000000,0.000000,0.000000,0.000000
NA,SAXONY,NA,NA,GASOLINE SERVICE STATIONS,0.000000,0.000000,0.000000,0.000000,0.000000,0.000000
NA,SAXONY,NA,NA,GENERAL SERVICES,0.000000,0.000000,0.000000,0.000000,0.000000,0.000000
NA,SAXONY,NA,NA,GROUP INSTITUTIONAL HOUSING,0.000000,0.000000,0.000000,0.000000,0.000000,0.000000
NA,SAXONY,NA,NA,HEALTH CARE SERVICE,0.000000,0.000000,0.000000,0.000000,0.000000,0.000000
NA,SAXONY,NA,NA,HEAVY FABRICATION AND ASSEMBLY,0.000000,0.000000,0.000000,0.000000,0.000000,0.000000
NA,SAXONY,NA,NA,HIGHWAY,0.000000,0.000000,0.000000,0.000000,0.000000,0.000000
NA,SAXONY,NA,NA,LIGHT FABRICATION AND ASSEMBLY,0.000000,0.000000,0.000000,0.000000,0.000000,0.000000
NA,SAXONY,NA,NA,PERMANENT DWELLING (MULTI FAMILY HOUSING),0.000000,0.000000,0.000000,0.000000,0.000000,0.000000
NA,SAXONY,NA,NA,PERMANENT DWELLING (SINGLE FAMILY HOUSING),0.000000,0.000000,0.000000,0.000000,0.000000,0.000000
NA,SAXONY,NA,NA,PERSONAL AND REPAIR SERVICES,0.000000,0.000000,0.000000,0.000000,0.000000,0.000000
NA,SAXONY,NA,NA,PETROLEUM,0.000000,0.000000,0.000000,0.000000,0.000000,0.000000
NA,SAXONY,NA,NA,"PROFESSIONAL, TECHNICAL AND BUSINESS SERVICES",0.000000,0.000000,0.000000,0.000000,0.000000,0.000000
NA,SAXONY,NA,NA,RELIGION AND NONPROFIT,0.000000,0.000000,0.000000,0.000000,0.000000,0.000000
NA,SAXONY,NA,NA,RESTAURANTS,0.000000,0.000000,0.000000,0.000000,0.000000,0.000000
NA,SAXONY,NA,NA,RETAIL TRADE,0.000000,0.000000,0.000000,0.000000,0.000000,0.000000
NA,SAXONY,NA,NA,SANITARY SEWER,0.000000,0.000000,0.000000,0.000000,0.000000,0.000000
NA,SAXONY,NA,NA,TEMPORARY LODGING,0.000000,0.000000,0.000000,0.000000,0.000000,0.000000
NA,SAXONY,NA,NA,WHOLESALE TRADE,0.000000,0.000000,0.000000,0.000000,0.000000,0.000000
NA,SAARLAND,NA,NA,AGRICULTURE,0.000000,0.000000,0.000000,0.000000,0.000000,0.000000
NA,SAARLAND,NA,NA,AIR,0.000000,0.000000,0.000000,0.000000,0.000000,0.000000
NA,SAARLAND,NA,NA,CASINOS,0.000000,0.000000,0.000000,0.000000,0.000000,0.000000
NA,SAARLAND,NA,NA,CONSTRUCTION,0.000000,0.000000,0.000000,0.000000,0.000000,0.000000
NA,SAARLAND,NA,NA,EDUCATION,0.000000,0.000000,0.000000,0.000000,0.000000,0.000000
NA,SAARLAND,NA,NA,EMERGENCY RESPONSE SERVICES,0.000000,0.000000,0.000000,0.000000,0.000000,0.000000
NA,SAARLAND,NA,NA,ENTERTAINMENT AND RECREATION,0.000000,0.000000,0.000000,0.000000,0.000000,0.000000
NA,SAARLAND,NA,NA,FOOD AND DRUGS PROCESSING,0.000000,0.000000,0.000000,0.000000,0.000000,0.000000
NA,SAARLAND,NA,NA,GASOLINE SERVICE STATIONS,0.000000,0.000000,0.000000,0.000000,0.000000,0.000000
NA,SAARLAND,NA,NA,GENERAL SERVICES,0.000000,0.000000,0.000000,0.000000,0.000000,0.000000
NA,SAARLAND,NA,NA,GROUP INSTITUTIONAL HOUSING,0.000000,0.000000,0.000000,0.000000,0.000000,0.000000
NA,SAARLAND,NA,NA,HEALTH CARE SERVICE,0.000000,0.000000,0.000000,0.000000,0.000000,0.000000
NA,SAARLAND,NA,NA,HEAVY FABRICATION AND ASSEMBLY,0.000000,0.000000,0.000000,0.000000,0.000000,0.000000
NA,SAARLAND,NA,NA,HIGHWAY,0.000000,0.000000,0.000000,0.000000,0.000000,0.000000
NA,SAARLAND,NA,NA,LIGHT FABRICATION AND ASSEMBLY,0.000000,0.000000,0.000000,0.000000,0.000000,0.000000
NA,SAARLAND,NA,NA,PERMANENT DWELLING (MULTI FAMILY HOUSING),0.000000,0.000000,0.000000,0.000000,0.000000,0.000000
NA,SAARLAND,NA,NA,PERMANENT DWELLING (SINGLE FAMILY HOUSING),0.000000,0.000000,0.000000,0.000000,0.000000,0.000000
NA,SAARLAND,NA,NA,PERSONAL AND REPAIR SERVICES,0.000000,0.000000,0.000000,0.000000,0.000000,0.000000
NA,SAARLAND,NA,NA,PETROLEUM,0.000000,0.000000,0.000000,0.000000,0.000000,0.000000
NA,SAARLAND,NA,NA,"PROFESSIONAL, TECHNICAL AND BUSINESS SERVICES",0.000000,0.000000,0.000000,0.000000,0.000000,0.000000
NA,SAARLAND,NA,NA,RELIGION AND NONPROFIT,0.000000,0.000000,0.000000,0.000000,0.000000,0.000000
NA,SAARLAND,NA,NA,RESTAURANTS,0.000000,0.000000,0.000000,0.000000,0.000000,0.000000
NA,SAARLAND,NA,NA,RETAIL TRADE,0.000000,0.000000,0.000000,0.000000,0.000000,0.000000
NA,SAARLAND,NA,NA,SANITARY SEWER,0.000000,0.000000,0.000000,0.000000,0.000000,0.000000
NA,SAARLAND,NA,NA,TEMPORARY LODGING,0.000000,0.000000,0.000000,0.000000,0.000000,0.000000
NA,SAARLAND,NA,NA,WHOLESALE TRADE,0.000000,0.000000,0.000000,0.000000,0.000000,0.000000
NA,THURINGIA,NA,NA,AGRICULTURE,0.000000,0.000000,0.000000,0.000000,0.000000,0.000000
NA,THURINGIA,NA,NA,AIR,0.000000,0.000000,0.000000,0.000000,0.000000,0.000000
NA,THURINGIA,NA,NA,CASINOS,0.000000,0.000000,0.000000,0.000000,0.000000,0.000000
NA,THURINGIA,NA,NA,CONSTRUCTION,0.000000,0.000000,0.000000,0.000000,0.000000,0.000000
NA,THURINGIA,NA,NA,EDUCATION,0.000000,0.000000,0.000000,0.000000,0.000000,0.000000
NA,THURINGIA,NA,NA,EMERGENCY RESPONSE SERVICES,0.000000,0.000000,0.000000,0.000000,0.000000,0.000000
NA,THURINGIA,NA,NA,ENTERTAINMENT AND RECREATION,0.000000,0.000000,0.000000,0.000000,0.000000,0.000000
NA,THURINGIA,NA,NA,FOOD AND DRUGS PROCESSING,0.000000,0.000000,0.000000,0.000000,0.000000,0.000000
NA,THURINGIA,NA,NA,GASOLINE SERVICE STATIONS,0.000000,0.000000,0.000000,0.000000,0.000000,0.000000
NA,THURINGIA,NA,NA,GENERAL SERVICES,0.000000,0.000000,0.000000,0.000000,0.000000,0.000000
NA,THURINGIA,NA,NA,GROUP INSTITUTIONAL HOUSING,0.000000,0.000000,0.000000,0.000000,0.000000,0.000000
NA,THURINGIA,NA,NA,HEALTH CARE SERVICE,0.000000,0.000000,0.000000,0.000000,0.000000,0.000000
NA,THURINGIA,NA,NA,HEAVY FABRICATION AND ASSEMBLY,0.000000,0.000000,0.000000,0.000000,0.000000,0.000000
NA,THURINGIA,NA,NA,HIGHWAY,0.000000,0.000000,0.000000,0.000000,0.000000,0.000000
NA,THURINGIA,NA,NA,LIGHT FABRICATION AND ASSEMBLY,0.000000,0.000000,0.000000,0.000000,0.000000,0.000000
NA,THURINGIA,NA,NA,PERMANENT DWELLING (MULTI FAMILY HOUSING),0.000000,0.000000,0.000000,0.000000,0.000000,0.000000
NA,THURINGIA,NA,NA,PERMANENT DWELLING (SINGLE FAMILY HOUSING),0.000000,0.000000,0.000000,0.000000,0.000000,0.000000
NA,THURINGIA,NA,NA,PERSONAL AND REPAIR SERVICES,0.000000,0.000000,0.000000,0.000000,0.000000,0.000000
NA,THURINGIA,NA,NA,PETROLEUM,0.000000,0.000000,0.000000,0.000000,0.000000,0.000000
NA,THURINGIA,NA,NA,"PROFESSIONAL, TECHNICAL AND BUSINESS SERVICES",0.000000,0.000000,0.000000,0.000000,0.000000,0.000000
NA,THURINGIA,NA,NA,RELIGION AND NONPROFIT,0.000000,0.000000,0.000000,0.000000,0.000000,0.000000
NA,THURINGIA,NA,NA,RESTAURANTS,0.000000,0.000000,0.000000,0.000000,0.000000,0.000000
NA,THURINGIA,NA,NA,RETAIL TRADE,0.000000,0.000000,0.000000,0.000000,0.000000,0.000000
NA,THURINGIA,NA,NA,SANITARY SEWER,0.000000,0.000000,0.000000,0.000000,0.000000,0.000000
NA,THURINGIA,NA,NA,TEMPORARY LODGING,0.000000,0.000000,0.000000,0.000000,0.000000,0.000000
NA,THURINGIA,NA,NA,WHOLESALE TRADE,0.000000,0.000000,0.000000,0.000000,0.000000,0.000000
NA,SCHLESWIG-HOLSTEIN,NA,NA,AGRICULTURE,0.000000,0.000000,0.000000,0.000000,0.000000,0.000000
NA,SCHLESWIG-HOLSTEIN,NA,NA,AIR,0.000000,0.000000,0.000000,0.000000,0.000000,0.000000
NA,SCHLESWIG-HOLSTEIN,NA,NA,CASINOS,0.000000,0.000000,0.000000,0.000000,0.000000,0.000000
NA,SCHLESWIG-HOLSTEIN,NA,NA,CONSTRUCTION,0.000000,0.000000,0.000000,0.000000,0.000000,0.000000
NA,SCHLESWIG-HOLSTEIN,NA,NA,EDUCATION,0.000000,0.000000,0.000000,0.000000,0.000000,0.000000
NA,SCHLESWIG-HOLSTEIN,NA,NA,EMERGENCY RESPONSE SERVICES,0.000000,0.000000,0.000000,0.000000,0.000000,0.000000
NA,SCHLESWIG-HOLSTEIN,NA,NA,ENTERTAINMENT AND RECREATION,0.000000,0.000000,0.000000,0.000000,0.000000,0.000000
NA,SCHLESWIG-HOLSTEIN,NA,NA,FOOD AND DRUGS PROCESSING,0.000000,0.000000,0.000000,0.000000,0.000000,0.000000
NA,SCHLESWIG-HOLSTEIN,NA,NA,GASOLINE SERVICE STATIONS,0.000000,0.000000,0.000000,0.000000,0.000000,0.000000
NA,SCHLESWIG-HOLSTEIN,NA,NA,GENERAL SERVICES,0.000000,0.000000,0.000000,0.000000,0.000000,0.000000
NA,SCHLESWIG-HOLSTEIN,NA,NA,GROUP INSTITUTIONAL HOUSING,0.000000,0.000000,0.000000,0.000000,0.000000,0.000000
NA,SCHLESWIG-HOLSTEIN,NA,NA,HEALTH CARE SERVICE,0.000000,0.000000,0.000000,0.000000,0.000000,0.000000
NA,SCHLESWIG-HOLSTEIN,NA,NA,HEAVY FABRICATION AND ASSEMBLY,0.000000,0.000000,0.000000,0.000000,0.000000,0.000000
NA,SCHLESWIG-HOLSTEIN,NA,NA,HIGHWAY,0.000000,0.000000,0.000000,0.000000,0.000000,0.000000
NA,SCHLESWIG-HOLSTEIN,NA,NA,LIGHT FABRICATION AND ASSEMBLY,0.000000,0.000000,0.000000,0.000000,0.000000,0.000000
NA,SCHLESWIG-HOLSTEIN,NA,NA,PERMANENT DWELLING (MULTI FAMILY HOUSING),0.000000,0.000000,0.000000,0.000000,0.000000,0.000000
NA,SCHLESWIG-HOLSTEIN,NA,NA,PERMANENT DWELLING (SINGLE FAMILY HOUSING),0.000000,0.000000,0.000000,0.000000,0.000000,0.000000
NA,SCHLESWIG-HOLSTEIN,NA,NA,PERSONAL AND REPAIR SERVICES,0.000000,0.000000,0.000000,0.000000,0.000000,0.000000
NA,SCHLESWIG-HOLSTEIN,NA,NA,PETROLEUM,0.000000,0.000000,0.000000,0.000000,0.000000,0.000000
NA,SCHLESWIG-HOLSTEIN,NA,NA,"PROFESSIONAL, TECHNICAL AND BUSINESS SERVICES",0.000000,0.000000,0.000000,0.000000,0.000000,0.000000
NA,SCHLESWIG-HOLSTEIN,NA,NA,RELIGION AND NONPROFIT,0.000000,0.000000,0.000000,0.000000,0.000000,0.000000
NA,SCHLESWIG-HOLSTEIN,NA,NA,RESTAURANTS,0.000000,0.000000,0.000000,0.000000,0.000000,0.000000
NA,SCHLESWIG-HOLSTEIN,NA,NA,RETAIL TRADE,0.000000,0.000000,0.000000,0.000000,0.000000,0.000000
NA,SCHLESWIG-HOLSTEIN,NA,NA,SANITARY SEWER,0.000000,0.000000,0.000000,0.000000,0.000000,0.000000
NA,SCHLESWIG-HOLSTEIN,NA,NA,TEMPORARY LODGING,0.000000,0.000000,0.000000,0.000000,0.000000,0.000000
NA,SCHLESWIG-HOLSTEIN,NA,NA,WHOLESALE TRADE,0.000000,0.000000,0.000000,0.000000,0.000000,0.000000
NA,NORTH RHINE-WESTPHALIA,NA,NA,AGRICULTURE,0.000000,0.000000,0.000000,0.000000,0.000000,0.000000
NA,NORTH RHINE-WESTPHALIA,NA,NA,AIR,0.000000,0.000000,0.000000,0.000000,0.000000,0.000000
NA,NORTH RHINE-WESTPHALIA,NA,NA,CASINOS,0.000000,0.000000,0.000000,0.000000,0.000000,0.000000
NA,NORTH RHINE-WESTPHALIA,NA,NA,CONSTRUCTION,0.000000,0.000000,0.000000,0.000000,0.000000,0.000000
NA,NORTH RHINE-WESTPHALIA,NA,NA,EDUCATION,0.000000,0.000000,0.000000,0.000000,0.000000,0.000000
NA,NORTH RHINE-WESTPHALIA,NA,NA,EMERGENCY RESPONSE SERVICES,0.000000,0.000000,0.000000,0.000000,0.000000,0.000000
NA,NORTH RHINE-WESTPHALIA,NA,NA,ENTERTAINMENT AND RECREATION,0.000000,0.000000,0.000000,0.000000,0.000000,0.000000
NA,NORTH RHINE-WESTPHALIA,NA,NA,FOOD AND DRUGS PROCESSING,0.000000,0.000000,0.000000,0.000000,0.000000,0.000000
NA,NORTH RHINE-WESTPHALIA,NA,NA,GASOLINE SERVICE STATIONS,0.000000,0.000000,0.000000,0.000000,0.000000,0.000000
NA,NORTH RHINE-WESTPHALIA,NA,NA,GENERAL SERVICES,0.000000,0.000000,0.000000,0.000000,0.000000,0.000000
NA,NORTH RHINE-WESTPHALIA,NA,NA,GROUP INSTITUTIONAL HOUSING,0.000000,0.000000,0.000000,0.000000,0.000000,0.000000
NA,NORTH RHINE-WESTPHALIA,NA,NA,HEALTH CARE SERVICE,0.000000,0.000000,0.000000,0.000000,0.000000,0.000000
NA,NORTH RHINE-WESTPHALIA,NA,NA,HEAVY FABRICATION AND ASSEMBLY,0.000000,0.000000,0.000000,0.000000,0.000000,0.000000
NA,NORTH RHINE-WESTPHALIA,NA,NA,HIGHWAY,0.000000,0.000000,0.000000,0.000000,0.000000,0.000000
NA,NORTH RHINE-WESTPHALIA,NA,NA,LIGHT FABRICATION AND ASSEMBLY,0.000000,0.000000,0.000000,0.000000,0.000000,0.000000
NA,NORTH RHINE-WESTPHALIA,NA,NA,PERMANENT DWELLING (MULTI FAMILY HOUSING),0.000000,0.000000,0.000000,0.000000,0.000000,0.000000
NA,NORTH RHINE-WESTPHALIA,NA,NA,PERMANENT DWELLING (SINGLE FAMILY HOUSING),0.000000,0.000000,0.000000,0.000000,0.000000,0.000000
NA,NORTH RHINE-WESTPHALIA,NA,NA,PERSONAL AND REPAIR SERVICES,0.000000,0.000000,0.000000,0.000000,0.000000,0.000000
NA,NORTH RHINE-WESTPHALIA,NA,NA,PETROLEUM,0.000000,0.000000,0.000000,0.000000,0.000000,0.000000
NA,NORTH RHINE-WESTPHALIA,NA,NA,"PROFESSIONAL, TECHNICAL AND BUSINESS SERVICES",0.000000,0.000000,0.000000,0.000000,0.000000,0.000000
NA,NORTH RHINE-WESTPHALIA,NA,NA,RELIGION AND NONPROFIT,0.000000,0.000000,0.000000,0.000000,0.000000,0.000000
NA,NORTH RHINE-WESTPHALIA,NA,NA,RESTAURANTS,0.000000,0.000000,0.000000,0.000000,0.000000,0.000000
NA,NORTH RHINE-WESTPHALIA,NA,NA,RETAIL TRADE,0.000000,0.000000,0.000000,0.000000,0.000000,0.000000
NA,NORTH RHINE-WESTPHALIA,NA,NA,SANITARY SEWER,0.000000,0.000000,0.000000,0.000000,0.000000,0.000000
NA,NORTH RHINE-WESTPHALIA,NA,NA,TEMPORARY LODGING,0.000000,0.000000,0.000000,0.000000,0.000000,0.000000
NA,NORTH RHINE-WESTPHALIA,NA,NA,WHOLESALE TRADE,0.000000,0.000000,0.000000,0.000000,0.000000,0.000000
NA,BADEN-WÜRTTEMBERG,NA,NA,AGRICULTURE,0.000000,0.000000,0.000000,0.000000,0.000000,0.000000
NA,BADEN-WÜRTTEMBERG,NA,NA,AIR,0.000000,0.000000,0.000000,0.000000,0.000000,0.000000
NA,BADEN-WÜRTTEMBERG,NA,NA,CASINOS,0.000000,0.000000,0.000000,0.000000,0.000000,0.000000
NA,BADEN-WÜRTTEMBERG,NA,NA,CONSTRUCTION,0.000000,0.000000,0.000000,0.000000,0.000000,0.000000
NA,BADEN-WÜRTTEMBERG,NA,NA,EDUCATION,0.000000,0.000000,0.000000,0.000000,0.000000,0.000000
NA,BADEN-WÜRTTEMBERG,NA,NA,EMERGENCY RESPONSE SERVICES,0.000000,0.000000,0.000000,0.000000,0.000000,0.000000
NA,BADEN-WÜRTTEMBERG,NA,NA,ENTERTAINMENT AND RECREATION,0.000000,0.000000,0.000000,0.000000,0.000000,0.000000
NA,BADEN-WÜRTTEMBERG,NA,NA,FOOD AND DRUGS PROCESSING,0.000000,0.000000,0.000000,0.000000,0.000000,0.000000
NA,BADEN-WÜRTTEMBERG,NA,NA,GASOLINE SERVICE STATIONS,0.000000,0.000000,0.000000,0.000000,0.000000,0.000000
NA,BADEN-WÜRTTEMBERG,NA,NA,GENERAL SERVICES,0.000000,0.000000,0.000000,0.000000,0.000000,0.000000
NA,BADEN-WÜRTTEMBERG,NA,NA,GROUP INSTITUTIONAL HOUSING,0.000000,0.000000,0.000000,0.000000,0.000000,0.000000
NA,BADEN-WÜRTTEMBERG,NA,NA,HEALTH CARE SERVICE,0.000000,0.000000,0.000000,0.000000,0.000000,0.000000
NA,BADEN-WÜRTTEMBERG,NA,NA,HEAVY FABRICATION AND ASSEMBLY,0.000000,0.000000,0.000000,0.000000,0.000000,0.000000
NA,BADEN-WÜRTTEMBERG,NA,NA,HIGHWAY,0.000000,0.000000,0.000000,0.000000,0.000000,0.000000
NA,BADEN-WÜRTTEMBERG,NA,NA,LIGHT FABRICATION AND ASSEMBLY,0.000000,0.000000,0.000000,0.000000,0.000000,0.000000
NA,BADEN-WÜRTTEMBERG,NA,NA,PERMANENT DWELLING (MULTI FAMILY HOUSING),0.000000,0.000000,0.000000,0.000000,0.000000,0.000000
NA,BADEN-WÜRTTEMBERG,NA,NA,PERMANENT DWELLING (SINGLE FAMILY HOUSING),0.000000,0.000000,0.000000,0.000000,0.000000,0.000000
NA,BADEN-WÜRTTEMBERG,NA,NA,PERSONAL AND REPAIR SERVICES,0.000000,0.000000,0.000000,0.000000,0.000000,0.000000
NA,BADEN-WÜRTTEMBERG,NA,NA,PETROLEUM,0.000000,0.000000,0.000000,0.000000,0.000000,0.000000
NA,BADEN-WÜRTTEMBERG,NA,NA,"PROFESSIONAL, TECHNICAL AND BUSINESS SERVICES",0.000000,0.000000,0.000000,0.000000,0.000000,0.000000
NA,BADEN-WÜRTTEMBERG,NA,NA,RELIGION AND NONPROFIT,0.000000,0.000000,0.000000,0.000000,0.000000,0.000000
NA,BADEN-WÜRTTEMBERG,NA,NA,RESTAURANTS,0.000000,0.000000,0.000000,0.000000,0.000000,0.000000
NA,BADEN-WÜRTTEMBERG,NA,NA,RETAIL TRADE,0.000000,0.000000,0.000000,0.000000,0.000000,0.000000
NA,BADEN-WÜRTTEMBERG,NA,NA,SANITARY SEWER,0.000000,0.000000,0.000000,0.000000,0.000000,0.000000
NA,BADEN-WÜRTTEMBERG,NA,NA,TEMPORARY LODGING,0.000000,0.000000,0.000000,0.000000,0.000000,0.000000
NA,BADEN-WÜRTTEMBERG,NA,NA,WHOLESALE TRADE,0.000000,0.000000,0.000000,0.000000,0.000000,0.000000
NA,MECKLENBURG-VORPOMMERN,NA,NA,AGRICULTURE,0.000000,0.000000,0.000000,0.000000,0.000000,0.000000
NA,MECKLENBURG-VORPOMMERN,NA,NA,AIR,0.000000,0.000000,0.000000,0.000000,0.000000,0.000000
NA,MECKLENBURG-VORPOMMERN,NA,NA,CASINOS,0.000000,0.000000,0.000000,0.000000,0.000000,0.000000
NA,MECKLENBURG-VORPOMMERN,NA,NA,CONSTRUCTION,0.000000,0.000000,0.000000,0.000000,0.000000,0.000000
NA,MECKLENBURG-VORPOMMERN,NA,NA,EDUCATION,0.000000,0.000000,0.000000,0.000000,0.000000,0.000000
NA,MECKLENBURG-VORPOMMERN,NA,NA,EMERGENCY RESPONSE SERVICES,0.000000,0.000000,0.000000,0.000000,0.000000,0.000000
NA,MECKLENBURG-VORPOMMERN,NA,NA,ENTERTAINMENT AND RECREATION,0.000000,0.000000,0.000000,0.000000,0.000000,0.000000
NA,MECKLENBURG-VORPOMMERN,NA,NA,FOOD AND DRUGS PROCESSING,0.000000,0.000000,0.000000,0.000000,0.000000,0.000000
NA,MECKLENBURG-VORPOMMERN,NA,NA,GASOLINE SERVICE STATIONS,0.000000,0.000000,0.000000,0.000000,0.000000,0.000000
NA,MECKLENBURG-VORPOMMERN,NA,NA,GENERAL SERVICES,0.000000,0.000000,0.000000,0.000000,0.000000,0.000000
NA,MECKLENBURG-VORPOMMERN,NA,NA,GROUP INSTITUTIONAL HOUSING,0.000000,0.000000,0.000000,0.000000,0.000000,0.000000
NA,MECKLENBURG-VORPOMMERN,NA,NA,HEALTH CARE SERVICE,0.000000,0.000000,0.000000,0.000000,0.000000,0.000000
NA,MECKLENBURG-VORPOMMERN,NA,NA,HEAVY FABRICATION AND ASSEMBLY,0.000000,0.000000,0.000000,0.000000,0.000000,0.000000
NA,MECKLENBURG-VORPOMMERN,NA,NA,HIGHWAY,0.000000,0.000000,0.000000,0.000000,0.000000,0.000000
NA,MECKLENBURG-VORPOMMERN,NA,NA,LIGHT FABRICATION AND ASSEMBLY,0.000000,0.000000,0.000000,0.000000,0.000000,0.000000
NA,MECKLENBURG-VORPOMMERN,NA,NA,PERMANENT DWELLING (MULTI FAMILY HOUSING),0.000000,0.000000,0.000000,0.000000,0.000000,0.000000
NA,MECKLENBURG-VORPOMMERN,NA,NA,PERMANENT DWELLING (SINGLE FAMILY HOUSING),0.000000,0.000000,0.000000,0.000000,0.000000,0.000000
NA,MECKLENBURG-VORPOMMERN,NA,NA,PERSONAL AND REPAIR SERVICES,0.000000,0.000000,0.000000,0.000000,0.000000,0.000000
NA,MECKLENBURG-VORPOMMERN,NA,NA,PETROLEUM,0.000000,0.000000,0.000000,0.000000,0.000000,0.000000
NA,MECKLENBURG-VORPOMMERN,NA,NA,"PROFESSIONAL, TECHNICAL AND BUSINESS SERVICES",0.000000,0.000000,0.000000,0.000000,0.000000,0.000000
NA,MECKLENBURG-VORPOMMERN,NA,NA,RELIGION AND NONPROFIT,0.000000,0.000000,0.000000,0.000000,0.000000,0.000000
NA,MECKLENBURG-VORPOMMERN,NA,NA,RESTAURANTS,0.000000,0.000000,0.000000,0.000000,0.000000,0.000000
NA,MECKLENBURG-VORPOMMERN,NA,NA,RETAIL TRADE,0.000000,0.000000,0.000000,0.000000,0.000000,0.000000
NA,MECKLENBURG-VORPOMMERN,NA,NA,SANITARY SEWER,0.000000,0.000000,0.000000,0.000000,0.000000,0.000000
NA,MECKLENBURG-VORPOMMERN,NA,NA,TEMPORARY LODGING,0.000000,0.000000,0.000000,0.000000,0.000000,0.000000
NA,MECKLENBURG-VORPOMMERN,NA,NA,WHOLESALE TRADE,0.000000,0.000000,0.000000,0.000000,0.000000,0.000000
NA,LOWER SAXONY,NA,NA,AGRICULTURE,0.000000,0.000000,0.000000,0.000000,0.000000,0.000000
NA,LOWER SAXONY,NA,NA,AIR,0.000000,0.000000,0.000000,0.000000,0.000000,0.000000
NA,LOWER SAXONY,NA,NA,CASINOS,0.000000,0.000000,0.000000,0.000000,0.000000,0.000000
NA,LOWER SAXONY,NA,NA,CONSTRUCTION,0.000000,0.000000,0.000000,0.000000,0.000000,0.000000
NA,LOWER SAXONY,NA,NA,EDUCATION,0.000000,0.000000,0.000000,0.000000,0.000000,0.000000
NA,LOWER SAXONY,NA,NA,EMERGENCY RESPONSE SERVICES,0.000000,0.000000,0.000000,0.000000,0.000000,0.000000
NA,LOWER SAXONY,NA,NA,ENTERTAINMENT AND RECREATION,0.000000,0.000000,0.000000,0.000000,0.000000,0.000000
NA,LOWER SAXONY,NA,NA,FOOD AND DRUGS PROCESSING,0.000000,0.000000,0.000000,0.000000,0.000000,0.000000
NA,LOWER SAXONY,NA,NA,GASOLINE SERVICE STATIONS,0.000000,0.000000,0.000000,0.000000,0.000000,0.000000
NA,LOWER SAXONY,NA,NA,GENERAL SERVICES,0.000000,0.000000,0.000000,0.000000,0.000000,0.000000
NA,LOWER SAXONY,NA,NA,GROUP INSTITUTIONAL HOUSING,0.000000,0.000000,0.000000,0.000000,0.000000,0.000000
NA,LOWER SAXONY,NA,NA,HEALTH CARE SERVICE,0.000000,0.000000,0.000000,0.000000,0.000000,0.000000
NA,LOWER SAXONY,NA,NA,HEAVY FABRICATION AND ASSEMBLY,0.000000,0.000000,0.000000,0.000000,0.000000,0.000000
NA,LOWER SAXONY,NA,NA,HIGHWAY,0.000000,0.000000,0.000000,0.000000,0.000000,0.000000
NA,LOWER SAXONY,NA,NA,LIGHT FABRICATION AND ASSEMBLY,0.000000,0.000000,0.000000,0.000000,0.000000,0.000000
NA,LOWER SAXONY,NA,NA,PERMANENT DWELLING (MULTI FAMILY HOUSING),0.000000,0.000000,0.000000,0.000000,0.000000,0.000000
NA,LOWER SAXONY,NA,NA,PERMANENT DWELLING (SINGLE FAMILY HOUSING),0.000000,0.000000,0.000000,0.000000,0.000000,0.000000
NA,LOWER SAXONY,NA,NA,PERSONAL AND REPAIR SERVICES,0.000000,0.000000,0.000000,0.000000,0.000000,0.000000
NA,LOWER SAXONY,NA,NA,PETROLEUM,0.000000,0.000000,0.000000,0.000000,0.000000,0.000000
NA,LOWER SAXONY,NA,NA,"PROFESSIONAL, TECHNICAL AND BUSINESS SERVICES",0.000000,0.000000,0.000000,0.000000,0.000000,0.000000
NA,LOWER SAXONY,NA,NA,RELIGION AND NONPROFIT,0.000000,0.000000,0.000000,0.000000,0.000000,0.000000
NA,LOWER SAXONY,NA,NA,RESTAURANTS,0.000000,0.000000,0.000000,0.000000,0.000000,0.000000
NA,LOWER SAXONY,NA,NA,RETAIL TRADE,0.000000,0.000000,0.000000,0.000000,0.000000,0.000000
NA,LOWER SAXONY,NA,NA,SANITARY SEWER,0.000000,0.000000,0.000000,0.000000,0.000000,0.000000
NA,LOWER SAXONY,NA,NA,TEMPORARY LODGING,0.000000,0.000000,0.000000,0.000000,0.000000,0.000000
NA,LOWER SAXONY,NA,NA,WHOLESALE TRADE,0.000000,0.000000,0.000000,0.000000,0.000000,0.000000
NA,HESSE,NA,NA,AGRICULTURE,0.000000,0.000000,0.000000,0.000000,0.000000,0.000000
NA,HESSE,NA,NA,AIR,0.000000,0.000000,0.000000,0.000000,0.000000,0.000000
NA,HESSE,NA,NA,CASINOS,0.000000,0.000000,0.000000,0.000000,0.000000,0.000000
NA,HESSE,NA,NA,CONSTRUCTION,0.000000,0.000000,0.000000,0.000000,0.000000,0.000000
NA,HESSE,NA,NA,EDUCATION,0.000000,0.000000,0.000000,0.000000,0.000000,0.000000
NA,HESSE,NA,NA,EMERGENCY RESPONSE SERVICES,0.000000,0.000000,0.000000,0.000000,0.000000,0.000000
NA,HESSE,NA,NA,ENTERTAINMENT AND RECREATION,0.000000,0.000000,0.000000,0.000000,0.000000,0.000000
NA,HESSE,NA,NA,FOOD AND DRUGS PROCESSING,0.000000,0.000000,0.000000,0.000000,0.000000,0.000000
NA,HESSE,NA,NA,GASOLINE SERVICE STATIONS,0.000000,0.000000,0.000000,0.000000,0.000000,0.000000
NA,HESSE,NA,NA,GENERAL SERVICES,0.000000,0.000000,0.000000,0.000000,0.000000,0.000000
NA,HESSE,NA,NA,GROUP INSTITUTIONAL HOUSING,0.000000,0.000000,0.000000,0.000000,0.000000,0.000000
NA,HESSE,NA,NA,HEALTH CARE SERVICE,0.000000,0.000000,0.000000,0.000000,0.000000,0.000000
NA,HESSE,NA,NA,HEAVY FABRICATION AND ASSEMBLY,0.000000,0.000000,0.000000,0.000000,0.000000,0.000000
NA,HESSE,NA,NA,HIGHWAY,0.000000,0.000000,0.000000,0.000000,0.000000,0.000000
NA,HESSE,NA,NA,LIGHT FABRICATION AND ASSEMBLY,0.000000,0.000000,0.000000,0.000000,0.000000,0.000000
NA,HESSE,NA,NA,PERMANENT DWELLING (MULTI FAMILY HOUSING),0.000000,0.000000,0.000000,0.000000,0.000000,0.000000
NA,HESSE,NA,NA,PERMANENT DWELLING (SINGLE FAMILY HOUSING),0.000000,0.000000,0.000000,0.000000,0.000000,0.000000
NA,HESSE,NA,NA,PERSONAL AND REPAIR SERVICES,0.000000,0.000000,0.000000,0.000000,0.000000,0.000000
NA,HESSE,NA,NA,PETROLEUM,0.000000,0.000000,0.000000,0.000000,0.000000,0.000000
NA,HESSE,NA,NA,"PROFESSIONAL, TECHNICAL AND BUSINESS SERVICES",0.000000,0.000000,0.000000,0.000000,0.000000,0.000000
NA,HESSE,NA,NA,RELIGION AND NONPROFIT,0.000000,0.000000,0.000000,0.000000,0.000000,0.000000
NA,HESSE,NA,NA,RESTAURANTS,0.000000,0.000000,0.000000,0.000000,0.000000,0.000000
NA,HESSE,NA,NA,RETAIL TRADE,0.000000,0.000000,0.000000,0.000000,0.000000,0.000000
NA,HESSE,NA,NA,SANITARY SEWER,0.000000,0.000000,0.000000,0.000000,0.000000,0.000000
NA,HESSE,NA,NA,TEMPORARY LODGING,0.000000,0.000000,0.000000,0.000000,0.000000,0.000000
NA,HESSE,NA,NA,WHOLESALE TRADE,0.000000,0.000000,0.000000,0.000000,0.000000,0.000000
NA,SAXONY-ANHALT,NA,NA,AGRICULTURE,0.000000,0.000000,0.000000,0.000000,0.000000,0.000000
NA,SAXONY-ANHALT,NA,NA,AIR,0.000000,0.000000,0.000000,0.000000,0.000000,0.000000
NA,SAXONY-ANHALT,NA,NA,CASINOS,0.000000,0.000000,0.000000,0.000000,0.000000,0.000000
NA,SAXONY-ANHALT,NA,NA,CONSTRUCTION,0.000000,0.000000,0.000000,0.000000,0.000000,0.000000
NA,SAXONY-ANHALT,NA,NA,EDUCATION,0.000000,0.000000,0.000000,0.000000,0.000000,0.000000
NA,SAXONY-ANHALT,NA,NA,EMERGENCY RESPONSE SERVICES,0.000000,0.000000,0.000000,0.000000,0.000000,0.000000
NA,SAXONY-ANHALT,NA,NA,ENTERTAINMENT AND RECREATION,0.000000,0.000000,0.000000,0.000000,0.000000,0.000000
NA,SAXONY-ANHALT,NA,NA,FOOD AND DRUGS PROCESSING,0.000000,0.000000,0.000000,0.000000,0.000000,0.000000
NA,SAXONY-ANHALT,NA,NA,GASOLINE SERVICE STATIONS,0.000000,0.000000,0.000000,0.000000,0.000000,0.000000
NA,SAXONY-ANHALT,NA,NA,GENERAL SERVICES,0.000000,0.000000,0.000000,0.000000,0.000000,0.000000
NA,SAXONY-ANHALT,NA,NA,GROUP INSTITUTIONAL HOUSING,0.000000,0.000000,0.000000,0.000000,0.000000,0.000000
NA,SAXONY-ANHALT,NA,NA,HEALTH CARE SERVICE,0.000000,0.000000,0.000000,0.000000,0.000000,0.000000
NA,SAXONY-ANHALT,NA,NA,HEAVY FABRICATION AND ASSEMBLY,0.000000,0.000000,0.000000,0.000000,0.000000,0.000000
NA,SAXONY-ANHALT,NA,NA,HIGHWAY,0.000000,0.000000,0.000000,0.000000,0.000000,0.000000
NA,SAXONY-ANHALT,NA,NA,LIGHT FABRICATION AND ASSEMBLY,0.000000,0.000000,0.000000,0.000000,0.000000,0.000000
NA,SAXONY-ANHALT,NA,NA,PERMANENT DWELLING (MULTI FAMILY HOUSING),0.000000,0.000000,0.000000,0.000000,0.000000,0.000000
NA,SAXONY-ANHALT,NA,NA,PERMANENT DWELLING (SINGLE FAMILY HOUSING),0.000000,0.000000,0.000000,0.000000,0.000000,0.000000
NA,SAXONY-ANHALT,NA,NA,PERSONAL AND REPAIR SERVICES,0.000000,0.000000,0.000000,0.000000,0.000000,0.000000
NA,SAXONY-ANHALT,NA,NA,PETROLEUM,0.000000,0.000000,0.000000,0.000000,0.000000,0.000000
NA,SAXONY-ANHALT,NA,NA,"PROFESSIONAL, TECHNICAL AND BUSINESS SERVICES",0.000000,0.000000,0.000000,0.000000,0.000000,0.000000
NA,SAXONY-ANHALT,NA,NA,RELIGION AND NONPROFIT,0.000000,0.000000,0.000000,0.000000,0.000000,0.000000
NA,SAXONY-ANHALT,NA,NA,RESTAURANTS,0.000000,0.000000,0.000000,0.000000,0.000000,0.000000
NA,SAXONY-ANHALT,NA,NA,RETAIL TRADE,0.000000,0.000000,0.000000,0.000000,0.000000,0.000000
NA,SAXONY-ANHALT,NA,NA,SANITARY SEWER,0.000000,0.000000,0.000000,0.000000,0.000000,0.000000
NA,SAXONY-ANHALT,NA,NA,TEMPORARY LODGING,0.000000,0.000000,0.000000,0.000000,0.000000,0.000000
NA,SAXONY-ANHALT,NA,NA,WHOLESALE TRADE,0.000000,0.000000,0.000000,0.000000,0.000000,0.000000
NA,RHINELAND-PALATINATE,NA,NA,AGRICULTURE,0.000000,0.000000,0.000000,0.000000,0.000000,0.000000
NA,RHINELAND-PALATINATE,NA,NA,AIR,0.000000,0.000000,0.000000,0.000000,0.000000,0.000000
NA,RHINELAND-PALATINATE,NA,NA,CASINOS,0.000000,0.000000,0.000000,0.000000,0.000000,0.000000
NA,RHINELAND-PALATINATE,NA,NA,CONSTRUCTION,0.000000,0.000000,0.000000,0.000000,0.000000,0.000000
NA,RHINELAND-PALATINATE,NA,NA,EDUCATION,0.000000,0.000000,0.000000,0.000000,0.000000,0.000000
NA,RHINELAND-PALATINATE,NA,NA,EMERGENCY RESPONSE SERVICES,0.000000,0.000000,0.000000,0.000000,0.000000,0.000000
NA,RHINELAND-PALATINATE,NA,NA,ENTERTAINMENT AND RECREATION,0.000000,0.000000,0.000000,0.000000,0.000000,0.000000
NA,RHINELAND-PALATINATE,NA,NA,FOOD AND DRUGS PROCESSING,0.000000,0.000000,0.000000,0.000000,0.000000,0.000000
NA,RHINELAND-PALATINATE,NA,NA,GASOLINE SERVICE STATIONS,0.000000,0.000000,0.000000,0.000000,0.000000,0.000000
NA,RHINELAND-PALATINATE,NA,NA,GENERAL SERVICES,0.000000,0.000000,0.000000,0.000000,0.000000,0.000000
NA,RHINELAND-PALATINATE,NA,NA,GROUP INSTITUTIONAL HOUSING,0.000000,0.000000,0.000000,0.000000,0.000000,0.000000
NA,RHINELAND-PALATINATE,NA,NA,HEALTH CARE SERVICE,0.000000,0.000000,0.000000,0.000000,0.000000,0.000000
NA,RHINELAND-PALATINATE,NA,NA,HEAVY FABRICATION AND ASSEMBLY,0.000000,0.000000,0.000000,0.000000,0.000000,0.000000
NA,RHINELAND-PALATINATE,NA,NA,HIGHWAY,0.000000,0.000000,0.000000,0.000000,0.000000,0.000000
NA,RHINELAND-PALATINATE,NA,NA,LIGHT FABRICATION AND ASSEMBLY,0.000000,0.000000,0.000000,0.000000,0.000000,0.000000
NA,RHINELAND-PALATINATE,NA,NA,PERMANENT DWELLING (MULTI FAMILY HOUSING),0.000000,0.000000,0.000000,0.000000,0.000000,0.000000
NA,RHINELAND-PALATINATE,NA,NA,PERMANENT DWELLING (SINGLE FAMILY HOUSING),0.000000,0.000000,0.000000,0.000000,0.000000,0.000000
NA,RHINELAND-PALATINATE,NA,NA,PERSONAL AND REPAIR SERVICES,0.000000,0.000000,0.000000,0.000000,0.000000,0.000000
NA,RHINELAND-PALATINATE,NA,NA,PETROLEUM,0.000000,0.000000,0.000000,0.000000,0.000000,0.000000
NA,RHINELAND-PALATINATE,NA,NA,"PROFESSIONAL, TECHNICAL AND BUSINESS SERVICES",0.000000,0.000000,0.000000,0.000000,0.000000,0.000000
NA,RHINELAND-PALATINATE,NA,NA,RELIGION AND NONPROFIT,0.000000,0.000000,0.000000,0.000000,0.000000,0.000000
NA,RHINELAND-PALATINATE,NA,NA,RESTAURANTS,0.000000,0.000000,0.000000,0.000000,0.000000,0.000000
NA,RHINELAND-PALATINATE,NA,NA,RETAIL TRADE,0.000000,0.000000,0.000000,0.000000,0.000000,0.000000
NA,RHINELAND-PALATINATE,NA,NA,SANITARY SEWER,0.000000,0.000000,0.000000,0.000000,0.000000,0.000000
NA,RHINELAND-PALATINATE,NA,NA,TEMPORARY LODGING,0.000000,0.000000,0.000000,0.000000,0.000000,0.000000
NA,RHINELAND-PALATINATE,NA,NA,WHOLESALE TRADE,0.000000,0.000000,0.000000,0.000000,0.000000,0.000000
NA,BREMEN,NA,NA,AGRICULTURE,0.000000,0.000000,0.000000,0.000000,0.000000,0.000000
NA,BREMEN,NA,NA,AIR,0.000000,0.000000,0.000000,0.000000,0.000000,0.000000
NA,BREMEN,NA,NA,CASINOS,0.000000,0.000000,0.000000,0.000000,0.000000,0.000000
NA,BREMEN,NA,NA,CONSTRUCTION,0.000000,0.000000,0.000000,0.000000,0.000000,0.000000
NA,BREMEN,NA,NA,EDUCATION,0.000000,0.000000,0.000000,0.000000,0.000000,0.000000
NA,BREMEN,NA,NA,EMERGENCY RESPONSE SERVICES,0.000000,0.000000,0.000000,0.000000,0.000000,0.000000
NA,BREMEN,NA,NA,ENTERTAINMENT AND RECREATION,0.000000,0.000000,0.000000,0.000000,0.000000,0.000000
NA,BREMEN,NA,NA,FOOD AND DRUGS PROCESSING,0.000000,0.000000,0.000000,0.000000,0.000000,0.000000
NA,BREMEN,NA,NA,GASOLINE SERVICE STATIONS,0.000000,0.000000,0.000000,0.000000,0.000000,0.000000
NA,BREMEN,NA,NA,GENERAL SERVICES,0.000000,0.000000,0.000000,0.000000,0.000000,0.000000
NA,BREMEN,NA,NA,GROUP INSTITUTIONAL HOUSING,0.000000,0.000000,0.000000,0.000000,0.000000,0.000000
NA,BREMEN,NA,NA,HEALTH CARE SERVICE,0.000000,0.000000,0.000000,0.000000,0.000000,0.000000
NA,BREMEN,NA,NA,HEAVY FABRICATION AND ASSEMBLY,0.000000,0.000000,0.000000,0.000000,0.000000,0.000000
NA,BREMEN,NA,NA,HIGHWAY,0.000000,0.000000,0.000000,0.000000,0.000000,0.000000
NA,BREMEN,NA,NA,LIGHT FABRICATION AND ASSEMBLY,0.000000,0.000000,0.000000,0.000000,0.000000,0.000000
NA,BREMEN,NA,NA,PERMANENT DWELLING (MULTI FAMILY HOUSING),0.000000,0.000000,0.000000,0.000000,0.000000,0.000000
NA,BREMEN,NA,NA,PERMANENT DWELLING (SINGLE FAMILY HOUSING),0.000000,0.000000,0.000000,0.000000,0.000000,0.000000
NA,BREMEN,NA,NA,PERSONAL AND REPAIR SERVICES,0.000000,0.000000,0.000000,0.000000,0.000000,0.000000
NA,BREMEN,NA,NA,PETROLEUM,0.000000,0.000000,0.000000,0.000000,0.000000,0.000000
NA,BREMEN,NA,NA,"PROFESSIONAL, TECHNICAL AND BUSINESS SERVICES",0.000000,0.000000,0.000000,0.000000,0.000000,0.000000
NA,BREMEN,NA,NA,RELIGION AND NONPROFIT,0.000000,0.000000,0.000000,0.000000,0.000000,0.000000
NA,BREMEN,NA,NA,RESTAURANTS,0.000000,0.000000,0.000000,0.000000,0.000000,0.000000
NA,BREMEN,NA,NA,RETAIL TRADE,0.000000,0.000000,0.000000,0.000000,0.000000,0.000000
NA,BREMEN,NA,NA,SANITARY SEWER,0.000000,0.000000,0.000000,0.000000,0.000000,0.000000
NA,BREMEN,NA,NA,TEMPORARY LODGING,0.000000,0.000000,0.000000,0.000000,0.000000,0.000000
NA,BREMEN,NA,NA,WHOLESALE TRADE,0.000000,0.000000,0.000000,0.000000,0.000000,0.000000
