SIC,Sector_Desc,InternationalIndustry,SICClass,Directors & Officers (D&O),Any One Claim (AOC),Employer Practice Liability (EPL),Corporate Legal Liability (CLL),Crime,Pension Trustee Liability (PTL)
8721,VARIOUS SERVICES,Accounting Services,"ACCOUNTING, AUDITING, & BOOKKEEPING",Within,Outside,Outside,Check for services exposures,Outside,Within
3482,MANUFACTURING (DURABLE),Aerospace & Defense,SMALL ARMS AMMUNITION,Within,Outside,Within,Check Health and Safety,Outside,Within
3483,MANUFACTURING (DURABLE),Aerospace & Defense,"AMMUNITION, EXCEPT FOR SMALL ARMS, N.E.C",Within,Outside,Within,Check Health and Safety,Outside,Within
3484,MANUFACTURING (DURABLE),Aerospace & Defense,SMALL ARMS,Within,Outside,Within,Check Health and Safety,Outside,Within
3489,MANUFACTURING (DURABLE),Aerospace & Defense,"ORDNANCE AND ACCESSORIES, N.E.C.",Within,Outside,Within,Check Health and Safety,Outside,Within
3721,MANUFACTURING (DURABLE),Aerospace & Defense,AIRCRAFT,Within,Outside,Within,Check Health and Safety,Outside,Within
3724,MANUFACTURING (DURABLE),Aerospace & Defense,AIRCRAFT ENGINES AND ENGINE PARTS,Within,Outside,Within,Check Health and Safety,Outside,Within
3728,MANUFACTURING (DURABLE),Aerospace & Defense,"AURCRAFT PARTS AND EQUIPMENT, N.E.C.",Within,Outside,Within,Check Health and Safety,Outside,Within
3761,MANUFACTURING (DURABLE),Aerospace & Defense,GUIDED MISSILES AND SPACE VEHICLES,Within,Outside,Within,Check Health and Safety,Outside,Within
3764,MANUFACTURING (DURABLE),Aerospace & Defense,SPACE PROPULSION UNITS AND PARTS,Within,Outside,Within,Check Health and Safety,Outside,Within
3769,MANUFACTURING (DURABLE),Aerospace & Defense,"SPACE VEHICLE EQUIPMENT, N.E.C.",Within,Outside,Within,Check Health and Safety,Outside,Within
3795,MANUFACTURING (DURABLE),Aerospace & Defense,TANKS AND TANK COMPONENTS,Within,Outside,Within,Check Health and Safety,Outside,Within
2892,MANUFACTURING (NON DURABLE) EXC APPAREL,Aerospace & Defense,EXPLOSIVES,Within,Outside,Within,Check Health and Safety,Outside,Within
3751,MANUFACTURING (DURABLE),Auto Components,"MOTORCYCLES, BICYCLES, AND PARTS",Within,Within (AOC CLL requires FGL refer),Within,Check Health and Safety,Outside,Within
3792,MANUFACTURING (DURABLE),Auto Components,TRAVEL TRAILERS AND CAMPERS,Within,Within (AOC CLL requires FGL refer),Within,Check Health and Safety,Outside,Within
3799,MANUFACTURING (DURABLE),Auto Components,"TRANSPORTATION EQUIPMENT, N.E.C.",Within,Within (AOC CLL requires FGL refer),Within,Check Health and Safety,Outside,Within
3011,MANUFACTURING (NON DURABLE) EXC APPAREL,Auto Components,TIRES AND INNER TUBES,Within,Within (AOC CLL requires FGL refer),Within,Check Health and Safety,Outside,Within
3711,MANUFACTURING (DURABLE),Automobiles,MOTOR VEHICLES AND CAR BODIES,Within,Within (AOC CLL requires FGL refer),Within,Check Health and Safety,Outside,Within
3713,MANUFACTURING (DURABLE),Automobiles,TRUCK AND BUS BODIES,Within,Within (AOC CLL requires FGL refer),Within,Check Health and Safety,Outside,Within
3714,MANUFACTURING (DURABLE),Automobiles,MOTOR VEHICLE PARTS AND ACCESSORIES,Within,Within (AOC CLL requires FGL refer),Within,Check Health and Safety,Outside,Within
3715,MANUFACTURING (DURABLE),Automobiles,TRUCK TRAILERS,Within,Within (AOC CLL requires FGL refer),Within,Check Health and Safety,Outside,Within
3716,MANUFACTURING (DURABLE),Automobiles,MOTOR HOMES,Within,Within (AOC CLL requires FGL refer),Within,Check Health and Safety,Outside,Within
2451,MANUFACTURING (DURABLE),Automobiles,MOBILE HOMES,Within,Within (AOC CLL requires FGL refer),Within,Check Health and Safety,Outside,Within
5271,NON/DISCRETIONARY RETAIL SECTOR,Automobiles,MOBILE HOME DEALERS,Within,Within (AOC CLL requires FGL refer),Consider 3rd Party Exclusion,Check Health and Safety,Outside,Within
5511,NON/DISCRETIONARY RETAIL SECTOR,Automobiles,NEW AND USED CAR DEALERS,Within,Within (AOC CLL requires FGL refer),Consider 3rd Party Exclusion,Check for services exposures,Outside,Within
5521,NON/DISCRETIONARY RETAIL SECTOR,Automobiles,USED CAR DEALERS,Within,Within (AOC CLL requires FGL refer),Consider 3rd Party Exclusion,Check for services exposures,Outside,Within
5571,NON/DISCRETIONARY RETAIL SECTOR,Automobiles,MOTORCYCLE DEALERS,Within,Within (AOC CLL requires FGL refer),Consider 3rd Party Exclusion,Check for services exposures,Outside,Within
5599,NON/DISCRETIONARY RETAIL SECTOR,Automobiles,"AUTOMOTIVE DEALERS, N.E.C.",Within,Within (AOC CLL requires FGL refer),Consider 3rd Party Exclusion,Check for services exposures,Outside,Within
7513,RETAIL SERVICES,Automobiles,"TRUCK RENTAL AND LEASING, NO DRIVERS",Within,Within (AOC CLL requires FGL refer),Consider 3rd Party Exclusion,Check Health and Safety,Outside,Within
7514,RETAIL SERVICES,Automobiles,PASSENGER CAR RENTAL,Within,Within (AOC CLL requires FGL refer),Consider 3rd Party Exclusion,Check Health and Safety,Outside,Within
7515,RETAIL SERVICES,Automobiles,PASSENGER CAR LEASING,Within,Within (AOC CLL requires FGL refer),Consider 3rd Party Exclusion,Check Health and Safety,Outside,Within
7519,RETAIL SERVICES,Automobiles,UTILITY TRAILER RENTAL,Within,Within (AOC CLL requires FGL refer),Consider 3rd Party Exclusion,Check Health and Safety,Outside,Within
7521,RETAIL SERVICES,Automobiles,AUTOMOBILE PARKING,Within,Within (AOC CLL requires FGL refer),Consider 3rd Party Exclusion,Check Health and Safety,Outside,Within
7532,RETAIL SERVICES,Automobiles,TOP & BODY REPAIR & PAINT SHOPS,Within,Within (AOC CLL requires FGL refer),Consider 3rd Party Exclusion,Check Health and Safety,Outside,Within
7533,RETAIL SERVICES,Automobiles,AUTO EXHAUST SYSTEM REPAIR SHOPS,Within,Within (AOC CLL requires FGL refer),Consider 3rd Party Exclusion,Check Health and Safety,Outside,Within
7534,RETAIL SERVICES,Automobiles,TIRE RETREADING AND REPAIR SHOPS,Within,Within (AOC CLL requires FGL refer),Consider 3rd Party Exclusion,Check Health and Safety,Outside,Within
7536,RETAIL SERVICES,Automobiles,AUTOMOTIVE GLASS REPLACEMENT SHOPS,Within,Within (AOC CLL requires FGL refer),Consider 3rd Party Exclusion,Check Health and Safety,Outside,Within
7537,RETAIL SERVICES,Automobiles,AUTOMOTIVE TRANSMISSION REPAIR SHOPS,Within,Within (AOC CLL requires FGL refer),Consider 3rd Party Exclusion,Check Health and Safety,Outside,Within
7538,RETAIL SERVICES,Automobiles,GENERAL AUTOMOTIVE REPAIR SHOPS,Within,Within (AOC CLL requires FGL refer),Consider 3rd Party Exclusion,Check Health and Safety,Outside,Within
7539,RETAIL SERVICES,Automobiles,"AUTOMOTIVE REPAIR SHOPS, N.E.C.",Within,Within (AOC CLL requires FGL refer),Consider 3rd Party Exclusion,Check Health and Safety,Outside,Within
7542,RETAIL SERVICES,Automobiles,CARWASHES,Within,Within (AOC CLL requires FGL refer),Consider 3rd Party Exclusion,Within,Outside,Within
7549,RETAIL SERVICES,Automobiles,"AUTOMOTIVE SERVICES, N.E.C.",Within,Within (AOC CLL requires FGL refer),Consider 3rd Party Exclusion,Check Health and Safety,Outside,Within
5000,WHOLESALE,Automobiles,AUTOMOBILES AND OTHER MOTOR VEHICLES,Within,Within (AOC CLL requires FGL refer),Within,Check Health and Safety,Outside,Within
5010,WHOLESALE,Automobiles,AUTOMOBILES AND OTHER MOTOR VEHICLES,Within,Within (AOC CLL requires FGL refer),Within,Check Health and Safety,Outside,Within
5012,WHOLESALE,Automobiles,AUTOMOBILES AND OTHER MOTOR VEHICLES,Within,Within (AOC CLL requires FGL refer),Within,Check Health and Safety,Outside,Within
5013,WHOLESALE,Automobiles,MOTOR VEHICLE SUPPLIES AND NEW PARTS,Within,Within (AOC CLL requires FGL refer),Within,Check Health and Safety,Outside,Within
5014,WHOLESALE,Automobiles,TIRES AND TUBES,Within,Within (AOC CLL requires FGL refer),Within,Check Health and Safety,Outside,Within
5015,WHOLESALE,Automobiles,"MOTOR VEHICLE PARTS, USED",Within,Within (AOC CLL requires FGL refer),Within,Check Health and Safety,Outside,Within
5020,WHOLESALE,Automobiles,AUTOMOBILES AND OTHER MOTOR VEHICLES,Within,Within (AOC CLL requires FGL refer),Within,Check Health and Safety,Outside,Within
5030,WHOLESALE,Automobiles,AUTOMOBILES AND OTHER MOTOR VEHICLES,Within,Within (AOC CLL requires FGL refer),Within,Check Health and Safety,Outside,Within
5040,WHOLESALE,Automobiles,AUTOMOBILES AND OTHER MOTOR VEHICLES,Within,Within (AOC CLL requires FGL refer),Within,Check Health and Safety,Outside,Within
5070,WHOLESALE,Automobiles,AUTOMOBILES AND OTHER MOTOR VEHICLES,Within,Within (AOC CLL requires FGL refer),Within,Check Health and Safety,Outside,Within
5080,WHOLESALE,Automobiles,AUTOMOBILES AND OTHER MOTOR VEHICLES,Within,Within (AOC CLL requires FGL refer),Within,Check Health and Safety,Outside,Within
5090,WHOLESALE,Automobiles,AUTOMOBILES AND OTHER MOTOR VEHICLES,Within,Within (AOC CLL requires FGL refer),Within,Check Health and Safety,Outside,Within
5110,WHOLESALE,Automobiles,AUTOMOBILES AND OTHER MOTOR VEHICLES,Within,Within (AOC CLL requires FGL refer),Within,Check Health and Safety,Outside,Within
5130,WHOLESALE,Automobiles,AUTOMOBILES AND OTHER MOTOR VEHICLES,Within,Within (AOC CLL requires FGL refer),Within,Check Health and Safety,Outside,Within
5140,WHOLESALE,Automobiles,AUTOMOBILES AND OTHER MOTOR VEHICLES,Within,Within (AOC CLL requires FGL refer),Within,Check Health and Safety,Outside,Within
5150,WHOLESALE,Automobiles,AUTOMOBILES AND OTHER MOTOR VEHICLES,Within,Within (AOC CLL requires FGL refer),Within,Check Health and Safety,Outside,Within
5160,WHOLESALE,Automobiles,AUTOMOBILES AND OTHER MOTOR VEHICLES,Within,Within (AOC CLL requires FGL refer),Within,Check Health and Safety,Outside,Within
5180,WHOLESALE,Automobiles,AUTOMOBILES AND OTHER MOTOR VEHICLES,Within,Within (AOC CLL requires FGL refer),Within,Check Health and Safety,Outside,Within
5190,WHOLESALE,Automobiles,AUTOMOBILES AND OTHER MOTOR VEHICLES,Within,Within (AOC CLL requires FGL refer),Within,Check Health and Safety,Outside,Within
6011,FINANCE / FINANCE,Banks - Commercial,FEDERAL RESERVE BANKS,Outside,Outside,Outside,Outside,Outside,Outside
6019,FINANCE / FINANCE,Banks - Commercial,"CENTRAL RESERVE DEPOSITORY, N.E.C.",Outside,Outside,Outside,Outside,Outside,Outside
6020,FINANCE / FINANCE,Banks - Commercial,FEDERAL RESERVE BANKS,Outside,Outside,Outside,Outside,Outside,Outside
6021,FINANCE / FINANCE,Banks - Commercial,NATIONAL COMMERCIAL BANKS,Outside,Outside,Outside,Outside,Outside,Outside
6022,FINANCE / FINANCE,Banks - Commercial,STATE COMMERCIAL BANKS,Outside,Outside,Outside,Outside,Outside,Outside
6029,FINANCE / FINANCE,Banks - Commercial,"COMMERCIAL BANKS, N.E.C.",Outside,Outside,Outside,Outside,Outside,Outside
6035,FINANCE / FINANCE,Banks - Commercial,FEDERAL SAVINGS INSTITUTIONS,Outside,Outside,Outside,Outside,Outside,Outside
6036,FINANCE / FINANCE,Banks - Commercial,"SAVINGS INSTITUTIONS, EXCEPT FEDERAL",Outside,Outside,Outside,Outside,Outside,Outside
6061,FINANCE / FINANCE,Banks - Commercial,FEDERAL CREDIT UNIONS,Outside,Outside,Outside,Outside,Outside,Outside
6062,FINANCE / FINANCE,Banks - Commercial,STATE CREDIT UNIONS,Outside,Outside,Outside,Outside,Outside,Outside
6081,FINANCE / FINANCE,Banks - Commercial,FOREIGN BANK & BRANCHES & AGENCIES,Outside,Outside,Outside,Outside,Outside,Outside
6082,FINANCE / FINANCE,Banks - Commercial,FOREIGN TRADE & INTERNATIONAL BANKS,Outside,Outside,Outside,Outside,Outside,Outside
6091,FINANCE / FINANCE,Banks - Commercial,NONDEPOSIT TRUST FACILITIES,Outside,Outside,Outside,Outside,Outside,Outside
6099,FINANCE / FINANCE,Banks - Commercial,FUNCTIONS RELATED TO DEPOSIT BANKING,Outside,Outside,Outside,Outside,Outside,Outside
6111,FINANCE / FINANCE,Banks - Commercial,FEDERAL & FEDERALLY-SPONSORED CREDIT,Outside,Outside,Outside,Outside,Outside,Outside
6162,FINANCE / FINANCE,Banks - Commercial,MORTGAGE BANKERS AND CORRESPONDENTS,Outside,Outside,Outside,Outside,Outside,Outside
6163,FINANCE / FINANCE,Banks - Commercial,LOAN BROKERS,Outside,Outside,Outside,Outside,Outside,Outside
6172,FINANCE / FINANCE,Banks - Commercial,FINANCE LESSORS,Outside,Outside,Outside,Outside,Outside,Outside
6189,FINANCE / FINANCE,Banks - Commercial,ASSET-BACKED SECURITIES,Outside,Outside,Outside,Outside,Outside,Outside
6199,FINANCE / FINANCE,Banks - Commercial,FINANCE STORES,Outside,Outside,Outside,Outside,Outside,Outside
6200,FINANCE / FINANCE,Banks - Commercial,FEDERAL RESERVE BANKS,Outside,Outside,Outside,Outside,Outside,Outside
6211,FINANCE / FINANCE,Banks - Commercial,SECURITY BROKERS AND DEALERS,Outside,Outside,Outside,Outside,Outside,Outside
6221,FINANCE / FINANCE,Banks - Commercial,"COMMODITY CONTRACTS BROKERS, DEALERS",Outside,Outside,Outside,Outside,Outside,Outside
6231,FINANCE / FINANCE,Banks - Commercial,SECURITY AND COMMODITY EXCHANGES,Outside,Outside,Outside,Outside,Outside,Outside
6282,FINANCE / FINANCE,Banks - Commercial,INVESTMENT ADVICE,Outside,Outside,Outside,Outside,Outside,Outside
6289,FINANCE / FINANCE,Banks - Commercial,"SECURITY AND COMMODITY SERVICES, N.E.C.",Outside,Outside,Outside,Outside,Outside,Outside
6141,CREDIT INSTITUTIONS,Banks - Thrifts & Mortgage,PERSONAL CREDIT INSTITUTIONS,Outside,Outside,Outside,Outside,Outside,Outside
6153,CREDIT INSTITUTIONS,Banks - Thrifts & Mortgage,SHORT-TERM BUSINESS CREDIT,Outside,Outside,Outside,Outside,Outside,Outside
6159,CREDIT INSTITUTIONS,Banks - Thrifts & Mortgage,MISC. BUSINESS CREDIT INSTITUTIONS,Outside,Outside,Outside,Outside,Outside,Outside
2082,MANUFACTURING (NON DURABLE) EXC APPAREL,Beverages,MALT BEVERAGES,Within,Within (AOC CLL requires FGL refer),Within,Within,Outside,Within
2084,MANUFACTURING (NON DURABLE) EXC APPAREL,Beverages,"WINES, BRANDY, AND BRANDY SPIRITS",Within,Within (AOC CLL requires FGL refer),Within,Within,Outside,Within
2085,MANUFACTURING (NON DURABLE) EXC APPAREL,Beverages,DISTILLED AND BLENDED LIQUORS,Within,Within (AOC CLL requires FGL refer),Within,Within,Outside,Within
2086,MANUFACTURING (NON DURABLE) EXC APPAREL,Beverages,BOTTLED AND CANNED SOFT DRINKGS,Within,Within (AOC CLL requires FGL refer),Within,Within,Outside,Within
5921,NON/DISCRETIONARY RETAIL SECTOR,Beverages,LIQUOR STORES,Within,Within (AOC CLL requires FGL refer),Consider 3rd Party Exclusion,Within,Outside,Within
5181,WHOLESALE,Beverages,BEER AND ALE,Within,Within (AOC CLL requires FGL refer),Within,Within,Outside,Within
5182,WHOLESALE,Beverages,WINE AND DISTILLED BEVEREAGES,Within,Within (AOC CLL requires FGL refer),Within,Within,Outside,Within
8734,VARIOUS SERVICES,Biotechnology,TESTING LABORATORIES,Within,Outside,Within,Check for services exposures,Outside,Within
5961,NON/DISCRETIONARY RETAIL SECTOR,Building Products,CATALOG AND MAIL-ORDER HOUSES,Within,Within (AOC CLL requires FGL refer),Within,Within,Outside,Within
5033,WHOLESALE,Building Products,"ROOFING, SIDING, & INSULATION",Within,Within (AOC CLL requires FGL refer),Within,Within,Outside,Within
2812,MANUFACTURING (NON DURABLE) EXC APPAREL,Chemicals,ALKALIES AND CHLORINE,Within,Within (AOC CLL requires FGL refer),Within,Check Health and Safety,Outside,Within
2813,MANUFACTURING (NON DURABLE) EXC APPAREL,Chemicals,INDUSTRIAL GASES,Within,Within (AOC CLL requires FGL refer),Within,Check Health and Safety,Outside,Within
2816,MANUFACTURING (NON DURABLE) EXC APPAREL,Chemicals,INORGANIC PIGMENTS,Within,Within (AOC CLL requires FGL refer),Within,Check Health and Safety,Outside,Within
2819,MANUFACTURING (NON DURABLE) EXC APPAREL,Chemicals,"INDUSTRIAL INORGANIC CHEMICALS, N.E.C.",Within,Within (AOC CLL requires FGL refer),Within,Check Health and Safety,Outside,Within
2821,MANUFACTURING (NON DURABLE) EXC APPAREL,Chemicals,PLASTICS MATERIALS AND RESINS,Within,Within (AOC CLL requires FGL refer),Within,Check Health and Safety,Outside,Within
2822,MANUFACTURING (NON DURABLE) EXC APPAREL,Chemicals,SYNTHETIC RUBBER,Within,Within (AOC CLL requires FGL refer),Within,Check Health and Safety,Outside,Within
2823,MANUFACTURING (NON DURABLE) EXC APPAREL,Chemicals,CELLULOSIC MANMADE FIBERS,Within,Within (AOC CLL requires FGL refer),Within,Check Health and Safety,Outside,Within
2824,MANUFACTURING (NON DURABLE) EXC APPAREL,Chemicals,"ORGANIC FIBERS, NONCELLULOSIC",Within,Within (AOC CLL requires FGL refer),Within,Check Health and Safety,Outside,Within
2841,MANUFACTURING (NON DURABLE) EXC APPAREL,Chemicals,SOAP AND OTHER DETERGENTS,Within,Within (AOC CLL requires FGL refer),Within,Check Health and Safety,Outside,Within
2842,MANUFACTURING (NON DURABLE) EXC APPAREL,Chemicals,POLISHES AND SANITATION GOODS,Within,Within (AOC CLL requires FGL refer),Within,Check Health and Safety,Outside,Within
2843,MANUFACTURING (NON DURABLE) EXC APPAREL,Chemicals,SURFACE ACTIVE AGENTS,Within,Within (AOC CLL requires FGL refer),Within,Check Health and Safety,Outside,Within
2844,MANUFACTURING (NON DURABLE) EXC APPAREL,Chemicals,TOILET PREPARATIONS,Within,Within (AOC CLL requires FGL refer),Within,Check Health and Safety,Outside,Within
2851,MANUFACTURING (NON DURABLE) EXC APPAREL,Chemicals,PAINTS AND ALLIED PRODUCTS,Within,Within (AOC CLL requires FGL refer),Within,Check Health and Safety,Outside,Within
2861,MANUFACTURING (NON DURABLE) EXC APPAREL,Chemicals,GUM AND WOOD CHEMICALS,Within,Within (AOC CLL requires FGL refer),Within,Check Health and Safety,Outside,Within
2865,MANUFACTURING (NON DURABLE) EXC APPAREL,Chemicals,CYCLIC CRUDES AND INTERMEDIATES,Within,Within (AOC CLL requires FGL refer),Within,Check Health and Safety,Outside,Within
2869,MANUFACTURING (NON DURABLE) EXC APPAREL,Chemicals,"INDUSTRIAL ORGANIC CHEMICALS, N.E.C.",Within,Within (AOC CLL requires FGL refer),Within,Check Health and Safety,Outside,Within
2873,MANUFACTURING (NON DURABLE) EXC APPAREL,Chemicals,NITROGENOUS FERTILIZERS,Within,Within (AOC CLL requires FGL refer),Within,Check Health and Safety,Outside,Within
2874,MANUFACTURING (NON DURABLE) EXC APPAREL,Chemicals,PHOSPHATIC FERTILIZERS,Within,Within (AOC CLL requires FGL refer),Within,Check Health and Safety,Outside,Within
2875,MANUFACTURING (NON DURABLE) EXC APPAREL,Chemicals,"FERTILIZERS, MIXING ONLY",Within,Within (AOC CLL requires FGL refer),Within,Check Health and Safety,Outside,Within
2879,MANUFACTURING (NON DURABLE) EXC APPAREL,Chemicals,"AGRICULTURAL CHEMICALS, N.E.C.",Within,Within (AOC CLL requires FGL refer),Within,Check Health and Safety,Outside,Within
2891,MANUFACTURING (NON DURABLE) EXC APPAREL,Chemicals,ADHESIVES AND SEALANTS,Within,Within (AOC CLL requires FGL refer),Within,Check Health and Safety,Outside,Within
2893,MANUFACTURING (NON DURABLE) EXC APPAREL,Chemicals,PRINTING INK,Within,Within (AOC CLL requires FGL refer),Within,Check Health and Safety,Outside,Within
2895,MANUFACTURING (NON DURABLE) EXC APPAREL,Chemicals,CARBON BLACK,Within,Within (AOC CLL requires FGL refer),Within,Check Health and Safety,Outside,Within
2899,MANUFACTURING (NON DURABLE) EXC APPAREL,Chemicals,"CHEMICAL PREPARATIONS, N.E.C.",Within,Within (AOC CLL requires FGL refer),Within,Check Health and Safety,Outside,Within
2911,MANUFACTURING (NON DURABLE) EXC APPAREL,Chemicals,PETROLEUM REFINING,Within,Within (AOC CLL requires FGL refer),Within,Check Health and Safety,Outside,Within
2951,MANUFACTURING (NON DURABLE) EXC APPAREL,Chemicals,ASPHALT PAVING MIXTURES AND BLOCKS,Within,Within (AOC CLL requires FGL refer),Within,Check Health and Safety,Outside,Within
2952,MANUFACTURING (NON DURABLE) EXC APPAREL,Chemicals,ASPHALT FELTS AND COATINGS,Within,Within (AOC CLL requires FGL refer),Within,Check Health and Safety,Outside,Within
2992,MANUFACTURING (NON DURABLE) EXC APPAREL,Chemicals,LUBRICATING OILS AND GREASES,Within,Within (AOC CLL requires FGL refer),Within,Check Health and Safety,Outside,Within
2999,MANUFACTURING (NON DURABLE) EXC APPAREL,Chemicals,"PETROLEUM ANC COAL PRODUCTS, N.E.C.",Within,Within (AOC CLL requires FGL refer),Within,Check Health and Safety,Outside,Within
5169,WHOLESALE,Chemicals,"CHEMICALS & ALLIED PRODUCTS, N.E.C.",Within,Within (AOC CLL requires FGL refer),Within,Within,Outside,Within
5198,WHOLESALE,Chemicals,"PAINTS, VARNISHES, AND SUPPLIES",Within,Within (AOC CLL requires FGL refer),Within,Within,Outside,Within
7221,RETAIL SERVICES,Commercial Services & Supplies,"PHOTOGRAPHIC STUDIOS, PORTRAIT",Within,Within (AOC CLL requires FGL refer),Consider 3rd Party Exclusion,Within,Outside,Within
7231,RETAIL SERVICES,Commercial Services & Supplies,BEAUTY SHOPS,Within,Within (AOC CLL requires FGL refer),Consider 3rd Party Exclusion,Within,Outside,Within
7241,RETAIL SERVICES,Commercial Services & Supplies,BARBER SHOPS,Within,Within (AOC CLL requires FGL refer),Consider 3rd Party Exclusion,Within,Outside,Within
7251,RETAIL SERVICES,Commercial Services & Supplies,SHOE REPAIR AND SHOESHINE PARLORS,Within,Within (AOC CLL requires FGL refer),Consider 3rd Party Exclusion,Within,Outside,Within
7261,RETAIL SERVICES,Commercial Services & Supplies,FUNERAL SERVICE AND CREMATORIES,Within,Within (AOC CLL requires FGL refer),Consider 3rd Party Exclusion,Within,Outside,Within
7299,RETAIL SERVICES,Commercial Services & Supplies,"MISCELLANEOUS PERSONAL SERVICES, N.E.C.",Within,Within (AOC CLL requires FGL refer),Consider 3rd Party Exclusion,Within,Outside,Within
7311,RETAIL SERVICES,Commercial Services & Supplies,ADVERTISING AGENCIES,Within,Within (AOC CLL requires FGL refer),Consider 3rd Party Exclusion,Within,Outside,Within
7312,RETAIL SERVICES,Commercial Services & Supplies,OUTDOOR ADVERTISING SERVICES,Within,Within (AOC CLL requires FGL refer),Within,Within,Outside,Within
7334,RETAIL SERVICES,Commercial Services & Supplies,PHOTOCOPYING & DUPLICATING SERVICES,Within,Within (AOC CLL requires FGL refer),Within,Within,Outside,Within
7335,RETAIL SERVICES,Commercial Services & Supplies,COMMERCIAL PHOTOGRAPHY,Within,Within (AOC CLL requires FGL refer),Within,Within,Outside,Within
7336,RETAIL SERVICES,Commercial Services & Supplies,COMMERCIAL ART AND GRAPHIC DESIGN,Within,Within (AOC CLL requires FGL refer),Within,Within,Outside,Within
7342,RETAIL SERVICES,Commercial Services & Supplies,DISINFECTING & PEST CONTROL SERVICES,Within,Within (AOC CLL requires FGL refer),Within,Within,Outside,Within
7349,RETAIL SERVICES,Commercial Services & Supplies,"BUILDING MAINTENANCE SERVICES, N.E.C.",Within,Within (AOC CLL requires FGL refer),Within,Within,Outside,Within
7359,RETAIL SERVICES,Commercial Services & Supplies,"EQUIPMENT RENTAL & LEASING, N.E.C.",Within,Within (AOC CLL requires FGL refer),Within,Within,Outside,Within
7381,RETAIL SERVICES,Commercial Services & Supplies,DETECTIVE & ARMORED CAR SERVICES,Within,Within (AOC CLL requires FGL refer),Outside,Within,Outside,Within
7382,RETAIL SERVICES,Commercial Services & Supplies,SECURITY SYSTEMS SERVICES,Within,Within (AOC CLL requires FGL refer),Within,Within,Outside,Within
7384,RETAIL SERVICES,Commercial Services & Supplies,PHOTOFINISHING LABORATORIES,Within,Within (AOC CLL requires FGL refer),Within,Within,Outside,Within
7385,RETAIL SERVICES,Commercial Services & Supplies,TELEPHONE INTERCONNECT SYSTEMS,Within,Within (AOC CLL requires FGL refer),Within,Within,Outside,Within
7622,RETAIL SERVICES,Commercial Services & Supplies,RADIO AND TELEVISION REPAIR,Within,Within (AOC CLL requires FGL refer),Within,Within,Outside,Within
5043,WHOLESALE,Commercial Services & Supplies,PHOTOGRAPHIC EQUIPMENT AND SUPPLIES,Within,Within (AOC CLL requires FGL refer),Within,Within,Outside,Within
1520,CONSTRUCTION,Construction & Engineering,SINGLE-FAMILY HOUSING CONSTRUCTION,Within,Within (AOC CLL requires FGL refer),Check for Recession exposures,Check Health and Safety,Outside,Within
1521,CONSTRUCTION,Construction & Engineering,SINGLE-FAMILY HOUSING CONSTRUCTION,Within,Within (AOC CLL requires FGL refer),Check for Recession exposures,Check Health and Safety,Outside,Check for Recession exposures
1522,CONSTRUCTION,Construction & Engineering,"RESIDENTIAL CONSTRUCTION, N.E.C.",Within,Within (AOC CLL requires FGL refer),Check for Recession exposures,Check Health and Safety,Outside,Check for Recession exposures
1531,CONSTRUCTION,Construction & Engineering,OPERATIVE BUILDERS,Within,Within (AOC CLL requires FGL refer),Check for Recession exposures,Check Health and Safety,Outside,Check for Recession exposures
1540,CONSTRUCTION,Construction & Engineering,SINGLE-FAMILY HOUSING CONSTRUCTION,Within,Within (AOC CLL requires FGL refer),Check for Recession exposures,Check Health and Safety,Outside,Check for Recession exposures
1541,CONSTRUCTION,Construction & Engineering,INDUSTRIAL BUILDINGS AND WAREHOUSES,Within,Within (AOC CLL requires FGL refer),Check for Recession exposures,Check Health and Safety,Outside,Check for Recession exposures
1542,CONSTRUCTION,Construction & Engineering,"NONRESIDENTIAL CONSTRUCTION, N.E.C.",Within,Within (AOC CLL requires FGL refer),Check for Recession exposures,Check Health and Safety,Outside,Check for Recession exposures
1600,CONSTRUCTION,Construction & Engineering,SINGLE-FAMILY HOUSING CONSTRUCTION,Within,Within (AOC CLL requires FGL refer),Check for Recession exposures,Check Health and Safety,Outside,Check for Recession exposures
1611,CONSTRUCTION,Construction & Engineering,HIGHWAY AND STREET CONSTRUCTION,Within,Within (AOC CLL requires FGL refer),Check for Recession exposures,Check Health and Safety,Outside,Check for Recession exposures
1622,CONSTRUCTION,Construction & Engineering,"BRIDGE, TUNNEL & ELEVATED HIGHWAY",Within,Within (AOC CLL requires FGL refer),Check for Recession exposures,Check Health and Safety,Outside,Check for Recession exposures
1623,CONSTRUCTION,Construction & Engineering,"WATER, SEEWER, AND UTILITY LINES",Within,Outside appetite if Utilities and AOC,Check for Recession exposures,Check Health and Safety,Outside,Check for Recession exposures
1629,CONSTRUCTION,Construction & Engineering,"HEAVY CONSTRUCTION, N.E.C.",Within,Within (AOC CLL requires FGL refer),Check for Recession exposures,Check Health and Safety,Outside,Check for Recession exposures
1700,CONSTRUCTION,Construction & Engineering,SINGLE-FAMILY HOUSING CONSTRUCTION,Within,Within (AOC CLL requires FGL refer),Check for Recession exposures,Check Health and Safety,Outside,Check for Recession exposures
1711,CONSTRUCTION,Construction & Engineering,"PLUMBING, HEATING, AIRCONDITIONING",Within,Within (AOC CLL requires FGL refer),Check for Recession exposures,Check Health and Safety,Outside,Check for Recession exposures
1721,CONSTRUCTION,Construction & Engineering,PAINTING AND PAPER HANGING,Within,Within (AOC CLL requires FGL refer),Check for Recession exposures,Check Health and Safety,Outside,Check for Recession exposures
1731,CONSTRUCTION,Construction & Engineering,ELECTRICAL WORK,Within,Within (AOC CLL requires FGL refer),Check for Recession exposures,Check Health and Safety,Outside,Check for Recession exposures
1741,CONSTRUCTION,Construction & Engineering,MASONRY AND OTHER STONEWORK,Within,Within (AOC CLL requires FGL refer),Check for Recession exposures,Check Health and Safety,Outside,Check for Recession exposures
1742,CONSTRUCTION,Construction & Engineering,"PLASTERING, DRYWALL, AND INSULATION",Within,Within (AOC CLL requires FGL refer),Check for Recession exposures,Check Health and Safety,Outside,Check for Recession exposures
1743,CONSTRUCTION,Construction & Engineering,"TERRAZZO, TILE, MARBLE, MOSAIC WORK",Within,Within (AOC CLL requires FGL refer),Check for Recession exposures,Check Health and Safety,Outside,Check for Recession exposures
1751,CONSTRUCTION,Construction & Engineering,CARPENTRY WORK,Within,Within (AOC CLL requires FGL refer),Check for Recession exposures,Check Health and Safety,Outside,Check for Recession exposures
1752,CONSTRUCTION,Construction & Engineering,"FLOOR LAYING AND FLOOR WORK, N.E.C.",Within,Within (AOC CLL requires FGL refer),Check for Recession exposures,Check Health and Safety,Outside,Check for Recession exposures
1761,CONSTRUCTION,Construction & Engineering,"ROOFING, SIDING, AND SHEET METAL WORK",Within,Within (AOC CLL requires FGL refer),Check for Recession exposures,Check Health and Safety,Outside,Check for Recession exposures
1771,CONSTRUCTION,Construction & Engineering,CONCRETE WORK,Within,Within (AOC CLL requires FGL refer),Check for Recession exposures,Check Health and Safety,Outside,Check for Recession exposures
1781,CONSTRUCTION,Construction & Engineering,WATER WELL DRILLING,Within,Within (AOC CLL requires FGL refer),Check for Recession exposures,Check Health and Safety,Outside,Check for Recession exposures
1791,CONSTRUCTION,Construction & Engineering,STRUCTURAL STEEL ERECTION,Within,Within (AOC CLL requires FGL refer),Check for Recession exposures,Check Health and Safety,Outside,Check for Recession exposures
1793,CONSTRUCTION,Construction & Engineering,GLASS AND GLAZING WORK,Within,Within (AOC CLL requires FGL refer),Check for Recession exposures,Check Health and Safety,Outside,Check for Recession exposures
1794,CONSTRUCTION,Construction & Engineering,EXCAVATION WORK,Within,Within (AOC CLL requires FGL refer),Check for Recession exposures,Check Health and Safety,Outside,Check for Recession exposures
1795,CONSTRUCTION,Construction & Engineering,WRECKING AND DEMOLITION,Within,Within (AOC CLL requires FGL refer),Check for Recession exposures,Check Health and Safety,Outside,Check for Recession exposures
1796,CONSTRUCTION,Construction & Engineering,"INSTALLATION BUILDING EQUIPMENT, N.E.C.",Within,Within (AOC CLL requires FGL refer),Check for Recession exposures,Check Health and Safety,Outside,Check for Recession exposures
1799,CONSTRUCTION,Construction & Engineering,"SPECIAL TRADE CONTRACTORS, N.E.C.",Within,Within (AOC CLL requires FGL refer),Check for Recession exposures,Check Health and Safety,Outside,Check for Recession exposures
3494,MANUFACTURING (DURABLE),Construction & Engineering,"VALVES AND PIPE FITTINGS, N.E.C.",Within,Within (AOC CLL requires FGL refer),Check for Recession exposures,Check Health and Safety,Outside,Check for Recession exposures
3498,MANUFACTURING (DURABLE),Construction & Engineering,FABRICATED PIPE AND FITTINGS,Within,Within (AOC CLL requires FGL refer),Check for Recession exposures,Check Health and Safety,Outside,Check for Recession exposures
3534,MANUFACTURING (DURABLE),Construction & Engineering,ELEVATORS AND MOVING STAIRWAYS,Within,Within (AOC CLL requires FGL refer),Check for Recession exposures,Check Health and Safety,Outside,Check for Recession exposures
3535,MANUFACTURING (DURABLE),Construction & Engineering,CONVEYORS AND CONVEYING EQUIPMENT,Within,Within (AOC CLL requires FGL refer),Check for Recession exposures,Check Health and Safety,Outside,Check for Recession exposures
3536,MANUFACTURING (DURABLE),Construction & Engineering,"HOISTS, CRANES, AND MONORAILS",Within,Within (AOC CLL requires FGL refer),Check for Recession exposures,Check Health and Safety,Outside,Check for Recession exposures
3537,MANUFACTURING (DURABLE),Construction & Engineering,INDUSTRIAL TRUCKS AND TRACTORS,Within,Within (AOC CLL requires FGL refer),Check for Recession exposures,Check Health and Safety,Outside,Check for Recession exposures
3543,MANUFACTURING (DURABLE),Construction & Engineering,INDUSTRIAL PATTERS,Within,Within (AOC CLL requires FGL refer),Check for Recession exposures,Check Health and Safety,Outside,Check for Recession exposures
3544,MANUFACTURING (DURABLE),Construction & Engineering,"SPECIAL DIES, TOOLS, JIGS & FIXTURES",Within,Within (AOC CLL requires FGL refer),Check for Recession exposures,Check Health and Safety,Outside,Check for Recession exposures
3624,MANUFACTURING (DURABLE),Construction & Engineering,CARBON AND GRAPHITE PRODUCTS,Within,Within (AOC CLL requires FGL refer),Check for Recession exposures,Check Health and Safety,Outside,Check for Recession exposures
3625,MANUFACTURING (DURABLE),Construction & Engineering,RELAYS AND INDUSTRIAL CONTROLS,Within,Within (AOC CLL requires FGL refer),Check for Recession exposures,Check Health and Safety,Outside,Check for Recession exposures
3731,MANUFACTURING (DURABLE),Construction & Engineering,SHIP BUILDING AND REPAIRING,Within,Within (AOC CLL requires FGL refer),Check for Recession exposures,Check Health and Safety,Outside,Check for Recession exposures
3732,MANUFACTURING (DURABLE),Construction & Engineering,BOAT BUILDING AND REPAIRING,Within,Within (AOC CLL requires FGL refer),Check for Recession exposures,Check Health and Safety,Outside,Check for Recession exposures
3743,MANUFACTURING (DURABLE),Construction & Engineering,RAILROAD EQUIPMENT,Within,Within (AOC CLL requires FGL refer),Check for Recession exposures,Check Health and Safety,Outside,Check for Recession exposures
3999,MANUFACTURING (DURABLE),Construction & Engineering,"MANUFACTURING INDUSTRIES, N.E.C.",Within,Within (AOC CLL requires FGL refer),Check for Recession exposures,Check Health and Safety,Outside,Check for Recession exposures
2452,MANUFACTURING (DURABLE),Construction & Engineering,PREFABRICATED WOOD BUILDINGS,Within,Within (AOC CLL requires FGL refer),Check for Recession exposures,Check Health and Safety,Outside,Check for Recession exposures
2493,MANUFACTURING (DURABLE),Construction & Engineering,RECONSTITUTED WOOD PRODUCTS,Within,Within (AOC CLL requires FGL refer),Check for Recession exposures,Check Health and Safety,Outside,Check for Recession exposures
2541,MANUFACTURING (DURABLE),Construction & Engineering,WOOD PARTITIONS AND FIXTURES,Within,Within (AOC CLL requires FGL refer),Check for Recession exposures,Check Health and Safety,Outside,Check for Recession exposures
2542,MANUFACTURING (DURABLE),Construction & Engineering,"PARTITIONS AND FIXTURES, EXCEPT WOOD",Within,Within (AOC CLL requires FGL refer),Check for Recession exposures,Check Health and Safety,Outside,Check for Recession exposures
2796,MANUFACTURING (NON DURABLE) EXC APPAREL,Construction & Engineering,PLATEMAKING SERVICES,Within,Within (AOC CLL requires FGL refer),Check for Recession exposures,Check Health and Safety,Outside,Check for Recession exposures
5962,NON/DISCRETIONARY RETAIL SECTOR,Construction & Engineering,MERCHANDISING MACHINE OPERATORS,Within,Within (AOC CLL requires FGL refer),Check for Recession exposures,Check Health and Safety,Outside,Check for Recession exposures
5963,NON/DISCRETIONARY RETAIL SECTOR,Construction & Engineering,DIRECT SELLING ESTABLISHMENTS,Within,Within (AOC CLL requires FGL refer),Check for Recession exposures,Check Health and Safety,Outside,Check for Recession exposures
7353,RETAIL SERVICES,Construction & Engineering,HEAVY CONSTRUCTION EQUIPMENT RENTAL,Within,Within (AOC CLL requires FGL refer),Check for Recession exposures,Check Health and Safety,Outside,Check for Recession exposures
5072,WHOLESALE,Construction & Engineering,HARDWARE,Within,Within (AOC CLL requires FGL refer),Check for Recession exposures,Check Health and Safety,Outside,Check for Recession exposures
5074,WHOLESALE,Construction & Engineering,PLUMBING & HYDRONIC HEATING SUPPLIES,Within,Within (AOC CLL requires FGL refer),Check for Recession exposures,Check Health and Safety,Outside,Check for Recession exposures
5075,WHOLESALE,Construction & Engineering,WARM AIR HEATING & AIRCONDITIONING,Within,Within (AOC CLL requires FGL refer),Check for Recession exposures,Check Health and Safety,Outside,Check for Recession exposures
3084,MANUFACTURING (DURABLE),Construction Materials,PLASTICS PIPE,Within,Within (AOC CLL requires FGL refer),Within,Check Health and Safety,Outside,Within
3088,MANUFACTURING (DURABLE),Construction Materials,PLASTICS PLUMBING FIXTURES,Within,Within (AOC CLL requires FGL refer),Within,Check Health and Safety,Outside,Within
3241,MANUFACTURING (DURABLE),Construction Materials,"CEMENT, HYDRAULIC",Within,Within (AOC CLL requires FGL refer),Within,Check Health and Safety,Outside,Within
3251,MANUFACTURING (DURABLE),Construction Materials,BRICK AND STRUCTURAL CLAY TILE,Within,Within (AOC CLL requires FGL refer),Within,Check Health and Safety,Outside,Within
3253,MANUFACTURING (DURABLE),Construction Materials,CERAMIC WALL AND FLOOR TILE,Within,Within (AOC CLL requires FGL refer),Within,Check Health and Safety,Outside,Within
3255,MANUFACTURING (DURABLE),Construction Materials,CLAY REFRACTORIES,Within,Within (AOC CLL requires FGL refer),Within,Check Health and Safety,Outside,Within
3259,MANUFACTURING (DURABLE),Construction Materials,"STRUCTURAL CLAY PRODUCTS, N.E.C.",Within,Within (AOC CLL requires FGL refer),Within,Check Health and Safety,Outside,Within
3261,MANUFACTURING (DURABLE),Construction Materials,VITREOUS PLUMBING FIXTURES,Within,Within (AOC CLL requires FGL refer),Within,Check Health and Safety,Outside,Within
3262,MANUFACTURING (DURABLE),Construction Materials,VITREOUS CHINA TABLE & KITCHENWARE,Within,Within (AOC CLL requires FGL refer),Within,Check Health and Safety,Outside,Within
3263,MANUFACTURING (DURABLE),Construction Materials,SEMIVITREOUS TABLE & KITCHENWARE,Within,Within (AOC CLL requires FGL refer),Within,Within,Outside,Within
3264,MANUFACTURING (DURABLE),Construction Materials,PROCELAIN ELECTRICAL SUPPLIES,Within,Within (AOC CLL requires FGL refer),Within,Within,Outside,Within
3269,MANUFACTURING (DURABLE),Construction Materials,"POTTERY PRODUCTS, N.E.C.",Within,Within (AOC CLL requires FGL refer),Within,Within,Outside,Within
3271,MANUFACTURING (DURABLE),Construction Materials,CONCRETE BLOCK AND BRICK,Within,Within (AOC CLL requires FGL refer),Within,Check Health and Safety,Outside,Within
3272,MANUFACTURING (DURABLE),Construction Materials,"CONCRETE PRODUCTS, N.E.C.",Within,Within (AOC CLL requires FGL refer),Within,Check Health and Safety,Outside,Within
3273,MANUFACTURING (DURABLE),Construction Materials,READY-MIXED CONCRETE,Within,Within (AOC CLL requires FGL refer),Within,Check Health and Safety,Outside,Within
3274,MANUFACTURING (DURABLE),Construction Materials,LIME,Within,Within (AOC CLL requires FGL refer),Within,Check Health and Safety,Outside,Within
3275,MANUFACTURING (DURABLE),Construction Materials,BYPSUM PRODUCTS,Within,Within (AOC CLL requires FGL refer),Within,Check Health and Safety,Outside,Within
3281,MANUFACTURING (DURABLE),Construction Materials,CUT STONE AND STONE PRODUCTS,Within,Within (AOC CLL requires FGL refer),Within,Check Health and Safety,Outside,Within
3291,MANUFACTURING (DURABLE),Construction Materials,ABRASIVE PRODUCTS,Within,Within (AOC CLL requires FGL refer),Within,Within,Outside,Within
3292,MANUFACTURING (DURABLE),Construction Materials,ASBESTOS PRODUCTS,Outside,Outside,Outside,Outside,Outside,Outside
3295,MANUFACTURING (DURABLE),Construction Materials,"MINERALS, GROUND OR TREATED",Within,Within (AOC CLL requires FGL refer),Within,Within,Outside,Within
3296,MANUFACTURING (DURABLE),Construction Materials,MINERAL WOOL,Within,Within (AOC CLL requires FGL refer),Within,Within,Outside,Within
3297,MANUFACTURING (DURABLE),Construction Materials,NONCLAY REFRACTORIES,Within,Within (AOC CLL requires FGL refer),Within,Within,Outside,Within
3299,MANUFACTURING (DURABLE),Construction Materials,"NONMETALLIC MINERAL PRODUCTS, N.E.C.",Within,Within (AOC CLL requires FGL refer),Within,Within,Outside,Within
3432,MANUFACTURING (DURABLE),Construction Materials,PLUMBING FIXTURE FITTINGS AND TRIM,Within,Within (AOC CLL requires FGL refer),Within,Check Health and Safety,Outside,Within
3491,MANUFACTURING (DURABLE),Construction Materials,INDUSTRIAL VALVES,Within,Within (AOC CLL requires FGL refer),Within,Check Health and Safety,Outside,Within
3492,MANUFACTURING (DURABLE),Construction Materials,FLUID POWER VALVES & HOSE FITTINGS,Within,Within (AOC CLL requires FGL refer),Within,Check Health and Safety,Outside,Within
3996,MANUFACTURING (DURABLE),Construction Materials,"HARD SURFACE FLOOR COVERINGS, N.E.C.",Within,Within (AOC CLL requires FGL refer),Within,Check Health and Safety,Outside,Within
2439,MANUFACTURING (DURABLE),Construction Materials,"STRUCTURAL WOOD MEMBERS, N.E.C.",Within,Within (AOC CLL requires FGL refer),Within,Check Health and Safety,Outside,Within
5200,NON/DISCRETIONARY RETAIL SECTOR,Construction Materials,LUMBER AND OTHER BUILDING MATERIALS,Within,Within (AOC CLL requires FGL refer),Within,Check Health and Safety,Outside,Within
5211,NON/DISCRETIONARY RETAIL SECTOR,Construction Materials,LUMBER AND OTHER BUILDING MATERIALS,Within,Within (AOC CLL requires FGL refer),Within,Check Health and Safety,Outside,Within
5231,NON/DISCRETIONARY RETAIL SECTOR,Construction Materials,"PAINT, GLASS, AND WALLPAPER STORES",Within,Within (AOC CLL requires FGL refer),Within,Within,Outside,Within
5251,NON/DISCRETIONARY RETAIL SECTOR,Construction Materials,HARDWARE STORES,Within,Within (AOC CLL requires FGL refer),Within,Within,Outside,Within
5261,NON/DISCRETIONARY RETAIL SECTOR,Construction Materials,RETAIL NURSERIES AND GARDEN STORES,Within,Within (AOC CLL requires FGL refer),Within,Within,Outside,Within
5400,NON/DISCRETIONARY RETAIL SECTOR,Construction Materials,LUMBER AND OTHER BUILDING MATERIALS,Within,Within (AOC CLL requires FGL refer),Within,Check Health and Safety,Outside,Within
5500,NON/DISCRETIONARY RETAIL SECTOR,Construction Materials,LUMBER AND OTHER BUILDING MATERIALS,Within,Within (AOC CLL requires FGL refer),Within,Check Health and Safety,Outside,Within
5600,NON/DISCRETIONARY RETAIL SECTOR,Construction Materials,LUMBER AND OTHER BUILDING MATERIALS,Within,Within (AOC CLL requires FGL refer),Within,Check Health and Safety,Outside,Within
5700,NON/DISCRETIONARY RETAIL SECTOR,Construction Materials,LUMBER AND OTHER BUILDING MATERIALS,Within,Within (AOC CLL requires FGL refer),Within,Check Health and Safety,Outside,Within
5713,NON/DISCRETIONARY RETAIL SECTOR,Construction Materials,FLOOR COVERING STORES,Within,Within (AOC CLL requires FGL refer),Within,Within,Outside,Within
5810,NON/DISCRETIONARY RETAIL SECTOR,Construction Materials,LUMBER AND OTHER BUILDING MATERIALS,Within,Within (AOC CLL requires FGL refer),Within,Check Health and Safety,Outside,Within
5900,NON/DISCRETIONARY RETAIL SECTOR,Construction Materials,LUMBER AND OTHER BUILDING MATERIALS,Within,Within (AOC CLL requires FGL refer),Within,Check Health and Safety,Outside,Within
5940,NON/DISCRETIONARY RETAIL SECTOR,Construction Materials,LUMBER AND OTHER BUILDING MATERIALS,Within,Within (AOC CLL requires FGL refer),Within,Check Health and Safety,Outside,Within
5960,NON/DISCRETIONARY RETAIL SECTOR,Construction Materials,LUMBER AND OTHER BUILDING MATERIALS,Within,Within (AOC CLL requires FGL refer),Within,Check Health and Safety,Outside,Within
5990,NON/DISCRETIONARY RETAIL SECTOR,Construction Materials,LUMBER AND OTHER BUILDING MATERIALS,Within,Within (AOC CLL requires FGL refer),Within,Check Health and Safety,Outside,Within
5032,WHOLESALE,Construction Materials,"BRICK, STONE & RELATED MATERIALS",Within,Within (AOC CLL requires FGL refer),Within,Check Health and Safety,Outside,Within
5039,WHOLESALE,Construction Materials,"CONSTRUCTION MATERIALS, M.E.D.",Within,Within (AOC CLL requires FGL refer),Within,Check Health and Safety,Outside,Within
5162,WHOLESALE,Construction Materials,PLASTICS MATERIALS & BASIC SHAPES,Within,Within (AOC CLL requires FGL refer),Within,Within,Outside,Within
7623,RETAIL SERVICES,Consumer Services,REFRIGERATION SERVICE AND REPAIR,Within,Within (AOC CLL requires FGL refer),Consider 3rd Party Exclusion,Within,Outside,Within
7629,RETAIL SERVICES,Consumer Services,"ELECTRICAL REPAIR SHOPS, N.E.C.",Within,Within (AOC CLL requires FGL refer),Consider 3rd Party Exclusion,Within,Outside,Within
7631,RETAIL SERVICES,Consumer Services,"WATCH, CLOCK, AND JEWELRY REPAIR",Within,Within (AOC CLL requires FGL refer),Consider 3rd Party Exclusion,Within,Outside,Within
7641,RETAIL SERVICES,Consumer Services,REUPHOLSTERY AND FURNITURE REPAIR,Within,Within (AOC CLL requires FGL refer),Consider 3rd Party Exclusion,Within,Outside,Within
7692,RETAIL SERVICES,Consumer Services,WELDING REPAIR,Within,Within (AOC CLL requires FGL refer),Consider 3rd Party Exclusion,Within,Outside,Within
7694,RETAIL SERVICES,Consumer Services,ARMATURE REWINDING SHOPS,Within,Within (AOC CLL requires FGL refer),Consider 3rd Party Exclusion,Within,Outside,Within
7699,RETAIL SERVICES,Consumer Services,"REPAIR SERVICES, N.E.C.",Within,Within (AOC CLL requires FGL refer),Consider 3rd Party Exclusion,Within,Outside,Within
2441,MANUFACTURING (DURABLE),Containers & Packaging,NAILED WOOD BOXES AND SHOOK,Within,Within (AOC CLL requires FGL refer),Within,Check Health and Safety,Outside,Within
2448,MANUFACTURING (DURABLE),Containers & Packaging,WOOD PALLETS AND SKIDS,Within,Within (AOC CLL requires FGL refer),Within,Check Health and Safety,Outside,Within
2449,MANUFACTURING (DURABLE),Containers & Packaging,"WOOD CONTAINERS, N.E.C.",Within,Within (AOC CLL requires FGL refer),Within,Check Health and Safety,Outside,Within
2655,MANUFACTURING (NON DURABLE) EXC APPAREL,Containers & Packaging,"FIBER CANS, DRUMS & SIMILAR PRODUCTS",Within,Within (AOC CLL requires FGL refer),Within,Within,Outside,Within
2656,MANUFACTURING (NON DURABLE) EXC APPAREL,Containers & Packaging,SANITARY FOOD CONTAINERS,Within,Within (AOC CLL requires FGL refer),Within,Within,Outside,Within
2671,MANUFACTURING (NON DURABLE) EXC APPAREL,Containers & Packaging,"PAPER COATED & LAMINATED, PACKAGING",Within,Within (AOC CLL requires FGL refer),Within,Within,Outside,Within
2672,MANUFACTURING (NON DURABLE) EXC APPAREL,Containers & Packaging,"PAPER COATED & LAMINATED, N.E.C.",Within,Within (AOC CLL requires FGL refer),Within,Within,Outside,Within
2673,MANUFACTURING (NON DURABLE) EXC APPAREL,Containers & Packaging,"BAGS: PLASTICS, LAMINATED, & COATED",Within,Within (AOC CLL requires FGL refer),Within,Within,Outside,Within
2674,MANUFACTURING (NON DURABLE) EXC APPAREL,Containers & Packaging,BAGS: UNCOATED PAPER & MULTIWALL,Within,Within (AOC CLL requires FGL refer),Within,Within,Outside,Within
5088,WHOLESALE,Containers & Packaging,TRANSPORTATION EQUIPMENT & SUPPLIES,Within,Within (AOC CLL requires FGL refer),Within,Check Health and Safety,Outside,Within
8211,VARIOUS SERVICES,Education - Elementary & Secondary,ELEMENTARY AND SECONDARY SCHOOLS,Within,Outside,Outside,Check Health and Safety,Outside,Within
8299,VARIOUS SERVICES,Education - Elementary & Secondary,"SCHOOLS & EDUCATIONAL SERVICES, N.E.C.",Within,Outside,Outside,Check Health and Safety,Outside,Within
8231,VARIOUS SERVICES,Education - Other,LIBRARIES,Within,Outside,Outside,Check Health and Safety,Outside,Within
8243,VARIOUS SERVICES,Education - Other,DATA PROCESSING SCHOOLS,Within,Outside,Outside,Check Health and Safety,Outside,Within
8244,VARIOUS SERVICES,Education - Other,BUSINESS AND SECRETARIAL SCHOOLS,Within,Outside,Outside,Check Health and Safety,Outside,Within
8249,VARIOUS SERVICES,Education - Other,"VOCATIONAL SCHOOLS, N.E.C.",Within,Outside,Outside,Check Health and Safety,Outside,Within
8221,VARIOUS SERVICES,Education - Post Secondary,COLLEGES AND UNIVERSITIES,Within,Outside,Outside,Check Health and Safety,Outside,Within
8222,VARIOUS SERVICES,Education - Post Secondary,JUNIOR COLLEGES,Within,Outside,Outside,Check Health and Safety,Outside,Within
3571,MANUFACTURING (DURABLE),Electrical Equipment,ELECTRONIC COMPUTERS,Within,Within (AOC CLL requires FGL refer),Within,Within,Outside,Within
3572,MANUFACTURING (DURABLE),Electrical Equipment,COMPUTER STORAGE DEVICES,Within,Within (AOC CLL requires FGL refer),Within,Within,Outside,Within
3575,MANUFACTURING (DURABLE),Electrical Equipment,COMPUTER TERMINALS,Within,Within (AOC CLL requires FGL refer),Within,Within,Outside,Within
3577,MANUFACTURING (DURABLE),Electrical Equipment,"COMPUTER PERIPHERAL EQUIPMENT, N.E.C.",Within,Within (AOC CLL requires FGL refer),Within,Within,Outside,Within
3578,MANUFACTURING (DURABLE),Electrical Equipment,CALCULATING AND ACCOUNTING EQUIPMENT,Within,Within (AOC CLL requires FGL refer),Within,Within,Outside,Within
3579,MANUFACTURING (DURABLE),Electrical Equipment,"OFFICE MACHINES, N.E.C.",Within,Within (AOC CLL requires FGL refer),Within,Within,Outside,Within
3643,MANUFACTURING (DURABLE),Electrical Equipment,CURRENT-CARRYING WIRING DEVICES,Within,Within (AOC CLL requires FGL refer),Within,Within,Outside,Within
3644,MANUFACTURING (DURABLE),Electrical Equipment,NONCURRENT-CARRYING WIRING DEVICES,Within,Within (AOC CLL requires FGL refer),Within,Within,Outside,Within
3646,MANUFACTURING (DURABLE),Electrical Equipment,COMMERCIAL LIGHTING FIXTURES,Within,Within (AOC CLL requires FGL refer),Within,Within,Outside,Within
3647,MANUFACTURING (DURABLE),Electrical Equipment,VEHICULAR LIGHTING EQUIPMENT,Within,Within (AOC CLL requires FGL refer),Within,Within,Outside,Within
3648,MANUFACTURING (DURABLE),Electrical Equipment,"LIGHTING EQUIPMENT, N.E.C.",Within,Within (AOC CLL requires FGL refer),Within,Within,Outside,Within
3652,MANUFACTURING (DURABLE),Electrical Equipment,PRERECORDED RECORDS AND TAPES,Within,Within (AOC CLL requires FGL refer),Within,Within,Outside,Within
3671,MANUFACTURING (DURABLE),Electrical Equipment,ELECTRON TUBES,Within,Within (AOC CLL requires FGL refer),Within,Within,Outside,Within
3675,MANUFACTURING (DURABLE),Electrical Equipment,ELECTRONIC CAPACITORS,Within,Within (AOC CLL requires FGL refer),Within,Within,Outside,Within
3676,MANUFACTURING (DURABLE),Electrical Equipment,ELECTRONIC RESISTORS,Within,Within (AOC CLL requires FGL refer),Within,Within,Outside,Within
3677,MANUFACTURING (DURABLE),Electrical Equipment,ELECTRONIC COILS AND TRANSFORMERS,Within,Within (AOC CLL requires FGL refer),Within,Within,Outside,Within
3678,MANUFACTURING (DURABLE),Electrical Equipment,ELECTRONIC CONNECTORS,Within,Within (AOC CLL requires FGL refer),Within,Within,Outside,Within
3679,MANUFACTURING (DURABLE),Electrical Equipment,"ELECTRONIC COMPONENTS, N.E.C.",Within,Within (AOC CLL requires FGL refer),Within,Within,Outside,Within
3691,MANUFACTURING (DURABLE),Electrical Equipment,STORAGE BATTERIES,Within,Within (AOC CLL requires FGL refer),Within,Within,Outside,Within
3692,MANUFACTURING (DURABLE),Electrical Equipment,"PRIMARY BATTERIES, DRY AND WET",Within,Within (AOC CLL requires FGL refer),Within,Within,Outside,Within
3694,MANUFACTURING (DURABLE),Electrical Equipment,ENGINE ELECTRICAL EQUIPMENT,Within,Within (AOC CLL requires FGL refer),Within,Within,Outside,Within
3695,MANUFACTURING (DURABLE),Electrical Equipment,MAGNETIC AND OPTICAL RECORDING MEDIA,Within,Within (AOC CLL requires FGL refer),Within,Within,Outside,Within
3699,MANUFACTURING (DURABLE),Electrical Equipment,"ELECTRICAL EQUIPMENT & SUPPLIES, N.E.C.",Within,Within (AOC CLL requires FGL refer),Within,Within,Outside,Within
3812,MANUFACTURING (DURABLE),Electrical Equipment,SEARCH AND NAVIGATION EQUIPMENT,Within,Within (AOC CLL requires FGL refer),Within,Within,Outside,Within
3821,MANUFACTURING (DURABLE),Electrical Equipment,LABORATORY APPARATUS AND FURNITURE,Within,Within (AOC CLL requires FGL refer),Within,Within,Outside,Within
3822,MANUFACTURING (DURABLE),Electrical Equipment,ENVIRONMENTAL CONTROLS,Within,Within (AOC CLL requires FGL refer),Within,Within,Outside,Within
3823,MANUFACTURING (DURABLE),Electrical Equipment,PROCESS CONTROL INSTRUMENTS,Within,Within (AOC CLL requires FGL refer),Within,Within,Outside,Within
3824,MANUFACTURING (DURABLE),Electrical Equipment,FLUID METERS AND COUNTING DEVICES,Within,Within (AOC CLL requires FGL refer),Within,Within,Outside,Within
3825,MANUFACTURING (DURABLE),Electrical Equipment,INSTRUMENTS TO MEASURE ELECTRICITY,Within,Within (AOC CLL requires FGL refer),Within,Within,Outside,Within
3826,MANUFACTURING (DURABLE),Electrical Equipment,ANALYTICAL INSTRUMENTS,Within,Within (AOC CLL requires FGL refer),Within,Within,Outside,Within
3827,MANUFACTURING (DURABLE),Electrical Equipment,OPTICAL INSTRUMENTS AND LENSES,Within,Within (AOC CLL requires FGL refer),Within,Within,Outside,Within
3829,MANUFACTURING (DURABLE),Electrical Equipment,"MEASURING & CONTROLLING DEVICES, N.E.C.",Within,Within (AOC CLL requires FGL refer),Within,Within,Outside,Within
3861,MANUFACTURING (DURABLE),Electrical Equipment,PHOTOGRAPHIC EQUIPMENT AND SUPPLIES,Within,Within (AOC CLL requires FGL refer),Within,Within,Outside,Within
5731,NON/DISCRETIONARY RETAIL SECTOR,Electrical Equipment,"RADIO, TV, & ELECTRONIC STORES",Within,Within (AOC CLL requires FGL refer),Check for Recession exposures and 3rd party exclusion,Within,Outside,Within
5734,NON/DISCRETIONARY RETAIL SECTOR,Electrical Equipment,COMPUTER AND SOFTWARE STORES,Within,Within (AOC CLL requires FGL refer),Check for Recession exposures and 3rd party exclusion,Within,Outside,Within
5735,NON/DISCRETIONARY RETAIL SECTOR,Electrical Equipment,RECORD AND PRERECORDED TAPE STORES,Within,Within (AOC CLL requires FGL refer),Check for Recession exposures and 3rd party exclusion,Within,Outside,Within
100,AGRICULTURE,Food Products,WHEAT,Within,Within (AOC CLL requires FGL refer),Within,Check Health and Safety,Outside,Within
111,AGRICULTURE,Food Products,WHEAT,Within,Within (AOC CLL requires FGL refer),Within,Check Health and Safety,Outside,Within
112,AGRICULTURE,Food Products,RICE,Within,Within (AOC CLL requires FGL refer),Within,Check Health and Safety,Outside,Within
115,AGRICULTURE,Food Products,CORN,Within,Within (AOC CLL requires FGL refer),Within,Check Health and Safety,Outside,Within
116,AGRICULTURE,Food Products,SOYBEANS,Within,Within (AOC CLL requires FGL refer),Within,Check Health and Safety,Outside,Within
119,AGRICULTURE,Food Products,"CASH GRAINS, N.E.C.",Within,Within (AOC CLL requires FGL refer),Within,Check Health and Safety,Outside,Within
131,AGRICULTURE,Food Products,COTTON,Within,Within (AOC CLL requires FGL refer),Within,Check Health and Safety,Outside,Within
133,AGRICULTURE,Food Products,SUGARCANE AND SUGAR BEETS,Within,Within (AOC CLL requires FGL refer),Within,Check Health and Safety,Outside,Within
134,AGRICULTURE,Food Products,IRISH POTATOES,Within,Within (AOC CLL requires FGL refer),Within,Check Health and Safety,Outside,Within
139,AGRICULTURE,Food Products,"FIELD CROPS, EXCEPT CASH GRAINS, N.E.C.",Within,Within (AOC CLL requires FGL refer),Within,Check Health and Safety,Outside,Within
161,AGRICULTURE,Food Products,VEGETABLES AND MEONS,Within,Within (AOC CLL requires FGL refer),Within,Check Health and Safety,Outside,Within
171,AGRICULTURE,Food Products,BERRY CROPS,Within,Within (AOC CLL requires FGL refer),Within,Check Health and Safety,Outside,Within
172,AGRICULTURE,Food Products,GRAPES,Within,Within (AOC CLL requires FGL refer),Within,Check Health and Safety,Outside,Within
173,AGRICULTURE,Food Products,TREE NUETS,Within,Within (AOC CLL requires FGL refer),Within,Check Health and Safety,Outside,Within
174,AGRICULTURE,Food Products,CITRUS FRUITS,Within,Within (AOC CLL requires FGL refer),Within,Check Health and Safety,Outside,Within
175,AGRICULTURE,Food Products,DECIDUOUS TREE FRUITS,Within,Within (AOC CLL requires FGL refer),Within,Check Health and Safety,Outside,Within
179,AGRICULTURE,Food Products,"FRUITS AND TREE NUTS, N.E.C.",Within,Within (AOC CLL requires FGL refer),Within,Check Health and Safety,Outside,Within
182,AGRICULTURE,Food Products,FOOD CROPS GROWN UNDER COVER,Within,Within (AOC CLL requires FGL refer),Within,Check Health and Safety,Outside,Within
191,AGRICULTURE,Food Products,"GENERAL FARMS, PRIMARILY CROP",Within,Within (AOC CLL requires FGL refer),Within,Check Health and Safety,Outside,Within
200,AGRICULTURE,Food Products,WHEAT,Within,Within (AOC CLL requires FGL refer),Within,Check Health and Safety,Outside,Within
211,AGRICULTURE,Food Products,BEEF CATTLE FEEDLOTS,Within,Within (AOC CLL requires FGL refer),Within,Check Health and Safety,Outside,Within
212,AGRICULTURE,Food Products,"BEEF CATTLE, EXCEPT FEEDLOTS",Within,Within (AOC CLL requires FGL refer),Within,Check Health and Safety,Outside,Within
213,AGRICULTURE,Food Products,HOGS,Within,Within (AOC CLL requires FGL refer),Within,Check Health and Safety,Outside,Within
214,AGRICULTURE,Food Products,SHEET AND GOATS,Within,Within (AOC CLL requires FGL refer),Within,Check Health and Safety,Outside,Within
219,AGRICULTURE,Food Products,"GENERAL LIVESTOCK, N.E.C.",Within,Within (AOC CLL requires FGL refer),Within,Check Health and Safety,Outside,Within
241,AGRICULTURE,Food Products,DAIRY FARMS,Within,Within (AOC CLL requires FGL refer),Within,Check Health and Safety,Outside,Within
251,AGRICULTURE,Food Products,"BROILER, FRYER, AND ROASTER CHICKENS",Within,Within (AOC CLL requires FGL refer),Within,Check Health and Safety,Outside,Within
252,AGRICULTURE,Food Products,CHICKEN EGGS,Within,Within (AOC CLL requires FGL refer),Within,Check Health and Safety,Outside,Within
253,AGRICULTURE,Food Products,TURKEYS AND TURKEY EGGS,Within,Within (AOC CLL requires FGL refer),Within,Check Health and Safety,Outside,Within
254,AGRICULTURE,Food Products,POULTRY HATCHERIES,Within,Within (AOC CLL requires FGL refer),Within,Check Health and Safety,Outside,Within
259,AGRICULTURE,Food Products,"POULTRY AND EGGS, N.E.C.",Within,Within (AOC CLL requires FGL refer),Within,Check Health and Safety,Outside,Within
291,AGRICULTURE,Food Products,"GENERAL FARMS, PRIMARILY ANIMAL",Within,Within (AOC CLL requires FGL refer),Within,Check Health and Safety,Outside,Within
700,AGRICULTURE,Food Products,WHEAT,Within,Within (AOC CLL requires FGL refer),Within,Check Health and Safety,Outside,Within
800,AGRICULTURE,Food Products,WHEAT,Within,Within (AOC CLL requires FGL refer),Within,Check Health and Safety,Outside,Within
912,AGRICULTURE,Food Products,FINFISH,Within,Within (AOC CLL requires FGL refer),Within,Within,Outside,Within
913,AGRICULTURE,Food Products,SHELLFIESH,Within,Within (AOC CLL requires FGL refer),Within,Within,Outside,Within
2000,MANUFACTURING (NON DURABLE) EXC APPAREL,Food Products,MEAT PACKING PLANTS,Within,Within (AOC CLL requires FGL refer),Within,Check Health and Safety,Outside,Within
2011,MANUFACTURING (NON DURABLE) EXC APPAREL,Food Products,MEAT PACKING PLANTS,Within,Within (AOC CLL requires FGL refer),Within,Check Health and Safety,Outside,Within
2013,MANUFACTURING (NON DURABLE) EXC APPAREL,Food Products,SAUSAGES AND OTHER PREPARED MEATS,Within,Within (AOC CLL requires FGL refer),Within,Check Health and Safety,Outside,Within
2015,MANUFACTURING (NON DURABLE) EXC APPAREL,Food Products,POULTRY SLAUGHTERING AND PROCESSING,Within,Within (AOC CLL requires FGL refer),Within,Check Health and Safety,Outside,Within
2020,MANUFACTURING (NON DURABLE) EXC APPAREL,Food Products,MEAT PACKING PLANTS,Within,Within (AOC CLL requires FGL refer),Within,Check Health and Safety,Outside,Within
2021,MANUFACTURING (NON DURABLE) EXC APPAREL,Food Products,CREAMERY BUTTER,Within,Within (AOC CLL requires FGL refer),Within,Within,Outside,Within
2022,MANUFACTURING (NON DURABLE) EXC APPAREL,Food Products,"CHEESE,NATURAL AND PROCESSED",Within,Within (AOC CLL requires FGL refer),Within,Within,Outside,Within
2023,MANUFACTURING (NON DURABLE) EXC APPAREL,Food Products,"DRY, CONDENSED, EVAPORATED PRODUCTS",Within,Within (AOC CLL requires FGL refer),Within,Within,Outside,Within
2024,MANUFACTURING (NON DURABLE) EXC APPAREL,Food Products,ICE CREAM AND FROZEN DESSERTS,Within,Within (AOC CLL requires FGL refer),Within,Within,Outside,Within
2026,MANUFACTURING (NON DURABLE) EXC APPAREL,Food Products,FLUID MILK,Within,Within (AOC CLL requires FGL refer),Within,Within,Outside,Within
2030,MANUFACTURING (NON DURABLE) EXC APPAREL,Food Products,MEAT PACKING PLANTS,Within,Within (AOC CLL requires FGL refer),Within,Check Health and Safety,Outside,Within
2032,MANUFACTURING (NON DURABLE) EXC APPAREL,Food Products,CANNED SPECIALTIES,Within,Within (AOC CLL requires FGL refer),Within,Within,Outside,Within
2033,MANUFACTURING (NON DURABLE) EXC APPAREL,Food Products,CANNED FRUITS AND VEGETABLES,Within,Within (AOC CLL requires FGL refer),Within,Within,Outside,Within
2034,MANUFACTURING (NON DURABLE) EXC APPAREL,Food Products,"DEHYDRATED FRUITS, VEGATABLES, SOUPS",Within,Within (AOC CLL requires FGL refer),Within,Within,Outside,Within
2035,MANUFACTURING (NON DURABLE) EXC APPAREL,Food Products,"PICKLES, SAUCES, AND SALAD DRESSINGS",Within,Within (AOC CLL requires FGL refer),Within,Within,Outside,Within
2037,MANUFACTURING (NON DURABLE) EXC APPAREL,Food Products,FROZEN FRUITS AND VEGETABLES,Within,Within (AOC CLL requires FGL refer),Within,Within,Outside,Within
2038,MANUFACTURING (NON DURABLE) EXC APPAREL,Food Products,"FROZEN SPECIALITIES, N.E.C.",Within,Within (AOC CLL requires FGL refer),Within,Within,Outside,Within
2040,MANUFACTURING (NON DURABLE) EXC APPAREL,Food Products,MEAT PACKING PLANTS,Within,Within (AOC CLL requires FGL refer),Within,Check Health and Safety,Outside,Within
2041,MANUFACTURING (NON DURABLE) EXC APPAREL,Food Products,FLOUR AND OTHER GRAIN MILL PRODUCTS,Within,Within (AOC CLL requires FGL refer),Within,Within,Outside,Within
2043,MANUFACTURING (NON DURABLE) EXC APPAREL,Food Products,CEREAL BREAKFAST FOODS,Within,Within (AOC CLL requires FGL refer),Within,Within,Outside,Within
2044,MANUFACTURING (NON DURABLE) EXC APPAREL,Food Products,RICE MILLING,Within,Within (AOC CLL requires FGL refer),Within,Within,Outside,Within
2045,MANUFACTURING (NON DURABLE) EXC APPAREL,Food Products,PREPARED FLOUR MIXES AND DOUGHS,Within,Within (AOC CLL requires FGL refer),Within,Within,Outside,Within
2046,MANUFACTURING (NON DURABLE) EXC APPAREL,Food Products,WET CORN MILLING,Within,Within (AOC CLL requires FGL refer),Within,Within,Outside,Within
2047,MANUFACTURING (NON DURABLE) EXC APPAREL,Food Products,DOG AND CAT FOOD,Within,Within (AOC CLL requires FGL refer),Within,Within,Outside,Within
2048,MANUFACTURING (NON DURABLE) EXC APPAREL,Food Products,"PREPARED FEEDS, N.E.C.",Within,Within (AOC CLL requires FGL refer),Within,Within,Outside,Within
2050,MANUFACTURING (NON DURABLE) EXC APPAREL,Food Products,MEAT PACKING PLANTS,Within,Within (AOC CLL requires FGL refer),Within,Check Health and Safety,Outside,Within
2051,MANUFACTURING (NON DURABLE) EXC APPAREL,Food Products,"BREAD, CAKE, AND RELATED PRODUCTS",Within,Within (AOC CLL requires FGL refer),Within,Within,Outside,Within
2052,MANUFACTURING (NON DURABLE) EXC APPAREL,Food Products,COOKIES AND CRACKERS,Within,Within (AOC CLL requires FGL refer),Within,Within,Outside,Within
2053,MANUFACTURING (NON DURABLE) EXC APPAREL,Food Products,"FROZEN BAKERY PRODUCTS, EXCEPT BREAD",Within,Within (AOC CLL requires FGL refer),Within,Within,Outside,Within
2060,MANUFACTURING (NON DURABLE) EXC APPAREL,Food Products,MEAT PACKING PLANTS,Within,Within (AOC CLL requires FGL refer),Within,Within,Outside,Within
2061,MANUFACTURING (NON DURABLE) EXC APPAREL,Food Products,RAW CANE SUGAR,Within,Within (AOC CLL requires FGL refer),Within,Within,Outside,Within
2062,MANUFACTURING (NON DURABLE) EXC APPAREL,Food Products,CANE SUGAR REFINING,Within,Within (AOC CLL requires FGL refer),Within,Within,Outside,Within
2063,MANUFACTURING (NON DURABLE) EXC APPAREL,Food Products,BEET SUGAR,Within,Within (AOC CLL requires FGL refer),Within,Within,Outside,Within
2064,MANUFACTURING (NON DURABLE) EXC APPAREL,Food Products,CANDY & OTHER CONFECTIONERY PRODUCTS,Within,Within (AOC CLL requires FGL refer),Within,Within,Outside,Within
2066,MANUFACTURING (NON DURABLE) EXC APPAREL,Food Products,CHOCOLATE AND COCOA PRODUCTS,Within,Within (AOC CLL requires FGL refer),Within,Within,Outside,Within
2067,MANUFACTURING (NON DURABLE) EXC APPAREL,Food Products,CHEWING GUM,Within,Within (AOC CLL requires FGL refer),Within,Within,Outside,Within
2068,MANUFACTURING (NON DURABLE) EXC APPAREL,Food Products,SALTED AND ROASTED NUTS AND SEEDS,Within,Within (AOC CLL requires FGL refer),Within,Within,Outside,Within
2070,MANUFACTURING (NON DURABLE) EXC APPAREL,Food Products,MEAT PACKING PLANTS,Within,Within (AOC CLL requires FGL refer),Within,Check Health and Safety,Outside,Within
2074,MANUFACTURING (NON DURABLE) EXC APPAREL,Food Products,COTTONSEED OIL MILLS,Within,Within (AOC CLL requires FGL refer),Within,Within,Outside,Within
2075,MANUFACTURING (NON DURABLE) EXC APPAREL,Food Products,SOYBEAN OIL MILLS,Within,Within (AOC CLL requires FGL refer),Within,Within,Outside,Within
2076,MANUFACTURING (NON DURABLE) EXC APPAREL,Food Products,"VEGETABLE OIL MILLS, N.E.C.",Within,Within (AOC CLL requires FGL refer),Within,Within,Outside,Within
2077,MANUFACTURING (NON DURABLE) EXC APPAREL,Food Products,ANIMAL AND MARINE FATS AND OILS,Within,Within (AOC CLL requires FGL refer),Within,Within,Outside,Within
2079,MANUFACTURING (NON DURABLE) EXC APPAREL,Food Products,"EDIBLE FATS AND OILS, N.E.C.",Within,Within (AOC CLL requires FGL refer),Within,Within,Outside,Within
2080,MANUFACTURING (NON DURABLE) EXC APPAREL,Food Products,MEAT PACKING PLANTS,Within,Within (AOC CLL requires FGL refer),Within,Check Health and Safety,Outside,Within
2083,MANUFACTURING (NON DURABLE) EXC APPAREL,Food Products,MALT,Within,Within (AOC CLL requires FGL refer),Within,Within,Outside,Within
2087,MANUFACTURING (NON DURABLE) EXC APPAREL,Food Products,"FLAVORING EXTRACTS AND SYRUPS, N.E.C.",Within,Within (AOC CLL requires FGL refer),Within,Within,Outside,Within
2090,MANUFACTURING (NON DURABLE) EXC APPAREL,Food Products,MEAT PACKING PLANTS,Within,Within (AOC CLL requires FGL refer),Within,Check Health and Safety,Outside,Within
2091,MANUFACTURING (NON DURABLE) EXC APPAREL,Food Products,CANNED AND CURED FISH AND SEAFOODS,Within,Within (AOC CLL requires FGL refer),Within,Within,Outside,Within
2092,MANUFACTURING (NON DURABLE) EXC APPAREL,Food Products,FRESH OR FROZEN PREPARED FISH,Within,Within (AOC CLL requires FGL refer),Within,Within,Outside,Within
2095,MANUFACTURING (NON DURABLE) EXC APPAREL,Food Products,ROASTED COFFEE,Within,Within (AOC CLL requires FGL refer),Within,Within,Outside,Within
2096,MANUFACTURING (NON DURABLE) EXC APPAREL,Food Products,POTATO CHIPS AND SIMILAR SNACKS,Within,Within (AOC CLL requires FGL refer),Within,Within,Outside,Within
2097,MANUFACTURING (NON DURABLE) EXC APPAREL,Food Products,MANUFACTURED ICE,Within,Within (AOC CLL requires FGL refer),Within,Within,Outside,Within
2098,MANUFACTURING (NON DURABLE) EXC APPAREL,Food Products,MACARONI AND SPAGHETTI,Within,Within (AOC CLL requires FGL refer),Within,Within,Outside,Within
2099,MANUFACTURING (NON DURABLE) EXC APPAREL,Food Products,"FOOD PREPARATIONS, N.E.C.",Within,Within (AOC CLL requires FGL refer),Within,Within,Outside,Within
2100,MANUFACTURING (NON DURABLE) EXC APPAREL,Food Products,MEAT PACKING PLANTS,Within,Within (AOC CLL requires FGL refer),Within,Check Health and Safety,Outside,Within
2200,MANUFACTURING (NON DURABLE) EXC APPAREL,Food Products,MEAT PACKING PLANTS,Within,Within (AOC CLL requires FGL refer),Within,Check Health and Safety,Outside,Within
2400,MANUFACTURING (DURABLE),Food Products,MEAT PACKING PLANTS,Within,Within (AOC CLL requires FGL refer),Within,Check Health and Safety,Outside,Within
2430,MANUFACTURING (DURABLE),Food Products,MEAT PACKING PLANTS,Within,Within (AOC CLL requires FGL refer),Within,Check Health and Safety,Outside,Within
2510,MANUFACTURING (DURABLE),Food Products,MEAT PACKING PLANTS,Within,Within (AOC CLL requires FGL refer),Within,Check Health and Safety,Outside,Within
2540,MANUFACTURING (DURABLE),Food Products,MEAT PACKING PLANTS,Within,Within (AOC CLL requires FGL refer),Within,Check Health and Safety,Outside,Within
2590,MANUFACTURING (DURABLE),Food Products,MEAT PACKING PLANTS,Within,Within (AOC CLL requires FGL refer),Within,Check Health and Safety,Outside,Within
2600,MANUFACTURING (NON DURABLE) EXC APPAREL,Food Products,MEAT PACKING PLANTS,Within,Within (AOC CLL requires FGL refer),Within,Check Health and Safety,Outside,Within
2650,MANUFACTURING (NON DURABLE) EXC APPAREL,Food Products,MEAT PACKING PLANTS,Within,Within (AOC CLL requires FGL refer),Within,Check Health and Safety,Outside,Within
2670,MANUFACTURING (NON DURABLE) EXC APPAREL,Food Products,MEAT PACKING PLANTS,Within,Within (AOC CLL requires FGL refer),Within,Check Health and Safety,Outside,Within
2750,MANUFACTURING (NON DURABLE) EXC APPAREL,Food Products,MEAT PACKING PLANTS,Within,Within (AOC CLL requires FGL refer),Within,Check Health and Safety,Outside,Within
2780,MANUFACTURING (NON DURABLE) EXC APPAREL,Food Products,MEAT PACKING PLANTS,Within,Within (AOC CLL requires FGL refer),Within,Check Health and Safety,Outside,Within
2790,MANUFACTURING (NON DURABLE) EXC APPAREL,Food Products,MEAT PACKING PLANTS,Within,Within (AOC CLL requires FGL refer),Within,Check Health and Safety,Outside,Within
2800,MANUFACTURING (NON DURABLE) EXC APPAREL,Food Products,MEAT PACKING PLANTS,Within,Within (AOC CLL requires FGL refer),Within,Check Health and Safety,Outside,Within
2810,MANUFACTURING (NON DURABLE) EXC APPAREL,Food Products,MEAT PACKING PLANTS,Within,Within (AOC CLL requires FGL refer),Within,Check Health and Safety,Outside,Within
2820,MANUFACTURING (NON DURABLE) EXC APPAREL,Food Products,MEAT PACKING PLANTS,Within,Within (AOC CLL requires FGL refer),Within,Check Health and Safety,Outside,Within
2840,MANUFACTURING (NON DURABLE) EXC APPAREL,Food Products,MEAT PACKING PLANTS,Within,Within (AOC CLL requires FGL refer),Within,Check Health and Safety,Outside,Within
2860,MANUFACTURING (NON DURABLE) EXC APPAREL,Food Products,MEAT PACKING PLANTS,Within,Within (AOC CLL requires FGL refer),Within,Check Health and Safety,Outside,Within
2870,MANUFACTURING (NON DURABLE) EXC APPAREL,Food Products,MEAT PACKING PLANTS,Within,Within (AOC CLL requires FGL refer),Within,Check Health and Safety,Outside,Within
2890,MANUFACTURING (NON DURABLE) EXC APPAREL,Food Products,MEAT PACKING PLANTS,Within,Within (AOC CLL requires FGL refer),Within,Check Health and Safety,Outside,Within
2990,MANUFACTURING (NON DURABLE) EXC APPAREL,Food Products,MEAT PACKING PLANTS,Within,Within (AOC CLL requires FGL refer),Within,Check Health and Safety,Outside,Within
5421,NON/DISCRETIONARY RETAIL SECTOR,Food Products,MEAT AND FISH MARKETS,Within,Within (AOC CLL requires FGL refer),Consider 3rd Party Exclusion,Check Health and Safety,Outside,Within
5431,NON/DISCRETIONARY RETAIL SECTOR,Food Products,FRUIT AND VEGETABLE MARKETS,Within,Within (AOC CLL requires FGL refer),Consider 3rd Party Exclusion,Check Health and Safety,Outside,Within
5441,NON/DISCRETIONARY RETAIL SECTOR,Food Products,"CANDY, NUT, AND CONFECTIONERY STORES",Within,Within (AOC CLL requires FGL refer),Consider 3rd Party Exclusion,Within,Outside,Within
5451,NON/DISCRETIONARY RETAIL SECTOR,Food Products,DAIRY PRODUCTS STORES,Within,Within (AOC CLL requires FGL refer),Consider 3rd Party Exclusion,Within,Outside,Within
5461,NON/DISCRETIONARY RETAIL SECTOR,Food Products,RETAIL BAKERIES,Within,Within (AOC CLL requires FGL refer),Consider 3rd Party Exclusion,Within,Outside,Within
5499,NON/DISCRETIONARY RETAIL SECTOR,Food Products,MISCELLANEOUS FOOD STORES,Within,Within (AOC CLL requires FGL refer),Consider 3rd Party Exclusion,Within,Outside,Within
5812,NON/DISCRETIONARY RETAIL SECTOR,Food Products,EATING PLACES,Within,Within (AOC CLL requires FGL refer),Consider 3rd Party Exclusion,Within,Outside,Within
5813,NON/DISCRETIONARY RETAIL SECTOR,Food Products,DRINKING PLACES,Within,Within (AOC CLL requires FGL refer),Consider 3rd Party Exclusion,Within,Outside,Within
5141,WHOLESALE,Food Products,"GROCERIES, GENERAL LINE",Within,Within (AOC CLL requires FGL refer),Within,Within,Outside,Within
5142,WHOLESALE,Food Products,PACKAGED FROZEN FOODS,Within,Within (AOC CLL requires FGL refer),Within,Within,Outside,Within
5143,WHOLESALE,Food Products,"DAIRY PRODUCTS, EXCEPT DRIED OR CANNED",Within,Within (AOC CLL requires FGL refer),Within,Within,Outside,Within
5144,WHOLESALE,Food Products,POULTRY AND POULTRY PRODUCTS,Within,Within (AOC CLL requires FGL refer),Within,Within,Outside,Within
5145,WHOLESALE,Food Products,CONFECTIONERY,Within,Within (AOC CLL requires FGL refer),Within,Within,Outside,Within
5146,WHOLESALE,Food Products,FISH AND SEAFOODS,Within,Within (AOC CLL requires FGL refer),Within,Within,Outside,Within
5147,WHOLESALE,Food Products,MEATS AND MEAT PRODUCTS,Within,Within (AOC CLL requires FGL refer),Within,Within,Outside,Within
5148,WHOLESALE,Food Products,FRESH FRUITS AND VEGETABLES,Within,Within (AOC CLL requires FGL refer),Within,Within,Outside,Within
5149,WHOLESALE,Food Products,"GROCERIES AND RELATED PRODUCTS, N.E.C.",Within,Within (AOC CLL requires FGL refer),Within,Within,Outside,Within
5153,WHOLESALE,Food Products,GRAIN AND FIELD BEANS,Within,Within (AOC CLL requires FGL refer),Within,Within,Outside,Within
5154,WHOLESALE,Food Products,LIVESTOCK,Within,Within (AOC CLL requires FGL refer),Within,Within,Outside,Within
9111,PUBLIC ADMINISTRATION,Government - Other,PUBLIC ADMINISTRATION,Outside,Outside,Outside,Outside,Outside,Outside
9121,PUBLIC ADMINISTRATION,Government - Other,PUBLIC ADMINISTRATION,Outside,Outside,Outside,Outside,Outside,Outside
9131,PUBLIC ADMINISTRATION,Government - Other,PUBLIC ADMINISTRATION,Outside,Outside,Outside,Outside,Outside,Outside
9199,PUBLIC ADMINISTRATION,Government - Other,PUBLIC ADMINISTRATION,Outside,Outside,Outside,Outside,Outside,Outside
9211,PUBLIC ADMINISTRATION,Government - Other,PUBLIC ADMINISTRATION,Outside,Outside,Outside,Outside,Outside,Outside
9221,PUBLIC ADMINISTRATION,Government - Other,PUBLIC ADMINISTRATION,Outside,Outside,Outside,Outside,Outside,Outside
9222,PUBLIC ADMINISTRATION,Government - Other,PUBLIC ADMINISTRATION,Outside,Outside,Outside,Outside,Outside,Outside
9223,PUBLIC ADMINISTRATION,Government - Other,PUBLIC ADMINISTRATION,Outside,Outside,Outside,Outside,Outside,Outside
9224,PUBLIC ADMINISTRATION,Government - Other,PUBLIC ADMINISTRATION,Outside,Outside,Outside,Outside,Outside,Outside
9229,PUBLIC ADMINISTRATION,Government - Other,PUBLIC ADMINISTRATION,Outside,Outside,Outside,Outside,Outside,Outside
9311,PUBLIC ADMINISTRATION,Government - Other,PUBLIC ADMINISTRATION,Outside,Outside,Outside,Outside,Outside,Outside
9411,PUBLIC ADMINISTRATION,Government - Other,PUBLIC ADMINISTRATION,Outside,Outside,Outside,Outside,Outside,Outside
9431,PUBLIC ADMINISTRATION,Government - Other,PUBLIC ADMINISTRATION,Outside,Outside,Outside,Outside,Outside,Outside
9441,PUBLIC ADMINISTRATION,Government - Other,PUBLIC ADMINISTRATION,Outside,Outside,Outside,Outside,Outside,Outside
9451,PUBLIC ADMINISTRATION,Government - Other,PUBLIC ADMINISTRATION,Outside,Outside,Outside,Outside,Outside,Outside
9511,PUBLIC ADMINISTRATION,Government - Other,PUBLIC ADMINISTRATION,Outside,Outside,Outside,Outside,Outside,Outside
9512,PUBLIC ADMINISTRATION,Government - Other,PUBLIC ADMINISTRATION,Outside,Outside,Outside,Outside,Outside,Outside
9531,PUBLIC ADMINISTRATION,Government - Other,PUBLIC ADMINISTRATION,Outside,Outside,Outside,Outside,Outside,Outside
9532,PUBLIC ADMINISTRATION,Government - Other,PUBLIC ADMINISTRATION,Outside,Outside,Outside,Outside,Outside,Outside
9611,PUBLIC ADMINISTRATION,Government - Other,PUBLIC ADMINISTRATION,Outside,Outside,Outside,Outside,Outside,Outside
9621,PUBLIC ADMINISTRATION,Government - Other,PUBLIC ADMINISTRATION,Outside,Outside,Outside,Outside,Outside,Outside
9631,PUBLIC ADMINISTRATION,Government - Other,PUBLIC ADMINISTRATION,Outside,Outside,Outside,Outside,Outside,Outside
9641,PUBLIC ADMINISTRATION,Government - Other,PUBLIC ADMINISTRATION,Outside,Outside,Outside,Outside,Outside,Outside
9651,PUBLIC ADMINISTRATION,Government - Other,PUBLIC ADMINISTRATION,Outside,Outside,Outside,Outside,Outside,Outside
9661,PUBLIC ADMINISTRATION,Government - Other,PUBLIC ADMINISTRATION,Outside,Outside,Outside,Outside,Outside,Outside
9711,PUBLIC ADMINISTRATION,Government - Other,PUBLIC ADMINISTRATION,Outside,Outside,Outside,Outside,Outside,Outside
9721,PUBLIC ADMINISTRATION,Government - Other,PUBLIC ADMINISTRATION,Outside,Outside,Outside,Outside,Outside,Outside
3841,MANUFACTURING (DURABLE) / INSTRUMENTS ET AL / MEDICAL INSTRUMENTS AND SUPPLIES,Health Care Equipment & Supplies,SURGICAL AND MEDICAL INSTRUMENTS,Within,Outside,Within,Check Health and Safety,Outside,Within
3842,MANUFACTURING (DURABLE) / INSTRUMENTS ET AL / MEDICAL INSTRUMENTS AND SUPPLIES,Health Care Equipment & Supplies,SURGICAL APPLIANCES AND SUPPLIES,Within,Outside,Within,Check Health and Safety,Outside,Within
3843,MANUFACTURING (DURABLE) / INSTRUMENTS ET AL / MEDICAL INSTRUMENTS AND SUPPLIES,Health Care Equipment & Supplies,DENTAL EQUIPMENT AND SUPPLIES,Within,Outside,Within,Check Health and Safety,Outside,Within
3844,MANUFACTURING (DURABLE) / INSTRUMENTS ET AL / MEDICAL INSTRUMENTS AND SUPPLIES,Health Care Equipment & Supplies,X-RAY APPARTUS AND TUBES,Within,Outside,Within,Check Health and Safety,Outside,Within
3845,MANUFACTURING (DURABLE) / INSTRUMENTS ET AL / MEDICAL INSTRUMENTS AND SUPPLIES,Health Care Equipment & Supplies,ELECTROMEDICAL EQUIPMENT,Within,Outside,Within,Check Health and Safety,Outside,Within
3851,MANUFACTURING (DURABLE) / INSTRUMENTS ET AL / MEDICAL INSTRUMENTS AND SUPPLIES,Health Care Equipment & Supplies,OPTHALMIC GOODS,Within,Outside,Within,Check Health and Safety,Outside,Within
5912,NON/DISCRETIONARY RETAIL SECTOR,Health Care Equipment & Supplies,DRUG STORES AND PROPRIETARY STORES,Within,Outside,Consider 3rd Party Exclusion,Check for services exposures,Outside,Within
5995,NON/DISCRETIONARY RETAIL SECTOR,Health Care Equipment & Supplies,OPTICAL GOODS STORES,Within,Outside,Consider 3rd Party Exclusion,Within,Outside,Within
7352,RETAIL SERVICES,Health Care Equipment & Supplies,MEDICAL EQUIPMENT RENTAL,Within,Outside,Within,Check for services exposures,Outside,Within
5047,WHOLESALE,Health Care Equipment & Supplies,MEDICAL AND HOSPITAL EQUIPMENT,Within,Outside,Within,Check for services exposures,Outside,Within
5048,WHOLESALE,Health Care Equipment & Supplies,OPHTHALMIC GOODS,Within,Outside,Within,Check for services exposures,Outside,Within
5049,WHOLESALE,Health Care Equipment & Supplies,"PROFESSIONAL EQUIPMENT, N.E.C.",Within,Outside,Within,Check for services exposures,Outside,Within
741,AGRICULTURE,Health Care Providers & Services,VETERINARY SERVICES FOR LIVESTOCK,Within,Outside,Consider 3rd Party Exclusion,Check for services exposures,Outside,Within
742,AGRICULTURE,Health Care Providers & Services,"VETERINARY SERVICES, SPECIALITIES",Within,Outside,Consider 3rd Party Exclusion,Check for services exposures,Outside,Within
751,AGRICULTURE,Health Care Providers & Services,"LIVESTOCK SERVICES, EXCEPT VETERINARY",Within,Outside,Consider 3rd Party Exclusion,Check for services exposures,Outside,Within
752,AGRICULTURE,Health Care Providers & Services,ANIMAL SPECIALTY SERVICES,Within,Outside,Consider 3rd Party Exclusion,Check for services exposures,Outside,Within
8000,HEALTH SERVICES,Health Care Providers & Services,OFFICES & CLINICS OF MEDICAL DOCTORS,Within,Outside,Consider SML and 3rd Party Exclusion,Check Health and Safety,Outside,Within
8011,HEALTH SERVICES,Health Care Providers & Services,OFFICES & CLINICS OF MEDICAL DOCTORS,Within,Outside,Consider SML and 3rd Party Exclusion,Check Health and Safety,Outside,Within
8021,HEALTH SERVICES,Health Care Providers & Services,OFFICES & CLINICS OF DENTISTS,Within,Outside,Consider SML and 3rd Party Exclusion,Check Health and Safety,Outside,Within
8031,HEALTH SERVICES,Health Care Providers & Services,OFFICES OF OSTEOPATHIC PHYSICIANS,Within,Outside,Consider SML and 3rd Party Exclusion,Check Health and Safety,Outside,Within
8041,HEALTH SERVICES,Health Care Providers & Services,OFFICES AND CLINICS OF CHIROPRACTORS,Within,Outside,Consider SML and 3rd Party Exclusion,Check Health and Safety,Outside,Within
8042,HEALTH SERVICES,Health Care Providers & Services,OFFICES AND CLINICS OF OPTOMETRISTS,Within,Outside,Consider SML and 3rd Party Exclusion,Check Health and Safety,Outside,Within
8043,HEALTH SERVICES,Health Care Providers & Services,OFFICES AND CLINICS OF PODIATRISTS,Within,Outside,Consider SML and 3rd Party Exclusion,Check Health and Safety,Outside,Within
8049,HEALTH SERVICES,Health Care Providers & Services,"OFFICES OF HEALTH PRACTITIONERS, N.E.C.",Within,Outside,Consider SML and 3rd Party Exclusion,Check Health and Safety,Outside,Within
8050,HEALTH SERVICES,Health Care Providers & Services,OFFICES & CLINICS OF MEDICAL DOCTORS,Within,Outside,Consider SML and 3rd Party Exclusion,Check Health and Safety,Outside,Within
8051,HEALTH SERVICES,Health Care Providers & Services,SKILLED NURSING CARE FACILITIES,Within,Outside,Consider SML and 3rd Party Exclusion,Check Health and Safety,Outside,Within
8052,HEALTH SERVICES,Health Care Providers & Services,INTERMEDIATE CARE FACILITIES,Within,Outside,Consider SML and 3rd Party Exclusion,Check Health and Safety,Outside,Within
8059,HEALTH SERVICES,Health Care Providers & Services,"NURSING AND PERSONAL CARE, N.E.C.",Within,Outside,Consider SML and 3rd Party Exclusion,Check Health and Safety,Outside,Within
8060,HEALTH SERVICES,Health Care Providers & Services,OFFICES & CLINICS OF MEDICAL DOCTORS,Within,Outside,Consider SML and 3rd Party Exclusion,Check Health and Safety,Outside,Within
8062,HEALTH SERVICES,Health Care Providers & Services,GENERAL MEDICAL & SURGICAL HOSPITALS,Within,Outside,Consider SML and 3rd Party Exclusion,Check Health and Safety,Outside,Within
8063,HEALTH SERVICES,Health Care Providers & Services,PSYCHIATRIC HOSPITALS,Within,Outside,Consider SML and 3rd Party Exclusion,Check Health and Safety,Outside,Within
8069,HEALTH SERVICES,Health Care Providers & Services,SPECIALTY HOSPITALS EXCEPT PSYCIATRIC,Within,Outside,Consider SML and 3rd Party Exclusion,Check Health and Safety,Outside,Within
8071,HEALTH SERVICES,Health Care Providers & Services,MEDICAL LABORATORIES,Within,Outside,Consider SML and 3rd Party Exclusion,Check Health and Safety,Outside,Within
8072,HEALTH SERVICES,Health Care Providers & Services,DENTAL LABORATORIES,Within,Outside,Consider SML and 3rd Party Exclusion,Check Health and Safety,Outside,Within
8082,HEALTH SERVICES,Health Care Providers & Services,HOME HEALTH CARE SERVICES,Within,Outside,Consider SML and 3rd Party Exclusion,Check Health and Safety,Outside,Within
8090,HEALTH SERVICES,Health Care Providers & Services,OFFICES & CLINICS OF MEDICAL DOCTORS,Within,Outside,Consider SML and 3rd Party Exclusion,Check Health and Safety,Outside,Within
8092,HEALTH SERVICES,Health Care Providers & Services,KIDNEY DIALYSIS CENTERS,Within,Outside,Consider SML and 3rd Party Exclusion,Check Health and Safety,Outside,Within
8093,HEALTH SERVICES,Health Care Providers & Services,"SPECIALTY OUTPATIENT CLINICS, N.E.C.",Within,Outside,Consider SML and 3rd Party Exclusion,Check Health and Safety,Outside,Within
8099,HEALTH SERVICES,Health Care Providers & Services,"HEALTH AND ALLIED SERVICES, N.E.C.",Within,Outside,Consider SML and 3rd Party Exclusion,Check Health and Safety,Outside,Within
7011,RETAIL SERVICES,Hotels Restaurants & Leisure,HOTELS AND MOTELS,Within,Within (AOC CLL requires FGL refer),Check for Recession exposures and 3rd party exclusion,Check Health and Safety,Outside,Check for Recession exposures
7021,RETAIL SERVICES,Hotels Restaurants & Leisure,ROOMING AND BOARDING HOUSES,Within,Within (AOC CLL requires FGL refer),Check for Recession exposures and 3rd party and SML exclusion,Check Health and Safety,Outside,Check for Recession exposures
7032,RETAIL SERVICES,Hotels Restaurants & Leisure,SPORTING AND RECREATIONAL CAMPS,Within,Outside,Check for Recession exposures and 3rd party and SML exclusion,Check Health and Safety,Outside,Check for Recession exposures
7033,RETAIL SERVICES,Hotels Restaurants & Leisure,TRAILER PARKS AND CAMPSITES,Within,Within (AOC CLL requires FGL refer),Check for Recession exposures and 3rd party exclusion,Check Health and Safety,Outside,Check for Recession exposures
7041,RETAIL SERVICES,Hotels Restaurants & Leisure,MEMBERSHIP-BASIS ORGANIZATION HOTELS,Within,Within (AOC CLL requires FGL refer),Check for Recession exposures and 3rd party exclusion,Check Health and Safety,Outside,Check for Recession exposures
7200,RETAIL SERVICES,Hotels Restaurants & Leisure,HOTELS AND MOTELS,Within,Within (AOC CLL requires FGL refer),Check for Recession exposures and 3rd party exclusion,Check Health and Safety,Outside,Check for Recession exposures
7310,RETAIL SERVICES,Hotels Restaurants & Leisure,HOTELS AND MOTELS,Within,Within (AOC CLL requires FGL refer),Check for Recession exposures and 3rd party exclusion,Check Health and Safety,Outside,Check for Recession exposures
7320,RETAIL SERVICES,Hotels Restaurants & Leisure,HOTELS AND MOTELS,Within,Within (AOC CLL requires FGL refer),Check for Recession exposures and 3rd party exclusion,Check Health and Safety,Outside,Check for Recession exposures
7330,RETAIL SERVICES,Hotels Restaurants & Leisure,HOTELS AND MOTELS,Within,Within (AOC CLL requires FGL refer),Check for Recession exposures and 3rd party exclusion,Check Health and Safety,Outside,Check for Recession exposures
7340,RETAIL SERVICES,Hotels Restaurants & Leisure,HOTELS AND MOTELS,Within,Within (AOC CLL requires FGL refer),Check for Recession exposures and 3rd party exclusion,Check Health and Safety,Outside,Check for Recession exposures
7350,RETAIL SERVICES,Hotels Restaurants & Leisure,HOTELS AND MOTELS,Within,Within (AOC CLL requires FGL refer),Check for Recession exposures and 3rd party exclusion,Check Health and Safety,Outside,Check for Recession exposures
7380,RETAIL SERVICES,Hotels Restaurants & Leisure,HOTELS AND MOTELS,Within,Within (AOC CLL requires FGL refer),Check for Recession exposures and 3rd party exclusion,Check Health and Safety,Outside,Check for Recession exposures
7500,RETAIL SERVICES,Hotels Restaurants & Leisure,HOTELS AND MOTELS,Within,Within (AOC CLL requires FGL refer),Check for Recession exposures and 3rd party exclusion,Check Health and Safety,Outside,Check for Recession exposures
7510,RETAIL SERVICES,Hotels Restaurants & Leisure,HOTELS AND MOTELS,Within,Within (AOC CLL requires FGL refer),Check for Recession exposures and 3rd party exclusion,Check Health and Safety,Outside,Check for Recession exposures
7600,RETAIL SERVICES,Hotels Restaurants & Leisure,HOTELS AND MOTELS,Within,Within (AOC CLL requires FGL refer),Check for Recession exposures and 3rd party exclusion,Check Health and Safety,Outside,Check for Recession exposures
7830,RETAIL SERVICES,Hotels Restaurants & Leisure,HOTELS AND MOTELS,Within,Within (AOC CLL requires FGL refer),Check for Recession exposures and 3rd party exclusion,Check Health and Safety,Outside,Check for Recession exposures
7832,RETAIL SERVICES,Hotels Restaurants & Leisure,"MOTION PICTURE THEATERS, EXCEPT DRIVE-IN",Within,Within (AOC CLL requires FGL refer),Check for Recession exposures and 3rd party exclusion,Check Health and Safety,Outside,Check for Recession exposures
7833,RETAIL SERVICES,Hotels Restaurants & Leisure,DRIVE-IN MOTION PICTURE THEATERS,Within,Within (AOC CLL requires FGL refer),Check for Recession exposures and 3rd party exclusion,Check Health and Safety,Outside,Check for Recession exposures
7841,RETAIL SERVICES,Hotels Restaurants & Leisure,VIDEO TAPE RENTAL,Within,Within (AOC CLL requires FGL refer),Check for Recession exposures and 3rd party exclusion,Check Health and Safety,Outside,Check for Recession exposures
7900,RETAIL SERVICES,Hotels Restaurants & Leisure,HOTELS AND MOTELS,Within,Within (AOC CLL requires FGL refer),Check for Recession exposures and 3rd party exclusion,Check Health and Safety,Outside,Check for Recession exposures
7911,RETAIL SERVICES,Hotels Restaurants & Leisure,"DANCE STUDIOS, SCHOOLS, AND HALLS",Within,Outside,Outside,Check Health and Safety,Outside,Check for Recession exposures
7922,RETAIL SERVICES,Hotels Restaurants & Leisure,THEATRICAL PRODUCERS AND SERVICES,Within,Outside,Outside,Check Health and Safety,Outside,Within
7929,RETAIL SERVICES,Hotels Restaurants & Leisure,ENTERTAINERS & ENTERTAINMENT GROUPS,Within,Outside,Outside,Check Health and Safety,Outside,Within
7933,RETAIL SERVICES,Hotels Restaurants & Leisure,BOWLING CENTERS,Within,Outside,Check for Recession exposures and 3rd party exclusion,Check Health and Safety,Outside,Check for Recession exposures
7941,RETAIL SERVICES,Hotels Restaurants & Leisure,"SPORTS CLUBS, MANAGERS, & PROMOTERS",Within,Outside,Outside,Check Health and Safety,Outside,Within
7948,RETAIL SERVICES,Hotels Restaurants & Leisure,"RACING, INCLUDING TRACK OPERATION",Within,Outside,Outside,Check Health and Safety,Outside,Check for Recession exposures
7990,RETAIL SERVICES,Hotels Restaurants & Leisure,HOTELS AND MOTELS,Within,Within (AOC CLL requires FGL refer),Check for Recession exposures and 3rd party exclusion,Check Health and Safety,Outside,Check for Recession exposures
7991,RETAIL SERVICES,Hotels Restaurants & Leisure,PHYSICAL FITNESS FACILITIES,Within,Outside,Check for Recession exposures and 3rd party exclusion,Check Health and Safety,Outside,Check for Recession exposures
7992,RETAIL SERVICES,Hotels Restaurants & Leisure,PUBLIC GOLF COURSES,Within,Outside,Check for Recession exposures and 3rd party exclusion,Check Health and Safety,Outside,Check for Recession exposures
7993,RETAIL SERVICES,Hotels Restaurants & Leisure,COIN-OPERATED AMUSEMENT DEVICES,Within,Outside,Outside,Check Health and Safety,Outside,Within
7996,RETAIL SERVICES,Hotels Restaurants & Leisure,AMUSEMENT PARKTS,Within,Outside,Check for Recession exposures and 3rd party exclusion,Check Health and Safety,Outside,Check for Recession exposures
7997,RETAIL SERVICES,Hotels Restaurants & Leisure,MEMBERSHIP SPORTS & RECREATION CLUBS,Within,Outside,Outside,Check Health and Safety,Outside,Within
7999,RETAIL SERVICES,Hotels Restaurants & Leisure,"AMUSEMENT AND RECREATION, N.E.C.",Within,Outside,Check for Recession exposures and 3rd party exclusion,Check Health and Safety,Outside,Check for Recession exposures
8412,RETAIL SERVICES,Hotels Restaurants & Leisure,MUSEUMS AND ART GALLERIES,Within,Within (AOC CLL requires FGL refer),Check for Recession exposures and 3rd party exclusion,Check Health and Safety,Outside,Check for Recession exposures
8422,RETAIL SERVICES,Hotels Restaurants & Leisure,BOTANICAL AND ZOOLOGICAL GARDENS,Within,Within (AOC CLL requires FGL refer),Check for Recession exposures and 3rd party exclusion,Check Health and Safety,Outside,Check for Recession exposures
5091,WHOLESALE,Hotels Restaurants & Leisure,SPORTING & RECREATIONAL GOODS,Within,Within (AOC CLL requires FGL refer),Check for Recession exposures and 3rd party exclusion,Check Health and Safety,Outside,Check for Recession exposures
3631,MANUFACTURING (DURABLE),Household Durables,HOUSEHOLD COOKING EQUIPMENT,Within,Within (AOC CLL requires FGL refer),Within,Within,Outside,Within
3632,MANUFACTURING (DURABLE),Household Durables,HOUSEHOLD REFRIGERATORS AND FREEZERS,Within,Within (AOC CLL requires FGL refer),Within,Within,Outside,Within
3633,MANUFACTURING (DURABLE),Household Durables,HOUSEHOLD LAUNDRY EQUIPMENT,Within,Within (AOC CLL requires FGL refer),Within,Within,Outside,Within
3634,MANUFACTURING (DURABLE),Household Durables,ELECTRIC HOUSEWARES AND FANS,Within,Within (AOC CLL requires FGL refer),Within,Within,Outside,Within
3635,MANUFACTURING (DURABLE),Household Durables,HOUSEHOLD VACUUM CLEANERS,Within,Within (AOC CLL requires FGL refer),Within,Within,Outside,Within
3639,MANUFACTURING (DURABLE),Household Durables,"HOUSEHOLD APPLIANCES, N.E.C.",Within,Within (AOC CLL requires FGL refer),Within,Within,Outside,Within
3641,MANUFACTURING (DURABLE),Household Durables,ELECTRIC LAMPS,Within,Within (AOC CLL requires FGL refer),Within,Within,Outside,Within
3645,MANUFACTURING (DURABLE),Household Durables,RESIDENTIAL LIGHTING FIXTURES,Within,Within (AOC CLL requires FGL refer),Within,Within,Outside,Within
3651,MANUFACTURING (DURABLE),Household Durables,HOUSEHOLD AUDIO AND VIDEO EQUIPMENT,Within,Within (AOC CLL requires FGL refer),Within,Within,Outside,Within
2512,MANUFACTURING (DURABLE),Household Durables,UPHOLSTERED HOUSEHOLD FURNITURE,Within,Within (AOC CLL requires FGL refer),Within,Within,Outside,Within
2514,MANUFACTURING (DURABLE),Household Durables,METAL HOUSEHOLD FURNITURE,Within,Within (AOC CLL requires FGL refer),Within,Within,Outside,Within
2515,MANUFACTURING (DURABLE),Household Durables,MATTRESSES AND BEDSPRINGS,Within,Within (AOC CLL requires FGL refer),Within,Within,Outside,Within
2519,MANUFACTURING (DURABLE),Household Durables,"HOUSEHOLD FURNITURE, N.E.C.",Within,Within (AOC CLL requires FGL refer),Within,Within,Outside,Within
2522,MANUFACTURING (DURABLE),Household Durables,"OFFICE FURNITURE, EXCEPT WOOD",Within,Within (AOC CLL requires FGL refer),Within,Within,Outside,Within
2531,MANUFACTURING (DURABLE),Household Durables,PUBLIC BUILDING & RELATED FURNITURE,Within,Within (AOC CLL requires FGL refer),Within,Within,Outside,Within
2591,MANUFACTURING (DURABLE),Household Durables,DRAPERY HARDWARE & BLINDS & SASHES,Within,Within (AOC CLL requires FGL refer),Within,Within,Outside,Within
2599,MANUFACTURING (DURABLE),Household Durables,"FURNITURE AND FIXTURES, N.E.C.",Within,Within (AOC CLL requires FGL refer),Within,Within,Outside,Within
5712,NON/DISCRETIONARY RETAIL SECTOR,Household Durables,FURNITURE STORES,Within,Within (AOC CLL requires FGL refer),Within,Within,Outside,Within
5714,NON/DISCRETIONARY RETAIL SECTOR,Household Durables,DRAPERY AND UPHOLSTERY STORES,Within,Within (AOC CLL requires FGL refer),Within,Within,Outside,Within
5719,NON/DISCRETIONARY RETAIL SECTOR,Household Durables,MISC. HOMEFURNISHINGS STORES,Within,Within (AOC CLL requires FGL refer),Within,Within,Outside,Within
5722,NON/DISCRETIONARY RETAIL SECTOR,Household Durables,HOUSEHOLD APPLIANCE STORES,Within,Within (AOC CLL requires FGL refer),Within,Within,Outside,Within
5021,WHOLESALE,Household Durables,FURNITURE,Within,Within (AOC CLL requires FGL refer),Within,Within,Outside,Within
5023,WHOLESALE,Household Durables,HOMEFURNISHINGS,Within,Within (AOC CLL requires FGL refer),Within,Within,Outside,Within
5078,WHOLESALE,Household Durables,REFRIGERATION EQUIPMENT AND SUPPLIES,Within,Within (AOC CLL requires FGL refer),Within,Within,Outside,Within
5099,WHOLESALE,Household Durables,"DURABLE GOODS, N.E.C.",Within,Within (AOC CLL requires FGL refer),Within,Within,Outside,Within
6311,INSURANCE,Insurance,LIFE INSURANCE,Outside,Outside,Outside,Outside,Outside,Outside
6331,INSURANCE,Insurance,"FIRE, MARINE, AND CASUALTY INSURANCE",Outside,Outside,Outside,Outside,Outside,Outside
6351,INSURANCE,Insurance,SURETY INSURANCE,Outside,Outside,Outside,Outside,Outside,Outside
6361,INSURANCE,Insurance,TITLE INSURANCE,Outside,Outside,Outside,Outside,Outside,Outside
6371,INSURANCE,Insurance,"PENSION, HEALTH, AND WELFARE FUNDS",Outside,Outside,Outside,Outside,Outside,Outside
6380,INSURANCE,Insurance,LIFE INSURANCE,Outside,Outside,Outside,Outside,Outside,Outside
6382,INSURANCE,Insurance,LIFE INSURANCE,Outside,Outside,Outside,Outside,Outside,Outside
6399,INSURANCE,Insurance,"INSURANCE CARRIERS, N.E.C.",Outside,Outside,Outside,Outside,Outside,Outside
6411,INSURANCE,Insurance,"INSURANCE AGENTS, BROKERS & SERVICE",Outside,Outside,Outside,Outside,Outside,Outside
6321,INSURANCE / MEDICAL SERVICE AND HEALTH INSURANCE,Insurance,ACCIDENT AND HEALTH INSURANCE,Outside,Outside,Outside,Outside,Outside,Outside
6324,INSURANCE / MEDICAL SERVICE AND HEALTH INSURANCE,Insurance,HOSPITAL AND MEDICAL SERVICE PLANS,Outside,Outside,Outside,Outside,Outside,Outside
8111,VARIOUS SERVICES,Legal Services,LEGAL SERVICES,Within,Outside,Outside,Check for services exposures,Outside,Within
8200,VARIOUS SERVICES,Legal Services,LEGAL SERVICES,Within,Outside,Outside,Check for services exposures,Outside,Within
8300,VARIOUS SERVICES,Legal Services,LEGAL SERVICES,Within,Outside,Outside,Check for services exposures,Outside,Within
8700,VARIOUS SERVICES,Legal Services,LEGAL SERVICES,Within,Outside,Outside,Check for services exposures,Outside,Within
8900,VARIOUS SERVICES,Legal Services,LEGAL SERVICES,Within,Outside,Outside,Check for services exposures,Outside,Within
5551,NON/DISCRETIONARY RETAIL SECTOR,Leisure Equipment & Products,BOAT DEALERS,Within,Outside,Check for Recession exposures,Check for services exposures,Outside,Check for Recession exposures
5561,NON/DISCRETIONARY RETAIL SECTOR,Leisure Equipment & Products,RECREATIONAL VEHICLE DEALERS,Within,Outside,Check for Recession exposures,Check for services exposures,Outside,Check for Recession exposures
3423,MANUFACTURING (DURABLE),Machinery,"HAND AND EDGE TOOLS, N.E.C.",Within,Within (AOC CLL requires FGL refer),Within,Check Health and Safety,Outside,Within
3425,MANUFACTURING (DURABLE),Machinery,SAW BLADES AND HANDSAWS,Within,Within (AOC CLL requires FGL refer),Within,Check Health and Safety,Outside,Within
3429,MANUFACTURING (DURABLE),Machinery,"HARDWARE, N.E.C.",Within,Within (AOC CLL requires FGL refer),Within,Check Health and Safety,Outside,Within
3433,MANUFACTURING (DURABLE),Machinery,"HEATING EQUIPMENT, EXCEPT ELECTRIC",Within,Within (AOC CLL requires FGL refer),Within,Check Health and Safety,Outside,Within
3441,MANUFACTURING (DURABLE),Machinery,FABRICATED STRUCTURAL METAL,Within,Within (AOC CLL requires FGL refer),Within,Check Health and Safety,Outside,Within
3511,MANUFACTURING (DURABLE),Machinery,TURBINES AND TURBINE GENERATOR SETS,Within,Within (AOC CLL requires FGL refer),Within,Check Health and Safety,Outside,Within
3519,MANUFACTURING (DURABLE),Machinery,"INTERNAL COMBUSTION ENGINES, N.E.C.",Within,Within (AOC CLL requires FGL refer),Within,Check Health and Safety,Outside,Within
3523,MANUFACTURING (DURABLE),Machinery,FARM MACHINERY AND EQUIPMENT,Within,Within (AOC CLL requires FGL refer),Within,Check Health and Safety,Outside,Within
3524,MANUFACTURING (DURABLE),Machinery,LAWN AND GARDEN EQUIPMENT,Within,Within (AOC CLL requires FGL refer),Within,Check Health and Safety,Outside,Within
3531,MANUFACTURING (DURABLE),Machinery,CONSTRUCTION MACHINERY,Within,Within (AOC CLL requires FGL refer),Within,Check Health and Safety,Outside,Within
3532,MANUFACTURING (DURABLE),Machinery,MINING MACHINERY,Within,Outside appetite if Mining and AOC,Within,Check Health and Safety,Outside,Within
3533,MANUFACTURING (DURABLE),Machinery,OIL AND GAS FIELD MACHINERY,Within,Outside appetite if Mining and AOC,Within,Check Health and Safety,Outside,Within
3541,MANUFACTURING (DURABLE),Machinery,"MACHINE TOOLS, METAL CUTTING TYPES",Within,Within (AOC CLL requires FGL refer),Within,Check Health and Safety,Outside,Within
3542,MANUFACTURING (DURABLE),Machinery,"MACHINE TOOLS, METAL FORMING TYPES",Within,Within (AOC CLL requires FGL refer),Within,Check Health and Safety,Outside,Within
3545,MANUFACTURING (DURABLE),Machinery,MACHINE TOOL ACCESSORIES,Within,Within (AOC CLL requires FGL refer),Within,Check Health and Safety,Outside,Within
3546,MANUFACTURING (DURABLE),Machinery,POWER-DRIVEN HANDTOOLS,Within,Within (AOC CLL requires FGL refer),Within,Check Health and Safety,Outside,Within
3547,MANUFACTURING (DURABLE),Machinery,ROLLING MILL MACHINERY,Within,Within (AOC CLL requires FGL refer),Within,Check Health and Safety,Outside,Within
3548,MANUFACTURING (DURABLE),Machinery,WELDING APPARATUS,Within,Within (AOC CLL requires FGL refer),Within,Check Health and Safety,Outside,Within
3549,MANUFACTURING (DURABLE),Machinery,"METALWORKING MACHINERY, N.E.C.",Within,Within (AOC CLL requires FGL refer),Within,Check Health and Safety,Outside,Within
3552,MANUFACTURING (DURABLE),Machinery,TEXTILE MACHINERY,Within,Within (AOC CLL requires FGL refer),Within,Check Health and Safety,Outside,Within
3553,MANUFACTURING (DURABLE),Machinery,WOODWORKING MACHINERY,Within,Within (AOC CLL requires FGL refer),Within,Check Health and Safety,Outside,Within
3554,MANUFACTURING (DURABLE),Machinery,PAPER INDUSTRIES MACHINERY,Within,Within (AOC CLL requires FGL refer),Within,Check Health and Safety,Outside,Within
3555,MANUFACTURING (DURABLE),Machinery,PRINTING TRADES MACHINERY,Within,Within (AOC CLL requires FGL refer),Within,Check Health and Safety,Outside,Within
3556,MANUFACTURING (DURABLE),Machinery,FOOD PRODUCTS MACHINERY,Within,Within (AOC CLL requires FGL refer),Within,Check Health and Safety,Outside,Within
3559,MANUFACTURING (DURABLE),Machinery,"SPECIAL INDUSTRY MACHINERY, N.E.C.",Within,Within (AOC CLL requires FGL refer),Within,Check Health and Safety,Outside,Within
3561,MANUFACTURING (DURABLE),Machinery,PUMPS AND PUMPING EQUIPMENT,Within,Within (AOC CLL requires FGL refer),Within,Check Health and Safety,Outside,Within
3562,MANUFACTURING (DURABLE),Machinery,BALL AND ROLLER BEARINGS,Within,Within (AOC CLL requires FGL refer),Within,Check Health and Safety,Outside,Within
3563,MANUFACTURING (DURABLE),Machinery,AIR AND GAS COMPRESSORS,Within,Within (AOC CLL requires FGL refer),Within,Check Health and Safety,Outside,Within
3564,MANUFACTURING (DURABLE),Machinery,BLOWERS AND FANS,Within,Within (AOC CLL requires FGL refer),Within,Check Health and Safety,Outside,Within
3565,MANUFACTURING (DURABLE),Machinery,PACKAGING MACHINERY,Within,Within (AOC CLL requires FGL refer),Within,Check Health and Safety,Outside,Within
3566,MANUFACTURING (DURABLE),Machinery,"SPEED CHANGERS, DRIVES, AND GEARS",Within,Within (AOC CLL requires FGL refer),Within,Check Health and Safety,Outside,Within
3567,MANUFACTURING (DURABLE),Machinery,INDUSTRIAL FURNACES AND OVENS,Within,Within (AOC CLL requires FGL refer),Within,Check Health and Safety,Outside,Within
3568,MANUFACTURING (DURABLE),Machinery,"POWER TRANSMISSION EQUIPMENT, N.E.C.",Within,Within (AOC CLL requires FGL refer),Within,Check Health and Safety,Outside,Within
3569,MANUFACTURING (DURABLE),Machinery,"GENERAL INDUSTRIAL MACHINERY, N.E.C.",Within,Within (AOC CLL requires FGL refer),Within,Check Health and Safety,Outside,Within
3582,MANUFACTURING (DURABLE),Machinery,COMMERCIAL LAUNDRY EQUIPMENT,Within,Within (AOC CLL requires FGL refer),Within,Check Health and Safety,Outside,Within
3585,MANUFACTURING (DURABLE),Machinery,REFRIGERATION AND HEATING EQUIPMENT,Within,Within (AOC CLL requires FGL refer),Within,Check Health and Safety,Outside,Within
3586,MANUFACTURING (DURABLE),Machinery,MEASURING AND DISPENSING PUMPS,Within,Within (AOC CLL requires FGL refer),Within,Check Health and Safety,Outside,Within
3589,MANUFACTURING (DURABLE),Machinery,"SPECIAL INDUSTRY MACHINERY, N.E.C.",Within,Within (AOC CLL requires FGL refer),Within,Check Health and Safety,Outside,Within
3592,MANUFACTURING (DURABLE),Machinery,"CARBURETORS, PISTONS,RINGS, VALVES",Within,Within (AOC CLL requires FGL refer),Within,Check Health and Safety,Outside,Within
3593,MANUFACTURING (DURABLE),Machinery,FLUID POWER CYLINDERS & ACTUATORS,Within,Within (AOC CLL requires FGL refer),Within,Check Health and Safety,Outside,Within
3594,MANUFACTURING (DURABLE),Machinery,FLUID POWER PUMPS AND MOTORS,Within,Within (AOC CLL requires FGL refer),Within,Check Health and Safety,Outside,Within
3596,MANUFACTURING (DURABLE),Machinery,"SCALES AND BALANCES, EXCEPT LABORATORY",Within,Within (AOC CLL requires FGL refer),Within,Check Health and Safety,Outside,Within
3599,MANUFACTURING (DURABLE),Machinery,"INDUSTRIAL MACHINERY, N.E.C.",Within,Within (AOC CLL requires FGL refer),Within,Check Health and Safety,Outside,Within
3612,MANUFACTURING (DURABLE),Machinery,"TRANSFORMERS, EXCEPT ELECTRONIC",Within,Within (AOC CLL requires FGL refer),Within,Check Health and Safety,Outside,Within
3613,MANUFACTURING (DURABLE),Machinery,SWITCHGEAR AND SWITCHBOARD APPARATUS,Within,Within (AOC CLL requires FGL refer),Within,Check Health and Safety,Outside,Within
3621,MANUFACTURING (DURABLE),Machinery,MOTORS AND GENERATORS,Within,Within (AOC CLL requires FGL refer),Within,Check Health and Safety,Outside,Within
3629,MANUFACTURING (DURABLE),Machinery,"ELECTRICAL INDUSTRIAL APPARATUS, N.E.C.",Within,Within (AOC CLL requires FGL refer),Within,Check Health and Safety,Outside,Within
5082,WHOLESALE,Machinery,CONSTRUCTION AND MINING MACHINERY,Within,Outside appetite if Mining and AOC,Within,Check Health and Safety,Outside,Within
5083,WHOLESALE,Machinery,FARM AND GARDEN MACHINERY,Within,Within (AOC CLL requires FGL refer),Within,Check Health and Safety,Outside,Within
5084,WHOLESALE,Machinery,INDUSTRIAL MACHINERY AND EQUIPMENT,Within,Within (AOC CLL requires FGL refer),Within,Check Health and Safety,Outside,Within
5085,WHOLESALE,Machinery,INDUSTRIAL SUPPLIES,Within,Within (AOC CLL requires FGL refer),Within,Check Health and Safety,Outside,Within
7313,RETAIL SERVICES,Media,"RADIO, TV, PUBLISHER REPRESENTATIVES",Within,Within (AOC CLL requires FGL refer),Outside,Within,Outside,Within
7319,RETAIL SERVICES,Media,"ADVERTISING, N.E.C.",Within,Within (AOC CLL requires FGL refer),Outside,Within,Outside,Within
7331,RETAIL SERVICES,Media,DIRECT MAIL ADVERTISING SERVICES,Within,Within (AOC CLL requires FGL refer),Outside,Within,Outside,Within
7383,RETAIL SERVICES,Media,NEWS SYNDICATES,Within,Within (AOC CLL requires FGL refer),Outside,Check for services exposures,Outside,Within
7812,RETAIL SERVICES,Media,MOTION PICTURE & VIDEO PRODUCTION,Within,Within (AOC CLL requires FGL refer),Outside,Check for services exposures,Outside,Within
7819,RETAIL SERVICES,Media,SERVICES ALLIED TO MOTION PICTURES,Within,Within (AOC CLL requires FGL refer),Outside,Check for services exposures,Outside,Within
7822,RETAIL SERVICES,Media,MOTION PICTURE AND TAPE DISTRIBUTION,Within,Within (AOC CLL requires FGL refer),Outside,Check for services exposures,Outside,Within
7829,RETAIL SERVICES,Media,MOTION PICTURE DISTRIBUTION SERVICES,Within,Within (AOC CLL requires FGL refer),Outside,Check for services exposures,Outside,Within
3312,MANUFACTURING (DURABLE),Metals & Mining,BLAST FURNACES AND STEEL MILLS,Within,Outside appetite if Mining and AOC,Within,Check Health and Safety,Outside,Within
3313,MANUFACTURING (DURABLE),Metals & Mining,ELECTROMETALLURGICAL PRODUCTS,Within,Outside appetite if Mining and AOC,Within,Check Health and Safety,Outside,Within
3315,MANUFACTURING (DURABLE),Metals & Mining,STEEL WIRE AND RELATED PRODUCTS,Within,Outside appetite if Mining and AOC,Within,Check Health and Safety,Outside,Within
3316,MANUFACTURING (DURABLE),Metals & Mining,COLD FINISHING OF STEEL SHAPES,Within,Outside appetite if Mining and AOC,Within,Check Health and Safety,Outside,Within
3317,MANUFACTURING (DURABLE),Metals & Mining,STEEL PIPE AND TUBES,Within,Outside appetite if Mining and AOC,Within,Check Health and Safety,Outside,Within
3321,MANUFACTURING (DURABLE),Metals & Mining,GRAY AND DUCTILE IRON FOUNDRIES,Within,Outside appetite if Mining and AOC,Within,Check Health and Safety,Outside,Within
3322,MANUFACTURING (DURABLE),Metals & Mining,MALLEABLE IRON FOUNDRIES,Within,Outside appetite if Mining and AOC,Within,Check Health and Safety,Outside,Within
3324,MANUFACTURING (DURABLE),Metals & Mining,STEEL INVESTMENT FOUNDRIES,Within,Outside appetite if Mining and AOC,Within,Check Health and Safety,Outside,Within
3325,MANUFACTURING (DURABLE),Metals & Mining,"STEEL FOUNDRIES, N.E.C.",Within,Outside appetite if Mining and AOC,Within,Check Health and Safety,Outside,Within
3331,MANUFACTURING (DURABLE),Metals & Mining,PRIMARY COPPER,Within,Outside appetite if Mining and AOC,Within,Check Health and Safety,Outside,Within
3334,MANUFACTURING (DURABLE),Metals & Mining,PRIMARY ALUMINUM,Within,Outside appetite if Mining and AOC,Within,Check Health and Safety,Outside,Within
3339,MANUFACTURING (DURABLE),Metals & Mining,"PRIMARY NONFERROUS METALS, N.E.C.",Within,Outside appetite if Mining and AOC,Within,Check Health and Safety,Outside,Within
3341,MANUFACTURING (DURABLE),Metals & Mining,SECONDARY NONFERROUS METALS,Within,Outside appetite if Mining and AOC,Within,Check Health and Safety,Outside,Within
3351,MANUFACTURING (DURABLE),Metals & Mining,COPPER ROLLING AND DRAWING,Within,Outside appetite if Mining and AOC,Within,Check Health and Safety,Outside,Within
3353,MANUFACTURING (DURABLE),Metals & Mining,"ALUMINUM SHEET, PLATE, AND FOIL",Within,Outside appetite if Mining and AOC,Within,Check Health and Safety,Outside,Within
3354,MANUFACTURING (DURABLE),Metals & Mining,ALUMINUM EXTRUDED PRODUCTS,Within,Outside appetite if Mining and AOC,Within,Check Health and Safety,Outside,Within
3355,MANUFACTURING (DURABLE),Metals & Mining,"ALUMINUM ROLLING AND DRAWING, N.E.C.",Within,Outside appetite if Mining and AOC,Within,Check Health and Safety,Outside,Within
3356,MANUFACTURING (DURABLE),Metals & Mining,"NONFERROUS ROLLING AND DRAWING, N.E.C.",Within,Outside appetite if Mining and AOC,Within,Check Health and Safety,Outside,Within
3357,MANUFACTURING (DURABLE),Metals & Mining,NONFERROUS WIREDRAWING AND INSULATING,Within,Outside appetite if Mining and AOC,Within,Check Health and Safety,Outside,Within
3363,MANUFACTURING (DURABLE),Metals & Mining,ALUMINUM DIE-CASTINGS,Within,Outside appetite if Mining and AOC,Within,Check Health and Safety,Outside,Within
3364,MANUFACTURING (DURABLE),Metals & Mining,NONFERROUS DIE-CASTINGS EXCEPT ALUMINUM,Within,Outside appetite if Mining and AOC,Within,Check Health and Safety,Outside,Within
3365,MANUFACTURING (DURABLE),Metals & Mining,ALUMINUM FOUNDRIES,Within,Outside appetite if Mining and AOC,Within,Check Health and Safety,Outside,Within
3366,MANUFACTURING (DURABLE),Metals & Mining,COPPER FOUNDRIES,Within,Outside appetite if Mining and AOC,Within,Check Health and Safety,Outside,Within
3369,MANUFACTURING (DURABLE),Metals & Mining,"NONFERROUS FOUNDRIES, N.E.C.",Within,Outside appetite if Mining and AOC,Within,Check Health and Safety,Outside,Within
3398,MANUFACTURING (DURABLE),Metals & Mining,METAL HEAT TREATING,Within,Outside appetite if Mining and AOC,Within,Check Health and Safety,Outside,Within
3399,MANUFACTURING (DURABLE),Metals & Mining,"PRIMARY METAL PRODUCTS, N.E.C.",Within,Outside appetite if Mining and AOC,Within,Check Health and Safety,Outside,Within
3411,MANUFACTURING (DURABLE),Metals & Mining,METAL CANS,Within,Outside appetite if Mining and AOC,Within,Check Health and Safety,Outside,Within
3412,MANUFACTURING (DURABLE),Metals & Mining,"METAL BARRELS, DRUMS, AND PAILS",Within,Outside appetite if Mining and AOC,Within,Check Health and Safety,Outside,Within
3431,MANUFACTURING (DURABLE),Metals & Mining,METAL SANITARY WARE,Within,Outside appetite if Mining and AOC,Within,Check Health and Safety,Outside,Within
3442,MANUFACTURING (DURABLE),Metals & Mining,"METAL DOORS, SASH, AND TRIM",Within,Outside appetite if Mining and AOC,Within,Check Health and Safety,Outside,Within
3443,MANUFACTURING (DURABLE),Metals & Mining,FABRICATED PLATE WORK (BOILER SHOPS),Within,Outside appetite if Mining and AOC,Within,Check Health and Safety,Outside,Within
3444,MANUFACTURING (DURABLE),Metals & Mining,SHEET METALWORK,Within,Outside appetite if Mining and AOC,Within,Check Health and Safety,Outside,Within
3446,MANUFACTURING (DURABLE),Metals & Mining,ARCHITECTURAL METAL WORK,Within,Outside appetite if Mining and AOC,Within,Check Health and Safety,Outside,Within
3448,MANUFACTURING (DURABLE),Metals & Mining,PREFABRICATED METAL BUILDINGS,Within,Outside appetite if Mining and AOC,Within,Check Health and Safety,Outside,Within
3449,MANUFACTURING (DURABLE),Metals & Mining,MISCELLANEOUS METAL WORK,Within,Outside appetite if Mining and AOC,Within,Check Health and Safety,Outside,Within
3451,MANUFACTURING (DURABLE),Metals & Mining,SCREW MACHINE PRODUCTS,Within,Outside appetite if Mining and AOC,Within,Check Health and Safety,Outside,Within
3452,MANUFACTURING (DURABLE),Metals & Mining,"BOLTS, NUTS, RIVETS, AND WASHERS",Within,Outside appetite if Mining and AOC,Within,Check Health and Safety,Outside,Within
3460,MANUFACTURING (DURABLE),Metals & Mining,RUBBER AND PLASTICS FOOTWEAR,Within,Outside appetite if Mining and AOC,Within,Check Health and Safety,Outside,Within
3462,MANUFACTURING (DURABLE),Metals & Mining,IRON AND STEEL FORGINGS,Within,Outside appetite if Mining and AOC,Within,Check Health and Safety,Outside,Within
3463,MANUFACTURING (DURABLE),Metals & Mining,NONFERROUS FORGINGS,Within,Outside appetite if Mining and AOC,Within,Check Health and Safety,Outside,Within
3465,MANUFACTURING (DURABLE),Metals & Mining,AUTOMOTIVE STAMPINGS,Within,Outside appetite if Mining and AOC,Within,Check Health and Safety,Outside,Within
3466,MANUFACTURING (DURABLE),Metals & Mining,CROWNS AND CLOSURES,Within,Outside appetite if Mining and AOC,Within,Check Health and Safety,Outside,Within
3469,MANUFACTURING (DURABLE),Metals & Mining,"METAL STAMPINGS, N.E.C.",Within,Outside appetite if Mining and AOC,Within,Check Health and Safety,Outside,Within
3471,MANUFACTURING (DURABLE),Metals & Mining,PLATING AND POLISHING,Within,Outside appetite if Mining and AOC,Within,Check Health and Safety,Outside,Within
3479,MANUFACTURING (DURABLE),Metals & Mining,METAL COATING AND ALLIED SERVICES,Within,Outside appetite if Mining and AOC,Within,Check Health and Safety,Outside,Within
3493,MANUFACTURING (DURABLE),Metals & Mining,"STEEL SPRINGS, EXCEPT WIRE",Within,Outside appetite if Mining and AOC,Within,Check Health and Safety,Outside,Within
3495,MANUFACTURING (DURABLE),Metals & Mining,WIRE SPRINGS,Within,Outside appetite if Mining and AOC,Within,Check Health and Safety,Outside,Within
3496,MANUFACTURING (DURABLE),Metals & Mining,MISCELLANEOUS FABRICATED METAL PRODUCTS,Within,Outside appetite if Mining and AOC,Within,Check Health and Safety,Outside,Within
3497,MANUFACTURING (DURABLE),Metals & Mining,METAL FOIL AND LEAF,Within,Outside appetite if Mining and AOC,Within,Check Health and Safety,Outside,Within
3499,MANUFACTURING (DURABLE),Metals & Mining,"FABRICATED METAL PRODUCTS, N.E.C.",Within,Outside appetite if Mining and AOC,Within,Check Health and Safety,Outside,Within
1000,NATURAL RESOURCES,Metals & Mining,IRON ORES,Within,Outside,Within,Check Health and Safety,Outside,Within
1011,NATURAL RESOURCES,Metals & Mining,IRON ORES,Within,Outside,Within,Check Health and Safety,Outside,Within
1021,NATURAL RESOURCES,Metals & Mining,COPPER ORES,Within,Outside,Within,Check Health and Safety,Outside,Within
1031,NATURAL RESOURCES,Metals & Mining,LEAD AND ZINC ORES,Within,Outside,Within,Check Health and Safety,Outside,Within
1040,NATURAL RESOURCES,Metals & Mining,IRON ORES,Within,Outside,Within,Check Health and Safety,Outside,Within
1041,NATURAL RESOURCES,Metals & Mining,GOLD ORES,Within,Outside,Within,Check Health and Safety,Outside,Within
1044,NATURAL RESOURCES,Metals & Mining,SILVER ORES,Within,Outside,Within,Check Health and Safety,Outside,Within
1061,NATURAL RESOURCES,Metals & Mining,"FERROALLOY ORES, EXCEPT VANADIUM",Within,Outside,Within,Check Health and Safety,Outside,Within
1081,NATURAL RESOURCES,Metals & Mining,METAL MINING SERVICES,Within,Outside,Within,Check Health and Safety,Outside,Within
1090,NATURAL RESOURCES,Metals & Mining,IRON ORES,Within,Outside,Within,Check Health and Safety,Outside,Within
1094,NATURAL RESOURCES,Metals & Mining,URANIUM-RADIUM-VANADIUM ORES,Within,Outside,Within,Check Health and Safety,Outside,Within
1099,NATURAL RESOURCES,Metals & Mining,"METAL ORES, N.E.C.",Within,Outside,Within,Check Health and Safety,Outside,Within
1220,NATURAL RESOURCES,Metals & Mining,IRON ORES,Within,Outside,Within,Check Health and Safety,Outside,Within
1221,NATURAL RESOURCES,Metals & Mining,BITUMINOUS COAL AND LIGNITE - SURFACE,Within,Outside,Within,Check Health and Safety,Outside,Within
1222,NATURAL RESOURCES,Metals & Mining,BITUMINOUS COAL - UNDERGROUND,Within,Outside,Within,Check Health and Safety,Outside,Within
1231,NATURAL RESOURCES,Metals & Mining,ANTHRACITE MINING,Within,Outside,Within,Check Health and Safety,Outside,Within
1241,NATURAL RESOURCES,Metals & Mining,COAL MINING SERVICES,Within,Outside,Within,Check Health and Safety,Outside,Within
1311,NATURAL RESOURCES,Metals & Mining,CRUDE PETROLEUM AND NATURAL GAS,Within,Outside,Within,Check Health and Safety,Outside,Within
1321,NATURAL RESOURCES,Metals & Mining,NATURAL GAS LIQUIDS,Within,Outside,Within,Check Health and Safety,Outside,Within
1381,NATURAL RESOURCES,Metals & Mining,DRILLING OIL AND GAS WELLS,Within,Outside,Within,Check Health and Safety,Outside,Within
1382,NATURAL RESOURCES,Metals & Mining,OIL AND GAS EXPLORATION SERVICES,Within,Outside,Within,Check Health and Safety,Outside,Within
1389,NATURAL RESOURCES,Metals & Mining,"OIL AND GAS FIELD SERVICES, N.E.C.",Within,Outside,Within,Check Health and Safety,Outside,Within
1400,NATURAL RESOURCES,Metals & Mining,IRON ORES,Within,Outside,Within,Check Health and Safety,Outside,Within
1411,NATURAL RESOURCES,Metals & Mining,DIMENSION STONE,Within,Outside,Within,Check Health and Safety,Outside,Within
1422,NATURAL RESOURCES,Metals & Mining,CRUSHED AND BROKEN LIMESTONE,Within,Outside,Within,Check Health and Safety,Outside,Within
1423,NATURAL RESOURCES,Metals & Mining,BRUSHED AND BROKEN GRANITE,Within,Outside,Within,Check Health and Safety,Outside,Within
1429,NATURAL RESOURCES,Metals & Mining,"CRUSHED AND BROKEN STONE, N.E.C.",Within,Outside,Within,Check Health and Safety,Outside,Within
1442,NATURAL RESOURCES,Metals & Mining,CONSTRUCTION SAND AND GRAVEL,Within,Outside,Within,Check Health and Safety,Outside,Within
1446,NATURAL RESOURCES,Metals & Mining,INDUSTRIAL SAND,Within,Outside,Within,Check Health and Safety,Outside,Within
1455,NATURAL RESOURCES,Metals & Mining,KAOLIN AND BALL CLAY,Within,Outside,Within,Check Health and Safety,Outside,Within
1459,NATURAL RESOURCES,Metals & Mining,"CLAY AND RELATED MINERALS, N.E.C.",Within,Outside,Within,Check Health and Safety,Outside,Within
1474,NATURAL RESOURCES,Metals & Mining,"POTASH, SODA, AND BORATE MINERALS",Within,Outside,Within,Check Health and Safety,Outside,Within
1475,NATURAL RESOURCES,Metals & Mining,PHOSPHATE ROCK,Within,Outside,Within,Check Health and Safety,Outside,Within
1479,NATURAL RESOURCES,Metals & Mining,"CHEMICAL AND FERTILIZER MINING, N.E.C.",Within,Outside,Within,Check Health and Safety,Outside,Within
1481,NATURAL RESOURCES,Metals & Mining,NONMETALLIC MINERALS SERVICES,Within,Outside,Within,Check Health and Safety,Outside,Within
1499,NATURAL RESOURCES,Metals & Mining,MISCELLANEOUS NONMETALLIC MINERALS,Within,Outside,Within,Check Health and Safety,Outside,Within
5051,WHOLESALE,Metals & Mining,METALS SERVICE CENTERS AND OFFICES,Within,Outside,Within,Check Health and Safety,Outside,Within
5052,WHOLESALE,Metals & Mining,COAL AND OTHER MINERALS AND ORES,Within,Outside,Within,Check Health and Safety,Outside,Within
5093,WHOLESALE,Metals & Mining,SCRAP AND WASTE MATERIALS,Within,Outside,Within,Check Health and Safety,Outside,Within
8631,VARIOUS SERVICES,NonProfit - Associations,LABOR ORGANIZATIONS,outside,Outside,outside,outside,outside,outside
8641,VARIOUS SERVICES,NonProfit - Associations,CIVIC AND SOCIAL ASSOCIATIONS,outside,Outside,outside,outside,outside,outside
8651,VARIOUS SERVICES,NonProfit - Associations,POLITICAL ORGANIZATIONS,outside,Outside,outside,outside,outside,outside
8699,VARIOUS SERVICES,NonProfit - Associations,"MEMBERSHIP ORGANIZATIONS, N.E.C.",outside,Outside,outside,outside,outside,outside
8661,VARIOUS SERVICES,NonProfit - Religions,RELIGIOUS ORGANIZATIONS,outside,Outside,outside,outside,outside,outside
181,AGRICULTURE,Not Elsewhere Classified,ORNAMENTAL NURSERY PRODUCTS,Within,Within (AOC CLL requires FGL refer),Within,Within,Outside,Within
271,AGRICULTURE,Not Elsewhere Classified,FUR-BEARNING ANIMALS AND RABBITS,Within,Within (AOC CLL requires FGL refer),Within,Check Health and Safety,Outside,Within
272,AGRICULTURE,Not Elsewhere Classified,HORSES AND OTHER EQUINES,Within,Within (AOC CLL requires FGL refer),Within,Check Health and Safety,Outside,Within
273,AGRICULTURE,Not Elsewhere Classified,ANIMAL AQUACULTURE,Within,Within (AOC CLL requires FGL refer),Within,Check Health and Safety,Outside,Within
279,AGRICULTURE,Not Elsewhere Classified,"ANIMAL SPECIALTIES, N.E.C.",Within,Within (AOC CLL requires FGL refer),Within,Check Health and Safety,Outside,Within
711,AGRICULTURE,Not Elsewhere Classified,SOIL PREPARATION SERVICES,Within,Within (AOC CLL requires FGL refer),Within,Check Health and Safety,Outside,Within
721,AGRICULTURE,Not Elsewhere Classified,CROP PLANTING AND PROTECTING,Within,Within (AOC CLL requires FGL refer),Within,Check Health and Safety,Outside,Within
722,AGRICULTURE,Not Elsewhere Classified,CROP HARVESTING,Within,Within (AOC CLL requires FGL refer),Within,Check Health and Safety,Outside,Within
723,AGRICULTURE,Not Elsewhere Classified,CROP PREPARATION SERVICES FOR MARKET,Within,Within (AOC CLL requires FGL refer),Within,Check Health and Safety,Outside,Within
724,AGRICULTURE,Not Elsewhere Classified,COTTON GINNING,Within,Within (AOC CLL requires FGL refer),Within,Check Health and Safety,Outside,Within
761,AGRICULTURE,Not Elsewhere Classified,FARM LABOR CONTRACTORS,Within,Within (AOC CLL requires FGL refer),Within,Check Health and Safety,Outside,Within
762,AGRICULTURE,Not Elsewhere Classified,FARM MANAGEMENT SERVICES,Within,Within (AOC CLL requires FGL refer),Within,Check Health and Safety,Outside,Within
781,AGRICULTURE,Not Elsewhere Classified,LANDSCAPE COUNSELING AND PLANNING,Within,Within (AOC CLL requires FGL refer),Within,Check Health and Safety,Outside,Within
782,AGRICULTURE,Not Elsewhere Classified,LAWN AND GARDEN SERVICES,Within,Within (AOC CLL requires FGL refer),Within,Check Health and Safety,Outside,Within
783,AGRICULTURE,Not Elsewhere Classified,ORNAMENTAL SHRUB AND TREE SERVICES,Within,Within (AOC CLL requires FGL refer),Within,Check Health and Safety,Outside,Within
919,AGRICULTURE,Not Elsewhere Classified,MISCELLANEOUS MARINE PRODUCTS,Within,Within (AOC CLL requires FGL refer),Within,Within,Outside,Within
921,AGRICULTURE,Not Elsewhere Classified,FISH HATCHERIES AND PRESERVES,Within,Within (AOC CLL requires FGL refer),Within,Within,Outside,Within
971,AGRICULTURE,Not Elsewhere Classified,"HUNTING, TRAPPING, GAME PROPAGATION",Within,Within (AOC CLL requires FGL refer),Within,Check Health and Safety,Outside,Within
9995,NON CLASSIFIABLE ESTABLISHMENTS,Not Elsewhere Classified,NONCLASSIFIABLE ESTABLISHMENTS,Within,Within (AOC CLL requires FGL refer),Within,Within,Outside,Within
9999,NON CLASSIFIABLE ESTABLISHMENTS,Not Elsewhere Classified,NONCLASSIFIABLE ESTABLISHMENTS,Within,Within (AOC CLL requires FGL refer),Within,Within,Outside,Within
8351,VARIOUS SERVICES,Not Elsewhere Classified,CHILD DAY CARE SERVICES,Within,Outside,outside,Check Health and Safety,Outside,Within
8361,VARIOUS SERVICES,Not Elsewhere Classified,RESIDENTIAL CARE,Within,Outside,outside,Check Health and Safety,Outside,Within
8399,VARIOUS SERVICES,Not Elsewhere Classified,"SOCIAL SERVICES, N.E.C.",Within,Outside,outside,Check Health and Safety,Outside,Within
8731,VARIOUS SERVICES,Not Elsewhere Classified,COMMERCIAL PHYSICAL RESEARCH,Within,Outside,Within,Within,Outside,Within
8732,VARIOUS SERVICES,Not Elsewhere Classified,COMMERCIAL NONPHYSICAL RESEARCH,Within,Outside,Within,Within,Outside,Within
8733,VARIOUS SERVICES,Not Elsewhere Classified,NONCOMMERCIAL RESEARCH ORGANIZATIONS,Within,Outside,Within,Within,Outside,Within
8811,VARIOUS SERVICES,Not Elsewhere Classified,PRIVATE HOUSEHOLDS,Within,Outside,outside,Within,Outside,Within
8999,VARIOUS SERVICES,Not Elsewhere Classified,"SERVICES, N.E.C.",Within,Outside,Within,Check for services exposures,Outside,Within
5046,WHOLESALE,Not Elsewhere Classified,"COMMERCIAL EQUIPMENT, N.E.C.",Within,Within (AOC CLL requires FGL refer),Within,Within,Outside,Within
5087,WHOLESALE,Not Elsewhere Classified,SERVICE ESTABLISHMENT EQUIPMENT,Within,Within (AOC CLL requires FGL refer),Within,Within,Outside,Within
5159,WHOLESALE,Not Elsewhere Classified,"FARM-PRODUCT RAW MATERIALS, N.E.C.",Within,Within (AOC CLL requires FGL refer),Within,Within,Outside,Within
5191,WHOLESALE,Not Elsewhere Classified,FARM SUPPLIES,Within,Within (AOC CLL requires FGL refer),Within,Within,Outside,Within
5541,NON/DISCRETIONARY RETAIL SECTOR,"Oil, Gas & Consumable Fuels",GASOLINE SERVICE STATIONS,Within,Within (AOC CLL requires FGL refer),Within,Check Health and Safety,Outside,Within
5983,NON/DISCRETIONARY RETAIL SECTOR,"Oil, Gas & Consumable Fuels",FUEL OIL DEALERS,Within,Outside,Within,Check for services exposures,Outside,Within
5984,NON/DISCRETIONARY RETAIL SECTOR,"Oil, Gas & Consumable Fuels",LIQUEFIED PETROLEUM GAS DEALERS,Within,Outside,Within,Check for services exposures,Outside,Within
5989,NON/DISCRETIONARY RETAIL SECTOR,"Oil, Gas & Consumable Fuels","FUEL DEALERS, N.E.C.",Within,Outside,Within,Check for services exposures,Outside,Within
5171,WHOLESALE,"Oil, Gas & Consumable Fuels",PETROLEUM BULK STATIONS & TERMINALS,Within,Outside appetite if Mining and AOC,Within,Check Health and Safety,Outside,Within
5172,WHOLESALE,"Oil, Gas & Consumable Fuels","PETROLEUM PRODUCTS, N.E.C.",Within,Outside appetite if Mining and AOC,Within,Check Health and Safety,Outside,Within
811,AGRICULTURE,Paper & Forest Products,TIMBER TRACTS,Within,Within (AOC CLL requires FGL refer),Within,Check Health and Safety,Outside,Within
831,AGRICULTURE,Paper & Forest Products,FOREST PRODUCTS,Within,Within (AOC CLL requires FGL refer),Within,Check Health and Safety,Outside,Within
851,AGRICULTURE,Paper & Forest Products,FORESTRY SERVICES,Within,Within (AOC CLL requires FGL refer),Within,Check Health and Safety,Outside,Within
2411,MANUFACTURING (DURABLE),Paper & Forest Products,LOGGING,Within,Within (AOC CLL requires FGL refer),Within,Check Health and Safety,Outside,Within
2421,MANUFACTURING (DURABLE),Paper & Forest Products,"SAWMILLS AND PLANING MILLS, GENERAL",Within,Within (AOC CLL requires FGL refer),Within,Check Health and Safety,Outside,Within
2426,MANUFACTURING (DURABLE),Paper & Forest Products,HARDWOOD DIMENSION & FLOORING MILLS,Within,Within (AOC CLL requires FGL refer),Within,Check Health and Safety,Outside,Within
2429,MANUFACTURING (DURABLE),Paper & Forest Products,"SPECIAL PRODUCT SAWMILLS, N.E.C.",Within,Within (AOC CLL requires FGL refer),Within,Check Health and Safety,Outside,Within
2431,MANUFACTURING (DURABLE),Paper & Forest Products,MILLWORK,Within,Within (AOC CLL requires FGL refer),Within,Check Health and Safety,Outside,Within
2434,MANUFACTURING (DURABLE),Paper & Forest Products,WOOD KITCHEN CABINETS,Within,Within (AOC CLL requires FGL refer),Within,Within,Outside,Within
2435,MANUFACTURING (DURABLE),Paper & Forest Products,HARDWOOD VENEER AND PLYWOOD,Within,Within (AOC CLL requires FGL refer),Within,Within,Outside,Within
2436,MANUFACTURING (DURABLE),Paper & Forest Products,SOFTWOOD VENEER AND PLYWOOD,Within,Within (AOC CLL requires FGL refer),Within,Within,Outside,Within
2491,MANUFACTURING (DURABLE),Paper & Forest Products,WOOD PRESERVING,Within,Within (AOC CLL requires FGL refer),Within,Within,Outside,Within
2499,MANUFACTURING (DURABLE),Paper & Forest Products,"WOOD PRODUCTS, N.E.C.",Within,Within (AOC CLL requires FGL refer),Within,Within,Outside,Within
2511,MANUFACTURING (DURABLE),Paper & Forest Products,WOOD HOUSEHOLD FURNITURE,Within,Within (AOC CLL requires FGL refer),Within,Within,Outside,Within
2517,MANUFACTURING (DURABLE),Paper & Forest Products,WOOD TV AND RADIO CABINETS,Within,Within (AOC CLL requires FGL refer),Within,Within,Outside,Within
2521,MANUFACTURING (DURABLE),Paper & Forest Products,WOOD OFFICE FURNITURE,Within,Within (AOC CLL requires FGL refer),Within,Within,Outside,Within
2611,MANUFACTURING (NON DURABLE) EXC APPAREL,Paper & Forest Products,PULP MILLS,Within,Within (AOC CLL requires FGL refer),Within,Check Health and Safety,Outside,Within
2621,MANUFACTURING (NON DURABLE) EXC APPAREL,Paper & Forest Products,PAPER MILLS,Within,Within (AOC CLL requires FGL refer),Within,Check Health and Safety,Outside,Within
2631,MANUFACTURING (NON DURABLE) EXC APPAREL,Paper & Forest Products,PAPERBOARD MILLS,Within,Within (AOC CLL requires FGL refer),Within,Check Health and Safety,Outside,Within
2652,MANUFACTURING (NON DURABLE) EXC APPAREL,Paper & Forest Products,SETUP PAPERBOARD BOXES,Within,Within (AOC CLL requires FGL refer),Within,Within,Outside,Within
2653,MANUFACTURING (NON DURABLE) EXC APPAREL,Paper & Forest Products,CORRUGATED AND SOLID FIBER BOXES,Within,Within (AOC CLL requires FGL refer),Within,Within,Outside,Within
2657,MANUFACTURING (NON DURABLE) EXC APPAREL,Paper & Forest Products,FOLDING PAPERBOARD BOXES,Within,Within (AOC CLL requires FGL refer),Within,Within,Outside,Within
2675,MANUFACTURING (NON DURABLE) EXC APPAREL,Paper & Forest Products,DIE-CUT PAPER AND BOARD,Within,Within (AOC CLL requires FGL refer),Within,Within,Outside,Within
2676,MANUFACTURING (NON DURABLE) EXC APPAREL,Paper & Forest Products,SANITARY PAPER PRODUCTS,Within,Within (AOC CLL requires FGL refer),Within,Within,Outside,Within
2677,MANUFACTURING (NON DURABLE) EXC APPAREL,Paper & Forest Products,ENVELOPES,Within,Within (AOC CLL requires FGL refer),Within,Within,Outside,Within
2678,MANUFACTURING (NON DURABLE) EXC APPAREL,Paper & Forest Products,STATIONERY PRODUCTS,Within,Within (AOC CLL requires FGL refer),Within,Within,Outside,Within
2679,MANUFACTURING (NON DURABLE) EXC APPAREL,Paper & Forest Products,"CONVERTED PAPER PRODUCTS, N.E.C.",Within,Within (AOC CLL requires FGL refer),Within,Within,Outside,Within
2711,MANUFACTURING (NON DURABLE) EXC APPAREL,Paper & Forest Products,NEWSPAPERS,Within,Within (AOC CLL requires FGL refer),Within,Within,Outside,Within
2721,MANUFACTURING (NON DURABLE) EXC APPAREL,Paper & Forest Products,PERIODICALS,Within,Within (AOC CLL requires FGL refer),Within,Within,Outside,Within
2731,MANUFACTURING (NON DURABLE) EXC APPAREL,Paper & Forest Products,BOOK PUBLISHING,Within,Within (AOC CLL requires FGL refer),Within,Within,Outside,Within
2732,MANUFACTURING (NON DURABLE) EXC APPAREL,Paper & Forest Products,BOOK PRINTING,Within,Within (AOC CLL requires FGL refer),Within,Within,Outside,Within
2741,MANUFACTURING (NON DURABLE) EXC APPAREL,Paper & Forest Products,MISCELLANEOUS PUBLISHING,Within,Within (AOC CLL requires FGL refer),Within,Within,Outside,Within
2752,MANUFACTURING (NON DURABLE) EXC APPAREL,Paper & Forest Products,"COMMERCIAL PRINTING, LITHOGRAPHIC",Within,Within (AOC CLL requires FGL refer),Within,Within,Outside,Within
2754,MANUFACTURING (NON DURABLE) EXC APPAREL,Paper & Forest Products,"COMMERCIAL PRINTING, GRAVURE",Within,Within (AOC CLL requires FGL refer),Within,Within,Outside,Within
2759,MANUFACTURING (NON DURABLE) EXC APPAREL,Paper & Forest Products,"COMMERCIAL PRINTING, N.E.C.",Within,Within (AOC CLL requires FGL refer),Within,Within,Outside,Within
2761,MANUFACTURING (NON DURABLE) EXC APPAREL,Paper & Forest Products,MANIFOLD BUSINESS FORMS,Within,Within (AOC CLL requires FGL refer),Within,Within,Outside,Within
2771,MANUFACTURING (NON DURABLE) EXC APPAREL,Paper & Forest Products,GREETING CARDS,Within,Within (AOC CLL requires FGL refer),Within,Within,Outside,Within
2782,MANUFACTURING (NON DURABLE) EXC APPAREL,Paper & Forest Products,BLANKBOOKS AND LOOSELEAF BINDERS,Within,Within (AOC CLL requires FGL refer),Within,Within,Outside,Within
2789,MANUFACTURING (NON DURABLE) EXC APPAREL,Paper & Forest Products,BOOKBINDING AND RELATED WORK,Within,Within (AOC CLL requires FGL refer),Within,Within,Outside,Within
2791,MANUFACTURING (NON DURABLE) EXC APPAREL,Paper & Forest Products,TYPESETTING,Within,Within (AOC CLL requires FGL refer),Within,Within,Outside,Within
5031,WHOLESALE,Paper & Forest Products,"LUMBER, PLYWOOD, AND MILLWORK",Within,Within (AOC CLL requires FGL refer),Within,Check Health and Safety,Outside,Within
5111,WHOLESALE,Paper & Forest Products,PRINTING AND WRITING PAPER,Within,Within (AOC CLL requires FGL refer),Within,Within,Outside,Within
5112,WHOLESALE,Paper & Forest Products,STATIONERY AND OFFICE SUPPLIES,Within,Within (AOC CLL requires FGL refer),Within,Within,Outside,Within
5113,WHOLESALE,Paper & Forest Products,INDUSTRIAL & PERSONAL SERVICE PAPER,Within,Within (AOC CLL requires FGL refer),Within,Within,Outside,Within
5192,WHOLESALE,Paper & Forest Products,"BOOKS, PERIODICALS, & NEWSPAPERS",Within,Within (AOC CLL requires FGL refer),Within,Within,Outside,Within
2833,PHARMACEUTICAL PREPARATION AND DRUG MANUFACTURE,Pharmaceuticals,MEDICINALS AND BOTANICALS,Within,Outside,Within,Check for services exposures,Outside,Within
2834,PHARMACEUTICAL PREPARATION AND DRUG MANUFACTURE,Pharmaceuticals,PHARMACEUTICAL PREPARATIONS,Within,Outside,Within,Check for services exposures,Outside,Within
2835,PHARMACEUTICAL PREPARATION AND DRUG MANUFACTURE,Pharmaceuticals,DIAGNOSTIC SUBSTANCES,Within,Outside,Within,Check for services exposures,Outside,Within
2836,PHARMACEUTICAL PREPARATION AND DRUG MANUFACTURE,Pharmaceuticals,BIOLOGICAL PRODUCTS EXCEPT DIAGNOSTIC,Within,Outside,Within,Check for services exposures,Outside,Within
5122,WHOLESALE,Pharmaceuticals,"DRUGS, PROPRIETARIES, AND SUNDRIES",Within,Outside,Within,Check for services exposures,Outside,Within
7291,RETAIL SERVICES,Professional Services,TAX RETURN PREPARATION SERVICES,Within,Outside,Outside,Check for services exposures,Outside,Within
7322,RETAIL SERVICES,Professional Services,ADJUSTMENT & COLLECTION SERVICES,Within,Outside,Outside,Check for services exposures,Outside,Within
7323,RETAIL SERVICES,Professional Services,CREDIT REPORTING SERVICES,Within,Outside,Outside,Check for services exposures,Outside,Within
7338,RETAIL SERVICES,Professional Services,SECRETARIAL & COURT REPORTING,Within,Outside,Outside,Check for services exposures,Outside,Within
7361,RETAIL SERVICES,Professional Services,EMPLOYMENT AGENCIES,Within,Outside,Outside,Check for services exposures,Outside,Within
7363,RETAIL SERVICES,Professional Services,HELP SUPPLY SERVICES,Within,Outside,Outside,Check for services exposures,Outside,Within
8322,VARIOUS SERVICES,Professional Services,INDIVIDUAL AND FAMILY SERVICES,Within,Outside,Outside,Check for services exposures,Outside,Within
8331,VARIOUS SERVICES,Professional Services,JOB TRAINING AND RELATED SERVICES,Within,Outside,Outside,Check for services exposures,Outside,Within
8611,VARIOUS SERVICES,Professional Services,BUSINESS ASSOCIATIONS,Within,Outside,Outside,Within,Outside,Within
8621,VARIOUS SERVICES,Professional Services,PROFESSIONAL ORGANIZATIONS,Within,Outside,Outside,Within,Outside,Within
8711,VARIOUS SERVICES,Professional Services,ENGINEERING SERVICES,Within,Outside,Outside,Check for services exposures,Outside,Within
8712,VARIOUS SERVICES,Professional Services,ARCHITECTURAL SERVICES,Within,Outside,Outside,Check for services exposures,Outside,Within
8713,VARIOUS SERVICES,Professional Services,SURVEYING SERVICES,Within,Outside,Outside,Check for services exposures,Outside,Within
8741,VARIOUS SERVICES,Professional Services,MANAGEMENT SERVICES,Within,Outside,Outside,Check for services exposures,Outside,Within
8742,VARIOUS SERVICES,Professional Services,MANAGEMENT CONSULTING SERVICES,Within,Outside,Outside,Check for services exposures,Outside,Within
8743,VARIOUS SERVICES,Professional Services,PUBLIC RELATIONS SERVICES,Within,Outside,Outside,Check for services exposures,Outside,Within
8744,VARIOUS SERVICES,Professional Services,FACILITIES SUPPORT SERVICES,Within,Outside,Outside,Check for services exposures,Outside,Within
8748,VARIOUS SERVICES,Professional Services,"BUSINESS CONSULTING, N.E.C.",Within,Outside,Outside,Check for services exposures,Outside,Within
6799,REAL ESTATE,Real Estate Investment Trusts (REITs),"INVESTORS, N.E.C.",Outside,Outside,Outside,Outside,Outside,Outside
6798,REITS,Real Estate Investment Trusts (REITs),REAL ESTATE INVESTMENT TRUSTS,outside,Outside,outside,outside,outside,outside
6500,REAL ESTATE,Real Estate Management & Development,NONRESIDENTIAL BUILDING OPERATORS,Within,Within (AOC CLL requires FGL refer),Within,Within,Outside,Within
6510,REAL ESTATE,Real Estate Management & Development,NONRESIDENTIAL BUILDING OPERATORS,Within,Within (AOC CLL requires FGL refer),Within,Within,Outside,Within
6512,REAL ESTATE,Real Estate Management & Development,NONRESIDENTIAL BUILDING OPERATORS,Within,Within (AOC CLL requires FGL refer),Within,Within,Outside,Within
6513,REAL ESTATE,Real Estate Management & Development,APARTMENT BUILDING OPERATORS,Within,Within (AOC CLL requires FGL refer),Within,Within,Outside,Within
6514,REAL ESTATE,Real Estate Management & Development,"DWELLING OPERATORS, EXCEPT APARTMENTS",Within,Within (AOC CLL requires FGL refer),Within,Within,Outside,Within
6515,REAL ESTATE,Real Estate Management & Development,MOBILE HOME SITE OPERATORS,Within,Within (AOC CLL requires FGL refer),Within,Within,Outside,Within
6517,REAL ESTATE,Real Estate Management & Development,RAILROAD PROPERTY LESSORS,Within,Within (AOC CLL requires FGL refer),Within,Within,Outside,Within
6519,REAL ESTATE,Real Estate Management & Development,"REAL PROPERTY LESSORS, N.E.C.",Within,Within (AOC CLL requires FGL refer),Within,Within,Outside,Within
6531,REAL ESTATE,Real Estate Management & Development,REAL ESTATE AGENTS AND MANAGERS,Within,Within (AOC CLL requires FGL refer),Within,Within,Outside,Within
6532,REAL ESTATE,Real Estate Management & Development,NONRESIDENTIAL BUILDING OPERATORS,Within,Within (AOC CLL requires FGL refer),Within,Within,Outside,Within
6541,REAL ESTATE,Real Estate Management & Development,TITAL ABSTRACT OFFICES,Within,Within (AOC CLL requires FGL refer),Within,Within,Outside,Within
6552,REAL ESTATE,Real Estate Management & Development,"SUBDIVIDERS AND DEVELOPERS, N.E.C.",Within,Within (AOC CLL requires FGL refer),Within,Within,Outside,Within
6553,REAL ESTATE,Real Estate Management & Development,CEMETERY SUBDIVIDERS AND DEVELOPERS,Within,Within (AOC CLL requires FGL refer),Within,Within,Outside,Within
6712,FINANCE / FINANCE,Real Estate Management & Development,BANK HOLDING COMPANIES,Outside,Outside,Outside,Outside,Outside,Outside
6719,FINANCE / FINANCE,Real Estate Management & Development,"HOLDING COMPANIES, N.E.C.",Within,Within (AOC CLL requires FGL refer),Within,Within,Outside,Within
6722,FINANCE / FINANCE,Real Estate Management & Development,"MANAGEMENT INVESTMENT, OPEN-END",Outside,Outside,Outside,Outside,Outside,Outside
6726,FINANCE / FINANCE,Real Estate Management & Development,"INVESTMENT OFFICES, N.E.C.",Outside,Outside,Outside,Outside,Outside,Outside
6732,FINANCE / FINANCE,Real Estate Management & Development,"EDUCATIONAL, RELIGIOUS, ETC. TRUSTS",Outside,Outside,Outside,Outside,Outside,Outside
6733,FINANCE / FINANCE,Real Estate Management & Development,"TRUSTS, N.E.C.",Within,Within (AOC CLL requires FGL refer),Outside,Within,Outside,Within
6770,FINANCE / FINANCE,Real Estate Management & Development,NONRESIDENTIAL BUILDING OPERATORS,Within,Within (AOC CLL requires FGL refer),Within,Within,Outside,Within
6792,FINANCE / FINANCE,Real Estate Management & Development,OIL ROYALTY TRADERS,Within,Outside,Outside,Check for services exposures,Outside,Within
6794,FINANCE / FINANCE,Real Estate Management & Development,PATENT OWNERS AND LESSORS,Within,Within (AOC CLL requires FGL refer),Within,Within,Outside,Within
6795,FINANCE / FINANCE,Real Estate Management & Development,NONRESIDENTIAL BUILDING OPERATORS,Within,Within (AOC CLL requires FGL refer),Within,Within,Outside,Within
3581,MANUFACTURING (DURABLE),Retail - Food & Staples,AUTOMATIC VENDING MACHINES,Within,Within (AOC CLL requires FGL refer),Check for Recession exposures,Within,Outside,Check for Recession exposures
3021,MANUFACTURING (DURABLE),Retail - Multiline,RUBBER AND PLASTICS FOOTWEAR,Within,Within (AOC CLL requires FGL refer),Check for Recession exposures,Within,Outside,Check for Recession exposures
3050,MANUFACTURING (DURABLE),Retail - Multiline,RUBBER AND PLASTICS FOOTWEAR,Within,Within (AOC CLL requires FGL refer),Check for Recession exposures,Within,Outside,Check for Recession exposures
3052,MANUFACTURING (DURABLE),Retail - Multiline,RUBBER & PLASTICS HOSE & BELTING,Within,Within (AOC CLL requires FGL refer),Check for Recession exposures,Within,Outside,Check for Recession exposures
3053,MANUFACTURING (DURABLE),Retail - Multiline,"GASKETS, PACKING AND SEALING DEVICES",Within,Within (AOC CLL requires FGL refer),Check for Recession exposures,Within,Outside,Check for Recession exposures
3060,MANUFACTURING (DURABLE),Retail - Multiline,RUBBER AND PLASTICS FOOTWEAR,Within,Within (AOC CLL requires FGL refer),Check for Recession exposures,Within,Outside,Check for Recession exposures
3061,MANUFACTURING (DURABLE),Retail - Multiline,MECHANICAL RUBBER GOODS,Within,Within (AOC CLL requires FGL refer),Check for Recession exposures,Within,Outside,Check for Recession exposures
3069,MANUFACTURING (DURABLE),Retail - Multiline,"FABRICATED RUBBER PRODUCTS, N.E.C.",Within,Within (AOC CLL requires FGL refer),Check for Recession exposures,Within,Outside,Check for Recession exposures
3080,MANUFACTURING (DURABLE),Retail - Multiline,RUBBER AND PLASTICS FOOTWEAR,Within,Within (AOC CLL requires FGL refer),Check for Recession exposures,Within,Outside,Check for Recession exposures
3081,MANUFACTURING (DURABLE),Retail - Multiline,UNSUPPORTED PLASTICS FILM & SHEET,Within,Within (AOC CLL requires FGL refer),Check for Recession exposures,Within,Outside,Check for Recession exposures
3082,MANUFACTURING (DURABLE),Retail - Multiline,UNSUPPORTED PLASTICS PROFILE SHAPES,Within,Within (AOC CLL requires FGL refer),Check for Recession exposures,Within,Outside,Check for Recession exposures
3083,MANUFACTURING (DURABLE),Retail - Multiline,LAMINATED PLASTICS PLATE & SHEET,Within,Within (AOC CLL requires FGL refer),Check for Recession exposures,Within,Outside,Check for Recession exposures
3085,MANUFACTURING (DURABLE),Retail - Multiline,PLASTICS BOTTLES,Within,Within (AOC CLL requires FGL refer),Check for Recession exposures,Within,Outside,Check for Recession exposures
3086,MANUFACTURING (DURABLE),Retail - Multiline,PLASTICS FOAM PRODUCTS,Within,Within (AOC CLL requires FGL refer),Check for Recession exposures,Within,Outside,Check for Recession exposures
3087,MANUFACTURING (DURABLE),Retail - Multiline,CUSTOM COMPOUND PURCHASED RESINS,Within,Within (AOC CLL requires FGL refer),Check for Recession exposures,Within,Outside,Check for Recession exposures
3089,MANUFACTURING (DURABLE),Retail - Multiline,"PLASTICS PRODUCTS, N.E.C.",Within,Within (AOC CLL requires FGL refer),Check for Recession exposures,Within,Outside,Check for Recession exposures
3100,MANUFACTURING (DURABLE),Retail - Multiline,RUBBER AND PLASTICS FOOTWEAR,Within,Within (AOC CLL requires FGL refer),Check for Recession exposures,Within,Outside,Check for Recession exposures
3111,MANUFACTURING (DURABLE),Retail - Multiline,LEATHER TANNING AND FINSHING,Within,Within (AOC CLL requires FGL refer),Check for Recession exposures,Within,Outside,Check for Recession exposures
3131,MANUFACTURING (NON-DURABLE) / APPAREL,Retail - Multiline,FOOTWEAR CUT STOCK,Within,Within (AOC CLL requires FGL refer),Check for Recession exposures,Within,Outside,Check for Recession exposures
3140,MANUFACTURING (NON-DURABLE) / APPAREL,Retail - Multiline,RUBBER AND PLASTICS FOOTWEAR,Within,Within (AOC CLL requires FGL refer),Check for Recession exposures,Within,Outside,Check for Recession exposures
3142,MANUFACTURING (NON-DURABLE) / APPAREL,Retail - Multiline,HOUSE SLIPPERS,Within,Within (AOC CLL requires FGL refer),Check for Recession exposures,Within,Outside,Check for Recession exposures
3143,MANUFACTURING (NON-DURABLE) / APPAREL,Retail - Multiline,"MEN'S FOOTWEAR, EXCEPT ATHLETIC",Within,Within (AOC CLL requires FGL refer),Check for Recession exposures,Within,Outside,Check for Recession exposures
3144,MANUFACTURING (NON-DURABLE) / APPAREL,Retail - Multiline,"MEN'S FOOTWEAR, EXCEPT ATHLETIC",Within,Within (AOC CLL requires FGL refer),Check for Recession exposures,Within,Outside,Check for Recession exposures
3149,MANUFACTURING (NON-DURABLE) / APPAREL,Retail - Multiline,"FOOTWEAR, EXCEPT RUBBER, N.E.C.",Within,Within (AOC CLL requires FGL refer),Check for Recession exposures,Within,Outside,Check for Recession exposures
3151,MANUFACTURING (NON-DURABLE) / APPAREL,Retail - Multiline,LEATHER GLOVES AND MITTENS,Within,Within (AOC CLL requires FGL refer),Check for Recession exposures,Within,Outside,Check for Recession exposures
3161,MANUFACTURING (NON-DURABLE) / APPAREL,Retail - Multiline,LUGGAGE,Within,Within (AOC CLL requires FGL refer),Check for Recession exposures,Within,Outside,Check for Recession exposures
3171,MANUFACTURING (NON-DURABLE) / APPAREL,Retail - Multiline,WOMEN'S HANDBAGS AND PURSES,Within,Within (AOC CLL requires FGL refer),Check for Recession exposures,Within,Outside,Check for Recession exposures
3172,MANUFACTURING (NON-DURABLE) / APPAREL,Retail - Multiline,"PERSONAL LEATHER GOODS, N.E.C.",Within,Within (AOC CLL requires FGL refer),Check for Recession exposures,Within,Outside,Check for Recession exposures
3199,MANUFACTURING (NON-DURABLE) / APPAREL,Retail - Multiline,"LEATHER GOODS, N.E.C.",Within,Within (AOC CLL requires FGL refer),Check for Recession exposures,Within,Outside,Check for Recession exposures
3211,MANUFACTURING (DURABLE),Retail - Multiline,FLAT GLASS,Within,Within (AOC CLL requires FGL refer),Check for Recession exposures,Check Health and Safety,Outside,Check for Recession exposures
3220,MANUFACTURING (DURABLE),Retail - Multiline,RUBBER AND PLASTICS FOOTWEAR,Within,Within (AOC CLL requires FGL refer),Check for Recession exposures,Within,Outside,Check for Recession exposures
3221,MANUFACTURING (DURABLE),Retail - Multiline,GLASS CONTAINERS,Within,Within (AOC CLL requires FGL refer),Check for Recession exposures,Check Health and Safety,Outside,Check for Recession exposures
3229,MANUFACTURING (DURABLE),Retail - Multiline,"PRESSED AND BLOWN GLASS, N.E.C.",Within,Within (AOC CLL requires FGL refer),Check for Recession exposures,Check Health and Safety,Outside,Check for Recession exposures
3231,MANUFACTURING (DURABLE),Retail - Multiline,PRODUCTS OF PURCHASED GLASS,Within,Within (AOC CLL requires FGL refer),Check for Recession exposures,Within,Outside,Check for Recession exposures
3250,MANUFACTURING (DURABLE),Retail - Multiline,RUBBER AND PLASTICS FOOTWEAR,Within,Within (AOC CLL requires FGL refer),Check for Recession exposures,Within,Outside,Check for Recession exposures
3260,MANUFACTURING (DURABLE),Retail - Multiline,RUBBER AND PLASTICS FOOTWEAR,Within,Within (AOC CLL requires FGL refer),Check for Recession exposures,Within,Outside,Check for Recession exposures
3270,MANUFACTURING (DURABLE),Retail - Multiline,RUBBER AND PLASTICS FOOTWEAR,Within,Within (AOC CLL requires FGL refer),Check for Recession exposures,Within,Outside,Check for Recession exposures
3290,MANUFACTURING (DURABLE),Retail - Multiline,RUBBER AND PLASTICS FOOTWEAR,Within,Within (AOC CLL requires FGL refer),Check for Recession exposures,Within,Outside,Check for Recession exposures
3310,MANUFACTURING (DURABLE),Retail - Multiline,RUBBER AND PLASTICS FOOTWEAR,Within,Within (AOC CLL requires FGL refer),Check for Recession exposures,Within,Outside,Check for Recession exposures
3320,MANUFACTURING (DURABLE),Retail - Multiline,RUBBER AND PLASTICS FOOTWEAR,Within,Within (AOC CLL requires FGL refer),Check for Recession exposures,Within,Outside,Check for Recession exposures
3330,MANUFACTURING (DURABLE),Retail - Multiline,RUBBER AND PLASTICS FOOTWEAR,Within,Within (AOC CLL requires FGL refer),Check for Recession exposures,Within,Outside,Check for Recession exposures
3350,MANUFACTURING (DURABLE),Retail - Multiline,RUBBER AND PLASTICS FOOTWEAR,Within,Within (AOC CLL requires FGL refer),Check for Recession exposures,Within,Outside,Check for Recession exposures
3360,MANUFACTURING (DURABLE),Retail - Multiline,RUBBER AND PLASTICS FOOTWEAR,Within,Within (AOC CLL requires FGL refer),Check for Recession exposures,Within,Outside,Check for Recession exposures
3390,MANUFACTURING (DURABLE),Retail - Multiline,RUBBER AND PLASTICS FOOTWEAR,Within,Within (AOC CLL requires FGL refer),Check for Recession exposures,Within,Outside,Check for Recession exposures
3420,MANUFACTURING (DURABLE),Retail - Multiline,RUBBER AND PLASTICS FOOTWEAR,Within,Within (AOC CLL requires FGL refer),Check for Recession exposures,Within,Outside,Check for Recession exposures
3421,MANUFACTURING (DURABLE),Retail - Multiline,CUTLERY,Within,Within (AOC CLL requires FGL refer),Check for Recession exposures,Within,Outside,Check for Recession exposures
3430,MANUFACTURING (DURABLE),Retail - Multiline,RUBBER AND PLASTICS FOOTWEAR,Within,Within (AOC CLL requires FGL refer),Check for Recession exposures,Within,Outside,Check for Recession exposures
3440,MANUFACTURING (DURABLE),Retail - Multiline,RUBBER AND PLASTICS FOOTWEAR,Within,Within (AOC CLL requires FGL refer),Check for Recession exposures,Within,Outside,Check for Recession exposures
3470,MANUFACTURING (DURABLE),Retail - Multiline,RUBBER AND PLASTICS FOOTWEAR,Within,Within (AOC CLL requires FGL refer),Check for Recession exposures,Within,Outside,Check for Recession exposures
3480,MANUFACTURING (DURABLE),Retail - Multiline,RUBBER AND PLASTICS FOOTWEAR,Within,Within (AOC CLL requires FGL refer),Check for Recession exposures,Within,Outside,Check for Recession exposures
3490,MANUFACTURING (DURABLE),Retail - Multiline,RUBBER AND PLASTICS FOOTWEAR,Within,Within (AOC CLL requires FGL refer),Check for Recession exposures,Within,Outside,Check for Recession exposures
3510,MANUFACTURING (DURABLE),Retail - Multiline,RUBBER AND PLASTICS FOOTWEAR,Within,Within (AOC CLL requires FGL refer),Check for Recession exposures,Within,Outside,Check for Recession exposures
3530,MANUFACTURING (DURABLE),Retail - Multiline,RUBBER AND PLASTICS FOOTWEAR,Within,Within (AOC CLL requires FGL refer),Check for Recession exposures,Within,Outside,Check for Recession exposures
3540,MANUFACTURING (DURABLE),Retail - Multiline,RUBBER AND PLASTICS FOOTWEAR,Within,Within (AOC CLL requires FGL refer),Check for Recession exposures,Within,Outside,Check for Recession exposures
3550,MANUFACTURING (DURABLE),Retail - Multiline,RUBBER AND PLASTICS FOOTWEAR,Within,Within (AOC CLL requires FGL refer),Check for Recession exposures,Within,Outside,Check for Recession exposures
3560,MANUFACTURING (DURABLE),Retail - Multiline,RUBBER AND PLASTICS FOOTWEAR,Within,Within (AOC CLL requires FGL refer),Check for Recession exposures,Within,Outside,Check for Recession exposures
3570,MANUFACTURING (DURABLE),Retail - Multiline,RUBBER AND PLASTICS FOOTWEAR,Within,Within (AOC CLL requires FGL refer),Check for Recession exposures,Within,Outside,Check for Recession exposures
3580,MANUFACTURING (DURABLE),Retail - Multiline,RUBBER AND PLASTICS FOOTWEAR,Within,Within (AOC CLL requires FGL refer),Check for Recession exposures,Within,Outside,Check for Recession exposures
3590,MANUFACTURING (DURABLE),Retail - Multiline,RUBBER AND PLASTICS FOOTWEAR,Within,Within (AOC CLL requires FGL refer),Check for Recession exposures,Within,Outside,Check for Recession exposures
3600,MANUFACTURING (DURABLE),Retail - Multiline,RUBBER AND PLASTICS FOOTWEAR,Within,Within (AOC CLL requires FGL refer),Check for Recession exposures,Within,Outside,Check for Recession exposures
3620,MANUFACTURING (DURABLE),Retail - Multiline,RUBBER AND PLASTICS FOOTWEAR,Within,Within (AOC CLL requires FGL refer),Check for Recession exposures,Within,Outside,Check for Recession exposures
3630,MANUFACTURING (DURABLE),Retail - Multiline,RUBBER AND PLASTICS FOOTWEAR,Within,Within (AOC CLL requires FGL refer),Check for Recession exposures,Within,Outside,Check for Recession exposures
3640,MANUFACTURING (DURABLE),Retail - Multiline,RUBBER AND PLASTICS FOOTWEAR,Within,Within (AOC CLL requires FGL refer),Check for Recession exposures,Within,Outside,Check for Recession exposures
3670,MANUFACTURING (DURABLE),Retail - Multiline,RUBBER AND PLASTICS FOOTWEAR,Within,Within (AOC CLL requires FGL refer),Check for Recession exposures,Within,Outside,Check for Recession exposures
3690,MANUFACTURING (DURABLE),Retail - Multiline,RUBBER AND PLASTICS FOOTWEAR,Within,Within (AOC CLL requires FGL refer),Check for Recession exposures,Within,Outside,Check for Recession exposures
3720,MANUFACTURING (DURABLE),Retail - Multiline,RUBBER AND PLASTICS FOOTWEAR,Within,Within (AOC CLL requires FGL refer),Check for Recession exposures,Within,Outside,Check for Recession exposures
3730,MANUFACTURING (DURABLE),Retail - Multiline,RUBBER AND PLASTICS FOOTWEAR,Within,Within (AOC CLL requires FGL refer),Check for Recession exposures,Within,Outside,Check for Recession exposures
3760,MANUFACTURING (DURABLE),Retail - Multiline,RUBBER AND PLASTICS FOOTWEAR,Within,Within (AOC CLL requires FGL refer),Check for Recession exposures,Within,Outside,Check for Recession exposures
3790,MANUFACTURING (DURABLE),Retail - Multiline,RUBBER AND PLASTICS FOOTWEAR,Within,Within (AOC CLL requires FGL refer),Check for Recession exposures,Within,Outside,Check for Recession exposures
3873,MANUFACTURING (DURABLE),Retail - Multiline,"WATCHES, CLOCKS, WATCHCASES & PARTS",Within,Within (AOC CLL requires FGL refer),Check for Recession exposures,Within,Outside,Check for Recession exposures
3910,MANUFACTURING (DURABLE),Retail - Multiline,RUBBER AND PLASTICS FOOTWEAR,Within,Within (AOC CLL requires FGL refer),Check for Recession exposures,Within,Outside,Check for Recession exposures
3911,MANUFACTURING (DURABLE),Retail - Multiline,"JEWELRY, PRECIOUS METAL",Within,Within (AOC CLL requires FGL refer),Check for Recession exposures,Within,Outside,Check for Recession exposures
3914,MANUFACTURING (DURABLE),Retail - Multiline,SILVERWARE AND PLATED WARE,Within,Within (AOC CLL requires FGL refer),Check for Recession exposures,Within,Outside,Check for Recession exposures
3915,MANUFACTURING (DURABLE),Retail - Multiline,JEWELERS' MATERIALS & LAPIDARY WORK,Within,Within (AOC CLL requires FGL refer),Check for Recession exposures,Within,Outside,Check for Recession exposures
3931,MANUFACTURING (DURABLE),Retail - Multiline,MUSICAL INSTRUMENTS,Within,Within (AOC CLL requires FGL refer),Check for Recession exposures,Within,Outside,Check for Recession exposures
3942,MANUFACTURING (DURABLE),Retail - Multiline,DOLLS AND STUFFED TOYS,Within,Within (AOC CLL requires FGL refer),Check for Recession exposures,Within,Outside,Check for Recession exposures
3944,MANUFACTURING (DURABLE),Retail - Multiline,"GAMES, TOYS, AND CHILDREN'S VEHICLES",Within,Within (AOC CLL requires FGL refer),Check for Recession exposures,Within,Outside,Check for Recession exposures
3949,MANUFACTURING (DURABLE),Retail - Multiline,"SPORTING AND ATHLETIC GOODS, N.E.C.",Within,Within (AOC CLL requires FGL refer),Check for Recession exposures,Within,Outside,Check for Recession exposures
3950,MANUFACTURING (DURABLE),Retail - Multiline,RUBBER AND PLASTICS FOOTWEAR,Within,Within (AOC CLL requires FGL refer),Check for Recession exposures,Within,Outside,Check for Recession exposures
3951,MANUFACTURING (DURABLE),Retail - Multiline,PENS AND MECHANICAL PENCILS,Within,Within (AOC CLL requires FGL refer),Check for Recession exposures,Within,Outside,Check for Recession exposures
3952,MANUFACTURING (DURABLE),Retail - Multiline,LEAD PENCILS AND ART GOODS,Within,Within (AOC CLL requires FGL refer),Check for Recession exposures,Within,Outside,Check for Recession exposures
3953,MANUFACTURING (DURABLE),Retail - Multiline,MARKING DEVICES,Within,Within (AOC CLL requires FGL refer),Check for Recession exposures,Within,Outside,Check for Recession exposures
3955,MANUFACTURING (DURABLE),Retail - Multiline,CARBON PAPER AND INKED RIBBONS,Within,Within (AOC CLL requires FGL refer),Check for Recession exposures,Within,Outside,Check for Recession exposures
3960,MANUFACTURING (DURABLE),Retail - Multiline,RUBBER AND PLASTICS FOOTWEAR,Within,Within (AOC CLL requires FGL refer),Check for Recession exposures,Within,Outside,Check for Recession exposures
3961,MANUFACTURING (DURABLE),Retail - Multiline,COSTUME JEWELRY,Within,Within (AOC CLL requires FGL refer),Check for Recession exposures,Within,Outside,Check for Recession exposures
3965,MANUFACTURING (DURABLE),Retail - Multiline,"FASTENERS, BUTTONS, NEEDLES, & PINS",Within,Within (AOC CLL requires FGL refer),Check for Recession exposures,Within,Outside,Check for Recession exposures
3990,MANUFACTURING (DURABLE),Retail - Multiline,RUBBER AND PLASTICS FOOTWEAR,Within,Within (AOC CLL requires FGL refer),Check for Recession exposures,Within,Outside,Check for Recession exposures
3991,MANUFACTURING (DURABLE),Retail - Multiline,BROOMS AND BRUSHES,Within,Within (AOC CLL requires FGL refer),Check for Recession exposures,Within,Outside,Check for Recession exposures
3993,MANUFACTURING (DURABLE),Retail - Multiline,SIGNS AND ADVERTISING SPECIALTIES,Within,Within (AOC CLL requires FGL refer),Check for Recession exposures,Within,Outside,Check for Recession exposures
3995,MANUFACTURING (DURABLE),Retail - Multiline,BURIAL CASKETS,Within,Within (AOC CLL requires FGL refer),Check for Recession exposures,Within,Outside,Check for Recession exposures
2300,MANUFACTURING (NON-DURABLE) / APPAREL,Retail - Multiline,MEN'S AND BOYS' SUITS AND COATS,Within,Within (AOC CLL requires FGL refer),Check for Recession exposures,Within,Outside,Check for Recession exposures
2311,MANUFACTURING (NON-DURABLE) / APPAREL,Retail - Multiline,MEN'S AND BOYS' SUITS AND COATS,Within,Within (AOC CLL requires FGL refer),Check for Recession exposures,Within,Outside,Check for Recession exposures
2320,MANUFACTURING (NON-DURABLE) / APPAREL,Retail - Multiline,MEN'S AND BOYS' SUITS AND COATS,Within,Within (AOC CLL requires FGL refer),Check for Recession exposures,Within,Outside,Check for Recession exposures
2321,MANUFACTURING (NON-DURABLE) / APPAREL,Retail - Multiline,MEN'S AND BOYS' SHIRTS,Within,Within (AOC CLL requires FGL refer),Check for Recession exposures,Within,Outside,Check for Recession exposures
2322,MANUFACTURING (NON-DURABLE) / APPAREL,Retail - Multiline,MEN'S AND BOYS' UNDERWEAR & NIGHTWEAR,Within,Within (AOC CLL requires FGL refer),Check for Recession exposures,Within,Outside,Check for Recession exposures
2323,MANUFACTURING (NON-DURABLE) / APPAREL,Retail - Multiline,MEN'S AND BOYS' NECKWEAR,Within,Within (AOC CLL requires FGL refer),Check for Recession exposures,Within,Outside,Check for Recession exposures
2325,MANUFACTURING (NON-DURABLE) / APPAREL,Retail - Multiline,MEN'S AND BOYS' TROUSERS AND SLACKS,Within,Within (AOC CLL requires FGL refer),Check for Recession exposures,Within,Outside,Check for Recession exposures
2326,MANUFACTURING (NON-DURABLE) / APPAREL,Retail - Multiline,MEN'S AND BOYS' WORK CLOTHING,Within,Within (AOC CLL requires FGL refer),Check for Recession exposures,Within,Outside,Check for Recession exposures
2329,MANUFACTURING (NON-DURABLE) / APPAREL,Retail - Multiline,"MEN'S AND BOYS' CLOTHING, N.E.C.",Within,Within (AOC CLL requires FGL refer),Check for Recession exposures,Within,Outside,Check for Recession exposures
2330,MANUFACTURING (NON-DURABLE) / APPAREL,Retail - Multiline,MEN'S AND BOYS' SUITS AND COATS,Within,Within (AOC CLL requires FGL refer),Check for Recession exposures,Within,Outside,Check for Recession exposures
2331,MANUFACTURING (NON-DURABLE) / APPAREL,Retail - Multiline,WOMEN'S & MISSES' BLOUSES & SHIRTS,Within,Within (AOC CLL requires FGL refer),Check for Recession exposures,Within,Outside,Check for Recession exposures
2335,MANUFACTURING (NON-DURABLE) / APPAREL,Retail - Multiline,"WOMEN'S, JUNIOR'S, & MISSES' DRESSES",Within,Within (AOC CLL requires FGL refer),Check for Recession exposures,Within,Outside,Check for Recession exposures
2337,MANUFACTURING (NON-DURABLE) / APPAREL,Retail - Multiline,"WOMEN'S, JUNIOR'S, & MISSES' SUITS & COA",Within,Within (AOC CLL requires FGL refer),Check for Recession exposures,Within,Outside,Check for Recession exposures
2339,MANUFACTURING (NON-DURABLE) / APPAREL,Retail - Multiline,"WOMEN'S & MISSES' OUTERWEAR, N.E.C.",Within,Within (AOC CLL requires FGL refer),Check for Recession exposures,Within,Outside,Check for Recession exposures
2340,MANUFACTURING (NON-DURABLE) / APPAREL,Retail - Multiline,MEN'S AND BOYS' SUITS AND COATS,Within,Within (AOC CLL requires FGL refer),Check for Recession exposures,Within,Outside,Check for Recession exposures
2341,MANUFACTURING (NON-DURABLE) / APPAREL,Retail - Multiline,WOMEN'S AND CHILDREN'S UNDERWEAR,Within,Within (AOC CLL requires FGL refer),Check for Recession exposures,Within,Outside,Check for Recession exposures
2342,MANUFACTURING (NON-DURABLE) / APPAREL,Retail - Multiline,"BRAS, GIRDLES, AND ALLIED GARMENTS",Within,Within (AOC CLL requires FGL refer),Check for Recession exposures,Within,Outside,Check for Recession exposures
2353,MANUFACTURING (NON-DURABLE) / APPAREL,Retail - Multiline,"HATS, CAPS, AND MILLINERY",Within,Within (AOC CLL requires FGL refer),Check for Recession exposures,Within,Outside,Check for Recession exposures
2361,MANUFACTURING (NON-DURABLE) / APPAREL,Retail - Multiline,"GIRL'S & CHILDREN'S DRESSES, BLOUSES",Within,Within (AOC CLL requires FGL refer),Check for Recession exposures,Within,Outside,Check for Recession exposures
2369,MANUFACTURING (NON-DURABLE) / APPAREL,Retail - Multiline,"GIRLS' & CHILDREN'S OUTERWEAR, N.E.C.",Within,Within (AOC CLL requires FGL refer),Check for Recession exposures,Within,Outside,Check for Recession exposures
2371,MANUFACTURING (NON-DURABLE) / APPAREL,Retail - Multiline,FUR GOODS,Within,Within (AOC CLL requires FGL refer),Check for Recession exposures,Within,Outside,Check for Recession exposures
2381,MANUFACTURING (NON-DURABLE) / APPAREL,Retail - Multiline,FABRIC DRESS AND WORK GLOVES,Within,Within (AOC CLL requires FGL refer),Check for Recession exposures,Within,Outside,Check for Recession exposures
2384,MANUFACTURING (NON-DURABLE) / APPAREL,Retail - Multiline,ROBES AND DRESSING GOWNS,Within,Within (AOC CLL requires FGL refer),Check for Recession exposures,Within,Outside,Check for Recession exposures
2385,MANUFACTURING (NON-DURABLE) / APPAREL,Retail - Multiline,WATERPROOF OUTERWEAR,Within,Within (AOC CLL requires FGL refer),Check for Recession exposures,Within,Outside,Check for Recession exposures
2386,MANUFACTURING (NON-DURABLE) / APPAREL,Retail - Multiline,LEATHER AND SHEEP-LINED CLOTHING,Within,Within (AOC CLL requires FGL refer),Check for Recession exposures,Within,Outside,Check for Recession exposures
2387,MANUFACTURING (NON-DURABLE) / APPAREL,Retail - Multiline,APPAREL BELTS,Within,Within (AOC CLL requires FGL refer),Check for Recession exposures,Within,Outside,Check for Recession exposures
2389,MANUFACTURING (NON-DURABLE) / APPAREL,Retail - Multiline,"APPAREL AND ACCESSORIES, N.E.C.",Within,Within (AOC CLL requires FGL refer),Check for Recession exposures,Within,Outside,Check for Recession exposures
2211,MANUFACTURING (NON DURABLE) EXC APPAREL,Retail - Multiline,"BROADWOVEN FABRIC MILLS, COTTON",Within,Within (AOC CLL requires FGL refer),Check for Recession exposures,Within,Outside,Check for Recession exposures
2221,MANUFACTURING (NON DURABLE) EXC APPAREL,Retail - Multiline,"BROADWOVEN FABRIC MILLS, MANMADE",Within,Within (AOC CLL requires FGL refer),Check for Recession exposures,Within,Outside,Check for Recession exposures
2231,MANUFACTURING (NON DURABLE) EXC APPAREL,Retail - Multiline,"BROADWOVEN FABRIC MILLS, WOOL",Within,Within (AOC CLL requires FGL refer),Check for Recession exposures,Within,Outside,Check for Recession exposures
2241,MANUFACTURING (NON DURABLE) EXC APPAREL,Retail - Multiline,NARROW FABRIC MILLS,Within,Within (AOC CLL requires FGL refer),Check for Recession exposures,Within,Outside,Check for Recession exposures
2250,MANUFACTURING (NON DURABLE) EXC APPAREL,Retail - Multiline,MEAT PACKING PLANTS,Within,Within (AOC CLL requires FGL refer),Check for Recession exposures,Within,Outside,Check for Recession exposures
2251,MANUFACTURING (NON-DURABLE) / APPAREL,Retail - Multiline,"WOMEN'S HOSIERY, EXCEPT SOCKS",Within,Within (AOC CLL requires FGL refer),Check for Recession exposures,Within,Outside,Check for Recession exposures
2252,MANUFACTURING (NON-DURABLE) / APPAREL,Retail - Multiline,"HOSIERY, N.E.C.",Within,Within (AOC CLL requires FGL refer),Check for Recession exposures,Within,Outside,Check for Recession exposures
2253,MANUFACTURING (NON DURABLE) EXC APPAREL,Retail - Multiline,KNIT OUTERWEAR MILLS,Within,Within (AOC CLL requires FGL refer),Check for Recession exposures,Within,Outside,Check for Recession exposures
2254,MANUFACTURING (NON DURABLE) EXC APPAREL,Retail - Multiline,KNIT UNDERWEAR MILLS,Within,Within (AOC CLL requires FGL refer),Check for Recession exposures,Within,Outside,Check for Recession exposures
2257,MANUFACTURING (NON DURABLE) EXC APPAREL,Retail - Multiline,WEFT KNIT FABRIC MILLS,Within,Within (AOC CLL requires FGL refer),Check for Recession exposures,Within,Outside,Check for Recession exposures
2258,MANUFACTURING (NON DURABLE) EXC APPAREL,Retail - Multiline,LACE & WARP KNIT FABRIC MILLS,Within,Within (AOC CLL requires FGL refer),Check for Recession exposures,Within,Outside,Check for Recession exposures
2259,MANUFACTURING (NON DURABLE) EXC APPAREL,Retail - Multiline,"KNITTING MILLS, N.E.C.",Within,Within (AOC CLL requires FGL refer),Check for Recession exposures,Within,Outside,Check for Recession exposures
2261,MANUFACTURING (NON DURABLE) EXC APPAREL,Retail - Multiline,"FINISHING PLANTS, COTTON",Within,Within (AOC CLL requires FGL refer),Check for Recession exposures,Within,Outside,Check for Recession exposures
2262,MANUFACTURING (NON DURABLE) EXC APPAREL,Retail - Multiline,"FINISHING PLAINTS, MANMADE",Within,Within (AOC CLL requires FGL refer),Check for Recession exposures,Within,Outside,Check for Recession exposures
2269,MANUFACTURING (NON DURABLE) EXC APPAREL,Retail - Multiline,"FINISHING PLANTS, N.E.C.",Within,Within (AOC CLL requires FGL refer),Check for Recession exposures,Within,Outside,Check for Recession exposures
2273,MANUFACTURING (NON DURABLE) EXC APPAREL,Retail - Multiline,CARPETS AND RUGS,Within,Within (AOC CLL requires FGL refer),Check for Recession exposures,Within,Outside,Check for Recession exposures
2281,MANUFACTURING (NON DURABLE) EXC APPAREL,Retail - Multiline,YARN SPINNING MILLS,Within,Within (AOC CLL requires FGL refer),Check for Recession exposures,Within,Outside,Check for Recession exposures
2282,MANUFACTURING (NON DURABLE) EXC APPAREL,Retail - Multiline,THROWING AND WINDING MILLS,Within,Within (AOC CLL requires FGL refer),Check for Recession exposures,Within,Outside,Check for Recession exposures
2284,MANUFACTURING (NON DURABLE) EXC APPAREL,Retail - Multiline,THREAD MILLS,Within,Within (AOC CLL requires FGL refer),Check for Recession exposures,Within,Outside,Check for Recession exposures
2295,MANUFACTURING (NON DURABLE) EXC APPAREL,Retail - Multiline,"COATED FABRICS, NOT RUBBERIZED",Within,Within (AOC CLL requires FGL refer),Check for Recession exposures,Within,Outside,Check for Recession exposures
2296,MANUFACTURING (NON DURABLE) EXC APPAREL,Retail - Multiline,TIRE CORD AND FABRICS,Within,Within (AOC CLL requires FGL refer),Check for Recession exposures,Within,Outside,Check for Recession exposures
2297,MANUFACTURING (NON DURABLE) EXC APPAREL,Retail - Multiline,NONWOVEN FABRICS,Within,Within (AOC CLL requires FGL refer),Check for Recession exposures,Within,Outside,Check for Recession exposures
2298,MANUFACTURING (NON DURABLE) EXC APPAREL,Retail - Multiline,CORDAGE AND TWINE,Within,Within (AOC CLL requires FGL refer),Check for Recession exposures,Within,Outside,Check for Recession exposures
2299,MANUFACTURING (NON DURABLE) EXC APPAREL,Retail - Multiline,"TEXTILE GOODS, N.E.C.",Within,Within (AOC CLL requires FGL refer),Check for Recession exposures,Within,Outside,Check for Recession exposures
2390,MANUFACTURING (NON-DURABLE) / APPAREL,Retail - Multiline,MEAT PACKING PLANTS,Within,Within (AOC CLL requires FGL refer),Check for Recession exposures,Within,Outside,Check for Recession exposures
2391,MANUFACTURING (NON-DURABLE) / APPAREL,Retail - Multiline,CURTAINS AND DRAPERIES,Within,Within (AOC CLL requires FGL refer),Check for Recession exposures,Within,Outside,Check for Recession exposures
2392,MANUFACTURING (NON-DURABLE) / APPAREL,Retail - Multiline,"HOUSEFURNISHINGS, N.E.C.",Within,Within (AOC CLL requires FGL refer),Check for Recession exposures,Within,Outside,Check for Recession exposures
2393,MANUFACTURING (NON-DURABLE) / APPAREL,Retail - Multiline,TEXTILE BAGS,Within,Within (AOC CLL requires FGL refer),Check for Recession exposures,Within,Outside,Check for Recession exposures
2394,MANUFACTURING (NON-DURABLE) / APPAREL,Retail - Multiline,CANVAS AND RELATED PRODUCTS,Within,Within (AOC CLL requires FGL refer),Check for Recession exposures,Within,Outside,Check for Recession exposures
2395,MANUFACTURING (NON-DURABLE) / APPAREL,Retail - Multiline,PLEATING AND STITCHING,Within,Within (AOC CLL requires FGL refer),Check for Recession exposures,Within,Outside,Check for Recession exposures
2396,MANUFACTURING (NON-DURABLE) / APPAREL,Retail - Multiline,AUTOMOTIVE AND APPAREL TRIMMINGS,Within,Within (AOC CLL requires FGL refer),Check for Recession exposures,Within,Outside,Check for Recession exposures
2397,MANUFACTURING (NON-DURABLE) / APPAREL,Retail - Multiline,SCHIFFLI MACHINE EMBROIDERIES,Within,Within (AOC CLL requires FGL refer),Check for Recession exposures,Within,Outside,Check for Recession exposures
2399,MANUFACTURING (NON-DURABLE) / APPAREL,Retail - Multiline,"FABRICATED TEXTILE PRODUCTS, N.E.C.",Within,Within (AOC CLL requires FGL refer),Check for Recession exposures,Within,Outside,Check for Recession exposures
5311,NON/DISCRETIONARY RETAIL SECTOR,Retail - Multiline,DEPARTMENT STORES,Within,Within (AOC CLL requires FGL refer),Check for Recession exposures,Within,Outside,Check for Recession exposures
5331,NON/DISCRETIONARY RETAIL SECTOR,Retail - Multiline,VARIETY STORES,Within,Within (AOC CLL requires FGL refer),Check for Recession exposures,Within,Outside,Check for Recession exposures
5399,NON/DISCRETIONARY RETAIL SECTOR,Retail - Multiline,MISCELLANEOUS GENERAL MERCHANDISE STORES,Within,Within (AOC CLL requires FGL refer),Check for Recession exposures,Within,Outside,Check for Recession exposures
5411,NON/DISCRETIONARY RETAIL SECTOR,Retail - Multiline,GROCERY STORES,Within,Within (AOC CLL requires FGL refer),Check for Recession exposures,Within,Outside,Check for Recession exposures
5412,NON/DISCRETIONARY RETAIL SECTOR,Retail - Multiline,CONVENIENCE STORES,Within,Within (AOC CLL requires FGL refer),Check for Recession exposures,Within,Outside,Check for Recession exposures
5531,NON/DISCRETIONARY RETAIL SECTOR,Retail - Multiline,AUTO AND HOME SUPPLY STORES,Within,Within (AOC CLL requires FGL refer),Check for Recession exposures,Within,Outside,Check for Recession exposures
5611,NON/DISCRETIONARY RETAIL SECTOR,Retail - Multiline,MEN'S & BOYS' CLOTHING STORES,Within,Within (AOC CLL requires FGL refer),Check for Recession exposures,Within,Outside,Check for Recession exposures
5621,NON/DISCRETIONARY RETAIL SECTOR,Retail - Multiline,WOMEN'S CLOTHING STORES,Within,Within (AOC CLL requires FGL refer),Check for Recession exposures,Within,Outside,Check for Recession exposures
5632,NON/DISCRETIONARY RETAIL SECTOR,Retail - Multiline,WOMEN'S ACCESSORY & SPECIALTY STORES,Within,Within (AOC CLL requires FGL refer),Check for Recession exposures,Within,Outside,Check for Recession exposures
5641,NON/DISCRETIONARY RETAIL SECTOR,Retail - Multiline,CHILDREN'S AND INFANTS' WEAR STORES,Within,Within (AOC CLL requires FGL refer),Check for Recession exposures,Within,Outside,Check for Recession exposures
5651,NON/DISCRETIONARY RETAIL SECTOR,Retail - Multiline,FAMILY CLOTHING STORES,Within,Within (AOC CLL requires FGL refer),Check for Recession exposures,Within,Outside,Check for Recession exposures
5661,NON/DISCRETIONARY RETAIL SECTOR,Retail - Multiline,SHOE STORES,Within,Within (AOC CLL requires FGL refer),Check for Recession exposures,Within,Outside,Check for Recession exposures
5699,NON/DISCRETIONARY RETAIL SECTOR,Retail - Multiline,MISC. APPAREL & ACCESSORY STORES,Within,Within (AOC CLL requires FGL refer),Check for Recession exposures,Within,Outside,Check for Recession exposures
5736,NON/DISCRETIONARY RETAIL SECTOR,Retail - Multiline,MUSICAL INSTRUMENT STORES,Within,Within (AOC CLL requires FGL refer),Check for Recession exposures,Within,Outside,Check for Recession exposures
5932,NON/DISCRETIONARY RETAIL SECTOR,Retail - Multiline,USED MERCHANDISE STORES,Within,Within (AOC CLL requires FGL refer),Check for Recession exposures,Within,Outside,Check for Recession exposures
5941,NON/DISCRETIONARY RETAIL SECTOR,Retail - Multiline,SPORTING GOODS AND BICYCLE SHOPS,Within,Within (AOC CLL requires FGL refer),Check for Recession exposures,Within,Outside,Check for Recession exposures
5942,NON/DISCRETIONARY RETAIL SECTOR,Retail - Multiline,BOOK STORES,Within,Within (AOC CLL requires FGL refer),Check for Recession exposures,Within,Outside,Check for Recession exposures
5943,NON/DISCRETIONARY RETAIL SECTOR,Retail - Multiline,STATIONERY STORES,Within,Within (AOC CLL requires FGL refer),Check for Recession exposures,Within,Outside,Check for Recession exposures
5944,NON/DISCRETIONARY RETAIL SECTOR,Retail - Multiline,JEWELRY STORES,Within,Within (AOC CLL requires FGL refer),Check for Recession exposures,Within,Outside,Check for Recession exposures
5945,NON/DISCRETIONARY RETAIL SECTOR,Retail - Multiline,"HOBBY, TOY, AND GAME SHOPS",Within,Within (AOC CLL requires FGL refer),Check for Recession exposures,Within,Outside,Check for Recession exposures
5946,NON/DISCRETIONARY RETAIL SECTOR,Retail - Multiline,CAMERA & PHOTOGRAPHIC SUPPLY STORES,Within,Within (AOC CLL requires FGL refer),Check for Recession exposures,Within,Outside,Check for Recession exposures
5947,NON/DISCRETIONARY RETAIL SECTOR,Retail - Multiline,"GIFT, NOVELTY, AND SOUVENIR SHOPS",Within,Within (AOC CLL requires FGL refer),Check for Recession exposures,Within,Outside,Check for Recession exposures
5948,NON/DISCRETIONARY RETAIL SECTOR,Retail - Multiline,LUGGAGE AND LEATHER GOODS STORES,Within,Within (AOC CLL requires FGL refer),Check for Recession exposures,Within,Outside,Check for Recession exposures
5949,NON/DISCRETIONARY RETAIL SECTOR,Retail - Multiline,"SEWING, NEEDLEWORK, AND PIECE GOODS",Within,Within (AOC CLL requires FGL refer),Check for Recession exposures,Within,Outside,Check for Recession exposures
5992,NON/DISCRETIONARY RETAIL SECTOR,Retail - Multiline,FLORISTS,Within,Within (AOC CLL requires FGL refer),Check for Recession exposures,Within,Outside,Check for Recession exposures
5994,NON/DISCRETIONARY RETAIL SECTOR,Retail - Multiline,NEWS DEALERS AND NEWSTANDS,Within,Within (AOC CLL requires FGL refer),Check for Recession exposures,Within,Outside,Check for Recession exposures
5999,NON/DISCRETIONARY RETAIL SECTOR,Retail - Multiline,"MISCELLANEOUS RETAIL STORES, N.E.C.",Within,Within (AOC CLL requires FGL refer),Check for Recession exposures,Within,Outside,Check for Recession exposures
5092,WHOLESALE,Retail - Multiline,TOYS AND HOBBY GOODS AND SUPPLIES,Within,Within (AOC CLL requires FGL refer),Check for Recession exposures,Within,Outside,Check for Recession exposures
5094,WHOLESALE,Retail - Multiline,JEWELRY & PRECIOUS STONES,Within,Within (AOC CLL requires FGL refer),Check for Recession exposures,Within,Outside,Check for Recession exposures
5131,WHOLESALE,Retail - Multiline,PIECE GOODS & NOTIONS,Within,Within (AOC CLL requires FGL refer),Check for Recession exposures,Within,Outside,Check for Recession exposures
5136,WHOLESALE,Retail - Multiline,MEN'S AND BOYS' CLOTHING,Within,Within (AOC CLL requires FGL refer),Check for Recession exposures,Within,Outside,Check for Recession exposures
5137,WHOLESALE,Retail - Multiline,WOMEN'S AND CHILDREN'S CLOTHING,Within,Within (AOC CLL requires FGL refer),Check for Recession exposures,Within,Outside,Check for Recession exposures
5139,WHOLESALE,Retail - Multiline,FOOTWEAR,Within,Within (AOC CLL requires FGL refer),Check for Recession exposures,Within,Outside,Check for Recession exposures
5193,WHOLESALE,Retail - Multiline,FLOWERS & FLORISTS' SUPPLIES,Within,Within (AOC CLL requires FGL refer),Check for Recession exposures,Within,Outside,Check for Recession exposures
5199,WHOLESALE,Retail - Multiline,"NONDURABLE GOODS, N.E.C.",Within,Within (AOC CLL requires FGL refer),Check for Recession exposures,Within,Outside,Check for Recession exposures
7211,RETAIL SERVICES,Retail - Specialty,"POWER LAUNDRIES, FAMILY & COMMERCIAL",Within,Within (AOC CLL requires FGL refer),Check for Recession exposures,Within,Outside,Check for Recession exposures
7212,RETAIL SERVICES,Retail - Specialty,GARMENT PRESSING & CLEANERS' AGENTS,Within,Within (AOC CLL requires FGL refer),Check for Recession exposures,Within,Outside,Check for Recession exposures
7213,RETAIL SERVICES,Retail - Specialty,LINEN SUPPLY,Within,Within (AOC CLL requires FGL refer),Check for Recession exposures,Within,Outside,Check for Recession exposures
7215,RETAIL SERVICES,Retail - Specialty,COIN-OPERATED LAUNDRIES AND CLEANING,Within,Within (AOC CLL requires FGL refer),Check for Recession exposures,Within,Outside,Check for Recession exposures
7216,RETAIL SERVICES,Retail - Specialty,"DRYCLEANING PLANTS, EXCEPT RUG",Within,Within (AOC CLL requires FGL refer),Check for Recession exposures,Within,Outside,Check for Recession exposures
7217,RETAIL SERVICES,Retail - Specialty,CARPET AND UPHOLSTERY CLEANING,Within,Within (AOC CLL requires FGL refer),Check for Recession exposures,Within,Outside,Check for Recession exposures
7218,RETAIL SERVICES,Retail - Specialty,INDUSTRIAL LAUNDERERS,Within,Within (AOC CLL requires FGL refer),Check for Recession exposures,Within,Outside,Check for Recession exposures
7219,RETAIL SERVICES,Retail - Specialty,"LAUNDRY AND GARMENT SERVICES, N.E.C.",Within,Within (AOC CLL requires FGL refer),Check for Recession exposures,Within,Outside,Check for Recession exposures
4812,COMMUNICATIONS,Tech - Communications Equipment,RADIOTELEPHONE COMMUNICATIONS,Within,Within (AOC CLL requires FGL refer),Within,Within,Outside,Within
4813,COMMUNICATIONS,Tech - Communications Equipment,"TELEPHONE COMMUNICATIONS, EXCEPT RADIO",Within,Within (AOC CLL requires FGL refer),Within,Within,Outside,Within
4899,COMMUNICATIONS,Tech - Communications Equipment,"COMMUNICATION SERVICES, N.E.C.",Within,Within (AOC CLL requires FGL refer),Within,Within,Outside,Within
4822,COMMUNICATIONS,Tech - Communications Equipment,TELEGRAPH & OTHER COMMUNICATIONS,Within,Within (AOC CLL requires FGL refer),Within,Within,Outside,Within
4832,BROADCASTING,Tech - Communications Equipment,RADIO BROADCASTING STATIONS,Within,Within (AOC CLL requires FGL refer),Within,Within,Outside,Within
3576,COMMUNICATIONS EQUIPMENT MANUFACTURING (DURABLE),Tech - Communications Equipment,COMPUTER COMMUNICATIONS EQUIPMENT,Within,Within (AOC CLL requires FGL refer),Within,Within,Outside,Within
3661,COMMUNICATIONS EQUIPMENT MANUFACTURING (DURABLE),Tech - Communications Equipment,TELEPHONE AND TELEGRAPH APPARATUS,Within,Within (AOC CLL requires FGL refer),Within,Within,Outside,Within
3663,COMMUNICATIONS EQUIPMENT MANUFACTURING (DURABLE),Tech - Communications Equipment,RADIO & TV COMMUNICATIONS EQUIPMENT,Within,Within (AOC CLL requires FGL refer),Within,Within,Outside,Within
3669,COMMUNICATIONS EQUIPMENT MANUFACTURING (DURABLE),Tech - Communications Equipment,"COMMUNICATIONS EQUIPMENT, N.E.C.",Within,Within (AOC CLL requires FGL refer),Within,Within,Outside,Within
4833,BROADCASTING,Tech - Electronic Equipment,TELEVISION BROADCASTING STATIONS,Within,Within (AOC CLL requires FGL refer),Within,Within,Outside,Within
4841,BROADCASTING,Tech - Electronic Equipment,CABLE AND OTHER PAY TV SERVICES,Within,Within (AOC CLL requires FGL refer),Within,Within,Outside,Within
5063,WHOLESALE,Tech - Electronic Equipment,ELECTRICAL APPARATUS AND EQUIPMENT,Within,Within (AOC CLL requires FGL refer),Within,Within,Outside,Within
5064,WHOLESALE,Tech - Electronic Equipment,"ELECTRICAL APPLIANCES, TV & RADIOS",Within,Within (AOC CLL requires FGL refer),Within,Within,Outside,Within
5065,WHOLESALE,Tech - Electronic Equipment,ELECTRONIC PARTS AND EQUIPMENT,Within,Within (AOC CLL requires FGL refer),Within,Within,Outside,Within
7370,COMPUTER & DATA PROCESSING SERVICES (INC INTERNET),Tech - IT Consulting & Services,COMPUTER PROGRAMMING SERVICES,Within,Within (AOC CLL requires FGL refer),Within,Within,Outside,Within
7371,COMPUTER & DATA PROCESSING SERVICES (INC INTERNET),Tech - IT Consulting & Services,COMPUTER PROGRAMMING SERVICES,Within,Within (AOC CLL requires FGL refer),Within,Within,Outside,Within
7373,COMPUTER & DATA PROCESSING SERVICES (INC INTERNET),Tech - IT Consulting & Services,COMPUTER INTEGRATED SYSTEMS DESIGN,Within,Within (AOC CLL requires FGL refer),Within,Within,Outside,Within
7374,COMPUTER & DATA PROCESSING SERVICES (INC INTERNET),Tech - IT Consulting & Services,DATA PROCESSING AND PREPARATION,Within,Within (AOC CLL requires FGL refer),Within,Within,Outside,Within
7375,COMPUTER & DATA PROCESSING SERVICES (INC INTERNET),Tech - IT Consulting & Services,INFORMATION RETRIEVAL SERVICES,Within,Within (AOC CLL requires FGL refer),Within,Within,Outside,Within
7376,COMPUTER & DATA PROCESSING SERVICES (INC INTERNET),Tech - IT Consulting & Services,COMPUTER FACILITIES MANAGEMENT,Within,Within (AOC CLL requires FGL refer),Within,Within,Outside,Within
7377,COMPUTER & DATA PROCESSING SERVICES (INC INTERNET),Tech - IT Consulting & Services,COMPUTER RENTAL & LEASING,Within,Within (AOC CLL requires FGL refer),Within,Within,Outside,Within
7378,COMPUTER & DATA PROCESSING SERVICES (INC INTERNET),Tech - IT Consulting & Services,COMPUTER MAINTENANCE & REPAIR,Within,Within (AOC CLL requires FGL refer),Within,Within,Outside,Within
7379,COMPUTER & DATA PROCESSING SERVICES (INC INTERNET),Tech - IT Consulting & Services,"COMPUTER RELATED SERVICES, N.E.C.",Within,Within (AOC CLL requires FGL refer),Within,Within,Outside,Within
7389,RETAIL SERVICES,Tech - IT Consulting & Services,"BUSINESS SERVICES, N.E.C.",Within,Within (AOC CLL requires FGL refer),Within,Within,Outside,Within
5044,WHOLESALE,Tech - Office Electronics,OFFICE EQUIPMENT,Within,Within (AOC CLL requires FGL refer),Within,Within,Outside,Within
5045,WHOLESALE,Tech - Office Electronics,"COMPUTERS, PERIPHERALS & SOFTWARE",Within,Within (AOC CLL requires FGL refer),Within,Within,Outside,Within
3674,SEMICONDUCTORS AND RELATED DEVICES,Tech - Semiconductors & Equipment,SEMICONDUCTORS AND RELATED DEVICES,Within,Within (AOC CLL requires FGL refer),Within,Within,Outside,Within
3672,COMMUNICATIONS EQUIPMENT MANUFACTURING (DURABLE),Tech - Semiconductors & Equipment,PRINTED CIRCUIT BOARDS,Within,Within (AOC CLL requires FGL refer),Within,Within,Outside,Within
7372,PREPACKAGED SOFTWARE,Tech - Software,PREPACKAGED SOFTWARE,Within,Within (AOC CLL requires FGL refer),Within,Within,Outside,Within
132,AGRICULTURE,Tobacco,TOBACCO,Within,Outside,Within,Check Health and Safety,Outside,Within
2111,MANUFACTURING (NON DURABLE) EXC APPAREL,Tobacco,CIGARETTES,Within,Outside,Within,Check Health and Safety,Outside,Within
2121,MANUFACTURING (NON DURABLE) EXC APPAREL,Tobacco,CIGARS,Within,Outside,Within,Check Health and Safety,Outside,Within
2131,MANUFACTURING (NON DURABLE) EXC APPAREL,Tobacco,CHEWING AND SMOKING TOBACCO,Within,Outside,Within,Check Health and Safety,Outside,Within
2141,MANUFACTURING (NON DURABLE) EXC APPAREL,Tobacco,TOBACCO STEMMING AND REDRYING,Within,Outside,Within,Check Health and Safety,Outside,Within
5993,NON/DISCRETIONARY RETAIL SECTOR,Tobacco,TOBACCO STORES AND STANDS,Within,Outside,Within,Check Health and Safety,Outside,Within
5194,WHOLESALE,Tobacco,TOBACCO AND TOBACCO PRODUCTS,Within,Outside,Within,Check Health and Safety,Outside,Within
4513,TRANSPORTATION,Transportation - Airfreight & Logistics,AIR COURIER SERVICES,Within,Outside,Within,Check Health and Safety,Outside,Within
4581,TRANSPORTATION,Transportation - Airfreight & Logistics,"AIRPORTS, FLYING FIELDS, & SERVICES",Within,Outside,Within,Check Health and Safety,Outside,Within
4610,TRANSPORTATION,Transportation - Airfreight & Logistics,"RAILROADS, LINE-HAUL OPERATING",Within,Within (AOC CLL requires FGL refer),Within,Check Health and Safety,Outside,Within
4724,TRANSPORTATION,Transportation - Airfreight & Logistics,TRAVEL AGENCIES,Within,Within (AOC CLL requires FGL refer),Within,Check Health and Safety,Outside,Within
4725,TRANSPORTATION,Transportation - Airfreight & Logistics,TOUR OPERATORS,Within,Within (AOC CLL requires FGL refer),Within,Check Health and Safety,Outside,Within
4729,TRANSPORTATION,Transportation - Airfreight & Logistics,"PASSENGER TRANSPORT ARRANGEMENT, N.E.C.",Within,Within (AOC CLL requires FGL refer),Within,Check Health and Safety,Outside,Within
4731,TRANSPORTATION,Transportation - Airfreight & Logistics,FREIGHT TRANSPORTATION ARRANGEMENT,Within,Outside if air freight,Within,Check Health and Safety,Outside,Within
4741,TRANSPORTATION,Transportation - Airfreight & Logistics,RENTAL OF RAILROAD CARS,Within,Within (AOC CLL requires FGL refer),Within,Check Health and Safety,Outside,Within
4783,TRANSPORTATION,Transportation - Airfreight & Logistics,PACKING AND CRATING,Within,Within (AOC CLL requires FGL refer),Within,Check Health and Safety,Outside,Within
4785,TRANSPORTATION,Transportation - Airfreight & Logistics,INSPECTION & FIXED FACIOITIES,Within,Within (AOC CLL requires FGL refer),Within,Check Health and Safety,Outside,Within
4789,TRANSPORTATION,Transportation - Airfreight & Logistics,"TRANSPORTATION SERVICES, N.E.C.",Within,Outside,Within,Check Health and Safety,Outside,Within
4512,TRANSPORTATION,Transportation - Airlines,"AIR TRANSPORTATION, SCHEDULED",Within,Outside,Within,Check Health and Safety,Outside,Within
4522,TRANSPORTATION,Transportation - Airlines,"AIR TRANSPORTATION, NON-SCHEDULED",Within,Outside,Within,Check Health and Safety,Outside,Within
4612,TRANSPORTATION,Transportation - Infrastructure,CRUDE PETROLEUM PIPELINES,Within,Outside appetite if Mining and AOC,Within,Check Health and Safety,Outside,Within
4613,TRANSPORTATION,Transportation - Infrastructure,REFINED PETROLEUM PIPELINES,Within,Outside appetite if Mining and AOC,Within,Check Health and Safety,Outside,Within
4619,TRANSPORTATION,Transportation - Infrastructure,"PIPELINES, N.E.C.",Within,Outside appetite if Mining and AOC,Within,Check Health and Safety,Outside,Within
4700,TRANSPORTATION,Transportation - Infrastructure,"RAILROADS, LINE-HAUL OPERATING",Within,Within (AOC CLL requires FGL refer),Within,Check Health and Safety,Outside,Within
4400,TRANSPORTATION,Transportation - Marine,"RAILROADS, LINE-HAUL OPERATING",Within,Within (AOC CLL requires FGL refer),Within,Check Health and Safety,Outside,Within
4412,TRANSPORTATION,Transportation - Marine,DEEP SEA FOREIGN TRANS. OF FREIGHT,Within,Within (AOC CLL requires FGL refer),Within,Check Health and Safety,Outside,Within
4424,TRANSPORTATION,Transportation - Marine,DEEP SEA DOMESTIC TRANS. OF FREIGHT,Within,Within (AOC CLL requires FGL refer),Within,Check Health and Safety,Outside,Within
4432,TRANSPORTATION,Transportation - Marine,FREIGHT TRANS. ON THE GREAT LAKES,Within,Within (AOC CLL requires FGL refer),Within,Check Health and Safety,Outside,Within
4449,TRANSPORTATION,Transportation - Marine,"WATER TRANSPORTATION OF FREIGHT, N.E.C.",Within,Within (AOC CLL requires FGL refer),Within,Check Health and Safety,Outside,Within
4481,TRANSPORTATION,Transportation - Marine,"DEEP SEA PASSENGER TRANS., EXCEPT FERRY",Within,Within (AOC CLL requires FGL refer),Within,Check Health and Safety,Outside,Within
4482,TRANSPORTATION,Transportation - Marine,FERRIES,Within,Within (AOC CLL requires FGL refer),Within,Check Health and Safety,Outside,Within
4489,TRANSPORTATION,Transportation - Marine,"WATER PASSENGER TRANSPORTATION, N.E.C.",Within,Within (AOC CLL requires FGL refer),Within,Check Health and Safety,Outside,Within
4491,TRANSPORTATION,Transportation - Marine,MARINE CARGO HANDLING,Within,Within (AOC CLL requires FGL refer),Within,Check Health and Safety,Outside,Within
4492,TRANSPORTATION,Transportation - Marine,TOWING AND TUGBOAT SERVICE,Within,Within (AOC CLL requires FGL refer),Within,Check Health and Safety,Outside,Within
4493,TRANSPORTATION,Transportation - Marine,MARINAS,Within,Within (AOC CLL requires FGL refer),Within,Check Health and Safety,Outside,Within
4499,TRANSPORTATION,Transportation - Marine,"WATER TRANSPORTATION SERVICES, N.E.C.",Within,Within (AOC CLL requires FGL refer),Within,Check Health and Safety,Outside,Within
4011,TRANSPORTATION,Transportation - Road & Rail,"RAILROADS, LINE-HAUL OPERATING",Within,Within (AOC CLL requires FGL refer),Within,Check Health and Safety,Outside,Within
4013,TRANSPORTATION,Transportation - Road & Rail,SWITCHING AND TERMINAL SERVICES,Within,Within (AOC CLL requires FGL refer),Within,Check Health and Safety,Outside,Within
4100,TRANSPORTATION,Transportation - Road & Rail,"RAILROADS, LINE-HAUL OPERATING",Within,Within (AOC CLL requires FGL refer),Within,Check Health and Safety,Outside,Within
4111,TRANSPORTATION,Transportation - Road & Rail,LOCAL AND SUBURBAN TRANSPORTATION,Within,Within (AOC CLL requires FGL refer),Consider SML and 3rd Party Exclusion,Check Health and Safety,Outside,Within
4119,TRANSPORTATION,Transportation - Road & Rail,"LOCAL PASSENGER TRANSPORTATION, N.E.C.",Within,Within (AOC CLL requires FGL refer),Consider SML and 3rd Party Exclusion,Check Health and Safety,Outside,Within
4121,TRANSPORTATION,Transportation - Road & Rail,TAXICABS,Within,Within (AOC CLL requires FGL refer),Consider SML and 3rd Party Exclusion,Check Health and Safety,Outside,Within
4131,TRANSPORTATION,Transportation - Road & Rail,INTERCITY & RURAL BUS TRANSPORTATION,Within,Within (AOC CLL requires FGL refer),Consider SML and 3rd Party Exclusion,Check Health and Safety,Outside,Within
4141,TRANSPORTATION,Transportation - Road & Rail,LOCAL BUS CHARTER SERVICE,Within,Within (AOC CLL requires FGL refer),Consider SML and 3rd Party Exclusion,Check Health and Safety,Outside,Within
4142,TRANSPORTATION,Transportation - Road & Rail,"BUS CHARTER SERVICE, EXCEPT LOCAL",Within,Within (AOC CLL requires FGL refer),Consider SML and 3rd Party Exclusion,Check Health and Safety,Outside,Within
4151,TRANSPORTATION,Transportation - Road & Rail,SCHOOL BUSES,Within,Within (AOC CLL requires FGL refer),Consider SML and 3rd Party Exclusion,Check Health and Safety,Outside,Within
4173,TRANSPORTATION,Transportation - Road & Rail,BUS TERMINAL AND SERVICE FACILITIES,Within,Within (AOC CLL requires FGL refer),Within,Check Health and Safety,Outside,Within
4210,TRANSPORTATION,Transportation - Road & Rail,"RAILROADS, LINE-HAUL OPERATING",Within,Within (AOC CLL requires FGL refer),Within,Check Health and Safety,Outside,Within
4212,TRANSPORTATION,Transportation - Road & Rail,"LOCAL TRUCKING, WITHOUT STORAGE",Within,Within (AOC CLL requires FGL refer),Within,Check Health and Safety,Outside,Within
4213,TRANSPORTATION,Transportation - Road & Rail,"TRUCKING, EXCEPT LOCAL",Within,Within (AOC CLL requires FGL refer),Within,Check Health and Safety,Outside,Within
4214,TRANSPORTATION,Transportation - Road & Rail,LOCAL TRUCKING WITH STORAGE,Within,Within (AOC CLL requires FGL refer),Within,Check Health and Safety,Outside,Within
4215,TRANSPORTATION,Transportation - Road & Rail,"COURIER SERVICES, EXCEPT BY AIR",Within,Within (AOC CLL requires FGL refer),Within,Check Health and Safety,Outside,Within
4220,TRANSPORTATION,Transportation - Road & Rail,"RAILROADS, LINE-HAUL OPERATING",Within,Within (AOC CLL requires FGL refer),Within,Check Health and Safety,Outside,Within
4221,TRANSPORTATION,Transportation - Road & Rail,FARM PRODUCT WAREHOUSING AND STORAGE,Within,Within (AOC CLL requires FGL refer),Within,Check Health and Safety,Outside,Within
4222,TRANSPORTATION,Transportation - Road & Rail,REFRIGERATED WAREHOUSING AND STORAGE,Within,Within (AOC CLL requires FGL refer),Within,Check Health and Safety,Outside,Within
4225,TRANSPORTATION,Transportation - Road & Rail,GENERAL WAREHOUSING AND STORAGE,Within,Within (AOC CLL requires FGL refer),Within,Check Health and Safety,Outside,Within
4226,TRANSPORTATION,Transportation - Road & Rail,"SPECIAL WAREHOUSING AND STORAGE, N.E.C.",Within,Within (AOC CLL requires FGL refer),Within,Check Health and Safety,Outside,Within
4231,TRANSPORTATION,Transportation - Road & Rail,TRUCKING TERMINAL FACILITIES,Within,Within (AOC CLL requires FGL refer),Within,Check Health and Safety,Outside,Within
4311,TRANSPORTATION,Transportation - Road & Rail,U.S. POSTAL SERVICE,Within,Within (AOC CLL requires FGL refer),Within,Check Health and Safety,Outside,Within
4911,PUBLIC UTILITIES,Utilities - Multi,ELECTRIC SERVICES,Within,Outside appetite if Utilities and AOC,Within,Check Health and Safety,Outside,Within
4922,PUBLIC UTILITIES,Utilities - Multi,NATURAL GAS TRANSMISSION,Within,Outside appetite if Utilities and AOC,Within,Check Health and Safety,Outside,Within
4923,PUBLIC UTILITIES,Utilities - Multi,GAS TRANSMISSION AND DISTRIBUTION,Within,Outside appetite if Utilities and AOC,Within,Check Health and Safety,Outside,Within
4924,PUBLIC UTILITIES,Utilities - Multi,NATURAL GAS DISTRIBUTION,Within,Outside appetite if Utilities and AOC,Within,Check Health and Safety,Outside,Within
4925,PUBLIC UTILITIES,Utilities - Multi,GAS PRODUCTION AND/OR DISTRIBUTION,Within,Outside appetite if Utilities and AOC,Within,Check Health and Safety,Outside,Within
4931,PUBLIC UTILITIES,Utilities - Multi,ELECTRIC AND OTHER SERVICES COMBINED,Within,Outside appetite if Utilities and AOC,Within,Check Health and Safety,Outside,Within
4932,PUBLIC UTILITIES,Utilities - Multi,GAS AND OTHER SERVICES COMBINED,Within,Outside appetite if Utilities and AOC,Within,Check Health and Safety,Outside,Within
4939,PUBLIC UTILITIES,Utilities - Multi,"COMBINATION UTILITIES, N.E.C.",Within,Outside appetite if Utilities and AOC,Within,Check Health and Safety,Outside,Within
4941,PUBLIC UTILITIES,Utilities - Multi,WATER SUPPLY,Within,Outside appetite if Utilities and AOC,Within,Check Health and Safety,Outside,Within
4961,PUBLIC UTILITIES,Utilities - Multi,STEAM AND AIR-CONDITIONING SUPPLY,Within,Outside appetite if Utilities and AOC,Within,Check Health and Safety,Outside,Within
4971,PUBLIC UTILITIES,Utilities - Multi,IRRIGATION SYSTEMS,Within,Outside appetite if Utilities and AOC,Within,Check Health and Safety,Outside,Within
4991,PUBLIC UTILITIES,Utilities - Multi,COGENERATION SVCS & SMALL POWER PRODUCER,Within,Outside appetite if Utilities and AOC,Within,Check Health and Safety,Outside,Within
4950,WASTE & SEWAGE SERVICES,Utilities - Water,SEWERAGE SYSTEMS,Within,Outside appetite if Utilities and AOC,Within,Check Health and Safety,Outside,Within
4952,WASTE & SEWAGE SERVICES,Utilities - Water,SEWERAGE SYSTEMS,Within,Outside appetite if Utilities and AOC,Within,Check Health and Safety,Outside,Within
4953,WASTE & SEWAGE SERVICES,Utilities - Water,REFUSE SYSTEMS,Within,Outside appetite if Utilities and AOC,Within,Check Health and Safety,Outside,Within
4955,WASTE & SEWAGE SERVICES,Utilities - Water,HAZARDOUS WASTE MANAGEMENT,Within,Outside appetite if Utilities and AOC,Within,Check Health and Safety,Outside,Within
4959,WASTE & SEWAGE SERVICES,Utilities - Water,"SANITARY SERVICES, N.E.C.",Within,Outside appetite if Utilities and AOC,Within,Check Health and Safety,Outside,Within
