country,state,county
,,
United States,,
Afghanistan,Herat,
Afghanistan,Kabul,
Afghanistan,Kandahar,
Afghanistan,Nangarhar,
Afghanistan,Parwan,
Afghanistan,,
Aland Islands,,
Albania,Qarku i Beratit,Berat District
Albania,Qarku i Dibres,
Albania,Qarku i Durresit,Durrës District
Albania,Qarku i Elbasanit,Elbasan District
Albania,Qarku i Elbasanit,Rrethi i Gramshit
Albania,Qarku i Elbasanit,
Albania,Qarku i Fierit,Rrethi i Lushnjes
Albania,Qarku i Fierit,
Albania,Qarku i Gjirokastres,Rrethi i Permetit
Albania,Qarku i Gjirokastres,Rrethi i Tepelenes
Albania,Qarku i Gjirokastres,
Albania,Qarku i Korces,Rrethi i Devollit
Albania,Qarku i Korces,Rrethi i Korces
Albania,Qarku i Korces,Rrethi i Pogradecit
Albania,Qarku i Kukesit,
Albania,Qarku i Lezhes,Rrethi i Mirdites
Albania,Qarku i Lezhes,
Albania,Qarku i Shkodres,Rrethi i Malesia e Madhe
Albania,Qarku i Shkodres,Rrethi i Pukes
Albania,Qarku i Shkodres,Rrethi i Shkodres
Albania,Qarku i Vlores,Sarandë District
Albania,Qarku i Vlores,
Albania,Tirana,Rrethi i Kavajes
Albania,Tirana,Tirana District
Albania,,
Algeria,Aïn Defla,
Algeria,Aïn Témouchent,
Algeria,Adrar,
Algeria,Algiers,
Algeria,Annaba,
Algeria,Béchar,
Algeria,Béjaïa,
Algeria,Batna,
Algeria,Biskra,
Algeria,Blida,
Algeria,Bordj Bou Arréridj,
Algeria,Bouira,
Algeria,Boumerdes,
Algeria,Chlef,
Algeria,Constantine,
Algeria,Djelfa,
Algeria,El Bayadh,
Algeria,El Oued,
Algeria,El Tarf,
Algeria,Ghardaia,
Algeria,Guelma,
Algeria,Illizi,
Algeria,Jijel,
Algeria,Khenchela,
Algeria,Laghouat,
Algeria,Mascara,
Algeria,Medea,
Algeria,Mila,
Algeria,Mostaganem,
Algeria,M'Sila,
Algeria,Naama,
Algeria,Oran,
Algeria,Ouargla,
Algeria,Oum el Bouaghi,
Algeria,Relizane,
Algeria,Sétif,
Algeria,Saida,
Algeria,Sidi Bel Abbès,
Algeria,Skikda,
Algeria,Souk Ahras,
Algeria,Tébessa,
Algeria,Tamanrasset,
Algeria,Tiaret,
Algeria,Tindouf,
Algeria,Tipaza,
Algeria,Tissemsilt,
Algeria,Tizi Ouzou,
Algeria,Tlemcen,
Algeria,,
American Samoa,Eastern District,
American Samoa,Manu'a District,
American Samoa,Rose Island,
American Samoa,Swains Island,
American Samoa,Western District,
American Samoa,,
Andorra,Andorra la Vella,
Andorra,Canillo,
Andorra,Encamp,
Andorra,Escaldes-Engordany,
Andorra,La Massana,
Andorra,Ordino,
Andorra,Sant Julià de Loria,
Andorra,,
Angola,Bíe,
Angola,Bengo Province,
Angola,Benguela,
Angola,Cabinda,
Angola,Cuando Cobango,
Angola,Cuanza Norte Province,
Angola,Cunene Province,
Angola,Huíla,
Angola,Huambo,
Angola,Kwanza Sul,
Angola,Luanda Norte,
Angola,Luanda Province,
Angola,Lunda Sul,
Angola,Malanje Province,
Angola,Moxico,
Angola,Namibe Province,
Angola,Uíge,
Angola,Zaire,
Angola,,
Anguilla,,
Antarctica,,
Antigua and Barbuda,Barbuda,
Antigua and Barbuda,Parish of Saint George,
Antigua and Barbuda,Parish of Saint John,
Antigua and Barbuda,Parish of Saint Mary,
Antigua and Barbuda,Parish of Saint Paul,
Antigua and Barbuda,Parish of Saint Peter,
Antigua and Barbuda,Parish of Saint Philip,
Antigua and Barbuda,Redonda,
Antigua and Barbuda,,
Argentina,Buenos Aires,
Argentina,Buenos Aires F.D.,
Argentina,Catamarca,
Argentina,Chaco,
Argentina,Chubut,
Argentina,Cordoba,
Argentina,Corrientes,
Argentina,Entre Rios,
Argentina,Formosa,
Argentina,Jujuy,
Argentina,La Pampa,
Argentina,La Rioja,
Argentina,Mendoza,
Argentina,Misiones,
Argentina,Neuquen,
Argentina,Rio Negro,
Argentina,Salta,
Argentina,San Juan,
Argentina,San Luis,
Argentina,Santa Cruz,
Argentina,Santa Fe,
Argentina,Santiago del Estero,
Argentina,Tierra del Fuego,
Argentina,Tucuman,
Argentina,,
Armenia,Aragatsotn,
Armenia,Ararat,
Armenia,Armavir,
Armenia,Gegharkunik,
Armenia,Kotayk,
Armenia,Lori,
Armenia,Shirak,
Armenia,Syunik,
Armenia,Tavush,
Armenia,Vayots Dzor,
Armenia,Yerevan,
Armenia,,
Aruba,,
Australia,Australian Capital Territory,
Australia,New South Wales,
Australia,Northern Territory,
Australia,Queensland,
Australia,South Australia,
Australia,Tasmania,
Australia,Victoria,
Australia,Western Australia,
Australia,,
Austria,Burgenland,
Austria,Carinthia,
Austria,Lower Austria,
Austria,Salzburg,
Austria,Styria,
Austria,Tyrol,
Austria,Upper Austria,
Austria,Vienna,
Austria,Vorarlberg,
Austria,,
Azerbaijan,Baku City,
Azerbaijan,Ganja City,
Azerbaijan,Lankaran Rayon,
Azerbaijan,Nakhichevan,Shahbuz Rayon
Azerbaijan,Qusar Rayon,
Azerbaijan,Sabirabad Rayon,
Azerbaijan,Salyan Rayon,
Azerbaijan,Sumqayit City,
Azerbaijan,,
Bahamas,Acklins Island District,
Bahamas,Berry Islands District,
Bahamas,Bimini,
Bahamas,Black Point District,
Bahamas,Cat Island,
Bahamas,Central Abaco District,
Bahamas,Central Andros District,
Bahamas,Central Eleuthera District,
Bahamas,City of Freeport District,
Bahamas,Crooked Island and Long Cay District,
Bahamas,East Grand Bahama District,
Bahamas,Exuma District,
Bahamas,Grand Cay District,
Bahamas,Harbour Island,
Bahamas,Hope Town District,
Bahamas,Inagua,
Bahamas,Long Island,
Bahamas,Mangrove Cay,
Bahamas,Mayaguana District,
Bahamas,Moore's Island District,
Bahamas,New Providence District,
Bahamas,North Abaco District,
Bahamas,North Andros District,
Bahamas,North Eleuthera,
Bahamas,Ragged Island District,
Bahamas,Rum Cay,
Bahamas,San Salvador District,
Bahamas,South Abaco District,
Bahamas,South Andros,
Bahamas,South Eleuthera,
Bahamas,Spanish Wells District,
Bahamas,West Grand Bahama District,
Bahamas,,
Bahrain,Manama,
Bahrain,Muharraq,
Bahrain,Northern,
Bahrain,Southern Governorate,
Bahrain,,
Bangladesh,Barisal Division,Barisal
Bangladesh,Barisal Division,Bhola
Bangladesh,Barisal Division,Jhalokati
Bangladesh,Chittagong,Brahmanbaria
Bangladesh,Chittagong,Chandpur
Bangladesh,Chittagong,Chittagong
Bangladesh,Chittagong,Comilla
Bangladesh,Chittagong,Cox's Bazar
Bangladesh,Chittagong,Feni
Bangladesh,Chittagong,Khagrachhari
Bangladesh,Chittagong,Lakshmipur
Bangladesh,Chittagong,Noakhali
Bangladesh,Chittagong,Rangamati
Bangladesh,Dhaka Division,Dhaka
Bangladesh,Dhaka Division,Faridpur
Bangladesh,Dhaka Division,Gazipur
Bangladesh,Dhaka Division,Gopalganj
Bangladesh,Dhaka Division,Kishoregonj
Bangladesh,Dhaka Division,Madaripur
Bangladesh,Dhaka Division,Manikganj
Bangladesh,Dhaka Division,Munshiganj
Bangladesh,Dhaka Division,Narayanganj
Bangladesh,Dhaka Division,Narsingdi
Bangladesh,Dhaka Division,Rajbari
Bangladesh,Dhaka Division,Shariatpur
Bangladesh,Dhaka Division,Tangail
Bangladesh,Dhaka Division,
Bangladesh,Khulna Division,Bagerhat
Bangladesh,Khulna Division,Chuadanga
Bangladesh,Khulna Division,Jessore
Bangladesh,Khulna Division,Jhenaidah
Bangladesh,Khulna Division,Khulna
Bangladesh,Khulna Division,Kushtia
Bangladesh,Khulna Division,Magura
Bangladesh,Khulna Division,Narail
Bangladesh,Khulna Division,Satkhira
Bangladesh,Mymensingh Division,Jamalpur
Bangladesh,Mymensingh Division,Mymensingh
Bangladesh,Mymensingh Division,Netrakona
Bangladesh,Rajshahi Division,Bogra
Bangladesh,Rajshahi Division,Chapai Nababganj
Bangladesh,Rajshahi Division,Joypurhat
Bangladesh,Rajshahi Division,Naogaon
Bangladesh,Rajshahi Division,Natore
Bangladesh,Rajshahi Division,Pabna
Bangladesh,Rajshahi Division,Rajshahi
Bangladesh,Rajshahi Division,Sirajganj
Bangladesh,Rajshahi Division,
Bangladesh,Rangpur Division,Dinajpur
Bangladesh,Rangpur Division,Gaibandha
Bangladesh,Rangpur Division,Kurigram
Bangladesh,Rangpur Division,Lalmonirhat District
Bangladesh,Rangpur Division,Nilphamari
Bangladesh,Rangpur Division,Rangpur
Bangladesh,Sylhet Division,Habiganj
Bangladesh,Sylhet Division,Sunamganj
Bangladesh,Sylhet Division,Sylhet
Bangladesh,,
Barbados,Christ Church,
Barbados,Saint Andrew,
Barbados,Saint George,
Barbados,Saint James,
Barbados,Saint Lucy,
Barbados,Saint Michael,
Barbados,Saint Peter,
Barbados,Saint Philip,
Barbados,Saint Thomas,
Barbados,,
Belarus,Brest,
Belarus,Grodnenskaya,
Belarus,Homyel’ Voblasc’,
Belarus,Minsk,
Belarus,Minsk City,
Belarus,Mogilev,
Belarus,Vitebsk,
Belarus,,
Belgium,Brussels Capital,
Belgium,Flanders,Antwerp Province
Belgium,Flanders,East Flanders Province
Belgium,Flanders,Flemish Brabant Province
Belgium,Flanders,Limburg Province
Belgium,Flanders,West Flanders Province
Belgium,Wallonia,Hainaut Province
Belgium,Wallonia,Liège Province
Belgium,Wallonia,Luxembourg Province
Belgium,Wallonia,Namur Province
Belgium,Wallonia,Walloon Brabant Province
Belgium,,
Belize,Belize District,
Belize,Cayo District,
Belize,Corozal District,
Belize,Orange Walk District,
Belize,Stann Creek District,
Belize,Toledo District,
Belize,,
Benin,Alibori,
Benin,Atakora Department,
Benin,Atlantique Department,
Benin,Borgou Department,
Benin,Collines Department,
Benin,Donga,
Benin,Kouffo Department,
Benin,Littoral,
Benin,Mono,
Benin,Ouémé,
Benin,Plateau Department,
Benin,Zou Department,
Benin,,
Bermuda,Devonshire Parish,
Bermuda,Hamilton city,
Bermuda,Paget,
Bermuda,Pembroke Parish,
Bermuda,Saint George,
Bermuda,Sandys Parish,
Bermuda,Southampton Parish,
Bermuda,,
Bhutan,Bumthang Dzongkhag,
Bhutan,Chukha,
Bhutan,Dagana,
Bhutan,Gasa,
Bhutan,Haa,
Bhutan,Lhuntse,
Bhutan,Mongar,
Bhutan,Paro,
Bhutan,Pemagatshel,
Bhutan,Punakha Dzongkhag,
Bhutan,Samdrup Jongkhar,
Bhutan,Samtse Dzongkhag,
Bhutan,Sarpang Dzongkhag,
Bhutan,Thimphu Dzongkhag,
Bhutan,Trashi Yangste,
Bhutan,Trashigang Dzongkhag,
Bhutan,Trongsa Dzongkhag,
Bhutan,Tsirang Dzongkhag,
Bhutan,Wangdue Phodrang Dzongkhag,
Bhutan,Zhemgang Dzongkhag,
Bhutan,,
Bolivia,Departamento de Chuquisaca,
Bolivia,Departamento de Cochabamba,
Bolivia,Departamento de La Paz,
Bolivia,Departamento de Pando,
Bolivia,Departamento de Potosi,
Bolivia,Departamento de Santa Cruz,
Bolivia,Departamento de Tarija,
Bolivia,El Beni,
Bolivia,Oruro,
Bolivia,,
"Bonaire, Sint Eustatius, and Saba",Bonaire,
"Bonaire, Sint Eustatius, and Saba",Saba,
"Bonaire, Sint Eustatius, and Saba",Sint Eustatius,
"Bonaire, Sint Eustatius, and Saba",,
Bosnia and Herzegovina,Brčko,
Bosnia and Herzegovina,Federation of B&H,Canton 10
Bosnia and Herzegovina,Federation of B&H,Central Bosnia Canton
Bosnia and Herzegovina,Federation of B&H,Sarajevo Canton
Bosnia and Herzegovina,Federation of B&H,Tuzla Canton
Bosnia and Herzegovina,Federation of B&H,Zenica-Doboj Canton
Bosnia and Herzegovina,Federation of B&H,
Bosnia and Herzegovina,Republika Srpska,
Bosnia and Herzegovina,,
Botswana,Central District,
Botswana,Chobe District,
Botswana,City of Francistown,
Botswana,Gaborone,
Botswana,Ghanzi District,
Botswana,Jwaneng,
Botswana,Kgalagadi District,
Botswana,Kweneng District,
Botswana,Lobatse,
Botswana,Ngwaketsi,
Botswana,North-East,
Botswana,North-West,
Botswana,Selibe Phikwe,
Botswana,South-East,
Botswana,Sowa Town,
Botswana,,
Bouvet Island,,
Brazil,Acre,
Brazil,Alagoas,
Brazil,Amapa,
Brazil,Amazonas,
Brazil,Bahia,
Brazil,Ceara,
Brazil,Espirito Santo,
Brazil,Federal District,
Brazil,Goias,
Brazil,Maranhao,
Brazil,Mato Grosso,
Brazil,Mato Grosso do Sul,
Brazil,Minas Gerais,
Brazil,Para,
Brazil,Paraíba,
Brazil,Parana,
Brazil,Pernambuco,
Brazil,Piaui,
Brazil,Rio de Janeiro,
Brazil,Rio Grande do Norte,
Brazil,Rio Grande do Sul,
Brazil,Rondonia,
Brazil,Roraima,
Brazil,Santa Catarina,
Brazil,Sao Paulo,
Brazil,Sergipe,
Brazil,Tocantins,
Brazil,,
British Indian Ocean Territory,,
British Virgin Islands,,
Brunei Darussalam,Belait,
Brunei Darussalam,Brunei-Muara District,
Brunei Darussalam,Temburong,
Brunei Darussalam,Tutong,
Brunei Darussalam,,
Bulgaria,Blagoevgrad,
Bulgaria,Burgas,
Bulgaria,Dobrich,
Bulgaria,Gabrovo,
Bulgaria,Haskovo,
Bulgaria,Kardzhali,
Bulgaria,Kyustendil,
Bulgaria,Lovech,
Bulgaria,Montana,
Bulgaria,Pazardzhik,
Bulgaria,Pernik,
Bulgaria,Pleven,
Bulgaria,Plovdiv,
Bulgaria,Razgrad,
Bulgaria,Ruse,
Bulgaria,Shumen,
Bulgaria,Silistra,
Bulgaria,Sliven,
Bulgaria,Smolyan,
Bulgaria,Sofia,
Bulgaria,Sofia-Capital,
Bulgaria,Stara Zagora,
Bulgaria,Targovishte,
Bulgaria,Varna,
Bulgaria,Veliko Tarnovo,
Bulgaria,Vidin,
Bulgaria,Vratsa,
Bulgaria,Yambol,
Bulgaria,,
Burkina Faso,Boucle du Mouhoun,Province du Mouhoun
Burkina Faso,Cascades Region,Province de la Comoe
Burkina Faso,Centre,Kadiogo Province
Burkina Faso,Centre-Est,Kouritenga Province
Burkina Faso,Centre-Est,Province du Boulgou
Burkina Faso,Centre-Nord,Province du Bam
Burkina Faso,Centre-Ouest,Province du Boulkiemde
Burkina Faso,Centre-Sud,Bazega Province
Burkina Faso,Est,Province de la Tapoa
Burkina Faso,Hauts-Bassins,Province du Houet
Burkina Faso,Nord,Province du Yatenga
Burkina Faso,Plateau-Central,Oubritenga
Burkina Faso,Sahel,Province du Seno
Burkina Faso,Sud-Ouest,Province de la Bougouriba
Burkina Faso,,
Burundi,Bubanza Province,
Burundi,Bujumbura Mairie Province,
Burundi,Bujumbura Rural Province,
Burundi,Bururi Province,
Burundi,Cankuzo Province,
Burundi,Cibitoke Province,
Burundi,Gitega Province,
Burundi,Karuzi Province,
Burundi,Kayanza Province,
Burundi,Kirundo Province,
Burundi,Makamba Province,
Burundi,Muramvya Province,
Burundi,Muyinga Province,
Burundi,Mwaro,
Burundi,Ngozi Province,
Burundi,Rumonge,
Burundi,Rutana Province,
Burundi,Ruyigi Province,
Burundi,,
Cambodia,Banteay Meanchey,
Cambodia,Battambang,
Cambodia,Kampong Cham,
Cambodia,Kampong Chhnang,
Cambodia,Kampong Speu,
Cambodia,Kampong Thom,
Cambodia,Kampot,
Cambodia,Kandal,
Cambodia,Kep,
Cambodia,Koh Kong,
Cambodia,Kratie,
Cambodia,Mondolkiri,
Cambodia,Otar Meanchey,
Cambodia,Pailin,
Cambodia,Phnom Penh,
Cambodia,Preah Sihanouk,
Cambodia,Preah Vihear,
Cambodia,Prey Veng,
Cambodia,Pursat,
Cambodia,Ratanakiri,
Cambodia,Siem Reap,
Cambodia,Stung Treng,
Cambodia,Svay Rieng,
Cambodia,Takeo,
Cambodia,Tboung Khmum,
Cambodia,,
Cameroon,Adamaoua Region,
Cameroon,Centre,
Cameroon,East,
Cameroon,Far North Region,
Cameroon,Littoral,
Cameroon,North Region,
Cameroon,North-West Region,
Cameroon,South,
Cameroon,South-West Region,
Cameroon,West Region,
Cameroon,,
Canada,Alberta,
Canada,British Columbia,
Canada,Manitoba,
Canada,New Brunswick,
Canada,Newfoundland and Labrador,
Canada,Northwest Territories,
Canada,Nova Scotia,
Canada,Nunavut,
Canada,Ontario,
Canada,Prince Edward Island,
Canada,Quebec,
Canada,Saskatchewan,
Canada,Yukon,
Canada,,
Cape Verde,Boa Vista,
Cape Verde,Brava,
Cape Verde,Maio,
Cape Verde,Mosteiros,
Cape Verde,Paul,
Cape Verde,Porto Novo,
Cape Verde,Praia,
Cape Verde,Ribeira Brava,
Cape Verde,Ribeira Grande,
Cape Verde,Ribeira Grande de Santiago,
Cape Verde,São Domingos,
Cape Verde,São Filipe,
Cape Verde,São Lourenço dos Órgãos,
Cape Verde,São Miguel,
Cape Verde,São Salvador do Mundo,
Cape Verde,São Vicente,
Cape Verde,Sal,
Cape Verde,Santa Catarina,
Cape Verde,Santa Catarina do Fogo,
Cape Verde,Santa Cruz,
Cape Verde,Tarrafal,
Cape Verde,Tarrafal de São Nicolau,
Cape Verde,,
Cayman Islands,,
Cb,,
Central African Republic,Bamingui-Bangoran,
Central African Republic,Bangui,
Central African Republic,Basse-Kotto,
Central African Republic,Haute-Kotto,
Central African Republic,Haut-Mbomou,
Central African Republic,Kémo,
Central African Republic,Lobaye,
Central African Republic,Mambéré-Kadéï,
Central African Republic,Mbomou,
Central African Republic,Nana-Grébizi,
Central African Republic,Nana-Mambéré,
Central African Republic,Ombella-M'Poko,
Central African Republic,Ouaka,
Central African Republic,Ouham,
Central African Republic,Ouham-Pendé,
Central African Republic,Sangha-Mbaéré,
Central African Republic,Vakaga,
Central African Republic,,
Chad,Barh el Gazel,
Chad,Batha Region,
Chad,Borkou Region,
Chad,Chari-Baguirmi Region,
Chad,Ennedi-Est,
Chad,Ennedi-Ouest,
Chad,Guéra,
Chad,Hadjer-Lamis,
Chad,Kanem Region,
Chad,Lac Region,
Chad,Logone Occidental Region,
Chad,Logone Oriental Region,
Chad,Mandoul,
Chad,Mayo-Kebbi Est,
Chad,Mayo-Kebbi Ouest,
Chad,Moyen-Chari Region,
Chad,N’Djaména,
Chad,Ouadaï,
Chad,Salamat Region,
Chad,Sila,
Chad,Tandjilé,
Chad,Tibesti Region,
Chad,Wadi Fira Region,
Chad,,
Chile,Ñuble,
Chile,Antofagasta,
Chile,Atacama,
Chile,Aysén,
Chile,Coquimbo Region,
Chile,Los Lagos Region,
Chile,Los Ríos Region,
Chile,Maule Region,
Chile,O'Higgins Region,
Chile,Region de Arica y Parinacota,
Chile,Region de la Araucania,
Chile,Region de Valparaiso,
Chile,Region del Biobio,
Chile,Region of Magallanes,
Chile,Santiago Metropolitan,
Chile,Tarapacá,
Chile,,
China,Anhui,
China,Beijing,
China,Chongqing,
China,Fujian,
China,Gansu,
China,Guangdong,
China,Guangxi,
China,Guizhou,
China,Hainan,
China,Hebei,
China,Heilongjiang,
China,Henan,
China,Hubei,
China,Hunan,
China,Inner Mongolia Autonomous Region,
China,Jiangsu,
China,Jiangxi,
China,Jilin,
China,Liaoning,
China,Ningxia Hui Autonomous Region,
China,Qinghai,
China,Shaanxi,
China,Shandong,
China,Shanghai,
China,Shanxi,
China,Sichuan,
China,Tianjin,
China,Tibet,
China,Xinjiang,
China,Yunnan,
China,Zhejiang,
China,,
Christmas Island,,
Cocos (Keeling) Islands,,
Colombia,Amazonas,
Colombia,Antioquia,
Colombia,Atlántico,
Colombia,Bogota D.C.,
Colombia,Cundinamarca,
Colombia,Departamento de Arauca,
Colombia,Departamento de Bolivar,
Colombia,Departamento de Boyaca,
Colombia,Departamento de Caldas,
Colombia,Departamento de Casanare,
Colombia,Departamento de Cordoba,
Colombia,Departamento de La Guajira,
Colombia,Departamento de Narino,
Colombia,Departamento de Norte de Santander,
Colombia,Departamento de Risaralda,
Colombia,Departamento de Santander,
Colombia,Departamento de Sucre,
Colombia,Departamento de Tolima,
Colombia,Departamento del Caqueta,
Colombia,Departamento del Cauca,
Colombia,Departamento del Cesar,
Colombia,Departamento del Choco,
Colombia,Departamento del Guainia,
Colombia,Departamento del Guaviare,
Colombia,Departamento del Huila,
Colombia,Departamento del Magdalena,
Colombia,Departamento del Meta,
Colombia,Departamento del Putumayo,
Colombia,Departamento del Valle del Cauca,
Colombia,Departamento del Vaupes,
Colombia,Departamento del Vichada,
Colombia,Quindio Department,
Colombia,San Andres y Providencia,
Colombia,,
Comoros,Grande Comore,
Comoros,Mohéli,
Comoros,Ndzuwani,
Comoros,,
Congo (Brazzaville),Brazzaville,
Congo (Brazzaville),Cuvette,
Congo (Brazzaville),Cuvette-Ouest,
Congo (Brazzaville),Kouilou,
Congo (Brazzaville),Lékoumou,
Congo (Brazzaville),Likouala,
Congo (Brazzaville),Niari,
Congo (Brazzaville),Plateaux,
Congo (Brazzaville),Pointe-Noire,
Congo (Brazzaville),Sangha,
Congo (Brazzaville),,
Congo (Kinshasa),Équateur,
Congo (Kinshasa),Bas-Congo,
Congo (Kinshasa),Bas-Uele,
Congo (Kinshasa),Haut-Katanga,
Congo (Kinshasa),Haut-Lomami,
Congo (Kinshasa),Haut-Uele,
Congo (Kinshasa),Ituri,
Congo (Kinshasa),Kasaï-Oriental,
Congo (Kinshasa),Kasai,
Congo (Kinshasa),Kinshasa City,
Congo (Kinshasa),Kwango,
Congo (Kinshasa),Kwilu,
Congo (Kinshasa),Lomami,
Congo (Kinshasa),Lualaba,
Congo (Kinshasa),Mai-Ndombe,
Congo (Kinshasa),Maniema,
Congo (Kinshasa),Mongala,
Congo (Kinshasa),Nord Kivu,
Congo (Kinshasa),Nord-Ubangi,
Congo (Kinshasa),Sankuru,
Congo (Kinshasa),South Kivu Province,
Congo (Kinshasa),Sud-Ubangi,
Congo (Kinshasa),Tanganyika,
Congo (Kinshasa),Tshopo,
Congo (Kinshasa),Tshuapa,
Congo (Kinshasa),,
Cook Islands,,
Costa Rica,Provincia de Alajuela,
Costa Rica,Provincia de Cartago,
Costa Rica,Provincia de Guanacaste,
Costa Rica,Provincia de Heredia,
Costa Rica,Provincia de Limon,
Costa Rica,Provincia de Puntarenas,
Costa Rica,Provincia de San Jose,
Costa Rica,,
Côte d'Ivoire,Abidjan,
Côte d'Ivoire,Bas-Sassandra,
Côte d'Ivoire,Comoe,
Côte d'Ivoire,Denguele,
Côte d'Ivoire,Goh-Djiboua,
Côte d'Ivoire,Lacs,
Côte d'Ivoire,Lagunes,
Côte d'Ivoire,Montagnes,
Côte d'Ivoire,Sassandra-Marahoue,
Côte d'Ivoire,Savanes,
Côte d'Ivoire,Vallee du Bandama,
Côte d'Ivoire,Woroba,
Côte d'Ivoire,Yamoussoukro Autonomous District,
Côte d'Ivoire,Zanzan,
Côte d'Ivoire,,
Croatia,Bjelovar-Bilogora,
Croatia,City of Zagreb,
Croatia,Dubrovacko-Neretvanska Zupanija,
Croatia,Istria,
Croatia,Karlovac,
Croatia,Koprivinica-Krizevci,
Croatia,Krapina-Zagorje,
Croatia,Lika-Senj,
Croatia,Medimurje,
Croatia,Osjecko-Baranjska Zupanija,
Croatia,Pozega-Slavonia,
Croatia,Primorsko-Goranska Zupanija,
Croatia,Sibenik-Knin,
Croatia,Sisak-Moslavina,
Croatia,Slavonski Brod-Posavina,
Croatia,Split-Dalmatia,
Croatia,Varazdin,
Croatia,Virovitica-Podravina,
Croatia,Vukovar-Sirmium,
Croatia,Zadar,
Croatia,Zagreb County,
Croatia,,
Cuba,Artemisa,
Cuba,Havana,
Cuba,Las Tunas,
Cuba,Mayabeque,
Cuba,Provincia de Camagueey,
Cuba,Provincia de Ciego de Avila,
Cuba,Provincia de Holguin,
Cuba,Provincia de Matanzas,
Cuba,Provincia de Pinar del Rio,
Cuba,Provincia de Santiago de Cuba,
Cuba,Provincia de Villa Clara,
Cuba,,
Curaçao,,
Cyprus,Ammochostos,
Cyprus,Keryneia,
Cyprus,Larnaka,
Cyprus,Limassol District,
Cyprus,Nicosia,
Cyprus,Pafos,
Cyprus,,
Czech Republic,Central Bohemia,Benešov District
Czech Republic,Central Bohemia,Beroun District
Czech Republic,Central Bohemia,Kladno District
Czech Republic,Central Bohemia,Kutná Hora District
Czech Republic,Central Bohemia,Mělník District
Czech Republic,Central Bohemia,Mladá Boleslav District
Czech Republic,Central Bohemia,Nymburk District
Czech Republic,Central Bohemia,Okres Kolin
Czech Republic,Central Bohemia,Okres Praha-vychod
Czech Republic,Central Bohemia,Okres Praha-zapad
Czech Republic,Central Bohemia,Příbram District
Czech Republic,Central Bohemia,Rakovník District
Czech Republic,Hlavni mesto Praha,Praha 10
Czech Republic,Hlavni mesto Praha,Praha 11
Czech Republic,Hlavni mesto Praha,Praha 12
Czech Republic,Hlavni mesto Praha,Praha 13
Czech Republic,Hlavni mesto Praha,Praha 14
Czech Republic,Hlavni mesto Praha,Praha 15
Czech Republic,Hlavni mesto Praha,Praha 17
Czech Republic,Hlavni mesto Praha,Praha 21
Czech Republic,Hlavni mesto Praha,Praha 22
Czech Republic,Hlavni mesto Praha,Praha 4
Czech Republic,Hlavni mesto Praha,Praha 5
Czech Republic,Hlavni mesto Praha,Praha 6
Czech Republic,Hlavni mesto Praha,Praha 8
Czech Republic,Hlavni mesto Praha,
Czech Republic,Jihocesky kraj,České Budějovice District
Czech Republic,Jihocesky kraj,Cesky Krumlov
Czech Republic,Jihocesky kraj,Jindřichův Hradec District
Czech Republic,Jihocesky kraj,Písek District
Czech Republic,Jihocesky kraj,Prachatice District
Czech Republic,Jihocesky kraj,Strakonice District
Czech Republic,Jihocesky kraj,Tábor District
Czech Republic,Karlovarsky kraj,Cheb District
Czech Republic,Karlovarsky kraj,Okres Karlovy Vary
Czech Republic,Karlovarsky kraj,Sokolov District
Czech Republic,Kraj Vysocina,Žďár nad Sázavou District
Czech Republic,Kraj Vysocina,Havlíčkův Brod District
Czech Republic,Kraj Vysocina,Okres Jihlava
Czech Republic,Kraj Vysocina,Pelhřimov District
Czech Republic,Kraj Vysocina,Třebíč District
Czech Republic,Kralovehradecky kraj,Hradec Králové District
Czech Republic,Kralovehradecky kraj,Jičín District
Czech Republic,Kralovehradecky kraj,Náchod District
Czech Republic,Kralovehradecky kraj,Rychnov nad Kněžnou District
Czech Republic,Kralovehradecky kraj,Trutnov District
Czech Republic,Liberecky kraj,Česká Lípa District
Czech Republic,Liberecky kraj,Jablonec nad Nisou District
Czech Republic,Liberecky kraj,Liberec District
Czech Republic,Liberecky kraj,Semily District
Czech Republic,Liberecky kraj,
Czech Republic,Moravskoslezsky kraj,Bruntál District
Czech Republic,Moravskoslezsky kraj,Nový Jičín District
Czech Republic,Moravskoslezsky kraj,Okres Frydek-Mistek
Czech Republic,Moravskoslezsky kraj,Okres Karvina
Czech Republic,Moravskoslezsky kraj,Okres Ostrava-mesto
Czech Republic,Moravskoslezsky kraj,Opava District
Czech Republic,Olomoucky kraj,Šumperk District
Czech Republic,Olomoucky kraj,Jeseník District
Czech Republic,Olomoucky kraj,Olomouc District
Czech Republic,Olomoucky kraj,Přerov District
Czech Republic,Olomoucky kraj,Prostějov District
Czech Republic,Pardubicky kraj,Ústí nad Orlicí District
Czech Republic,Pardubicky kraj,Chrudim District
Czech Republic,Pardubicky kraj,Pardubice District
Czech Republic,Pardubicky kraj,Svitavy District
Czech Republic,Plzensky kraj,Domažlice District
Czech Republic,Plzensky kraj,Klatovy District
Czech Republic,Plzensky kraj,Okres Plzen-jih
Czech Republic,Plzensky kraj,Okres Plzen-mesto
Czech Republic,Plzensky kraj,Okres Plzen-sever
Czech Republic,Plzensky kraj,Rokycany District
Czech Republic,Plzensky kraj,Tachov District
Czech Republic,South Moravian,Břeclav District
Czech Republic,South Moravian,Blansko District
Czech Republic,South Moravian,Hodonín District
Czech Republic,South Moravian,Mesto Brno
Czech Republic,South Moravian,Okres Brno-venkov
Czech Republic,South Moravian,Vyškov District
Czech Republic,South Moravian,Znojmo District
Czech Republic,Ustecky kraj,Chomutov District
Czech Republic,Ustecky kraj,Děčín District
Czech Republic,Ustecky kraj,Litoměřice District
Czech Republic,Ustecky kraj,Louny District
Czech Republic,Ustecky kraj,Most District
Czech Republic,Ustecky kraj,Okres Usti nad Labem
Czech Republic,Ustecky kraj,Teplice District
Czech Republic,Zlín,Kroměříž District
Czech Republic,Zlín,Uherské Hradiště District
Czech Republic,Zlín,Vsetín District
Czech Republic,Zlín,Zlín District
Czech Republic,,
Denmark,Capital Region,
Denmark,Central Jutland,
Denmark,North Denmark,
Denmark,South Denmark,
Denmark,Zealand,
Denmark,,
Djibouti,Ali Sabieh Region,
Djibouti,Arta Region,
Djibouti,Dikhil,
Djibouti,Djibouti,
Djibouti,Obock,
Djibouti,Tadjourah,
Djibouti,,
Dominica,Saint Andrew,
Dominica,Saint David,
Dominica,Saint George,
Dominica,Saint John,
Dominica,Saint Joseph,
Dominica,Saint Luke,
Dominica,Saint Mark,
Dominica,Saint Patrick,
Dominica,Saint Paul,
Dominica,Saint Peter,
Dominica,,
Dominican Republic,Nacional,
Dominican Republic,Provincia de Azua,
Dominican Republic,Provincia de Baoruco,
Dominican Republic,Provincia de Barahona,
Dominican Republic,Provincia de Dajabon,
Dominican Republic,Provincia de El Seibo,
Dominican Republic,Provincia de Elias Pina,
Dominican Republic,Provincia de Hato Mayor,
Dominican Republic,Provincia de Hermanas Mirabal,
Dominican Republic,Provincia de Independencia,
Dominican Republic,Provincia de La Altagracia,
Dominican Republic,Provincia de La Romana,
Dominican Republic,Provincia de La Vega,
Dominican Republic,Provincia de Monsenor Nouel,
Dominican Republic,Provincia de Monte Cristi,
Dominican Republic,Provincia de Monte Plata,
Dominican Republic,Provincia de Pedernales,
Dominican Republic,Provincia de Peravia,
Dominican Republic,Provincia de San Cristobal,
Dominican Republic,Provincia de San Jose de Ocoa,
Dominican Republic,Provincia de San Juan,
Dominican Republic,Provincia de San Pedro de Macoris,
Dominican Republic,Provincia de Santiago,
Dominican Republic,Provincia de Santiago Rodriguez,
Dominican Republic,Provincia de Santo Domingo,
Dominican Republic,Provincia de Valverde,
Dominican Republic,Provincia Duarte,
Dominican Republic,Provincia Espaillat,
Dominican Republic,Provincia Maria Trinidad Sanchez,
Dominican Republic,Provincia Sanchez Ramirez,
Dominican Republic,Puerto Plata,
Dominican Republic,Samaná,
Dominican Republic,,
Ecuador,Provincia de Bolivar,
Ecuador,Provincia de Cotopaxi,
Ecuador,Provincia de El Oro,
Ecuador,Provincia de Esmeraldas,
Ecuador,Provincia de Francisco de Orellana,
Ecuador,Provincia de Galapagos,
Ecuador,Provincia de Imbabura,
Ecuador,Provincia de Loja,
Ecuador,Provincia de Los Rios,
Ecuador,Provincia de Manabi,
Ecuador,Provincia de Morona-Santiago,
Ecuador,Provincia de Napo,
Ecuador,Provincia de Pichincha,
Ecuador,Provincia de Santa Elena,
Ecuador,Provincia de Santo Domingo de los Tsachilas,
Ecuador,Provincia de Sucumbios,
Ecuador,Provincia de Zamora-Chinchipe,
Ecuador,Provincia del Azuay,
Ecuador,Provincia del Canar,
Ecuador,Provincia del Carchi,
Ecuador,Provincia del Chimborazo,
Ecuador,Provincia del Guayas,
Ecuador,Provincia del Pastaza,
Ecuador,Provincia del Tungurahua,
Ecuador,,
Egypt,Alexandria,
Egypt,Aswan,
Egypt,Asyut,
Egypt,Beheira,
Egypt,Beni Suweif,
Egypt,Cairo Governorate,
Egypt,Dakahlia,
Egypt,Damietta Governorate,
Egypt,Faiyum,
Egypt,Gharbia,
Egypt,Giza,
Egypt,Ismailia Governorate,
Egypt,Kafr el-Sheikh,
Egypt,Luxor,
Egypt,Matruh,
Egypt,Minya,
Egypt,Monufia,
Egypt,North Sinai,
Egypt,Port Said,
Egypt,Qalyubia,
Egypt,Qena,
Egypt,Red Sea,
Egypt,Sharqia,
Egypt,Sohag,
Egypt,South Sinai,
Egypt,Suez,
Egypt,,
El Salvador,Departamento de Ahuachapan,
El Salvador,Departamento de Cabanas,
El Salvador,Departamento de Chalatenango,
El Salvador,Departamento de Cuscatlan,
El Salvador,Departamento de La Libertad,
El Salvador,Departamento de La Paz,
El Salvador,Departamento de La Union,
El Salvador,Departamento de Morazan,
El Salvador,Departamento de San Miguel,
El Salvador,Departamento de San Salvador,
El Salvador,Departamento de San Vicente,
El Salvador,Departamento de Santa Ana,
El Salvador,Departamento de Sonsonate,
El Salvador,Departamento de Usulutan,
El Salvador,,
Equatorial Guinea,Annobon,
Equatorial Guinea,Bioko Norte,
Equatorial Guinea,Bioko Sur,
Equatorial Guinea,Centro Sur,
Equatorial Guinea,Kié-Ntem,
Equatorial Guinea,Litoral,
Equatorial Guinea,Wele-Nzas,
Equatorial Guinea,,
Eritrea,Anseba Region,
Eritrea,Debub Region,
Eritrea,Gash-Barka Region,
Eritrea,Maekel Region,
Eritrea,Northern Red Sea,
Eritrea,Southern Red Sea Region,
Eritrea,,
Estonia,Harjumaa,Anija vald
Estonia,Harjumaa,Harku vald
Estonia,Harjumaa,Jõelähtme Parish
Estonia,Harjumaa,Keila linn
Estonia,Harjumaa,Kiili vald
Estonia,Harjumaa,Kose vald
Estonia,Harjumaa,Kuusalu vald
Estonia,Harjumaa,Laeaene-Harju vald
Estonia,Harjumaa,Loksa linn
Estonia,Harjumaa,Maardu linn
Estonia,Harjumaa,Raasiku vald
Estonia,Harjumaa,Rae vald
Estonia,Harjumaa,Saku vald
Estonia,Harjumaa,Saue vald
Estonia,Harjumaa,Tallinn
Estonia,Harjumaa,Viimsi Parish
Estonia,Harjumaa,
Estonia,Hiiumaa,Hiiumaa vald
Estonia,Hiiumaa,
Estonia,Ida-Virumaa,Alutaguse vald
Estonia,Ida-Virumaa,Johvi vald
Estonia,Ida-Virumaa,Kohtla-Jaerve linn
Estonia,Ida-Virumaa,Lueganuse vald
Estonia,Ida-Virumaa,Narva linn
Estonia,Ida-Virumaa,Narva-Joesuu linn
Estonia,Ida-Virumaa,Sillamaee linn
Estonia,Ida-Virumaa,
Estonia,Järvamaa,Jaerva vald
Estonia,Järvamaa,Paide linn
Estonia,Järvamaa,Tueri vald
Estonia,Järvamaa,
Estonia,Jõgevamaa,Jogeva vald
Estonia,Jõgevamaa,Mustvee vald
Estonia,Jõgevamaa,Poltsamaa vald
Estonia,Lääne,Haapsalu linn
Estonia,Lääne,Laeaene-Nigula vald
Estonia,Lääne-Virumaa,Haljala vald
Estonia,Lääne-Virumaa,Kadrina vald
Estonia,Lääne-Virumaa,Rakvere linn
Estonia,Lääne-Virumaa,Rakvere vald
Estonia,Lääne-Virumaa,Tapa vald
Estonia,Lääne-Virumaa,Vaeike-Maarja vald
Estonia,Lääne-Virumaa,Vinni vald
Estonia,Lääne-Virumaa,Viru-Nigula vald
Estonia,Lääne-Virumaa,
Estonia,Pärnumaa,Laeaeneranna vald
Estonia,Pärnumaa,Paernu linn
Estonia,Pärnumaa,Pohja-Paernumaa vald
Estonia,Pärnumaa,Saarde vald
Estonia,Pärnumaa,Tori vald
Estonia,Pärnumaa,
Estonia,Põlvamaa,Põlva Parish
Estonia,Põlvamaa,Raepina vald
Estonia,Raplamaa,Kehtna vald
Estonia,Raplamaa,Kohila vald
Estonia,Raplamaa,Maerjamaa vald
Estonia,Raplamaa,Rapla vald
Estonia,Raplamaa,
Estonia,Saare,Muhu vald
Estonia,Saare,Saaremaa vald
Estonia,Tartu,Elva vald
Estonia,Tartu,Kambja vald
Estonia,Tartu,Kastre vald
Estonia,Tartu,Luunja vald
Estonia,Tartu,Noo vald
Estonia,Tartu,Peipsiaeaere vald
Estonia,Tartu,Tartu linn
Estonia,Tartu,Tartu vald
Estonia,Tartu,
Estonia,Võrumaa,Antsla vald
Estonia,Võrumaa,Rouge vald
Estonia,Võrumaa,Võru Parish
Estonia,Võrumaa,Voru linn
Estonia,Võrumaa,
Estonia,Valgamaa,Otepaeae vald
Estonia,Valgamaa,Torva vald
Estonia,Valgamaa,Valga vald
Estonia,Valgamaa,
Estonia,Viljandimaa,Mulgi vald
Estonia,Viljandimaa,Pohja-Sakala vald
Estonia,Viljandimaa,Viljandi linn
Estonia,Viljandimaa,Viljandi vald
Estonia,,
Ethiopia,Addis Ababa,
Ethiopia,Afar Region,
Ethiopia,Amhara,
Ethiopia,Bīnshangul Gumuz,
Ethiopia,Dire Dawa,
Ethiopia,Gambela,
Ethiopia,Harari Region,
Ethiopia,Oromiya,
Ethiopia,Somali,
Ethiopia,"Southern Nations, Nationalities, and People's Region",
Ethiopia,Tigray,
Ethiopia,,
Falkland Islands (Malvinas),,
Faroe Islands,,
Fiji,Central,Naitasiri Province
Fiji,Central,Tailevu Province
Fiji,Central,
Fiji,Eastern,Lau Province
Fiji,Northern,
Fiji,Rotuma,
Fiji,Western,Ba Province
Fiji,Western,
Fiji,,
Finland,Central Finland,
Finland,Central Ostrobothnia,
Finland,Kainuu,
Finland,Kanta-Häme,
Finland,Kymenlaakso,
Finland,Lapland,
Finland,North Karelia,
Finland,North Ostrobothnia,
Finland,North Savo,
Finland,Ostrobothnia,
Finland,Paijat-Hame Region,
Finland,Pirkanmaa,
Finland,Satakunta,
Finland,South Karelia Region,
Finland,South Ostrobothnia,
Finland,Southern Savonia,
Finland,Southwest Finland,
Finland,Uusimaa,
Finland,,
France,Auvergne-Rhone-Alpes,Ain
France,Auvergne-Rhone-Alpes,Allier
France,Auvergne-Rhone-Alpes,Ardèche
France,Auvergne-Rhone-Alpes,Cantal
France,Auvergne-Rhone-Alpes,Drôme
France,Auvergne-Rhone-Alpes,Haute-Loire
France,Auvergne-Rhone-Alpes,Isère
France,Auvergne-Rhone-Alpes,Loire
France,Auvergne-Rhone-Alpes,Puy-de-Dôme
France,Auvergne-Rhone-Alpes,Rhône
France,Auvergne-Rhone-Alpes,Savoy
France,Auvergne-Rhone-Alpes,Upper Savoy
France,Auvergne-Rhone-Alpes,
France,Île-de-France,Essonne
France,Île-de-France,Hauts-de-Seine
France,Île-de-France,Paris
France,Île-de-France,Seine-et-Marne
France,Île-de-France,Seine-Saint-Denis
France,Île-de-France,Val d'Oise
France,Île-de-France,Val-de-Marne
France,Île-de-France,Yvelines
France,Île-de-France,
France,Bourgogne-Franche-Comte,Cote d'Or
France,Bourgogne-Franche-Comte,Doubs
France,Bourgogne-Franche-Comte,Haute-Saône
France,Bourgogne-Franche-Comte,Jura
France,Bourgogne-Franche-Comte,Nièvre
France,Bourgogne-Franche-Comte,Saône-et-Loire
France,Bourgogne-Franche-Comte,Territoire de Belfort
France,Bourgogne-Franche-Comte,Yonne
France,Bourgogne-Franche-Comte,
France,Brittany,Côtes-d'Armor
France,Brittany,Finistère
France,Brittany,Ille-et-Vilaine
France,Brittany,Morbihan
France,Brittany,
France,Centre-Val de Loire,Cher
France,Centre-Val de Loire,Eure-et-Loir
France,Centre-Val de Loire,Indre
France,Centre-Val de Loire,Indre-et-Loire
France,Centre-Val de Loire,Loiret
France,Centre-Val de Loire,Loir-et-Cher
France,Centre-Val de Loire,
France,Corsica,South Corsica
France,Corsica,Upper Corsica
France,Grand Est,Ardennes
France,Grand Est,Aube
France,Grand Est,Bas-Rhin
France,Grand Est,Haute-Marne
France,Grand Est,Haut-Rhin
France,Grand Est,Marne
France,Grand Est,Meurthe et Moselle
France,Grand Est,Meuse
France,Grand Est,Moselle
France,Grand Est,Vosges
France,Grand Est,
France,Hauts-de-France,Aisne
France,Hauts-de-France,North
France,Hauts-de-France,Oise
France,Hauts-de-France,Pas-de-Calais
France,Hauts-de-France,Somme
France,Hauts-de-France,
France,Normandy,Calvados
France,Normandy,Eure
France,Normandy,Manche
France,Normandy,Orne
France,Normandy,Seine-Maritime
France,Nouvelle-Aquitaine,Charente
France,Nouvelle-Aquitaine,Charente-Maritime
France,Nouvelle-Aquitaine,Corrèze
France,Nouvelle-Aquitaine,Creuse
France,Nouvelle-Aquitaine,Deux-Sèvres
France,Nouvelle-Aquitaine,Dordogne
France,Nouvelle-Aquitaine,Gironde
France,Nouvelle-Aquitaine,Haute-Vienne
France,Nouvelle-Aquitaine,Landes
France,Nouvelle-Aquitaine,Lot-et-Garonne
France,Nouvelle-Aquitaine,Pyrénées-Atlantiques
France,Nouvelle-Aquitaine,Vienne
France,Nouvelle-Aquitaine,
France,Occitanie,Ariège
France,Occitanie,Aude
France,Occitanie,Aveyron
France,Occitanie,Gard
France,Occitanie,Gers
France,Occitanie,Hérault
France,Occitanie,Hautes-Pyrénées
France,Occitanie,Lot
France,Occitanie,Lozère
France,Occitanie,Pyrénées-Orientales
France,Occitanie,Tarn
France,Occitanie,Tarn-et-Garonne
France,Occitanie,Upper Garonne
France,Occitanie,
France,Pays de la Loire,Loire-Atlantique
France,Pays de la Loire,Maine-et-Loire
France,Pays de la Loire,Mayenne
France,Pays de la Loire,Sarthe
France,Pays de la Loire,Vendée
France,Pays de la Loire,
France,Provence-Alpes-Côte d'Azur,Alpes-de-Haute-Provence
France,Provence-Alpes-Côte d'Azur,Alpes-Maritimes
France,Provence-Alpes-Côte d'Azur,Bouches-du-Rhône
France,Provence-Alpes-Côte d'Azur,Hautes-Alpes
France,Provence-Alpes-Côte d'Azur,Var
France,Provence-Alpes-Côte d'Azur,Vaucluse
France,Provence-Alpes-Côte d'Azur,
France,,
French Guiana,,
French Polynesia,Iles Australes,
French Polynesia,Iles du Vent,
French Polynesia,Iles Marquises,
French Polynesia,Iles Tuamotu-Gambier,
French Polynesia,Leeward Islands,
French Polynesia,,
French Southern Territories,,
Gabon,Estuaire,
Gabon,Haut-Ogooué,
Gabon,Moyen-Ogooué,
Gabon,Ngouni,
Gabon,Nyanga,
Gabon,Ogooué-Ivindo,
Gabon,Ogooué-Lolo,
Gabon,Ogooué-Maritime,
Gabon,Woleu-Ntem,
Gabon,,
Gambia,Banjul,
Gambia,Central River,
Gambia,Lower River Division,
Gambia,North Bank,
Gambia,Upper River,
Gambia,West Coast,
Gambia,,
Georgia,Abkhazia,
Georgia,Ajaria,
Georgia,Guria,
Georgia,Imereti,
Georgia,Kakheti,
Georgia,K'alak'i T'bilisi,
Georgia,Kvemo Kartli,
Georgia,Mtskheta-Mtianeti,
Georgia,Racha-Lechkhumi and Kvemo Svaneti,
Georgia,Samegrelo and Zemo Svaneti,
Georgia,Shida Kartli,
Georgia,,
Germany,Baden-Württemberg,
Germany,Bavaria,
Germany,Brandenburg,
Germany,Bremen,
Germany,Hamburg,
Germany,Hesse,
Germany,Land Berlin,
Germany,Lower Saxony,
Germany,Mecklenburg-Vorpommern,
Germany,North Rhine-Westphalia,
Germany,Rheinland-Pfalz,
Germany,Saarland,
Germany,Saxony,
Germany,Saxony-Anhalt,
Germany,Schleswig-Holstein,
Germany,Thuringia,
Germany,,
Ghana,Ahafo,
Ghana,Ashanti Region,
Ghana,Bono,
Ghana,Bono East,
Ghana,Central Region,
Ghana,Eastern Region,
Ghana,Greater Accra Region,
Ghana,North East,
Ghana,Northern Region,
Ghana,Oti,
Ghana,Savannah,
Ghana,Upper East Region,
Ghana,Upper West Region,
Ghana,Volta Region,
Ghana,Western North,
Ghana,,
Gibraltar,,
Greece,Attica,Attica
Greece,Attica,
Greece,Central Greece,Euboea
Greece,Central Greece,Nomos Evrytanias
Greece,Central Greece,Nomos Voiotias
Greece,Central Greece,Phocis
Greece,Central Greece,Phthiotis
Greece,Central Macedonia,Chalkidikí
Greece,Central Macedonia,Imathia
Greece,Central Macedonia,Nomos Kilkis
Greece,Central Macedonia,Pella
Greece,Central Macedonia,Pieria
Greece,Central Macedonia,Sérres
Greece,Central Macedonia,Thessaloniki
Greece,Crete,Chania
Greece,Crete,Heraklion Regional Unit
Greece,Crete,Lasithi
Greece,Crete,Rethymno
Greece,East Macedonia and Thrace,Evros
Greece,East Macedonia and Thrace,Kavala
Greece,East Macedonia and Thrace,Nomos Dramas
Greece,East Macedonia and Thrace,Nomos Rodopis
Greece,East Macedonia and Thrace,Xanthi
Greece,Epirus,Ioannina
Greece,Epirus,Nomos Artas
Greece,Epirus,Nomos Prevezis
Greece,Epirus,Thesprotia
Greece,Ionian Islands,Kefallonia Regional Unit
Greece,Ionian Islands,Lefkada
Greece,Ionian Islands,Nomos Kerkyras
Greece,Ionian Islands,Nomos Zakynthou
Greece,Mount Athos,
Greece,North Aegean,Chios
Greece,North Aegean,Lesbos
Greece,North Aegean,Samos
Greece,Peloponnese,Arcadia
Greece,Peloponnese,Corinthia
Greece,Peloponnese,Laconia
Greece,Peloponnese,Messenia
Greece,Peloponnese,Nomos Argolidos
Greece,South Aegean,Dodecanese
Greece,South Aegean,Nomos Kykladon
Greece,South Aegean,
Greece,Thessaly,Magnesia
Greece,Thessaly,Nomos Kardhitsas
Greece,Thessaly,Nomos Larisis
Greece,Thessaly,Trikala
Greece,West Greece,Achaea
Greece,West Greece,Aitoloakarnania
Greece,West Greece,Ilia Prefecture
Greece,West Macedonia,Florina
Greece,West Macedonia,Grevena
Greece,West Macedonia,Kastoria
Greece,West Macedonia,Kozani
Greece,,
Greenland,Avannaata,
Greenland,Kujalleq,
Greenland,Qeqertalik,
Greenland,Qeqqata,
Greenland,Sermersooq,
Greenland,,
Grenada,Carriacou and Petite Martinique,
Grenada,Saint Andrew,
Grenada,Saint David,
Grenada,Saint George,
Grenada,Saint John,
Grenada,Saint Mark,
Grenada,Saint Patrick,
Grenada,,
Guadeloupe,,
Guam,,
Guatemala,Departamento de Alta Verapaz,
Guatemala,Departamento de Baja Verapaz,
Guatemala,Departamento de Chimaltenango,
Guatemala,Departamento de Chiquimula,
Guatemala,Departamento de El Progreso,
Guatemala,Departamento de Escuintla,
Guatemala,Departamento de Guatemala,
Guatemala,Departamento de Huehuetenango,
Guatemala,Departamento de Izabal,
Guatemala,Departamento de Jalapa,
Guatemala,Departamento de Jutiapa,
Guatemala,Departamento de Quetzaltenango,
Guatemala,Departamento de Retalhuleu,
Guatemala,Departamento de Sacatepequez,
Guatemala,Departamento de San Marcos,
Guatemala,Departamento de Solola,
Guatemala,Departamento de Totonicapan,
Guatemala,Departamento de Zacapa,
Guatemala,Departamento del Peten,
Guatemala,Departamento del Quiche,
Guatemala,Suchitepeque,
Guatemala,,
Guernsey,,
Guinea,Conakry Region,
Guinea,,
Guinea-Bissau,Bafata,
Guinea-Bissau,Bissau,
Guinea-Bissau,Bolama,
Guinea-Bissau,Cacheu Region,
Guinea-Bissau,Gabu,
Guinea-Bissau,Oio Region,
Guinea-Bissau,Quinara,
Guinea-Bissau,Tombali,
Guinea-Bissau,,
Guyana,Barima-Waini Region,
Guyana,Cuyuni-Mazaruni Region,
Guyana,Demerara-Mahaica Region,
Guyana,Essequibo Islands-West Demerara Region,
Guyana,Mahaica-Berbice Region,
Guyana,Pomeroon-Supenaam Region,
Guyana,Potaro-Siparuni Region,
Guyana,Upper Demerara-Berbice Region,
Guyana,Upper Takutu-Upper Essequibo Region,
Guyana,,
Haiti,Centre,
Haiti,Departement de l'Artibonite,
Haiti,Departement de l'Ouest,
Haiti,Departement de Nippes,
Haiti,Grandans,
Haiti,Nord,
Haiti,Sud,
Haiti,,
Heard and Mcdonald Islands,,
Holy See (Vatican City State),,
Honduras,Bay Islands,
Honduras,Departamento de Atlantida,
Honduras,Departamento de Choluteca,
Honduras,Departamento de Colon,
Honduras,Departamento de Comayagua,
Honduras,Departamento de Copan,
Honduras,Departamento de Cortes,
Honduras,Departamento de El Paraiso,
Honduras,Departamento de Francisco Morazan,
Honduras,Departamento de Gracias a Dios,
Honduras,Departamento de Intibuca,
Honduras,Departamento de La Paz,
Honduras,Departamento de Lempira,
Honduras,Departamento de Ocotepeque,
Honduras,Departamento de Olancho,
Honduras,Departamento de Santa Barbara,
Honduras,Departamento de Valle,
Honduras,Departamento de Yoro,
Honduras,,
"Hong Kong, SAR China",Central and Western District,
"Hong Kong, SAR China",Eastern,
"Hong Kong, SAR China",Islands District,
"Hong Kong, SAR China",Kowloon City,
"Hong Kong, SAR China",Kwai Tsing,
"Hong Kong, SAR China",Kwun Tong,
"Hong Kong, SAR China",North,
"Hong Kong, SAR China",Sai Kung District,
"Hong Kong, SAR China",Sha Tin,
"Hong Kong, SAR China",Sham Shui Po,
"Hong Kong, SAR China",Southern,
"Hong Kong, SAR China",Tai Po District,
"Hong Kong, SAR China",Tsuen Wan District,
"Hong Kong, SAR China",Tuen Mun,
"Hong Kong, SAR China",Wan Chai,
"Hong Kong, SAR China",Wong Tai Sin,
"Hong Kong, SAR China",Yau Tsim Mong,
"Hong Kong, SAR China",Yuen Long District,
"Hong Kong, SAR China",,
Hungary,Bács-Kiskun,
Hungary,Baranya,
Hungary,Bekes County,
Hungary,Borsod-Abaúj-Zemplén,
Hungary,Budapest,
Hungary,Csongrad megye,
Hungary,Fejér,
Hungary,Győr-Moson-Sopron,
Hungary,Hajdú-Bihar,
Hungary,Heves megye,
Hungary,Jász-Nagykun-Szolnok,
Hungary,Komárom-Esztergom,
Hungary,Nograd megye,
Hungary,Pest megye,
Hungary,Somogy megye,
Hungary,Szabolcs-Szatmár-Bereg,
Hungary,Tolna megye,
Hungary,Vas,
Hungary,Veszprem megye,
Hungary,Zala,
Hungary,,
Iceland,Capital Region,Gardabaer
Iceland,Capital Region,Hafnarfjardarkaupstadur
Iceland,Capital Region,Kopavogsbaer
Iceland,Capital Region,Mosfellsbaer
Iceland,Capital Region,Reykjavikurborg
Iceland,Capital Region,Seltjarnarneskaupstadur
Iceland,East,Fjardabyggd
Iceland,East,Fljotsdalsherad
Iceland,East,Seydisfjardarkaupstadur
Iceland,East,Sveitarfelagid Hornafjoerdur
Iceland,East,Vopnafjardarhreppur
Iceland,Northeast,Akureyrarkaupstadur
Iceland,Northeast,Dalvikurbyggd
Iceland,Northeast,Fjallabyggd
Iceland,Northeast,Grytubakkahreppur
Iceland,Northeast,Nordurthing
Iceland,Northeast,Skutustadahreppur
Iceland,Northeast,THingeyjarsveit
Iceland,Northwest,Bloenduosbaer
Iceland,Northwest,Hunathing Vestra
Iceland,Northwest,Sveitarfelagid Skagafjoerdur
Iceland,Northwest,Sveitarfelagid Skagastroend
Iceland,South,Blaskogabyggd
Iceland,South,Hrunamannahreppur
Iceland,South,Hveragerdisbaer
Iceland,South,Myrdalshreppur
Iceland,South,Rangarthing Eystra
Iceland,South,Rangarthing Ytra
Iceland,South,Skaftarhreppur
Iceland,South,Sveitarfelagid Arborg
Iceland,South,Sveitarfelagid OElfus
Iceland,South,Vestmannaeyjar
Iceland,Southern Peninsula,Grindavikurbaer
Iceland,Southern Peninsula,Reykjanesbaer
Iceland,Southern Peninsula,Sveitarfelagid Vogar
Iceland,Southern Peninsula,
Iceland,West,Akraneskaupstadur
Iceland,West,Borgarbyggd
Iceland,West,Grundarfjardarbaer
Iceland,West,Snaefellsbaer
Iceland,West,Stykkisholmsbaer
Iceland,Westfjords,Bolungarvikurkaupstadur
Iceland,Westfjords,Isafjardarbaer
Iceland,Westfjords,Reykholahreppur
Iceland,Westfjords,Sudavikurhreppur
Iceland,Westfjords,Vesturbyggd
Iceland,,
India,Andaman and Nicobar,
India,Andhra Pradesh,
India,Arunachal Pradesh,
India,Assam,
India,Bihar,
India,Chandigarh,
India,Chhattisgarh,
India,Dadra and Nagar Haveli and Daman and Diu,
India,Goa,
India,Gujarat,
India,Haryana,
India,Himachal Pradesh,
India,Jammu and Kashmir,
India,Jharkhand,
India,Karnataka,
India,Kerala,
India,Ladakh,
India,Lakshadweep,
India,Madhya Pradesh,
India,Maharashtra,
India,Manipur,
India,Meghalaya,
India,Mizoram,
India,Nagaland,
India,National Capital Territory of Delhi,
India,Odisha,
India,Punjab,
India,Rajasthan,
India,Sikkim,
India,Tamil Nadu,
India,Telangana,
India,Tripura,
India,Union Territory of Puducherry,
India,Uttar Pradesh,
India,Uttarakhand,
India,West Bengal,
India,,
Indonesia,Aceh,
Indonesia,Bali,
Indonesia,Bangka–Belitung Islands,
Indonesia,Banten,
Indonesia,Bengkulu,
Indonesia,Central Java,
Indonesia,Central Kalimantan,
Indonesia,Central Sulawesi,
Indonesia,East Java,
Indonesia,East Kalimantan,
Indonesia,East Nusa Tenggara,
Indonesia,Gorontalo,
Indonesia,Jakarta,
Indonesia,Jambi,
Indonesia,Lampung,
Indonesia,Maluku,
Indonesia,North Kalimantan,
Indonesia,North Maluku,
Indonesia,North Sulawesi,
Indonesia,North Sumatra,
Indonesia,Papua,
Indonesia,Riau,
Indonesia,Riau Islands,
Indonesia,South Kalimantan,
Indonesia,South Sulawesi,
Indonesia,South Sumatra,
Indonesia,Southeast Sulawesi,
Indonesia,West Java,
Indonesia,West Kalimantan,
Indonesia,West Nusa Tenggara,
Indonesia,West Papua,
Indonesia,West Sulawesi,
Indonesia,West Sumatra,
Indonesia,Yogyakarta,
Indonesia,,
"Iran, Islamic Republic of",Alborz,
"Iran, Islamic Republic of",Bushehr,
"Iran, Islamic Republic of",Chaharmahal and Bakhtiari,
"Iran, Islamic Republic of",East Azerbaijan,
"Iran, Islamic Republic of",Fars,
"Iran, Islamic Republic of",Hormozgan,
"Iran, Islamic Republic of",Ilam Province,
"Iran, Islamic Republic of",Isfahan,
"Iran, Islamic Republic of",Kerman,
"Iran, Islamic Republic of",Khuzestan,
"Iran, Islamic Republic of",Māzandarān,
"Iran, Islamic Republic of",Markazi,
"Iran, Islamic Republic of",North Khorasan,
"Iran, Islamic Republic of",Ostan-e Gilan,
"Iran, Islamic Republic of",Ostan-e Hamadan,
"Iran, Islamic Republic of",Ostan-e Kermanshah,
"Iran, Islamic Republic of",Ostan-e Kordestan,
"Iran, Islamic Republic of",Ostan-e Tehran,
"Iran, Islamic Republic of",Razavi Khorasan,
"Iran, Islamic Republic of",West Azerbaijan Province,
"Iran, Islamic Republic of",Yazd,
"Iran, Islamic Republic of",Zanjan,
"Iran, Islamic Republic of",,
Iraq,Al Anbar,
Iraq,An Najaf,
Iraq,Baghdad,
Iraq,Basra,
Iraq,Dhi Qar,
Iraq,Diyālá,
Iraq,Duhok,
Iraq,Erbil,
Iraq,Kirkuk,
Iraq,Maysan,
Iraq,Muhafazat al Muthanna,
Iraq,Muhafazat al Qadisiyah,
Iraq,Muhafazat Babil,
Iraq,Muhafazat Karbala',
Iraq,Muhafazat Wasit,
Iraq,Nineveh,
Iraq,Salah ad Din,
Iraq,Sulaymaniyah,
Iraq,,
Ireland,Connaught,County Galway
Ireland,Connaught,County Leitrim
Ireland,Connaught,County Mayo
Ireland,Connaught,County Roscommon
Ireland,Connaught,County Sligo
Ireland,Connaught,
Ireland,Leinster,Co Kildare
Ireland,Leinster,Co Longford
Ireland,Leinster,County Carlow
Ireland,Leinster,County Kilkenny
Ireland,Leinster,County Offaly
Ireland,Leinster,County Westmeath
Ireland,Leinster,County Wexford
Ireland,Leinster,County Wicklow
Ireland,Leinster,Laois
Ireland,Leinster,Louth
Ireland,Leinster,Meath
Ireland,Leinster,
Ireland,Munster,Clare
Ireland,Munster,Co Kerry
Ireland,Munster,County Cork
Ireland,Munster,County Tipperary
Ireland,Munster,Limerick
Ireland,Munster,Waterford
Ireland,Munster,
Ireland,Ulster,Cavan
Ireland,Ulster,County Donegal
Ireland,Ulster,County Monaghan
Ireland,,
Isle of Man,,
Israel,Central District,
Israel,Haifa,
Israel,Jerusalem,
Israel,Northern District,
Israel,Southern District,
Israel,Tel Aviv,
Israel,,
Italy,Abruzzo,Province of L'Aquila
Italy,Abruzzo,Provincia di Chieti
Italy,Abruzzo,Provincia di Pescara
Italy,Abruzzo,Provincia di Teramo
Italy,Abruzzo,
Italy,Aosta Valley,Valle d'Aosta
Italy,Apulia,Bari
Italy,Apulia,Province of Brindisi
Italy,Apulia,Provincia di Barletta - Andria - Trani
Italy,Apulia,Provincia di Foggia
Italy,Apulia,Provincia di Lecce
Italy,Apulia,Provincia di Taranto
Italy,Apulia,
Italy,Basilicate,Provincia di Matera
Italy,Basilicate,Provincia di Potenza
Italy,Basilicate,
Italy,Calabria,Province of Vibo Valentia
Italy,Calabria,Provincia di Catanzaro
Italy,Calabria,Provincia di Cosenza
Italy,Calabria,Provincia di Crotone
Italy,Calabria,Provincia di Reggio Calabria
Italy,Calabria,
Italy,Campania,Naples
Italy,Campania,Provincia di Avellino
Italy,Campania,Provincia di Benevento
Italy,Campania,Provincia di Caserta
Italy,Campania,Provincia di Salerno
Italy,Campania,
Italy,Emilia-Romagna,Bologna
Italy,Emilia-Romagna,Province of Forlì-Cesena
Italy,Emilia-Romagna,Province of Modena
Italy,Emilia-Romagna,Province of Parma
Italy,Emilia-Romagna,Provincia di Ferrara
Italy,Emilia-Romagna,Provincia di Piacenza
Italy,Emilia-Romagna,Provincia di Ravenna
Italy,Emilia-Romagna,Provincia di Reggio Emilia
Italy,Emilia-Romagna,Provincia di Rimini
Italy,Emilia-Romagna,
Italy,Friuli Venezia Giulia,Gorizia
Italy,Friuli Venezia Giulia,Province of Pordenone
Italy,Friuli Venezia Giulia,Trieste
Italy,Friuli Venezia Giulia,Udine
Italy,Friuli Venezia Giulia,
Italy,Latium,Provincia di Frosinone
Italy,Latium,Provincia di Latina
Italy,Latium,Provincia di Rieti
Italy,Latium,Provincia di Viterbo
Italy,Latium,Rome
Italy,Latium,
Italy,Liguria,Provincia di Genova
Italy,Liguria,Provincia di Imperia
Italy,Liguria,Provincia di La Spezia
Italy,Liguria,Provincia di Savona
Italy,Liguria,
Italy,Lombardy,Milan
Italy,Lombardy,Monza Brianza
Italy,Lombardy,Province of Mantua
Italy,Lombardy,Province of Sondrio
Italy,Lombardy,Provincia di Bergamo
Italy,Lombardy,Provincia di Brescia
Italy,Lombardy,Provincia di Como
Italy,Lombardy,Provincia di Cremona
Italy,Lombardy,Provincia di Lecco
Italy,Lombardy,Provincia di Lodi
Italy,Lombardy,Provincia di Pavia
Italy,Lombardy,Provincia di Varese
Italy,Lombardy,
Italy,Molise,Provincia di Campobasso
Italy,Molise,Provincia di Isernia
Italy,Piedmont,Provincia di Alessandria
Italy,Piedmont,Provincia di Asti
Italy,Piedmont,Provincia di Biella
Italy,Piedmont,Provincia di Cuneo
Italy,Piedmont,Provincia di Novara
Italy,Piedmont,Provincia di Vercelli
Italy,Piedmont,Turin
Italy,Piedmont,Verbania
Italy,Piedmont,
Italy,Sardinia,Provincia di Cagliari
Italy,Sardinia,Provincia di Nuoro
Italy,Sardinia,Provincia di Oristano
Italy,Sardinia,Provincia di Sassari
Italy,Sardinia,South Sardinia
Italy,Sardinia,
Italy,Sicily,Catania
Italy,Sicily,Province of Agrigento
Italy,Sicily,Province of Caltanissetta
Italy,Sicily,Province of Enna
Italy,Sicily,Province of Messina
Italy,Sicily,Province of Palermo
Italy,Sicily,Province of Ragusa
Italy,Sicily,Province of Trapani
Italy,Sicily,Syracuse
Italy,Sicily,
Italy,The Marches,Ascoli Piceno
Italy,The Marches,Pesaro and Urbino
Italy,The Marches,Province of Fermo
Italy,The Marches,Provincia di Ancona
Italy,The Marches,Provincia di Macerata
Italy,The Marches,
Italy,Trentino-Alto Adige,Province of Trente
Italy,Trentino-Alto Adige,South Tyrol
Italy,Trentino-Alto Adige,
Italy,Tuscany,Province of Arezzo
Italy,Tuscany,Province of Florence
Italy,Tuscany,Province of Massa-Carrara
Italy,Tuscany,Province of Pisa
Italy,Tuscany,Province of Siena
Italy,Tuscany,Provincia di Grosseto
Italy,Tuscany,Provincia di Livorno
Italy,Tuscany,Provincia di Lucca
Italy,Tuscany,Provincia di Pistoia
Italy,Tuscany,Provincia di Prato
Italy,Tuscany,
Italy,Umbria,Province of Terni
Italy,Umbria,Provincia di Perugia
Italy,Umbria,
Italy,Veneto,Padua
Italy,Veneto,Province of Belluno
Italy,Veneto,Provincia di Rovigo
Italy,Veneto,Provincia di Treviso
Italy,Veneto,Provincia di Verona
Italy,Veneto,Provincia di Vicenza
Italy,Veneto,Venice
Italy,Veneto,
Italy,,
Jamaica,Clarendon,
Jamaica,Hanover,
Jamaica,Kingston,
Jamaica,Manchester,
Jamaica,Parish of Saint Ann,
Jamaica,Portland,
Jamaica,Saint Andrew,
Jamaica,Saint Catherine,
Jamaica,Saint Elizabeth,
Jamaica,Saint James,
Jamaica,Saint Mary,
Jamaica,Saint Thomas,
Jamaica,Trelawny,
Jamaica,Westmoreland,
Jamaica,,
Japan,Aichi,
Japan,Akita,
Japan,Ōsaka,
Japan,Aomori,
Japan,Chiba,
Japan,Ehime,
Japan,Fukui,
Japan,Fukuoka,
Japan,Fukushima-ken,
Japan,Gifu,
Japan,Gunma,
Japan,Hiroshima,
Japan,Hokkaido,
Japan,Hyōgo,
Japan,Ibaraki,
Japan,Ishikawa,
Japan,Iwate,
Japan,Kagawa,
Japan,Kagoshima,
Japan,Kanagawa,
Japan,Kochi,
Japan,Kumamoto,
Japan,Kyoto,
Japan,Mie,
Japan,Miyagi,
Japan,Miyazaki,
Japan,Nagano,
Japan,Nagasaki,
Japan,Nara,
Japan,Niigata,
Japan,Oita,
Japan,Okayama,
Japan,Okinawa,
Japan,Saga,
Japan,Saitama,
Japan,Shiga,
Japan,Shimane,
Japan,Shizuoka,
Japan,Tochigi,
Japan,Tokushima,
Japan,Tokyo,
Japan,Tottori,
Japan,Toyama,
Japan,Wakayama,
Japan,Yamagata,
Japan,Yamaguchi,
Japan,Yamanashi,
Japan,,
Jersey,,
Jordan,Ajloun,
Jordan,Amman Governorate,
Jordan,Aqaba,
Jordan,Balqa,
Jordan,Irbid,
Jordan,Jerash,
Jordan,Karak,
Jordan,Ma’an,
Jordan,Madaba,
Jordan,Mafraq,
Jordan,Tafielah,
Jordan,Zarqa,
Jordan,,
Kazakhstan,Aktyubinskaya Oblast',
Kazakhstan,Almaty,
Kazakhstan,Almaty Oblysy,
Kazakhstan,Aqmola Oblysy,
Kazakhstan,Atyrau Oblysy,
Kazakhstan,East Kazakhstan,
Kazakhstan,Karaganda,
Kazakhstan,Mangistauskaya Oblast',
Kazakhstan,North Kazakhstan,
Kazakhstan,Nur-Sultan,
Kazakhstan,Pavlodar Region,
Kazakhstan,Qostanay Oblysy,
Kazakhstan,Qyzylorda Oblysy,
Kazakhstan,Shymkent,
Kazakhstan,South Kazakhstan,
Kazakhstan,West Kazakhstan,
Kazakhstan,Zhambyl Oblysy,
Kazakhstan,,
Kenya,Baringo,
Kenya,Bomet District,
Kenya,Bungoma District,
Kenya,Busia District,
Kenya,Embu District,
Kenya,Garissa District,
Kenya,Homa Bay District,
Kenya,Isiolo District,
Kenya,Kajiado District,
Kenya,Kakamega District,
Kenya,Kericho District,
Kenya,Kiambu District,
Kenya,Kilifi District,
Kenya,Kirinyaga District,
Kenya,Kisii District,
Kenya,Kisumu,
Kenya,Kitui District,
Kenya,Kwale District,
Kenya,Laikipia,
Kenya,Lamu,
Kenya,Machakos District,
Kenya,Makueni District,
Kenya,Mandera District,
Kenya,Marakwet District,
Kenya,Marsabit District,
Kenya,Meru,
Kenya,Migori District,
Kenya,Mombasa District,
Kenya,Murang'a District,
Kenya,Nairobi Province,
Kenya,Nakuru District,
Kenya,Nandi South District,
Kenya,Narok District,
Kenya,Nyamira District,
Kenya,Nyandarua District,
Kenya,Nyeri District,
Kenya,Samburu District,
Kenya,Siaya District,
Kenya,Taita Taveta District,
Kenya,Tana River District,
Kenya,Tharaka District,
Kenya,Turkana District,
Kenya,Uasin Gishu,
Kenya,Vihiga District,
Kenya,Wajir District,
Kenya,West Pokot District,
Kenya,,
Kiribati,Gilbert Islands,
Kiribati,Line Islands,
Kiribati,Phoenix Islands,
Kiribati,,
Korea (North),Chagang-do,
Korea (North),,
Korea (South),Busan,
Korea (South),Chungcheongnam-do,
Korea (South),Daegu,
Korea (South),Daejeon,
Korea (South),Gangwon-do,
Korea (South),Gwangju,
Korea (South),Gyeonggi-do,
Korea (South),Gyeongsangbuk-do,
Korea (South),Gyeongsangnam-do,
Korea (South),Incheon,
Korea (South),Jeju-do,
Korea (South),Jeollabuk-do,
Korea (South),Jeollanam-do,
Korea (South),North Chungcheong,
Korea (South),Sejong-si,
Korea (South),Seoul,
Korea (South),Ulsan,
Korea (South),,
Kosovo,,
Kuwait,Al Aḩmadī,
Kuwait,Al Asimah,
Kuwait,Al Farwaniyah,
Kuwait,Hawalli,
Kuwait,Mubārak al Kabīr,
Kuwait,Muhafazat al Jahra',
Kuwait,,
Kyrgyzstan,Batken,
Kyrgyzstan,Chuyskaya Oblast',
Kyrgyzstan,Gorod Bishkek,
Kyrgyzstan,Issyk-Kul,
Kyrgyzstan,Jalal-Abad oblast,
Kyrgyzstan,Naryn oblast,
Kyrgyzstan,Osh City,
Kyrgyzstan,Osh Oblasty,
Kyrgyzstan,Talas,
Kyrgyzstan,,
Lao PDR,Bokeo,
Lao PDR,Bolikhamsai,
Lao PDR,Houaphan,
Lao PDR,Khammouan,
Lao PDR,Khoueng Oudomxai,
Lao PDR,Khoueng Phongsali,
Lao PDR,Louangnamtha,
Lao PDR,Luang Prabang Province,
Lao PDR,Salavan,
Lao PDR,Vientiane Prefecture,
Lao PDR,Vientiane Province,
Lao PDR,Xaignabouli,
Lao PDR,Xiangkhouang,
Lao PDR,,
Latvia,Ērgļi,
Latvia,Ādaži,
Latvia,Ķegums,
Latvia,Ķekava,
Latvia,Aglona,
Latvia,Aizkraukles novads,
Latvia,Aizpute,
Latvia,Aloja,
Latvia,Aluksnes Novads,
Latvia,Apes,
Latvia,Auces,
Latvia,Babīte,
Latvia,Baldone,
Latvia,Baltinava,
Latvia,Balvu Novads,
Latvia,Bauskas Novads,
Latvia,Brocēni,
Latvia,Carnikava,
Latvia,Cesu Novads,
Latvia,Cesvaine,
Latvia,Dagda,
Latvia,Daugavpils,
Latvia,Daugavpils municipality,
Latvia,Dobeles novads,
Latvia,Dundaga,
Latvia,Engure,
Latvia,Garkalne,
Latvia,Grobiņa,
Latvia,Gulbenes novads,
Latvia,Ikšķile,
Latvia,Inčukalns,
Latvia,Jēkabpils Municipality,
Latvia,Jaunjelgava,
Latvia,Jaunpiebalga,
Latvia,Jaunpils,
Latvia,Jelgava,
Latvia,Jelgavas novads,
Latvia,Jurmala,
Latvia,Kandava,
Latvia,Karsava,
Latvia,Kocēni,
Latvia,Koknese,
Latvia,Kraslavas novads,
Latvia,Krimulda,
Latvia,Krustpils,
Latvia,Kuldigas novads,
Latvia,Līgatne,
Latvia,Līvāni,
Latvia,Lecava,
Latvia,Lielvārde,
Latvia,Liepaja,
Latvia,Limbazu novads,
Latvia,Lubāna,
Latvia,Ludzas novads,
Latvia,Mārupe,
Latvia,Madona Municipality,
Latvia,Mazsalaca,
Latvia,Mersraga Novads,
Latvia,Nereta,
Latvia,Ogre,
Latvia,Olaine,
Latvia,Ozolnieku Novads,
Latvia,Pavilostas Novads,
Latvia,Plavinu Novads,
Latvia,Preili Municipality,
Latvia,Priekule,
Latvia,Priekuli Municipality,
Latvia,Rezekne,
Latvia,Rezeknes Novads,
Latvia,Riga,
Latvia,Rojas Novads,
Latvia,Ropazu Novads,
Latvia,Rucavas Novads,
Latvia,Rujienas Novads,
Latvia,Salacgrivas Novads,
Latvia,Salaspils Novads,
Latvia,Saldus Municipality,
Latvia,Saulkrastu Novads,
Latvia,Sejas Novads,
Latvia,Siguldas Novads,
Latvia,Skriveru Novads,
Latvia,Smiltenes Novads,
Latvia,Stopinu Novads,
Latvia,Strencu Novads,
Latvia,Talsi Municipality,
Latvia,Tervetes Novads,
Latvia,Tukuma novads,
Latvia,Vainodes Novads,
Latvia,Valka,
Latvia,Valmiera,
Latvia,Varaklanu Novads,
Latvia,Vecpiebalgas Novads,
Latvia,Vecumnieku Novads,
Latvia,Ventspils,
Latvia,Ventspils Municipality,
Latvia,Viesites Novads,
Latvia,Vilakas Novads,
Latvia,,
Lebanon,Beyrouth,
Lebanon,Mohafazat Aakkar,
Lebanon,Mohafazat Baalbek-Hermel,
Lebanon,Mohafazat Beqaa,
Lebanon,Mohafazat Liban-Nord,
Lebanon,Mohafazat Mont-Liban,
Lebanon,Mohafazat Nabatiye,
Lebanon,South Governorate,
Lebanon,,
Lesotho,Berea,
Lesotho,Butha-Buthe,
Lesotho,Leribe,
Lesotho,Mafeteng District,
Lesotho,Maseru,
Lesotho,Mohale's Hoek District,
Lesotho,Mokhotlong,
Lesotho,Qacha's Nek,
Lesotho,Quthing,
Lesotho,Thaba-Tseka,
Lesotho,,
Liberia,Bomi County,
Liberia,Bong County,
Liberia,Gbarpolu County,
Liberia,Grand Bassa County,
Liberia,Grand Cape Mount County,
Liberia,Grand Kru County,
Liberia,Lofa County,
Liberia,Margibi County,
Liberia,Maryland County,
Liberia,Montserrado County,
Liberia,Nimba County,
Liberia,River Cess County,
Liberia,River Gee County,
Liberia,Sinoe County,
Liberia,,
Libya,Al Butnan,
Libya,Al Jabal al Akhdar,
Libya,Al Jafarah,
Libya,Al Jufrah,
Libya,Al Kufrah,
Libya,Al Marj,
Libya,Al Marqab,
Libya,Al Wahat,
Libya,An Nuqat al Khams,
Libya,Az Zawiyah,
Libya,Darnah,
Libya,Ghat,
Libya,Jabal al Gharbi,
Libya,Murzuq,
Libya,Nalut,
Libya,Sabha,
Libya,Sha'biyat Banghazi,
Libya,Sha'biyat Misratah,
Libya,Surt,
Libya,Tripoli,
Libya,Wadi al Hayat,
Libya,Wadi ash Shati',
Libya,,
Liechtenstein,Balzers,
Liechtenstein,Eschen,
Liechtenstein,Gamprin,
Liechtenstein,Mauren,
Liechtenstein,Planken,
Liechtenstein,Ruggell,
Liechtenstein,Schaan,
Liechtenstein,Schellenberg,
Liechtenstein,Triesen,
Liechtenstein,Triesenberg,
Liechtenstein,Vaduz,
Liechtenstein,,
Lithuania,Alytus,Alytus City Municipality
Lithuania,Alytus,Alytus District Municipality
Lithuania,Alytus,Druskininkai Municipality
Lithuania,Alytus,Lazdijai District Municipality
Lithuania,Alytus,Varėna District Municipality
Lithuania,Kaunas,Birštonas Municipality
Lithuania,Kaunas,Jonava District Municipality
Lithuania,Kaunas,Kėdainiai District Municipality
Lithuania,Kaunas,Kaišiadorys District Municipality
Lithuania,Kaunas,Kaunas
Lithuania,Kaunas,Kaunas District Municipality
Lithuania,Kaunas,Prienai District Municipality
Lithuania,Kaunas,Raseiniai District Municipality
Lithuania,Kaunas,
Lithuania,Klaipėda County,Šilutė District Municipality
Lithuania,Klaipėda County,Klaipėda City Municipality
Lithuania,Klaipėda County,Klaipėda District Municipality
Lithuania,Klaipėda County,Kretinga District Municipality
Lithuania,Klaipėda County,Neringa Municipality
Lithuania,Klaipėda County,Skuodas District Municipality
Lithuania,Klaipėda County,
Lithuania,Marijampolė County,Šakiai District Municipality
Lithuania,Marijampolė County,Kalvarija Municipality
Lithuania,Marijampolė County,Kazlu Ruda Municipality
Lithuania,Marijampolė County,Marijampole Municipality
Lithuania,Marijampolė County,Vilkaviskis District Municipality
Lithuania,Marijampolė County,
Lithuania,Panevėžys,Biržai District Municipality
Lithuania,Panevėžys,Kupiškis District Municipality
Lithuania,Panevėžys,Panevėžys City
Lithuania,Panevėžys,Panevėžys District Municipality
Lithuania,Panevėžys,Pasvalys District Municipality
Lithuania,Panevėžys,Rokiškis District Municipality
Lithuania,Panevėžys,
Lithuania,Siauliai,Šiauliai City Municipality
Lithuania,Siauliai,Šiauliai District Municipality
Lithuania,Siauliai,Akmenė District Municipality
Lithuania,Siauliai,Joniškis District Municipality
Lithuania,Siauliai,Kelmė District Municipality
Lithuania,Siauliai,Pakruojis District Municipality
Lithuania,Siauliai,Radviliškis District Municipality
Lithuania,Siauliai,
Lithuania,Tauragė County,Šilalė District Municipality
Lithuania,Tauragė County,Jurbarkas District Municipality
Lithuania,Tauragė County,Pagėgiai Municipality
Lithuania,Tauragė County,Tauragė District Municipality
Lithuania,Tauragė County,
Lithuania,Telsiai,Mažeikiai District Municipality
Lithuania,Telsiai,Plungė District Municipality
Lithuania,Telsiai,Rietavas Municipality
Lithuania,Telsiai,Telšiai District Municipality
Lithuania,Telsiai,
Lithuania,Utena,Anykščiai District Municipality
Lithuania,Utena,Ignalina District Municipality
Lithuania,Utena,Molėtai District Municipality
Lithuania,Utena,Utena District Municipality
Lithuania,Utena,Visaginas Municipality
Lithuania,Utena,Zarasai District Municipality
Lithuania,Vilnius,Šalčininkai District Municipality
Lithuania,Vilnius,Širvintos District Municipality
Lithuania,Vilnius,Švenčionys District Municipality
Lithuania,Vilnius,Trakai District Municipality
Lithuania,Vilnius,Vilnius City Municipality
Lithuania,Vilnius,Vilnius District Municipality
Lithuania,Vilnius,
Lithuania,,
Luxembourg,Capellen,
Luxembourg,Clervaux,
Luxembourg,Diekirch,
Luxembourg,Echternach,
Luxembourg,Esch-sur-Alzette,
Luxembourg,Grevenmacher,
Luxembourg,Luxembourg,
Luxembourg,Mersch,
Luxembourg,Redange,
Luxembourg,Remich,
Luxembourg,Vianden,
Luxembourg,Wiltz,
Luxembourg,,
"Macao, SAR China",,
"Macedonia, Republic of",Berovo,
"Macedonia, Republic of",Bitola,
"Macedonia, Republic of",Bogdanci,
"Macedonia, Republic of",Debar,
"Macedonia, Republic of",Delchevo,
"Macedonia, Republic of",Demir Kapija,
"Macedonia, Republic of",Dolneni,
"Macedonia, Republic of",Gevgelija,
"Macedonia, Republic of",Gostivar,
"Macedonia, Republic of",Jegunovce,
"Macedonia, Republic of",Kavadarci,
"Macedonia, Republic of",Kichevo,
"Macedonia, Republic of",Kochani,
"Macedonia, Republic of",Kratovo,
"Macedonia, Republic of",Kriva Palanka,
"Macedonia, Republic of",Kumanovo,
"Macedonia, Republic of",Makedonska Kamenica,
"Macedonia, Republic of",Makedonski Brod,
"Macedonia, Republic of",Negotino,
"Macedonia, Republic of",Novo Selo,
"Macedonia, Republic of",Ohrid,
"Macedonia, Republic of",Petrovec,
"Macedonia, Republic of",Prilep,
"Macedonia, Republic of",Probishtip,
"Macedonia, Republic of",Radovish,
"Macedonia, Republic of",Resen,
"Macedonia, Republic of",Rosoman,
"Macedonia, Republic of",Shtip,
"Macedonia, Republic of",Struga,
"Macedonia, Republic of",Strumica,
"Macedonia, Republic of",Studenichani,
"Macedonia, Republic of",Sveti Nikole,
"Macedonia, Republic of",Tetovo,
"Macedonia, Republic of",Valandovo,
"Macedonia, Republic of",Veles,
"Macedonia, Republic of",Vinica,
"Macedonia, Republic of",Zhelino,
"Macedonia, Republic of",,
Madagascar,,
Malawi,Central Region,Lilongwe District
Malawi,Central Region,Mchinji District
Malawi,Northern Region,Mzimba District
Malawi,Southern Region,Blantyre District
Malawi,Southern Region,Zomba District
Malawi,,
Malaysia,Johor,
Malaysia,Kedah,
Malaysia,Kelantan,
Malaysia,Kuala Lumpur,
Malaysia,Labuan,
Malaysia,Melaka,
Malaysia,Negeri Sembilan,
Malaysia,Pahang,
Malaysia,Penang,
Malaysia,Perak,
Malaysia,Perlis,
Malaysia,Putrajaya,
Malaysia,Sabah,
Malaysia,Sarawak,
Malaysia,Selangor,
Malaysia,Terengganu,
Malaysia,,
Maldives,Addu Atoll,
Maldives,Baa Atholhu,
Maldives,Dhaalu Atholhu,
Maldives,Gaafu Alif Atoll,
Maldives,Gaafu Dhaalu Atoll,
Maldives,Gnyaviyani Atoll,
Maldives,Haa Alifu Atholhu,
Maldives,Haa Dhaalu Atholhu,
Maldives,Kaafu Atoll,
Maldives,Laamu Atholhu,
Maldives,Lhaviyani Atholhu,
Maldives,Male,
Maldives,Meemu Atholhu,
Maldives,Northern Ari Atoll,
Maldives,Raa Atoll,
Maldives,Shaviyani Atholhu,
Maldives,Thaa Atholhu,
Maldives,,
Mali,Bamako Region,
Mali,Gao,
Mali,Kayes,
Mali,Kidal,
Mali,Koulikoro,
Mali,Ménaka,
Mali,Mopti,
Mali,Ségou,
Mali,Sikasso,
Mali,Taoudénit,
Mali,Tombouctou,
Mali,,
Malta,Attard,
Malta,Balzan,
Malta,Birkirkara,
Malta,Birzebbuga,
Malta,Bormla,
Malta,Dingli,
Malta,Ghajnsielem,
Malta,Hal Gharghur,
Malta,Hal Ghaxaq,
Malta,Haz-Zabbar,
Malta,Haz-Zebbug,
Malta,Il-Birgu,
Malta,Il-Fgura,
Malta,Il-Fontana,
Malta,Il-Furjana,
Malta,Il-Gudja,
Malta,Il-Gzira,
Malta,Il-Hamrun,
Malta,Il-Kalkara,
Malta,Il-Marsa,
Malta,Il-Mellieha,
Malta,Il-Mosta,
Malta,Il-Munxar,
Malta,Il-Qala,
Malta,Il-Qrendi,
Malta,In-Nadur,
Malta,In-Naxxar,
Malta,Ir-Rabat,
Malta,Is-Siggiewi,
Malta,Is-Swieqi,
Malta,Ix-Xaghra,
Malta,Ix-Xewkija,
Malta,Ix-Xghajra,
Malta,Iz-Zebbug,
Malta,Iz-Zejtun,
Malta,Iz-Zurrieq,
Malta,Kirkop,
Malta,L-Gharb,
Malta,L-Ghasri,
Malta,Lija,
Malta,L-Iklin,
Malta,L-Imdina,
Malta,L-Imgarr,
Malta,L-Imqabba,
Malta,L-Imsida,
Malta,Luqa,
Malta,Marsaskala,
Malta,Marsaxlokk,
Malta,Mtarfa,
Malta,Paola,
Malta,Pembroke,
Malta,Qormi,
Malta,Safi,
Malta,Saint John,
Malta,Saint Julian,
Malta,Saint Lawrence,
Malta,Saint Lucia,
Malta,Saint Paul’s Bay,
Malta,Saint Venera,
Malta,Sannat,
Malta,Senglea,
Malta,Ta' Xbiex,
Malta,Tal-Pieta,
Malta,Tarxien,
Malta,Tas-Sliema,
Malta,Valletta,
Malta,Victoria,
Malta,,
Marshall Islands,Kwajalein Atoll,
Marshall Islands,Majuro Atoll,
Marshall Islands,,
Martinique,,
Mauritania,Adrar,
Mauritania,Assaba,
Mauritania,Brakna,
Mauritania,Dakhlet Nouadhibou,
Mauritania,Gorgol,
Mauritania,Hodh Ech Chargi,
Mauritania,Hodh El Gharbi,
Mauritania,Inchiri,
Mauritania,Nouakchott Nord,
Mauritania,Nouakchott Ouest,
Mauritania,Nouakchott Sud,
Mauritania,Tagant,
Mauritania,Tiris Zemmour,
Mauritania,Trarza,
Mauritania,,
Mauritius,Agalega Islands,
Mauritius,Black River District,
Mauritius,Cargados Carajos,
Mauritius,Flacq District,
Mauritius,Grand Port District,
Mauritius,Moka District,
Mauritius,Pamplemousses District,
Mauritius,Plaines Wilhems District,
Mauritius,Port Louis District,
Mauritius,Riviere du Rempart District,
Mauritius,Rodrigues,
Mauritius,Savanne District,
Mauritius,,
Mayotte,,
Mexico,Aguascalientes,
Mexico,Baja California,
Mexico,Baja California Sur,
Mexico,Campeche,
Mexico,Chiapas,
Mexico,Chihuahua,
Mexico,Coahuila,
Mexico,Colima,
Mexico,Durango,
Mexico,Guanajuato,
Mexico,Guerrero,
Mexico,Hidalgo,
Mexico,Jalisco,
Mexico,México,
Mexico,Mexico City,
Mexico,Michoacán,
Mexico,Morelos,
Mexico,Nayarit,
Mexico,Nuevo León,
Mexico,Oaxaca,
Mexico,Puebla,
Mexico,Querétaro,
Mexico,Quintana Roo,
Mexico,San Luis Potosí,
Mexico,Sinaloa,
Mexico,Sonora,
Mexico,Tabasco,
Mexico,Tamaulipas,
Mexico,Tlaxcala,
Mexico,Veracruz,
Mexico,Yucatán,
Mexico,Zacatecas,
Mexico,,
"Micronesia, Federated States of",State of Chuuk,
"Micronesia, Federated States of",State of Kosrae,
"Micronesia, Federated States of",State of Pohnpei,
"Micronesia, Federated States of",State of Yap,
"Micronesia, Federated States of",,
Moldova,Anenii Noi,
Moldova,Şoldăneşti,
Moldova,Basarabeasca,
Moldova,Bender Municipality,
Moldova,Briceni,
Moldova,Cahul,
Moldova,Cantemir,
Moldova,Chișinău Municipality,
Moldova,Cimişlia,
Moldova,Criuleni,
Moldova,Donduşeni,
Moldova,Drochia,
Moldova,Făleşti,
Moldova,Floreşti,
Moldova,Gagauzia,
Moldova,Glodeni,
Moldova,Hînceşti,
Moldova,Ialoveni,
Moldova,Leova,
Moldova,Municipiul Balti,
Moldova,Nisporeni,
Moldova,Orhei,
Moldova,Rîşcani,
Moldova,Raionul Calarasi,
Moldova,Raionul Causeni,
Moldova,Raionul Dubasari,
Moldova,Raionul Edineţ,
Moldova,Raionul Ocniţa,
Moldova,Raionul Soroca,
Moldova,Raionul Stefan Voda,
Moldova,Rezina,
Moldova,Sîngerei,
Moldova,Strășeni,
Moldova,Taraclia,
Moldova,Teleneşti,
Moldova,Transnistria,
Moldova,Ungheni,
Moldova,,
Monaco,,
Mongolia,Ömnögovĭ,
Mongolia,Arhangay Aymag,
Mongolia,Bayanhongor Aymag,
Mongolia,Bayan-OElgiy Aymag,
Mongolia,Bulgan,
Mongolia,Central Aymag,
Mongolia,Darhan-Uul Aymag,
Mongolia,Dzavhan Aymag,
Mongolia,East Aimak,
Mongolia,East Gobi Aymag,
Mongolia,Govi-Altay Aymag,
Mongolia,Govi-Sumber,
Mongolia,Hentiy Aymag,
Mongolia,Hovd,
Mongolia,Hovsgol Aymag,
Mongolia,Middle Govĭ,
Mongolia,Orhon Aymag,
Mongolia,Selenge Aymag,
Mongolia,South Khangay,
Mongolia,Suhbaatar Aymag,
Mongolia,Ulaanbaatar Hot,
Mongolia,Uvs Aymag,
Mongolia,,
Montenegro,Andrijevica,
Montenegro,Bar,
Montenegro,Berane,
Montenegro,Bijelo Polje,
Montenegro,Budva,
Montenegro,Cetinje,
Montenegro,Danilovgrad,
Montenegro,Gusinje,
Montenegro,Herceg Novi,
Montenegro,Kotor,
Montenegro,Mojkovac,
Montenegro,Opstina Kolasin,
Montenegro,Opstina Niksic,
Montenegro,Opstina Plav,
Montenegro,Opstina Pluzine,
Montenegro,Opstina Rozaje,
Montenegro,Opstina Savnik,
Montenegro,Opstina Zabljak,
Montenegro,Petnjica,
Montenegro,Pljevlja,
Montenegro,Podgorica,
Montenegro,Tivat,
Montenegro,Ulcinj,
Montenegro,,
Montserrat,,
Morocco,Beni Mellal-Khenifra,Azilal Province
Morocco,Beni Mellal-Khenifra,Beni-Mellal
Morocco,Beni Mellal-Khenifra,Fquih Ben Salah Province
Morocco,Beni Mellal-Khenifra,Khenifra
Morocco,Beni Mellal-Khenifra,Khouribga Province
Morocco,Beni Mellal-Khenifra,
Morocco,Casablanca-Settat,Benslimane
Morocco,Casablanca-Settat,Casablanca
Morocco,Casablanca-Settat,El-Jadida
Morocco,Casablanca-Settat,Mediouna
Morocco,Casablanca-Settat,Mohammedia
Morocco,Casablanca-Settat,Nouaceur
Morocco,Casablanca-Settat,Settat Province
Morocco,Casablanca-Settat,
Morocco,Dakhla-Oued Ed-Dahab,Oued-Ed-Dahab
Morocco,Draa-Tafilalet,Errachidia
Morocco,Draa-Tafilalet,Ouarzazate Province
Morocco,Draa-Tafilalet,Tinghir Province
Morocco,Draa-Tafilalet,Zagora
Morocco,Draa-Tafilalet,
Morocco,Fes-Meknes,Boulemane
Morocco,Fes-Meknes,El-Hajeb
Morocco,Fes-Meknes,Fes
Morocco,Fes-Meknes,Ifrane
Morocco,Fes-Meknes,Meknes
Morocco,Fes-Meknes,Sefrou
Morocco,Fes-Meknes,Taounate Province
Morocco,Fes-Meknes,Taza
Morocco,Fes-Meknes,
Morocco,Guelmim-Oued Noun,Guelmim
Morocco,Guelmim-Oued Noun,Tan-Tan
Morocco,Laayoune-Sakia El Hamra,Boujdour
Morocco,Laayoune-Sakia El Hamra,Laayoune
Morocco,Laayoune-Sakia El Hamra,Tarfaya
Morocco,Marrakesh-Safi,Al-Haouz
Morocco,Marrakesh-Safi,Chichaoua
Morocco,Marrakesh-Safi,Essaouira Province
Morocco,Marrakesh-Safi,Marrakech
Morocco,Marrakesh-Safi,Safi
Morocco,Marrakesh-Safi,
Morocco,Oriental,Berkane
Morocco,Oriental,Jerada
Morocco,Oriental,Nador
Morocco,Oriental,Oujda-Angad
Morocco,Oriental,Taourirt
Morocco,Oriental,
Morocco,Rabat-Sale-Kenitra,Kenitra Province
Morocco,Rabat-Sale-Kenitra,Khemisset
Morocco,Rabat-Sale-Kenitra,Rabat
Morocco,Rabat-Sale-Kenitra,Sale
Morocco,Rabat-Sale-Kenitra,Sidi Slimane
Morocco,Rabat-Sale-Kenitra,Sidi-Kacem
Morocco,Rabat-Sale-Kenitra,Skhirate-Temara
Morocco,Rabat-Sale-Kenitra,
Morocco,Souss-Massa,Agadir-Ida-ou-Tnan
Morocco,Souss-Massa,Inezgane-Ait Melloul
Morocco,Souss-Massa,Taroudannt
Morocco,Souss-Massa,Tata
Morocco,Souss-Massa,Tiznit Province
Morocco,Souss-Massa,
Morocco,Tanger-Tetouan-Al Hoceima,Al-Hoceima
Morocco,Tanger-Tetouan-Al Hoceima,Chefchaouen Province
Morocco,Tanger-Tetouan-Al Hoceima,Larache
Morocco,Tanger-Tetouan-Al Hoceima,M'Diq-Fnideq
Morocco,Tanger-Tetouan-Al Hoceima,Ouezzane Province
Morocco,Tanger-Tetouan-Al Hoceima,Tanger-Assilah
Morocco,Tanger-Tetouan-Al Hoceima,Tetouan
Morocco,Tanger-Tetouan-Al Hoceima,
Morocco,,
Mozambique,Cabo Delgado Province,
Mozambique,Cidade de Maputo,
Mozambique,Gaza Province,
Mozambique,Inhambane Province,
Mozambique,Manica Province,
Mozambique,Maputo Province,
Mozambique,Nampula,
Mozambique,Niassa Province,
Mozambique,Provincia de Zambezia,
Mozambique,Sofala Province,
Mozambique,Tete,
Mozambique,,
Myanmar,Bago Region,
Myanmar,Chin State,
Myanmar,Kachin State,
Myanmar,Kayah State,
Myanmar,Kayin State,
Myanmar,Magway Region,
Myanmar,Mandalay Region,
Myanmar,Mon State,
Myanmar,Rangoon,
Myanmar,Sagaing Region,
Myanmar,Shan State,
Myanmar,Tanintharyi Region,
Myanmar,,
Namibia,Erongo,
Namibia,Hardap,
Namibia,Karas,
Namibia,Kavango East,
Namibia,Kavango West,
Namibia,Khomas,
Namibia,Kunene,
Namibia,Ohangwena,
Namibia,Omaheke,
Namibia,Omusati,
Namibia,Oshana,
Namibia,Oshikoto,
Namibia,Otjozondjupa,
Namibia,Zambezi Region,
Namibia,,
Nauru,Aiwo,
Nauru,Anabar,
Nauru,Anetan,
Nauru,Anibare,
Nauru,Baiti,
Nauru,Boe,
Nauru,Buada,
Nauru,Denigomodu,
Nauru,Ewa,
Nauru,Ijuw,
Nauru,Meneng,
Nauru,Nibok,
Nauru,Uaboe,
Nauru,Yaren,
Nauru,,
Nepal,Gandaki Pradesh,
Nepal,Karnali Pradesh,
Nepal,Province 1,
Nepal,Province 2,
Nepal,Province 3,
Nepal,Province 5,
Nepal,Sudurpashchim Pradesh,
Nepal,,
Netherlands,Friesland,
Netherlands,Gelderland,
Netherlands,Groningen,
Netherlands,Limburg,
Netherlands,North Brabant,
Netherlands,North Holland,
Netherlands,Provincie Drenthe,
Netherlands,Provincie Flevoland,
Netherlands,Provincie Overijssel,
Netherlands,Provincie Utrecht,
Netherlands,Provincie Zeeland,
Netherlands,South Holland,
Netherlands,,
New Caledonia,Loyalty Islands,
New Caledonia,North Province,
New Caledonia,South Province,
New Caledonia,,
New Zealand,Auckland,
New Zealand,Bay of Plenty,
New Zealand,Canterbury,
New Zealand,Chatham Islands,
New Zealand,Gisborne,
New Zealand,Hawke's Bay,
New Zealand,Manawatu-Wanganui,
New Zealand,Marlborough,
New Zealand,Nelson,
New Zealand,Northland,
New Zealand,Otago,
New Zealand,Southland,
New Zealand,Taranaki,
New Zealand,Tasman,
New Zealand,Waikato,
New Zealand,Wellington,
New Zealand,West Coast,
New Zealand,,
Nicaragua,Departamento de Boaco,
Nicaragua,Departamento de Carazo,
Nicaragua,Departamento de Chinandega,
Nicaragua,Departamento de Chontales,
Nicaragua,Departamento de Esteli,
Nicaragua,Departamento de Granada,
Nicaragua,Departamento de Jinotega,
Nicaragua,Departamento de Leon,
Nicaragua,Departamento de Madriz,
Nicaragua,Departamento de Managua,
Nicaragua,Departamento de Masaya,
Nicaragua,Departamento de Matagalpa,
Nicaragua,Departamento de Nueva Segovia,
Nicaragua,Departamento de Rio San Juan,
Nicaragua,Departamento de Rivas,
Nicaragua,North Caribbean Coast,
Nicaragua,South Caribbean Coast,
Nicaragua,,
Niger,Agadez,
Niger,Diffa,
Niger,Dosso Region,
Niger,Maradi,
Niger,Niamey,
Niger,Tahoua,
Niger,Tillaberi Region,
Niger,Zinder,
Niger,,
Nigeria,Abia State,
Nigeria,Adamawa,
Nigeria,Akwa Ibom State,
Nigeria,Anambra,
Nigeria,Bauchi,
Nigeria,Bayelsa State,
Nigeria,Benue State,
Nigeria,Borno State,
Nigeria,Cross River State,
Nigeria,Delta,
Nigeria,Ebonyi State,
Nigeria,Edo,
Nigeria,Enugu State,
Nigeria,FCT,
Nigeria,Gombe State,
Nigeria,Imo State,
Nigeria,Jigawa State,
Nigeria,Kaduna State,
Nigeria,Kano State,
Nigeria,Katsina State,
Nigeria,Kebbi,
Nigeria,Kogi State,
Nigeria,Kwara State,
Nigeria,Lagos,
Nigeria,Nasarawa State,
Nigeria,Niger State,
Nigeria,Ogun State,
Nigeria,Ondo State,
Nigeria,Osun State,
Nigeria,Oyo State,
Nigeria,Plateau State,
Nigeria,Rivers State,
Nigeria,Sokoto State,
Nigeria,Taraba State,
Nigeria,Yobe State,
Nigeria,Zamfara State,
Nigeria,,
Niue,,
Norfolk Island,,
Northern Mariana Islands,Northern Islands,
Northern Mariana Islands,Rota,
Northern Mariana Islands,Saipan,
Northern Mariana Islands,Tinian,
Northern Mariana Islands,,
Norway,Agder,
Norway,Innlandet,
Norway,Møre og Romsdal,
Norway,Nordland,
Norway,Oslo County,
Norway,Rogaland,
Norway,Trøndelag,
Norway,Troms og Finnmark,
Norway,Vestfold og Telemark,
Norway,Vestland,
Norway,Viken,
Norway,,
Oman,Ad Dakhiliyah,
Oman,Al Batinah North Governorate,
Oman,Al Batinah South,
Oman,Al Buraimi,
Oman,Az Zahirah,
Oman,Dhofar,
Oman,Muhafazat al Wusta,
Oman,Musandam,
Oman,Muscat,
Oman,Northeastern Governorate,
Oman,Southeastern Governorate,
Oman,,
Pakistan,Azad Jammu and Kashmir,
Pakistan,Balochistan,
Pakistan,Gilgit-Baltistan,
Pakistan,Islamabad,
Pakistan,Khyber Pakhtunkhwa,
Pakistan,Punjab,
Pakistan,Sindh,
Pakistan,,
Palau,Hatohobei,
Palau,State of Aimeliik,
Palau,State of Airai,
Palau,State of Angaur,
Palau,State of Kayangel,
Palau,State of Koror,
Palau,State of Melekeok,
Palau,State of Ngaraard,
Palau,State of Ngarchelong,
Palau,State of Ngardmau,
Palau,State of Ngatpang,
Palau,State of Ngchesar,
Palau,State of Ngeremlengui,
Palau,State of Ngiwal,
Palau,State of Peleliu,
Palau,State of Sonsorol,
Palau,,
Palestinian Territory,Al Khalil,
Palestinian Territory,Al Quds,
Palestinian Territory,Bethlehem,
Palestinian Territory,Deir Al Balah,
Palestinian Territory,Gaza,
Palestinian Territory,Jenin,
Palestinian Territory,Jericho,
Palestinian Territory,Khan Yunis Governorate,
Palestinian Territory,Nablus,
Palestinian Territory,North Gaza,
Palestinian Territory,Rafah,
Palestinian Territory,Ramallah,
Palestinian Territory,Salfit,
Palestinian Territory,Tubas,
Palestinian Territory,Tulkarm,
Palestinian Territory,,
Panama,Embera-Wounaan,
Panama,Guna Yala,
Panama,Ngoebe-Bugle,
Panama,Panama Oeste,
Panama,Provincia de Bocas del Toro,
Panama,Provincia de Chiriqui,
Panama,Provincia de Cocle,
Panama,Provincia de Colon,
Panama,Provincia de Herrera,
Panama,Provincia de Los Santos,
Panama,Provincia de Panama,
Panama,Provincia de Veraguas,
Panama,Provincia del Darien,
Panama,,
Papua New Guinea,Bougainville,
Papua New Guinea,Central Province,
Papua New Guinea,Chimbu Province,
Papua New Guinea,East New Britain Province,
Papua New Guinea,East Sepik Province,
Papua New Guinea,Eastern Highlands Province,
Papua New Guinea,Enga Province,
Papua New Guinea,Gulf Province,
Papua New Guinea,Hela,
Papua New Guinea,Jiwaka,
Papua New Guinea,Madang Province,
Papua New Guinea,Manus Province,
Papua New Guinea,Milne Bay Province,
Papua New Guinea,Morobe Province,
Papua New Guinea,National Capital,
Papua New Guinea,New Ireland,
Papua New Guinea,Northern Province,
Papua New Guinea,Southern Highlands Province,
Papua New Guinea,West New Britain Province,
Papua New Guinea,West Sepik Province,
Papua New Guinea,Western Highlands Province,
Papua New Guinea,Western Province,
Papua New Guinea,,
Paraguay,Asuncion,
Paraguay,Departamento Central,
Paraguay,Departamento de Alto Paraguay,
Paraguay,Departamento de Boqueron,
Paraguay,Departamento de Caaguazu,
Paraguay,Departamento de Caazapa,
Paraguay,Departamento de Canindeyu,
Paraguay,Departamento de Concepcion,
Paraguay,Departamento de Itapua,
Paraguay,Departamento de la Cordillera,
Paraguay,Departamento de Misiones,
Paraguay,Departamento de Neembucu,
Paraguay,Departamento de Paraguari,
Paraguay,Departamento de Presidente Hayes,
Paraguay,Departamento de San Pedro,
Paraguay,Departamento del Alto Parana,
Paraguay,Departamento del Amambay,
Paraguay,Departamento del Guaira,
Paraguay,,
Peru,Amazonas,
Peru,Ancash,
Peru,Arequipa,
Peru,Ayacucho,
Peru,Cajamarca,
Peru,Callao,
Peru,Cusco,
Peru,Departamento de Moquegua,
Peru,Huancavelica,
Peru,Ica,
Peru,Junin,
Peru,La Libertad,
Peru,Lambayeque,
Peru,Lima,
Peru,Lima region,
Peru,Loreto,
Peru,Madre de Dios,
Peru,Pasco,
Peru,Piura,
Peru,Puno,
Peru,Region de Apurimac,
Peru,Region de Huanuco,
Peru,Region de San Martin,
Peru,Tacna,
Peru,Tumbes,
Peru,Ucayali,
Peru,,
Philippines,Autonomous Region in Muslim Mindanao,Province of Basilan
Philippines,Autonomous Region in Muslim Mindanao,Province of Lanao del Sur
Philippines,Autonomous Region in Muslim Mindanao,Province of Maguindanao
Philippines,Autonomous Region in Muslim Mindanao,Province of Sulu
Philippines,Autonomous Region in Muslim Mindanao,
Philippines,Bicol,Province of Albay
Philippines,Bicol,Province of Camarines Norte
Philippines,Bicol,Province of Camarines Sur
Philippines,Bicol,Province of Masbate
Philippines,Bicol,Province of Sorsogon
Philippines,Cagayan Valley,Province of Cagayan
Philippines,Cagayan Valley,Province of Isabela
Philippines,Cagayan Valley,Province of Nueva Vizcaya
Philippines,Cagayan Valley,Province of Quirino
Philippines,Calabarzon,Province of Batangas
Philippines,Calabarzon,Province of Cavite
Philippines,Calabarzon,Province of Laguna
Philippines,Calabarzon,Province of Rizal
Philippines,Calabarzon,Quezon
Philippines,Calabarzon,
Philippines,Caraga,Dinagat Islands
Philippines,Caraga,Province of Agusan del Norte
Philippines,Caraga,Province of Agusan del Sur
Philippines,Caraga,Province of Surigao del Norte
Philippines,Caraga,Province of Surigao del Sur
Philippines,Central Luzon,Province of Aurora
Philippines,Central Luzon,Province of Bataan
Philippines,Central Luzon,Province of Bulacan
Philippines,Central Luzon,Province of Nueva Ecija
Philippines,Central Luzon,Province of Pampanga
Philippines,Central Luzon,Province of Tarlac
Philippines,Central Luzon,Province of Zambales
Philippines,Central Visayas,Bohol
Philippines,Central Visayas,Province of Cebu
Philippines,Central Visayas,Province of Negros Oriental
Philippines,Central Visayas,Province of Siquijor
Philippines,Cordillera,Province of Benguet
Philippines,Davao,Davao de Oro
Philippines,Davao,Davao Occidental
Philippines,Davao,Province of Davao del Norte
Philippines,Davao,Province of Davao del Sur
Philippines,Davao,Province of Davao Oriental
Philippines,Eastern Visayas,Biliran
Philippines,Eastern Visayas,Eastern Samar
Philippines,Eastern Visayas,Northern Samar
Philippines,Eastern Visayas,Province of Leyte
Philippines,Eastern Visayas,Province of Samar
Philippines,Eastern Visayas,Southern Leyte
Philippines,Ilocos,Province of Ilocos Norte
Philippines,Ilocos,Province of Ilocos Sur
Philippines,Ilocos,Province of La Union
Philippines,Ilocos,Province of Pangasinan
Philippines,Metro Manila,
Philippines,Mimaropa,Occidental Mindoro
Philippines,Mimaropa,Oriental Mindoro
Philippines,Mimaropa,Province of Palawan
Philippines,Northern Mindanao,Province of Bukidnon
Philippines,Northern Mindanao,Province of Camiguin
Philippines,Northern Mindanao,Province of Lanao del Norte
Philippines,Northern Mindanao,Province of Misamis Occidental
Philippines,Northern Mindanao,Province of Misamis Oriental
Philippines,Soccsksargen,Province of Cotabato
Philippines,Soccsksargen,Province of Sarangani
Philippines,Soccsksargen,Province of South Cotabato
Philippines,Soccsksargen,Province of Sultan Kudarat
Philippines,Soccsksargen,
Philippines,Western Visayas,Province of Aklan
Philippines,Western Visayas,Province of Antique
Philippines,Western Visayas,Province of Capiz
Philippines,Western Visayas,Province of Guimaras
Philippines,Western Visayas,Province of Iloilo
Philippines,Western Visayas,Province of Negros Occidental
Philippines,Zamboanga Peninsula,Province of  Zamboanga del Sur
Philippines,Zamboanga Peninsula,Province of Zamboanga del Norte
Philippines,Zamboanga Peninsula,Province of Zamboanga Sibugay
Philippines,,
Pitcairn,,
Poland,Łódź Voivodeship,
Poland,Świętokrzyskie,
Poland,Greater Poland,
Poland,Kujawsko-Pomorskie,
Poland,Lesser Poland,
Poland,Lower Silesia,
Poland,Lublin,
Poland,Lubusz,
Poland,Mazovia,
Poland,Opole Voivodeship,
Poland,Podlasie,
Poland,Pomerania,
Poland,Silesia,
Poland,Subcarpathia,
Poland,Warmia-Masuria,
Poland,West Pomerania,
Poland,,
Portugal,Évora,
Portugal,Aveiro,
Portugal,Azores,
Portugal,Beja,
Portugal,Braga,
Portugal,Bragança,
Portugal,Castelo Branco,
Portugal,Coimbra,
Portugal,District of Setúbal,
Portugal,Faro,
Portugal,Guarda,
Portugal,Leiria,
Portugal,Lisbon,
Portugal,Madeira,
Portugal,Portalegre,
Portugal,Porto,
Portugal,Santarém,
Portugal,Viana do Castelo,
Portugal,Vila Real,
Portugal,Viseu,
Portugal,,
Puerto Rico,,
Qatar,Al Khor,
Qatar,Al Wakrah,
Qatar,Al-Shahaniya,
Qatar,Baladiyat ad Dawhah,
Qatar,Baladiyat ar Rayyan,
Qatar,Baladiyat ash Shamal,
Qatar,Baladiyat az Za'ayin,
Qatar,Baladiyat Umm Salal,
Qatar,,
Réunion,,
Romania,Alba,
Romania,Arad,
Romania,Arges,
Romania,Bacau,
Romania,Bihor,
Romania,Bistrita-Nasaud,
Romania,Botosani,
Romania,Braila,
Romania,Brasov,
Romania,Bucuresti,
Romania,Buzau,
Romania,Calarasi,
Romania,Caras-Severin,
Romania,Cluj,
Romania,Constanta,
Romania,Covasna,
Romania,Dambovita,
Romania,Dolj,
Romania,Galati,
Romania,Giurgiu,
Romania,Gorj,
Romania,Harghita,
Romania,Hunedoara,
Romania,Ialomita,
Romania,Iasi,
Romania,Ilfov,
Romania,Maramureş,
Romania,Mehedinti,
Romania,Mures,
Romania,Neamt,
Romania,Olt,
Romania,Prahova,
Romania,Salaj,
Romania,Satu Mare,
Romania,Sibiu,
Romania,Suceava,
Romania,Teleorman,
Romania,Timis,
Romania,Tulcea,
Romania,Valcea,
Romania,Vaslui,
Romania,Vrancea,
Romania,,
Russian Federation,Adygeya Republic,
Russian Federation,Altai,
Russian Federation,Altai Krai,
Russian Federation,Amur Oblast,
Russian Federation,Arkhangelskaya,
Russian Federation,Astrakhanskaya Oblast',
Russian Federation,Bashkortostan Republic,
Russian Federation,Belgorod Oblast,
Russian Federation,Bryansk Oblast,
Russian Federation,Buryatiya Republic,
Russian Federation,Chechnya,
Russian Federation,Chelyabinsk Oblast,
Russian Federation,Chukotka,
Russian Federation,Chuvashia,
Russian Federation,Dagestan,
Russian Federation,Ingushetiya Republic,
Russian Federation,Irkutsk Oblast,
Russian Federation,Ivanovo Oblast,
Russian Federation,Kabardino-Balkariya Republic,
Russian Federation,Kaliningrad Oblast,
Russian Federation,Kalmykiya Republic,
Russian Federation,Kaluga Oblast,
Russian Federation,Kamchatka,
Russian Federation,Karachayevo-Cherkesiya Republic,
Russian Federation,Karelia,
Russian Federation,Kemerovo Oblast,
Russian Federation,Khabarovsk,
Russian Federation,Khakasiya Republic,
Russian Federation,Khanty-Mansia,
Russian Federation,Kirov Oblast,
Russian Federation,Komi,
Russian Federation,Kostroma Oblast,
Russian Federation,Krasnodarskiy Kray,
Russian Federation,Krasnoyarskiy Kray,
Russian Federation,Kurgan Oblast,
Russian Federation,Kursk Oblast,
Russian Federation,Leningrad Oblast,
Russian Federation,Lipetsk Oblast,
Russian Federation,Magadan Oblast,
Russian Federation,Mariy-El Republic,
Russian Federation,Mordoviya Republic,
Russian Federation,Moscow,
Russian Federation,Moscow Oblast,
Russian Federation,Murmansk,
Russian Federation,Nenets,
Russian Federation,Nizhny Novgorod Oblast,
Russian Federation,North Ossetia,
Russian Federation,Novgorod Oblast,
Russian Federation,Novosibirsk Oblast,
Russian Federation,Omsk Oblast,
Russian Federation,Orel Oblast,
Russian Federation,Orenburg Oblast,
Russian Federation,Penza Oblast,
Russian Federation,Perm Krai,
Russian Federation,Primorskiy (Maritime) Kray,
Russian Federation,Pskov Oblast,
Russian Federation,Republic of Tyva,
Russian Federation,Rostov Oblast,
Russian Federation,Ryazan Oblast,
Russian Federation,Sakha,
Russian Federation,Sakhalin Oblast,
Russian Federation,Samara Oblast,
Russian Federation,Saratovskaya Oblast,
Russian Federation,Smolensk Oblast,
Russian Federation,St.-Petersburg,
Russian Federation,Stavropol’ Kray,
Russian Federation,Sverdlovsk Oblast,
Russian Federation,Tambov Oblast,
Russian Federation,Tatarstan Republic,
Russian Federation,Tomsk Oblast,
Russian Federation,Transbaikal Territory,
Russian Federation,Tula Oblast,
Russian Federation,Tver’ Oblast,
Russian Federation,Tyumen’ Oblast,
Russian Federation,Udmurtiya Republic,
Russian Federation,Ulyanovsk Oblast,
Russian Federation,Vladimirskaya Oblast',
Russian Federation,Volgograd Oblast,
Russian Federation,Vologda Oblast,
Russian Federation,Voronezh Oblast,
Russian Federation,Yamalo-Nenets,
Russian Federation,Yaroslavskaya Oblast',
Russian Federation,Yevrey (Jewish) Autonomous Oblast,
Russian Federation,,
Rwanda,Kigali,
Rwanda,Southern Province,
Rwanda,Western Province,
Rwanda,,
Saint Helena,Ascension,
Saint Helena,Saint Helena,
Saint Helena,Tristan da Cunha,
Saint Helena,,
Saint Kitts and Nevis,Christ Church Nichola Town,
Saint Kitts and Nevis,Middle Island,
Saint Kitts and Nevis,Saint Anne Sandy Point,
Saint Kitts and Nevis,Saint George Basseterre,
Saint Kitts and Nevis,Saint John Capesterre,
Saint Kitts and Nevis,Saint John Figtree,
Saint Kitts and Nevis,Saint Mary Cayon,
Saint Kitts and Nevis,Saint Paul Capesterre,
Saint Kitts and Nevis,Saint Paul Charlestown,
Saint Kitts and Nevis,Saint Peter Basseterre,
Saint Kitts and Nevis,Saint Thomas Lowland,
Saint Kitts and Nevis,Trinity Palmetto Point,
Saint Kitts and Nevis,,
Saint Lucia,Anse-la-Raye,
Saint Lucia,Canaries,
Saint Lucia,Castries,
Saint Lucia,Choiseul,
Saint Lucia,Dennery,
Saint Lucia,Gros-Islet,
Saint Lucia,Micoud,
Saint Lucia,Soufriere,
Saint Lucia,,
Saint Pierre and Miquelon,Commune de Saint-Pierre,
Saint Pierre and Miquelon,Miquelon-Langlade,
Saint Pierre and Miquelon,,
Saint Vincent and Grenadines,Grenadines,
Saint Vincent and Grenadines,Parish of Charlotte,
Saint Vincent and Grenadines,Parish of Saint Andrew,
Saint Vincent and Grenadines,Parish of Saint David,
Saint Vincent and Grenadines,Parish of Saint George,
Saint Vincent and Grenadines,Parish of Saint Patrick,
Saint Vincent and Grenadines,,
Saint-Barthélemy,,
Saint-Martin (French part),,
Samoa,A'ana,
Samoa,Aiga-i-le-Tai,
Samoa,Atua,
Samoa,Fa'asaleleaga,
Samoa,Gaga'emauga,
Samoa,Gagaifomauga,
Samoa,Satupa'itea,
Samoa,Tuamasaga,
Samoa,Va'a-o-Fonoti,
Samoa,Vaisigano,
Samoa,,
San Marino,Castello di Acquaviva,
San Marino,Castello di Borgo Maggiore,
San Marino,Castello di Domagnano,
San Marino,Castello di Faetano,
San Marino,Castello di Fiorentino,
San Marino,Castello di Montegiardino,
San Marino,Castello di San Marino Citta,
San Marino,Chiesanuova,
San Marino,Serravalle,
San Marino,,
Sao Tome and Principe,Lemba,
Sao Tome and Principe,Principe,
Sao Tome and Principe,,
Saudi Arabia,Al Bahah Region,
Saudi Arabia,Al Jawf Region,
Saudi Arabia,Al-Qassim Region,
Saudi Arabia,'Asir Region,
Saudi Arabia,Eastern Province,
Saudi Arabia,Ha'il Region,
Saudi Arabia,Jazan Region,
Saudi Arabia,Mecca Region,
Saudi Arabia,Medina Region,
Saudi Arabia,Najran Region,
Saudi Arabia,Northern Borders Region,
Saudi Arabia,Riyadh Region,
Saudi Arabia,Tabuk Region,
Saudi Arabia,,
Senegal,Dakar,
Senegal,Diourbel,
Senegal,Fatick,
Senegal,Kaolack,
Senegal,Kolda,
Senegal,Louga,
Senegal,Matam,
Senegal,Region de Kaffrine,
Senegal,Region de Kedougou,
Senegal,Region de Sedhiou,
Senegal,Region de Thies,
Senegal,Saint-Louis,
Senegal,Tambacounda,
Senegal,Ziguinchor,
Senegal,,
Serbia,Belgrade,
Serbia,Bor,
Serbia,Branicevo,
Serbia,Jablanica,
Serbia,Kolubara,
Serbia,Macva,
Serbia,Morava,
Serbia,Nisava,
Serbia,Pcinja,
Serbia,Pirot,
Serbia,Podunavlje,
Serbia,Pomoravlje,
Serbia,Rasina,
Serbia,Raska,
Serbia,Sumadija,
Serbia,Toplica,
Serbia,Vojvodina,Central Banat
Serbia,Vojvodina,North Bačka
Serbia,Vojvodina,North Banat
Serbia,Vojvodina,South Backa
Serbia,Vojvodina,South Banat
Serbia,Vojvodina,Srem
Serbia,Vojvodina,West Bačka
Serbia,Vojvodina,
Serbia,Zajecar,
Serbia,Zlatibor,
Serbia,,
Seychelles,Anse Boileau,
Seychelles,Anse Etoile,
Seychelles,Anse Royale,
Seychelles,Anse-aux-Pins,
Seychelles,Au Cap,
Seychelles,Baie Lazare,
Seychelles,Baie Sainte Anne,
Seychelles,Beau Vallon,
Seychelles,Bel Air,
Seychelles,Bel Ombre,
Seychelles,Cascade,
Seychelles,English River,
Seychelles,Glacis,
Seychelles,Grand Anse Mahe,
Seychelles,Grand Anse Praslin,
Seychelles,La Digue,
Seychelles,Les Mamelles,
Seychelles,Mont Buxton,
Seychelles,Mont Fleuri,
Seychelles,Plaisance,
Seychelles,Pointe Larue,
Seychelles,Port Glaud,
Seychelles,Roche Caiman,
Seychelles,Saint Louis,
Seychelles,Takamaka,
Seychelles,,
Sierra Leone,Eastern Province,
Sierra Leone,North West,
Sierra Leone,Northern Province,
Sierra Leone,Southern Province,
Sierra Leone,Western Area,
Sierra Leone,,
Singapore,,
Sint Maarten,,
Slovakia,Banska Bystrica,
Slovakia,Bratislava,
Slovakia,Kosice,
Slovakia,Nitra,
Slovakia,Presov,
Slovakia,Trencin,
Slovakia,Trnava,
Slovakia,Zilina,
Slovakia,,
Slovenia,Škofja Loka,
Slovenia,Ankaran,
Slovenia,Beltinci,
Slovenia,Benedikt,
Slovenia,Bistrica ob Sotli,
Slovenia,Bloke,
Slovenia,Bohinj,
Slovenia,Borovnica,
Slovenia,Brda,
Slovenia,Brezovica,
Slovenia,Cankova,
Slovenia,Celje,
Slovenia,Cerklje na Gorenjskem,
Slovenia,Cerknica,
Slovenia,Cerkno,
Slovenia,Cerkvenjak,
Slovenia,Cirkulane,
Slovenia,Destrnik,
Slovenia,Dobje,
Slovenia,Dobrna,
Slovenia,Dobrova-Polhov Gradec,
Slovenia,Dobrovnik,
Slovenia,Dol pri Ljubljani,
Slovenia,Dolenjske Toplice,
Slovenia,Dornava,
Slovenia,Dravograd,
Slovenia,Duplek,
Slovenia,Gorenja Vas-Poljane,
Slovenia,Gorje,
Slovenia,Gornja Radgona,
Slovenia,Gornji Grad,
Slovenia,Gornji Petrovci,
Slovenia,Grad,
Slovenia,Grosuplje,
Slovenia,Hajdina,
Slovenia,Hodos,
Slovenia,Horjul,
Slovenia,Hrastnik,
Slovenia,Hrpelje-Kozina,
Slovenia,Idrija,
Slovenia,Ig,
Slovenia,Ilirska Bistrica,
Slovenia,Izola,
Slovenia,Jesenice,
Slovenia,Jezersko,
Slovenia,Kamnik,
Slovenia,Kanal,
Slovenia,Kobilje,
Slovenia,Komen,
Slovenia,Komenda,
Slovenia,Koper,
Slovenia,Kostanjevica na Krki,
Slovenia,Kostel,
Slovenia,Kozje,
Slovenia,Kranj,
Slovenia,Kranjska Gora,
Slovenia,Kungota,
Slovenia,Kuzma,
Slovenia,Lenart,
Slovenia,Lendava,
Slovenia,Litija,
Slovenia,Ljubljana,
Slovenia,Ljubno,
Slovenia,Ljutomer,
Slovenia,Log–Dragomer,
Slovenia,Logatec,
Slovenia,Lovrenc na Pohorju,
Slovenia,Lukovica,
Slovenia,Makole,
Slovenia,Maribor,
Slovenia,Markovci,
Slovenia,Medvode,
Slovenia,Mestna Obcina Novo mesto,
Slovenia,Metlika,
Slovenia,Miren-Kostanjevica,
Slovenia,Mirna,
Slovenia,Mislinja,
Slovenia,Mokronog-Trebelno,
Slovenia,Moravske Toplice,
Slovenia,Mozirje,
Slovenia,Murska Sobota,
Slovenia,Muta,
Slovenia,Naklo,
Slovenia,Nazarje,
Slovenia,Nova Gorica,
Slovenia,Obcina Ajdovscina,
Slovenia,Obcina Apace,
Slovenia,Obcina Bled,
Slovenia,Obcina Bovec,
Slovenia,Obcina Braslovce,
Slovenia,Obcina Brezice,
Slovenia,Obcina Crensovci,
Slovenia,Obcina Crna na Koroskem,
Slovenia,Obcina Crnomelj,
Slovenia,Obcina Divaca,
Slovenia,Obcina Domzale,
Slovenia,Obcina Gorisnica,
Slovenia,Obcina Hoce-Slivnica,
Slovenia,Obcina Ivancna Gorica,
Slovenia,Obcina Jursinci,
Slovenia,Obcina Kidricevo,
Slovenia,Obcina Kobarid,
Slovenia,Obcina Kocevje,
Slovenia,Obcina Krizevci,
Slovenia,Obcina Krsko,
Slovenia,Obcina Lasko,
Slovenia,Obcina Loska Dolina,
Slovenia,Obcina Loski Potok,
Slovenia,Obcina Luce,
Slovenia,Obcina Majsperk,
Slovenia,Obcina Menges,
Slovenia,Obcina Mezica,
Slovenia,Obcina Miklavz na Dravskem Polju,
Slovenia,Obcina Mirna Pec,
Slovenia,Obcina Moravce,
Slovenia,Obcina Ormoz,
Slovenia,Obcina Podcetrtek,
Slovenia,Obcina Poljcane,
Slovenia,Obcina Race-Fram,
Slovenia,Obcina Radece,
Slovenia,Obcina Ravne na Koroskem,
Slovenia,Obcina Razkrizje,
Slovenia,Obcina Recica ob Savinji,
Slovenia,Obcina Rence-Vogrsko,
Slovenia,Obcina Rogaska Slatina,
Slovenia,Obcina Rogasovci,
Slovenia,Obcina Ruse,
Slovenia,Obcina Salovci,
Slovenia,Obcina Semic,
Slovenia,Obcina Sempeter-Vrtojba,
Slovenia,Obcina Sencur,
Slovenia,Obcina Sentilj,
Slovenia,Obcina Sentjernej,
Slovenia,Obcina Sentrupert,
Slovenia,Obcina Sezana,
Slovenia,Obcina Skofljica,
Slovenia,Obcina Smarje pri Jelsah,
Slovenia,Obcina Smarjeske Toplice,
Slovenia,Obcina Smartno ob Paki,
Slovenia,Obcina Smartno pri Litiji,
Slovenia,Obcina Sodrazica,
Slovenia,Obcina Solcava,
Slovenia,Obcina Sostanj,
Slovenia,Obcina Sredisce ob Dravi,
Slovenia,Obcina Starse,
Slovenia,Obcina Store,
Slovenia,Obcina Straza,
Slovenia,Obcina Sveti Andraz v Slovenskih Goricah,
Slovenia,Obcina Sveti Jurij ob Scavnici,
Slovenia,Obcina Sveti Tomaz,
Slovenia,Obcina Tisina,
Slovenia,Obcina Tolmin,
Slovenia,Obcina Trnovska vas,
Slovenia,Obcina Trzic,
Slovenia,Obcina Turnisce,
Slovenia,Obcina Velike Lasce,
Slovenia,Obcina Verzej,
Slovenia,Obcina Zalec,
Slovenia,Obcina Zavrc,
Slovenia,Obcina Zelezniki,
Slovenia,Obcina Zetale,
Slovenia,Obcina Ziri,
Slovenia,Obcina Zirovnica,
Slovenia,Obcina Zrece,
Slovenia,Obcina Zuzemberk,
Slovenia,Odranci,
Slovenia,Oplotnica,
Slovenia,Osilnica,
Slovenia,Pesnica,
Slovenia,Piran,
Slovenia,Pivka,
Slovenia,Podlehnik,
Slovenia,Podvelka,
Slovenia,Polzela,
Slovenia,Postojna,
Slovenia,Prebold,
Slovenia,Preddvor,
Slovenia,Prevalje,
Slovenia,Ptuj,
Slovenia,Puconci,
Slovenia,Radenci,
Slovenia,Radlje ob Dravi,
Slovenia,Radovljica,
Slovenia,Ribnica,
Slovenia,Ribnica na Pohorju,
Slovenia,Selnica ob Dravi,
Slovenia,Sentjur,
Slovenia,Sevnica,
Slovenia,Slovenj Gradec,
Slovenia,Slovenska Bistrica,
Slovenia,Slovenske Konjice,
Slovenia,Sveta Ana,
Slovenia,Sveta Trojica v Slovenskih Goricah,
Slovenia,Sveti Jurij v Slovenskih Goricah,
Slovenia,Tabor,
Slovenia,Trbovlje,
Slovenia,Trebnje,
Slovenia,Trzin,
Slovenia,Velenje,
Slovenia,Velika Polana,
Slovenia,Videm,
Slovenia,Vipava,
Slovenia,Vitanje,
Slovenia,Vodice,
Slovenia,Vojnik,
Slovenia,Vransko,
Slovenia,Vrhnika,
Slovenia,Vuzenica,
Slovenia,Zagorje ob Savi,
Slovenia,,
Solomon Islands,Central Province,
Solomon Islands,Choiseul,
Solomon Islands,Guadalcanal Province,
Solomon Islands,Honiara,
Solomon Islands,Isabel Province,
Solomon Islands,Makira-Ulawa Province,
Solomon Islands,Malaita Province,
Solomon Islands,Rennell and Bellona,
Solomon Islands,Temotu Province,
Solomon Islands,Western Province,
Solomon Islands,,
Somalia,Awdal,
Somalia,Bakool,
Somalia,Banaadir,
Somalia,Bari,
Somalia,Bay,
Somalia,Galguduud,
Somalia,Gedo,
Somalia,Hiiraan,
Somalia,Lower Juba,
Somalia,Lower Shabeelle,
Somalia,Middle Juba,
Somalia,Middle Shabele,
Somalia,Mudug,
Somalia,Nugaal,
Somalia,Sanaag,
Somalia,Sool,
Somalia,Togdheer,
Somalia,Woqooyi Galbeed,
Somalia,,
South Africa,Eastern Cape,
South Africa,Gauteng,
South Africa,KwaZulu-Natal,
South Africa,Limpopo,
South Africa,Mpumalanga,
South Africa,North West,
South Africa,Northern Cape,
South Africa,Orange Free State,
South Africa,Western Cape,
South Africa,,
South Georgia and the South Sandwich Islands,,
South Sudan,Central Equatoria,
South Sudan,,
Spain,Andalusia,Almeria
Spain,Andalusia,Cadiz
Spain,Andalusia,Cordoba
Spain,Andalusia,Granada
Spain,Andalusia,Huelva
Spain,Andalusia,Jaen
Spain,Andalusia,Malaga
Spain,Andalusia,Seville
Spain,Andalusia,
Spain,Aragon,Huesca
Spain,Aragon,Saragossa
Spain,Aragon,Teruel
Spain,Balearic Islands,Balearic Islands
Spain,Balearic Islands,
Spain,Basque Country,Araba / Álava
Spain,Basque Country,Biscay
Spain,Basque Country,Gipuzkoa
Spain,Basque Country,
Spain,Canary Islands,Las Palmas
Spain,Canary Islands,Santa Cruz de Tenerife
Spain,Canary Islands,
Spain,Cantabria,Cantabria
Spain,Cantabria,
Spain,Castille and León,Avila
Spain,Castille and León,Burgos
Spain,Castille and León,Leon
Spain,Castille and León,Palencia
Spain,Castille and León,Salamanca
Spain,Castille and León,Segovia
Spain,Castille and León,Soria
Spain,Castille and León,Valladolid
Spain,Castille and León,Zamora
Spain,Castille and León,
Spain,Castille-La Mancha,Albacete
Spain,Castille-La Mancha,Ciudad Real
Spain,Castille-La Mancha,Cuenca
Spain,Castille-La Mancha,Guadalajara
Spain,Castille-La Mancha,Toledo
Spain,Castille-La Mancha,
Spain,Catalonia,Barcelona
Spain,Catalonia,Girona
Spain,Catalonia,Lleida
Spain,Catalonia,Tarragona
Spain,Catalonia,
Spain,Ceuta,
Spain,Extremadura,Badajoz
Spain,Extremadura,Caceres
Spain,Extremadura,
Spain,Galicia,A Coruña
Spain,Galicia,Lugo
Spain,Galicia,Ourense
Spain,Galicia,Pontevedra
Spain,Galicia,
Spain,La Rioja,La Rioja
Spain,La Rioja,
Spain,Madrid,Madrid
Spain,Madrid,
Spain,Melilla,
Spain,Murcia,Murcia
Spain,Murcia,
Spain,Navarre,Navarre
Spain,Navarre,
Spain,Principality of Asturias,Asturias
Spain,Principality of Asturias,
Spain,Valencia,Alicante
Spain,Valencia,Castellon
Spain,Valencia,Valencia
Spain,Valencia,
Spain,,
Sri Lanka,Central Province,Kandy District
Sri Lanka,Central Province,Matale District
Sri Lanka,Central Province,Nuwara Eliya District
Sri Lanka,Central Province,
Sri Lanka,Eastern Province,Ampara District
Sri Lanka,Eastern Province,Batticaloa District
Sri Lanka,Eastern Province,
Sri Lanka,North Central Province,Anuradhapura District
Sri Lanka,North Central Province,Polonnaruwa District
Sri Lanka,North Central Province,
Sri Lanka,North Western Province,Kurunegala District
Sri Lanka,North Western Province,Puttalam District
Sri Lanka,North Western Province,
Sri Lanka,Northern Province,Jaffna District
Sri Lanka,Northern Province,Vavuniya District
Sri Lanka,Northern Province,
Sri Lanka,Province of Uva,Badulla District
Sri Lanka,Province of Uva,Moneragala District
Sri Lanka,Province of Uva,
Sri Lanka,Sabaragamuwa Province,Kegalle District
Sri Lanka,Sabaragamuwa Province,Ratnapura District
Sri Lanka,Sabaragamuwa Province,
Sri Lanka,Southern Province,Galle District
Sri Lanka,Southern Province,Hambantota District
Sri Lanka,Southern Province,Matara District
Sri Lanka,Southern Province,
Sri Lanka,Western Province,Colombo District
Sri Lanka,Western Province,Gampaha District
Sri Lanka,Western Province,Kalutara District
Sri Lanka,Western Province,
Sri Lanka,,
Sudan,Al Qaḑārif,
Sudan,Blue Nile,
Sudan,Central Darfur,
Sudan,Eastern Darfur,
Sudan,Kassala,
Sudan,Khartoum,
Sudan,North Kordofan,
Sudan,Northern,
Sudan,Northern Darfur,
Sudan,Red Sea,
Sudan,Sinnār,
Sudan,Southern Darfur,
Sudan,Southern Kordofan,
Sudan,West Kordofan State,
Sudan,Western Darfur,
Sudan,White Nile,
Sudan,,
Suriname,Distrikt Brokopondo,
Suriname,Distrikt Commewijne,
Suriname,Distrikt Coronie,
Suriname,Distrikt Marowijne,
Suriname,Distrikt Nickerie,
Suriname,Distrikt Para,
Suriname,Distrikt Paramaribo,
Suriname,Distrikt Saramacca,
Suriname,Distrikt Sipaliwini,
Suriname,Distrikt Wanica,
Suriname,,
Svalbard and Jan Mayen Islands,Jan Mayen,
Svalbard and Jan Mayen Islands,Svalbard,
Svalbard and Jan Mayen Islands,,
Swaziland,Hhohho,
Swaziland,Lubombo District,
Swaziland,Manzini,
Swaziland,Shiselweni District,
Swaziland,,
Sweden,Örebro County,
Sweden,Östergötland County,
Sweden,Blekinge County,
Sweden,Dalarna County,
Sweden,Gävleborg County,
Sweden,Gotland County,
Sweden,Halland County,
Sweden,Jämtland County,
Sweden,Jönköping,
Sweden,Kalmar,
Sweden,Kronoberg County,
Sweden,Norrbotten County,
Sweden,Södermanland County,
Sweden,Skåne County,
Sweden,Stockholm County,
Sweden,Uppsala County,
Sweden,Värmland County,
Sweden,Västerbotten County,
Sweden,Västernorrland County,
Sweden,Västmanland County,
Sweden,Västra Götaland County,
Sweden,,
Switzerland,Aargau,
Switzerland,Appenzell Ausserrhoden,
Switzerland,Appenzell Innerrhoden,
Switzerland,Basel-City,
Switzerland,Basel-Landschaft,
Switzerland,Bern,
Switzerland,Fribourg,
Switzerland,Geneva,
Switzerland,Glarus,
Switzerland,Grisons,
Switzerland,Jura,
Switzerland,Lucerne,
Switzerland,Neuchâtel,
Switzerland,Nidwalden,
Switzerland,Obwalden,
Switzerland,Saint Gallen,
Switzerland,Schaffhausen,
Switzerland,Schwyz,
Switzerland,Solothurn,
Switzerland,Thurgau,
Switzerland,Ticino,
Switzerland,Uri,
Switzerland,Valais,
Switzerland,Vaud,
Switzerland,Zug,
Switzerland,Zurich,
Switzerland,,
Syria,Aleppo Governorate,
Syria,As-Suwayda Governorate,
Syria,Damascus Governorate,
Syria,Idlib Governorate,
Syria,Latakia Governorate,
Syria,,
"Taiwan, Republic of China",Changhua,
"Taiwan, Republic of China",Chiayi,
"Taiwan, Republic of China",Chiayi County,
"Taiwan, Republic of China",Hsinchu,
"Taiwan, Republic of China",Hsinchu County,
"Taiwan, Republic of China",Hualien,
"Taiwan, Republic of China",Kaohsiung,
"Taiwan, Republic of China",Keelung,
"Taiwan, Republic of China",Kinmen County,
"Taiwan, Republic of China",Lienchiang,
"Taiwan, Republic of China",Miaoli,
"Taiwan, Republic of China",Nantou,
"Taiwan, Republic of China",New Taipei,
"Taiwan, Republic of China",Penghu County,
"Taiwan, Republic of China",Pingtung,
"Taiwan, Republic of China",Taichung City,
"Taiwan, Republic of China",Tainan,
"Taiwan, Republic of China",Taipei City,
"Taiwan, Republic of China",Taitung,
"Taiwan, Republic of China",Taoyuan,
"Taiwan, Republic of China",Yilan,
"Taiwan, Republic of China",Yunlin,
"Taiwan, Republic of China",,
Tajikistan,Dushanbe,
Tajikistan,Gorno-Badakhshan,
Tajikistan,Republican Subordination,
Tajikistan,Viloyati Khatlon,
Tajikistan,Viloyati Sughd,
Tajikistan,,
"Tanzania, United Republic of",Arusha,
"Tanzania, United Republic of",Dar es Salaam Region,
"Tanzania, United Republic of",Dodoma,
"Tanzania, United Republic of",Geita,
"Tanzania, United Republic of",Iringa,
"Tanzania, United Republic of",Kagera,
"Tanzania, United Republic of",Katavi,
"Tanzania, United Republic of",Kigoma,
"Tanzania, United Republic of",Kilimanjaro,
"Tanzania, United Republic of",Lindi,
"Tanzania, United Republic of",Manyara,
"Tanzania, United Republic of",Mara,
"Tanzania, United Republic of",Mbeya,
"Tanzania, United Republic of",Morogoro,
"Tanzania, United Republic of",Mtwara,
"Tanzania, United Republic of",Mwanza,
"Tanzania, United Republic of",Njombe,
"Tanzania, United Republic of",Pemba North,
"Tanzania, United Republic of",Pemba South,
"Tanzania, United Republic of",Pwani,
"Tanzania, United Republic of",Rukwa,
"Tanzania, United Republic of",Ruvuma,
"Tanzania, United Republic of",Shinyanga,
"Tanzania, United Republic of",Simiyu,
"Tanzania, United Republic of",Singida,
"Tanzania, United Republic of",Tabora,
"Tanzania, United Republic of",Tanga,
"Tanzania, United Republic of",Zanzibar Central/South,
"Tanzania, United Republic of",Zanzibar North,
"Tanzania, United Republic of",Zanzibar Urban/West,
"Tanzania, United Republic of",,
Thailand,Amnat Charoen,
Thailand,Ang Thong,
Thailand,Bangkok,
Thailand,Bueng Kan,
Thailand,Buriram,
Thailand,Chachoengsao,
Thailand,Chai Nat,
Thailand,Chaiyaphum,
Thailand,Chanthaburi,
Thailand,Chiang Mai,
Thailand,Chiang Rai,
Thailand,Chon Buri,
Thailand,Chumphon,
Thailand,Kalasin,
Thailand,Kamphaeng Phet,
Thailand,Kanchanaburi,
Thailand,Khon Kaen,
Thailand,Krabi,
Thailand,Lampang,
Thailand,Lamphun,
Thailand,Loei,
Thailand,Lopburi,
Thailand,Mae Hong Son,
Thailand,Maha Sarakham,
Thailand,Mukdahan,
Thailand,Nakhon Nayok,
Thailand,Nakhon Pathom,
Thailand,Nakhon Phanom,
Thailand,Nakhon Ratchasima,
Thailand,Nakhon Sawan,
Thailand,Nakhon Si Thammarat,
Thailand,Nan,
Thailand,Narathiwat,
Thailand,Nong Bua Lam Phu,
Thailand,Nong Khai,
Thailand,Nonthaburi,
Thailand,Pathum Thani,
Thailand,Pattani,
Thailand,Phang Nga,
Thailand,Phatthalung,
Thailand,Phayao,
Thailand,Phetchabun,
Thailand,Phetchaburi,
Thailand,Phichit,
Thailand,Phitsanulok,
Thailand,Phra Nakhon Si Ayutthaya,
Thailand,Phrae,
Thailand,Phuket,
Thailand,Prachin Buri,
Thailand,Prachuap Khiri Khan,
Thailand,Ranong,
Thailand,Ratchaburi,
Thailand,Rayong,
Thailand,Roi Et,
Thailand,Sa Kaeo,
Thailand,Sakon Nakhon,
Thailand,Samut Prakan,
Thailand,Samut Sakhon,
Thailand,Samut Songkhram,
Thailand,Saraburi,
Thailand,Satun,
Thailand,Si Sa Ket,
Thailand,Sing Buri,
Thailand,Songkhla,
Thailand,Sukhothai,
Thailand,Suphanburi,
Thailand,Surat Thani,
Thailand,Surin,
Thailand,Tak,
Thailand,Trang,
Thailand,Trat,
Thailand,Ubon Ratchathani,
Thailand,Udon Thani,
Thailand,Uthai Thani,
Thailand,Uttaradit,
Thailand,Yala,
Thailand,Yasothon,
Thailand,,
Timor-Leste,Aileu,
Timor-Leste,Ainaro,
Timor-Leste,Baucau,
Timor-Leste,Bobonaro,
Timor-Leste,Cova Lima,
Timor-Leste,Dili,
Timor-Leste,Ermera,
Timor-Leste,Lautém,
Timor-Leste,Liquiçá,
Timor-Leste,Manatuto,
Timor-Leste,Manufahi,
Timor-Leste,Oecusse,
Timor-Leste,Viqueque,
Timor-Leste,,
Togo,Centrale,
Togo,Kara,
Togo,Maritime,
Togo,Plateaux,
Togo,Savanes,
Togo,,
Tokelau,Atafu,
Tokelau,Fakaofo,
Tokelau,Nukunonu,
Tokelau,,
Tonga,ʻEua,
Tonga,Niuas,
Tonga,Tongatapu,
Tonga,Vava'u,
Tonga,,
Trinidad and Tobago,Borough of Arima,
Trinidad and Tobago,Chaguanas,
Trinidad and Tobago,Couva-Tabaquite-Talparo,
Trinidad and Tobago,Diego Martin,
Trinidad and Tobago,Mayaro,
Trinidad and Tobago,Penal/Debe,
Trinidad and Tobago,Point Fortin,
Trinidad and Tobago,Port of Spain,
Trinidad and Tobago,Princes Town,
Trinidad and Tobago,San Fernando,
Trinidad and Tobago,San Juan/Laventille,
Trinidad and Tobago,Sangre Grande,
Trinidad and Tobago,Siparia,
Trinidad and Tobago,Tobago,
Trinidad and Tobago,Tunapuna/Piarco,
Trinidad and Tobago,,
Tunisia,Gafsa,
Tunisia,Gouvernorat de Beja,
Tunisia,Gouvernorat de Ben Arous,
Tunisia,Gouvernorat de Bizerte,
Tunisia,Gouvernorat de Gabes,
Tunisia,Gouvernorat de Jendouba,
Tunisia,Gouvernorat de Kasserine,
Tunisia,Gouvernorat de Kebili,
Tunisia,Gouvernorat de Kef,
Tunisia,Gouvernorat de l'Ariana,
Tunisia,Gouvernorat de Mahdia,
Tunisia,Gouvernorat de Medenine,
Tunisia,Gouvernorat de Monastir,
Tunisia,Gouvernorat de Nabeul,
Tunisia,Gouvernorat de Sfax,
Tunisia,Gouvernorat de Sidi Bouzid,
Tunisia,Gouvernorat de Siliana,
Tunisia,Gouvernorat de Sousse,
Tunisia,Gouvernorat de Tozeur,
Tunisia,Gouvernorat de Tunis,
Tunisia,Gouvernorat de Zaghouan,
Tunisia,Kairouan,
Tunisia,Manouba,
Tunisia,Tataouine,
Tunisia,,
Turkey,Çankırı,
Turkey,Çorum,
Turkey,Ağrı,
Turkey,Adana,
Turkey,Adiyaman,
Turkey,Afyonkarahisar,
Turkey,Aksaray,
Turkey,Amasya,
Turkey,Ankara,
Turkey,Antalya,
Turkey,Ardahan,
Turkey,Artvin,
Turkey,Aydın,
Turkey,Şırnak,
Turkey,Şanlıurfa,
Turkey,Balıkesir,
Turkey,Bartın,
Turkey,Batman,
Turkey,Bayburt,
Turkey,Bilecik,
Turkey,Bingöl,
Turkey,Bitlis,
Turkey,Bolu,
Turkey,Burdur,
Turkey,Bursa,
Turkey,Canakkale,
Turkey,Denizli,
Turkey,Diyarbakir,
Turkey,Duezce,
Turkey,Edirne,
Turkey,Elazığ,
Turkey,Erzincan,
Turkey,Erzurum,
Turkey,Eskişehir,
Turkey,Gaziantep,
Turkey,Giresun,
Turkey,Guemueshane,
Turkey,Hakkâri,
Turkey,Hatay,
Turkey,Iğdır,
Turkey,Isparta,
Turkey,Istanbul,
Turkey,Izmir,
Turkey,Kırıkkale,
Turkey,Kırşehir,
Turkey,Kırklareli,
Turkey,Kütahya,
Turkey,Kahramanmaraş,
Turkey,Karabuek,
Turkey,Karaman,
Turkey,Kars,
Turkey,Kastamonu,
Turkey,Kayseri,
Turkey,Kilis,
Turkey,Kocaeli,
Turkey,Konya,
Turkey,Malatya,
Turkey,Manisa,
Turkey,Mardin,
Turkey,Mersin,
Turkey,Muş,
Turkey,Muğla,
Turkey,Nevsehir,
Turkey,Nigde,
Turkey,Ordu,
Turkey,Osmaniye,
Turkey,Rize,
Turkey,Sakarya,
Turkey,Samsun,
Turkey,Siirt,
Turkey,Sinop,
Turkey,Sivas,
Turkey,Tekirdağ,
Turkey,Tokat,
Turkey,Trabzon,
Turkey,Tunceli,
Turkey,Uşak,
Turkey,Van,
Turkey,Yalova,
Turkey,Yozgat,
Turkey,Zonguldak,
Turkey,,
Turkmenistan,Ahal,
Turkmenistan,Ashgabat,
Turkmenistan,Balkan,
Turkmenistan,Dasoguz Welayaty,
Turkmenistan,Lebap,
Turkmenistan,Mary,
Turkmenistan,,
Turks and Caicos Islands,,
Tuvalu,Funafuti,
Tuvalu,Nanumanga,
Tuvalu,Nanumea,
Tuvalu,Niutao,
Tuvalu,Nui,
Tuvalu,Nukufetau,
Tuvalu,Vaitupu,
Tuvalu,,
Uganda,Central Region,Kampala District
Uganda,Central Region,Masaka District
Uganda,Central Region,Mukono District
Uganda,Central Region,Wakiso District
Uganda,Eastern Region,Iganga District
Uganda,Eastern Region,Jinja District
Uganda,Eastern Region,Mbale District
Uganda,Eastern Region,Soroti District
Uganda,Northern Region,Gulu District
Uganda,Western Region,Mbarara District
Uganda,,
Ukraine,Cherkasy Oblast,
Ukraine,Chernihiv,
Ukraine,Chernivtsi Oblast,
Ukraine,Crimea,
Ukraine,Dnipropetrovsk Oblast,
Ukraine,Donetska Oblast,
Ukraine,Ivano-Frankivsk Oblast,
Ukraine,Kharkivska Oblast,
Ukraine,Kherson Oblast,
Ukraine,Khmelnytskyy Oblast,
Ukraine,Kirovohrad Oblast,
Ukraine,Kyiv,
Ukraine,Kyiv City,
Ukraine,Luhanska Oblast,
Ukraine,Lvivska Oblast,
Ukraine,Mykolayiv Oblast,
Ukraine,Odessa,
Ukraine,Poltava Oblast,
Ukraine,Rivnenska Oblast,
Ukraine,Sebastopol City,
Ukraine,Sumska Oblast,
Ukraine,Ternopil Oblast,
Ukraine,Transcarpathia,
Ukraine,Vinnytsya Oblast,
Ukraine,Volynska Oblast,
Ukraine,Zaporizhzhya Oblast,
Ukraine,Zhytomyrska Oblast,
Ukraine,,
United Arab Emirates,Abu Dhabi,
United Arab Emirates,Ajman,
United Arab Emirates,Dubai,
United Arab Emirates,Fujairah,
United Arab Emirates,Imarat Ra's al Khaymah,
United Arab Emirates,Imarat Umm al Qaywayn,
United Arab Emirates,Sharjah,
United Arab Emirates,,
United Kingdom,England,Barking and Dagenham
United Kingdom,England,Barnet
United Kingdom,England,Barnsley
United Kingdom,England,Bath and North East Somerset
United Kingdom,England,Bedford
United Kingdom,England,Bexley
United Kingdom,England,Birmingham
United Kingdom,England,Blackburn with Darwen
United Kingdom,England,Blackpool
United Kingdom,England,Bolton
United Kingdom,England,Borough of Bury
United Kingdom,England,"Bournemouth, Christchurch and Poole Council"
United Kingdom,England,Bracknell Forest
United Kingdom,England,Bradford
United Kingdom,England,Brent
United Kingdom,England,Brighton and Hove
United Kingdom,England,Bristol
United Kingdom,England,Bromley
United Kingdom,England,Buckinghamshire
United Kingdom,England,Calderdale
United Kingdom,England,Cambridgeshire
United Kingdom,England,Camden
United Kingdom,England,Central Bedfordshire
United Kingdom,England,Cheshire
United Kingdom,England,Cheshire East
United Kingdom,England,City of London
United Kingdom,England,City of Westminster
United Kingdom,England,Cornwall
United Kingdom,England,Coventry
United Kingdom,England,Croydon
United Kingdom,England,Cumbria
United Kingdom,England,Darlington
United Kingdom,England,Derby
United Kingdom,England,Derbyshire
United Kingdom,England,Devon
United Kingdom,England,Doncaster
United Kingdom,England,Dorset
United Kingdom,England,Dudley
United Kingdom,England,Durham
United Kingdom,England,Ealing
United Kingdom,England,East Riding of Yorkshire
United Kingdom,England,East Sussex
United Kingdom,England,Enfield
United Kingdom,England,Essex
United Kingdom,England,Gateshead
United Kingdom,England,Gloucestershire
United Kingdom,England,Greenwich
United Kingdom,England,Hackney
United Kingdom,England,Halton
United Kingdom,England,Hammersmith and Fulham
United Kingdom,England,Hampshire
United Kingdom,England,Haringey
United Kingdom,England,Harrow
United Kingdom,England,Hartlepool
United Kingdom,England,Havering
United Kingdom,England,Herefordshire
United Kingdom,England,Hertfordshire
United Kingdom,England,Hillingdon
United Kingdom,England,Hounslow
United Kingdom,England,Isle of Wight
United Kingdom,England,Isles of Scilly
United Kingdom,England,Islington
United Kingdom,England,Kent
United Kingdom,England,Kingston upon Hull
United Kingdom,England,Kingston upon Thames
United Kingdom,England,Kirklees
United Kingdom,England,Knowsley
United Kingdom,England,Lambeth
United Kingdom,England,Lancashire
United Kingdom,England,Leeds
United Kingdom,England,Leicester
United Kingdom,England,Leicestershire
United Kingdom,England,Lewisham
United Kingdom,England,Lincolnshire
United Kingdom,England,Liverpool
United Kingdom,England,Luton
United Kingdom,England,Manchester
United Kingdom,England,Medway
United Kingdom,England,Merton
United Kingdom,England,Middlesbrough
United Kingdom,England,Milton Keynes
United Kingdom,England,Newcastle upon Tyne
United Kingdom,England,Newham
United Kingdom,England,Norfolk
United Kingdom,England,North East Lincolnshire
United Kingdom,England,North Lincolnshire
United Kingdom,England,North Somerset
United Kingdom,England,North Tyneside
United Kingdom,England,North Yorkshire
United Kingdom,England,Northamptonshire
United Kingdom,England,Northumberland
United Kingdom,England,Nottingham
United Kingdom,England,Nottinghamshire
United Kingdom,England,Oldham
United Kingdom,England,Oxfordshire
United Kingdom,England,Peterborough
United Kingdom,England,Plymouth
United Kingdom,England,Portsmouth
United Kingdom,England,Reading
United Kingdom,England,Redbridge
United Kingdom,England,Redcar and Cleveland
United Kingdom,England,Richmond upon Thames
United Kingdom,England,Rochdale
United Kingdom,England,Rotherham
United Kingdom,England,Royal Kensington and Chelsea
United Kingdom,England,Rutland
United Kingdom,England,Salford
United Kingdom,England,Sandwell
United Kingdom,England,Sefton
United Kingdom,England,Sheffield
United Kingdom,England,Shropshire
United Kingdom,England,Slough
United Kingdom,England,Solihull
United Kingdom,England,Somerset
United Kingdom,England,South Gloucestershire
United Kingdom,England,South Tyneside
United Kingdom,England,Southampton
United Kingdom,England,Southend-on-Sea
United Kingdom,England,Southwark
United Kingdom,England,St. Helens
United Kingdom,England,Staffordshire
United Kingdom,England,Stockport
United Kingdom,England,Stockton-on-Tees
United Kingdom,England,Stoke-on-Trent
United Kingdom,England,Suffolk
United Kingdom,England,Sunderland
United Kingdom,England,Surrey
United Kingdom,England,Sutton
United Kingdom,England,Swindon
United Kingdom,England,Tameside
United Kingdom,England,Telford and Wrekin
United Kingdom,England,Thurrock
United Kingdom,England,Torbay
United Kingdom,England,Tower Hamlets
United Kingdom,England,Trafford
United Kingdom,England,Wakefield
United Kingdom,England,Walsall
United Kingdom,England,Waltham Forest
United Kingdom,England,Wandsworth
United Kingdom,England,Warrington
United Kingdom,England,Warwickshire
United Kingdom,England,West Berkshire
United Kingdom,England,West Sussex
United Kingdom,England,Wigan
United Kingdom,England,Wiltshire
United Kingdom,England,Windsor and Maidenhead
United Kingdom,England,Wirral
United Kingdom,England,Wokingham
United Kingdom,England,Wolverhampton
United Kingdom,England,Worcestershire
United Kingdom,England,York
United Kingdom,England,
United Kingdom,Northern Ireland,Antrim and Newtownabbey
United Kingdom,Northern Ireland,Ards and North Down
United Kingdom,Northern Ireland,Armagh City Banbridge and Craigavon
United Kingdom,Northern Ireland,Belfast
United Kingdom,Northern Ireland,Causeway Coast and Glens
United Kingdom,Northern Ireland,Derry City and Strabane
United Kingdom,Northern Ireland,Fermanagh and Omagh
United Kingdom,Northern Ireland,Lisburn and Castlereagh
United Kingdom,Northern Ireland,Mid and East Antrim
United Kingdom,Northern Ireland,Mid Ulster
United Kingdom,Northern Ireland,Newry Mourne and Down
United Kingdom,Northern Ireland,
United Kingdom,Scotland,Aberdeen City
United Kingdom,Scotland,Aberdeenshire
United Kingdom,Scotland,Angus
United Kingdom,Scotland,Argyll and Bute
United Kingdom,Scotland,Clackmannanshire
United Kingdom,Scotland,Dumfries and Galloway
United Kingdom,Scotland,Dundee City
United Kingdom,Scotland,East Ayrshire
United Kingdom,Scotland,East Dunbartonshire
United Kingdom,Scotland,East Lothian
United Kingdom,Scotland,East Renfrewshire
United Kingdom,Scotland,Edinburgh
United Kingdom,Scotland,Falkirk
United Kingdom,Scotland,Fife
United Kingdom,Scotland,Glasgow City
United Kingdom,Scotland,Highland
United Kingdom,Scotland,Inverclyde
United Kingdom,Scotland,Midlothian
United Kingdom,Scotland,Moray
United Kingdom,Scotland,North Ayrshire
United Kingdom,Scotland,North Lanarkshire
United Kingdom,Scotland,Orkney Islands
United Kingdom,Scotland,Perth and Kinross
United Kingdom,Scotland,Renfrewshire
United Kingdom,Scotland,Shetland Islands
United Kingdom,Scotland,South Ayrshire
United Kingdom,Scotland,South Lanarkshire
United Kingdom,Scotland,Stirling
United Kingdom,Scotland,The Scottish Borders
United Kingdom,Scotland,West Dunbartonshire
United Kingdom,Scotland,West Lothian
United Kingdom,Scotland,Western Isles
United Kingdom,Wales,Anglesey
United Kingdom,Wales,Blaenau Gwent
United Kingdom,Wales,Caerphilly County Borough
United Kingdom,Wales,Cardiff
United Kingdom,Wales,Carmarthenshire
United Kingdom,Wales,Ceredigion
United Kingdom,Wales,City and County of Swansea
United Kingdom,Wales,Conwy
United Kingdom,Wales,County Borough of Bridgend
United Kingdom,Wales,Denbighshire
United Kingdom,Wales,Flintshire
United Kingdom,Wales,Gwynedd
United Kingdom,Wales,Merthyr Tydfil
United Kingdom,Wales,Monmouthshire
United Kingdom,Wales,Neath Port Talbot
United Kingdom,Wales,Newport
United Kingdom,Wales,Pembrokeshire
United Kingdom,Wales,Powys
United Kingdom,Wales,Rhondda Cynon Taf
United Kingdom,Wales,Torfaen County Borough
United Kingdom,Wales,Vale of Glamorgan
United Kingdom,Wales,Wrexham
United Kingdom,,
United States,AK,Aleutians East Borough
United States,AK,Aleutians West Census Area
United States,AK,Anchorage Municipality
United States,AK,Bethel Census Area
United States,AK,Bristol Bay Borough
United States,AK,Denali Borough
United States,AK,Dillingham Census Area
United States,AK,Fairbanks North Star Borough
United States,AK,Haines Borough
United States,AK,Hoonah-Angoon Census Area
United States,AK,Juneau Borough
United States,AK,Kenai Peninsula Borough
United States,AK,Ketchikan Gateway Borough
United States,AK,Kodiak Island Borough
United States,AK,Kusilvak
United States,AK,Matanuska-Susitna Borough
United States,AK,Nome Census Area
United States,AK,North Slope Borough
United States,AK,Northwest Arctic Borough
United States,AK,Peninsula And Lake Borough
United States,AK,Petersburg Census Area
United States,AK,Prince Of Wales-Hyder Census Area
United States,AK,Sitka Borough
United States,AK,Skagway Municipality
United States,AK,Southeast Fairbanks Census Area
United States,AK,Valdez-Cordova Census Area
United States,AK,Wrangell City And Borough
United States,AK,Yakutat Borough
United States,AK,Yukon-Koyukuk Census Area
United States,AL,Autauga County
United States,AL,Baldwin County
United States,AL,Barbour County
United States,AL,Bibb County
United States,AL,Blount County
United States,AL,Bullock County
United States,AL,Butler County
United States,AL,Calhoun County
United States,AL,Chambers County
United States,AL,Cherokee County
United States,AL,Chilton County
United States,AL,Choctaw County
United States,AL,Clarke County
United States,AL,Clay County
United States,AL,Cleburne County
United States,AL,Coffee County
United States,AL,Colbert County
United States,AL,Conecuh County
United States,AL,Coosa County
United States,AL,Covington County
United States,AL,Crenshaw County
United States,AL,Cullman County
United States,AL,Dale County
United States,AL,Dallas County
United States,AL,Dekalb County
United States,AL,Elmore County
United States,AL,Escambia County
United States,AL,Etowah County
United States,AL,Fayette County
United States,AL,Franklin County
United States,AL,Geneva County
United States,AL,Greene County
United States,AL,Hale County
United States,AL,Henry County
United States,AL,Houston County
United States,AL,Jackson County
United States,AL,Jefferson County
United States,AL,Lamar County
United States,AL,Lauderdale County
United States,AL,Lawrence County
United States,AL,Lee County
United States,AL,Limestone County
United States,AL,Lowndes County
United States,AL,Macon County
United States,AL,Madison County
United States,AL,Marengo County
United States,AL,Marion County
United States,AL,Marshall County
United States,AL,Mobile County
United States,AL,Monroe County
United States,AL,Montgomery County
United States,AL,Morgan County
United States,AL,Perry County
United States,AL,Pickens County
United States,AL,Pike County
United States,AL,Randolph County
United States,AL,Russell County
United States,AL,Shelby County
United States,AL,St. Clair County
United States,AL,Sumter County
United States,AL,Talladega County
United States,AL,Tallapoosa County
United States,AL,Tuscaloosa County
United States,AL,Walker County
United States,AL,Washington County
United States,AL,Wilcox County
United States,AL,Winston County
United States,AR,Arkansas County
United States,AR,Ashley County
United States,AR,Baxter County
United States,AR,Benton County
United States,AR,Boone County
United States,AR,Bradley County
United States,AR,Calhoun County
United States,AR,Carroll County
United States,AR,Chicot County
United States,AR,Clark County
United States,AR,Clay County
United States,AR,Cleburne County
United States,AR,Cleveland County
United States,AR,Columbia County
United States,AR,Conway County
United States,AR,Craighead County
United States,AR,Crawford County
United States,AR,Crittenden County
United States,AR,Cross County
United States,AR,Dallas County
United States,AR,Desha County
United States,AR,Drew County
United States,AR,Faulkner County
United States,AR,Franklin County
United States,AR,Fulton County
United States,AR,Garland County
United States,AR,Grant County
United States,AR,Greene County
United States,AR,Hempstead County
United States,AR,Hot Spring County
United States,AR,Howard County
United States,AR,Independence County
United States,AR,Izard County
United States,AR,Jackson County
United States,AR,Jefferson County
United States,AR,Johnson County
United States,AR,Lafayette County
United States,AR,Lawrence County
United States,AR,Lee County
United States,AR,Lincoln County
United States,AR,Little River County
United States,AR,Logan County
United States,AR,Lonoke County
United States,AR,Madison County
United States,AR,Marion County
United States,AR,Miller County
United States,AR,Mississippi County
United States,AR,Monroe County
United States,AR,Montgomery County
United States,AR,Nevada County
United States,AR,Newton County
United States,AR,Ouachita County
United States,AR,Perry County
United States,AR,Phillips County
United States,AR,Pike County
United States,AR,Poinsett County
United States,AR,Polk County
United States,AR,Pope County
United States,AR,Prairie County
United States,AR,Pulaski County
United States,AR,Randolph County
United States,AR,Saline County
United States,AR,Scott County
United States,AR,Searcy County
United States,AR,Sebastian County
United States,AR,Sevier County
United States,AR,Sharp County
United States,AR,St. Francis County
United States,AR,Stone County
United States,AR,Union County
United States,AR,Van Buren County
United States,AR,Washington County
United States,AR,White County
United States,AR,Woodruff County
United States,AR,Yell County
United States,AZ,Apache County
United States,AZ,Cochise County
United States,AZ,Coconino County
United States,AZ,Gila County
United States,AZ,Graham County
United States,AZ,Greenlee County
United States,AZ,La Paz County
United States,AZ,Maricopa County
United States,AZ,Mohave County
United States,AZ,Navajo County
United States,AZ,Pima County
United States,AZ,Pinal County
United States,AZ,Santa Cruz County
United States,AZ,Yavapai County
United States,AZ,Yuma County
United States,CA,Alameda County
United States,CA,Alpine County
United States,CA,Amador County
United States,CA,Butte County
United States,CA,Calaveras County
United States,CA,Colusa County
United States,CA,Contra Costa County
United States,CA,Del Norte County
United States,CA,El Dorado County
United States,CA,Fresno County
United States,CA,Glenn County
United States,CA,Humboldt County
United States,CA,Imperial County
United States,CA,Inyo County
United States,CA,Kern County
United States,CA,Kings County
United States,CA,Lake County
United States,CA,Lassen County
United States,CA,Los Angeles County
United States,CA,Madera County
United States,CA,Marin County
United States,CA,Mariposa County
United States,CA,Mendocino County
United States,CA,Merced County
United States,CA,Modoc County
United States,CA,Mono County
United States,CA,Monterey County
United States,CA,Napa County
United States,CA,Nevada County
United States,CA,Orange County
United States,CA,Placer County
United States,CA,Plumas County
United States,CA,Riverside County
United States,CA,Sacramento County
United States,CA,San Benito County
United States,CA,San Bernardino County
United States,CA,San Diego County
United States,CA,San Francisco County
United States,CA,San Joaquin County
United States,CA,San Luis Obispo County
United States,CA,San Mateo County
United States,CA,Santa Barbara County
United States,CA,Santa Clara County
United States,CA,Santa Cruz County
United States,CA,Shasta County
United States,CA,Sierra County
United States,CA,Siskiyou County
United States,CA,Solano County
United States,CA,Sonoma County
United States,CA,Stanislaus County
United States,CA,Sutter County
United States,CA,Tehama County
United States,CA,Trinity County
United States,CA,Tulare County
United States,CA,Tuolumne County
United States,CA,Ventura County
United States,CA,Yolo County
United States,CA,Yuba County
United States,CO,Adams County
United States,CO,Alamosa County
United States,CO,Arapahoe County
United States,CO,Archuleta County
United States,CO,Baca County
United States,CO,Bent County
United States,CO,Boulder County
United States,CO,Broomfield County
United States,CO,Chaffee County
United States,CO,Cheyenne County
United States,CO,Clear Creek County
United States,CO,Conejos County
United States,CO,Costilla County
United States,CO,Crowley County
United States,CO,Custer County
United States,CO,Delta County
United States,CO,Denver County
United States,CO,Dolores County
United States,CO,Douglas County
United States,CO,Eagle County
United States,CO,El Paso County
United States,CO,Elbert County
United States,CO,Fremont County
United States,CO,Garfield County
United States,CO,Gilpin County
United States,CO,Grand County
United States,CO,Gunnison County
United States,CO,Hinsdale County
United States,CO,Huerfano County
United States,CO,Jackson County
United States,CO,Jefferson County
United States,CO,Kiowa County
United States,CO,Kit Carson County
United States,CO,La Plata County
United States,CO,Lake County
United States,CO,Larimer County
United States,CO,Las Animas County
United States,CO,Lincoln County
United States,CO,Logan County
United States,CO,Mesa County
United States,CO,Mineral County
United States,CO,Moffat County
United States,CO,Montezuma County
United States,CO,Montrose County
United States,CO,Morgan County
United States,CO,Otero County
United States,CO,Ouray County
United States,CO,Park County
United States,CO,Phillips County
United States,CO,Pitkin County
United States,CO,Prowers County
United States,CO,Pueblo County
United States,CO,Rio Blanco County
United States,CO,Rio Grande County
United States,CO,Routt County
United States,CO,Saguache County
United States,CO,San Juan County
United States,CO,San Miguel County
United States,CO,Sedgwick County
United States,CO,Summit County
United States,CO,Teller County
United States,CO,Washington County
United States,CO,Weld County
United States,CO,Yuma County
United States,CT,Fairfield County
United States,CT,Hartford County
United States,CT,Litchfield County
United States,CT,Middlesex County
United States,CT,New Haven County
United States,CT,New London County
United States,CT,Tolland County
United States,CT,Windham County
United States,DC,District of Columbia
United States,DE,Kent County
United States,DE,New Castle County
United States,DE,Sussex County
United States,DE,Sussex County
United States,FL,Alachua County
United States,FL,Baker County
United States,FL,Bay County
United States,FL,Bradford County
United States,FL,Brevard County
United States,FL,Broward County
United States,FL,Calhoun County
United States,FL,Charlotte County
United States,FL,Citrus County
United States,FL,Clay County
United States,FL,Collier County
United States,FL,Columbia County
United States,FL,Desoto County
United States,FL,Dixie County
United States,FL,Duval County
United States,FL,Escambia County
United States,FL,Flagler County
United States,FL,Franklin County
United States,FL,Gadsden County
United States,FL,Gilchrist County
United States,FL,Glades County
United States,FL,Gulf County
United States,FL,Hamilton County
United States,FL,Hardee County
United States,FL,Hendry County
United States,FL,Hernando County
United States,FL,Highlands County
United States,FL,Hillsborough County
United States,FL,Holmes County
United States,FL,Indian River County
United States,FL,Jackson County
United States,FL,Jefferson County
United States,FL,Lafayette County
United States,FL,Lake County
United States,FL,Lee County
United States,FL,Leon County
United States,FL,Levy County
United States,FL,Liberty County
United States,FL,Madison County
United States,FL,Manatee County
United States,FL,Marion County
United States,FL,Martin County
United States,FL,Miami-Dade County
United States,FL,Monroe County
United States,FL,Nassau County
United States,FL,Okaloosa County
United States,FL,Okeechobee County
United States,FL,Orange County
United States,FL,Osceola County
United States,FL,Palm Beach County
United States,FL,Pasco County
United States,FL,Pinellas County
United States,FL,Polk County
United States,FL,Putnam County
United States,FL,Santa Rosa County
United States,FL,Sarasota County
United States,FL,Seminole County
United States,FL,St. Johns County
United States,FL,St. Lucie County
United States,FL,Sumter County
United States,FL,Suwannee County
United States,FL,Taylor County
United States,FL,Union County
United States,FL,Volusia County
United States,FL,Wakulla County
United States,FL,Walton County
United States,FL,Washington County
United States,GA,Appling County
United States,GA,Atkinson County
United States,GA,Bacon County
United States,GA,Baker County
United States,GA,Baldwin County
United States,GA,Banks County
United States,GA,Barrow County
United States,GA,Bartow County
United States,GA,Ben Hill County
United States,GA,Berrien County
United States,GA,Bibb County
United States,GA,Bleckley County
United States,GA,Brantley County
United States,GA,Brooks County
United States,GA,Bryan County
United States,GA,Bulloch County
United States,GA,Burke County
United States,GA,Butts County
United States,GA,Calhoun County
United States,GA,Camden County
United States,GA,Candler County
United States,GA,Carroll County
United States,GA,Catoosa County
United States,GA,Charlton County
United States,GA,Chatham County
United States,GA,Chattahoochee County
United States,GA,Chattooga County
United States,GA,Cherokee County
United States,GA,Clarke County
United States,GA,Clay County
United States,GA,Clayton County
United States,GA,Clinch County
United States,GA,Cobb County
United States,GA,Coffee County
United States,GA,Colquitt County
United States,GA,Columbia County
United States,GA,Cook County
United States,GA,Coweta County
United States,GA,Crawford County
United States,GA,Crisp County
United States,GA,Dade County
United States,GA,Dawson County
United States,GA,Decatur County
United States,GA,Dekalb County
United States,GA,Dodge County
United States,GA,Dooly County
United States,GA,Dougherty County
United States,GA,Douglas County
United States,GA,Early County
United States,GA,Echols County
United States,GA,Effingham County
United States,GA,Elbert County
United States,GA,Emanuel County
United States,GA,Evans County
United States,GA,Fannin County
United States,GA,Fayette County
United States,GA,Floyd County
United States,GA,Forsyth County
United States,GA,Franklin County
United States,GA,Fulton County
United States,GA,Gilmer County
United States,GA,Glascock County
United States,GA,Glynn County
United States,GA,Gordon County
United States,GA,Grady County
United States,GA,Greene County
United States,GA,Gwinnett County
United States,GA,Habersham County
United States,GA,Hall County
United States,GA,Hancock County
United States,GA,Haralson County
United States,GA,Harris County
United States,GA,Hart County
United States,GA,Heard County
United States,GA,Henry County
United States,GA,Houston County
United States,GA,Irwin County
United States,GA,Jackson County
United States,GA,Jasper County
United States,GA,Jeff Davis County
United States,GA,Jefferson County
United States,GA,Jenkins County
United States,GA,Johnson County
United States,GA,Jones County
United States,GA,Lamar County
United States,GA,Lanier County
United States,GA,Laurens County
United States,GA,Lee County
United States,GA,Liberty County
United States,GA,Lincoln County
United States,GA,Long County
United States,GA,Lowndes County
United States,GA,Lumpkin County
United States,GA,Macon County
United States,GA,Madison County
United States,GA,Marion County
United States,GA,Mcduffie County
United States,GA,Mcintosh County
United States,GA,Meriwether County
United States,GA,Miller County
United States,GA,Mitchell County
United States,GA,Monroe County
United States,GA,Montgomery County
United States,GA,Morgan County
United States,GA,Murray County
United States,GA,Muscogee County
United States,GA,Newton County
United States,GA,Oconee County
United States,GA,Oglethorpe County
United States,GA,Paulding County
United States,GA,Peach County
United States,GA,Pickens County
United States,GA,Pierce County
United States,GA,Pike County
United States,GA,Polk County
United States,GA,Pulaski County
United States,GA,Putnam County
United States,GA,Quitman County
United States,GA,Rabun County
United States,GA,Randolph County
United States,GA,Richmond County
United States,GA,Rockdale County
United States,GA,Schley County
United States,GA,Screven County
United States,GA,Seminole County
United States,GA,Spalding County
United States,GA,Stephens County
United States,GA,Stewart County
United States,GA,Sumter County
United States,GA,Talbot County
United States,GA,Taliaferro County
United States,GA,Tattnall County
United States,GA,Taylor County
United States,GA,Telfair County
United States,GA,Terrell County
United States,GA,Thomas County
United States,GA,Tift County
United States,GA,Toombs County
United States,GA,Towns County
United States,GA,Treutlen County
United States,GA,Troup County
United States,GA,Turner County
United States,GA,Twiggs County
United States,GA,Union County
United States,GA,Upson County
United States,GA,Walker County
United States,GA,Walton County
United States,GA,Ware County
United States,GA,Warren County
United States,GA,Washington County
United States,GA,Wayne County
United States,GA,Webster County
United States,GA,Wheeler County
United States,GA,White County
United States,GA,Whitfield County
United States,GA,Wilcox County
United States,GA,Wilkes County
United States,GA,Wilkinson County
United States,GA,Worth County
United States,HI,Hawaii County
United States,HI,Honolulu County
United States,HI,Kalawao County
United States,HI,Kauai County
United States,HI,Maui County
United States,IA,Adair County
United States,IA,Adams County
United States,IA,Allamakee County
United States,IA,Appanoose County
United States,IA,Audubon County
United States,IA,Benton County
United States,IA,Black Hawk County
United States,IA,Boone County
United States,IA,Bremer County
United States,IA,Buchanan County
United States,IA,Buena Vista County
United States,IA,Butler County
United States,IA,Calhoun County
United States,IA,Carroll County
United States,IA,Cass County
United States,IA,Cedar County
United States,IA,Cerro Gordo County
United States,IA,Cherokee County
United States,IA,Chickasaw County
United States,IA,Clarke County
United States,IA,Clay County
United States,IA,Clayton County
United States,IA,Clinton County
United States,IA,Crawford County
United States,IA,Dallas County
United States,IA,Davis County
United States,IA,Decatur County
United States,IA,Delaware County
United States,IA,Des Moines County
United States,IA,Dickinson County
United States,IA,Dubuque County
United States,IA,Emmet County
United States,IA,Fayette County
United States,IA,Floyd County
United States,IA,Franklin County
United States,IA,Fremont County
United States,IA,Greene County
United States,IA,Grundy County
United States,IA,Guthrie County
United States,IA,Hamilton County
United States,IA,Hancock County
United States,IA,Hardin County
United States,IA,Harrison County
United States,IA,Henry County
United States,IA,Howard County
United States,IA,Humboldt County
United States,IA,Ida County
United States,IA,Iowa County
United States,IA,Jackson County
United States,IA,Jasper County
United States,IA,Jefferson County
United States,IA,Johnson County
United States,IA,Jones County
United States,IA,Keokuk County
United States,IA,Kossuth County
United States,IA,Lee County
United States,IA,Linn County
United States,IA,Louisa County
United States,IA,Lucas County
United States,IA,Lyon County
United States,IA,Madison County
United States,IA,Mahaska County
United States,IA,Marion County
United States,IA,Marshall County
United States,IA,Mills County
United States,IA,Mitchell County
United States,IA,Monona County
United States,IA,Monroe County
United States,IA,Montgomery County
United States,IA,Muscatine County
United States,IA,O'Brien County
United States,IA,Osceola County
United States,IA,Page County
United States,IA,Palo Alto County
United States,IA,Plymouth County
United States,IA,Pocahontas County
United States,IA,Polk County
United States,IA,Pottawattamie County
United States,IA,Poweshiek County
United States,IA,Ringgold County
United States,IA,Sac County
United States,IA,Scott County
United States,IA,Shelby County
United States,IA,Sioux County
United States,IA,Story County
United States,IA,Tama County
United States,IA,Taylor County
United States,IA,Union County
United States,IA,Van Buren County
United States,IA,Wapello County
United States,IA,Warren County
United States,IA,Washington County
United States,IA,Wayne County
United States,IA,Webster County
United States,IA,Winnebago County
United States,IA,Winneshiek County
United States,IA,Woodbury County
United States,IA,Worth County
United States,IA,Wright County
United States,ID,Ada County
United States,ID,Adams County
United States,ID,Bannock County
United States,ID,Bear Lake County
United States,ID,Benewah County
United States,ID,Bingham County
United States,ID,Blaine County
United States,ID,Boise County
United States,ID,Bonner County
United States,ID,Bonneville County
United States,ID,Boundary County
United States,ID,Butte County
United States,ID,Camas County
United States,ID,Canyon County
United States,ID,Caribou County
United States,ID,Cassia County
United States,ID,Clark County
United States,ID,Clearwater County
United States,ID,Custer County
United States,ID,Elmore County
United States,ID,Franklin County
United States,ID,Fremont County
United States,ID,Gem County
United States,ID,Gooding County
United States,ID,Idaho County
United States,ID,Jefferson County
United States,ID,Jerome County
United States,ID,Kootenai County
United States,ID,Latah County
United States,ID,Lemhi County
United States,ID,Lewis County
United States,ID,Lincoln County
United States,ID,Madison County
United States,ID,Minidoka County
United States,ID,Nez Perce County
United States,ID,Oneida County
United States,ID,Owyhee County
United States,ID,Payette County
United States,ID,Power County
United States,ID,Shoshone County
United States,ID,Teton County
United States,ID,Twin Falls County
United States,ID,Valley County
United States,ID,Washington County
United States,IL,Adams County
United States,IL,Alexander County
United States,IL,Bond County
United States,IL,Boone County
United States,IL,Brown County
United States,IL,Bureau County
United States,IL,Calhoun County
United States,IL,Carroll County
United States,IL,Cass County
United States,IL,Champaign County
United States,IL,Christian County
United States,IL,Clark County
United States,IL,Clay County
United States,IL,Clinton County
United States,IL,Coles County
United States,IL,Cook County
United States,IL,Crawford County
United States,IL,Cumberland County
United States,IL,De Witt County
United States,IL,Dekalb County
United States,IL,Douglas County
United States,IL,Dupage County
United States,IL,Edgar County
United States,IL,Edwards County
United States,IL,Effingham County
United States,IL,Fayette County
United States,IL,Ford County
United States,IL,Franklin County
United States,IL,Fulton County
United States,IL,Gallatin County
United States,IL,Greene County
United States,IL,Grundy County
United States,IL,Hamilton County
United States,IL,Hancock County
United States,IL,Hardin County
United States,IL,Henderson County
United States,IL,Henry County
United States,IL,Iroquois County
United States,IL,Jackson County
United States,IL,Jasper County
United States,IL,Jefferson County
United States,IL,Jersey County
United States,IL,Jo Daviess County
United States,IL,Johnson County
United States,IL,Kane County
United States,IL,Kankakee County
United States,IL,Kendall County
United States,IL,Knox County
United States,IL,La Salle County
United States,IL,Lake County
United States,IL,Lawrence County
United States,IL,Lee County
United States,IL,Livingston County
United States,IL,Logan County
United States,IL,Macon County
United States,IL,Macoupin County
United States,IL,Madison County
United States,IL,Marion County
United States,IL,Marshall County
United States,IL,Mason County
United States,IL,Massac County
United States,IL,Mcdonough County
United States,IL,Mchenry County
United States,IL,Mclean County
United States,IL,Menard County
United States,IL,Mercer County
United States,IL,Monroe County
United States,IL,Montgomery County
United States,IL,Morgan County
United States,IL,Moultrie County
United States,IL,Ogle County
United States,IL,Peoria County
United States,IL,Perry County
United States,IL,Piatt County
United States,IL,Pike County
United States,IL,Pope County
United States,IL,Pulaski County
United States,IL,Putnam County
United States,IL,Randolph County
United States,IL,Richland County
United States,IL,Rock Island County
United States,IL,Saline County
United States,IL,Sangamon County
United States,IL,Schuyler County
United States,IL,Scott County
United States,IL,Shelby County
United States,IL,St. Clair County
United States,IL,Stark County
United States,IL,Stephenson County
United States,IL,Tazewell County
United States,IL,Union County
United States,IL,Vermilion County
United States,IL,Wabash County
United States,IL,Warren County
United States,IL,Washington County
United States,IL,Wayne County
United States,IL,White County
United States,IL,Whiteside County
United States,IL,Will County
United States,IL,Williamson County
United States,IL,Winnebago County
United States,IL,Woodford County
United States,IN,Adams County
United States,IN,Allen County
United States,IN,Bartholomew County
United States,IN,Benton County
United States,IN,Blackford County
United States,IN,Boone County
United States,IN,Brown County
United States,IN,Carroll County
United States,IN,Cass County
United States,IN,Clark County
United States,IN,Clay County
United States,IN,Clinton County
United States,IN,Crawford County
United States,IN,Daviess County
United States,IN,Dearborn County
United States,IN,Decatur County
United States,IN,Dekalb County
United States,IN,Delaware County
United States,IN,Dubois County
United States,IN,Elkhart County
United States,IN,Fayette County
United States,IN,Floyd County
United States,IN,Fountain County
United States,IN,Franklin County
United States,IN,Fulton County
United States,IN,Gibson County
United States,IN,Grant County
United States,IN,Greene County
United States,IN,Hamilton County
United States,IN,Hancock County
United States,IN,Harrison County
United States,IN,Hendricks County
United States,IN,Henry County
United States,IN,Howard County
United States,IN,Huntington County
United States,IN,Jackson County
United States,IN,Jasper County
United States,IN,Jay County
United States,IN,Jefferson County
United States,IN,Jennings County
United States,IN,Johnson County
United States,IN,Knox County
United States,IN,Kosciusko County
United States,IN,Lagrange County
United States,IN,Lake County
United States,IN,Laporte County
United States,IN,Lawrence County
United States,IN,Madison County
United States,IN,Marion County
United States,IN,Marshall County
United States,IN,Martin County
United States,IN,Miami County
United States,IN,Monroe County
United States,IN,Montgomery County
United States,IN,Morgan County
United States,IN,Newton County
United States,IN,Noble County
United States,IN,Ohio County
United States,IN,Orange County
United States,IN,Owen County
United States,IN,Parke County
United States,IN,Perry County
United States,IN,Pike County
United States,IN,Porter County
United States,IN,Posey County
United States,IN,Pulaski County
United States,IN,Putnam County
United States,IN,Randolph County
United States,IN,Ripley County
United States,IN,Rush County
United States,IN,Scott County
United States,IN,Shelby County
United States,IN,Spencer County
United States,IN,St. Joseph County
United States,IN,Starke County
United States,IN,Steuben County
United States,IN,Sullivan County
United States,IN,Switzerland County
United States,IN,Tippecanoe County
United States,IN,Tipton County
United States,IN,Union County
United States,IN,Vanderburgh County
United States,IN,Vermillion County
United States,IN,Vigo County
United States,IN,Wabash County
United States,IN,Warren County
United States,IN,Warrick County
United States,IN,Washington County
United States,IN,Wayne County
United States,IN,Wells County
United States,IN,White County
United States,IN,Whitley County
United States,KS,Allen County
United States,KS,Anderson County
United States,KS,Atchison County
United States,KS,Barber County
United States,KS,Barton County
United States,KS,Bourbon County
United States,KS,Brown County
United States,KS,Butler County
United States,KS,Chase County
United States,KS,Chautauqua County
United States,KS,Cherokee County
United States,KS,Cheyenne County
United States,KS,Clark County
United States,KS,Clay County
United States,KS,Cloud County
United States,KS,Coffey County
United States,KS,Comanche County
United States,KS,Cowley County
United States,KS,Crawford County
United States,KS,Decatur County
United States,KS,Dickinson County
United States,KS,Doniphan County
United States,KS,Douglas County
United States,KS,Edwards County
United States,KS,Elk County
United States,KS,Ellis County
United States,KS,Ellsworth County
United States,KS,Finney County
United States,KS,Ford County
United States,KS,Franklin County
United States,KS,Geary County
United States,KS,Gove County
United States,KS,Graham County
United States,KS,Grant County
United States,KS,Gray County
United States,KS,Greeley County
United States,KS,Greenwood County
United States,KS,Hamilton County
United States,KS,Harper County
United States,KS,Harvey County
United States,KS,Haskell County
United States,KS,Hodgeman County
United States,KS,Jackson County
United States,KS,Jefferson County
United States,KS,Jewell County
United States,KS,Johnson County
United States,KS,Kearny County
United States,KS,Kingman County
United States,KS,Kiowa County
United States,KS,Labette County
United States,KS,Lane County
United States,KS,Leavenworth County
United States,KS,Lincoln County
United States,KS,Linn County
United States,KS,Logan County
United States,KS,Lyon County
United States,KS,Marion County
United States,KS,Marshall County
United States,KS,Mcpherson County
United States,KS,Meade County
United States,KS,Miami County
United States,KS,Mitchell County
United States,KS,Montgomery County
United States,KS,Morris County
United States,KS,Morton County
United States,KS,Nemaha County
United States,KS,Neosho County
United States,KS,Ness County
United States,KS,Norton County
United States,KS,Osage County
United States,KS,Osborne County
United States,KS,Ottawa County
United States,KS,Pawnee County
United States,KS,Phillips County
United States,KS,Pottawatomie County
United States,KS,Pratt County
United States,KS,Rawlins County
United States,KS,Reno County
United States,KS,Republic County
United States,KS,Rice County
United States,KS,Riley County
United States,KS,Rooks County
United States,KS,Rush County
United States,KS,Russell County
United States,KS,Saline County
United States,KS,Scott County
United States,KS,Sedgwick County
United States,KS,Seward County
United States,KS,Shawnee County
United States,KS,Sheridan County
United States,KS,Sherman County
United States,KS,Smith County
United States,KS,Stafford County
United States,KS,Stanton County
United States,KS,Stevens County
United States,KS,Sumner County
United States,KS,Thomas County
United States,KS,Trego County
United States,KS,Wabaunsee County
United States,KS,Wallace County
United States,KS,Washington County
United States,KS,Wichita County
United States,KS,Wilson County
United States,KS,Woodson County
United States,KS,Wyandotte County
United States,KS,
United States,KY,Adair County
United States,KY,Allen County
United States,KY,Anderson County
United States,KY,Ballard County
United States,KY,Barren County
United States,KY,Bath County
United States,KY,Bell County
United States,KY,Boone County
United States,KY,Bourbon County
United States,KY,Boyd County
United States,KY,Boyle County
United States,KY,Bracken County
United States,KY,Breathitt County
United States,KY,Breckinridge County
United States,KY,Bullitt County
United States,KY,Butler County
United States,KY,Caldwell County
United States,KY,Calloway County
United States,KY,Campbell County
United States,KY,Carlisle County
United States,KY,Carroll County
United States,KY,Carter County
United States,KY,Casey County
United States,KY,Christian County
United States,KY,Clark County
United States,KY,Clay County
United States,KY,Clinton County
United States,KY,Crittenden County
United States,KY,Cumberland County
United States,KY,Daviess County
United States,KY,Edmonson County
United States,KY,Elliott County
United States,KY,Estill County
United States,KY,Fayette County
United States,KY,Fleming County
United States,KY,Floyd County
United States,KY,Franklin County
United States,KY,Fulton County
United States,KY,Gallatin County
United States,KY,Garrard County
United States,KY,Grant County
United States,KY,Graves County
United States,KY,Grayson County
United States,KY,Green County
United States,KY,Greenup County
United States,KY,Hancock County
United States,KY,Hardin County
United States,KY,Harlan County
United States,KY,Harrison County
United States,KY,Hart County
United States,KY,Henderson County
United States,KY,Henry County
United States,KY,Hickman County
United States,KY,Hopkins County
United States,KY,Jackson County
United States,KY,Jefferson County
United States,KY,Jessamine County
United States,KY,Johnson County
United States,KY,Kenton County
United States,KY,Knott County
United States,KY,Knox County
United States,KY,Larue County
United States,KY,Laurel County
United States,KY,Lawrence County
United States,KY,Lee County
United States,KY,Leslie County
United States,KY,Letcher County
United States,KY,Lewis County
United States,KY,Lincoln County
United States,KY,Livingston County
United States,KY,Logan County
United States,KY,Lyon County
United States,KY,Madison County
United States,KY,Magoffin County
United States,KY,Marion County
United States,KY,Marshall County
United States,KY,Martin County
United States,KY,Mason County
United States,KY,Mccracken County
United States,KY,Mccreary County
United States,KY,Mclean County
United States,KY,Meade County
United States,KY,Menifee County
United States,KY,Mercer County
United States,KY,Metcalfe County
United States,KY,Monroe County
United States,KY,Montgomery County
United States,KY,Morgan County
United States,KY,Muhlenberg County
United States,KY,Nelson County
United States,KY,Nicholas County
United States,KY,Ohio County
United States,KY,Oldham County
United States,KY,Owen County
United States,KY,Owsley County
United States,KY,Pendleton County
United States,KY,Perry County
United States,KY,Pike County
United States,KY,Powell County
United States,KY,Pulaski County
United States,KY,Robertson County
United States,KY,Rockcastle County
United States,KY,Rowan County
United States,KY,Russell County
United States,KY,Scott County
United States,KY,Shelby County
United States,KY,Simpson County
United States,KY,Spencer County
United States,KY,Taylor County
United States,KY,Todd County
United States,KY,Trigg County
United States,KY,Trimble County
United States,KY,Union County
United States,KY,Warren County
United States,KY,Washington County
United States,KY,Wayne County
United States,KY,Webster County
United States,KY,Whitley County
United States,KY,Wolfe County
United States,KY,Woodford County
United States,KY,
United States,LA,Acadia Parish
United States,LA,Allen Parish
United States,LA,Ascension Parish
United States,LA,Assumption Parish
United States,LA,Avoyelles Parish
United States,LA,Beauregard Parish
United States,LA,Bienville Parish
United States,LA,Bossier Parish
United States,LA,Caddo Parish
United States,LA,Calcasieu Parish
United States,LA,Caldwell Parish
United States,LA,Cameron Parish
United States,LA,Catahoula Parish
United States,LA,Claiborne Parish
United States,LA,Concordia Parish
United States,LA,De Soto Parish
United States,LA,East Baton Rouge Parish
United States,LA,East Carroll Parish
United States,LA,East Feliciana Parish
United States,LA,Evangeline Parish
United States,LA,Franklin Parish
United States,LA,Grant Parish
United States,LA,Iberia Parish
United States,LA,Iberville Parish
United States,LA,Jackson Parish
United States,LA,Jefferson Davis Parish
United States,LA,Jefferson Parish
United States,LA,La Salle Parish
United States,LA,Lafayette Parish
United States,LA,Lafourche Parish
United States,LA,Lincoln Parish
United States,LA,Livingston Parish
United States,LA,Madison Parish
United States,LA,Morehouse Parish
United States,LA,Natchitoches Parish
United States,LA,Orleans Parish
United States,LA,Ouachita Parish
United States,LA,Plaquemines Parish
United States,LA,Pointe Coupee Parish
United States,LA,Rapides Parish
United States,LA,Red River Parish
United States,LA,Richland Parish
United States,LA,Sabine Parish
United States,LA,St. Bernard Parish
United States,LA,St. Charles Parish
United States,LA,St. Helena Parish
United States,LA,St. James Parish
United States,LA,St. John The Baptist Parish
United States,LA,St. Landry Parish
United States,LA,St. Martin Parish
United States,LA,St. Mary Parish
United States,LA,St. Tammany Parish
United States,LA,Tangipahoa Parish
United States,LA,Tensas Parish
United States,LA,Terrebonne Parish
United States,LA,Union Parish
United States,LA,Vermilion Parish
United States,LA,Vernon Parish
United States,LA,Washington Parish
United States,LA,Webster Parish
United States,LA,West Baton Rouge Parish
United States,LA,West Carroll Parish
United States,LA,West Feliciana Parish
United States,LA,Winn Parish
United States,LA,
United States,MA,Barnstable County
United States,MA,Berkshire County
United States,MA,Bristol County
United States,MA,Dukes County
United States,MA,Essex County
United States,MA,Franklin County
United States,MA,Hampden County
United States,MA,Hampshire County
United States,MA,Middlesex County
United States,MA,Nantucket County
United States,MA,Norfolk County
United States,MA,Plymouth County
United States,MA,Suffolk County
United States,MA,Worcester County
United States,MD,Allegany County
United States,MD,Anne Arundel County
United States,MD,Baltimore City
United States,MD,Baltimore County
United States,MD,Calvert County
United States,MD,Caroline County
United States,MD,Carroll County
United States,MD,Cecil County
United States,MD,Charles County
United States,MD,Dorchester County
United States,MD,Frederick County
United States,MD,Garrett County
United States,MD,Harford County
United States,MD,Howard County
United States,MD,Kent County
United States,MD,Montgomery County
United States,MD,Prince George'S County
United States,MD,Queen Anne'S County
United States,MD,Somerset County
United States,MD,St. Mary'S County
United States,MD,Talbot County
United States,MD,Washington County
United States,MD,Wicomico County
United States,MD,Worcester County
United States,MD,
United States,ME,Androscoggin County
United States,ME,Aroostook County
United States,ME,Cumberland County
United States,ME,Franklin County
United States,ME,Hancock County
United States,ME,Kennebec County
United States,ME,Knox County
United States,ME,Lincoln County
United States,ME,Oxford County
United States,ME,Penobscot County
United States,ME,Piscataquis County
United States,ME,Sagadahoc County
United States,ME,Somerset County
United States,ME,Waldo County
United States,ME,Washington County
United States,ME,York County
United States,ME,
United States,MI,Alcona County
United States,MI,Alger County
United States,MI,Allegan County
United States,MI,Alpena County
United States,MI,Antrim County
United States,MI,Arenac County
United States,MI,Baraga County
United States,MI,Barry County
United States,MI,Bay County
United States,MI,Benzie County
United States,MI,Berrien County
United States,MI,Branch County
United States,MI,Calhoun County
United States,MI,Cass County
United States,MI,Charlevoix County
United States,MI,Cheboygan County
United States,MI,Chippewa County
United States,MI,Clare County
United States,MI,Clinton County
United States,MI,Crawford County
United States,MI,Delta County
United States,MI,Dickinson County
United States,MI,Eaton County
United States,MI,Emmet County
United States,MI,Genesee County
United States,MI,Gladwin County
United States,MI,Gogebic County
United States,MI,Grand Traverse County
United States,MI,Gratiot County
United States,MI,Hillsdale County
United States,MI,Houghton County
United States,MI,Huron County
United States,MI,Ingham County
United States,MI,Ionia County
United States,MI,Iosco County
United States,MI,Iron County
United States,MI,Isabella County
United States,MI,Jackson County
United States,MI,Kalamazoo County
United States,MI,Kalkaska County
United States,MI,Kent County
United States,MI,Keweenaw County
United States,MI,Lake County
United States,MI,Lapeer County
United States,MI,Leelanau County
United States,MI,Lenawee County
United States,MI,Livingston County
United States,MI,Luce County
United States,MI,Mackinac County
United States,MI,Macomb County
United States,MI,Manistee County
United States,MI,Marquette County
United States,MI,Mason County
United States,MI,Mecosta County
United States,MI,Menominee County
United States,MI,Midland County
United States,MI,Missaukee County
United States,MI,Monroe County
United States,MI,Montcalm County
United States,MI,Montmorency County
United States,MI,Muskegon County
United States,MI,Newaygo County
United States,MI,Oakland County
United States,MI,Oceana County
United States,MI,Ogemaw County
United States,MI,Ontonagon County
United States,MI,Osceola County
United States,MI,Oscoda County
United States,MI,Otsego County
United States,MI,Ottawa County
United States,MI,Presque Isle County
United States,MI,Roscommon County
United States,MI,Saginaw County
United States,MI,Sanilac County
United States,MI,Schoolcraft County
United States,MI,Shiawassee County
United States,MI,St. Clair County
United States,MI,St. Joseph County
United States,MI,Tuscola County
United States,MI,Van Buren County
United States,MI,Washtenaw County
United States,MI,Wayne County
United States,MI,Wexford County
United States,MI,
United States,MN,Aitkin County
United States,MN,Anoka County
United States,MN,Becker County
United States,MN,Beltrami County
United States,MN,Benton County
United States,MN,Big Stone County
United States,MN,Blue Earth County
United States,MN,Brown County
United States,MN,Carlton County
United States,MN,Carver County
United States,MN,Cass County
United States,MN,Chippewa County
United States,MN,Chisago County
United States,MN,Clay County
United States,MN,Clearwater County
United States,MN,Cook County
United States,MN,Cottonwood County
United States,MN,Crow Wing County
United States,MN,Dakota County
United States,MN,Dodge County
United States,MN,Douglas County
United States,MN,Faribault County
United States,MN,Fillmore County
United States,MN,Freeborn County
United States,MN,Goodhue County
United States,MN,Grant County
United States,MN,Hennepin County
United States,MN,Houston County
United States,MN,Hubbard County
United States,MN,Isanti County
United States,MN,Itasca County
United States,MN,Jackson County
United States,MN,Kanabec County
United States,MN,Kandiyohi County
United States,MN,Kittson County
United States,MN,Koochiching County
United States,MN,Lac Qui Parle County
United States,MN,Lake County
United States,MN,Lake Of The Woods County
United States,MN,Le Sueur County
United States,MN,Lincoln County
United States,MN,Lyon County
United States,MN,Mahnomen County
United States,MN,Marshall County
United States,MN,Martin County
United States,MN,Mcleod County
United States,MN,Meeker County
United States,MN,Mille Lacs County
United States,MN,Morrison County
United States,MN,Mower County
United States,MN,Murray County
United States,MN,Nicollet County
United States,MN,Nobles County
United States,MN,Norman County
United States,MN,Olmsted County
United States,MN,Otter Tail County
United States,MN,Pennington County
United States,MN,Pine County
United States,MN,Pipestone County
United States,MN,Polk County
United States,MN,Pope County
United States,MN,Ramsey County
United States,MN,Red Lake County
United States,MN,Redwood County
United States,MN,Renville County
United States,MN,Rice County
United States,MN,Rock County
United States,MN,Roseau County
United States,MN,Scott County
United States,MN,Sherburne County
United States,MN,Sibley County
United States,MN,St. Louis County
United States,MN,Stearns County
United States,MN,Steele County
United States,MN,Stevens County
United States,MN,Swift County
United States,MN,Todd County
United States,MN,Traverse County
United States,MN,Wabasha County
United States,MN,Wadena County
United States,MN,Waseca County
United States,MN,Washington County
United States,MN,Watonwan County
United States,MN,Wilkin County
United States,MN,Winona County
United States,MN,Wright County
United States,MN,Yellow Medicine County
United States,MO,Adair County
United States,MO,Andrew County
United States,MO,Atchison County
United States,MO,Audrain County
United States,MO,Barry County
United States,MO,Barton County
United States,MO,Bates County
United States,MO,Benton County
United States,MO,Bollinger County
United States,MO,Boone County
United States,MO,Buchanan County
United States,MO,Butler County
United States,MO,Caldwell County
United States,MO,Callaway County
United States,MO,Camden County
United States,MO,Cape Girardeau County
United States,MO,Carroll County
United States,MO,Carter County
United States,MO,Cass County
United States,MO,Cedar County
United States,MO,Chariton County
United States,MO,Christian County
United States,MO,Clark County
United States,MO,Clay County
United States,MO,Clinton County
United States,MO,Cole County
United States,MO,Cooper County
United States,MO,Crawford County
United States,MO,Dade County
United States,MO,Dallas County
United States,MO,Daviess County
United States,MO,Dekalb County
United States,MO,Dent County
United States,MO,Douglas County
United States,MO,Dunklin County
United States,MO,Franklin County
United States,MO,Gasconade County
United States,MO,Gentry County
United States,MO,Greene County
United States,MO,Grundy County
United States,MO,Harrison County
United States,MO,Henry County
United States,MO,Hickory County
United States,MO,Holt County
United States,MO,Howard County
United States,MO,Howell County
United States,MO,Iron County
United States,MO,Jackson County
United States,MO,Jasper County
United States,MO,Jefferson County
United States,MO,Johnson County
United States,MO,Knox County
United States,MO,Laclede County
United States,MO,Lafayette County
United States,MO,Lawrence County
United States,MO,Lewis County
United States,MO,Lincoln County
United States,MO,Linn County
United States,MO,Livingston County
United States,MO,Macon County
United States,MO,Madison County
United States,MO,Maries County
United States,MO,Marion County
United States,MO,Mcdonald County
United States,MO,Mercer County
United States,MO,Miller County
United States,MO,Mississippi County
United States,MO,Moniteau County
United States,MO,Monroe County
United States,MO,Montgomery County
United States,MO,Morgan County
United States,MO,New Madrid County
United States,MO,Newton County
United States,MO,Nodaway County
United States,MO,Oregon County
United States,MO,Osage County
United States,MO,Ozark County
United States,MO,Pemiscot County
United States,MO,Perry County
United States,MO,Pettis County
United States,MO,Phelps County
United States,MO,Pike County
United States,MO,Platte County
United States,MO,Polk County
United States,MO,Pulaski County
United States,MO,Putnam County
United States,MO,Ralls County
United States,MO,Randolph County
United States,MO,Ray County
United States,MO,Reynolds County
United States,MO,Ripley County
United States,MO,Saline County
United States,MO,Schuyler County
United States,MO,Scotland County
United States,MO,Scott County
United States,MO,Shannon County
United States,MO,Shelby County
United States,MO,St. Charles County
United States,MO,St. Clair County
United States,MO,St. Francois County
United States,MO,St. Louis City
United States,MO,St. Louis County
United States,MO,Ste. Genevieve County
United States,MO,Stoddard County
United States,MO,Stone County
United States,MO,Sullivan County
United States,MO,Taney County
United States,MO,Texas County
United States,MO,Vernon County
United States,MO,Warren County
United States,MO,Washington County
United States,MO,Wayne County
United States,MO,Webster County
United States,MO,Worth County
United States,MO,Wright County
United States,MS,Adams County
United States,MS,Alcorn County
United States,MS,Amite County
United States,MS,Attala County
United States,MS,Benton County
United States,MS,Bolivar County
United States,MS,Calhoun County
United States,MS,Carroll County
United States,MS,Chickasaw County
United States,MS,Choctaw County
United States,MS,Claiborne County
United States,MS,Clarke County
United States,MS,Clay County
United States,MS,Coahoma County
United States,MS,Copiah County
United States,MS,Covington County
United States,MS,Desoto County
United States,MS,Forrest County
United States,MS,Franklin County
United States,MS,George County
United States,MS,Greene County
United States,MS,Grenada County
United States,MS,Hancock County
United States,MS,Harrison County
United States,MS,Hinds County
United States,MS,Holmes County
United States,MS,Humphreys County
United States,MS,Issaquena County
United States,MS,Itawamba County
United States,MS,Jackson County
United States,MS,Jasper County
United States,MS,Jefferson County
United States,MS,Jefferson Davis County
United States,MS,Jones County
United States,MS,Kemper County
United States,MS,Lafayette County
United States,MS,Lamar County
United States,MS,Lauderdale County
United States,MS,Lawrence County
United States,MS,Leake County
United States,MS,Lee County
United States,MS,Leflore County
United States,MS,Lincoln County
United States,MS,Lowndes County
United States,MS,Madison County
United States,MS,Marion County
United States,MS,Marshall County
United States,MS,Monroe County
United States,MS,Montgomery County
United States,MS,Neshoba County
United States,MS,Newton County
United States,MS,Noxubee County
United States,MS,Oktibbeha County
United States,MS,Panola County
United States,MS,Pearl River County
United States,MS,Perry County
United States,MS,Pike County
United States,MS,Pontotoc County
United States,MS,Prentiss County
United States,MS,Quitman County
United States,MS,Rankin County
United States,MS,Scott County
United States,MS,Sharkey County
United States,MS,Simpson County
United States,MS,Smith County
United States,MS,Stone County
United States,MS,Sunflower County
United States,MS,Tallahatchie County
United States,MS,Tate County
United States,MS,Tippah County
United States,MS,Tishomingo County
United States,MS,Tunica County
United States,MS,Union County
United States,MS,Walthall County
United States,MS,Warren County
United States,MS,Washington County
United States,MS,Wayne County
United States,MS,Webster County
United States,MS,Wilkinson County
United States,MS,Winston County
United States,MS,Yalobusha County
United States,MS,Yazoo County
United States,MS,
United States,MT,Beaverhead County
United States,MT,Big Horn County
United States,MT,Blaine County
United States,MT,Broadwater County
United States,MT,Carbon County
United States,MT,Carter County
United States,MT,Cascade County
United States,MT,Chouteau County
United States,MT,Custer County
United States,MT,Daniels County
United States,MT,Dawson County
United States,MT,Deer Lodge County
United States,MT,Fallon County
United States,MT,Fergus County
United States,MT,Flathead County
United States,MT,Gallatin County
United States,MT,Garfield County
United States,MT,Glacier County
United States,MT,Golden Valley County
United States,MT,Granite County
United States,MT,Hill County
United States,MT,Jefferson County
United States,MT,Judith Basin County
United States,MT,Lake County
United States,MT,Lewis And Clark County
United States,MT,Liberty County
United States,MT,Lincoln County
United States,MT,Madison County
United States,MT,Mccone County
United States,MT,Meagher County
United States,MT,Mineral County
United States,MT,Missoula County
United States,MT,Musselshell County
United States,MT,Park County
United States,MT,Petroleum County
United States,MT,Phillips County
United States,MT,Pondera County
United States,MT,Powder River County
United States,MT,Powell County
United States,MT,Prairie County
United States,MT,Ravalli County
United States,MT,Richland County
United States,MT,Roosevelt County
United States,MT,Rosebud County
United States,MT,Sanders County
United States,MT,Sheridan County
United States,MT,Silver Bow County
United States,MT,Stillwater County
United States,MT,Sweet Grass County
United States,MT,Teton County
United States,MT,Toole County
United States,MT,Treasure County
United States,MT,Valley County
United States,MT,Wheatland County
United States,MT,Wibaux County
United States,MT,Yellowstone County
United States,NC,Alamance County
United States,NC,Alexander County
United States,NC,Alleghany County
United States,NC,Anson County
United States,NC,Ashe County
United States,NC,Avery County
United States,NC,Beaufort County
United States,NC,Bertie County
United States,NC,Bladen County
United States,NC,Brunswick County
United States,NC,Buncombe County
United States,NC,Burke County
United States,NC,Cabarrus County
United States,NC,Caldwell County
United States,NC,Camden County
United States,NC,Carteret County
United States,NC,Caswell County
United States,NC,Catawba County
United States,NC,Chatham County
United States,NC,Cherokee County
United States,NC,Chowan County
United States,NC,Clay County
United States,NC,Cleveland County
United States,NC,Columbus County
United States,NC,Craven County
United States,NC,Cumberland County
United States,NC,Currituck County
United States,NC,Dare County
United States,NC,Davidson County
United States,NC,Davie County
United States,NC,Duplin County
United States,NC,Durham County
United States,NC,Edgecombe County
United States,NC,Forsyth County
United States,NC,Franklin County
United States,NC,Gaston County
United States,NC,Gates County
United States,NC,Graham County
United States,NC,Granville County
United States,NC,Greene County
United States,NC,Guilford County
United States,NC,Halifax County
United States,NC,Harnett County
United States,NC,Haywood County
United States,NC,Henderson County
United States,NC,Hertford County
United States,NC,Hoke County
United States,NC,Hyde County
United States,NC,Iredell County
United States,NC,Jackson County
United States,NC,Johnston County
United States,NC,Jones County
United States,NC,Lee County
United States,NC,Lenoir County
United States,NC,Lincoln County
United States,NC,Macon County
United States,NC,Madison County
United States,NC,Martin County
United States,NC,Mcdowell County
United States,NC,Mecklenburg County
United States,NC,Mitchell County
United States,NC,Montgomery County
United States,NC,Moore County
United States,NC,Nash County
United States,NC,New Hanover County
United States,NC,Northampton County
United States,NC,Onslow County
United States,NC,Orange County
United States,NC,Pamlico County
United States,NC,Pasquotank County
United States,NC,Pender County
United States,NC,Perquimans County
United States,NC,Person County
United States,NC,Pitt County
United States,NC,Polk County
United States,NC,Randolph County
United States,NC,Richmond County
United States,NC,Robeson County
United States,NC,Rockingham County
United States,NC,Rowan County
United States,NC,Rutherford County
United States,NC,Sampson County
United States,NC,Scotland County
United States,NC,Stanly County
United States,NC,Stokes County
United States,NC,Surry County
United States,NC,Swain County
United States,NC,Transylvania County
United States,NC,Tyrrell County
United States,NC,Union County
United States,NC,Vance County
United States,NC,Wake County
United States,NC,Warren County
United States,NC,Washington County
United States,NC,Watauga County
United States,NC,Wayne County
United States,NC,Wilkes County
United States,NC,Wilson County
United States,NC,Yadkin County
United States,NC,Yancey County
United States,NC,
United States,ND,Adams County
United States,ND,Barnes County
United States,ND,Benson County
United States,ND,Billings County
United States,ND,Bottineau County
United States,ND,Bowman County
United States,ND,Burke County
United States,ND,Burleigh County
United States,ND,Cass County
United States,ND,Cavalier County
United States,ND,Dickey County
United States,ND,Divide County
United States,ND,Dunn County
United States,ND,Eddy County
United States,ND,Emmons County
United States,ND,Foster County
United States,ND,Golden Valley County
United States,ND,Grand Forks County
United States,ND,Grant County
United States,ND,Griggs County
United States,ND,Hettinger County
United States,ND,Kidder County
United States,ND,Lamoure County
United States,ND,Logan County
United States,ND,Mchenry County
United States,ND,Mcintosh County
United States,ND,Mckenzie County
United States,ND,Mclean County
United States,ND,Mercer County
United States,ND,Morton County
United States,ND,Mountrail County
United States,ND,Nelson County
United States,ND,Oliver County
United States,ND,Pembina County
United States,ND,Pierce County
United States,ND,Ramsey County
United States,ND,Ransom County
United States,ND,Renville County
United States,ND,Richland County
United States,ND,Rolette County
United States,ND,Sargent County
United States,ND,Sheridan County
United States,ND,Sioux County
United States,ND,Slope County
United States,ND,Stark County
United States,ND,Steele County
United States,ND,Stutsman County
United States,ND,Towner County
United States,ND,Traill County
United States,ND,Walsh County
United States,ND,Ward County
United States,ND,Wells County
United States,ND,Williams County
United States,NE,Adams County
United States,NE,Antelope County
United States,NE,Arthur County
United States,NE,Banner County
United States,NE,Blaine County
United States,NE,Boone County
United States,NE,Box Butte County
United States,NE,Boyd County
United States,NE,Brown County
United States,NE,Buffalo County
United States,NE,Burt County
United States,NE,Butler County
United States,NE,Cass County
United States,NE,Cedar County
United States,NE,Chase County
United States,NE,Cherry County
United States,NE,Cheyenne County
United States,NE,Clay County
United States,NE,Colfax County
United States,NE,Cuming County
United States,NE,Custer County
United States,NE,Dakota County
United States,NE,Dawes County
United States,NE,Dawson County
United States,NE,Deuel County
United States,NE,Dixon County
United States,NE,Dodge County
United States,NE,Douglas County
United States,NE,Dundy County
United States,NE,Fillmore County
United States,NE,Franklin County
United States,NE,Frontier County
United States,NE,Furnas County
United States,NE,Gage County
United States,NE,Garden County
United States,NE,Garfield County
United States,NE,Gosper County
United States,NE,Grant County
United States,NE,Greeley County
United States,NE,Hall County
United States,NE,Hamilton County
United States,NE,Harlan County
United States,NE,Hayes County
United States,NE,Hitchcock County
United States,NE,Holt County
United States,NE,Hooker County
United States,NE,Howard County
United States,NE,Jefferson County
United States,NE,Johnson County
United States,NE,Kearney County
United States,NE,Keith County
United States,NE,Keya Paha County
United States,NE,Kimball County
United States,NE,Knox County
United States,NE,Lancaster County
United States,NE,Lincoln County
United States,NE,Logan County
United States,NE,Loup County
United States,NE,Madison County
United States,NE,Mcpherson County
United States,NE,Merrick County
United States,NE,Morrill County
United States,NE,Nance County
United States,NE,Nemaha County
United States,NE,Nuckolls County
United States,NE,Otoe County
United States,NE,Pawnee County
United States,NE,Perkins County
United States,NE,Phelps County
United States,NE,Pierce County
United States,NE,Platte County
United States,NE,Polk County
United States,NE,Red Willow County
United States,NE,Richardson County
United States,NE,Rock County
United States,NE,Saline County
United States,NE,Sarpy County
United States,NE,Saunders County
United States,NE,Scotts Bluff County
United States,NE,Seward County
United States,NE,Sheridan County
United States,NE,Sherman County
United States,NE,Sioux County
United States,NE,Stanton County
United States,NE,Thayer County
United States,NE,Thomas County
United States,NE,Thurston County
United States,NE,Valley County
United States,NE,Washington County
United States,NE,Wayne County
United States,NE,Webster County
United States,NE,Wheeler County
United States,NE,York County
United States,NH,Belknap County
United States,NH,Carroll County
United States,NH,Cheshire County
United States,NH,Coos County
United States,NH,Grafton County
United States,NH,Hillsborough County
United States,NH,Merrimack County
United States,NH,Rockingham County
United States,NH,Strafford County
United States,NH,Sullivan County
United States,NJ,Atlantic County
United States,NJ,Bergen County
United States,NJ,Burlington County
United States,NJ,Camden County
United States,NJ,Cape May County
United States,NJ,Cumberland County
United States,NJ,Essex County
United States,NJ,Gloucester County
United States,NJ,Hudson County
United States,NJ,Hunterdon County
United States,NJ,Mercer County
United States,NJ,Middlesex County
United States,NJ,Monmouth County
United States,NJ,Morris County
United States,NJ,Ocean County
United States,NJ,Passaic County
United States,NJ,Salem County
United States,NJ,Somerset County
United States,NJ,Sussex County
United States,NJ,Union County
United States,NJ,Warren County
United States,NJ,
United States,NM,Bernalillo County
United States,NM,Catron County
United States,NM,Chaves County
United States,NM,Cibola County
United States,NM,Colfax County
United States,NM,Curry County
United States,NM,Debaca County
United States,NM,Dona Ana County
United States,NM,Eddy County
United States,NM,Grant County
United States,NM,Guadalupe County
United States,NM,Harding County
United States,NM,Hidalgo County
United States,NM,Lea County
United States,NM,Lincoln County
United States,NM,Los Alamos County
United States,NM,Luna County
United States,NM,Mckinley County
United States,NM,Mora County
United States,NM,Otero County
United States,NM,Quay County
United States,NM,Rio Arriba County
United States,NM,Roosevelt County
United States,NM,San Juan County
United States,NM,San Miguel County
United States,NM,Sandoval County
United States,NM,Santa Fe County
United States,NM,Sierra County
United States,NM,Socorro County
United States,NM,Taos County
United States,NM,Torrance County
United States,NM,Union County
United States,NM,Valencia County
United States,NM,
United States,NV,Carson City
United States,NV,Churchill County
United States,NV,Clark County
United States,NV,Douglas County
United States,NV,Elko County
United States,NV,Esmeralda County
United States,NV,Eureka County
United States,NV,Humboldt County
United States,NV,Lander County
United States,NV,Lincoln County
United States,NV,Lyon County
United States,NV,Mineral County
United States,NV,Nye County
United States,NV,Pershing County
United States,NV,Storey County
United States,NV,Washoe County
United States,NV,White Pine County
United States,NV,
United States,NY,Albany County
United States,NY,Allegany County
United States,NY,Bronx County
United States,NY,Broome County
United States,NY,Cattaraugus County
United States,NY,Cayuga County
United States,NY,Chautauqua County
United States,NY,Chemung County
United States,NY,Chenango County
United States,NY,Clinton County
United States,NY,Columbia County
United States,NY,Cortland County
United States,NY,Delaware County
United States,NY,Dutchess County
United States,NY,Erie County
United States,NY,Essex County
United States,NY,Franklin County
United States,NY,Fulton County
United States,NY,Genesee County
United States,NY,Greene County
United States,NY,Hamilton County
United States,NY,Herkimer County
United States,NY,Jefferson County
United States,NY,Kings County
United States,NY,Lewis County
United States,NY,Livingston County
United States,NY,Madison County
United States,NY,Monroe County
United States,NY,Montgomery County
United States,NY,Nassau County
United States,NY,New York County
United States,NY,Niagara County
United States,NY,Oneida County
United States,NY,Onondaga County
United States,NY,Ontario County
United States,NY,Orange County
United States,NY,Orleans County
United States,NY,Oswego County
United States,NY,Otsego County
United States,NY,Putnam County
United States,NY,Queens County
United States,NY,Rensselaer County
United States,NY,Richmond County
United States,NY,Rockland County
United States,NY,Saratoga County
United States,NY,Schenectady County
United States,NY,Schoharie County
United States,NY,Schuyler County
United States,NY,Seneca County
United States,NY,St. Lawrence County
United States,NY,Steuben County
United States,NY,Suffolk County
United States,NY,Sullivan County
United States,NY,Tioga County
United States,NY,Tompkins County
United States,NY,Ulster County
United States,NY,Warren County
United States,NY,Washington County
United States,NY,Wayne County
United States,NY,Westchester County
United States,NY,Wyoming County
United States,NY,Yates County
United States,NY,
United States,OH,Adams County
United States,OH,Allen County
United States,OH,Ashland County
United States,OH,Ashtabula County
United States,OH,Athens County
United States,OH,Auglaize County
United States,OH,Belmont County
United States,OH,Brown County
United States,OH,Butler County
United States,OH,Carroll County
United States,OH,Champaign County
United States,OH,Clark County
United States,OH,Clermont County
United States,OH,Clinton County
United States,OH,Columbiana County
United States,OH,Coshocton County
United States,OH,Crawford County
United States,OH,Cuyahoga County
United States,OH,Darke County
United States,OH,Defiance County
United States,OH,Delaware County
United States,OH,Erie County
United States,OH,Fairfield County
United States,OH,Fayette County
United States,OH,Franklin County
United States,OH,Fulton County
United States,OH,Gallia County
United States,OH,Geauga County
United States,OH,Greene County
United States,OH,Guernsey County
United States,OH,Hamilton County
United States,OH,Hancock County
United States,OH,Hardin County
United States,OH,Harrison County
United States,OH,Henry County
United States,OH,Highland County
United States,OH,Hocking County
United States,OH,Holmes County
United States,OH,Huron County
United States,OH,Jackson County
United States,OH,Jefferson County
United States,OH,Knox County
United States,OH,Lake County
United States,OH,Lawrence County
United States,OH,Licking County
United States,OH,Logan County
United States,OH,Lorain County
United States,OH,Lucas County
United States,OH,Madison County
United States,OH,Mahoning County
United States,OH,Marion County
United States,OH,Medina County
United States,OH,Meigs County
United States,OH,Mercer County
United States,OH,Miami County
United States,OH,Monroe County
United States,OH,Montgomery County
United States,OH,Morgan County
United States,OH,Morrow County
United States,OH,Muskingum County
United States,OH,Noble County
United States,OH,Ottawa County
United States,OH,Paulding County
United States,OH,Perry County
United States,OH,Pickaway County
United States,OH,Pike County
United States,OH,Portage County
United States,OH,Preble County
United States,OH,Putnam County
United States,OH,Richland County
United States,OH,Ross County
United States,OH,Sandusky County
United States,OH,Scioto County
United States,OH,Seneca County
United States,OH,Shelby County
United States,OH,Stark County
United States,OH,Summit County
United States,OH,Trumbull County
United States,OH,Tuscarawas County
United States,OH,Union County
United States,OH,Van Wert County
United States,OH,Vinton County
United States,OH,Warren County
United States,OH,Washington County
United States,OH,Wayne County
United States,OH,Williams County
United States,OH,Wood County
United States,OH,Wyandot County
United States,OH,
United States,OK,Adair County
United States,OK,Alfalfa County
United States,OK,Atoka County
United States,OK,Beaver County
United States,OK,Beckham County
United States,OK,Blaine County
United States,OK,Bryan County
United States,OK,Caddo County
United States,OK,Canadian County
United States,OK,Carter County
United States,OK,Cherokee County
United States,OK,Choctaw County
United States,OK,Cimarron County
United States,OK,Cleveland County
United States,OK,Coal County
United States,OK,Comanche County
United States,OK,Cotton County
United States,OK,Craig County
United States,OK,Creek County
United States,OK,Custer County
United States,OK,Delaware County
United States,OK,Dewey County
United States,OK,Ellis County
United States,OK,Garfield County
United States,OK,Garvin County
United States,OK,Grady County
United States,OK,Grant County
United States,OK,Greer County
United States,OK,Harmon County
United States,OK,Harper County
United States,OK,Haskell County
United States,OK,Hughes County
United States,OK,Jackson County
United States,OK,Jefferson County
United States,OK,Johnston County
United States,OK,Kay County
United States,OK,Kingfisher County
United States,OK,Kiowa County
United States,OK,Latimer County
United States,OK,Le Flore County
United States,OK,Lincoln County
United States,OK,Logan County
United States,OK,Love County
United States,OK,Major County
United States,OK,Marshall County
United States,OK,Mayes County
United States,OK,Mcclain County
United States,OK,Mccurtain County
United States,OK,Mcintosh County
United States,OK,Murray County
United States,OK,Muskogee County
United States,OK,Noble County
United States,OK,Nowata County
United States,OK,Okfuskee County
United States,OK,Oklahoma County
United States,OK,Okmulgee County
United States,OK,Osage County
United States,OK,Ottawa County
United States,OK,Pawnee County
United States,OK,Payne County
United States,OK,Pittsburg County
United States,OK,Pontotoc County
United States,OK,Pottawatomie County
United States,OK,Pushmataha County
United States,OK,Roger Mills County
United States,OK,Rogers County
United States,OK,Seminole County
United States,OK,Sequoyah County
United States,OK,Stephens County
United States,OK,Texas County
United States,OK,Tillman County
United States,OK,Tulsa County
United States,OK,Wagoner County
United States,OK,Washington County
United States,OK,Washita County
United States,OK,Woods County
United States,OK,Woodward County
United States,OK,
United States,OR,Baker County
United States,OR,Benton County
United States,OR,Clackamas County
United States,OR,Clatsop County
United States,OR,Columbia County
United States,OR,Coos County
United States,OR,Crook County
United States,OR,Curry County
United States,OR,Deschutes County
United States,OR,Douglas County
United States,OR,Gilliam County
United States,OR,Grant County
United States,OR,Harney County
United States,OR,Hood River County
United States,OR,Jackson County
United States,OR,Jefferson County
United States,OR,Josephine County
United States,OR,Klamath County
United States,OR,Lake County
United States,OR,Lane County
United States,OR,Lincoln County
United States,OR,Linn County
United States,OR,Malheur County
United States,OR,Marion County
United States,OR,Morrow County
United States,OR,Multnomah County
United States,OR,Polk County
United States,OR,Sherman County
United States,OR,Tillamook County
United States,OR,Umatilla County
United States,OR,Union County
United States,OR,Wallowa County
United States,OR,Wasco County
United States,OR,Washington County
United States,OR,Wheeler County
United States,OR,Yamhill County
United States,PA,Adams County
United States,PA,Allegheny County
United States,PA,Armstrong County
United States,PA,Beaver County
United States,PA,Bedford County
United States,PA,Berks County
United States,PA,Blair County
United States,PA,Bradford County
United States,PA,Bucks County
United States,PA,Butler County
United States,PA,Cambria County
United States,PA,Cameron County
United States,PA,Carbon County
United States,PA,Centre County
United States,PA,Chester County
United States,PA,Clarion County
United States,PA,Clearfield County
United States,PA,Clinton County
United States,PA,Columbia County
United States,PA,Crawford County
United States,PA,Cumberland County
United States,PA,Dauphin County
United States,PA,Delaware County
United States,PA,Elk County
United States,PA,Erie County
United States,PA,Fayette County
United States,PA,Forest County
United States,PA,Franklin County
United States,PA,Fulton County
United States,PA,Greene County
United States,PA,Huntingdon County
United States,PA,Indiana County
United States,PA,Jefferson County
United States,PA,Juniata County
United States,PA,Lackawanna County
United States,PA,Lancaster County
United States,PA,Lawrence County
United States,PA,Lebanon County
United States,PA,Lehigh County
United States,PA,Luzerne County
United States,PA,Lycoming County
United States,PA,Mckean County
United States,PA,Mercer County
United States,PA,Mifflin County
United States,PA,Monroe County
United States,PA,Montgomery County
United States,PA,Montour County
United States,PA,Northampton County
United States,PA,Northumberland County
United States,PA,Perry County
United States,PA,Philadelphia County
United States,PA,Pike County
United States,PA,Potter County
United States,PA,Schuylkill County
United States,PA,Snyder County
United States,PA,Somerset County
United States,PA,Sullivan County
United States,PA,Susquehanna County
United States,PA,Tioga County
United States,PA,Union County
United States,PA,Venango County
United States,PA,Warren County
United States,PA,Washington County
United States,PA,Wayne County
United States,PA,Westmoreland County
United States,PA,Wyoming County
United States,PA,York County
United States,PA,
United States,RI,Bristol County
United States,RI,Kent County
United States,RI,Newport County
United States,RI,Providence County
United States,RI,Washington County
United States,SC,Abbeville County
United States,SC,Aiken County
United States,SC,Allendale County
United States,SC,Anderson County
United States,SC,Bamberg County
United States,SC,Barnwell County
United States,SC,Beaufort County
United States,SC,Berkeley County
United States,SC,Calhoun County
United States,SC,Charleston County
United States,SC,Cherokee County
United States,SC,Chester County
United States,SC,Chesterfield County
United States,SC,Clarendon County
United States,SC,Colleton County
United States,SC,Darlington County
United States,SC,Dillon County
United States,SC,Dorchester County
United States,SC,Edgefield County
United States,SC,Fairfield County
United States,SC,Florence County
United States,SC,Georgetown County
United States,SC,Greenville County
United States,SC,Greenwood County
United States,SC,Hampton County
United States,SC,Horry County
United States,SC,Jasper County
United States,SC,Kershaw County
United States,SC,Lancaster County
United States,SC,Laurens County
United States,SC,Lee County
United States,SC,Lexington County
United States,SC,Marion County
United States,SC,Marlboro County
United States,SC,Mccormick County
United States,SC,Newberry County
United States,SC,Oconee County
United States,SC,Orangeburg County
United States,SC,Pickens County
United States,SC,Richland County
United States,SC,Saluda County
United States,SC,Spartanburg County
United States,SC,Sumter County
United States,SC,Union County
United States,SC,Williamsburg County
United States,SC,York County
United States,SD,Aurora County
United States,SD,Beadle County
United States,SD,Bennett County
United States,SD,Bon Homme County
United States,SD,Brookings County
United States,SD,Brown County
United States,SD,Brule County
United States,SD,Buffalo County
United States,SD,Butte County
United States,SD,Campbell County
United States,SD,Charles Mix County
United States,SD,Clark County
United States,SD,Clay County
United States,SD,Codington County
United States,SD,Corson County
United States,SD,Custer County
United States,SD,Davison County
United States,SD,Day County
United States,SD,Deuel County
United States,SD,Dewey County
United States,SD,Douglas County
United States,SD,Edmunds County
United States,SD,Fall River County
United States,SD,Faulk County
United States,SD,Grant County
United States,SD,Gregory County
United States,SD,Haakon County
United States,SD,Hamlin County
United States,SD,Hand County
United States,SD,Hanson County
United States,SD,Harding County
United States,SD,Hughes County
United States,SD,Hutchinson County
United States,SD,Hyde County
United States,SD,Jackson County
United States,SD,Jerauld County
United States,SD,Jones County
United States,SD,Kingsbury County
United States,SD,Lake County
United States,SD,Lawrence County
United States,SD,Lincoln County
United States,SD,Lyman County
United States,SD,Marshall County
United States,SD,Mccook County
United States,SD,Mcpherson County
United States,SD,Meade County
United States,SD,Mellette County
United States,SD,Miner County
United States,SD,Minnehaha County
United States,SD,Moody County
United States,SD,Oglala Lakota County
United States,SD,Pennington County
United States,SD,Perkins County
United States,SD,Potter County
United States,SD,Roberts County
United States,SD,Sanborn County
United States,SD,Spink County
United States,SD,Stanley County
United States,SD,Sully County
United States,SD,Todd County
United States,SD,Tripp County
United States,SD,Turner County
United States,SD,Union County
United States,SD,Walworth County
United States,SD,Yankton County
United States,SD,Ziebach County
United States,TN,Anderson County
United States,TN,Bedford County
United States,TN,Benton County
United States,TN,Bledsoe County
United States,TN,Blount County
United States,TN,Bradley County
United States,TN,Campbell County
United States,TN,Cannon County
United States,TN,Carroll County
United States,TN,Carter County
United States,TN,Cheatham County
United States,TN,Chester County
United States,TN,Claiborne County
United States,TN,Clay County
United States,TN,Cocke County
United States,TN,Coffee County
United States,TN,Crockett County
United States,TN,Cumberland County
United States,TN,Davidson County
United States,TN,Decatur County
United States,TN,Dekalb County
United States,TN,Dickson County
United States,TN,Dyer County
United States,TN,Fayette County
United States,TN,Fentress County
United States,TN,Franklin County
United States,TN,Gibson County
United States,TN,Giles County
United States,TN,Grainger County
United States,TN,Greene County
United States,TN,Grundy County
United States,TN,Hamblen County
United States,TN,Hamilton County
United States,TN,Hancock County
United States,TN,Hardeman County
United States,TN,Hardin County
United States,TN,Hawkins County
United States,TN,Haywood County
United States,TN,Henderson County
United States,TN,Henry County
United States,TN,Hickman County
United States,TN,Houston County
United States,TN,Humphreys County
United States,TN,Jackson County
United States,TN,Jefferson County
United States,TN,Johnson County
United States,TN,Knox County
United States,TN,Lake County
United States,TN,Lauderdale County
United States,TN,Lawrence County
United States,TN,Lewis County
United States,TN,Lincoln County
United States,TN,Loudon County
United States,TN,Macon County
United States,TN,Madison County
United States,TN,Marion County
United States,TN,Marshall County
United States,TN,Maury County
United States,TN,Mcminn County
United States,TN,Mcnairy County
United States,TN,Meigs County
United States,TN,Monroe County
United States,TN,Montgomery County
United States,TN,Moore County
United States,TN,Morgan County
United States,TN,Obion County
United States,TN,Overton County
United States,TN,Perry County
United States,TN,Pickett County
United States,TN,Polk County
United States,TN,Putnam County
United States,TN,Rhea County
United States,TN,Roane County
United States,TN,Robertson County
United States,TN,Rutherford County
United States,TN,Scott County
United States,TN,Sequatchie County
United States,TN,Sevier County
United States,TN,Shelby County
United States,TN,Smith County
United States,TN,Stewart County
United States,TN,Sullivan County
United States,TN,Sumner County
United States,TN,Tipton County
United States,TN,Trousdale County
United States,TN,Unicoi County
United States,TN,Union County
United States,TN,Van Buren County
United States,TN,Warren County
United States,TN,Washington County
United States,TN,Wayne County
United States,TN,Weakley County
United States,TN,White County
United States,TN,Williamson County
United States,TN,Wilson County
United States,TN,
United States,TX,Anderson County
United States,TX,Andrews County
United States,TX,Angelina County
United States,TX,Aransas County
United States,TX,Archer County
United States,TX,Armstrong County
United States,TX,Atascosa County
United States,TX,Austin County
United States,TX,Bailey County
United States,TX,Bandera County
United States,TX,Bastrop County
United States,TX,Baylor County
United States,TX,Bee County
United States,TX,Bell County
United States,TX,Bexar County
United States,TX,Blanco County
United States,TX,Borden County
United States,TX,Bosque County
United States,TX,Bowie County
United States,TX,Brazoria County
United States,TX,Brazos County
United States,TX,Brewster County
United States,TX,Briscoe County
United States,TX,Brooks County
United States,TX,Brown County
United States,TX,Burleson County
United States,TX,Burnet County
United States,TX,Caldwell County
United States,TX,Calhoun County
United States,TX,Callahan County
United States,TX,Cameron County
United States,TX,Camp County
United States,TX,Carson County
United States,TX,Cass County
United States,TX,Castro County
United States,TX,Chambers County
United States,TX,Cherokee County
United States,TX,Childress County
United States,TX,Clay County
United States,TX,Cochran County
United States,TX,Coke County
United States,TX,Coleman County
United States,TX,Collin County
United States,TX,Collingsworth County
United States,TX,Colorado County
United States,TX,Comal County
United States,TX,Comanche County
United States,TX,Concho County
United States,TX,Cooke County
United States,TX,Coryell County
United States,TX,Cottle County
United States,TX,Crane County
United States,TX,Crockett County
United States,TX,Crosby County
United States,TX,Culberson County
United States,TX,Dallam County
United States,TX,Dallas County
United States,TX,Dawson County
United States,TX,Deaf Smith County
United States,TX,Delta County
United States,TX,Denton County
United States,TX,Dewitt County
United States,TX,Dickens County
United States,TX,Dimmit County
United States,TX,Donley County
United States,TX,Duval County
United States,TX,Eastland County
United States,TX,Ector County
United States,TX,Edwards County
United States,TX,El Paso County
United States,TX,Ellis County
United States,TX,Erath County
United States,TX,Falls County
United States,TX,Fannin County
United States,TX,Fayette County
United States,TX,Fisher County
United States,TX,Floyd County
United States,TX,Foard County
United States,TX,Fort Bend County
United States,TX,Franklin County
United States,TX,Freestone County
United States,TX,Frio County
United States,TX,Gaines County
United States,TX,Galveston County
United States,TX,Garza County
United States,TX,Gillespie County
United States,TX,Glasscock County
United States,TX,Goliad County
United States,TX,Gonzales County
United States,TX,Gray County
United States,TX,Grayson County
United States,TX,Gregg County
United States,TX,Grimes County
United States,TX,Guadalupe County
United States,TX,Hale County
United States,TX,Hall County
United States,TX,Hamilton County
United States,TX,Hansford County
United States,TX,Hardeman County
United States,TX,Hardin County
United States,TX,Harris County
United States,TX,Harrison County
United States,TX,Hartley County
United States,TX,Haskell County
United States,TX,Hays County
United States,TX,Hemphill County
United States,TX,Henderson County
United States,TX,Hidalgo County
United States,TX,Hill County
United States,TX,Hockley County
United States,TX,Hood County
United States,TX,Hopkins County
United States,TX,Houston County
United States,TX,Howard County
United States,TX,Hudspeth County
United States,TX,Hunt County
United States,TX,Hutchinson County
United States,TX,Irion County
United States,TX,Jack County
United States,TX,Jackson County
United States,TX,Jasper County
United States,TX,Jeff Davis County
United States,TX,Jefferson County
United States,TX,Jim Hogg County
United States,TX,Jim Wells County
United States,TX,Johnson County
United States,TX,Jones County
United States,TX,Karnes County
United States,TX,Kaufman County
United States,TX,Kendall County
United States,TX,Kenedy County
United States,TX,Kent County
United States,TX,Kerr County
United States,TX,Kimble County
United States,TX,King County
United States,TX,Kinney County
United States,TX,Kleberg County
United States,TX,Knox County
United States,TX,La Salle County
United States,TX,Lamar County
United States,TX,Lamb County
United States,TX,Lampasas County
United States,TX,Lavaca County
United States,TX,Lee County
United States,TX,Leon County
United States,TX,Liberty County
United States,TX,Limestone County
United States,TX,Lipscomb County
United States,TX,Live Oak County
United States,TX,Llano County
United States,TX,Loving County
United States,TX,Lubbock County
United States,TX,Lynn County
United States,TX,Madison County
United States,TX,Marion County
United States,TX,Martin County
United States,TX,Mason County
United States,TX,Matagorda County
United States,TX,Maverick County
United States,TX,Mcculloch County
United States,TX,Mclennan County
United States,TX,Mcmullen County
United States,TX,Medina County
United States,TX,Menard County
United States,TX,Midland County
United States,TX,Milam County
United States,TX,Mills County
United States,TX,Mitchell County
United States,TX,Montague County
United States,TX,Montgomery County
United States,TX,Moore County
United States,TX,Morris County
United States,TX,Motley County
United States,TX,Nacogdoches County
United States,TX,Navarro County
United States,TX,Newton County
United States,TX,Nolan County
United States,TX,Nueces County
United States,TX,Ochiltree County
United States,TX,Oldham County
United States,TX,Orange County
United States,TX,Palo Pinto County
United States,TX,Panola County
United States,TX,Parker County
United States,TX,Parmer County
United States,TX,Pecos County
United States,TX,Polk County
United States,TX,Potter County
United States,TX,Presidio County
United States,TX,Rains County
United States,TX,Randall County
United States,TX,Reagan County
United States,TX,Real County
United States,TX,Red River County
United States,TX,Reeves County
United States,TX,Refugio County
United States,TX,Roberts County
United States,TX,Robertson County
United States,TX,Rockwall County
United States,TX,Runnels County
United States,TX,Rusk County
United States,TX,Sabine County
United States,TX,San Augustine County
United States,TX,San Jacinto County
United States,TX,San Patricio County
United States,TX,San Saba County
United States,TX,Schleicher County
United States,TX,Scurry County
United States,TX,Shackelford County
United States,TX,Shelby County
United States,TX,Sherman County
United States,TX,Smith County
United States,TX,Somervell County
United States,TX,Starr County
United States,TX,Stephens County
United States,TX,Sterling County
United States,TX,Stonewall County
United States,TX,Sutton County
United States,TX,Swisher County
United States,TX,Tarrant County
United States,TX,Taylor County
United States,TX,Terrell County
United States,TX,Terry County
United States,TX,Throckmorton County
United States,TX,Titus County
United States,TX,Tom Green County
United States,TX,Travis County
United States,TX,Trinity County
United States,TX,Tyler County
United States,TX,Upshur County
United States,TX,Upton County
United States,TX,Uvalde County
United States,TX,Val Verde County
United States,TX,Van Zandt County
United States,TX,Victoria County
United States,TX,Walker County
United States,TX,Waller County
United States,TX,Ward County
United States,TX,Washington County
United States,TX,Webb County
United States,TX,Wharton County
United States,TX,Wheeler County
United States,TX,Wichita County
United States,TX,Wilbarger County
United States,TX,Willacy County
United States,TX,Williamson County
United States,TX,Wilson County
United States,TX,Winkler County
United States,TX,Wise County
United States,TX,Wood County
United States,TX,Yoakum County
United States,TX,Young County
United States,TX,Zapata County
United States,TX,Zavala County
United States,TX,
United States,UT,Beaver County
United States,UT,Box Elder County
United States,UT,Cache County
United States,UT,Carbon County
United States,UT,Daggett County
United States,UT,Davis County
United States,UT,Duchesne County
United States,UT,Emery County
United States,UT,Garfield County
United States,UT,Grand County
United States,UT,Iron County
United States,UT,Juab County
United States,UT,Kane County
United States,UT,Millard County
United States,UT,Morgan County
United States,UT,Piute County
United States,UT,Rich County
United States,UT,Salt Lake County
United States,UT,San Juan County
United States,UT,Sanpete County
United States,UT,Sevier County
United States,UT,Summit County
United States,UT,Tooele County
United States,UT,Uintah County
United States,UT,Utah County
United States,UT,Wasatch County
United States,UT,Washington County
United States,UT,Wayne County
United States,UT,Weber County
United States,UT,
United States,VA,Accomack County
United States,VA,Albemarle County
United States,VA,Alexandria City
United States,VA,Alleghany County
United States,VA,Amelia County
United States,VA,Amherst County
United States,VA,Appomattox County
United States,VA,Arlington County
United States,VA,Augusta County
United States,VA,Bath County
United States,VA,Bedford County
United States,VA,Bland County
United States,VA,Botetourt County
United States,VA,Bristol City
United States,VA,Brunswick County
United States,VA,Buchanan County
United States,VA,Buckingham County
United States,VA,Buena Vista City
United States,VA,Campbell County
United States,VA,Caroline County
United States,VA,Carroll County
United States,VA,Charles City County
United States,VA,Charlotte County
United States,VA,Charlottesville City
United States,VA,Chesapeake City
United States,VA,Chesterfield County
United States,VA,Clarke County
United States,VA,Colonial Heights City
United States,VA,Covington City
United States,VA,Craig County
United States,VA,Culpeper County
United States,VA,Cumberland County
United States,VA,Danville City
United States,VA,Dickenson County
United States,VA,Dinwiddie County
United States,VA,Emporia City
United States,VA,Essex County
United States,VA,Fairfax City
United States,VA,Fairfax County
United States,VA,Falls Church City
United States,VA,Fauquier County
United States,VA,Floyd County
United States,VA,Fluvanna County
United States,VA,Franklin City
United States,VA,Franklin County
United States,VA,Frederick County
United States,VA,Fredericksburg City
United States,VA,Galax City
United States,VA,Giles County
United States,VA,Gloucester County
United States,VA,Goochland County
United States,VA,Grayson County
United States,VA,Greene County
United States,VA,Greensville County
United States,VA,Halifax County
United States,VA,Hampton City
United States,VA,Hanover County
United States,VA,Harrisonburg City
United States,VA,Henrico County
United States,VA,Henry County
United States,VA,Highland County
United States,VA,Hopewell City
United States,VA,Isle Of Wight County
United States,VA,James City County
United States,VA,King And Queen County
United States,VA,King George County
United States,VA,King William County
United States,VA,Lancaster County
United States,VA,Lee County
United States,VA,Lexington City
United States,VA,Loudoun County
United States,VA,Louisa County
United States,VA,Lunenburg County
United States,VA,Lynchburg City
United States,VA,Madison County
United States,VA,Manassas City
United States,VA,Manassas Park City
United States,VA,Martinsville City
United States,VA,Mathews County
United States,VA,Mecklenburg County
United States,VA,Middlesex County
United States,VA,Montgomery County
United States,VA,Nelson County
United States,VA,New Kent County
United States,VA,Newport News City
United States,VA,Norfolk City
United States,VA,Northampton County
United States,VA,Northumberland County
United States,VA,Norton City
United States,VA,Nottoway County
United States,VA,Orange County
United States,VA,Page County
United States,VA,Patrick County
United States,VA,Petersburg City
United States,VA,Pittsylvania County
United States,VA,Poquoson City
United States,VA,Portsmouth City
United States,VA,Powhatan County
United States,VA,Prince Edward County
United States,VA,Prince George County
United States,VA,Prince William County
United States,VA,Pulaski County
United States,VA,Radford City
United States,VA,Rappahannock County
United States,VA,Richmond City
United States,VA,Richmond County
United States,VA,Roanoke City
United States,VA,Roanoke County
United States,VA,Rockbridge County
United States,VA,Rockingham County
United States,VA,Russell County
United States,VA,Salem City
United States,VA,Scott County
United States,VA,Shenandoah County
United States,VA,Smyth County
United States,VA,Southampton County
United States,VA,Spotsylvania County
United States,VA,Stafford County
United States,VA,Staunton City
United States,VA,Suffolk City
United States,VA,Surry County
United States,VA,Sussex County
United States,VA,Tazewell County
United States,VA,Virginia Beach City
United States,VA,Warren County
United States,VA,Washington County
United States,VA,Waynesboro City
United States,VA,Westmoreland County
United States,VA,Williamsburg City
United States,VA,Winchester City
United States,VA,Wise County
United States,VA,Wythe County
United States,VA,York County
United States,VA,
United States,VT,Addison County
United States,VT,Bennington County
United States,VT,Caledonia County
United States,VT,Chittenden County
United States,VT,Essex County
United States,VT,Franklin County
United States,VT,Grand Isle County
United States,VT,Lamoille County
United States,VT,Orange County
United States,VT,Orleans County
United States,VT,Rutland County
United States,VT,Washington County
United States,VT,Windham County
United States,VT,Windsor County
United States,WA,Adams County
United States,WA,Asotin County
United States,WA,Benton County
United States,WA,Chelan County
United States,WA,Clallam County
United States,WA,Clark County
United States,WA,Columbia County
United States,WA,Cowlitz County
United States,WA,Douglas County
United States,WA,Ferry County
United States,WA,Franklin County
United States,WA,Garfield County
United States,WA,Grant County
United States,WA,Grays Harbor County
United States,WA,Island County
United States,WA,Jefferson County
United States,WA,King County
United States,WA,Kitsap County
United States,WA,Kittitas County
United States,WA,Klickitat County
United States,WA,Lewis County
United States,WA,Lincoln County
United States,WA,Mason County
United States,WA,Okanogan County
United States,WA,Pacific County
United States,WA,Pend Oreille County
United States,WA,Pierce County
United States,WA,San Juan County
United States,WA,Skagit County
United States,WA,Skamania County
United States,WA,Snohomish County
United States,WA,Spokane County
United States,WA,Stevens County
United States,WA,Thurston County
United States,WA,Wahkiakum County
United States,WA,Walla Walla County
United States,WA,Whatcom County
United States,WA,Whitman County
United States,WA,Yakima County
United States,WA,
United States,WI,Adams County
United States,WI,Ashland County
United States,WI,Barron County
United States,WI,Bayfield County
United States,WI,Brown County
United States,WI,Buffalo County
United States,WI,Burnett County
United States,WI,Calumet County
United States,WI,Chippewa County
United States,WI,Clark County
United States,WI,Columbia County
United States,WI,Crawford County
United States,WI,Dane County
United States,WI,Dodge County
United States,WI,Door County
United States,WI,Douglas County
United States,WI,Dunn County
United States,WI,Eau Claire County
United States,WI,Florence County
United States,WI,Fond Du Lac County
United States,WI,Forest County
United States,WI,Grant County
United States,WI,Green County
United States,WI,Green Lake County
United States,WI,Iowa County
United States,WI,Iron County
United States,WI,Jackson County
United States,WI,Jefferson County
United States,WI,Juneau County
United States,WI,Kenosha County
United States,WI,Kewaunee County
United States,WI,La Crosse County
United States,WI,Lafayette County
United States,WI,Langlade County
United States,WI,Lincoln County
United States,WI,Manitowoc County
United States,WI,Marathon County
United States,WI,Marinette County
United States,WI,Marquette County
United States,WI,Menominee County
United States,WI,Milwaukee County
United States,WI,Monroe County
United States,WI,Oconto County
United States,WI,Oneida County
United States,WI,Outagamie County
United States,WI,Ozaukee County
United States,WI,Pepin County
United States,WI,Pierce County
United States,WI,Polk County
United States,WI,Portage County
United States,WI,Price County
United States,WI,Racine County
United States,WI,Richland County
United States,WI,Rock County
United States,WI,Rusk County
United States,WI,Sauk County
United States,WI,Sawyer County
United States,WI,Shawano County
United States,WI,Sheboygan County
United States,WI,St. Croix County
United States,WI,Taylor County
United States,WI,Trempealeau County
United States,WI,Vernon County
United States,WI,Vilas County
United States,WI,Walworth County
United States,WI,Washburn County
United States,WI,Washington County
United States,WI,Waukesha County
United States,WI,Waupaca County
United States,WI,Waushara County
United States,WI,Winnebago County
United States,WI,Wood County
United States,WV,Barbour County
United States,WV,Berkeley County
United States,WV,Boone County
United States,WV,Braxton County
United States,WV,Brooke County
United States,WV,Cabell County
United States,WV,Calhoun County
United States,WV,Clay County
United States,WV,Doddridge County
United States,WV,Fayette County
United States,WV,Gilmer County
United States,WV,Grant County
United States,WV,Greenbrier County
United States,WV,Hampshire County
United States,WV,Hancock County
United States,WV,Hardy County
United States,WV,Harrison County
United States,WV,Jackson County
United States,WV,Jefferson County
United States,WV,Kanawha County
United States,WV,Lewis County
United States,WV,Lincoln County
United States,WV,Logan County
United States,WV,Marion County
United States,WV,Marshall County
United States,WV,Mason County
United States,WV,Mcdowell County
United States,WV,Mercer County
United States,WV,Mineral County
United States,WV,Mingo County
United States,WV,Monongalia County
United States,WV,Monroe County
United States,WV,Morgan County
United States,WV,Nicholas County
United States,WV,Ohio County
United States,WV,Pendleton County
United States,WV,Pleasants County
United States,WV,Pocahontas County
United States,WV,Preston County
United States,WV,Putnam County
United States,WV,Raleigh County
United States,WV,Randolph County
United States,WV,Ritchie County
United States,WV,Roane County
United States,WV,Summers County
United States,WV,Taylor County
United States,WV,Tucker County
United States,WV,Tyler County
United States,WV,Upshur County
United States,WV,Wayne County
United States,WV,Webster County
United States,WV,Wetzel County
United States,WV,Wirt County
United States,WV,Wood County
United States,WV,Wyoming County
United States,WV,
United States,WY,Albany County
United States,WY,Big Horn County
United States,WY,Campbell County
United States,WY,Carbon County
United States,WY,Converse County
United States,WY,Crook County
United States,WY,Fremont County
United States,WY,Goshen County
United States,WY,Hot Springs County
United States,WY,Johnson County
United States,WY,Laramie County
United States,WY,Lincoln County
United States,WY,Natrona County
United States,WY,Niobrara County
United States,WY,Park County
United States,WY,Platte County
United States,WY,Sheridan County
United States,WY,Sublette County
United States,WY,Sweetwater County
United States,WY,Teton County
United States,WY,Uinta County
United States,WY,Washakie County
United States,WY,Weston County
Uruguay,Artigas,
Uruguay,Canelones,
Uruguay,Cerro Largo,
Uruguay,Colonia,
Uruguay,Departamento de Durazno,
Uruguay,Departamento de Flores,
Uruguay,Departamento de Montevideo,
Uruguay,Departamento de Paysandu,
Uruguay,Departamento de Rio Negro,
Uruguay,Departamento de Rivera,
Uruguay,Departamento de Rocha,
Uruguay,Departamento de Salto,
Uruguay,Departamento de San Jose,
Uruguay,Departamento de Tacuarembo,
Uruguay,Departamento de Treinta y Tres,
Uruguay,Florida,
Uruguay,Lavalleja,
Uruguay,Maldonado,
Uruguay,Soriano,
Uruguay,,
US Minor Outlying Islands,,
Uzbekistan,Andijan,
Uzbekistan,Bukhara,
Uzbekistan,Fergana,
Uzbekistan,Jizzakh Province,
Uzbekistan,Karakalpakstan,
Uzbekistan,Namangan,
Uzbekistan,Navoiy Province,
Uzbekistan,Qashqadaryo,
Uzbekistan,Samarqand Viloyati,
Uzbekistan,Sirdaryo,
Uzbekistan,Surxondaryo Viloyati,
Uzbekistan,Toshkent Shahri,
Uzbekistan,Toshkent Viloyati,
Uzbekistan,Xorazm Viloyati,
Uzbekistan,,
Vanuatu,Malampa Province,
Vanuatu,Penama Province,
Vanuatu,Sanma Province,
Vanuatu,Shefa Province,
Vanuatu,Tafea Province,
Vanuatu,Torba,
Vanuatu,,
Venezuela (Bolivarian Republic),Amazonas,
Venezuela (Bolivarian Republic),Anzoátegui,
Venezuela (Bolivarian Republic),Apure,
Venezuela (Bolivarian Republic),Aragua,
Venezuela (Bolivarian Republic),Barinas,
Venezuela (Bolivarian Republic),Bolívar,
Venezuela (Bolivarian Republic),Carabobo,
Venezuela (Bolivarian Republic),Cojedes,
Venezuela (Bolivarian Republic),Delta Amacuro,
Venezuela (Bolivarian Republic),Dependencias Federales,
Venezuela (Bolivarian Republic),Distrito Federal,
Venezuela (Bolivarian Republic),Estado Trujillo,
Venezuela (Bolivarian Republic),Falcón,
Venezuela (Bolivarian Republic),Guárico,
Venezuela (Bolivarian Republic),Lara,
Venezuela (Bolivarian Republic),Mérida,
Venezuela (Bolivarian Republic),Miranda,
Venezuela (Bolivarian Republic),Monagas,
Venezuela (Bolivarian Republic),Nueva Esparta,
Venezuela (Bolivarian Republic),Portuguesa,
Venezuela (Bolivarian Republic),Sucre,
Venezuela (Bolivarian Republic),Táchira,
Venezuela (Bolivarian Republic),Vargas,
Venezuela (Bolivarian Republic),Yaracuy,
Venezuela (Bolivarian Republic),Zulia,
Venezuela (Bolivarian Republic),,
Vietnam,Đắk Lắk,
Vietnam,An Giang,
Vietnam,Can Tho,
Vietnam,Da Nang,
Vietnam,Dak Nong,
Vietnam,Gia Lai,
Vietnam,Haiphong,
Vietnam,Hanoi,
Vietnam,Hậu Giang,
Vietnam,Ho Chi Minh,
Vietnam,Kon Tum,
Vietnam,Long An,
Vietnam,Quảng Ngãi Province,
Vietnam,Tây Ninh Province,
Vietnam,Tiền Giang,
Vietnam,Tinh Ba Ria-Vung Tau,
Vietnam,Tinh Bac Giang,
Vietnam,Tinh Bac Kan,
Vietnam,Tinh Bac Lieu,
Vietnam,Tinh Bac Ninh,
Vietnam,Tinh Ben Tre,
Vietnam,Tinh Binh Duong,
Vietnam,Tinh Binh GJinh,
Vietnam,Tinh Binh Phuoc,
Vietnam,Tinh Binh Thuan,
Vietnam,Tinh Ca Mau,
Vietnam,Tinh Cao Bang,
Vietnam,Tinh Dien Bien,
Vietnam,Tinh GJong Nai,
Vietnam,Tinh GJong Thap,
Vietnam,Tinh Ha Giang,
Vietnam,Tinh Ha Nam,
Vietnam,Tinh Ha Tinh,
Vietnam,Tinh Hai Duong,
Vietnam,Tinh Hoa Binh,
Vietnam,Tinh Hung Yen,
Vietnam,Tinh Khanh Hoa,
Vietnam,Tinh Kien Giang,
Vietnam,Tinh Lai Chau,
Vietnam,Tinh Lam GJong,
Vietnam,Tinh Lang Son,
Vietnam,Tinh Lao Cai,
Vietnam,Tinh Nam GJinh,
Vietnam,Tinh Nghe An,
Vietnam,Tinh Ninh Binh,
Vietnam,Tinh Ninh Thuan,
Vietnam,Tinh Phu Tho,
Vietnam,Tinh Phu Yen,
Vietnam,Tinh Quang Binh,
Vietnam,Tinh Quang Nam,
Vietnam,Tinh Quang Ninh,
Vietnam,Tinh Quang Tri,
Vietnam,Tinh Soc Trang,
Vietnam,Tinh Son La,
Vietnam,Tinh Thai Binh,
Vietnam,Tinh Thai Nguyen,
Vietnam,Tinh Thanh Hoa,
Vietnam,Tinh Thua Thien-Hue,
Vietnam,Tinh Tra Vinh,
Vietnam,Tinh Tuyen Quang,
Vietnam,Tinh Vinh Long,
Vietnam,Tinh Vinh Phuc,
Vietnam,Tinh Yen Bai,
Vietnam,,
"Virgin Islands, US",Saint Croix Island,
"Virgin Islands, US",Saint John Island,
"Virgin Islands, US",Saint Thomas Island,
"Virgin Islands, US",,
Wallis and Futuna Islands,Alo,
Wallis and Futuna Islands,Sigave,
Wallis and Futuna Islands,Uvea,
Wallis and Futuna Islands,,
Western Sahara,,
Yemen,Ḩajjah,
Yemen,Aḑ Ḑāli‘,
Yemen,Aden,
Yemen,Al Hudaydah,
Yemen,Al Mahrah,
Yemen,Al Mahwit,
Yemen,Şa‘dah,
Yemen,Dhamār,
Yemen,Ibb,
Yemen,Laḩij,
Yemen,Ma’rib,
Yemen,Muhafazat Abyan,
Yemen,Muhafazat Hadramaout,
Yemen,Omran,
Yemen,Raymah,
Yemen,Sanaa,
Yemen,Shabwah,
Yemen,Soqatra,
Yemen,Ta‘izz,
Yemen,,
Zambia,Central Province,
Zambia,Copperbelt,
Zambia,Luapula Province,
Zambia,Lusaka Province,
Zambia,Muchinga,
Zambia,Northern Province,
Zambia,North-Western Province,
Zambia,Southern Province,
Zambia,Western Province,
Zambia,,
Zimbabwe,Harare,
Zimbabwe,Mashonaland East Province,
Zimbabwe,Mashonaland West,
Zimbabwe,Masvingo Province,
Zimbabwe,Matabeleland North,
Zimbabwe,Matabeleland South Province,
Zimbabwe,,
