NAICS,NAICS Level II,NAICS Level III,COB
Drinking Places (Alcoholic Beverages),7224,72241,Table A
Full-Service Restaurants,7221,72211,Table A
Cafeterias,7222,722212,Table A
Limited-Service Eating Places,7222,72221,Table A
Limited-Service Restaurants,7222,722211,Table A
Snack and Nonalcoholic Beverage Bars,7222,722213,Table A
Rooming and Boarding Houses,7213,72131,Table A
Recreational and Vacation Camps (except Campgrounds),7212,721214,"Class not in Table A, B, C, or D"
RV (Recreational Vehicle) Parks and Campgrounds,7212,721211,"Class not in Table A, B, C, or D"
RV (Recreational Vehicle) Parks and Recreational Camps,7212,72121,"Class not in Table A, B, C, or D"
Caterers,7223,72232,Table A
Food Service Contractors,7223,72231,Table A
Mobile Food Services,7223,72233,Table A
All Other Traveler Accommodation,7211,721199,Table A
Bed-and-Breakfast Inns,7211,721191,Table A
Casino Hotels,7211,72112,Table C
Hotels (except Casino Hotels) and Motels,7211,72111,Table A
Other Traveler Accommodation,7211,72119,Table A
All Other Business Support Services,5614,561499,"Class not in Table A, B, C, or D"
Business Service Centers,5614,56143,"Class not in Table A, B, C, or D"
Collection Agencies,5614,56144,"Class not in Table A, B, C, or D"
Court Reporting and Stenotype Services,5614,561492,"Class not in Table A, B, C, or D"
Credit Bureaus,5614,56145,Table C
Document Preparation Services,5614,56141,"Class not in Table A, B, C, or D"
Other Business Service Centers (including Copy Shops),5614,561439,"Class not in Table A, B, C, or D"
Other Business Support Services,5614,56149,"Class not in Table A, B, C, or D"
Private Mail Centers,5614,561431,"Class not in Table A, B, C, or D"
Repossession Services,5614,561491,"Class not in Table A, B, C, or D"
Telemarketing Bureaus,5614,561422,"Class not in Table A, B, C, or D"
Telephone Answering Services,5614,561421,"Class not in Table A, B, C, or D"
Telephone Call Centers,5614,56142,"Class not in Table A, B, C, or D"
Employment Placement Agencies,5613,56131,"Class not in Table A, B, C, or D"
Professional Employer Organizations,5613,56133,"Class not in Table A, B, C, or D"
Temporary Help Services,5613,56132,"Class not in Table A, B, C, or D"
Facilities Support Services,5612,56121,"Class not in Table A, B, C, or D"
Armored Car Services,5616,561613,Table C
Investigation Services,5616,561611,Table C
"Investigation, Guard, and Armored Car Services",5616,56161,Table C
Locksmiths,5616,561622,"Class not in Table A, B, C, or D"
Security Guards and Patrol Services,5616,561612,Table C
Security Systems Services,5616,56162,Table C
Security Systems Services (except Locksmiths),5616,561621,Table C
Office Administrative Services,5611,56111,"Class not in Table A, B, C, or D"
All Other Support Services,5619,56199,"Class not in Table A, B, C, or D"
Convention and Trade Show Organizers,5619,56192,"Class not in Table A, B, C, or D"
Packaging and Labeling Services,5619,56191,"Class not in Table A, B, C, or D"
All Other Miscellaneous Waste Management Services,5629,562998,"Class not in Table A, B, C, or D"
All Other Waste Management Services,5629,56299,"Class not in Table A, B, C, or D"
Materials Recovery Facilities,5629,56292,"Class not in Table A, B, C, or D"
Remediation Services,5629,56291,"Class not in Table A, B, C, or D"
Septic Tank and Related Services,5629,562991,"Class not in Table A, B, C, or D"
Carpet and Upholstery Cleaning Services,5617,56174,"Class not in Table A, B, C, or D"
Exterminating and Pest Control Services,5617,56171,"Class not in Table A, B, C, or D"
Janitorial Services,5617,56172,"Class not in Table A, B, C, or D"
Landscaping Services,5617,56173,"Class not in Table A, B, C, or D"
Other Services to Buildings and Dwellings,5617,56179,"Class not in Table A, B, C, or D"
All Other Travel Arrangement and Reservation Services,5615,561599,"Class not in Table A, B, C, or D"
Convention and Visitors Bureaus,5615,561591,"Class not in Table A, B, C, or D"
Other Travel Arrangement and Reservation Services,5615,56159,"Class not in Table A, B, C, or D"
Tour Operators,5615,56152,"Class not in Table A, B, C, or D"
Travel Agencies,5615,56151,"Class not in Table A, B, C, or D"
Hazardous Waste Collection,5621,562112,"Class not in Table A, B, C, or D"
Other Waste Collection,5621,562119,"Class not in Table A, B, C, or D"
Solid Waste Collection,5621,562111,"Class not in Table A, B, C, or D"
Waste Collection,5621,56211,"Class not in Table A, B, C, or D"
Hazardous Waste Treatment and Disposal,5622,562211,"Class not in Table A, B, C, or D"
Other Nonhazardous Waste Treatment and Disposal,5622,562219,"Class not in Table A, B, C, or D"
Solid Waste Combustors and Incinerators,5622,562213,"Class not in Table A, B, C, or D"
Solid Waste Landfill,5622,562212,"Class not in Table A, B, C, or D"
Waste Treatment and Disposal,5622,56221,"Class not in Table A, B, C, or D"
Animal Aquaculture,1125,11251,"Class not in Table A, B, C, or D"
Finfish Farming and Fish Hatcheries,1125,112511,"Class not in Table A, B, C, or D"
Other Animal Aquaculture,1125,112519,"Class not in Table A, B, C, or D"
Shellfish Farming,1125,112512,"Class not in Table A, B, C, or D"
Beef Cattle Ranching and Farming,1121,112111,"Class not in Table A, B, C, or D"
"Beef Cattle Ranching and Farming, including Feedlots",1121,11211,"Class not in Table A, B, C, or D"
Cattle Feedlots,1121,112112,"Class not in Table A, B, C, or D"
Dairy Cattle and Milk Production,1121,11212,"Class not in Table A, B, C, or D"
Dual-Purpose Cattle Ranching and Farming,1121,11213,"Class not in Table A, B, C, or D"
Finfish Fishing,1141,114111,"Class not in Table A, B, C, or D"
Fishing,1141,11411,"Class not in Table A, B, C, or D"
Other Marine Fishing,1141,114119,"Class not in Table A, B, C, or D"
Shellfish Fishing,1141,114112,"Class not in Table A, B, C, or D"
Forest Nurseries and Gathering of Forest Products,1132,11321,"Class not in Table A, B, C, or D"
Apple Orchards,1113,111331,"Class not in Table A, B, C, or D"
Berry (except Strawberry) Farming,1113,111334,"Class not in Table A, B, C, or D"
Citrus (except Orange) Groves,1113,11132,"Class not in Table A, B, C, or D"
Fruit and Tree Nut Combination Farming,1113,111336,"Class not in Table A, B, C, or D"
Grape Vineyards,1113,111332,"Class not in Table A, B, C, or D"
Noncitrus Fruit and Tree Nut Farming,1113,11133,"Class not in Table A, B, C, or D"
Orange Groves,1113,11131,"Class not in Table A, B, C, or D"
Other Noncitrus Fruit Farming,1113,111339,"Class not in Table A, B, C, or D"
Strawberry Farming,1113,111333,"Class not in Table A, B, C, or D"
Tree Nut Farming,1113,111335,"Class not in Table A, B, C, or D"
Floriculture Production,1114,111422,"Class not in Table A, B, C, or D"
Food Crops Grown Under Cover,1114,11141,"Class not in Table A, B, C, or D"
Mushroom Production,1114,111411,"Class not in Table A, B, C, or D"
Nursery and Floriculture Production,1114,11142,"Class not in Table A, B, C, or D"
Nursery and Tree Production,1114,111421,"Class not in Table A, B, C, or D"
Other Food Crops Grown Under Cover,1114,111419,"Class not in Table A, B, C, or D"
Hog and Pig Farming,1122,11221,"Class not in Table A, B, C, or D"
Hunting and Trapping,1142,11421,"Class not in Table A, B, C, or D"
Logging,1133,11331,"Class not in Table A, B, C, or D"
All Other Grain Farming,1111,111199,"Class not in Table A, B, C, or D"
Corn Farming,1111,11115,"Class not in Table A, B, C, or D"
Dry Pea and Bean Farming,1111,11113,"Class not in Table A, B, C, or D"
Oilseed (except Soybean) Farming,1111,11112,"Class not in Table A, B, C, or D"
Oilseed and Grain Combination Farming,1111,111191,"Class not in Table A, B, C, or D"
Other Grain Farming,1111,11119,"Class not in Table A, B, C, or D"
Rice Farming,1111,11116,"Class not in Table A, B, C, or D"
Soybean Farming,1111,11111,"Class not in Table A, B, C, or D"
Wheat Farming,1111,11114,"Class not in Table A, B, C, or D"
All Other Animal Production,1129,11299,"Class not in Table A, B, C, or D"
Apiculture,1129,11291,"Class not in Table A, B, C, or D"
Fur-Bearing Animal and Rabbit Production,1129,11293,"Class not in Table A, B, C, or D"
Horses and Other Equine Production,1129,11292,"Class not in Table A, B, C, or D"
All Other Crop Farming,1119,11199,"Class not in Table A, B, C, or D"
All Other Miscellaneous Crop Farming,1119,111998,"Class not in Table A, B, C, or D"
Cotton Farming,1119,11192,"Class not in Table A, B, C, or D"
Hay Farming,1119,11194,"Class not in Table A, B, C, or D"
Peanut Farming,1119,111992,"Class not in Table A, B, C, or D"
Sugar Beet Farming,1119,111991,"Class not in Table A, B, C, or D"
Sugarcane Farming,1119,11193,"Class not in Table A, B, C, or D"
Tobacco Farming,1119,11191,"Class not in Table A, B, C, or D"
Broilers and Other Meat Type Chicken Production,1123,11232,"Class not in Table A, B, C, or D"
Chicken Egg Production,1123,11231,"Class not in Table A, B, C, or D"
Other Poultry Production,1123,11239,"Class not in Table A, B, C, or D"
Poultry Hatcheries,1123,11234,"Class not in Table A, B, C, or D"
Turkey Production,1123,11233,"Class not in Table A, B, C, or D"
Goat Farming,1124,11242,"Class not in Table A, B, C, or D"
Sheep Farming,1124,11241,"Class not in Table A, B, C, or D"
Support Activities for Animal Production,1152,11521,"Class not in Table A, B, C, or D"
Cotton Ginning,1151,115111,"Class not in Table A, B, C, or D"
"Crop Harvesting, Primarily by Machine",1151,115113,"Class not in Table A, B, C, or D"
Farm Labor Contractors and Crew Leaders,1151,115115,"Class not in Table A, B, C, or D"
Farm Management Services,1151,115116,"Class not in Table A, B, C, or D"
Postharvest Crop Activities (except Cotton Ginning),1151,115114,"Class not in Table A, B, C, or D"
"Soil Preparation, Planting, and Cultivating",1151,115112,"Class not in Table A, B, C, or D"
Support Activities for Crop Production,1151,11511,"Class not in Table A, B, C, or D"
Support Activities for Forestry,1153,11531,"Class not in Table A, B, C, or D"
Timber Tract Operations,1131,11311,"Class not in Table A, B, C, or D"
Other Vegetable (except Potato) and Melon Farming,1112,111219,"Class not in Table A, B, C, or D"
Potato Farming,1112,111211,"Class not in Table A, B, C, or D"
Vegetable and Melon Farming,1112,11121,"Class not in Table A, B, C, or D"
"Agents and Managers for Artists, Athletes, Entertainers, and Other Public Figures",7114,71141,Table C
Amusement and Theme Parks,7131,71311,"Class not in Table A, B, C, or D"
Amusement Arcades,7131,71312,"Class not in Table A, B, C, or D"
Casinos (except Casino Hotels),7132,71321,Table C
Other Gambling Industries,7132,71329,Table C
"Independent Artists, Writers, and Performers",7115,71151,Table C
Historical Sites,7121,71212,"Class not in Table A, B, C, or D"
Museums,7121,71211,"Class not in Table A, B, C, or D"
Nature Parks and Other Similar Institutions,7121,71219,"Class not in Table A, B, C, or D"
Zoos and Botanical Gardens,7121,71213,"Class not in Table A, B, C, or D"
All Other Amusement and Recreation Industries,7139,71399,"Class not in Table A, B, C, or D"
Bowling Centers,7139,71395,"Class not in Table A, B, C, or D"
Fitness and Recreational Sports Centers,7139,71394,Table A
Golf Courses and Country Clubs,7139,71391,Table C
Marinas,7139,71393,"Class not in Table A, B, C, or D"
Skiing Facilities,7139,71392,"Class not in Table A, B, C, or D"
Dance Companies,7111,71112,Table C
Musical Groups and Artists,7111,71113,Table C
Other Performing Arts Companies,7111,71119,Table C
Theater Companies and Dinner Theaters,7111,71111,Table C
"Promoters of Performing Arts, Sports, and Similar Events with Facilities",7113,71131,Table C
"Promoters of Performing Arts, Sports, and Similar Events without Facilities",7113,71132,Table C
Other Spectator Sports,7112,711219,"Class not in Table A, B, C, or D"
Racetracks,7112,711212,"Class not in Table A, B, C, or D"
Spectator Sports,7112,71121,"Class not in Table A, B, C, or D"
Sports Teams and Clubs,7112,711211,Table C
Carpentry Contractors,2355,23551,Table A
Floor Laying and Other Floor,2355,23552,Table A
Concrete Contractors,2357,23571,Table A
Electrical Contractors,2353,23531,Table A
Bridge and Tunnel Construction,2341,23412,Table A
Highway and Street Construction,2341,23411,Table A
Land Subdivision and Land,2331,23311,Table A
"Drywall, Plastering, Acoustical,",2354,23542,Table A
Masonry and Stone Contractors,2354,23541,Table A
"Tile, Marble, Terrazzo, and Mosaic Contractors",2354,23543,Table A
Commercial and Institutional Building Construction,2333,23332,Table A
Manufacturing and Industrial Building Construction,2333,23331,Table A
All Other Heavy Construction,2349,23499,Table A
Industrial Nonbuilding Structure Construction,2349,23493,Table A
Power and Communication Transmission Line Construction,2349,23492,Table A
"Water, Sewer, and Pipeline Construction",2349,23491,Table A
All Other Special Trade Contractors,2359,23599,Table A
Building Equipment and Other,2359,23595,Table A
Excavation Contractors,2359,23593,Table A
Glass and Glazing Contractors,2359,23592,Table A
Structural Steel Erection,2359,23591,Table A
Wrecking and Demolition Contractors,2359,23594,Table A
Painting and Wall Covering,2352,23521,Table A
"Plumbing, Heating, and",2351,23511,Table A
Multifamily Housing Construction,2332,23322,Table A
Single Family Housing Construction,2332,23321,Table A
"Roofing, Siding, and Sheet Metal",2356,23561,Table A
Water Well Drilling Contractors,2358,23581,Table A
Business and Secretarial Schools,6114,61141,Table C
Computer Training,6114,61142,"Class not in Table A, B, C, or D"
Professional and Management Development Training,6114,61143,"Class not in Table A, B, C, or D"
"Colleges, Universities, and Professional Schools",6113,61131,Table C
Educational Support Services,6117,61171,"Class not in Table A, B, C, or D"
Elementary and Secondary Schools,6111,61111,"Class not in Table A, B, C, or D"
Junior Colleges,6112,61121,Table C
All Other Miscellaneous Schools and Instruction,6116,611699,"Class not in Table A, B, C, or D"
All Other Schools and Instruction,6116,61169,"Class not in Table A, B, C, or D"
Automobile Driving Schools,6116,611692,"Class not in Table A, B, C, or D"
Exam Preparation and Tutoring,6116,611691,"Class not in Table A, B, C, or D"
Fine Arts Schools,6116,61161,Table C
Language Schools,6116,61163,"Class not in Table A, B, C, or D"
Sports and Recreation Instruction,6116,61162,"Class not in Table A, B, C, or D"
Apprenticeship Training,6115,611513,"Class not in Table A, B, C, or D"
Cosmetology and Barber Schools,6115,611511,"Class not in Table A, B, C, or D"
Flight Training,6115,611512,"Class not in Table A, B, C, or D"
Other Technical and Trade Schools,6115,611519,"Class not in Table A, B, C, or D"
Technical and Trade Schools,6115,61151,"Class not in Table A, B, C, or D"
"Financial Transactions Processing, Reserve, and Clearinghouse Activities",5223,52232,Table C
Mortgage and Nonmortgage Loan Brokers,5223,52231,Table C
Other Activities Related to Credit Intermediation,5223,52239,Table C
All Other Insurance Related Activities,5242,524298,"Class not in Table A, B, C, or D"
Claims Adjusting,5242,524291,"Class not in Table A, B, C, or D"
Insurance Agencies and Brokerages,5242,52421,"Class not in Table A, B, C, or D"
Other Insurance Related Activities,5242,52429,"Class not in Table A, B, C, or D"
Third Party Administration of Insurance and Pension Funds,5242,524292,"Class not in Table A, B, C, or D"
Commercial Banking,5221,52211,Table C
Credit Unions,5221,52213,Table C
Other Depository Credit Intermediation,5221,52219,Table C
Savings Institutions,5221,52212,Table C
Health and Welfare Funds,5251,52512,Table C
Other Insurance Funds,5251,52519,Table C
Pension Funds,5251,52511,Table C
Direct Health and Medical Insurance Carriers,5241,524114,"Class not in Table A, B, C, or D"
"Direct Insurance (except Life, Health, and Medical) Carriers",5241,52412,"Class not in Table A, B, C, or D"
Direct Life Insurance Carriers,5241,524113,"Class not in Table A, B, C, or D"
"Direct Life, Health, and Medical Insurance Carriers",5241,52411,"Class not in Table A, B, C, or D"
Direct Property and Casualty Insurance Carriers,5241,524126,"Class not in Table A, B, C, or D"
Direct Title Insurance Carriers,5241,524127,"Class not in Table A, B, C, or D"
"Other Direct Insurance (except Life, Health, and Medical) Carriers",5241,524128,"Class not in Table A, B, C, or D"
Reinsurance Carriers,5241,52413,"Class not in Table A, B, C, or D"
Monetary Authorities - Central Bank,5211,52111,Table C
All Other Nondepository Credit Intermediation,5222,522298,Table C
Consumer Lending,5222,522291,Table C
Credit Card Issuing,5222,52221,Table C
International Trade Financing,5222,522293,Table C
Other Nondepository Credit Intermediation,5222,52229,Table C
Real Estate Credit,5222,522292,Table C
Sales Financing,5222,52222,Table C
Secondary Market Financing,5222,522294,Table C
All Other Financial Investment Activities,5239,52399,Table C
Investment Advice,5239,52393,Table C
Miscellaneous Financial Investment Activities,5239,523999,Table C
Miscellaneous Intermediation,5239,52391,Table C
Portfolio Management,5239,52392,Table C
"Trust, Fiduciary, and Custody Activities",5239,523991,Table C
Open-End Investment Funds,5259,52591,Table C
Other Financial Vehicles,5259,52599,Table C
Real Estate Investment Trusts,5259,52593,Table C
"Trusts, Estates, and Agency Accounts",5259,52592,Table C
Commodity Contracts Brokerage,5231,52314,Table C
Commodity Contracts Dealing,5231,52313,Table C
Investment Banking and Securities Dealing,5231,52311,Table C
Securities Brokerage,5231,52312,Table C
Securities and Commodity Exchanges,5232,52321,Table C
Child Day Care Services,6244,62441,Table A
Community Care Facilities for the Elderly,6233,62331,Table A
Continuing Care Retirement Communities,6233,623311,Table A
Homes for the Elderly,6233,623312,Table A
Community Food Services,6242,62421,Table A
Community Housing Services,6242,62422,Table A
Emergency and Other Relief Services,6242,62423,Table A
Other Community Housing Services,6242,624229,Table A
Temporary Shelters,6242,624221,Table A
General Medical and Surgical Hospitals,6221,62211,Table A
Home Health Care Services,6216,62161,Table A
Child and Youth Services,6241,62411,Table A
Other Individual and Family Services,6241,62419,Table A
Services for the Elderly and Persons with Disabilities,6241,62412,Table A
Diagnostic Imaging Centers,6215,621512,Table A
Medical and Diagnostic Laboratories,6215,62151,Table A
Medical Laboratories,6215,621511,Table A
Nursing Care Facilities,6231,62311,Table A
Offices of Dentists,6212,62121,Table A
Offices of All Other Health Practitioners,6213,62139,Table A
Offices of All Other Miscellaneous Health Practitioners,6213,621399,Table A
Offices of Chiropractors,6213,62131,Table A
Offices of Mental Health Practitioners (except Physicians),6213,62133,Table A
Offices of Optometrists,6213,62132,Table A
"Offices of Physical, Occupational and Speech Therapists, and Audiologists",6213,62134,Table A
Offices of Podiatrists,6213,621391,Table A
Offices of Physicians,6211,62111,Table A
Offices of Physicians (except Mental Health Specialists),6211,621111,Table A
"Offices of Physicians, Mental Health Specialists",6211,621112,Table A
All Other Ambulatory Health Care Services,6219,62199,Table A
All Other Miscellaneous Ambulatory Health Care Services,6219,621999,Table A
Ambulance Services,6219,62191,Table A
Blood and Organ Banks,6219,621991,Table A
Other Residential Care Facilities,6239,62399,Table A
All Other Outpatient Care Centers,6214,621498,Table A
Family Planning Centers,6214,62141,Table A
Freestanding Ambulatory Surgical and Emergency Centers,6214,621493,Table A
HMO Medical Centers,6214,621491,Table A
Kidney Dialysis Centers,6214,621492,Table A
Other Outpatient Care Centers,6214,62149,Table A
Outpatient Mental Health and Substance Abuse Centers,6214,62142,Table A
Psychiatric and Substance Abuse Hospitals,6222,62221,Table A
Residential Mental Health and Substance Abuse Facilities,6232,62322,Table A
Residential Mental Retardation Facilities,6232,62321,Table A
Specialty (except Psychiatric and Substance Abuse) Hospitals,6223,62231,Table A
Vocational Rehabilitation Services,6243,62431,Table A
Cable and Other Program Distribution,5132,51322,Table C
Cable Networks,5132,51321,Table C
Data Processing Services,5142,51421,"Class not in Table A, B, C, or D"
All Other Information Services,5141,514199,"Class not in Table A, B, C, or D"
Libraries and Archives,5141,51412,"Class not in Table A, B, C, or D"
News Syndicates,5141,51411,Table C
On-Line Information Services,5141,514191,"Class not in Table A, B, C, or D"
Other Information Services,5141,51419,"Class not in Table A, B, C, or D"
Drive-In Motion Picture Theaters,5121,512132,"Class not in Table A, B, C, or D"
Motion Picture and Video Distribution,5121,51212,"Class not in Table A, B, C, or D"
Motion Picture and Video Exhibition,5121,51213,"Class not in Table A, B, C, or D"
Motion Picture and Video Production,5121,51211,Table C
Motion Picture Theaters (except Drive-Ins),5121,512131,"Class not in Table A, B, C, or D"
Other Motion Picture and Video Industries,5121,512199,Table C
Postproduction Services and Other Motion Picture and Video Industries,5121,51219,Table C
Teleproduction and Other Postproduction Services,5121,512191,Table C
All Other Publishers,5111,511199,"Class not in Table A, B, C, or D"
Book Publishers,5111,51113,"Class not in Table A, B, C, or D"
Directory and Mailing List Publishers,5111,51114,"Class not in Table A, B, C, or D"
Greeting Card Publishers,5111,511191,"Class not in Table A, B, C, or D"
Newspaper Publishers,5111,51111,"Class not in Table A, B, C, or D"
Other Publishers,5111,51119,"Class not in Table A, B, C, or D"
Periodical Publishers,5111,51112,"Class not in Table A, B, C, or D"
Radio Broadcasting,5131,51311,Table C
Radio Networks,5131,513111,Table C
Radio Stations,5131,513112,Table C
Television Broadcasting,5131,51312,Table C
Software Publishers,5112,51121,"Class not in Table A, B, C, or D"
Integrated Record Production/Distribution,5122,51222,Table C
Music Publishers,5122,51223,Table C
Other Sound Recording Industries,5122,51229,Table C
Record Production,5122,51221,Table C
Sound Recording Studios,5122,51224,Table C
Cellular and Other Wireless,5133,513322,"Class not in Table A, B, C, or D"
Other Telecommunications,5133,51339,"Class not in Table A, B, C, or D"
Paging,5133,513321,"Class not in Table A, B, C, or D"
Satellite Telecommunications,5133,51334,"Class not in Table A, B, C, or D"
Telecommunications Resellers,5133,51333,"Class not in Table A, B, C, or D"
Wired Telecommunications Carriers,5133,51331,"Class not in Table A, B, C, or D"
Wireless Telecommunications,5133,51332,"Class not in Table A, B, C, or D"
"Corporate, Subsidiary, and Regional Managing Offices",5511,551114,Table C
Management of Companies and Enterprises,5511,55111,Table C
Offices of Bank Holding Companies,5511,551111,Table C
Offices of Other Holding Companies,5511,551112,Table C
Animal Food Manufacturing,3111,31111,"Class not in Table A, B, C, or D"
Dog and Cat Food Manufacturing,3111,311111,"Class not in Table A, B, C, or D"
Other Animal Food Manufacturing,3111,311119,"Class not in Table A, B, C, or D"
Animal (except Poultry) Slaughtering,3116,311611,"Class not in Table A, B, C, or D"
Animal Slaughtering and Processing,3116,31161,"Class not in Table A, B, C, or D"
Meat Processed from Carcasses,3116,311612,"Class not in Table A, B, C, or D"
Poultry Processing,3116,311615,"Class not in Table A, B, C, or D"
Rendering and Meat Byproduct Processing,3116,311613,"Class not in Table A, B, C, or D"
Apparel Accessories and Other Apparel Manufacturing,3159,31599,"Class not in Table A, B, C, or D"
Glove and Mitten Manufacturing,3159,315992,"Class not in Table A, B, C, or D"
"Hat, Cap, and Millinery Manufacturing",3159,315991,"Class not in Table A, B, C, or D"
Men's and Boys' Neckwear Manufacturing,3159,315993,"Class not in Table A, B, C, or D"
Other Apparel Accessories and Other Apparel Manufacturing,3159,315999,"Class not in Table A, B, C, or D"
Hosiery and Sock Mills,3151,31511,"Class not in Table A, B, C, or D"
Other Apparel Knitting Mills,3151,31519,"Class not in Table A, B, C, or D"
Other Hosiery and Sock Mills,3151,315119,"Class not in Table A, B, C, or D"
Outerwear Knitting Mills,3151,315191,"Class not in Table A, B, C, or D"
Sheer Hosiery Mills,3151,315111,"Class not in Table A, B, C, or D"
Underwear and Nightwear Knitting Mills,3151,315192,"Class not in Table A, B, C, or D"
Bread and Bakery Product Manufacturing,3118,31181,"Class not in Table A, B, C, or D"
Commercial Bakeries,3118,311812,"Class not in Table A, B, C, or D"
Cookie and Cracker Manufacturing,3118,311821,"Class not in Table A, B, C, or D"
"Cookie, Cracker, and Pasta Manufacturing",3118,31182,"Class not in Table A, B, C, or D"
Dry Pasta Manufacturing,3118,311823,"Class not in Table A, B, C, or D"
Flour Mixes and Dough Manufacturing from Purchased Flour,3118,311822,"Class not in Table A, B, C, or D"
"Frozen Cakes, Pies, and Other Pastries Manufacturing",3118,311813,"Class not in Table A, B, C, or D"
Retail Bakeries,3118,311811,"Class not in Table A, B, C, or D"
Tortilla Manufacturing,3118,31183,"Class not in Table A, B, C, or D"
Bottled Water Manufacturing,3121,312112,"Class not in Table A, B, C, or D"
Breweries,3121,31212,"Class not in Table A, B, C, or D"
Distilleries,3121,31214,"Class not in Table A, B, C, or D"
Ice Manufacturing,3121,312113,"Class not in Table A, B, C, or D"
Soft Drink and Ice Manufacturing,3121,31211,"Class not in Table A, B, C, or D"
Soft Drink Manufacturing,3121,312111,"Class not in Table A, B, C, or D"
All Other Cut and Sew Apparel Manufacturing,3152,315299,"Class not in Table A, B, C, or D"
Cut and Sew Apparel Contractors,3152,31521,"Class not in Table A, B, C, or D"
Fur and Leather Apparel Manufacturing,3152,315292,"Class not in Table A, B, C, or D"
Infants' Cut and Sew Apparel Manufacturing,3152,315291,"Class not in Table A, B, C, or D"
Men's and Boys' Cut and Sew Apparel Contractors,3152,315211,"Class not in Table A, B, C, or D"
Men's and Boys' Cut and Sew Apparel Manufacturing,3152,31522,"Class not in Table A, B, C, or D"
Men's and Boys' Cut and Sew Other Outerwear Manufacturing,3152,315228,"Class not in Table A, B, C, or D"
Men's and Boys' Cut and Sew Shirt (except Work Shirt) Manufacturing,3152,315223,"Class not in Table A, B, C, or D"
"Men's and Boys' Cut and Sew Suit, Coat, and Overcoat Manufacturing",3152,315222,"Class not in Table A, B, C, or D"
"Men's and Boys' Cut and Sew Trouser, Slack, and Jean Manufacturing",3152,315224,"Class not in Table A, B, C, or D"
Men's and Boys' Cut and Sew Underwear and Nightwear Manufacturing,3152,315221,"Class not in Table A, B, C, or D"
Men's and Boys' Cut and Sew Work Clothing Manufacturing,3152,315225,"Class not in Table A, B, C, or D"
Other Cut and Sew Apparel Manufacturing,3152,31529,"Class not in Table A, B, C, or D"
Women's and Girls' Cut and Sew Apparel Manufacturing,3152,31523,"Class not in Table A, B, C, or D"
Women's and Girls' Cut and Sew Blouse and Shirt Manufacturing,3152,315232,"Class not in Table A, B, C, or D"
Women's and Girls' Cut and Sew Dress Manufacturing,3152,315233,"Class not in Table A, B, C, or D"
"Women's and Girls' Cut and Sew Lingerie, Loungewear, and Nightwear Manufacturing",3152,315231,"Class not in Table A, B, C, or D"
Women's and Girls' Cut and Sew Other Outerwear Manufacturing,3152,315239,"Class not in Table A, B, C, or D"
"Women's and Girls' Cut and Sew Suit, Coat, Tailored Jacket, and Skirt Manufacturing",3152,315234,"Class not in Table A, B, C, or D"
"Women's, Girls', and Infants' Cut and Sew Apparel Contractors",3152,315212,"Class not in Table A, B, C, or D"
Cheese Manufacturing,3115,311513,"Class not in Table A, B, C, or D"
Creamery Butter Manufacturing,3115,311512,"Class not in Table A, B, C, or D"
Dairy Product (except Frozen) Manufacturing,3115,31151,"Class not in Table A, B, C, or D"
"Dry, Condensed, and Evaporated Dairy Product Manufacturing",3115,311514,"Class not in Table A, B, C, or D"
Fluid Milk Manufacturing,3115,311511,"Class not in Table A, B, C, or D"
Ice Cream and Frozen Dessert Manufacturing,3115,31152,"Class not in Table A, B, C, or D"
Broadwoven Fabric Mills,3132,31321,"Class not in Table A, B, C, or D"
Knit Fabric Mills,3132,31324,"Class not in Table A, B, C, or D"
Narrow Fabric Mills,3132,313221,"Class not in Table A, B, C, or D"
Narrow Fabric Mills and Schiffli Machine Embroidery,3132,31322,"Class not in Table A, B, C, or D"
Nonwoven Fabric Mills,3132,31323,"Class not in Table A, B, C, or D"
Other Knit Fabric and Lace Mills,3132,313249,"Class not in Table A, B, C, or D"
Schiffli Machine Embroidery,3132,313222,"Class not in Table A, B, C, or D"
Weft Knit Fabric Mills,3132,313241,"Class not in Table A, B, C, or D"
"Fiber, Yarn, and Thread Mills",3131,31311,"Class not in Table A, B, C, or D"
Thread Mills,3131,313113,"Class not in Table A, B, C, or D"
Yarn Spinning Mills,3131,313111,"Class not in Table A, B, C, or D"
"Yarn Texturizing, Throwing, and Twisting Mills",3131,313112,"Class not in Table A, B, C, or D"
Footwear Manufacturing,3162,31621,"Class not in Table A, B, C, or D"
House Slipper Manufacturing,3162,316212,"Class not in Table A, B, C, or D"
Men's Footwear (except Athletic) Manufacturing,3162,316213,"Class not in Table A, B, C, or D"
Other Footwear Manufacturing,3162,316219,"Class not in Table A, B, C, or D"
Rubber and Plastics Footwear Manufacturing,3162,316211,"Class not in Table A, B, C, or D"
Women's Footwear (except Athletic) Manufacturing,3162,316214,"Class not in Table A, B, C, or D"
Dried and Dehydrated Food Manufacturing,3114,311423,"Class not in Table A, B, C, or D"
Frozen Food Manufacturing,3114,31141,"Class not in Table A, B, C, or D"
"Frozen Fruit, Juice, and Vegetable Manufacturing",3114,311411,"Class not in Table A, B, C, or D"
Frozen Specialty Food Manufacturing,3114,311412,"Class not in Table A, B, C, or D"
Fruit and Vegetable Canning,3114,311421,"Class not in Table A, B, C, or D"
"Fruit and Vegetable Canning, Pickling, and Drying",3114,31142,"Class not in Table A, B, C, or D"
Specialty Canning,3114,311422,"Class not in Table A, B, C, or D"
Breakfast Cereal Manufacturing,3112,31123,"Class not in Table A, B, C, or D"
Fats and Oils Refining and Blending,3112,311225,"Class not in Table A, B, C, or D"
Flour Milling,3112,311211,"Class not in Table A, B, C, or D"
Flour Milling and Malt Manufacturing,3112,31121,"Class not in Table A, B, C, or D"
Malt Manufacturing,3112,311213,"Class not in Table A, B, C, or D"
Other Oilseed Processing,3112,311223,"Class not in Table A, B, C, or D"
Rice Milling,3112,311212,"Class not in Table A, B, C, or D"
Soybean Processing,3112,311222,"Class not in Table A, B, C, or D"
Starch and Vegetable Fats and Oils Manufacturing,3112,31122,"Class not in Table A, B, C, or D"
Wet Corn Milling,3112,311221,"Class not in Table A, B, C, or D"
Leather and Hide Tanning and Finishing,3161,31611,"Class not in Table A, B, C, or D"
All Other Food Manufacturing,3119,31199,"Class not in Table A, B, C, or D"
All Other Miscellaneous Food Manufacturing,3119,311999,"Class not in Table A, B, C, or D"
Coffee and Tea Manufacturing,3119,31192,"Class not in Table A, B, C, or D"
Flavoring Syrup and Concentrate Manufacturing,3119,31193,"Class not in Table A, B, C, or D"
"Mayonnaise, Dressing, and Other Prepared Sauce Manufacturing",3119,311941,"Class not in Table A, B, C, or D"
Other Snack Food Manufacturing,3119,311919,"Class not in Table A, B, C, or D"
Perishable Prepared Food Manufacturing,3119,311991,"Class not in Table A, B, C, or D"
Roasted Nuts and Peanut Butter Manufacturing,3119,311911,"Class not in Table A, B, C, or D"
Seasoning and Dressing Manufacturing,3119,31194,"Class not in Table A, B, C, or D"
Snack Food Manufacturing,3119,31191,"Class not in Table A, B, C, or D"
Spice and Extract Manufacturing,3119,311942,"Class not in Table A, B, C, or D"
All Other Leather Good Manufacturing,3169,316999,"Class not in Table A, B, C, or D"
Luggage Manufacturing,3169,316991,"Class not in Table A, B, C, or D"
Other Leather and Allied Product Manufacturing,3169,31699,"Class not in Table A, B, C, or D"
Personal Leather Good (except Women's Handbag and Purse) Manufacturing,3169,316993,"Class not in Table A, B, C, or D"
Women's Handbag and Purse Manufacturing,3169,316992,"Class not in Table A, B, C, or D"
All Other Miscellaneous Textile Product Mills,3149,314999,"Class not in Table A, B, C, or D"
All Other Textile Product Mills,3149,31499,"Class not in Table A, B, C, or D"
Canvas and Related Product Mills,3149,314912,"Class not in Table A, B, C, or D"
"Rope, Cordage, and Twine Mills",3149,314991,"Class not in Table A, B, C, or D"
Textile Bag and Canvas Mills,3149,31491,"Class not in Table A, B, C, or D"
Textile Bag Mills,3149,314911,"Class not in Table A, B, C, or D"
Tire Cord and Tire Fabric Mills,3149,314992,"Class not in Table A, B, C, or D"
Fresh and Frozen Seafood Processing,3117,311712,"Class not in Table A, B, C, or D"
Seafood Canning,3117,311711,"Class not in Table A, B, C, or D"
Seafood Product Preparation and Packaging,3117,31171,"Class not in Table A, B, C, or D"
Beet Sugar Manufacturing,3113,311313,"Class not in Table A, B, C, or D"
Cane Sugar Refining,3113,311312,"Class not in Table A, B, C, or D"
Chocolate and Confectionery Manufacturing from Cacao Beans,3113,31132,"Class not in Table A, B, C, or D"
Confectionery Manufacturing from Purchased Chocolate,3113,31133,"Class not in Table A, B, C, or D"
Nonchocolate Confectionery Manufacturing,3113,31134,"Class not in Table A, B, C, or D"
Sugar Manufacturing,3113,31131,"Class not in Table A, B, C, or D"
Sugarcane Mills,3113,311311,"Class not in Table A, B, C, or D"
Broadwoven Fabric Finishing Mills,3133,313311,"Class not in Table A, B, C, or D"
Fabric Coating Mills,3133,31332,"Class not in Table A, B, C, or D"
Textile and Fabric Finishing (except Broadwoven Fabric) Mills,3133,313312,"Class not in Table A, B, C, or D"
Textile and Fabric Finishing Mills,3133,31331,"Class not in Table A, B, C, or D"
Carpet and Rug Mills,3141,31411,"Class not in Table A, B, C, or D"
Curtain and Drapery Mills,3141,314121,"Class not in Table A, B, C, or D"
Curtain and Linen Mills,3141,31412,"Class not in Table A, B, C, or D"
Other Household Textile Product Mills,3141,314129,"Class not in Table A, B, C, or D"
Cigarette Manufacturing,3122,312221,"Class not in Table A, B, C, or D"
Other Tobacco Product Manufacturing,3122,312229,"Class not in Table A, B, C, or D"
Tobacco Product Manufacturing,3122,31222,"Class not in Table A, B, C, or D"
Tobacco Stemming and Redrying,3122,31221,"Class not in Table A, B, C, or D"
Aerospace Product and Parts Manufacturing,3364,33641,"Class not in Table A, B, C, or D"
Aircraft Engine and Engine Parts Manufacturing,3364,336412,"Class not in Table A, B, C, or D"
Aircraft Manufacturing,3364,336411,"Class not in Table A, B, C, or D"
Guided Missile and Space Vehicle Manufacturing,3364,336414,"Class not in Table A, B, C, or D"
Guided Missile and Space Vehicle Propulsion Unit and Propulsion Unit Parts Manufacturing,3364,336415,"Class not in Table A, B, C, or D"
Other Aircraft Parts and Auxiliary Equipment Manufacturing,3364,336413,"Class not in Table A, B, C, or D"
Other Guided Missile and Space Vehicle Parts and Auxiliary Equipment Manufacturing,3364,336419,"Class not in Table A, B, C, or D"
Agricultural Implement Manufacturing,3331,33311,"Class not in Table A, B, C, or D"
Construction Machinery Manufacturing,3331,33312,"Class not in Table A, B, C, or D"
Farm Machinery and Equipment Manufacturing,3331,333111,"Class not in Table A, B, C, or D"
Lawn and Garden Tractor and Home Lawn and Garden Equipment Manufacturing,3331,333112,"Class not in Table A, B, C, or D"
Mining and Oil and Gas Field Machinery Manufacturing,3331,33313,"Class not in Table A, B, C, or D"
Mining Machinery and Equipment Manufacturing,3331,333131,"Class not in Table A, B, C, or D"
Oil and Gas Field Machinery and Equipment Manufacturing,3331,333132,"Class not in Table A, B, C, or D"
Alumina and Aluminum Production and Processing,3313,33131,"Class not in Table A, B, C, or D"
Alumina Refining,3313,331311,"Class not in Table A, B, C, or D"
Aluminum Extruded Product Manufacturing,3313,331316,"Class not in Table A, B, C, or D"
"Aluminum Sheet, Plate, and Foil Manufacturing",3313,331315,"Class not in Table A, B, C, or D"
Other Aluminum Rolling and Drawing,3313,331319,"Class not in Table A, B, C, or D"
Primary Aluminum Production,3313,331312,"Class not in Table A, B, C, or D"
Secondary Smelting and Alloying of Aluminum,3313,331314,"Class not in Table A, B, C, or D"
Fabricated Structural Metal Manufacturing,3323,332312,"Class not in Table A, B, C, or D"
Metal Window and Door Manufacturing,3323,332321,"Class not in Table A, B, C, or D"
Ornamental and Architectural Metal Products Manufacturing,3323,33232,"Class not in Table A, B, C, or D"
Ornamental and Architectural Metal Work Manufacturing,3323,332323,"Class not in Table A, B, C, or D"
Plate Work and Fabricated Structural Product Manufacturing,3323,33231,"Class not in Table A, B, C, or D"
Plate Work Manufacturing,3323,332313,"Class not in Table A, B, C, or D"
Prefabricated Metal Building and Component Manufacturing,3323,332311,"Class not in Table A, B, C, or D"
Sheet Metal Work Manufacturing,3323,332322,"Class not in Table A, B, C, or D"
Audio and Video Equipment Manufacturing,3343,33431,"Class not in Table A, B, C, or D"
Metal Can Manufacturing,3324,332431,"Class not in Table A, B, C, or D"
"Metal Can, Box, and Other Metal Container (Light Gauge) Manufacturing",3324,33243,"Class not in Table A, B, C, or D"
Metal Tank (Heavy Gauge) Manufacturing,3324,33242,"Class not in Table A, B, C, or D"
Other Metal Container Manufacturing,3324,332439,"Class not in Table A, B, C, or D"
Power Boiler and Heat Exchanger Manufacturing,3324,33241,"Class not in Table A, B, C, or D"
"Coating, Engraving, Heat Treating, and Allied Activities",3328,33281,"Class not in Table A, B, C, or D"
"Electroplating, Plating, Polishing, Anodizing, and Coloring",3328,332813,"Class not in Table A, B, C, or D"
"Metal Coating, Engraving (except Jewelry and Silverware), and Allied Services to Manufacturers",3328,332812,"Class not in Table A, B, C, or D"
Metal Heat Treating,3328,332811,"Class not in Table A, B, C, or D"
Automatic Vending Machine Manufacturing,3333,333311,"Class not in Table A, B, C, or D"
Commercial and Service Industry Machinery Manufacturing,3333,33331,"Class not in Table A, B, C, or D"
"Commercial Laundry, Drycleaning, and Pressing Machine Manufacturing",3333,333312,"Class not in Table A, B, C, or D"
Office Machinery Manufacturing,3333,333313,"Class not in Table A, B, C, or D"
Optical Instrument and Lens Manufacturing,3333,333314,"Class not in Table A, B, C, or D"
Other Commercial and Service Industry Machinery Manufacturing,3333,333319,"Class not in Table A, B, C, or D"
Photographic and Photocopying Equipment Manufacturing,3333,333315,"Class not in Table A, B, C, or D"
Other Communications Equipment Manufacturing,3342,33429,"Class not in Table A, B, C, or D"
Radio and Television Broadcasting and Wireless Communications Equipment Manufacturing,3342,33422,"Class not in Table A, B, C, or D"
Telephone Apparatus Manufacturing,3342,33421,"Class not in Table A, B, C, or D"
Computer and Peripheral Equipment Manufacturing,3341,33411,"Class not in Table A, B, C, or D"
Computer Storage Device Manufacturing,3341,334112,"Class not in Table A, B, C, or D"
Computer Terminal Manufacturing,3341,334113,"Class not in Table A, B, C, or D"
Electronic Computer Manufacturing,3341,334111,"Class not in Table A, B, C, or D"
Other Computer Peripheral Equipment Manufacturing,3341,334119,"Class not in Table A, B, C, or D"
Cutlery and Flatware (except Precious) Manufacturing,3322,332211,"Class not in Table A, B, C, or D"
Cutlery and Handtool Manufacturing,3322,33221,"Class not in Table A, B, C, or D"
Hand and Edge Tool Manufacturing,3322,332212,"Class not in Table A, B, C, or D"
"Kitchen Utensil, Pot, and Pan Manufacturing",3322,332214,"Class not in Table A, B, C, or D"
Saw Blade and Handsaw Manufacturing,3322,332213,"Class not in Table A, B, C, or D"
"Commercial, Industrial, and Institutional Electric Lighting Fixture Manufacturing",3351,335122,"Class not in Table A, B, C, or D"
Electric Lamp Bulb and Part Manufacturing,3351,33511,"Class not in Table A, B, C, or D"
Lighting Fixture Manufacturing,3351,33512,"Class not in Table A, B, C, or D"
Other Lighting Equipment Manufacturing,3351,335129,"Class not in Table A, B, C, or D"
Residential Electric Lighting Fixture Manufacturing,3351,335121,"Class not in Table A, B, C, or D"
Electrical Equipment Manufacturing,3353,33531,"Class not in Table A, B, C, or D"
Motor and Generator Manufacturing,3353,335312,"Class not in Table A, B, C, or D"
"Power, Distribution, and Specialty Transformer Manufacturing",3353,335311,"Class not in Table A, B, C, or D"
Relay and Industrial Control Manufacturing,3353,335314,"Class not in Table A, B, C, or D"
Switchgear and Switchboard Apparatus Manufacturing,3353,335313,"Class not in Table A, B, C, or D"
"Engine, Turbine, and Power Transmission Equipment Manufacturing",3336,33361,"Class not in Table A, B, C, or D"
Mechanical Power Transmission Equipment Manufacturing,3336,333613,"Class not in Table A, B, C, or D"
Other Engine Equipment Manufacturing,3336,333618,"Class not in Table A, B, C, or D"
"Speed Changer, Industrial High-Speed Drive, and Gear Manufacturing",3336,333612,"Class not in Table A, B, C, or D"
Turbine and Turbine Generator Set Units Manufacturing,3336,333611,"Class not in Table A, B, C, or D"
Crown and Closure Manufacturing,3321,332115,"Class not in Table A, B, C, or D"
Custom Roll Forming,3321,332114,"Class not in Table A, B, C, or D"
Forging and Stamping,3321,33211,"Class not in Table A, B, C, or D"
Iron and Steel Forging,3321,332111,"Class not in Table A, B, C, or D"
Metal Stamping,3321,332116,"Class not in Table A, B, C, or D"
Nonferrous Forging,3321,332112,"Class not in Table A, B, C, or D"
Powder Metallurgy Part Manufacturing,3321,332117,"Class not in Table A, B, C, or D"
Aluminum Die-Casting Foundries,3315,331521,"Class not in Table A, B, C, or D"
Aluminum Foundries (except Die-Casting),3315,331524,"Class not in Table A, B, C, or D"
Copper Foundries (except Die-Casting),3315,331525,"Class not in Table A, B, C, or D"
Ferrous Metal Foundries,3315,33151,"Class not in Table A, B, C, or D"
Iron Foundries,3315,331511,"Class not in Table A, B, C, or D"
Nonferrous (except Aluminum) Die-Casting Foundries,3315,331522,"Class not in Table A, B, C, or D"
Nonferrous Metal Foundries,3315,33152,"Class not in Table A, B, C, or D"
Other Nonferrous Foundries (except Die-Casting),3315,331528,"Class not in Table A, B, C, or D"
Steel Foundries (except Investment),3315,331513,"Class not in Table A, B, C, or D"
Steel Investment Foundries,3315,331512,"Class not in Table A, B, C, or D"
Hardware Manufacturing,3325,33251,"Class not in Table A, B, C, or D"
Household and Institutional Furniture Manufacturing,3371,33712,"Class not in Table A, B, C, or D"
Household Furniture (except Wood and Metal) Manufacturing,3371,337125,"Class not in Table A, B, C, or D"
Institutional Furniture Manufacturing,3371,337127,"Class not in Table A, B, C, or D"
Metal Household Furniture Manufacturing,3371,337124,"Class not in Table A, B, C, or D"
Nonupholstered Wood Household Furniture Manufacturing,3371,337122,"Class not in Table A, B, C, or D"
Upholstered Household Furniture Manufacturing,3371,337121,"Class not in Table A, B, C, or D"
Wood Kitchen Cabinet and Countertop Manufacturing,3371,33711,"Class not in Table A, B, C, or D"
"Wood Television, Radio, and Sewing Machine Cabinet Manufacturing",3371,337129,"Class not in Table A, B, C, or D"
Electric Housewares and Household Fan Manufacturing,3352,335211,"Class not in Table A, B, C, or D"
Household Cooking Appliance Manufacturing,3352,335221,"Class not in Table A, B, C, or D"
Household Laundry Equipment Manufacturing,3352,335224,"Class not in Table A, B, C, or D"
Household Refrigerator and Home Freezer Manufacturing,3352,335222,"Class not in Table A, B, C, or D"
Household Vacuum Cleaner Manufacturing,3352,335212,"Class not in Table A, B, C, or D"
Major Appliance Manufacturing,3352,33522,"Class not in Table A, B, C, or D"
Other Major Household Appliance Manufacturing,3352,335228,"Class not in Table A, B, C, or D"
Small Electrical Appliance Manufacturing,3352,33521,"Class not in Table A, B, C, or D"
All Other Industrial Machinery Manufacturing,3332,333298,"Class not in Table A, B, C, or D"
Food Product Machinery Manufacturing,3332,333294,"Class not in Table A, B, C, or D"
Other Industrial Machinery Manufacturing,3332,33329,"Class not in Table A, B, C, or D"
Paper Industry Machinery Manufacturing,3332,333291,"Class not in Table A, B, C, or D"
Plastics and Rubber Industry Machinery Manufacturing,3332,33322,"Class not in Table A, B, C, or D"
Printing Machinery and Equipment Manufacturing,3332,333293,"Class not in Table A, B, C, or D"
Sawmill and Woodworking Machinery Manufacturing,3332,33321,"Class not in Table A, B, C, or D"
Semiconductor Machinery Manufacturing,3332,333295,"Class not in Table A, B, C, or D"
Textile Machinery Manufacturing,3332,333292,"Class not in Table A, B, C, or D"
Electrometallurgical Ferroalloy Product Manufacturing,3311,331112,"Class not in Table A, B, C, or D"
Iron and Steel Mills,3311,331111,"Class not in Table A, B, C, or D"
Iron and Steel Mills and Ferroalloy Manufacturing,3311,33111,"Class not in Table A, B, C, or D"
"Bolt, Nut, Screw, Rivet, and Washer Manufacturing",3327,332722,"Class not in Table A, B, C, or D"
Machine Shops,3327,33271,"Class not in Table A, B, C, or D"
Precision Turned Product Manufacturing,3327,332721,"Class not in Table A, B, C, or D"
"Turned Product and Screw, Nut, and Bolt Manufacturing",3327,33272,"Class not in Table A, B, C, or D"
Magnetic and Optical Recording Media Manufacturing,3346,334613,"Class not in Table A, B, C, or D"
Manufacturing and Reproducing Magnetic and Optical Media,3346,33461,"Class not in Table A, B, C, or D"
"Prerecorded Compact Disc (except Software), Tape, and Record Reproducing",3346,334612,"Class not in Table A, B, C, or D"
Software Reproducing,3346,334611,"Class not in Table A, B, C, or D"
Dental Equipment and Supplies Manufacturing,3391,339114,"Class not in Table A, B, C, or D"
Dental Laboratories,3391,339116,"Class not in Table A, B, C, or D"
Laboratory Apparatus and Furniture Manufacturing,3391,339111,"Class not in Table A, B, C, or D"
Medical Equipment and Supplies Manufacturing,3391,33911,"Class not in Table A, B, C, or D"
Ophthalmic Goods Manufacturing,3391,339115,"Class not in Table A, B, C, or D"
Surgical and Medical Instrument Manufacturing,3391,339112,"Class not in Table A, B, C, or D"
Surgical Appliance and Supplies Manufacturing,3391,339113,"Class not in Table A, B, C, or D"
Cutting Tool and Machine Tool Accessory Manufacturing,3335,333515,"Class not in Table A, B, C, or D"
Industrial Mold Manufacturing,3335,333511,"Class not in Table A, B, C, or D"
Machine Tool (Metal Cutting Types) Manufacturing,3335,333512,"Class not in Table A, B, C, or D"
Machine Tool (Metal Forming Types) Manufacturing,3335,333513,"Class not in Table A, B, C, or D"
Metalworking Machinery Manufacturing,3335,33351,"Class not in Table A, B, C, or D"
Other Metalworking Machinery Manufacturing,3335,333518,"Class not in Table A, B, C, or D"
Rolling Mill Machinery and Equipment Manufacturing,3335,333516,"Class not in Table A, B, C, or D"
"Special Die and Tool, Die Set, Jig, and Fixture Manufacturing",3335,333514,"Class not in Table A, B, C, or D"
Automobile and Light Duty Motor Vehicle Manufacturing,3361,33611,"Class not in Table A, B, C, or D"
Automobile Manufacturing,3361,336111,"Class not in Table A, B, C, or D"
Heavy Duty Truck Manufacturing,3361,33612,"Class not in Table A, B, C, or D"
Light Truck and Utility Vehicle Manufacturing,3361,336112,"Class not in Table A, B, C, or D"
All Other Motor Vehicle Parts Manufacturing,3363,336399,"Class not in Table A, B, C, or D"
"Carburetor, Piston, Piston Ring, and Valve Manufacturing",3363,336311,"Class not in Table A, B, C, or D"
Gasoline Engine and Engine Parts Manufacturing,3363,336312,"Class not in Table A, B, C, or D"
Motor Vehicle Air-Conditioning Manufacturing,3363,336391,"Class not in Table A, B, C, or D"
Motor Vehicle Brake System Manufacturing,3363,33634,"Class not in Table A, B, C, or D"
Motor Vehicle Electrical and Electronic Equipment Manufacturing,3363,33632,"Class not in Table A, B, C, or D"
Motor Vehicle Gasoline Engine and Engine Parts Manufacturing,3363,33631,"Class not in Table A, B, C, or D"
Motor Vehicle Metal Stamping,3363,33637,"Class not in Table A, B, C, or D"
Motor Vehicle Seating and Interior Trim Manufacturing,3363,33636,"Class not in Table A, B, C, or D"
Motor Vehicle Steering and Suspension Components (except Spring) Manufacturing,3363,33633,"Class not in Table A, B, C, or D"
Motor Vehicle Transmission and Power Train Parts Manufacturing,3363,33635,"Class not in Table A, B, C, or D"
Other Motor Vehicle Electrical and Electronic Equipment Manufacturing,3363,336322,"Class not in Table A, B, C, or D"
Other Motor Vehicle Parts Manufacturing,3363,33639,"Class not in Table A, B, C, or D"
Vehicular Lighting Equipment Manufacturing,3363,336321,"Class not in Table A, B, C, or D"
Analytical Laboratory Instrument Manufacturing,3345,334516,"Class not in Table A, B, C, or D"
"Automatic Environmental Control Manufacturing for Residential, Commercial, and Appliance Use",3345,334512,"Class not in Table A, B, C, or D"
Electromedical and Electrotherapeutic Apparatus Manufacturing,3345,334510,"Class not in Table A, B, C, or D"
Instrument Manufacturing for Measuring and Testing Electricity and Electrical Signals,3345,334515,"Class not in Table A, B, C, or D"
"Instruments and Related Products Manufacturing for Measuring, Displaying, and Controlling Industrial Process Variables",3345,334513,"Class not in Table A, B, C, or D"
Irradiation Apparatus Manufacturing,3345,334517,"Class not in Table A, B, C, or D"
"Navigational, Measuring, Electromedical, and Control Instruments Manufacturing",3345,33451,"Class not in Table A, B, C, or D"
Other Measuring and Controlling Device Manufacturing,3345,334519,"Class not in Table A, B, C, or D"
"Search, Detection, Navigation, Guidance, Aeronautical, and Nautical System and Instrument Manufacturing",3345,334511,"Class not in Table A, B, C, or D"
Totalizing Fluid Meter and Counting Device Manufacturing,3345,334514,"Class not in Table A, B, C, or D"
"Watch, Clock, and Part Manufacturing",3345,334518,"Class not in Table A, B, C, or D"
"Copper Rolling, Drawing, and Extruding",3314,331421,"Class not in Table A, B, C, or D"
"Copper Rolling, Drawing, Extruding, and Alloying",3314,33142,"Class not in Table A, B, C, or D"
Copper Wire (except Mechanical) Drawing,3314,331422,"Class not in Table A, B, C, or D"
Nonferrous Metal (except Aluminum) Smelting and Refining,3314,33141,"Class not in Table A, B, C, or D"
"Nonferrous Metal (except Copper and Aluminum) Rolling, Drawing, and Extruding",3314,331491,"Class not in Table A, B, C, or D"
"Nonferrous Metal (except Copper and Aluminum) Rolling, Drawing, Extruding, and Alloying",3314,33149,"Class not in Table A, B, C, or D"
Primary Smelting and Refining of Copper,3314,331411,"Class not in Table A, B, C, or D"
Primary Smelting and Refining of Nonferrous Metal (except Copper and Aluminum),3314,331419,"Class not in Table A, B, C, or D"
"Secondary Smelting, Refining, and Alloying of Copper",3314,331423,"Class not in Table A, B, C, or D"
"Secondary Smelting, Refining, and Alloying of Nonferrous Metal (except Copper and Aluminum)",3314,331492,"Class not in Table A, B, C, or D"
Custom Architectural Woodwork and Millwork Manufacturing,3372,337212,"Class not in Table A, B, C, or D"
Office Furniture (except Wood) Manufacturing,3372,337214,"Class not in Table A, B, C, or D"
Office Furniture (including Fixtures) Manufacturing,3372,33721,"Class not in Table A, B, C, or D"
"Showcase, Partition, Shelving, and Locker Manufacturing",3372,337215,"Class not in Table A, B, C, or D"
Wood Office Furniture Manufacturing,3372,337211,"Class not in Table A, B, C, or D"
All Other Electrical Equipment and Component Manufacturing,3359,33599,"Class not in Table A, B, C, or D"
All Other Miscellaneous Electrical Equipment and Component Manufacturing,3359,335999,"Class not in Table A, B, C, or D"
Battery Manufacturing,3359,33591,"Class not in Table A, B, C, or D"
Carbon and Graphite Product Manufacturing,3359,335991,"Class not in Table A, B, C, or D"
Communication and Energy Wire and Cable Manufacturing,3359,33592,"Class not in Table A, B, C, or D"
Current-Carrying Wiring Device Manufacturing,3359,335931,"Class not in Table A, B, C, or D"
Fiber Optic Cable Manufacturing,3359,335921,"Class not in Table A, B, C, or D"
Noncurrent-Carrying Wiring Device Manufacturing,3359,335932,"Class not in Table A, B, C, or D"
Other Communication and Energy Wire Manufacturing,3359,335929,"Class not in Table A, B, C, or D"
Primary Battery Manufacturing,3359,335912,"Class not in Table A, B, C, or D"
Storage Battery Manufacturing,3359,335911,"Class not in Table A, B, C, or D"
Wiring Device Manufacturing,3359,33593,"Class not in Table A, B, C, or D"
All Other Fabricated Metal Product Manufacturing,3329,33299,"Class not in Table A, B, C, or D"
All Other Miscellaneous Fabricated Metal Product Manufacturing,3329,332999,"Class not in Table A, B, C, or D"
Ammunition (except Small Arms) Manufacturing,3329,332993,"Class not in Table A, B, C, or D"
Ball and Roller Bearing Manufacturing,3329,332991,"Class not in Table A, B, C, or D"
Enameled Iron and Metal Sanitary Ware Manufacturing,3329,332998,"Class not in Table A, B, C, or D"
Fabricated Pipe and Pipe Fitting Manufacturing,3329,332996,"Class not in Table A, B, C, or D"
Fluid Power Valve and Hose Fitting Manufacturing,3329,332912,"Class not in Table A, B, C, or D"
Industrial Pattern Manufacturing,3329,332997,"Class not in Table A, B, C, or D"
Industrial Valve Manufacturing,3329,332911,"Class not in Table A, B, C, or D"
Metal Valve Manufacturing,3329,33291,"Class not in Table A, B, C, or D"
Other Metal Valve and Pipe Fitting Manufacturing,3329,332919,"Class not in Table A, B, C, or D"
Other Ordnance and Accessories Manufacturing,3329,332995,"Class not in Table A, B, C, or D"
Plumbing Fixture Fitting and Trim Manufacturing,3329,332913,"Class not in Table A, B, C, or D"
Small Arms Ammunition Manufacturing,3329,332992,"Class not in Table A, B, C, or D"
Small Arms Manufacturing,3329,332994,"Class not in Table A, B, C, or D"
Blind and Shade Manufacturing,3379,33792,"Class not in Table A, B, C, or D"
Mattress Manufacturing,3379,33791,"Class not in Table A, B, C, or D"
Air and Gas Compressor Manufacturing,3339,333912,"Class not in Table A, B, C, or D"
All Other General Purpose Machinery Manufacturing,3339,33399,"Class not in Table A, B, C, or D"
All Other Miscellaneous General Purpose Machinery Manufacturing,3339,333999,"Class not in Table A, B, C, or D"
Conveyor and Conveying Equipment Manufacturing,3339,333922,"Class not in Table A, B, C, or D"
Elevator and Moving Stairway Manufacturing,3339,333921,"Class not in Table A, B, C, or D"
Fluid Power Cylinder and Actuator Manufacturing,3339,333995,"Class not in Table A, B, C, or D"
Fluid Power Pump and Motor Manufacturing,3339,333996,"Class not in Table A, B, C, or D"
Industrial Process Furnace and Oven Manufacturing,3339,333994,"Class not in Table A, B, C, or D"
"Industrial Truck, Tractor, Trailer, and Stacker Machinery Manufacturing",3339,333924,"Class not in Table A, B, C, or D"
Material Handling Equipment Manufacturing,3339,33392,"Class not in Table A, B, C, or D"
Measuring and Dispensing Pump Manufacturing,3339,333913,"Class not in Table A, B, C, or D"
"Overhead Traveling Crane, Hoist, and Monorail System Manufacturing",3339,333923,"Class not in Table A, B, C, or D"
Packaging Machinery Manufacturing,3339,333993,"Class not in Table A, B, C, or D"
Power-Driven Handtool Manufacturing,3339,333991,"Class not in Table A, B, C, or D"
Pump and Compressor Manufacturing,3339,33391,"Class not in Table A, B, C, or D"
Pump and Pumping Equipment Manufacturing,3339,333911,"Class not in Table A, B, C, or D"
Scale and Balance (except Laboratory) Manufacturing,3339,333997,"Class not in Table A, B, C, or D"
Welding and Soldering Equipment Manufacturing,3339,333992,"Class not in Table A, B, C, or D"
All Other Miscellaneous Manufacturing,3399,33999,"Class not in Table A, B, C, or D"
All Other Miscellaneous Manufacturing,3399,339999,"Class not in Table A, B, C, or D"
"Broom, Brush, and Mop Manufacturing",3399,339994,"Class not in Table A, B, C, or D"
Burial Casket Manufacturing,3399,339995,"Class not in Table A, B, C, or D"
Carbon Paper and Inked Ribbon Manufacturing,3399,339944,"Class not in Table A, B, C, or D"
Costume Jewelry and Novelty Manufacturing,3399,339914,"Class not in Table A, B, C, or D"
Doll and Stuffed Toy Manufacturing,3399,339931,"Class not in Table A, B, C, or D"
"Doll, Toy, and Game Manufacturing",3399,33993,"Class not in Table A, B, C, or D"
"Fastener, Button, Needle, and Pin Manufacturing",3399,339993,"Class not in Table A, B, C, or D"
"Game, Toy, and Children's Vehicle Manufacturing",3399,339932,"Class not in Table A, B, C, or D"
"Gasket, Packing, and Sealing Device Manufacturing",3399,339991,"Class not in Table A, B, C, or D"
Jewelers' Material and Lapidary Work Manufacturing,3399,339913,"Class not in Table A, B, C, or D"
Jewelry (except Costume) Manufacturing,3399,339911,"Class not in Table A, B, C, or D"
Jewelry and Silverware Manufacturing,3399,33991,"Class not in Table A, B, C, or D"
Lead Pencil and Art Good Manufacturing,3399,339942,"Class not in Table A, B, C, or D"
Marking Device Manufacturing,3399,339943,"Class not in Table A, B, C, or D"
Musical Instrument Manufacturing,3399,339992,"Class not in Table A, B, C, or D"
Office Supplies (except Paper) Manufacturing,3399,33994,"Class not in Table A, B, C, or D"
Pen and Mechanical Pencil Manufacturing,3399,339941,"Class not in Table A, B, C, or D"
Sign Manufacturing,3399,33995,"Class not in Table A, B, C, or D"
Silverware and Hollowware Manufacturing,3399,339912,"Class not in Table A, B, C, or D"
Sporting and Athletic Goods Manufacturing,3399,33992,"Class not in Table A, B, C, or D"
All Other Transportation Equipment Manufacturing,3369,336999,"Class not in Table A, B, C, or D"
"Military Armored Vehicle, Tank, and Tank Component Manufacturing",3369,336992,Table B
"Motorcycle, Bicycle, and Parts Manufacturing",3369,336991,"Class not in Table A, B, C, or D"
Other Transportation Equipment Manufacturing,3369,33699,"Class not in Table A, B, C, or D"
Railroad Rolling Stock Manufacturing,3365,33651,"Class not in Table A, B, C, or D"
Bare Printed Circuit Board Manufacturing,3344,334412,"Class not in Table A, B, C, or D"
Electron Tube Manufacturing,3344,334411,"Class not in Table A, B, C, or D"
Electronic Capacitor Manufacturing,3344,334414,"Class not in Table A, B, C, or D"
"Electronic Coil, Transformer, and Other Inductor Manufacturing",3344,334416,"Class not in Table A, B, C, or D"
Electronic Connector Manufacturing,3344,334417,"Class not in Table A, B, C, or D"
Electronic Resistor Manufacturing,3344,334415,"Class not in Table A, B, C, or D"
Other Electronic Component Manufacturing,3344,334419,"Class not in Table A, B, C, or D"
Printed Circuit Assembly (Electronic Assembly) Manufacturing,3344,334418,"Class not in Table A, B, C, or D"
Semiconductor and Other Electronic Component Manufacturing,3344,33441,"Class not in Table A, B, C, or D"
Semiconductor and Related Device Manufacturing,3344,334413,"Class not in Table A, B, C, or D"
Boat Building,3366,336612,"Class not in Table A, B, C, or D"
Ship and Boat Building,3366,33661,"Class not in Table A, B, C, or D"
Ship Building and Repairing,3366,336611,"Class not in Table A, B, C, or D"
Other Fabricated Wire Product Manufacturing,3326,332618,"Class not in Table A, B, C, or D"
Spring (Heavy Gauge) Manufacturing,3326,332611,"Class not in Table A, B, C, or D"
Spring (Light Gauge) Manufacturing,3326,332612,"Class not in Table A, B, C, or D"
Spring and Wire Product Manufacturing,3326,33261,"Class not in Table A, B, C, or D"
Iron and Steel Pipe and Tube Manufacturing from Purchased Steel,3312,33121,"Class not in Table A, B, C, or D"
Rolled Steel Shape Manufacturing,3312,331221,"Class not in Table A, B, C, or D"
Rolling and Drawing of Purchased Steel,3312,33122,"Class not in Table A, B, C, or D"
Steel Wire Drawing,3312,331222,"Class not in Table A, B, C, or D"
Air Purification Equipment Manufacturing,3334,333411,"Class not in Table A, B, C, or D"
Air-Conditioning and Warm Air Heating Equipment and Commercial and Industrial Refrigeration Equipment Manufacturing,3334,333415,"Class not in Table A, B, C, or D"
Heating Equipment (except Warm Air Furnaces) Manufacturing,3334,333414,"Class not in Table A, B, C, or D"
Industrial and Commercial Fan and Blower Manufacturing,3334,333412,"Class not in Table A, B, C, or D"
"Ventilation, Heating, Air-Conditioning, and Commercial Refrigeration Equipment Manufacturing",3334,33341,"Class not in Table A, B, C, or D"
Alkalies and Chlorine Manufacturing,3251,325181,"Class not in Table A, B, C, or D"
All Other Basic Inorganic Chemical Manufacturing,3251,325188,"Class not in Table A, B, C, or D"
All Other Basic Organic Chemical Manufacturing,3251,325199,"Class not in Table A, B, C, or D"
Carbon Black Manufacturing,3251,325182,"Class not in Table A, B, C, or D"
Cyclic Crude and Intermediate Manufacturing,3251,325192,"Class not in Table A, B, C, or D"
Ethyl Alcohol Manufacturing,3251,325193,"Class not in Table A, B, C, or D"
Gum and Wood Chemical Manufacturing,3251,325191,"Class not in Table A, B, C, or D"
Industrial Gas Manufacturing,3251,32512,"Class not in Table A, B, C, or D"
Inorganic Dye and Pigment Manufacturing,3251,325131,"Class not in Table A, B, C, or D"
Other Basic Inorganic Chemical Manufacturing,3251,32518,"Class not in Table A, B, C, or D"
Other Basic Organic Chemical Manufacturing,3251,32519,"Class not in Table A, B, C, or D"
Petrochemical Manufacturing,3251,32511,"Class not in Table A, B, C, or D"
Synthetic Dye and Pigment Manufacturing,3251,32513,"Class not in Table A, B, C, or D"
Synthetic Organic Dye and Pigment Manufacturing,3251,325132,"Class not in Table A, B, C, or D"
Cement Manufacturing,3273,32731,"Class not in Table A, B, C, or D"
Concrete Block and Brick Manufacturing,3273,327331,"Class not in Table A, B, C, or D"
Concrete Pipe Manufacturing,3273,327332,"Class not in Table A, B, C, or D"
"Concrete Pipe, Brick, and Block Manufacturing",3273,32733,"Class not in Table A, B, C, or D"
Other Concrete Product Manufacturing,3273,32739,"Class not in Table A, B, C, or D"
Ready-Mix Concrete Manufacturing,3273,32732,"Class not in Table A, B, C, or D"
Brick and Structural Clay Tile Manufacturing,3271,327121,"Class not in Table A, B, C, or D"
Ceramic Wall and Floor Tile Manufacturing,3271,327122,"Class not in Table A, B, C, or D"
Clay Building Material and Refractories Manufacturing,3271,32712,"Class not in Table A, B, C, or D"
Clay Refractory Manufacturing,3271,327124,"Class not in Table A, B, C, or D"
Nonclay Refractory Manufacturing,3271,327125,"Class not in Table A, B, C, or D"
Other Structural Clay Product Manufacturing,3271,327123,"Class not in Table A, B, C, or D"
Porcelain Electrical Supply Manufacturing,3271,327113,"Class not in Table A, B, C, or D"
"Pottery, Ceramics, and Plumbing Fixture Manufacturing",3271,32711,"Class not in Table A, B, C, or D"
Vitreous China Plumbing Fixture and China and Earthenware Bathroom Accessories Manufacturing,3271,327111,"Class not in Table A, B, C, or D"
"Vitreous China, Fine Earthenware, and Other Pottery Product Manufacturing",3271,327112,"Class not in Table A, B, C, or D"
All Other Converted Paper Product Manufacturing,3222,322299,"Class not in Table A, B, C, or D"
Coated and Laminated Packaging Paper and Plastics Film Manufacturing,3222,322221,"Class not in Table A, B, C, or D"
Coated and Laminated Paper Manufacturing,3222,322222,"Class not in Table A, B, C, or D"
Corrugated and Solid Fiber Box Manufacturing,3222,322211,"Class not in Table A, B, C, or D"
Die-Cut Paper and Paperboard Office Supplies Manufacturing,3222,322231,"Class not in Table A, B, C, or D"
Envelope Manufacturing,3222,322232,"Class not in Table A, B, C, or D"
"Fiber Can, Tube, Drum, and Similar Products Manufacturing",3222,322214,"Class not in Table A, B, C, or D"
Folding Paperboard Box Manufacturing,3222,322212,"Class not in Table A, B, C, or D"
Laminated Aluminum Foil Manufacturing for Flexible Packaging Uses,3222,322225,"Class not in Table A, B, C, or D"
Nonfolding Sanitary Food Container Manufacturing,3222,322215,"Class not in Table A, B, C, or D"
Other Converted Paper Product Manufacturing,3222,32229,"Class not in Table A, B, C, or D"
Paper Bag and Coated and Treated Paper Manufacturing,3222,32222,"Class not in Table A, B, C, or D"
Paperboard Container Manufacturing,3222,32221,"Class not in Table A, B, C, or D"
"Plastics, Foil, and Coated Paper Bag Manufacturing",3222,322223,"Class not in Table A, B, C, or D"
Sanitary Paper Product Manufacturing,3222,322291,"Class not in Table A, B, C, or D"
Setup Paperboard Box Manufacturing,3222,322213,"Class not in Table A, B, C, or D"
Stationery Product Manufacturing,3222,32223,"Class not in Table A, B, C, or D"
"Stationery, Tablet, and Related Product Manufacturing",3222,322233,"Class not in Table A, B, C, or D"
Surface-Coated Paperboard Manufacturing,3222,322226,"Class not in Table A, B, C, or D"
Uncoated Paper and Multiwall Bag Manufacturing,3222,322224,"Class not in Table A, B, C, or D"
Flat Glass Manufacturing,3272,327211,"Class not in Table A, B, C, or D"
Glass and Glass Product Manufacturing,3272,32721,"Class not in Table A, B, C, or D"
Glass Container Manufacturing,3272,327213,"Class not in Table A, B, C, or D"
Glass Product Manufacturing Made of Purchased Glass,3272,327215,"Class not in Table A, B, C, or D"
Other Pressed and Blown Glass and Glassware Manufacturing,3272,327212,"Class not in Table A, B, C, or D"
Gypsum Product Manufacturing,3274,32742,"Class not in Table A, B, C, or D"
Lime Manufacturing,3274,32741,"Class not in Table A, B, C, or D"
All Other Chemical Product and Preparation Manufacturing,3259,32599,"Class not in Table A, B, C, or D"
All Other Miscellaneous Chemical Product and Preparation Manufacturing,3259,325998,"Class not in Table A, B, C, or D"
Custom Compounding of Purchased Resins,3259,325991,"Class not in Table A, B, C, or D"
Explosives Manufacturing,3259,32592,"Class not in Table A, B, C, or D"
"Photographic Film, Paper, Plate, and Chemical Manufacturing",3259,325992,"Class not in Table A, B, C, or D"
Printing Ink Manufacturing,3259,32591,"Class not in Table A, B, C, or D"
Abrasive Product Manufacturing,3279,32791,"Class not in Table A, B, C, or D"
All Other Miscellaneous Nonmetallic Mineral Product Manufacturing,3279,327999,"Class not in Table A, B, C, or D"
All Other Nonmetallic Mineral Product Manufacturing,3279,32799,"Class not in Table A, B, C, or D"
Cut Stone and Stone Product Manufacturing,3279,327991,"Class not in Table A, B, C, or D"
Ground or Treated Mineral and Earth Manufacturing,3279,327992,"Class not in Table A, B, C, or D"
Mineral Wool Manufacturing,3279,327993,"Class not in Table A, B, C, or D"
All Other Miscellaneous Wood Product Manufacturing,3219,321999,"Class not in Table A, B, C, or D"
All Other Wood Product Manufacturing,3219,32199,"Class not in Table A, B, C, or D"
"Cut Stock, Resawing Lumber, and Planing",3219,321912,"Class not in Table A, B, C, or D"
Manufactured Home (Mobile Home) Manufacturing,3219,321991,"Class not in Table A, B, C, or D"
Millwork,3219,32191,"Class not in Table A, B, C, or D"
Other Millwork (including Flooring),3219,321918,"Class not in Table A, B, C, or D"
Prefabricated Wood Building Manufacturing,3219,321992,"Class not in Table A, B, C, or D"
Wood Container and Pallet Manufacturing,3219,32192,"Class not in Table A, B, C, or D"
Wood Window and Door Manufacturing,3219,321911,"Class not in Table A, B, C, or D"
Adhesive Manufacturing,3255,32552,"Class not in Table A, B, C, or D"
Paint and Coating Manufacturing,3255,32551,"Class not in Table A, B, C, or D"
Fertilizer (Mixing Only) Manufacturing,3253,325314,"Class not in Table A, B, C, or D"
Fertilizer Manufacturing,3253,32531,"Class not in Table A, B, C, or D"
Nitrogenous Fertilizer Manufacturing,3253,325311,"Class not in Table A, B, C, or D"
Pesticide and Other Agricultural Chemical Manufacturing,3253,32532,"Class not in Table A, B, C, or D"
Phosphatic Fertilizer Manufacturing,3253,325312,"Class not in Table A, B, C, or D"
All Other Petroleum and Coal Products Manufacturing,3241,324199,"Class not in Table A, B, C, or D"
Asphalt Paving Mixture and Block Manufacturing,3241,324121,"Class not in Table A, B, C, or D"
"Asphalt Paving, Roofing, and Saturated Materials Manufacturing",3241,32412,"Class not in Table A, B, C, or D"
Asphalt Shingle and Coating Materials Manufacturing,3241,324122,"Class not in Table A, B, C, or D"
Other Petroleum and Coal Products Manufacturing,3241,32419,"Class not in Table A, B, C, or D"
Petroleum Lubricating Oil and Grease Manufacturing,3241,324191,"Class not in Table A, B, C, or D"
Petroleum Refineries,3241,32411,"Class not in Table A, B, C, or D"
Biological Product (except Diagnostic) Manufacturing,3254,325414,"Class not in Table A, B, C, or D"
In-Vitro Diagnostic Substance Manufacturing,3254,325413,"Class not in Table A, B, C, or D"
Medicinal and Botanical Manufacturing,3254,325411,"Class not in Table A, B, C, or D"
Pharmaceutical and Medicine Manufacturing,3254,32541,"Class not in Table A, B, C, or D"
Pharmaceutical Preparation Manufacturing,3254,325412,"Class not in Table A, B, C, or D"
All Other Plastics Product Manufacturing,3261,326199,"Class not in Table A, B, C, or D"
"Laminated Plastics Plate, Sheet (except Packaging), and Shape Manufacturing",3261,32613,"Class not in Table A, B, C, or D"
Other Plastics Product Manufacturing,3261,32619,"Class not in Table A, B, C, or D"
Plastics Bag Manufacturing,3261,326111,"Class not in Table A, B, C, or D"
Plastics Bottle Manufacturing,3261,32616,"Class not in Table A, B, C, or D"
Plastics Packaging Film and Sheet (including Laminated) Manufacturing,3261,326112,"Class not in Table A, B, C, or D"
Plastics Packaging Materials and Unlaminated Film and Sheet Manufacturing,3261,32611,"Class not in Table A, B, C, or D"
Plastics Pipe and Pipe Fitting Manufacturing,3261,326122,"Class not in Table A, B, C, or D"
"Plastics Pipe, Pipe Fitting, and Unlaminated Profile Shape Manufacturing",3261,32612,"Class not in Table A, B, C, or D"
Plastics Plumbing Fixture Manufacturing,3261,326191,"Class not in Table A, B, C, or D"
Polystyrene Foam Product Manufacturing,3261,32614,"Class not in Table A, B, C, or D"
Resilient Floor Covering Manufacturing,3261,326192,"Class not in Table A, B, C, or D"
Unlaminated Plastics Film and Sheet (except Packaging) Manufacturing,3261,326113,"Class not in Table A, B, C, or D"
Unlaminated Plastics Profile Shape Manufacturing,3261,326121,"Class not in Table A, B, C, or D"
Urethane and Other Foam Product (except Polystyrene) Manufacturing,3261,32615,"Class not in Table A, B, C, or D"
"Blankbook, Looseleaf Binders, and Devices Manufacturing",3231,323118,"Class not in Table A, B, C, or D"
Books Printing,3231,323117,"Class not in Table A, B, C, or D"
Commercial Flexographic Printing,3231,323112,"Class not in Table A, B, C, or D"
Commercial Gravure Printing,3231,323111,"Class not in Table A, B, C, or D"
Commercial Lithographic Printing,3231,323110,"Class not in Table A, B, C, or D"
Commercial Screen Printing,3231,323113,"Class not in Table A, B, C, or D"
Digital Printing,3231,323115,"Class not in Table A, B, C, or D"
Manifold Business Forms Printing,3231,323116,"Class not in Table A, B, C, or D"
Other Commercial Printing,3231,323119,"Class not in Table A, B, C, or D"
Prepress Services,3231,323122,"Class not in Table A, B, C, or D"
Printing,3231,32311,"Class not in Table A, B, C, or D"
Quick Printing,3231,323114,"Class not in Table A, B, C, or D"
Support Activities for Printing,3231,32312,"Class not in Table A, B, C, or D"
Tradebinding and Related Work,3231,323121,"Class not in Table A, B, C, or D"
Newsprint Mills,3221,322122,"Class not in Table A, B, C, or D"
Paper (except Newsprint) Mills,3221,322121,"Class not in Table A, B, C, or D"
Paper Mills,3221,32212,"Class not in Table A, B, C, or D"
Paperboard Mills,3221,32213,"Class not in Table A, B, C, or D"
Pulp Mills,3221,32211,"Class not in Table A, B, C, or D"
Artificial and Synthetic Fibers and Filaments Manufacturing,3252,32522,"Class not in Table A, B, C, or D"
Cellulosic Organic Fiber Manufacturing,3252,325221,"Class not in Table A, B, C, or D"
Noncellulosic Organic Fiber Manufacturing,3252,325222,"Class not in Table A, B, C, or D"
Plastics Material and Resin Manufacturing,3252,325211,"Class not in Table A, B, C, or D"
Resin and Synthetic Rubber Manufacturing,3252,32521,"Class not in Table A, B, C, or D"
Synthetic Rubber Manufacturing,3252,325212,"Class not in Table A, B, C, or D"
All Other Rubber Product Manufacturing,3262,326299,"Class not in Table A, B, C, or D"
Other Rubber Product Manufacturing,3262,32629,"Class not in Table A, B, C, or D"
Rubber and Plastics Hoses and Belting Manufacturing,3262,32622,"Class not in Table A, B, C, or D"
Rubber Product Manufacturing for Mechanical Use,3262,326291,"Class not in Table A, B, C, or D"
Tire Manufacturing,3262,32621,"Class not in Table A, B, C, or D"
Tire Manufacturing (except Retreading),3262,326211,"Class not in Table A, B, C, or D"
Tire Retreading,3262,326212,"Class not in Table A, B, C, or D"
Sawmills,3211,321113,"Class not in Table A, B, C, or D"
Sawmills and Wood Preservation,3211,32111,"Class not in Table A, B, C, or D"
Wood Preservation,3211,321114,"Class not in Table A, B, C, or D"
Polish and Other Sanitation Good Manufacturing,3256,325612,"Class not in Table A, B, C, or D"
Soap and Cleaning Compound Manufacturing,3256,32561,"Class not in Table A, B, C, or D"
Soap and Other Detergent Manufacturing,3256,325611,"Class not in Table A, B, C, or D"
Surface Active Agent Manufacturing,3256,325613,"Class not in Table A, B, C, or D"
Toilet Preparation Manufacturing,3256,32562,"Class not in Table A, B, C, or D"
Engineered Wood Member (except Truss) Manufacturing,3212,321213,"Class not in Table A, B, C, or D"
Hardwood Veneer and Plywood Manufacturing,3212,321211,"Class not in Table A, B, C, or D"
Reconstituted Wood Product Manufacturing,3212,321219,"Class not in Table A, B, C, or D"
Softwood Veneer and Plywood Manufacturing,3212,321212,"Class not in Table A, B, C, or D"
Truss Manufacturing,3212,321214,"Class not in Table A, B, C, or D"
"Veneer, Plywood, and Engineered Wood Product Manufacturing",3212,32121,"Class not in Table A, B, C, or D"
Anthracite Mining,2121,212113,"Class not in Table A, B, C, or D"
Bituminous Coal and Lignite Surface Mining,2121,212111,"Class not in Table A, B, C, or D"
Bituminous Coal Underground Mining,2121,212112,"Class not in Table A, B, C, or D"
Coal Mining,2121,21211,"Class not in Table A, B, C, or D"
All Other Metal Ore Mining,2122,212299,"Class not in Table A, B, C, or D"
Copper Ore and Nickel Ore Mining,2122,212234,"Class not in Table A, B, C, or D"
"Copper, Nickel, Lead, and Zinc Mining",2122,21223,"Class not in Table A, B, C, or D"
Gold Ore and Silver Ore Mining,2122,21222,"Class not in Table A, B, C, or D"
Gold Ore Mining,2122,212221,"Class not in Table A, B, C, or D"
Iron Ore Mining,2122,21221,"Class not in Table A, B, C, or D"
Lead Ore and Zinc Ore Mining,2122,212231,"Class not in Table A, B, C, or D"
Other Metal Ore Mining,2122,21229,"Class not in Table A, B, C, or D"
Silver Ore Mining,2122,212222,"Class not in Table A, B, C, or D"
Uranium-Radium-Vanadium Ore Mining,2122,212291,"Class not in Table A, B, C, or D"
All Other Nonmetallic Mineral Mining,2123,212399,"Class not in Table A, B, C, or D"
Clay and Ceramic and Refractory Minerals Mining,2123,212325,"Class not in Table A, B, C, or D"
Construction Sand and Gravel Mining,2123,212321,"Class not in Table A, B, C, or D"
Crushed and Broken Granite Mining and Quarrying,2123,212313,"Class not in Table A, B, C, or D"
Crushed and Broken Limestone Mining and Quarrying,2123,212312,"Class not in Table A, B, C, or D"
Dimension Stone Mining and Quarrying,2123,212311,"Class not in Table A, B, C, or D"
Industrial Sand Mining,2123,212322,"Class not in Table A, B, C, or D"
Kaolin and Ball Clay Mining,2123,212324,"Class not in Table A, B, C, or D"
Other Chemical and Fertilizer Mineral Mining,2123,212393,"Class not in Table A, B, C, or D"
Other Crushed and Broken Stone Mining and Quarrying,2123,212319,"Class not in Table A, B, C, or D"
Other Nonmetallic Mineral Mining and Quarrying,2123,21239,"Class not in Table A, B, C, or D"
Phosphate Rock Mining,2123,212392,"Class not in Table A, B, C, or D"
"Potash, Soda, and Borate Mineral Mining",2123,212391,"Class not in Table A, B, C, or D"
"Sand, Gravel, Clay, and Ceramic and Refractory Minerals Mining and Quarrying",2123,21232,"Class not in Table A, B, C, or D"
Stone Mining and Quarrying,2123,21231,"Class not in Table A, B, C, or D"
Crude Petroleum and Natural Gas Extraction,2111,211111,"Class not in Table A, B, C, or D"
Natural Gas Liquid Extraction,2111,211112,"Class not in Table A, B, C, or D"
Oil and Gas Extraction,2111,21111,"Class not in Table A, B, C, or D"
Drilling Oil and Gas Wells,2131,213111,"Class not in Table A, B, C, or D"
Support Activities for Coal Mining,2131,213113,"Class not in Table A, B, C, or D"
Support Activities for Metal Mining,2131,213114,"Class not in Table A, B, C, or D"
Support Activities for Mining,2131,21311,"Class not in Table A, B, C, or D"
Support Activities for Nonmetallic Minerals (except Fuels),2131,213115,"Class not in Table A, B, C, or D"
Support Activities for Oil and Gas Operations,2131,213112,"Class not in Table A, B, C, or D"
All Other Automotive Repair and Maintenance,8111,811198,"Class not in Table A, B, C, or D"
"Automotive Body, Paint, and Interior Repair and Maintenance",8111,811121,"Class not in Table A, B, C, or D"
"Automotive Body, Paint, Interior, and Glass Repair",8111,81112,"Class not in Table A, B, C, or D"
Automotive Exhaust System Repair,8111,811112,"Class not in Table A, B, C, or D"
Automotive Glass Replacement Shops,8111,811122,"Class not in Table A, B, C, or D"
Automotive Mechanical and Electrical Repair and Maintenance,8111,81111,"Class not in Table A, B, C, or D"
Automotive Oil Change and Lubrication Shops,8111,811191,"Class not in Table A, B, C, or D"
Automotive Transmission Repair,8111,811113,"Class not in Table A, B, C, or D"
Car Washes,8111,811192,"Class not in Table A, B, C, or D"
General Automotive Repair,8111,811111,"Class not in Table A, B, C, or D"
Other Automotive Mechanical and Electrical Repair and Maintenance,8111,811118,"Class not in Table A, B, C, or D"
Other Automotive Repair and Maintenance,8111,81119,"Class not in Table A, B, C, or D"
Business Associations,8139,81391,"Class not in Table A, B, C, or D"
Labor Unions and Similar Labor Organizations,8139,81393,"Class not in Table A, B, C, or D"
"Other Similar Organizations (except Business, Professional, Labor, and Political Organizations)",8139,81399,"Class not in Table A, B, C, or D"
Political Organizations,8139,81394,"Class not in Table A, B, C, or D"
Professional Organizations,8139,81392,"Class not in Table A, B, C, or D"
Civic and Social Organizations,8134,81341,"Class not in Table A, B, C, or D"
Commercial and Industrial Machinery and Equipment (except Automotive and Electronic) Repair and Maintenance,8113,81131,"Class not in Table A, B, C, or D"
Cemeteries and Crematories,8122,81222,"Class not in Table A, B, C, or D"
Funeral Homes and Funeral Services,8122,81221,"Class not in Table A, B, C, or D"
Coin-Operated Laundries and Drycleaners,8123,81231,"Class not in Table A, B, C, or D"
Drycleaning and Laundry Services (except Coin-Operated),8123,81232,"Class not in Table A, B, C, or D"
Industrial Launderers,8123,812332,"Class not in Table A, B, C, or D"
Linen and Uniform Supply,8123,81233,"Class not in Table A, B, C, or D"
Linen Supply,8123,812331,"Class not in Table A, B, C, or D"
Communication Equipment Repair and Maintenance,8112,811213,"Class not in Table A, B, C, or D"
Computer and Office Machine Repair and Maintenance,8112,811212,"Class not in Table A, B, C, or D"
Consumer Electronics Repair and Maintenance,8112,811211,"Class not in Table A, B, C, or D"
Electronic and Precision Equipment Repair and Maintenance,8112,81121,"Class not in Table A, B, C, or D"
Other Electronic and Precision Equipment Repair and Maintenance,8112,811219,"Class not in Table A, B, C, or D"
Grantmaking and Giving Services,8132,81321,"Class not in Table A, B, C, or D"
Grantmaking Foundations,8132,813211,"Class not in Table A, B, C, or D"
Other Grantmaking and Giving Services,8132,813219,"Class not in Table A, B, C, or D"
Voluntary Health Organizations,8132,813212,"Class not in Table A, B, C, or D"
All Other Personal Services,8129,81299,"Class not in Table A, B, C, or D"
One-Hour Photofinishing,8129,812922,"Class not in Table A, B, C, or D"
Parking Lots and Garages,8129,81293,"Class not in Table A, B, C, or D"
Pet Care (except Veterinary) Services,8129,81291,"Class not in Table A, B, C, or D"
Photofinishing,8129,81292,"Class not in Table A, B, C, or D"
Photofinishing Laboratories (except One-Hour),8129,812921,"Class not in Table A, B, C, or D"
Appliance Repair and Maintenance,8114,811412,"Class not in Table A, B, C, or D"
Footwear and Leather Goods Repair,8114,81143,"Class not in Table A, B, C, or D"
Home and Garden Equipment and Appliance Repair and Maintenance,8114,81141,"Class not in Table A, B, C, or D"
Home and Garden Equipment Repair and Maintenance,8114,811411,"Class not in Table A, B, C, or D"
Other Personal and Household Goods Repair and Maintenance,8114,81149,"Class not in Table A, B, C, or D"
Reupholstery and Furniture Repair,8114,81142,"Class not in Table A, B, C, or D"
Barber Shops,8121,812111,"Class not in Table A, B, C, or D"
Beauty Salons,8121,812112,"Class not in Table A, B, C, or D"
Diet and Weight Reducing Centers,8121,812191,"Class not in Table A, B, C, or D"
"Hair, Nail, and Skin Care Services",8121,81211,"Class not in Table A, B, C, or D"
Nail Salons,8121,812113,"Class not in Table A, B, C, or D"
Other Personal Care Services,8121,81219,"Class not in Table A, B, C, or D"
Other Personal Care Services,8121,812199,"Class not in Table A, B, C, or D"
Private Households,8141,81411,"Class not in Table A, B, C, or D"
Religious Organizations,8131,81311,Table B
"Environment, Conservation and Wildlife Organizations",8133,813312,"Class not in Table A, B, C, or D"
Human Rights Organizations,8133,813311,"Class not in Table A, B, C, or D"
Other Social Advocacy Organizations,8133,813319,"Class not in Table A, B, C, or D"
Social Advocacy Organizations,8133,81331,"Class not in Table A, B, C, or D"
Couriers,4921,49211,"Class not in Table A, B, C, or D"
Local Messengers and Local Delivery,4922,49221,"Class not in Table A, B, C, or D"
Postal Service,4911,49111,"Class not in Table A, B, C, or D"
Farm Product Warehousing and Storage,4931,49313,"Class not in Table A, B, C, or D"
General Warehousing and Storage,4931,49311,"Class not in Table A, B, C, or D"
Other Warehousing and Storage,4931,49319,"Class not in Table A, B, C, or D"
Refrigerated Warehousing and Storage,4931,49312,"Class not in Table A, B, C, or D"
"Accounting, Tax Preparation, Bookkeeping, and Payroll Services",5412,54121,"Class not in Table A, B, C, or D"
Offices of Certified Public Accountants,5412,541211,Table B
Other Accounting Services,5412,541219,"Class not in Table A, B, C, or D"
Payroll Services,5412,541214,"Class not in Table A, B, C, or D"
Tax Preparation Services,5412,541213,"Class not in Table A, B, C, or D"
Advertising Agencies,5418,54181,Table C
Advertising Material Distribution Services,5418,54187,"Class not in Table A, B, C, or D"
Direct Mail Advertising,5418,54186,"Class not in Table A, B, C, or D"
Display Advertising,5418,54185,"Class not in Table A, B, C, or D"
Media Buying Agencies,5418,54183,Table C
Media Representatives,5418,54184,Table C
Other Services Related to Advertising,5418,54189,"Class not in Table A, B, C, or D"
Public Relations Agencies,5418,54182,Table C
Architectural Services,5413,54131,"Class not in Table A, B, C, or D"
Building Inspection Services,5413,54135,"Class not in Table A, B, C, or D"
Drafting Services,5413,54134,"Class not in Table A, B, C, or D"
Engineering Services,5413,54133,"Class not in Table A, B, C, or D"
Geophysical Surveying and Mapping Services,5413,54136,"Class not in Table A, B, C, or D"
Landscape Architectural Services,5413,54132,"Class not in Table A, B, C, or D"
Surveying and Mapping (except Geophysical) Services,5413,54137,"Class not in Table A, B, C, or D"
Testing Laboratories,5413,54138,"Class not in Table A, B, C, or D"
Computer Facilities Management Services,5415,541513,"Class not in Table A, B, C, or D"
Computer Systems Design and Related Services,5415,54151,"Class not in Table A, B, C, or D"
Computer Systems Design Services,5415,541512,"Class not in Table A, B, C, or D"
Custom Computer Programming Services,5415,541511,"Class not in Table A, B, C, or D"
Other Computer Related Services,5415,541519,"Class not in Table A, B, C, or D"
All Other Legal Services,5411,541199,Table B
Offices of Lawyers,5411,54111,Table B
Offices of Notaries,5411,54112,"Class not in Table A, B, C, or D"
Other Legal Services,5411,54119,Table B
Title Abstract and Settlement Offices,5411,541191,"Class not in Table A, B, C, or D"
Administrative Management and General Management Consulting Services,5416,541611,"Class not in Table A, B, C, or D"
Environmental Consulting Services,5416,54162,"Class not in Table A, B, C, or D"
Human Resources and Executive Search Consulting Services,5416,541612,"Class not in Table A, B, C, or D"
Management Consulting Services,5416,54161,"Class not in Table A, B, C, or D"
Marketing Consulting Services,5416,541613,"Class not in Table A, B, C, or D"
Other Management Consulting Services,5416,541618,"Class not in Table A, B, C, or D"
Other Scientific and Technical Consulting Services,5416,54169,"Class not in Table A, B, C, or D"
"Process, Physical Distribution, and Logistics Consulting Services",5416,541614,"Class not in Table A, B, C, or D"
"All Other Professional, Scientific, and Technical Services",5419,54199,"Class not in Table A, B, C, or D"
Commercial Photography,5419,541922,"Class not in Table A, B, C, or D"
Marketing Research and Public Opinion Polling,5419,54191,Table A
Photographic Services,5419,54192,"Class not in Table A, B, C, or D"
"Photography Studios, Portrait",5419,541921,"Class not in Table A, B, C, or D"
Translation and Interpretation Services,5419,54193,"Class not in Table A, B, C, or D"
Veterinary Services,5419,54194,"Class not in Table A, B, C, or D"
"Research and Development in the Physical, Engineering, and Life Sciences",5417,54171,"Class not in Table A, B, C, or D"
Research and Development in the Social Sciences and Humanities,5417,54172,"Class not in Table A, B, C, or D"
Graphic Design Services,5414,54143,"Class not in Table A, B, C, or D"
Industrial Design Services,5414,54142,"Class not in Table A, B, C, or D"
Interior Design Services,5414,54141,"Class not in Table A, B, C, or D"
Other Specialized Design Services,5414,54149,"Class not in Table A, B, C, or D"
Administration of General Economic Programs,9261,92611,Table C
"Regulation and Administration of Communications, Electric, Gas, and Other Utilities",9261,92613,Table C
Regulation and Administration of Transportation Programs,9261,92612,Table C
Regulation of Agricultural Marketing and Commodities,9261,92614,Table C
"Regulation, Licensing, and Inspection of Miscellaneous Commercial Sectors",9261,92615,Table C
Administration of Air and Water Resource and Solid Waste Management Programs,9241,92411,Table C
Administration of Conservation Programs,9241,92412,Table C
Administration of Housing Programs,9251,92511,Table C
Administration of Urban Planning and Community and Rural Development,9251,92512,Table C
Administration of Education Programs,9231,92311,Table C
"Administration of Human Resource Programs (except Education, Public Health, and Veterans' Affairs Programs)",9231,92313,Table C
Administration of Public Health Programs,9231,92312,Table C
Administration of Veterans' Affairs,9231,92314,Table C
American Indian and Alaska Native Tribal Governments,9211,92115,Table C
"Executive and Legislative Offices, Combined",9211,92114,Table C
Executive Offices,9211,92111,Table C
Legislative Bodies,9211,92112,Table C
Other General Government Support,9211,92119,Table C
Public Finance Activities,9211,92113,Table C
Correctional Institutions,9221,92214,Table C
Courts,9221,92211,Table C
Fire Protection,9221,92216,Table C
Legal Counsel and Prosecution,9221,92213,Table C
"Other Justice, Public Order, and Safety Activities",9221,92219,Table C
Parole Offices and Probation Offices,9221,92215,Table C
Police Protection,9221,92212,Table C
International Affairs,9281,92812,Table C
National Security,9281,92811,Table C
Space Research and Technology,9271,92711,"Class not in Table A, B, C, or D"
Nonresidential Property Managers,5313,531312,Table C
Offices of Real Estate Appraisers,5313,53132,Table C
Other Activities Related to Real Estate,5313,53139,Table C
Real Estate Property Managers,5313,53131,Table C
Residential Property Managers,5313,531311,Table C
Passenger Car Leasing,5321,532112,Table B
Passenger Car Rental,5321,532111,Table B
Passenger Car Rental and Leasing,5321,53211,Table B
"Truck, Utility Trailer, and RV (Recreational Vehicle) Rental and Leasing",5321,53212,Table B
"Commercial Air, Rail, and Water Transportation Equipment Rental and Leasing",5324,532411,"Class not in Table A, B, C, or D"
"Construction, Mining, and Forestry Machinery and Equipment Rental and Leasing",5324,532412,"Class not in Table A, B, C, or D"
"Construction, Transportation, Mining, and Forestry Machinery and Equipment Rental and Leasing",5324,53241,"Class not in Table A, B, C, or D"
Office Machinery and Equipment Rental and Leasing,5324,53242,"Class not in Table A, B, C, or D"
Other Commercial and Industrial Machinery and Equipment Rental and Leasing,5324,53249,"Class not in Table A, B, C, or D"
All Other Consumer Goods Rental,5322,532299,"Class not in Table A, B, C, or D"
Consumer Electronics and Appliances Rental,5322,53221,Table C
Formal Wear and Costume Rental,5322,53222,Table C
Home Health Equipment Rental,5322,532291,"Class not in Table A, B, C, or D"
Other Consumer Goods Rental,5322,53229,"Class not in Table A, B, C, or D"
Recreational Goods Rental,5322,532292,"Class not in Table A, B, C, or D"
Video Tape and Disc Rental,5322,53223,Table C
General Rental Centers,5323,53231,"Class not in Table A, B, C, or D"
Lessors of Nonfinancial Intangible Assets (except Copyrighted Works),5331,53311,"Class not in Table A, B, C, or D"
Lessors of Miniwarehouses and Self-Storage Units,5311,53113,Table C
Lessors of Nonresidential Buildings (except Miniwarehouses),5311,53112,Table C
Lessors of Other Real Estate Property,5311,53119,Table C
Lessors of Residential Buildings and Dwellings,5311,53111,Table C
Offices of Real Estate Agents and Brokers,5312,53121,Table C
New Car Dealers,4411,44111,Table B
Used Car Dealers,4411,44112,Table B
Automotive Parts and Accessories Stores,4413,44131,"Class not in Table A, B, C, or D"
Tire Dealers,4413,44132,"Class not in Table A, B, C, or D"
"Beer, Wine, and Liquor Stores",4453,44531,"Class not in Table A, B, C, or D"
Book Stores,4512,451211,"Class not in Table A, B, C, or D"
Book Stores and News Dealers,4512,45121,"Class not in Table A, B, C, or D"
News Dealers and Newsstands,4512,451212,"Class not in Table A, B, C, or D"
"Prerecorded Tape, Compact Disc, and Record Stores",4512,45122,"Class not in Table A, B, C, or D"
Hardware Stores,4441,44413,"Class not in Table A, B, C, or D"
Home Centers,4441,44411,"Class not in Table A, B, C, or D"
Other Building Material Dealers,4441,44419,"Class not in Table A, B, C, or D"
Paint and Wallpaper Stores,4441,44412,"Class not in Table A, B, C, or D"
Children's and Infants' Clothing Stores,4481,44813,"Class not in Table A, B, C, or D"
Clothing Accessories Stores,4481,44815,"Class not in Table A, B, C, or D"
Family Clothing Stores,4481,44814,"Class not in Table A, B, C, or D"
Men's Clothing Stores,4481,44811,"Class not in Table A, B, C, or D"
Other Clothing Stores,4481,44819,"Class not in Table A, B, C, or D"
Women's Clothing Stores,4481,44812,"Class not in Table A, B, C, or D"
Department Stores,4521,45211,"Class not in Table A, B, C, or D"
Fuel Dealers,4543,45431,"Class not in Table A, B, C, or D"
Heating Oil Dealers,4543,454311,"Class not in Table A, B, C, or D"
Liquefied Petroleum Gas (Bottled Gas) Dealers,4543,454312,"Class not in Table A, B, C, or D"
Other Direct Selling Establishments,4543,45439,"Class not in Table A, B, C, or D"
Other Fuel Dealers,4543,454319,"Class not in Table A, B, C, or D"
Electronic Shopping and Mail-Order Houses,4541,45411,"Class not in Table A, B, C, or D"
"Appliance, Television, and Other Electronics Stores",4431,44311,"Class not in Table A, B, C, or D"
Camera and Photographic Supplies Stores,4431,44313,"Class not in Table A, B, C, or D"
Computer and Software Stores,4431,44312,"Class not in Table A, B, C, or D"
Household Appliance Stores,4431,443111,"Class not in Table A, B, C, or D"
"Radio, Television, and Other Electronics Stores",4431,443112,"Class not in Table A, B, C, or D"
Florists,4531,45311,"Class not in Table A, B, C, or D"
Furniture Stores,4421,44211,"Class not in Table A, B, C, or D"
Gasoline Stations with Convenience Stores,4471,44711,"Class not in Table A, B, C, or D"
Other Gasoline Stations,4471,44719,"Class not in Table A, B, C, or D"
Convenience Stores,4451,44512,"Class not in Table A, B, C, or D"
Supermarkets and Other Grocery (except Convenience) Stores,4451,44511,"Class not in Table A, B, C, or D"
All Other Health and Personal Care Stores,4461,446199,"Class not in Table A, B, C, or D"
"Cosmetics, Beauty Supplies, and Perfume Stores",4461,44612,"Class not in Table A, B, C, or D"
Food (Health) Supplement Stores,4461,446191,"Class not in Table A, B, C, or D"
Optical Goods Stores,4461,44613,"Class not in Table A, B, C, or D"
Other Health and Personal Care Stores,4461,44619,"Class not in Table A, B, C, or D"
Pharmacies and Drug Stores,4461,44611,"Class not in Table A, B, C, or D"
All Other Home Furnishings Stores,4422,442299,"Class not in Table A, B, C, or D"
Floor Covering Stores,4422,44221,"Class not in Table A, B, C, or D"
Other Home Furnishings Stores,4422,44229,"Class not in Table A, B, C, or D"
Window Treatment Stores,4422,442291,"Class not in Table A, B, C, or D"
Jewelry Stores,4483,44831,"Class not in Table A, B, C, or D"
Luggage and Leather Goods Stores,4483,44832,"Class not in Table A, B, C, or D"
"Nursery, Garden Center, and Farm Supply Stores",4442,44422,"Class not in Table A, B, C, or D"
Outdoor Power Equipment Stores,4442,44421,"Class not in Table A, B, C, or D"
"Gift, Novelty, and Souvenir Stores",4532,45322,"Class not in Table A, B, C, or D"
Office Supplies and Stationery Stores,4532,45321,"Class not in Table A, B, C, or D"
All Other General Merchandise Stores,4529,45299,"Class not in Table A, B, C, or D"
Warehouse Clubs and Supercenters,4529,45291,"Class not in Table A, B, C, or D"
All Other Miscellaneous Store Retailers,4539,45399,"Class not in Table A, B, C, or D"
All Other Miscellaneous Store Retailers (except Tobacco Stores),4539,453998,"Class not in Table A, B, C, or D"
Art Dealers,4539,45392,"Class not in Table A, B, C, or D"
Manufactured (Mobile) Home Dealers,4539,45393,"Class not in Table A, B, C, or D"
Pet and Pet Supplies Stores,4539,45391,"Class not in Table A, B, C, or D"
Tobacco Stores,4539,453991,"Class not in Table A, B, C, or D"
All Other Motor Vehicle Dealers,4412,441229,Table B
Boat Dealers,4412,441222,"Class not in Table A, B, C, or D"
Motorcycle Dealers,4412,441221,"Class not in Table A, B, C, or D"
"Motorcycle, Boat, and Other Motor Vehicle Dealers",4412,44122,"Class not in Table A, B, C, or D"
Recreational Vehicle Dealers,4412,44121,Table B
Shoe Stores,4482,44821,"Class not in Table A, B, C, or D"
All Other Specialty Food Stores,4452,445299,"Class not in Table A, B, C, or D"
Baked Goods Stores,4452,445291,"Class not in Table A, B, C, or D"
Confectionery and Nut Stores,4452,445292,"Class not in Table A, B, C, or D"
Fish and Seafood Markets,4452,44522,"Class not in Table A, B, C, or D"
Fruit and Vegetable Markets,4452,44523,"Class not in Table A, B, C, or D"
Meat Markets,4452,44521,"Class not in Table A, B, C, or D"
Other Specialty Food Stores,4452,44529,"Class not in Table A, B, C, or D"
"Hobby, Toy, and Game Stores",4511,45112,"Class not in Table A, B, C, or D"
Musical Instrument and Supplies Stores,4511,45114,"Class not in Table A, B, C, or D"
"Sewing, Needlework, and Piece Goods Stores",4511,45113,"Class not in Table A, B, C, or D"
Sporting Goods Stores,4511,45111,"Class not in Table A, B, C, or D"
Used Merchandise Stores,4533,45331,"Class not in Table A, B, C, or D"
Vending Machine Operators,4542,45421,"Class not in Table A, B, C, or D"
Charter Bus Industry,4855,48551,"Class not in Table A, B, C, or D"
Coastal and Great Lakes Freight Transportation,4831,483113,"Class not in Table A, B, C, or D"
Coastal and Great Lakes Passenger Transportation,4831,483114,"Class not in Table A, B, C, or D"
Deep Sea Freight Transportation,4831,483111,"Class not in Table A, B, C, or D"
Deep Sea Passenger Transportation,4831,483112,"Class not in Table A, B, C, or D"
"Deep Sea, Coastal, and Great Lakes Water Transportation",4831,48311,"Class not in Table A, B, C, or D"
Freight Transportation Arrangement,4885,48851,"Class not in Table A, B, C, or D"
"General Freight Trucking, Local",4841,48411,"Class not in Table A, B, C, or D"
"General Freight Trucking, Long-Distance",4841,48412,"Class not in Table A, B, C, or D"
"General Freight Trucking, Long-Distance, Less Than Truckload",4841,484122,"Class not in Table A, B, C, or D"
"General Freight Trucking, Long-Distance, Truckload",4841,484121,"Class not in Table A, B, C, or D"
Inland Water Freight Transportation,4832,483211,"Class not in Table A, B, C, or D"
Inland Water Passenger Transportation,4832,483212,"Class not in Table A, B, C, or D"
Inland Water Transportation,4832,48321,"Class not in Table A, B, C, or D"
Interurban and Rural Bus Transportation,4852,48521,"Class not in Table A, B, C, or D"
Nonscheduled Air Transportation,4812,48121,"Class not in Table A, B, C, or D"
Nonscheduled Chartered Freight Air Transportation,4812,481212,"Class not in Table A, B, C, or D"
Nonscheduled Chartered Passenger Air Transportation,4812,481211,"Class not in Table A, B, C, or D"
Other Nonscheduled Air Transportation,4812,481219,"Class not in Table A, B, C, or D"
All Other Pipeline Transportation,4869,48699,"Class not in Table A, B, C, or D"
Pipeline Transportation of Refined Petroleum Products,4869,48691,"Class not in Table A, B, C, or D"
All Other Support Activities for Transportation,4889,488999,"Class not in Table A, B, C, or D"
Other Support Activities for Transportation,4889,48899,"Class not in Table A, B, C, or D"
Packing and Crating,4889,488991,"Class not in Table A, B, C, or D"
All Other Transit and Ground Passenger Transportation,4859,485999,"Class not in Table A, B, C, or D"
Other Transit and Ground Passenger Transportation,4859,48599,"Class not in Table A, B, C, or D"
Special Needs Transportation,4859,485991,"Class not in Table A, B, C, or D"
Pipeline Transportation of Crude Oil,4861,48611,"Class not in Table A, B, C, or D"
Pipeline Transportation of Natural Gas,4862,48621,"Class not in Table A, B, C, or D"
Line-Haul Railroads,4821,482111,"Class not in Table A, B, C, or D"
Rail Transportation,4821,48211,"Class not in Table A, B, C, or D"
Short Line Railroads,4821,482112,"Class not in Table A, B, C, or D"
"Scenic and Sightseeing Transportation, Land",4871,48711,"Class not in Table A, B, C, or D"
"Scenic and Sightseeing Transportation, Other",4879,48799,"Class not in Table A, B, C, or D"
"Scenic and Sightseeing Transportation, Water",4872,48721,"Class not in Table A, B, C, or D"
Scheduled Air Transportation,4811,48111,"Class not in Table A, B, C, or D"
Scheduled Freight Air Transportation,4811,481112,"Class not in Table A, B, C, or D"
Scheduled Passenger Air Transportation,4811,481111,"Class not in Table A, B, C, or D"
School and Employee Bus Transportation,4854,48541,"Class not in Table A, B, C, or D"
"Specialized Freight (except Used Goods) Trucking, Local",4842,48422,"Class not in Table A, B, C, or D"
"Specialized Freight (except Used Goods) Trucking, Long-Distance",4842,48423,"Class not in Table A, B, C, or D"
Used Household and Office Goods Moving,4842,48421,"Class not in Table A, B, C, or D"
Air Traffic Control,4881,488111,"Class not in Table A, B, C, or D"
Airport Operations,4881,48811,"Class not in Table A, B, C, or D"
Other Airport Operations,4881,488119,"Class not in Table A, B, C, or D"
Other Support Activities for Air Transportation,4881,48819,"Class not in Table A, B, C, or D"
Support Activities for Rail Transportation,4882,48821,"Class not in Table A, B, C, or D"
Motor Vehicle Towing,4884,48841,"Class not in Table A, B, C, or D"
Other Support Activities for Road Transportation,4884,48849,"Class not in Table A, B, C, or D"
Marine Cargo Handling,4883,48832,"Class not in Table A, B, C, or D"
Navigational Services to Shipping,4883,48833,"Class not in Table A, B, C, or D"
Other Support Activities for Water Transportation,4883,48839,"Class not in Table A, B, C, or D"
Port and Harbor Operations,4883,48831,"Class not in Table A, B, C, or D"
Limousine Service,4853,48532,"Class not in Table A, B, C, or D"
Taxi Service,4853,48531,"Class not in Table A, B, C, or D"
Bus and Other Motor Vehicle Transit Systems,4851,485113,"Class not in Table A, B, C, or D"
Commuter Rail Systems,4851,485112,"Class not in Table A, B, C, or D"
Mixed Mode Transit Systems,4851,485111,"Class not in Table A, B, C, or D"
Other Urban Transit Systems,4851,485119,"Class not in Table A, B, C, or D"
Urban Transit Systems,4851,48511,"Class not in Table A, B, C, or D"
Electric Bulk Power Transmission and Control,2211,221121,Table B
Electric Power Distribution,2211,221122,Table B
Electric Power Generation,2211,22111,Table B
"Electric Power Transmission, Control, and Distribution",2211,22112,Table B
Fossil Fuel Electric Power Generation,2211,221112,Table B
Hydroelectric Power Generation,2211,221111,Table B
Nuclear Electric Power Generation,2211,221113,Table B
Other Electric Power Generation,2211,221119,Table B
Natural Gas Distribution,2212,22121,Table B
Sewage Treatment Facilities,2213,22132,Table B
Steam and Air-Conditioning Supply,2213,22133,Table B
Water Supply and Irrigation Systems,2213,22131,Table B
Footwear Wholesalers,4223,42234,"Class not in Table A, B, C, or D"
Men's and Boys' Clothing and,4223,42232,"Class not in Table A, B, C, or D"
"Piece Goods, Notions, and Other Dry Goods Wholesalers",4223,42231,"Class not in Table A, B, C, or D"
"Women's, Children's, and Infants'",4223,42233,"Class not in Table A, B, C, or D"
Beer and Ale Wholesalers,4228,42281,"Class not in Table A, B, C, or D"
Wine and Distilled Alcoholic,4228,42282,"Class not in Table A, B, C, or D"
Other Chemical and Allied Products,4226,42269,"Class not in Table A, B, C, or D"
Plastics Materials and Basic Forms,4226,42261,"Class not in Table A, B, C, or D"
Drugs and Druggists' Sundries,4222,42221,"Class not in Table A, B, C, or D"
"Electrical Apparatus and Equipment, Wiring Supplies, and Construction Material Wholesalers",4216,42161,"Class not in Table A, B, C, or D"
"Electrical Appliance, Television,",4216,42162,"Class not in Table A, B, C, or D"
Other Electronic Parts and,4216,42169,"Class not in Table A, B, C, or D"
Grain and Field Bean Wholesalers,4225,42251,"Class not in Table A, B, C, or D"
Livestock Wholesalers,4225,42252,"Class not in Table A, B, C, or D"
Other Farm Product Raw Material,4225,42259,"Class not in Table A, B, C, or D"
Furniture Wholesalers,4212,42121,"Class not in Table A, B, C, or D"
Home Furnishing Wholesalers,4212,42122,"Class not in Table A, B, C, or D"
Confectionery Wholesalers,4224,42245,"Class not in Table A, B, C, or D"
Dairy Product (except Dried or,4224,42243,"Class not in Table A, B, C, or D"
Fish and Seafood Wholesalers,4224,42246,"Class not in Table A, B, C, or D"
Fresh Fruit and Vegetable,4224,42248,"Class not in Table A, B, C, or D"
General Line Grocery Wholesalers,4224,42241,"Class not in Table A, B, C, or D"
Meat and Meat Product Wholesalers,4224,42247,"Class not in Table A, B, C, or D"
Other Grocery and Related Products Wholesalers,4224,42249,"Class not in Table A, B, C, or D"
Packaged Frozen Food Wholesalers,4224,42242,"Class not in Table A, B, C, or D"
Poultry and Poultry Product,4224,42244,"Class not in Table A, B, C, or D"
Hardware Wholesalers,4217,42171,"Class not in Table A, B, C, or D"
Plumbing and Heating Equipment and Supplies (Hydronics) Wholesalers,4217,42172,"Class not in Table A, B, C, or D"
Refrigeration Equipment and,4217,42174,"Class not in Table A, B, C, or D"
Warm Air Heating and Air-Conditioning Equipment and,4217,42173,"Class not in Table A, B, C, or D"
"Brick, Stone, and Related Construction Material Wholesalers",4213,42132,"Class not in Table A, B, C, or D"
"Lumber, Plywood, Millwork, and Wood",4213,42131,"Class not in Table A, B, C, or D"
Other Construction Material,4213,42139,"Class not in Table A, B, C, or D"
"Roofing, Siding, and Insulation",4213,42133,"Class not in Table A, B, C, or D"
Construction and Mining (except Oil Well) Machinery and Equipment,4218,42181,"Class not in Table A, B, C, or D"
Farm and Garden Machinery and Equipment Wholesalers,4218,42182,"Class not in Table A, B, C, or D"
Industrial Machinery and Equipment,4218,42183,"Class not in Table A, B, C, or D"
Industrial Supplies Wholesalers,4218,42184,"Class not in Table A, B, C, or D"
Service Establishment Equipment and Supplies Wholesalers,4218,42185,"Class not in Table A, B, C, or D"
Transportation Equipment and Supplies (except Motor Vehicle),4218,42186,"Class not in Table A, B, C, or D"
Coal and Other Mineral and Ore,4215,42152,"Class not in Table A, B, C, or D"
Metal Service Centers and Offices,4215,42151,"Class not in Table A, B, C, or D"
"Jewelry, Watch, Precious Stone, and",4219,42194,"Class not in Table A, B, C, or D"
Other Miscellaneous Durable Goods,4219,42199,"Class not in Table A, B, C, or D"
Recyclable Material Wholesalers,4219,42193,"Class not in Table A, B, C, or D"
Sporting and Recreational Goods and,4219,42191,"Class not in Table A, B, C, or D"
Toy and Hobby Goods and Supplies,4219,42192,"Class not in Table A, B, C, or D"
"Book, Periodical, and Newspaper",4229,42292,"Class not in Table A, B, C, or D"
Farm Supplies Wholesalers,4229,42291,"Class not in Table A, B, C, or D"
"Flower, Nursery Stock, and Florists' Supplies Wholesalers",4229,42293,"Class not in Table A, B, C, or D"
Other Miscellaneous Nondurable,4229,42299,"Class not in Table A, B, C, or D"
"Paint, Varnish, and Supplies",4229,42295,"Class not in Table A, B, C, or D"
Tobacco and Tobacco Product,4229,42294,"Class not in Table A, B, C, or D"
Automobile and Other Motor Vehicle,4211,42111,"Class not in Table A, B, C, or D"
Motor Vehicle Parts (Used),4211,42114,"Class not in Table A, B, C, or D"
Motor Vehicle Supplies and New Parts Wholesalers,4211,42112,"Class not in Table A, B, C, or D"
Tire and Tube Wholesalers,4211,42113,"Class not in Table A, B, C, or D"
Industrial and Personal Service,4221,42213,"Class not in Table A, B, C, or D"
Printing and Writing Paper,4221,42211,"Class not in Table A, B, C, or D"
Stationery and Office Supplies Wholesalers,4221,42212,"Class not in Table A, B, C, or D"
Petroleum and Petroleum Products Wholesalers (except Bulk Stations,4227,42272,"Class not in Table A, B, C, or D"
Full-Service Restaurants (Franchise),0,0,Table A
Full-Service Restaurants (Non-Franchise),0,0,Table A
Petroleum Bulk Stations and Terminals,4227,42271,"Class not in Table A, B, C, or D"
Computer and Computer Peripheral Equipment and Software Wholesalers,4214,42143,"Class not in Table A, B, C, or D"
"Medical, Dental, and Hospital Equipment and Supplies Wholesalers",4214,42145,"Class not in Table A, B, C, or D"
Office Equipment Wholesalers,4214,42142,"Class not in Table A, B, C, or D"
Ophthalmic Goods Wholesalers,4214,42146,"Class not in Table A, B, C, or D"
Other Commercial Equipment,4214,42144,"Class not in Table A, B, C, or D"
Other Professional Equipment and Supplies Wholesalers,4214,42149,"Class not in Table A, B, C, or D"
Photographic Equipment and Supplies,4214,42141,"Class not in Table A, B, C, or D"
