Country,State Code,0,1,2,3,4,5,6,7,8,9,10,11,12,13,14,15,16,17,18,19,20,21,22,23,24,25,26,27,28,29,30,31,32,33,34,35,36,37,38,39,40,41,42,43,44,47,48,49,50,51,52,53,54
US,AK,0.0000000000000000000000000000000000,0.0000000000000000000000000000000000,0.0000000000000000000000000000000000,0.0000000000000000000000000000000000,0.0000000000000000000000000000000000,0.0000000000000000000000000000000000,0.0000000000000000000000000000000000,0.0000000000000000000000000000000000,0.0000000000000000000000000000000000,0.0000000000000000000000000000000000,0.0000000000000000000000000000000000,0.0000000000000000000000000000000000,0.0000000000000000000000000000000000,0.0000000000000000000000000000000000,0.0000000000000000000000000000000000,0.0000000000000000000000000000000000,0.0000000000000000000000000000000000,0.0000000000000000000000000000000000,0.0000000000000000000000000000000000,0.0000000000000000000000000000000000,0.0000000000000000000000000000000000,0.0000000000000000000000000000000000,0.0000000000000000000000000000000000,0.0000000000000000000000000000000000,0.0000000000000000000000000000000000,0.0000000000000000000000000000000000,0.0000000000000000000000000000000000,0.0000000000000000000000000000000000,0.0000000000000000000000000000000000,0.0000000000000000000000000000000000,0.0000000000000000000000000000000000,0.0000000000000000000000000000000000,0.0000000000000000000000000000000000,0.0000000000000000000000000000000000,0.0000000000000000000000000000000000,0.0000000000000000000000000000000000,0.0000000000000000000000000000000000,0.0000000000000000000000000000000000,0.0000000000000000000000000000000000,0.0000000000000000000000000000000000,0.0000000000000000000000000000000000,0.0000000000000000000000000000000000,0.0000000000000000000000000000000000,0.0000000000000000000000000000000000,0.0000000000000000000000000000000000,0.0000000000000000000000000000000000,0.0000000000000000000000000000000000,0.0000000000000000000000000000000000,0.0000000000000000000000000000000000,0.0000000000000000000000000000000000,0.0000000000000000000000000000000000,0.0000000000000000000000000000000000,0.0000000000000000000000000000000000
US,AL,0.7101795261473580000000000000000000,0.6984174083855650000000000000000000,1.2231818990983700000000000000000000,1.3217337301515700000000000000000000,1.2231818990983700000000000000000000,0.0416588285684538000000000000000000,0.0416588285684538000000000000000000,-0.1666617993823040000000000000000000,-0.1666617993823040000000000000000000,-0.1666617993823040000000000000000000,0.0416588285684538000000000000000000,-0.8722546814872080000000000000000000,-0.0836846131902849000000000000000000,-0.0836846131902849000000000000000000,-0.0836846131902849000000000000000000,-0.0836846131902849000000000000000000,-0.0836846131902849000000000000000000,-0.0836846131902849000000000000000000,-0.0836846131902849000000000000000000,-0.0836846131902849000000000000000000,6.0886418341009500000000000000000000,-0.0836846131902849000000000000000000,1.5433081521681000000000000000000000,-0.1666617993823040000000000000000000,-0.1666617993823040000000000000000000,-0.3392980791983980000000000000000000,-0.0836846131902849000000000000000000,-0.0836846131902849000000000000000000,-0.0836846131902849000000000000000000,-0.0836846131902849000000000000000000,-0.0836846131902849000000000000000000,-0.0836846131902849000000000000000000,-0.0836846131902849000000000000000000,-0.0836846131902849000000000000000000,-0.0836846131902849000000000000000000,-0.2211549076049080000000000000000000,-0.0836846131902849000000000000000000,-0.0000000000000001110223024625160000,-0.0836846131902849000000000000000000,1.0416322553687000000000000000000000,1.0416322553687000000000000000000000,1.0416322553687000000000000000000000,1.3466869211348100000000000000000000,1.0996503808877100000000000000000000,2.4298153506170300000000000000000000,1.6699821984700900000000000000000000,0.0416588285684538000000000000000000,-0.1666617993823040000000000000000000,-0.1666617993823040000000000000000000,1.3217337301515700000000000000000000,1.3217337301515700000000000000000000,-0.0000000000000001110223024625160000,-0.1666617993823040000000000000000000
US,AR,0.8415827025770450000000000000000000,0.8324958881989000000000000000000000,1.3951762554778100000000000000000000,1.4875815352463000000000000000000000,1.3951762554778100000000000000000000,0.0416670180333050000000000000000000,0.0416670180333050000000000000000000,-0.1666621881729180000000000000000000,-0.1666621881729180000000000000000000,-0.1666621881729180000000000000000000,0.0416670180333050000000000000000000,-0.8643691028257570000000000000000000,-0.0252042360556850000000000000000000,-0.0252042360556850000000000000000000,-0.0252042360556850000000000000000000,-0.0252042360556850000000000000000000,-0.0252042360556850000000000000000000,-0.0252042360556850000000000000000000,-0.0252042360556850000000000000000000,-0.0252042360556850000000000000000000,6.5690107362871300000000000000000000,-0.0252042360556850000000000000000000,1.7153491315644400000000000000000000,-0.1666621881729180000000000000000000,-0.1666621881729180000000000000000000,-0.2986151100018030000000000000000000,-0.0252042360556850000000000000000000,-0.0252042360556850000000000000000000,-0.0252042360556850000000000000000000,-0.0252042360556850000000000000000000,-0.0252042360556850000000000000000000,-0.0252042360556850000000000000000000,-0.0252042360556850000000000000000000,-0.0252042360556850000000000000000000,-0.0252042360556850000000000000000000,-0.1714181618836860000000000000000000,-0.0252042360556850000000000000000000,-0.0000000000000001110223024625160000,-0.0252042360556850000000000000000000,1.2007095523208100000000000000000000,1.2007095523208100000000000000000000,1.2007095523208100000000000000000000,1.5282416677893600000000000000000000,1.2621109593828400000000000000000000,2.6748432397348000000000000000000000,1.8607268686452200000000000000000000,0.0416670180333050000000000000000000,-0.1666621881729180000000000000000000,-0.1666621881729180000000000000000000,1.4875815352463000000000000000000000,1.4875815352463000000000000000000000,-0.0000000000000001110223024625160000,-0.1666621881729180000000000000000000
US,AZ,0.8886276100714580000000000000000000,0.9823082573173700000000000000000000,1.6001040005541400000000000000000000,1.7363354973251700000000000000000000,1.6001040005541400000000000000000000,0.0416672418112789000000000000000000,0.0416672418112789000000000000000000,-0.1666626070898080000000000000000000,-0.1666626070898080000000000000000000,-0.1666626070898080000000000000000000,0.0416672418112789000000000000000000,-0.8475542004541440000000000000000000,0.0905490308016761000000000000000000,0.0905490308016761000000000000000000,0.0905490308016761000000000000000000,0.0905490308016761000000000000000000,0.0905490308016761000000000000000000,0.0905490308016761000000000000000000,0.0905490308016761000000000000000000,0.0905490308016761000000000000000000,7.3366546365694600000000000000000000,0.0905490308016761000000000000000000,2.0121734011381600000000000000000000,-0.1666626070898080000000000000000000,-0.1666626070898080000000000000000000,-0.2113589362685690000000000000000000,0.0905490308016761000000000000000000,0.0905490308016761000000000000000000,0.0905490308016761000000000000000000,0.0905490308016761000000000000000000,0.0905490308016761000000000000000000,0.0905490308016761000000000000000000,0.0905490308016761000000000000000000,0.0905490308016761000000000000000000,0.0905490308016761000000000000000000,-0.0730299501649430000000000000000000,0.0905490308016761000000000000000000,0.0000000000000000000000000000000000,0.0905490308016761000000000000000000,1.3839582709785700000000000000000000,1.3839582709785700000000000000000000,1.3839582709785700000000000000000000,1.7445428341062500000000000000000000,1.4556469436835200000000000000000000,3.0423193770847600000000000000000000,2.1467979260895600000000000000000000,0.0416672418112789000000000000000000,-0.1666626070898080000000000000000000,-0.1666626070898080000000000000000000,1.7363354973251700000000000000000000,1.7363354973251700000000000000000000,0.0000000000000000000000000000000000,-0.1666626070898080000000000000000000
US,CA,1.0799251131829900000000000000000000,1.3645382481942300000000000000000000,1.9955641184465600000000000000000000,1.7363569519941400000000000000000000,1.9955641184465600000000000000000000,0.0416646837406276000000000000000000,0.0416646837406276000000000000000000,-0.1666578183297410000000000000000000,-0.1666578183297410000000000000000000,-0.1666578183297410000000000000000000,0.0416646837406276000000000000000000,-0.8847339064586890000000000000000000,-0.1182805110481040000000000000000000,-0.1182805110481040000000000000000000,-0.1182805110481040000000000000000000,-0.1182805110481040000000000000000000,-0.1182805110481040000000000000000000,-0.1182805110481040000000000000000000,-0.1182805110481040000000000000000000,-0.1182805110481040000000000000000000,6.9852665480628300000000000000000000,-0.1182805110481040000000000000000000,1.7230944168221100000000000000000000,-0.1666578183297410000000000000000000,-0.1666578183297410000000000000000000,-0.4071683574241680000000000000000000,-0.1182805110481040000000000000000000,-0.1182805110481040000000000000000000,-0.1182805110481040000000000000000000,-0.1182805110481040000000000000000000,-0.1182805110481040000000000000000000,-0.1182805110481040000000000000000000,-0.1182805110481040000000000000000000,-0.1182805110481040000000000000000000,-0.1182805110481040000000000000000000,-0.2505255993810850000000000000000000,-0.1182805110481040000000000000000000,0.0000000000000000000000000000000000,-0.1182805110481040000000000000000000,1.8425574333048400000000000000000000,1.8425574333048400000000000000000000,1.8425574333048400000000000000000000,2.1619523761056100000000000000000000,1.8291235597188700000000000000000000,3.0423600156362600000000000000000000,2.1468419323988100000000000000000000,0.0416646837406276000000000000000000,-0.1666578183297410000000000000000000,-0.1666578183297410000000000000000000,1.7363569519941400000000000000000000,1.7363569519941400000000000000000000,0.0000000000000000000000000000000000,-0.1666578183297410000000000000000000
US,CO,0.9459455355691240000000000000000000,1.0543217006667500000000000000000000,1.7169976769648500000000000000000000,1.9475188931423700000000000000000000,1.7169976769648500000000000000000000,0.0416677417262559000000000000000000,0.0416677417262559000000000000000000,-0.1666635429407730000000000000000000,-0.1666635429407730000000000000000000,-0.1666635429407730000000000000000000,0.0416677417262559000000000000000000,-0.8279175307535640000000000000000000,0.2189609772011640000000000000000000,0.2189609772011640000000000000000000,0.2189609772011640000000000000000000,0.2189609772011640000000000000000000,0.2189609772011640000000000000000000,0.2189609772011640000000000000000000,0.2189609772011640000000000000000000,0.2189609772011640000000000000000000,8.0317498949527500000000000000000000,0.2189609772011640000000000000000000,2.3058952401224800000000000000000000,-0.1666635429407730000000000000000000,-0.1666635429407730000000000000000000,-0.1090011164798730000000000000000000,0.2189609772011640000000000000000000,0.2189609772011640000000000000000000,0.2189609772011640000000000000000000,0.2189609772011640000000000000000000,0.2189609772011640000000000000000000,0.2189609772011640000000000000000000,0.2189609772011640000000000000000000,0.2189609772011640000000000000000000,0.2189609772011640000000000000000000,0.0361088826844977000000000000000000,0.2189609772011640000000000000000000,0.0000000000000000000000000000000000,0.2189609772011640000000000000000000,1.4687102108778600000000000000000000,1.4687102108778600000000000000000000,1.4687102108778600000000000000000000,1.8679380328707300000000000000000000,1.5660436649685600000000000000000000,3.3542927782524300000000000000000000,2.3896580896860700000000000000000000,0.0416677417262559000000000000000000,-0.1666635429407730000000000000000000,-0.1666635429407730000000000000000000,1.9475188931423700000000000000000000,1.9475188931423700000000000000000000,0.0000000000000000000000000000000000,-0.1666635429407730000000000000000000
US,CT,0.7172253935084400000000000000000000,0.8540275211829490000000000000000000,1.3586951575719400000000000000000000,1.1948320730131200000000000000000000,1.3586951575719400000000000000000000,0.0416429572971304000000000000000000,0.0416429572971304000000000000000000,-0.1666856426598970000000000000000000,-0.1666856426598970000000000000000000,-0.1666856426598970000000000000000000,0.0416429572971304000000000000000000,-0.9033875872170630000000000000000000,-0.2695133416302250000000000000000000,-0.2695133416302250000000000000000000,-0.2695133416302250000000000000000000,-0.2695133416302250000000000000000000,-0.2695133416302250000000000000000000,-0.2695133416302250000000000000000000,-0.2695133416302250000000000000000000,-0.2695133416302250000000000000000000,5.4837364343964400000000000000000000,-0.2695133416302250000000000000000000,1.2164095663560500000000000000000000,-0.1666856426598970000000000000000000,-0.1666856426598970000000000000000000,-0.5026407060669380000000000000000000,-0.2695133416302250000000000000000000,-0.2695133416302250000000000000000000,-0.2695133416302250000000000000000000,-0.2695133416302250000000000000000000,-0.2695133416302250000000000000000000,-0.2695133416302250000000000000000000,-0.2695133416302250000000000000000000,-0.2695133416302250000000000000000000,-0.2695133416302250000000000000000000,-0.3790778492457660000000000000000000,-0.2695133416302250000000000000000000,0.0000000000000000000000000000000000,-0.2695133416302250000000000000000000,1.2385968352097900000000000000000000,1.2385968352097900000000000000000000,1.2385968352097900000000000000000000,1.4897617515393600000000000000000000,1.2276842929592400000000000000000000,2.2423992423431900000000000000000000,1.5240742357543000000000000000000000,0.0416429572971304000000000000000000,-0.1666856426598970000000000000000000,-0.1666856426598970000000000000000000,1.1948320730131200000000000000000000,1.1948320730131200000000000000000000,0.0000000000000000000000000000000000,-0.1666856426598970000000000000000000
US,DC,0.1302421278021330000000000000000000,0.7900934281652400000000000000000000,1.2925519013255900000000000000000000,1.1948423710302000000000000000000000,1.2925519013255900000000000000000000,0.0416461551497109000000000000000000,0.0416461551497109000000000000000000,-0.1666830816105340000000000000000000,-0.1666830816105340000000000000000000,-0.1666830816105340000000000000000000,0.0416461551497109000000000000000000,-0.8971680784341600000000000000000000,-0.2345724120230290000000000000000000,-0.2345724120230290000000000000000000,-0.2345724120230290000000000000000000,-0.2345724120230290000000000000000000,-0.2345724120230290000000000000000000,-0.2345724120230290000000000000000000,-0.2345724120230290000000000000000000,-0.2345724120230290000000000000000000,5.5425578265037500000000000000000000,-0.2345724120230290000000000000000000,1.2647831527791000000000000000000000,-0.1666830816105340000000000000000000,-0.1666830816105340000000000000000000,-0.4698849197540130000000000000000000,-0.2345724120230290000000000000000000,-0.2345724120230290000000000000000000,-0.2345724120230290000000000000000000,-0.2345724120230290000000000000000000,-0.2345724120230290000000000000000000,-0.2345724120230290000000000000000000,-0.2345724120230290000000000000000000,-0.2345724120230290000000000000000000,-0.2345724120230290000000000000000000,-0.3493792186506080000000000000000000,-0.2345724120230290000000000000000000,0.0000000000000000000000000000000000,-0.2345724120230290000000000000000000,1.1543490218037700000000000000000000,1.1543490218037700000000000000000000,1.1543490218037700000000000000000000,1.4199397946265700000000000000000000,1.1652113927430600000000000000000000,2.2424099867587200000000000000000000,1.5240839129634100000000000000000000,0.0416461551497109000000000000000000,-0.1666830816105340000000000000000000,-0.1666830816105340000000000000000000,1.1948423710302000000000000000000000,1.1948423710302000000000000000000000,0.0000000000000000000000000000000000,-0.1666830816105340000000000000000000
US,DE,0.8278977233363660000000000000000000,0.7952285756538790000000000000000000,1.2978644874619100000000000000000000,1.1948415438997200000000000000000000,1.2978644874619100000000000000000000,0.0416458983001320000000000000000000,0.0416458983001320000000000000000000,-0.1666832873124600000000000000000000,-0.1666832873124600000000000000000000,-0.1666832873124600000000000000000000,0.0416458983001320000000000000000000,-0.8977466661184370000000000000000000,-0.2373792070443420000000000000000000,-0.2373792070443420000000000000000000,-0.2373792070443420000000000000000000,-0.2373792070443420000000000000000000,-0.2373792070443420000000000000000000,-0.2373792070443420000000000000000000,-0.2373792070443420000000000000000000,-0.2373792070443420000000000000000000,5.5378333280444700000000000000000000,-0.2373792070443420000000000000000000,1.2608978157216400000000000000000000,-0.1666832873124600000000000000000000,-0.1666832873124600000000000000000000,-0.4725168797044690000000000000000000,-0.2373792070443420000000000000000000,-0.2373792070443420000000000000000000,-0.2373792070443420000000000000000000,-0.2373792070443420000000000000000000,-0.2373792070443420000000000000000000,-0.2373792070443420000000000000000000,-0.2373792070443420000000000000000000,-0.2373792070443420000000000000000000,-0.2373792070443420000000000000000000,-0.3517649012881960000000000000000000,-0.2373792070443420000000000000000000,-0.0000000000000001110223024625160000,-0.2373792070443420000000000000000000,1.1581993462687800000000000000000000,1.1581993462687800000000000000000000,1.1581993462687800000000000000000000,1.4255478517643200000000000000000000,1.1702291781140600000000000000000000,2.2424091237737900000000000000000000,1.5240831356958600000000000000000000,0.0416458983001320000000000000000000,-0.1666832873124600000000000000000000,-0.1666832873124600000000000000000000,1.1948415438997200000000000000000000,1.1948415438997200000000000000000000,-0.0000000000000001110223024625160000,-0.1666832873124600000000000000000000
US,FL,0.5854616766787450000000000000000000,0.7048648358212830000000000000000000,1.1935231563417500000000000000000000,1.1407570602287500000000000000000000,1.1935231563417500000000000000000000,0.0416753837075936000000000000000000,0.0416753837075936000000000000000000,-0.1666686087392660000000000000000000,-0.1666686087392660000000000000000000,-0.1666686087392660000000000000000000,0.0416753837075936000000000000000000,-0.8957097750447800000000000000000000,-0.2309821462843030000000000000000000,-0.2309821462843030000000000000000000,-0.2309821462843030000000000000000000,-0.2309821462843030000000000000000000,-0.2309821462843030000000000000000000,-0.2309821462843030000000000000000000,-0.2309821462843030000000000000000000,-0.2309821462843030000000000000000000,5.4195257562486700000000000000000000,-0.2309821462843030000000000000000000,1.2400205854919200000000000000000000,-0.1666686087392660000000000000000000,-0.1666686087392660000000000000000000,-0.4619180700360690000000000000000000,-0.2309821462843030000000000000000000,-0.2309821462843030000000000000000000,-0.2309821462843030000000000000000000,-0.2309821462843030000000000000000000,-0.2309821462843030000000000000000000,-0.2309821462843030000000000000000000,-0.2309821462843030000000000000000000,-0.2309821462843030000000000000000000,-0.2309821462843030000000000000000000,-0.3463277316385360000000000000000000,-0.2309821462843030000000000000000000,0.0000000000000004440892098500630000,-0.2309821462843030000000000000000000,1.0534047294538800000000000000000000,1.0534047294538800000000000000000000,1.0534047294538800000000000000000000,1.3153531817819900000000000000000000,1.0716401811828500000000000000000000,2.1624495384352800000000000000000000,1.4618362802817700000000000000000000,0.0416753837075936000000000000000000,-0.1666686087392660000000000000000000,-0.1666686087392660000000000000000000,1.1407570602287500000000000000000000,1.1407570602287500000000000000000000,0.0000000000000004440892098500630000,-0.1666686087392660000000000000000000
US,GA,0.8304807266156360000000000000000000,0.7434747988107890000000000000000000,1.2697997991420000000000000000000000,1.3217349619935900000000000000000000,1.2697997991420000000000000000000000,0.0416569990850759000000000000000000,0.0416569990850759000000000000000000,-0.1666608090120040000000000000000000,-0.1666608090120040000000000000000000,-0.1666608090120040000000000000000000,0.0416569990850759000000000000000000,-0.8766347382657350000000000000000000,-0.1083024952349820000000000000000000,-0.1083024952349820000000000000000000,-0.1083024952349820000000000000000000,-0.1083024952349820000000000000000000,-0.1083024952349820000000000000000000,-0.1083024952349820000000000000000000,-0.1083024952349820000000000000000000,-0.1083024952349820000000000000000000,6.0472087754414300000000000000000000,-0.1083024952349820000000000000000000,1.5092256374500300000000000000000000,-0.1666608090120040000000000000000000,-0.1666608090120040000000000000000000,-0.3623835262754090000000000000000000,-0.1083024952349820000000000000000000,-0.1083024952349820000000000000000000,-0.1083024952349820000000000000000000,-0.1083024952349820000000000000000000,-0.1083024952349820000000000000000000,-0.1083024952349820000000000000000000,-0.1083024952349820000000000000000000,-0.1083024952349820000000000000000000,-0.1083024952349820000000000000000000,-0.2420849337711660000000000000000000,-0.1083024952349820000000000000000000,0.0000000000000011102230246251600000,-0.1083024952349820000000000000000000,1.0944752885105300000000000000000000,1.0944752885105300000000000000000000,1.0944752885105300000000000000000000,1.3958932241258100000000000000000000,1.1436735873193300000000000000000000,2.4298133790282500000000000000000000,1.6699812200646800000000000000000000,0.0416569990850759000000000000000000,-0.1666608090120040000000000000000000,-0.1666608090120040000000000000000000,1.3217349619935900000000000000000000,1.3217349619935900000000000000000000,0.0000000000000011102230246251600000,-0.1666608090120040000000000000000000
US,HI,0.0000000000000000000000000000000000,0.0000000000000000000000000000000000,0.0000000000000000000000000000000000,0.0000000000000000000000000000000000,0.0000000000000000000000000000000000,0.0000000000000000000000000000000000,0.0000000000000000000000000000000000,0.0000000000000000000000000000000000,0.0000000000000000000000000000000000,0.0000000000000000000000000000000000,0.0000000000000000000000000000000000,0.0000000000000000000000000000000000,0.0000000000000000000000000000000000,0.0000000000000000000000000000000000,0.0000000000000000000000000000000000,0.0000000000000000000000000000000000,0.0000000000000000000000000000000000,0.0000000000000000000000000000000000,0.0000000000000000000000000000000000,0.0000000000000000000000000000000000,0.0000000000000000000000000000000000,0.0000000000000000000000000000000000,0.0000000000000000000000000000000000,0.0000000000000000000000000000000000,0.0000000000000000000000000000000000,0.0000000000000000000000000000000000,0.0000000000000000000000000000000000,0.0000000000000000000000000000000000,0.0000000000000000000000000000000000,0.0000000000000000000000000000000000,0.0000000000000000000000000000000000,0.0000000000000000000000000000000000,0.0000000000000000000000000000000000,0.0000000000000000000000000000000000,0.0000000000000000000000000000000000,0.0000000000000000000000000000000000,0.0000000000000000000000000000000000,0.0000000000000000000000000000000000,0.0000000000000000000000000000000000,0.0000000000000000000000000000000000,0.0000000000000000000000000000000000,0.0000000000000000000000000000000000,0.0000000000000000000000000000000000,0.0000000000000000000000000000000000,0.0000000000000000000000000000000000,0.0000000000000000000000000000000000,0.0000000000000000000000000000000000,0.0000000000000000000000000000000000,0.0000000000000000000000000000000000,0.0000000000000000000000000000000000,0.0000000000000000000000000000000000,0.0000000000000000000000000000000000,0.0000000000000000000000000000000000
US,IA,0.7905346370985930000000000000000000,0.8076184498397210000000000000000000,1.3694381480869700000000000000000000,1.4875799220999200000000000000000000,1.3694381480869700000000000000000000,0.0416672011745443000000000000000000,0.0416672011745443000000000000000000,-0.1666625310170470000000000000000000,-0.1666625310170470000000000000000000,-0.1666625310170470000000000000000000,0.0416672011745443000000000000000000,-0.8619511102906270000000000000000000,-0.0116121920103454000000000000000000,-0.0116121920103454000000000000000000,-0.0116121920103454000000000000000000,-0.0116121920103454000000000000000000,-0.0116121920103454000000000000000000,-0.0116121920103454000000000000000000,-0.0116121920103454000000000000000000,-0.0116121920103454000000000000000000,6.5918811431491000000000000000000000,-0.0116121920103454000000000000000000,1.7341637847981400000000000000000000,-0.1666625310170470000000000000000000,-0.1666625310170470000000000000000000,-0.2858719050229820000000000000000000,-0.0116121920103454000000000000000000,-0.0116121920103454000000000000000000,-0.0116121920103454000000000000000000,-0.0116121920103454000000000000000000,-0.0116121920103454000000000000000000,-0.0116121920103454000000000000000000,-0.0116121920103454000000000000000000,-0.0116121920103454000000000000000000,-0.0116121920103454000000000000000000,-0.1598653327238290000000000000000000,-0.0116121920103454000000000000000000,0.0000000000000015543122344752200000,-0.0116121920103454000000000000000000,1.1711491371026300000000000000000000,1.1711491371026300000000000000000000,1.1711491371026300000000000000000000,1.5010736729109200000000000000000000,1.2378027470369800000000000000000000,2.6748401923491400000000000000000000,1.8607242074859100000000000000000000,0.0416672011745443000000000000000000,-0.1666625310170470000000000000000000,-0.1666625310170470000000000000000000,1.4875799220999200000000000000000000,1.4875799220999200000000000000000000,0.0000000000000015543122344752200000,-0.1666625310170470000000000000000000
US,ID,1.0503896513289700000000000000000000,1.2193489424638300000000000000000000,1.8453493751472500000000000000000000,1.7363488024805400000000000000000000,1.8453493751472500000000000000000000,0.0416656554186958000000000000000000,0.0416656554186958000000000000000000,-0.1666596373308050000000000000000000,-0.1666596373308050000000000000000000,-0.1666596373308050000000000000000000,0.0416656554186958000000000000000000,-0.8706004569460090000000000000000000,-0.0389570227796968000000000000000000,-0.0389570227796968000000000000000000,-0.0389570227796968000000000000000000,-0.0389570227796968000000000000000000,-0.0389570227796968000000000000000000,-0.0389570227796968000000000000000000,-0.0389570227796968000000000000000000,-0.0389570227796968000000000000000000,7.1187406182033300000000000000000000,-0.0389570227796968000000000000000000,1.8329004970246900000000000000000000,-0.1666596373308050000000000000000000,-0.1666596373308050000000000000000000,-0.3327904849320990000000000000000000,-0.0389570227796968000000000000000000,-0.0389570227796968000000000000000000,-0.0389570227796968000000000000000000,-0.0389570227796968000000000000000000,-0.0389570227796968000000000000000000,-0.0389570227796968000000000000000000,-0.0389570227796968000000000000000000,-0.0389570227796968000000000000000000,-0.0389570227796968000000000000000000,-0.1831042282303660000000000000000000,-0.0389570227796968000000000000000000,-0.0000000000000006661338147750940000,-0.0389570227796968000000000000000000,1.6670910082101300000000000000000000,1.6670910082101300000000000000000000,1.6670910082101300000000000000000000,2.0034001874898100000000000000000000,1.6872592061020800000000000000000000,3.0423445791627600000000000000000000,2.1468252166892500000000000000000000,0.0416656554186958000000000000000000,-0.1666596373308050000000000000000000,-0.1666596373308050000000000000000000,1.7363488024805400000000000000000000,1.7363488024805400000000000000000000,-0.0000000000000006661338147750940000,-0.1666596373308050000000000000000000
US,IL,0.9193416768770230000000000000000000,0.8721786659971660000000000000000000,1.4362319132908100000000000000000000,1.4875841084264000000000000000000000,1.4362319132908100000000000000000000,0.0416667258989896000000000000000000,0.0416667258989896000000000000000000,-0.1666616412915710000000000000000000,-0.1666616412915710000000000000000000,-0.1666616412915710000000000000000000,0.0416667258989896000000000000000000,-0.8682261181303100000000000000000000,-0.0468853294177952000000000000000000,-0.0468853294177952000000000000000000,-0.0468853294177952000000000000000000,-0.0468853294177952000000000000000000,-0.0468853294177952000000000000000000,-0.0468853294177952000000000000000000,-0.0468853294177952000000000000000000,-0.0468853294177952000000000000000000,6.5325294370248700000000000000000000,-0.0468853294177952000000000000000000,1.6853372914044900000000000000000000,-0.1666616412915710000000000000000000,-0.1666616412915710000000000000000000,-0.3189421936955180000000000000000000,-0.0468853294177952000000000000000000,-0.0468853294177952000000000000000000,-0.0468853294177952000000000000000000,-0.0468853294177952000000000000000000,-0.0468853294177952000000000000000000,-0.0468853294177952000000000000000000,-0.0468853294177952000000000000000000,-0.0468853294177952000000000000000000,-0.0468853294177952000000000000000000,-0.1898464399834260000000000000000000,-0.0468853294177952000000000000000000,0.0000000000000006661338147750940000,-0.0468853294177952000000000000000000,1.2521816729258100000000000000000000,1.2521816729258100000000000000000000,1.2521816729258100000000000000000000,1.5715781837288300000000000000000000,1.3008857470143900000000000000000000,2.6748481007147400000000000000000000,1.8607311135434600000000000000000000,0.0416667258989896000000000000000000,-0.1666616412915710000000000000000000,-0.1666616412915710000000000000000000,1.4875841084264000000000000000000000,1.4875841084264000000000000000000000,0.0000000000000006661338147750940000,-0.1666616412915710000000000000000000
US,IN,0.9033990625381220000000000000000000,0.8349225756674420000000000000000000,1.3976868975209300000000000000000000,1.4875816926018300000000000000000000,1.3976868975209300000000000000000000,0.0416670001686632000000000000000000,0.0416670001686632000000000000000000,-0.1666621547299410000000000000000000,-0.1666621547299410000000000000000000,-0.1666621547299410000000000000000000,0.0416670001686632000000000000000000,-0.8646049676322250000000000000000000,-0.0265300816865820000000000000000000,-0.0265300816865820000000000000000000,-0.0265300816865820000000000000000000,-0.0265300816865820000000000000000000,-0.0265300816865820000000000000000000,-0.0265300816865820000000000000000000,-0.0265300816865820000000000000000000,-0.0265300816865820000000000000000000,6.5667798261374800000000000000000000,-0.0265300816865820000000000000000000,1.7135138427952400000000000000000000,-0.1666621547299410000000000000000000,-0.1666621547299410000000000000000000,-0.2998581550205270000000000000000000,-0.0265300816865820000000000000000000,-0.0265300816865820000000000000000000,-0.0265300816865820000000000000000000,-0.0265300816865820000000000000000000,-0.0265300816865820000000000000000000,-0.0265300816865820000000000000000000,-0.0265300816865820000000000000000000,-0.0265300816865820000000000000000000,-0.0265300816865820000000000000000000,-0.1725450908441200000000000000000000,-0.0265300816865820000000000000000000,-0.0000000000000002220446049250310000,-0.0265300816865820000000000000000000,1.2067381366910900000000000000000000,1.2067381366910900000000000000000000,1.2067381366910900000000000000000000,1.5308917892273300000000000000000000,1.2644821212939200000000000000000000,2.6748435369942200000000000000000000,1.8607271282299100000000000000000000,0.0416670001686632000000000000000000,-0.1666621547299410000000000000000000,-0.1666621547299410000000000000000000,1.4875816926018300000000000000000000,1.4875816926018300000000000000000000,-0.0000000000000002220446049250310000,-0.1666621547299410000000000000000000
US,KS,1.0833267873261000000000000000000000,1.0723544013794600000000000000000000,1.7431949235120100000000000000000000,1.9850869257169500000000000000000000,1.7431949235120100000000000000000000,0.0416677949465811000000000000000000,0.0416677949465811000000000000000000,-0.1666636425703000000000000000000000,-0.1666636425703000000000000000000000,-0.1666636425703000000000000000000000,0.0416677949465811000000000000000000,-0.8249319363886170000000000000000000,0.2389512664085800000000000000000000,0.2389512664085800000000000000000000,0.2389512664085800000000000000000000,0.2389512664085800000000000000000000,0.2389512664085800000000000000000000,0.2389512664085800000000000000000000,0.2389512664085800000000000000000000,0.2389512664085800000000000000000000,8.1592407523487200000000000000000000,0.2389512664085800000000000000000000,2.3541963854996900000000000000000000,-0.1666636425703000000000000000000000,-0.1666636425703000000000000000000000,-0.0934677842081486000000000000000000,0.2389512664085800000000000000000000,0.2389512664085800000000000000000000,0.2389512664085800000000000000000000,0.2389512664085800000000000000000000,0.2389512664085800000000000000000000,0.2389512664085800000000000000000000,0.2389512664085800000000000000000000,0.2389512664085800000000000000000000,0.2389512664085800000000000000000000,0.0530988505292791000000000000000000,0.2389512664085800000000000000000000,0.0000000000000004440892098500630000,0.2389512664085800000000000000000000,1.4890631798776000000000000000000000,1.4890631798776000000000000000000000,1.4890631798776000000000000000000000,1.8955916721002900000000000000000000,1.5907848493163400000000000000000000,3.4097907678024200000000000000000000,2.4328614394831200000000000000000000,0.0416677949465811000000000000000000,-0.1666636425703000000000000000000000,-0.1666636425703000000000000000000000,1.9850869257169500000000000000000000,1.9850869257169500000000000000000000,0.0000000000000004440892098500630000,-0.1666636425703000000000000000000000
US,KY,1.0009619562126900000000000000000000,0.9011801014646540000000000000000000,1.4662366931147500000000000000000000,1.4875859889882300000000000000000000,1.4662366931147500000000000000000000,0.0416665123979401000000000000000000,0.0416665123979401000000000000000000,-0.1666612416133000000000000000000000,-0.1666612416133000000000000000000000,-0.1666612416133000000000000000000000,0.0416665123979401000000000000000000,-0.8710449475232750000000000000000000,-0.0627305616543730000000000000000000,-0.0627305616543730000000000000000000,-0.0627305616543730000000000000000000,-0.0627305616543730000000000000000000,-0.0627305616543730000000000000000000,-0.0627305616543730000000000000000000,-0.0627305616543730000000000000000000,-0.0627305616543730000000000000000000,6.5058677438414300000000000000000000,-0.0627305616543730000000000000000000,1.6634036845868200000000000000000000,-0.1666612416133000000000000000000000,-0.1666612416133000000000000000000000,-0.3337978726246130000000000000000000,-0.0627305616543730000000000000000000,-0.0627305616543730000000000000000000,-0.0627305616543730000000000000000000,-0.0627305616543730000000000000000000,-0.0627305616543730000000000000000000,-0.0627305616543730000000000000000000,-0.0627305616543730000000000000000000,-0.0627305616543730000000000000000000,-0.0627305616543730000000000000000000,-0.2033144114244380000000000000000000,-0.0627305616543730000000000000000000,0.0000000000000000000000000000000000,-0.0627305616543730000000000000000000,1.2853748201804900000000000000000000,1.2853748201804900000000000000000000,1.2853748201804900000000000000000000,1.6032498871764600000000000000000000,1.3292235944045200000000000000000000,2.6748516532734100000000000000000000,1.8607342158500000000000000000000000,0.0416665123979401000000000000000000,-0.1666612416133000000000000000000000,-0.1666612416133000000000000000000000,1.4875859889882300000000000000000000,1.4875859889882300000000000000000000,0.0000000000000000000000000000000000,-0.1666612416133000000000000000000000
US,LA,0.6682337389348820000000000000000000,0.6391925428442420000000000000000000,1.1619058501340000000000000000000000,1.3217321109792400000000000000000000,1.1619058501340000000000000000000000,0.0416612332995401000000000000000000,0.0416612332995401000000000000000000,-0.1666631011564840000000000000000000,-0.1666631011564840000000000000000000,-0.1666631011564840000000000000000000,0.0416612332995401000000000000000000,-0.8664985232262890000000000000000000,-0.0513260868697221000000000000000000,-0.0513260868697221000000000000000000,-0.0513260868697221000000000000000000,-0.0513260868697221000000000000000000,-0.0513260868697221000000000000000000,-0.0513260868697221000000000000000000,-0.0513260868697221000000000000000000,-0.0513260868697221000000000000000000,6.1431027628170700000000000000000000,-0.0513260868697221000000000000000000,1.5881072923855000000000000000000000,-0.1666631011564840000000000000000000,-0.1666631011564840000000000000000000,-0.3089538340879940000000000000000000,-0.0513260868697221000000000000000000,-0.0513260868697221000000000000000000,-0.0513260868697221000000000000000000,-0.0513260868697221000000000000000000,-0.0513260868697221000000000000000000,-0.0513260868697221000000000000000000,-0.0513260868697221000000000000000000,-0.0513260868697221000000000000000000,-0.0513260868697221000000000000000000,-0.1936438162217810000000000000000000,-0.0513260868697221000000000000000000,0.0000000000000002220446049250310000,-0.0513260868697221000000000000000000,0.9706537918150710000000000000000000,0.9706537918150710000000000000000000,0.9706537918150710000000000000000000,1.2820085930975000000000000000000000,1.0417848796457800000000000000000000,2.4298179421359700000000000000000000,1.6699834845173000000000000000000000,0.0416612332995401000000000000000000,-0.1666631011564840000000000000000000,-0.1666631011564840000000000000000000,1.3217321109792400000000000000000000,1.3217321109792400000000000000000000,0.0000000000000002220446049250310000,-0.1666631011564840000000000000000000
US,MA,0.7827037927111060000000000000000000,0.8557262667451330000000000000000000,1.3604526011785200000000000000000000,1.1948317993921200000000000000000000,1.3604526011785200000000000000000000,0.0416428723293516000000000000000000,0.0416428723293516000000000000000000,-0.1666857107076520000000000000000000,-0.1666857107076520000000000000000000,-0.1666857107076520000000000000000000,0.0416428723293516000000000000000000,-0.9035552133153220000000000000000000,-0.2704417312625540000000000000000000,-0.2704417312625540000000000000000000,-0.2704417312625540000000000000000000,-0.2704417312625540000000000000000000,-0.2704417312625540000000000000000000,-0.2704417312625540000000000000000000,-0.2704417312625540000000000000000000,-0.2704417312625540000000000000000000,5.4821735346336900000000000000000000,-0.2704417312625540000000000000000000,1.2151242675211600000000000000000000,-0.1666857107076520000000000000000000,-0.1666857107076520000000000000000000,-0.5035110358707840000000000000000000,-0.2704417312625540000000000000000000,-0.2704417312625540000000000000000000,-0.2704417312625540000000000000000000,-0.2704417312625540000000000000000000,-0.2704417312625540000000000000000000,-0.2704417312625540000000000000000000,-0.2704417312625540000000000000000000,-0.2704417312625540000000000000000000,-0.2704417312625540000000000000000000,-0.3798669496231320000000000000000000,-0.2704417312625540000000000000000000,-0.0000000000000004440892098500630000,-0.2704417312625540000000000000000000,1.2374443938949800000000000000000000,1.2374443938949800000000000000000000,1.2374443938949800000000000000000000,1.4916169391841900000000000000000000,1.2293442142467600000000000000000000,2.2423989568612300000000000000000000,1.5240739786283100000000000000000000,0.0416428723293516000000000000000000,-0.1666857107076520000000000000000000,-0.1666857107076520000000000000000000,1.1948317993921200000000000000000000,1.1948317993921200000000000000000000,-0.0000000000000004440892098500630000,-0.1666857107076520000000000000000000
US,MD,0.7228724823132070000000000000000000,0.6600453060011370000000000000000000,1.1580101277170400000000000000000000,1.1948633181919000000000000000000000,1.1580101277170400000000000000000000,0.0416526598908218000000000000000000,0.0416526598908218000000000000000000,-0.1666778721886770000000000000000000,-0.1666778721886770000000000000000000,-0.1666778721886770000000000000000000,0.0416526598908218000000000000000000,-0.8845267580862030000000000000000000,-0.1634992029858440000000000000000000,-0.1634992029858440000000000000000000,-0.1634992029858440000000000000000000,-0.1634992029858440000000000000000000,-0.1634992029858440000000000000000000,-0.1634992029858440000000000000000000,-0.1634992029858440000000000000000000,-0.1634992029858440000000000000000000,5.6622062210547000000000000000000000,-0.1634992029858440000000000000000000,1.3631797011577200000000000000000000,-0.1666778721886770000000000000000000,-0.1666778721886770000000000000000000,-0.4032564973150040000000000000000000,-0.1634992029858440000000000000000000,-0.1634992029858440000000000000000000,-0.1634992029858440000000000000000000,-0.1634992029858440000000000000000000,-0.1634992029858440000000000000000000,-0.1634992029858440000000000000000000,-0.1634992029858440000000000000000000,-0.1634992029858440000000000000000000,-0.1634992029858440000000000000000000,-0.2889693496486490000000000000000000,-0.1634992029858440000000000000000000,0.0000000000000002220446049250310000,-0.1634992029858440000000000000000000,0.9964170891870960000000000000000000,0.9964170891870960000000000000000000,0.9964170891870960000000000000000000,1.2779151884462900000000000000000000,1.0381354779097800000000000000000000,2.2424318419380100000000000000000000,1.5241035973417100000000000000000000,0.0416526598908218000000000000000000,-0.1666778721886770000000000000000000,-0.1666778721886770000000000000000000,1.1948633181919000000000000000000000,1.1948633181919000000000000000000000,0.0000000000000002220446049250310000,-0.1666778721886770000000000000000000
US,ME,0.8713846172671790000000000000000000,0.7971335817441240000000000000000000,1.2998353186730900000000000000000000,1.1948412370558300000000000000000000,1.2998353186730900000000000000000000,0.0416458030156208000000000000000000,0.0416458030156208000000000000000000,-0.1666833636225230000000000000000000,-0.1666833636225230000000000000000000,-0.1666833636225230000000000000000000,0.0416458030156208000000000000000000,-0.8978582157195290000000000000000000,-0.2384199603186670000000000000000000,-0.2384199603186670000000000000000000,-0.2384199603186670000000000000000000,-0.2384199603186670000000000000000000,-0.2384199603186670000000000000000000,-0.2384199603186670000000000000000000,-0.2384199603186670000000000000000000,-0.2384199603186670000000000000000000,5.5360806620580700000000000000000000,-0.2384199603186670000000000000000000,1.2594564567784800000000000000000000,-0.1666833636225230000000000000000000,-0.1666833636225230000000000000000000,-0.4734918492552440000000000000000000,-0.2384199603186670000000000000000000,-0.2384199603186670000000000000000000,-0.2384199603186670000000000000000000,-0.2384199603186670000000000000000000,-0.2384199603186670000000000000000000,-0.2384199603186670000000000000000000,-0.2384199603186670000000000000000000,-0.2384199603186670000000000000000000,-0.2384199603186670000000000000000000,-0.3526495070148250000000000000000000,-0.2384199603186670000000000000000000,0.0000000000000000000000000000000000,-0.2384199603186670000000000000000000,1.1631897980622400000000000000000000,1.1631897980622400000000000000000000,1.1631897980622400000000000000000000,1.4276282950281900000000000000000000,1.1720906459126800000000000000000000,2.2424088036288200000000000000000000,1.5240828473498100000000000000000000,0.0416458030156208000000000000000000,-0.1666833636225230000000000000000000,-0.1666833636225230000000000000000000,1.1948412370558300000000000000000000,1.1948412370558300000000000000000000,0.0000000000000000000000000000000000,-0.1666833636225230000000000000000000
US,MI,0.9997313145642760000000000000000000,0.9599584386001350000000000000000000,1.5270485472777500000000000000000000,1.4875898003960200000000000000000000,1.5270485472777500000000000000000000,0.0416660796870909000000000000000000,0.0416660796870909000000000000000000,-0.1666604315697870000000000000000000,-0.1666604315697870000000000000000000,-0.1666604315697870000000000000000000,0.0416660796870909000000000000000000,-0.8767580588327160000000000000000000,-0.0948447100534973000000000000000000,-0.0948447100534973000000000000000000,-0.0948447100534973000000000000000000,-0.0948447100534973000000000000000000,-0.0948447100534973000000000000000000,-0.0948447100534973000000000000000000,-0.0948447100534973000000000000000000,-0.0948447100534973000000000000000000,6.4518314533862400000000000000000000,-0.0948447100534973000000000000000000,1.6189499906457700000000000000000000,-0.1666604315697870000000000000000000,-0.1666604315697870000000000000000000,-0.3639064548514840000000000000000000,-0.0948447100534973000000000000000000,-0.0948447100534973000000000000000000,-0.0948447100534973000000000000000000,-0.0948447100534973000000000000000000,-0.0948447100534973000000000000000000,-0.0948447100534973000000000000000000,-0.0948447100534973000000000000000000,-0.0948447100534973000000000000000000,-0.0948447100534973000000000000000000,-0.2306104729168700000000000000000000,-0.0948447100534973000000000000000000,-0.0000000000000005551115123125780000,-0.0948447100534973000000000000000000,1.3563293456526300000000000000000000,1.3563293456526300000000000000000000,1.3563293456526300000000000000000000,1.6674401602746900000000000000000000,1.3866570117764100000000000000000000,2.6748588533822000000000000000000000,1.8607405034153900000000000000000000,0.0416660796870909000000000000000000,-0.1666604315697870000000000000000000,-0.1666604315697870000000000000000000,1.4875898003960200000000000000000000,1.4875898003960200000000000000000000,-0.0000000000000005551115123125780000,-0.1666604315697870000000000000000000
US,MN,1.0544445589078500000000000000000000,1.1777277555557600000000000000000000,1.8522170537745100000000000000000000,1.9850921322143600000000000000000000,1.8522170537745100000000000000000000,0.0416671485038165000000000000000000,0.0416671485038165000000000000000000,-0.1666624324163340000000000000000000,-0.1666624324163340000000000000000000,-0.1666624324163340000000000000000000,0.0416671485038165000000000000000000,-0.8351741852249820000000000000000000,0.1813827921134960000000000000000000,0.1813827921134960000000000000000000,0.1813827921134960000000000000000000,0.1813827921134960000000000000000000,0.1813827921134960000000000000000000,0.1813827921134960000000000000000000,0.1813827921134960000000000000000000,0.1813827921134960000000000000000000,8.0623711742380300000000000000000000,0.1813827921134960000000000000000000,2.2745031665900200000000000000000000,-0.1666624324163340000000000000000000,-0.1666624324163340000000000000000000,-0.1474441686880750000000000000000000,0.1813827921134960000000000000000000,0.1813827921134960000000000000000000,0.1813827921134960000000000000000000,0.1813827921134960000000000000000000,0.1813827921134960000000000000000000,0.1813827921134960000000000000000000,0.1813827921134960000000000000000000,0.1813827921134960000000000000000000,0.1813827921134960000000000000000000,0.0041600137544781600000000000000000,0.1813827921134960000000000000000000,0.0000000000000000000000000000000000,0.1813827921134960000000000000000000,1.6161462660127400000000000000000000,1.6161462660127400000000000000000000,1.6161462660127400000000000000000000,2.0106687957372000000000000000000000,1.6937438583251600000000000000000000,3.4098004899437500000000000000000000,2.4328742913280600000000000000000000,0.0416671485038165000000000000000000,-0.1666624324163340000000000000000000,-0.1666624324163340000000000000000000,1.9850921322143600000000000000000000,1.9850921322143600000000000000000000,0.0000000000000000000000000000000000,-0.1666624324163340000000000000000000
US,MO,0.7564777700982150000000000000000000,0.7872248813676200000000000000000000,1.3483390361993900000000000000000000,1.4875785997044600000000000000000000,1.3483390361993900000000000000000000,0.0416673513067143000000000000000000,0.0416673513067143000000000000000000,-0.1666628120674870000000000000000000,-0.1666628120674870000000000000000000,-0.1666628120674870000000000000000000,0.0416673513067143000000000000000000,-0.8599689328807920000000000000000000,-0.0004699563463590460000000000000000,-0.0004699563463590460000000000000000,-0.0004699563463590460000000000000000,-0.0004699563463590460000000000000000,-0.0004699563463590460000000000000000,-0.0004699563463590460000000000000000,-0.0004699563463590460000000000000000,-0.0004699563463590460000000000000000,6.6106294242860000000000000000000000,-0.0004699563463590460000000000000000,1.7495873148843200000000000000000000,-0.1666628120674870000000000000000000,-0.1666628120674870000000000000000000,-0.2754255150234430000000000000000000,-0.0004699563463590460000000000000000,-0.0004699563463590460000000000000000,-0.0004699563463590460000000000000000,-0.0004699563463590460000000000000000,-0.0004699563463590460000000000000000,-0.0004699563463590460000000000000000,-0.0004699563463590460000000000000000,-0.0004699563463590460000000000000000,-0.0004699563463590460000000000000000,-0.1503947671006180000000000000000000,-0.0004699563463590460000000000000000,-0.0000000000000003330669073875470000,-0.0004699563463590460000000000000000,1.1467832515267700000000000000000000,1.1467832515267700000000000000000000,1.1467832515267700000000000000000000,1.4788023941802400000000000000000000,1.2178758081877000000000000000000000,2.6748376942193900000000000000000000,1.8607220259697000000000000000000000,0.0416673513067143000000000000000000,-0.1666628120674870000000000000000000,-0.1666628120674870000000000000000000,1.4875785997044600000000000000000000,1.4875785997044600000000000000000000,-0.0000000000000003330669073875470000,-0.1666628120674870000000000000000000
US,MS,0.7245859814927790000000000000000000,0.6867592750862810000000000000000000,1.2111200000910700000000000000000000,1.3217334114251700000000000000000000,1.2111200000910700000000000000000000,0.0416593019283504000000000000000000,0.0416593019283504000000000000000000,-0.1666620556303610000000000000000000,-0.1666620556303610000000000000000000,-0.1666620556303610000000000000000000,0.0416593019283504000000000000000000,-0.8711214607070240000000000000000000,-0.0773149910769039000000000000000000,-0.0773149910769039000000000000000000,-0.0773149910769039000000000000000000,-0.0773149910769039000000000000000000,-0.0773149910769039000000000000000000,-0.0773149910769039000000000000000000,-0.0773149910769039000000000000000000,-0.0773149910769039000000000000000000,6.0993622090782100000000000000000000,-0.0773149910769039000000000000000000,1.5521266499996400000000000000000000,-0.1666620556303610000000000000000000,-0.1666620556303610000000000000000000,-0.3333249587678080000000000000000000,-0.0773149910769039000000000000000000,-0.0773149910769039000000000000000000,-0.0773149910769039000000000000000000,-0.0773149910769039000000000000000000,-0.0773149910769039000000000000000000,-0.0773149910769039000000000000000000,-0.0773149910769039000000000000000000,-0.0773149910769039000000000000000000,-0.0773149910769039000000000000000000,-0.2157394800201920000000000000000000,-0.0773149910769039000000000000000000,-0.0000000000000009992007221626410000,-0.0773149910769039000000000000000000,1.0274372671175700000000000000000000,1.0274372671175700000000000000000000,1.0274372671175700000000000000000000,1.3339552996622600000000000000000000,1.0882598319900200000000000000000000,2.4298158607452400000000000000000000,1.6699824516224000000000000000000000,0.0416593019283504000000000000000000,-0.1666620556303610000000000000000000,-0.1666620556303610000000000000000000,1.3217334114251700000000000000000000,1.3217334114251700000000000000000000,-0.0000000000000009992007221626410000,-0.1666620556303610000000000000000000
US,MT,0.9959669273700840000000000000000000,1.0100497426311100000000000000000000,1.6621479624515900000000000000000000,1.9024524805339400000000000000000000,1.6621479624515900000000000000000000,0.0416678212443402000000000000000000,0.0416678212443402000000000000000000,-0.1666636918002370000000000000000000,-0.1666636918002370000000000000000000,-0.1666636918002370000000000000000000,0.0416678212443402000000000000000000,-0.8292982782886680000000000000000000,0.2073506902318910000000000000000000,0.2073506902318910000000000000000000,0.2073506902318910000000000000000000,0.2073506902318910000000000000000000,0.2073506902318910000000000000000000,0.2073506902318910000000000000000000,0.2073506902318910000000000000000000,0.2073506902318910000000000000000000,7.9157643512182500000000000000000000,0.2073506902318910000000000000000000,2.2650779042421800000000000000000000,-0.1666636918002370000000000000000000,-0.1666636918002370000000000000000000,-0.1160365963474350000000000000000000,0.2073506902318910000000000000000000,0.2073506902318910000000000000000000,0.2073506902318910000000000000000000,0.2073506902318910000000000000000000,0.2073506902318910000000000000000000,0.2073506902318910000000000000000000,0.2073506902318910000000000000000000,0.2073506902318910000000000000000000,0.2073506902318910000000000000000000,0.0262428559285326000000000000000000,0.2073506902318910000000000000000000,0.0000000000000002220446049250310000,0.2073506902318910000000000000000000,1.4148409431822000000000000000000000,1.4148409431822000000000000000000000,1.4148409431822000000000000000000000,1.8100406041923100000000000000000000,1.5142431107676600000000000000000000,3.2877172149858500000000000000000000,2.3378302221141700000000000000000000,0.0416678212443402000000000000000000,-0.1666636918002370000000000000000000,-0.1666636918002370000000000000000000,1.9024524805339400000000000000000000,1.9024524805339400000000000000000000,0.0000000000000002220446049250310000,-0.1666636918002370000000000000000000
US,NC,0.7261526799794760000000000000000000,0.6159693941038170000000000000000000,1.0998318780726800000000000000000000,1.1321878900308100000000000000000000,1.0998318780726800000000000000000000,0.0416765373490446000000000000000000,0.0416765373490446000000000000000000,-0.1666662791331870000000000000000000,-0.1666662791331870000000000000000000,-0.1666662791331870000000000000000000,0.0416765373490446000000000000000000,-0.8881520781396760000000000000000000,-0.1892140488366290000000000000000000,-0.1892140488366290000000000000000000,-0.1892140488366290000000000000000000,-0.1892140488366290000000000000000000,-0.1892140488366290000000000000000000,-0.1892140488366290000000000000000000,-0.1892140488366290000000000000000000,-0.1892140488366290000000000000000000,5.4745346791954900000000000000000000,-0.1892140488366290000000000000000000,1.2931410613314400000000000000000000,-0.1666662791331870000000000000000000,-0.1666662791331870000000000000000000,-0.4220250467055400000000000000000000,-0.1892140488366290000000000000000000,-0.1892140488366290000000000000000000,-0.1892140488366290000000000000000000,-0.1892140488366290000000000000000000,-0.1892140488366290000000000000000000,-0.1892140488366290000000000000000000,-0.1892140488366290000000000000000000,-0.1892140488366290000000000000000000,-0.1892140488366290000000000000000000,-0.3108271232681040000000000000000000,-0.1892140488366290000000000000000000,0.0000000000000000000000000000000000,-0.1892140488366290000000000000000000,0.9411426281414470000000000000000000,0.9411426281414470000000000000000000,0.9411426281414470000000000000000000,1.2164647122414800000000000000000000,0.9831589917388710000000000000000000,2.1497984378499400000000000000000000,1.4519901368215400000000000000000000,0.0416765373490446000000000000000000,-0.1666662791331870000000000000000000,-0.1666662791331870000000000000000000,1.1321878900308100000000000000000000,1.1321878900308100000000000000000000,0.0000000000000000000000000000000000,-0.1666662791331870000000000000000000
US,ND,1.0921622138464600000000000000000000,1.0848360234781300000000000000000000,1.7561087482731600000000000000000000,1.9850875424338800000000000000000000,1.7561087482731600000000000000000000,0.0416677183745238000000000000000000,0.0416677183745238000000000000000000,-0.1666634992258600000000000000000000,-0.1666634992258600000000000000000000,-0.1666634992258600000000000000000000,0.0416677183745238000000000000000000,-0.8261451451776430000000000000000000,0.2321321996097190000000000000000000,0.2321321996097190000000000000000000,0.2321321996097190000000000000000000,0.2321321996097190000000000000000000,0.2321321996097190000000000000000000,0.2321321996097190000000000000000000,0.2321321996097190000000000000000000,0.2321321996097190000000000000000000,8.1477664144927900000000000000000000,0.2321321996097190000000000000000000,2.3447566115641500000000000000000000,-0.1666634992258600000000000000000000,-0.1666634992258600000000000000000000,-0.0998613629130933000000000000000000,0.2321321996097190000000000000000000,0.2321321996097190000000000000000000,0.2321321996097190000000000000000000,0.2321321996097190000000000000000000,0.2321321996097190000000000000000000,0.2321321996097190000000000000000000,0.2321321996097190000000000000000000,0.2321321996097190000000000000000000,0.2321321996097190000000000000000000,0.0473019764395608000000000000000000,0.2321321996097190000000000000000000,0.0000000000000000000000000000000000,0.2321321996097190000000000000000000,1.5041965044527600000000000000000000,1.5041965044527600000000000000000000,1.5041965044527600000000000000000000,1.9092227193480900000000000000000000,1.6029804888321000000000000000000000,3.4097919194037500000000000000000000,2.4328629618022400000000000000000000,0.0416677183745238000000000000000000,-0.1666634992258600000000000000000000,-0.1666634992258600000000000000000000,1.9850875424338800000000000000000000,1.9850875424338800000000000000000000,0.0000000000000000000000000000000000,-0.1666634992258600000000000000000000
US,NE,1.0611006478143900000000000000000000,1.0820002550321100000000000000000000,1.7531747853246500000000000000000000,1.9850874023185800000000000000000000,1.7531747853246500000000000000000000,0.0416677357713520000000000000000000,0.0416677357713520000000000000000000,-0.1666635317930730000000000000000000,-0.1666635317930730000000000000000000,-0.1666635317930730000000000000000000,0.0416677357713520000000000000000000,-0.8258695095931690000000000000000000,0.2336814609402290000000000000000000,0.2336814609402290000000000000000000,0.2336814609402290000000000000000000,0.2336814609402290000000000000000000,0.2336814609402290000000000000000000,0.2336814609402290000000000000000000,0.2336814609402290000000000000000000,0.2336814609402290000000000000000000,8.1503733324858600000000000000000000,0.2336814609402290000000000000000000,2.3469012857781500000000000000000000,-0.1666635317930730000000000000000000,-0.1666635317930730000000000000000000,-0.0984087705652972000000000000000000,0.2336814609402290000000000000000000,0.2336814609402290000000000000000000,0.2336814609402290000000000000000000,0.2336814609402290000000000000000000,0.2336814609402290000000000000000000,0.2336814609402290000000000000000000,0.2336814609402290000000000000000000,0.2336814609402290000000000000000000,0.2336814609402290000000000000000000,0.0486190001804829000000000000000000,0.2336814609402290000000000000000000,0.0000000000000000000000000000000000,0.2336814609402290000000000000000000,1.5008968850111000000000000000000000,1.5008968850111000000000000000000000,1.5008968850111000000000000000000000,1.9061258066739400000000000000000000,1.6002096943436800000000000000000000,3.4097916577651000000000000000000000,2.4328626159382000000000000000000000,0.0416677357713520000000000000000000,-0.1666635317930730000000000000000000,-0.1666635317930730000000000000000000,1.9850874023185800000000000000000000,1.9850874023185800000000000000000000,0.0000000000000000000000000000000000,-0.1666635317930730000000000000000000
US,NH,0.9203383228805870000000000000000000,0.8508140680203620000000000000000000,1.3553706675238900000000000000000000,1.1948325906116600000000000000000000,1.3553706675238900000000000000000000,0.0416431180274688000000000000000000,0.0416431180274688000000000000000000,-0.1666855139365300000000000000000000,-0.1666855139365300000000000000000000,-0.1666855139365300000000000000000000,0.0416431180274688000000000000000000,-0.9030823092830360000000000000000000,-0.2677571418399550000000000000000000,-0.2677571418399550000000000000000000,-0.2677571418399550000000000000000000,-0.2677571418399550000000000000000000,-0.2677571418399550000000000000000000,-0.2677571418399550000000000000000000,-0.2677571418399550000000000000000000,-0.2677571418399550000000000000000000,5.4866929131633700000000000000000000,-0.2677571418399550000000000000000000,1.2188409178766100000000000000000000,-0.1666855139365300000000000000000000,-0.1666855139365300000000000000000000,-0.5009943358730220000000000000000000,-0.2677571418399550000000000000000000,-0.2677571418399550000000000000000000,-0.2677571418399550000000000000000000,-0.2677571418399550000000000000000000,-0.2677571418399550000000000000000000,-0.2677571418399550000000000000000000,-0.2677571418399550000000000000000000,-0.2677571418399550000000000000000000,-0.2677571418399550000000000000000000,-0.3775851377063530000000000000000000,-0.2677571418399550000000000000000000,0.0000000000000000000000000000000000,-0.2677571418399550000000000000000000,1.2270803994150800000000000000000000,1.2270803994150800000000000000000000,1.2270803994150800000000000000000000,1.4862523627662200000000000000000000,1.2245442822184800000000000000000000,2.2423997823785900000000000000000000,1.5240747221498200000000000000000000,0.0416431180274688000000000000000000,-0.1666855139365300000000000000000000,-0.1666855139365300000000000000000000,1.1948325906116600000000000000000000,1.1948325906116600000000000000000000,0.0000000000000000000000000000000000,-0.1666855139365300000000000000000000
US,NJ,0.8686232620094860000000000000000000,0.8657567271185590000000000000000000,1.3708296516602800000000000000000000,1.1948301837618800000000000000000000,1.3708296516602800000000000000000000,0.0416423706262217000000000000000000,0.0416423706262217000000000000000000,-0.1666861125043040000000000000000000,-0.1666861125043040000000000000000000,-0.1666861125043040000000000000000000,0.0416423706262217000000000000000000,-0.9045373158428110000000000000000000,-0.2759235265503710000000000000000000,-0.2759235265503710000000000000000000,-0.2759235265503710000000000000000000,-0.2759235265503710000000000000000000,-0.2759235265503710000000000000000000,-0.2759235265503710000000000000000000,-0.2759235265503710000000000000000000,-0.2759235265503710000000000000000000,5.4729451931527900000000000000000000,-0.2759235265503710000000000000000000,1.2075350562125200000000000000000000,-0.1666861125043040000000000000000000,-0.1666861125043040000000000000000000,-0.5086500094778930000000000000000000,-0.2759235265503710000000000000000000,-0.2759235265503710000000000000000000,-0.2759235265503710000000000000000000,-0.2759235265503710000000000000000000,-0.2759235265503710000000000000000000,-0.2759235265503710000000000000000000,-0.2759235265503710000000000000000000,-0.2759235265503710000000000000000000,-0.2759235265503710000000000000000000,-0.3845262936955840000000000000000000,-0.2759235265503710000000000000000000,0.0000000000000000000000000000000000,-0.2759235265503710000000000000000000,1.2426815938956800000000000000000000,1.2426815938956800000000000000000000,1.2426815938956800000000000000000000,1.5025711318371700000000000000000000,1.2391454317264000000000000000000000,2.2423972711966900000000000000000000,1.5240724603951300000000000000000000,0.0416423706262217000000000000000000,-0.1666861125043040000000000000000000,-0.1666861125043040000000000000000000,1.1948301837618800000000000000000000,1.1948301837618800000000000000000000,0.0000000000000000000000000000000000,-0.1666861125043040000000000000000000
US,NM,0.8891471819808340000000000000000000,0.9820430711387820000000000000000000,1.5998296354860800000000000000000000,1.7363354824402100000000000000000000,1.5998296354860800000000000000000000,0.0416672435860332000000000000000000,0.0416672435860332000000000000000000,-0.1666626104121890000000000000000000,-0.1666626104121890000000000000000000,-0.1666626104121890000000000000000000,0.0416672435860332000000000000000000,-0.8475283744258800000000000000000000,0.0906939140120608000000000000000000,0.0906939140120608000000000000000000,0.0906939140120608000000000000000000,0.0906939140120608000000000000000000,0.0906939140120608000000000000000000,0.0906939140120608000000000000000000,0.0906939140120608000000000000000000,0.0906939140120608000000000000000000,7.3368984250388000000000000000000000,0.0906939140120608000000000000000000,2.0123739603642600000000000000000000,-0.1666626104121890000000000000000000,-0.1666626104121890000000000000000000,-0.2112230863053720000000000000000000,0.0906939140120608000000000000000000,0.0906939140120608000000000000000000,0.0906939140120608000000000000000000,0.0906939140120608000000000000000000,0.0906939140120608000000000000000000,0.0906939140120608000000000000000000,0.0906939140120608000000000000000000,0.0906939140120608000000000000000000,0.0906939140120608000000000000000000,-0.0729068060002770000000000000000000,0.0906939140120608000000000000000000,-0.0000000000000001110223024625160000,0.0906939140120608000000000000000000,1.3826555704188300000000000000000000,1.3826555704188300000000000000000000,1.3826555704188300000000000000000000,1.7442532408142700000000000000000000,1.4553878304821500000000000000000000,3.0423193488902800000000000000000000,2.1467978955585600000000000000000000,0.0416672435860332000000000000000000,-0.1666626104121890000000000000000000,-0.1666626104121890000000000000000000,1.7363354824402100000000000000000000,1.7363354824402100000000000000000000,-0.0000000000000001110223024625160000,-0.1666626104121890000000000000000000
US,NV,1.1100419704902800000000000000000000,1.4228917752648100000000000000000000,2.0559374362017400000000000000000000,1.7363602273927700000000000000000000,2.0559374362017400000000000000000000,0.0416642932101945000000000000000000,0.0416642932101945000000000000000000,-0.1666570872488990000000000000000000,-0.1666570872488990000000000000000000,-0.1666570872488990000000000000000000,0.0416642932101945000000000000000000,-0.8903867895813080000000000000000000,-0.1501616836780520000000000000000000,-0.1501616836780520000000000000000000,-0.1501616836780520000000000000000000,-0.1501616836780520000000000000000000,-0.1501616836780520000000000000000000,-0.1501616836780520000000000000000000,-0.1501616836780520000000000000000000,-0.1501616836780520000000000000000000,6.9316215311239500000000000000000000,-0.1501616836780520000000000000000000,1.6789618821191500000000000000000000,-0.1666570872488990000000000000000000,-0.1666570872488990000000000000000000,-0.4370617162843050000000000000000000,-0.1501616836780520000000000000000000,-0.1501616836780520000000000000000000,-0.1501616836780520000000000000000000,-0.1501616836780520000000000000000000,-0.1501616836780520000000000000000000,-0.1501616836780520000000000000000000,-0.1501616836780520000000000000000000,-0.1501616836780520000000000000000000,-0.1501616836780520000000000000000000,-0.2776231516890770000000000000000000,-0.1501616836780520000000000000000000,0.0000000000000000000000000000000000,-0.1501616836780520000000000000000000,1.9139286193271700000000000000000000,1.9139286193271700000000000000000000,1.9139286193271700000000000000000000,2.2256766248301100000000000000000000,1.8861407439907600000000000000000000,3.0423662197615400000000000000000000,2.1468486506662900000000000000000000,0.0416642932101945000000000000000000,-0.1666570872488990000000000000000000,-0.1666570872488990000000000000000000,1.7363602273927700000000000000000000,1.7363602273927700000000000000000000,0.0000000000000000000000000000000000,-0.1666570872488990000000000000000000
US,NY,0.6892469140312910000000000000000000,0.8151293105916910000000000000000000,1.3184528675945300000000000000000000,1.1948383384407700000000000000000000,1.3184528675945300000000000000000000,0.0416449029060635000000000000000000,0.0416449029060635000000000000000000,-0.1666840844890880000000000000000000,-0.1666840844890880000000000000000000,-0.1666840844890880000000000000000000,0.0416449029060635000000000000000000,-0.8996023320113350000000000000000000,-0.2482548929065080000000000000000000,-0.2482548929065080000000000000000000,-0.2482548929065080000000000000000000,-0.2482548929065080000000000000000000,-0.2482548929065080000000000000000000,-0.2482548929065080000000000000000000,-0.2482548929065080000000000000000000,-0.2482548929065080000000000000000000,5.5195240211044100000000000000000000,-0.2482548929065080000000000000000000,1.2458405923223300000000000000000000,-0.1666840844890880000000000000000000,-0.1666840844890880000000000000000000,-0.4827117227351650000000000000000000,-0.2482548929065080000000000000000000,-0.2482548929065080000000000000000000,-0.2482548929065080000000000000000000,-0.2482548929065080000000000000000000,-0.2482548929065080000000000000000000,-0.2482548929065080000000000000000000,-0.2482548929065080000000000000000000,-0.2482548929065080000000000000000000,-0.2482548929065080000000000000000000,-0.3610088733264280000000000000000000,-0.2482548929065080000000000000000000,0.0000000000000000000000000000000000,-0.2482548929065080000000000000000000,1.1936295389019100000000000000000000,1.1936295389019100000000000000000000,1.1936295389019100000000000000000000,1.4472812993159200000000000000000000,1.1896750882586700000000000000000000,2.2424057793645700000000000000000000,1.5240801234755200000000000000000000,0.0416449029060635000000000000000000,-0.1666840844890880000000000000000000,-0.1666840844890880000000000000000000,1.1948383384407700000000000000000000,1.1948383384407700000000000000000000,0.0000000000000000000000000000000000,-0.1666840844890880000000000000000000
US,OH,0.9016354023112250000000000000000000,0.8921430353425490000000000000000000,1.4568869773204300000000000000000000,1.4875854029909700000000000000000000,1.4568869773204300000000000000000000,0.0416665789264865000000000000000000,0.0416665789264865000000000000000000,-0.1666613661560610000000000000000000,-0.1666613661560610000000000000000000,-0.1666613661560610000000000000000000,0.0416665789264865000000000000000000,-0.8701665832652220000000000000000000,-0.0577930677291791000000000000000000,-0.0577930677291791000000000000000000,-0.0577930677291791000000000000000000,-0.0577930677291791000000000000000000,-0.0577930677291791000000000000000000,-0.0577930677291791000000000000000000,-0.0577930677291791000000000000000000,-0.0577930677291791000000000000000000,6.5141757286133000000000000000000000,-0.0577930677291791000000000000000000,1.6702383619713600000000000000000000,-0.1666613661560610000000000000000000,-0.1666613661560610000000000000000000,-0.3291687309767200000000000000000000,-0.0577930677291791000000000000000000,-0.0577930677291791000000000000000000,-0.0577930677291791000000000000000000,-0.0577930677291791000000000000000000,-0.0577930677291791000000000000000000,-0.0577930677291791000000000000000000,-0.0577930677291791000000000000000000,-0.0577930677291791000000000000000000,-0.0577930677291791000000000000000000,-0.1991176899007790000000000000000000,-0.0577930677291791000000000000000000,-0.0000000000000003330669073875470000,-0.0577930677291791000000000000000000,1.2753855602084100000000000000000000,1.2753855602084100000000000000000000,1.2753855602084100000000000000000000,1.5933807454032100000000000000000000,1.3203933073344200000000000000000000,2.6748505462693300000000000000000000,1.8607332491478800000000000000000000,0.0416665789264865000000000000000000,-0.1666613661560610000000000000000000,-0.1666613661560610000000000000000000,1.4875854029909700000000000000000000,1.4875854029909700000000000000000000,-0.0000000000000003330669073875470000,-0.1666613661560610000000000000000000
US,OK,1.0522211428046500000000000000000000,1.1234115500268900000000000000000000,1.7960200343209700000000000000000000,1.9850894484506500000000000000000000,1.7960200343209700000000000000000000,0.0416674817220053000000000000000000,0.0416674817220053000000000000000000,-0.1666630562075370000000000000000000,-0.1666630562075370000000000000000000,-0.1666630562075370000000000000000000,0.0416674817220053000000000000000000,-0.8298946712793290000000000000000000,0.2110572872098990000000000000000000,0.2110572872098990000000000000000000,0.2110572872098990000000000000000000,0.2110572872098990000000000000000000,0.2110572872098990000000000000000000,0.2110572872098990000000000000000000,0.2110572872098990000000000000000000,0.2110572872098990000000000000000000,8.1016937895516600000000000000000000,0.2110572872098990000000000000000000,2.3155821783704900000000000000000000,-0.1666630562075370000000000000000000,-0.1666630562075370000000000000000000,-0.1196212677655870000000000000000000,0.2110572872098990000000000000000000,0.2110572872098990000000000000000000,0.2110572872098990000000000000000000,0.2110572872098990000000000000000000,0.2110572872098990000000000000000000,0.2110572872098990000000000000000000,0.2110572872098990000000000000000000,0.2110572872098990000000000000000000,0.2110572872098990000000000000000000,0.0293862385186374000000000000000000,0.2110572872098990000000000000000000,0.0000000000000013322676295501900000,0.2110572872098990000000000000000000,1.5512010039587900000000000000000000,1.5512010039587900000000000000000000,1.5512010039587900000000000000000000,1.9513506431739400000000000000000000,1.6406721616131800000000000000000000,3.4097954785266700000000000000000000,2.4328676666604200000000000000000000,0.0416674817220053000000000000000000,-0.1666630562075370000000000000000000,-0.1666630562075370000000000000000000,1.9850894484506500000000000000000000,1.9850894484506500000000000000000000,0.0000000000000013322676295501900000,-0.1666630562075370000000000000000000
US,OR,1.0959219724412500000000000000000000,1.2942656746940500000000000000000000,1.9228592002970700000000000000000000,1.7363530075762400000000000000000000,1.9228592002970700000000000000000000,0.0416651540391630000000000000000000,0.0416651540391630000000000000000000,-0.1666586987381740000000000000000000,-0.1666586987381740000000000000000000,-0.1666586987381740000000000000000000,0.0416651540391630000000000000000000,-0.8778878577322090000000000000000000,-0.0798874239568381000000000000000000,-0.0798874239568381000000000000000000,-0.0798874239568381000000000000000000,-0.0798874239568381000000000000000000,-0.0798874239568381000000000000000000,-0.0798874239568381000000000000000000,-0.0798874239568381000000000000000000,-0.0798874239568381000000000000000000,7.0498688709205100000000000000000000,-0.0798874239568381000000000000000000,1.7762412777632200000000000000000000,-0.1666586987381740000000000000000000,-0.1666586987381740000000000000000000,-0.3711689380229980000000000000000000,-0.0798874239568381000000000000000000,-0.0798874239568381000000000000000000,-0.0798874239568381000000000000000000,-0.0798874239568381000000000000000000,-0.0798874239568381000000000000000000,-0.0798874239568381000000000000000000,-0.0798874239568381000000000000000000,-0.0798874239568381000000000000000000,-0.0798874239568381000000000000000000,-0.2178932148136930000000000000000000,-0.0798874239568381000000000000000000,-0.0000000000000002220446049250310000,-0.0798874239568381000000000000000000,1.7567992430725700000000000000000000,1.7567992430725700000000000000000000,1.7567992430725700000000000000000000,2.0852120798967300000000000000000000,1.7604602847866100000000000000000000,3.0423525442820300000000000000000000,2.1468338418860100000000000000000000,0.0416651540391630000000000000000000,-0.1666586987381740000000000000000000,-0.1666586987381740000000000000000000,1.7363530075762400000000000000000000,1.7363530075762400000000000000000000,-0.0000000000000002220446049250310000,-0.1666586987381740000000000000000000
US,PA,0.8770086472694550000000000000000000,0.7974246489223020000000000000000000,1.3001364433163300000000000000000000,1.1948411901729700000000000000000000,1.3001364433163300000000000000000000,0.0416457884570327000000000000000000,0.0416457884570327000000000000000000,-0.1666833752819820000000000000000000,-0.1666833752819820000000000000000000,-0.1666833752819820000000000000000000,0.0416457884570327000000000000000000,-0.8978823189132170000000000000000000,-0.2385790328463780000000000000000000,-0.2385790328463780000000000000000000,-0.2385790328463780000000000000000000,-0.2385790328463780000000000000000000,-0.2385790328463780000000000000000000,-0.2385790328463780000000000000000000,-0.2385790328463780000000000000000000,-0.2385790328463780000000000000000000,5.5358128710281600000000000000000000,-0.2385790328463780000000000000000000,1.2592362305637600000000000000000000,-0.1666833752819820000000000000000000,-0.1666833752819820000000000000000000,-0.4736409736713580000000000000000000,-0.2385790328463780000000000000000000,-0.2385790328463780000000000000000000,-0.2385790328463780000000000000000000,-0.2385790328463780000000000000000000,-0.2385790328463780000000000000000000,-0.2385790328463780000000000000000000,-0.2385790328463780000000000000000000,-0.2385790328463780000000000000000000,-0.2385790328463780000000000000000000,-0.3527847133842960000000000000000000,-0.2385790328463780000000000000000000,0.0000000000000000000000000000000000,-0.2385790328463780000000000000000000,1.1602669291660800000000000000000000,1.1602669291660800000000000000000000,1.1602669291660800000000000000000000,1.4279461673716600000000000000000000,1.1723750608456200000000000000000000,2.2424087547136700000000000000000000,1.5240828032932800000000000000000000,0.0416457884570327000000000000000000,-0.1666833752819820000000000000000000,-0.1666833752819820000000000000000000,1.1948411901729700000000000000000000,1.1948411901729700000000000000000000,0.0000000000000000000000000000000000,-0.1666833752819820000000000000000000
US,RI,0.7569887341092960000000000000000000,0.8464795300480990000000000000000000,1.3508863549720600000000000000000000,1.1948332887860600000000000000000000,1.3508863549720600000000000000000000,0.0416433348321974000000000000000000,0.0416433348321974000000000000000000,-0.1666853403051340000000000000000000,-0.1666853403051340000000000000000000,-0.1666853403051340000000000000000000,0.0416433348321974000000000000000000,-0.9026824345807600000000000000000000,-0.2653882525819700000000000000000000,-0.2653882525819700000000000000000000,-0.2653882525819700000000000000000000,-0.2653882525819700000000000000000000,-0.2653882525819700000000000000000000,-0.2653882525819700000000000000000000,-0.2653882525819700000000000000000000,-0.2653882525819700000000000000000000,5.4906808254905100000000000000000000,-0.2653882525819700000000000000000000,1.2221205006048400000000000000000000,-0.1666853403051340000000000000000000,-0.1666853403051340000000000000000000,-0.4987735927157590000000000000000000,-0.2653882525819700000000000000000000,-0.2653882525819700000000000000000000,-0.2653882525819700000000000000000000,-0.2653882525819700000000000000000000,-0.2653882525819700000000000000000000,-0.2653882525819700000000000000000000,-0.2653882525819700000000000000000000,-0.2653882525819700000000000000000000,-0.2653882525819700000000000000000000,-0.3755716604524620000000000000000000,-0.2653882525819700000000000000000000,0.0000000000000002220446049250310000,-0.2653882525819700000000000000000000,1.2258555751620800000000000000000000,1.2258555751620800000000000000000000,1.2258555751620800000000000000000000,1.4815186454449600000000000000000000,1.2203088086950100000000000000000000,2.2424005108174400000000000000000000,1.5240753782353200000000000000000000,0.0416433348321974000000000000000000,-0.1666853403051340000000000000000000,-0.1666853403051340000000000000000000,1.1948332887860600000000000000000000,1.1948332887860600000000000000000000,0.0000000000000002220446049250310000,-0.1666853403051340000000000000000000
US,SC,0.7109638989368270000000000000000000,0.5633144565588150000000000000000000,1.0453553547832100000000000000000000,1.1321897130659100000000000000000000,1.0453553547832100000000000000000000,0.0416744833423928000000000000000000,0.0416744833423928000000000000000000,-0.1666662069200550000000000000000000,-0.1666662069200550000000000000000000,-0.1666662069200550000000000000000000,0.0416744833423928000000000000000000,-0.8830316137076930000000000000000000,-0.1604401905434040000000000000000000,-0.1604401905434040000000000000000000,-0.1604401905434040000000000000000000,-0.1604401905434040000000000000000000,-0.1604401905434040000000000000000000,-0.1604401905434040000000000000000000,-0.1604401905434040000000000000000000,-0.1604401905434040000000000000000000,5.5229711786268200000000000000000000,-0.1604401905434040000000000000000000,1.3329776587200100000000000000000000,-0.1666662069200550000000000000000000,-0.1666662069200550000000000000000000,-0.3950475172704480000000000000000000,-0.1604401905434040000000000000000000,-0.1604401905434040000000000000000000,-0.1604401905434040000000000000000000,-0.1604401905434040000000000000000000,-0.1604401905434040000000000000000000,-0.1604401905434040000000000000000000,-0.1604401905434040000000000000000000,-0.1604401905434040000000000000000000,-0.1604401905434040000000000000000000,-0.2863707847790730000000000000000000,-0.1604401905434040000000000000000000,0.0000000000000004440892098500630000,-0.1604401905434040000000000000000000,0.8777460326816040000000000000000000,0.8777460326816040000000000000000000,0.8777460326816040000000000000000000,1.1589666878724800000000000000000000,0.9317121085013240000000000000000000,2.1498061166609800000000000000000000,1.4519975359440800000000000000000000,0.0416744833423928000000000000000000,-0.1666662069200550000000000000000000,-0.1666662069200550000000000000000000,1.1321897130659100000000000000000000,1.1321897130659100000000000000000000,0.0000000000000004440892098500630000,-0.1666662069200550000000000000000000
US,SD,1.1040546385104200000000000000000000,1.1007440223905300000000000000000000,1.7725675954191200000000000000000000,1.9850883284481200000000000000000000,1.7725675954191200000000000000000000,0.0416676207823878000000000000000000,0.0416676207823878000000000000000000,-0.1666633165314020000000000000000000,-0.1666633165314020000000000000000000,-0.1666633165314020000000000000000000,0.0416676207823878000000000000000000,-0.8276913964536250000000000000000000,0.2234412052531890000000000000000000,0.2234412052531890000000000000000000,0.2234412052531890000000000000000000,0.2234412052531890000000000000000000,0.2234412052531890000000000000000000,0.2234412052531890000000000000000000,0.2234412052531890000000000000000000,0.2234412052531890000000000000000000,8.1331422131918400000000000000000000,0.2234412052531890000000000000000000,2.3327254899428100000000000000000000,-0.1666633165314020000000000000000000,-0.1666633165314020000000000000000000,-0.1080100668460250000000000000000000,0.2234412052531890000000000000000000,0.2234412052531890000000000000000000,0.2234412052531890000000000000000000,0.2234412052531890000000000000000000,0.2234412052531890000000000000000000,0.2234412052531890000000000000000000,0.2234412052531890000000000000000000,0.2234412052531890000000000000000000,0.2234412052531890000000000000000000,0.0399137807398637000000000000000000,0.2234412052531890000000000000000000,-0.0000000000000001110223024625160000,0.2234412052531890000000000000000000,1.5231915791111200000000000000000000,1.5231915791111200000000000000000000,1.5231915791111200000000000000000000,1.9265956764108100000000000000000000,1.6185239990120600000000000000000000,3.4097933871354500000000000000000000,2.4328649020188900000000000000000000,0.0416676207823878000000000000000000,-0.1666633165314020000000000000000000,-0.1666633165314020000000000000000000,1.9850883284481200000000000000000000,1.9850883284481200000000000000000000,-0.0000000000000001110223024625160000,-0.1666633165314020000000000000000000
US,TN,0.8568638250913310000000000000000000,0.8230509273060250000000000000000000,1.3854045332348200000000000000000000,1.4875809227996200000000000000000000,1.3854045332348200000000000000000000,0.0416670875646519000000000000000000,0.0416670875646519000000000000000000,-0.1666623183370180000000000000000000,-0.1666623183370180000000000000000000,-0.1666623183370180000000000000000000,0.0416670875646519000000000000000000,-0.8634510991326880000000000000000000,-0.0200438846316802000000000000000000,-0.0200438846316802000000000000000000,-0.0200438846316802000000000000000000,-0.0200438846316802000000000000000000,-0.0200438846316802000000000000000000,-0.0200438846316802000000000000000000,-0.0200438846316802000000000000000000,-0.0200438846316802000000000000000000,6.5776937081951200000000000000000000,-0.0200438846316802000000000000000000,1.7224922972489200000000000000000000,-0.1666623183370180000000000000000000,-0.1666623183370180000000000000000000,-0.2937770285668430000000000000000000,-0.0200438846316802000000000000000000,-0.0200438846316802000000000000000000,-0.0200438846316802000000000000000000,-0.0200438846316802000000000000000000,-0.0200438846316802000000000000000000,-0.0200438846316802000000000000000000,-0.0200438846316802000000000000000000,-0.0200438846316802000000000000000000,-0.0200438846316802000000000000000000,-0.1670320181802500000000000000000000,-0.0200438846316802000000000000000000,0.0000000000000004440892098500630000,-0.0200438846316802000000000000000000,1.1926042521522800000000000000000000,1.1926042521522800000000000000000000,1.1926042521522800000000000000000000,1.5179270748855600000000000000000000,1.2528821106699000000000000000000000,2.6748420827652600000000000000000000,1.8607258583102700000000000000000000,0.0416670875646519000000000000000000,-0.1666623183370180000000000000000000,-0.1666623183370180000000000000000000,1.4875809227996200000000000000000000,1.4875809227996200000000000000000000,0.0000000000000004440892098500630000,-0.1666623183370180000000000000000000
US,TX,0.7801115097794870000000000000000000,0.8279587837163380000000000000000000,1.4181074717488800000000000000000000,1.6251814726917400000000000000000000,1.4181074717488800000000000000000000,0.0416646537331347000000000000000000,0.0416646537331347000000000000000000,-0.1666635665824400000000000000000000,-0.1666635665824400000000000000000000,-0.1666635665824400000000000000000000,0.0416646537331347000000000000000000,-0.8465714395254930000000000000000000,0.0865866093682512000000000000000000,0.0865866093682512000000000000000000,0.0865866093682512000000000000000000,0.0865866093682512000000000000000000,0.0865866093682512000000000000000000,0.0865866093682512000000000000000000,0.0865866093682512000000000000000000,0.0865866093682512000000000000000000,7.0738272519912800000000000000000000,0.0865866093682512000000000000000000,1.9456495090267200000000000000000000,-0.1666635665824400000000000000000000,-0.1666635665824400000000000000000000,-0.2055731994624410000000000000000000,0.0865866093682512000000000000000000,0.0865866093682512000000000000000000,0.0865866093682512000000000000000000,0.0865866093682512000000000000000000,0.0865866093682512000000000000000000,0.0865866093682512000000000000000000,0.0865866093682512000000000000000000,0.0865866093682512000000000000000000,0.0865866093682512000000000000000000,-0.0764137965404817000000000000000000,0.0865866093682512000000000000000000,0.0000000000000000000000000000000000,0.0865866093682512000000000000000000,1.1963543576068700000000000000000000,1.1963543576068700000000000000000000,1.1963543576068700000000000000000000,1.5524440407657100000000000000000000,1.2837562961348300000000000000000000,2.8781040190961300000000000000000000,2.0189599906274400000000000000000000,0.0416646537331347000000000000000000,-0.1666635665824400000000000000000000,-0.1666635665824400000000000000000000,1.6251814726917400000000000000000000,1.6251814726917400000000000000000000,0.0000000000000000000000000000000000,-0.1666635665824400000000000000000000
US,UT,1.1219089858054400000000000000000000,1.3067068639785300000000000000000000,1.9357310164773600000000000000000000,1.7363537059034300000000000000000000,1.9357310164773600000000000000000000,0.0416650707766240000000000000000000,0.0416650707766240000000000000000000,-0.1666585428690040000000000000000000,-0.1666585428690040000000000000000000,-0.1666585428690040000000000000000000,0.0416650707766240000000000000000000,-0.8790866123955970000000000000000000,-0.0866846086894734000000000000000000,-0.0866846086894734000000000000000000,-0.0866846086894734000000000000000000,-0.0866846086894734000000000000000000,-0.0866846086894734000000000000000000,-0.0866846086894734000000000000000000,-0.0866846086894734000000000000000000,-0.0866846086894734000000000000000000,7.0384315535310800000000000000000000,-0.0866846086894734000000000000000000,1.7668320570116300000000000000000000,-0.1666585428690040000000000000000000,-0.1666585428690040000000000000000000,-0.3775423286546370000000000000000000,-0.0866846086894734000000000000000000,-0.0866846086894734000000000000000000,-0.0866846086894734000000000000000000,-0.0866846086894734000000000000000000,-0.0866846086894734000000000000000000,-0.0866846086894734000000000000000000,-0.0866846086894734000000000000000000,-0.0866846086894734000000000000000000,-0.0866846086894734000000000000000000,-0.2236705138791160000000000000000000,-0.0866846086894734000000000000000000,0.0000000000000000000000000000000000,-0.0866846086894734000000000000000000,1.7710244713082200000000000000000000,1.7710244713082200000000000000000000,1.7710244713082200000000000000000000,2.0987983270387900000000000000000000,1.7726165608097700000000000000000000,3.0423538670247000000000000000000000,2.1468352742456800000000000000000000,0.0416650707766240000000000000000000,-0.1666585428690040000000000000000000,-0.1666585428690040000000000000000000,1.7363537059034300000000000000000000,1.7363537059034300000000000000000000,0.0000000000000000000000000000000000,-0.1666585428690040000000000000000000
US,VA,0.7879155583934240000000000000000000,0.7035034621686180000000000000000000,1.2029699265302500000000000000000000,1.1948563182828800000000000000000000,1.2029699265302500000000000000000000,0.0416504862027438000000000000000000,0.0416504862027438000000000000000000,-0.1666796130201800000000000000000000,-0.1666796130201800000000000000000000,-0.1666796130201800000000000000000000,0.0416504862027438000000000000000000,-0.8887493471584070000000000000000000,-0.1872497119771970000000000000000000,-0.1872497119771970000000000000000000,-0.1872497119771970000000000000000000,-0.1872497119771970000000000000000000,-0.1872497119771970000000000000000000,-0.1872497119771970000000000000000000,-0.1872497119771970000000000000000000,-0.1872497119771970000000000000000000,5.6222233398793800000000000000000000,-0.1872497119771970000000000000000000,1.3302985453623400000000000000000000,-0.1666796130201800000000000000000000,-0.1666796130201800000000000000000000,-0.4255216967980830000000000000000000,-0.1872497119771970000000000000000000,-0.1872497119771970000000000000000000,-0.1872497119771970000000000000000000,-0.1872497119771970000000000000000000,-0.1872497119771970000000000000000000,-0.1872497119771970000000000000000000,-0.1872497119771970000000000000000000,-0.1872497119771970000000000000000000,-0.1872497119771970000000000000000000,-0.3091564940915770000000000000000000,-0.1872497119771970000000000000000000,0.0000000000000002220446049250310000,-0.1872497119771970000000000000000000,1.0479751013240700000000000000000000,1.0479751013240700000000000000000000,1.0479751013240700000000000000000000,1.3253755239920800000000000000000000,1.0806004121207000000000000000000000,2.2424245385969600000000000000000000,1.5240970194168100000000000000000000,0.0416504862027438000000000000000000,-0.1666796130201800000000000000000000,-0.1666796130201800000000000000000000,1.1948563182828800000000000000000000,1.1948563182828800000000000000000000,0.0000000000000002220446049250310000,-0.1666796130201800000000000000000000
US,VT,0.7901241814187720000000000000000000,0.6933458299137450000000000000000000,1.1924613099005500000000000000000000,1.1948579543969800000000000000000000,1.1924613099005500000000000000000000,0.0416509942667185000000000000000000,0.0416509942667185000000000000000000,-0.1666792061293250000000000000000000,-0.1666792061293250000000000000000000,-0.1666792061293250000000000000000000,0.0416509942667185000000000000000000,-0.8877618655141370000000000000000000,-0.1816984153709440000000000000000000,-0.1816984153709440000000000000000000,-0.1816984153709440000000000000000000,-0.1816984153709440000000000000000000,-0.1816984153709440000000000000000000,-0.1816984153709440000000000000000000,-0.1816984153709440000000000000000000,-0.1816984153709440000000000000000000,5.6315686835221500000000000000000000,-0.1816984153709440000000000000000000,1.3379839770083000000000000000000000,-0.1666792061293250000000000000000000,-0.1666792061293250000000000000000000,-0.4203175683607910000000000000000000,-0.1816984153709440000000000000000000,-0.1816984153709440000000000000000000,-0.1816984153709440000000000000000000,-0.1816984153709440000000000000000000,-0.1816984153709440000000000000000000,-0.1816984153709440000000000000000000,-0.1816984153709440000000000000000000,-0.1816984153709440000000000000000000,-0.1816984153709440000000000000000000,-0.3044380762049840000000000000000000,-0.1816984153709440000000000000000000,-0.0000000000000002220446049250310000,-0.1816984153709440000000000000000000,1.0392560890497600000000000000000000,1.0392560890497600000000000000000000,1.0392560890497600000000000000000000,1.3142824478544600000000000000000000,1.0706749292313600000000000000000000,2.2424262456332900000000000000000000,1.5240985568990200000000000000000000,0.0416509942667185000000000000000000,-0.1666792061293250000000000000000000,-0.1666792061293250000000000000000000,1.1948579543969800000000000000000000,1.1948579543969800000000000000000000,-0.0000000000000002220446049250310000,-0.1666792061293250000000000000000000
US,WA,1.0702109016156700000000000000000000,1.2907382180492700000000000000000000,1.9192096477922700000000000000000000,1.7363528095792000000000000000000000,1.9192096477922700000000000000000000,0.0416651776466370000000000000000000,0.0416651776466370000000000000000000,-0.1666587429318250000000000000000000,-0.1666587429318250000000000000000000,-0.1666587429318250000000000000000000,0.0416651776466370000000000000000000,-0.8775427416364990000000000000000000,-0.0779602147565904000000000000000000,-0.0779602147565904000000000000000000,-0.0779602147565904000000000000000000,-0.0779602147565904000000000000000000,-0.0779602147565904000000000000000000,-0.0779602147565904000000000000000000,-0.0779602147565904000000000000000000,-0.0779602147565904000000000000000000,7.0531116992629200000000000000000000,-0.0779602147565904000000000000000000,1.7789090788474900000000000000000000,-0.1666587429318250000000000000000000,-0.1666587429318250000000000000000000,-0.3693618873770090000000000000000000,-0.0779602147565904000000000000000000,-0.0779602147565904000000000000000000,-0.0779602147565904000000000000000000,-0.0779602147565904000000000000000000,-0.0779602147565904000000000000000000,-0.0779602147565904000000000000000000,-0.0779602147565904000000000000000000,-0.0779602147565904000000000000000000,-0.0779602147565904000000000000000000,-0.2162551743087690000000000000000000,-0.0779602147565904000000000000000000,0.0000000000000000000000000000000000,-0.0779602147565904000000000000000000,1.7526914527836800000000000000000000,1.7526914527836800000000000000000000,1.7526914527836800000000000000000000,2.0813599644226300000000000000000000,1.7570136097419000000000000000000000,3.0423521692442200000000000000000000,2.1468334357683700000000000000000000,0.0416651776466370000000000000000000,-0.1666587429318250000000000000000000,-0.1666587429318250000000000000000000,1.7363528095792000000000000000000000,1.7363528095792000000000000000000000,0.0000000000000000000000000000000000,-0.1666587429318250000000000000000000
US,WI,0.9686584662795090000000000000000000,0.9079578597463950000000000000000000,1.4732489372214700000000000000000000,1.4875864284835000000000000000000000,1.4732489372214700000000000000000000,0.0416664625018517000000000000000000,0.0416664625018517000000000000000000,-0.1666611482067900000000000000000000,-0.1666611482067900000000000000000000,-0.1666611482067900000000000000000000,0.0416664625018517000000000000000000,-0.8717037198893620000000000000000000,-0.0664336595281758000000000000000000,-0.0664336595281758000000000000000000,-0.0664336595281758000000000000000000,-0.0664336595281758000000000000000000,-0.0664336595281758000000000000000000,-0.0664336595281758000000000000000000,-0.0664336595281758000000000000000000,-0.0664336595281758000000000000000000,6.4996367932396200000000000000000000,-0.0664336595281758000000000000000000,1.6582777077908700000000000000000000,-0.1666611482067900000000000000000000,-0.1666611482067900000000000000000000,-0.3372697076999870000000000000000000,-0.0664336595281758000000000000000000,-0.0664336595281758000000000000000000,-0.0664336595281758000000000000000000,-0.0664336595281758000000000000000000,-0.0664336595281758000000000000000000,-0.0664336595281758000000000000000000,-0.0664336595281758000000000000000000,-0.0664336595281758000000000000000000,-0.0664336595281758000000000000000000,-0.2064619333832870000000000000000000,-0.0664336595281758000000000000000000,0.0000000000000008881784197001250000,-0.0664336595281758000000000000000000,1.2940844255661600000000000000000000,1.2940844255661600000000000000000000,1.2940844255661600000000000000000000,1.6106516983929900000000000000000000,1.3358462693424300000000000000000000,2.6748524835213900000000000000000000,1.8607349408721900000000000000000000,0.0416664625018517000000000000000000,-0.1666611482067900000000000000000000,-0.1666611482067900000000000000000000,1.4875864284835000000000000000000000,1.4875864284835000000000000000000000,0.0000000000000008881784197001250000,-0.1666611482067900000000000000000000
US,WV,0.8477540236770370000000000000000000,0.7184751998138330000000000000000000,1.2184589939867100000000000000000000,1.1948539067493100000000000000000000,1.2184589939867100000000000000000000,0.0416497373470206000000000000000000,0.0416497373470206000000000000000000,-0.1666802127527760000000000000000000,-0.1666802127527760000000000000000000,-0.1666802127527760000000000000000000,0.0416497373470206000000000000000000,-0.8902050047160540000000000000000000,-0.1954319885446580000000000000000000,-0.1954319885446580000000000000000000,-0.1954319885446580000000000000000000,-0.1954319885446580000000000000000000,-0.1954319885446580000000000000000000,-0.1954319885446580000000000000000000,-0.1954319885446580000000000000000000,-0.1954319885446580000000000000000000,5.6084488666836200000000000000000000,-0.1954319885446580000000000000000000,1.3189706823912200000000000000000000,-0.1666802127527760000000000000000000,-0.1666802127527760000000000000000000,-0.4331922684116490000000000000000000,-0.1954319885446580000000000000000000,-0.1954319885446580000000000000000000,-0.1954319885446580000000000000000000,-0.1954319885446580000000000000000000,-0.1954319885446580000000000000000000,-0.1954319885446580000000000000000000,-0.1954319885446580000000000000000000,-0.1954319885446580000000000000000000,-0.1954319885446580000000000000000000,-0.3161111576319140000000000000000000,-0.1954319885446580000000000000000000,0.0000000000000000000000000000000000,-0.1954319885446580000000000000000000,1.0655546173941700000000000000000000,1.0655546173941700000000000000000000,1.0655546173941700000000000000000000,1.3417260495322500000000000000000000,1.0952299755949500000000000000000000,2.2424220225282000000000000000000000,1.5240947532606600000000000000000000,0.0416497373470206000000000000000000,-0.1666802127527760000000000000000000,-0.1666802127527760000000000000000000,1.1948539067493100000000000000000000,1.1948539067493100000000000000000000,0.0000000000000000000000000000000000,-0.1666802127527760000000000000000000
US,WY,1.0326522586514800000000000000000000,1.0581604034448200000000000000000000,1.7166234015675900000000000000000000,1.9258675871150700000000000000000000,1.7166234015675900000000000000000000,0.0416676159686937000000000000000000,0.0416676159686937000000000000000000,-0.1666633075200700000000000000000000,-0.1666633075200700000000000000000000,-0.1666633075200700000000000000000000,0.0416676159686937000000000000000000,-0.8310216056745340000000000000000000,0.1996642600328450000000000000000000,0.1996642600328450000000000000000000,0.1996642600328450000000000000000000,0.1996642600328450000000000000000000,0.1996642600328450000000000000000000,0.1996642600328450000000000000000000,0.1996642600328450000000000000000000,0.1996642600328450000000000000000000,7.9567507685112500000000000000000000,0.1996642600328450000000000000000000,2.2672937691526700000000000000000000,-0.1666633075200700000000000000000000,-0.1666633075200700000000000000000000,-0.1252442997889610000000000000000000,0.1996642600328450000000000000000000,0.1996642600328450000000000000000000,0.1996642600328450000000000000000000,0.1996642600328450000000000000000000,0.1996642600328450000000000000000000,0.1996642600328450000000000000000000,0.1996642600328450000000000000000000,0.1996642600328450000000000000000000,0.1996642600328450000000000000000000,0.0197080274606871000000000000000000,0.1996642600328450000000000000000000,0.0000000000000000000000000000000000,0.1996642600328450000000000000000000,1.4725229523023600000000000000000000,1.4725229523023600000000000000000000,1.4725229523023600000000000000000000,1.8675416380689000000000000000000000,1.5656900531513100000000000000000000,3.3223083647224000000000000000000000,2.3647597470757600000000000000000000,0.0416676159686937000000000000000000,-0.1666633075200700000000000000000000,-0.1666633075200700000000000000000000,1.9258675871150700000000000000000000,1.9258675871150700000000000000000000,0.0000000000000000000000000000000000,-0.1666633075200700000000000000000000
