Broker,Rater,Industry
0,Unknown,Unknown
1,Single Family Dwellings,Habitational
2,Mid Rise Apartments - 5-9 stories,Habitational
3,Inns/Bed and Breakfasts,Hotels/Casino/Entertainment
4,Nursing Home,Health Services
5,Miscellaneous Retailers,Retail
6,General Warehousing and Storage - Multi Tenant,Storage and Wholesale Trade
7,Car Rental,Retail
8,Offices,Offices
9,Hospital,Health Services
10,Fitness and Recreational Sports Centers,Hotels/Casino/Entertainment
11,Parking Garages,Light Industry
12,Metal Stamping,Heavy Industry
13,Machinery Manufacturing,Light Industry
14,Processed Food Manufacturing - Non-Frozen,Food
15,Inorganic Chemical Manufacturing,Heavy Industry
16,Metal Product Manufacturing,Light Industry
17,Semiconductor and Wafer Manufacturing,Heavy Industry
18,Construction Contractors,Light Industry
19,Petroleum Refineries,Oil/Petro/Gas
20,Livestock Farming,Agriculture/Farming
21,Metal Below,Mining
22,"Church, Mosque or Synagogue",Religious/Churches
23,Governmental Office & Administration,Govermental/Municipal
24,Hospital,Health Services
25,Schools,Education
26,Roads/Highways/Toll Roads,Transportation
27,Heavy Rail,Transportation
28,Other Support Facilities For Air Transportation,Transportation
29,Piers and Wharves,Transportation
30,Substations,Utilities
31,Water Supply and Irrigation Systems,Utilities
32,Water & Sewage Treatment Facilities,Utilities
33,Natural Gas Distribution,Utilities
34,Telecoms - Cable - Above,Communications
35,Tv and Radio Stations,Communications
36,Governmental Office & Administration,Govermental/Municipal
37,Miscellaneous Retailers,Retail
38,Gas Fired Power Stations,Utilities
39,Unknown,Unknown
41,Unknown,Unknown
42,Mid Rise Condos - 5-9 stories,Habitational
43,Mid Rise Condos - 5-9 stories,Habitational
44,Gas Petrol Stations,Retail
47,Restaurants - Not Fast Food,Retail
48,Casino,Hotels/Casino/Entertainment
49,Hospital,Health Services
50,Hospital,Health Services
51,Resort Hotel,Hotels/Casino/Entertainment
52,Full-Service Hotel,Hotels/Casino/Entertainment
54,Universities and Colleges,Education
 (2) 8'6 x 40 Weather Shelter Containers,General Warehousing and Storage - Non-Hazardous,Storage and Wholesale Trade
 2 Trailers,Temporary Camps and Campgrounds,Hotels/Casino/Entertainment
 2-40' Storage Containers,General Warehousing and Storage - Non-Hazardous,Storage and Wholesale Trade
 Energy Power Plant,T&D,Utilities
 Haz Waste 10 Day Storage Facility,Miscellaneous Waste Management,Heavy Industry
 Incl Silos  Bag House  Shredder,Single Family Dwellings,Habitational
 Lab Building,Laboratories,Health Services
 Lab/Pharmacy ,Laboratories,Health Services
 Lessor's Risk Only (Medical office),Medical Office,Health Services
 Lessor's Risk Only/Residential/Warehouse/Owner Occupied,Mid Rise Apartments - 5-9 stories,Habitational
 Lime System,Miscellaneous Waste Management,Heavy Industry
 Lumber Sheds,General Warehousing and Storage - Non-Hazardous,Storage and Wholesale Trade
 Main Office & Laboratory ,Offices,Offices
 Maintenance,Machinery Manufacturing,Light Industry
 Mixed-Use LRO (Apartments & Warehouse),General Warehousing and Storage - Non-Hazardous,Storage and Wholesale Trade
 Office,Offices,Offices
 Office & Machine Shop - Lessor's Risk Only,Offices,Offices
 Office (Bldg 16),Offices,Offices
 Office/Warehouse ,General Warehousing and Storage - Non-Hazardous,Storage and Wholesale Trade
 Parking lot & Office Room Building,Parking Garages,Light Industry
 Satellite Office & Laboratory ,Offices,Offices
 Waste Solidfication Plant & Drum Handling & Storage (includes waste processing equipment),Miscellaneous Waste Management,Heavy Industry
 Waste Treatment Facility,Miscellaneous Waste Management,Heavy Industry
 Water Treatment & Lab,Water & Sewage Treatment Facilities,Utilities
(1) Single Modular Classroom,Schools,Education
(2) Single Modular Classroom Bldgs,Schools,Education
(3) Double Classroom Bldgs Mods (leased),Schools,Education
(3) Single Modular Classroom Bldgs,Schools,Education
(4) Single Modular Classroom Bldgs,Schools,Education
(6) Single Modular Classrooms,Schools,Education
01-Dwelling - 1 family,Single Family Dwellings,Habitational
02-Dwelling-Multi-Family,Mid Rise Apartments - 5-9 stories,Habitational
"03-Temp Lodging (Motel, etc)",Motels,Hotels/Casino/Entertainment
04-Group Housing,Single Family Dwellings,Habitational
0512Auto Parts Dist & Repair,Auto Repair Shop Garage,Retail
05-Retail Trades,Miscellaneous Retailers,Retail
06-Wholesale Trades,General Warehousing and Storage - Non-Hazardous,Storage and Wholesale Trade
07-Repair and Services,Auto Repair Shop Garage,Retail
08-Offices,Offices,Offices
09-Health Care Services,Home Health Care Service,Health Services
0FFICE,Offices,Offices
1 (Office Levels),Offices,Offices
1 APT AND MERC,Mid Rise Apartments - 5-9 stories,Habitational
1 Apt Rented,Mid Rise Apartments - 5-9 stories,Habitational
1 APT/MERC,Mid Rise Apartments - 5-9 stories,Habitational
1 Building for 2 purposes -CD&E Precious Metals Refining Business & Truck Garage and Maintenance,Metal Product Manufacturing,Light Industry
1 CONDO,Mid Rise Condos - 5-9 stories,Habitational
1 Condo Unit,Mid Rise Condos - 5-9 stories,Habitational
1 FAM DWELLING,Single Family Dwellings,Habitational
1 FAM- DWELLING,Single Family Dwellings,Habitational
1 FAMILY,Single Family Dwellings,Habitational
1 family dwelling,Single Family Dwellings,Habitational
1 Family Dwellings (Lessor's Risk),Single Family Dwellings,Habitational
1 FAMILY HOUSE,Single Family Dwellings,Habitational
1 FAMILY VACANT HOME,Mid Rise Apartments - 5-9 stories,Habitational
1 FMAM DWELLING,Single Family Dwellings,Habitational
1 RESTAURANT & 2 UNITS,Restaurants - Not Fast Food,Retail
1 Story,Mid Rise Apartments - 5-9 stories,Habitational
1 UNIT & RESTAURANT,Restaurants - Not Fast Food,Retail
1 UNIT APT,Mid Rise Apartments - 5-9 stories,Habitational
10 Aircraft T Hangar,Other Support Facilities For Air Transportation,Transportation
10 Classroom Addition,Schools,Education
10 Classroom Wing,Schools,Education
10 UNIT APARTMENT BUILDING,Mid Rise Apartments - 5-9 stories,Habitational
10 UNIT APT,Mid Rise Apartments - 5-9 stories,Habitational
"100,000 Gallon steel above ground water reservior",Water Supply and Irrigation Systems,Utilities
"100,000 gallon steel water reservoir ...above ground",Water Supply and Irrigation Systems,Utilities
"104,000 gallon water reservoir- above ground",Water Supply and Irrigation Systems,Utilities
"1052: Schools, Academic (including Day Care - Youth & Adult)",Schools,Education
"1070: Cemeteries - except private dwellings and mausoleums; Tanks - Sewage and Water Treatment; Fire Dept, Police...",Water & Sewage Treatment Facilities,Utilities
"108,724 gallon water reservoir above ground steel tank",Water Supply and Irrigation Systems,Utilities
"10-Entertainment, Recreation Restaurant",Restaurants - Not Fast Food,Retail
11 UNIT APT,Mid Rise Apartments - 5-9 stories,Habitational
11/3/17 - location name change office marketing,Offices,Offices
11-Parking (Garages),Parking Garages,Light Industry
11-UNIT APT,Mid Rise Apartments - 5-9 stories,Habitational
12 Classroom Addition,Schools,Education
"12 Soundstages, 6 Office Bldgs., 1 Parking Garage, 1 Screening/ Cafeteria Bldg., Stage & Equip Rental Facility",Parking Garages,Light Industry
12 Unit Apartment Bldg,Mid Rise Apartments - 5-9 stories,Habitational
12 UNIT APARTMENT BUILDING,Mid Rise Apartments - 5-9 stories,Habitational
12 UNIT APT,Mid Rise Apartments - 5-9 stories,Habitational
120' Steel Tower to support Communications Equipment,Telecoms - Transmission Towers,Communications
12-Manufacturing-Heavy,Machinery Manufacturing,Light Industry
13 Apartment and 1 commercial,Mid Rise Apartments - 5-9 stories,Habitational
13 UNIT APT,Mid Rise Apartments - 5-9 stories,Habitational
13 UNIT APTS,Mid Rise Apartments - 5-9 stories,Habitational
13-Manufacturing-Light,Machinery Manufacturing,Light Industry
14 Double Classroom Modular Bldgs.,Schools,Education
14 X 40 STORAGE BUILDING AT SARA BABB PARK,General Warehousing and Storage - Non-Hazardous,Storage and Wholesale Trade
14-Food Processing,Processed Food Manufacturing - Non-Frozen,Food
14x60 MOBILE CLASSROOM,Schools,Education
"150,000 gallon steel water tank above ground",Water Supply and Irrigation Systems,Utilities
155 WEST BRENTWOOD STORMWATER IMPROVEMENTS IV,Water Supply and Irrigation Systems,Utilities
16 Bed Residence,Mid Rise Apartments - 5-9 stories,Habitational
16 Temp Portable Classrooms**,Schools,Education
16 UNIT APARTMENT,Mid Rise Apartments - 5-9 stories,Habitational
16-Metal Processing,Metal Product Manufacturing,Light Industry
17-Tech Businesses,Telecoms - Transmission Towers,Communications
18-Construction,Construction Contractors,Light Industry
"19 modular classroom, admin buildings and associated walkways",Schools,Education
19 Unit Apartments,Mid Rise Apartments - 5-9 stories,Habitational
196: 1 Family Dwellings (Lessor's Risk),Single Family Dwellings,Habitational
1-FAM DWELLING,Single Family Dwellings,Habitational
1-FAM LRO,Single Family Dwellings,Habitational
1-Family Dwelling-LRO,Single Family Dwellings,Habitational
1-Family Owner Occupied,Single Family Dwellings,Habitational
1ST FLOOR REST. 2ND FLOOR RESIDENCE,Mid Rise Apartments - 5-9 stories,Habitational
1ST FLOOR RETAIL BASEMENT OFFICE,Offices,Offices
1ST FLOOR SHOP 2ND FLOOR OFFICE,Offices,Offices
2 (Parking Structure),Parking Garages,Light Industry
2 APARTMENTS,Mid Rise Apartments - 5-9 stories,Habitational
2 APARTMENTS & BAKERY,Mid Rise Apartments - 5-9 stories,Habitational
2 APARTMENTS &BAKERY,Mid Rise Apartments - 5-9 stories,Habitational
2 APT OFFICE,Mid Rise Apartments - 5-9 stories,Habitational
2 APT UNIT,Mid Rise Apartments - 5-9 stories,Habitational
2 APTS AND MERC,Mid Rise Apartments - 5-9 stories,Habitational
2 BDRM APT WITH SHOP,Mid Rise Apartments - 5-9 stories,Habitational
2 Commercial Tenants / 1 Plumber / 1 Storage Ware house,General Warehousing and Storage - Non-Hazardous,Storage and Wholesale Trade
2 Concession Stands - Football,Fitness and Recreational Sports Centers,Hotels/Casino/Entertainment
2 -Concessions / Pressbox (Baseball & Softball),Fitness and Recreational Sports Centers,Hotels/Casino/Entertainment
2 CONDOS,Mid Rise Condos - 5-9 stories,Habitational
2 Day Festival & Parade,Amusement and Theme Parks,Hotels/Casino/Entertainment
2 Double Classroom Modular Bldgs**,Schools,Education
2 Dwellings under renovations,Single Family Dwellings,Habitational
2 Fam,Mid Rise Apartments - 5-9 stories,Habitational
2 FAM DWELLING,Mid Rise Apartments - 5-9 stories,Habitational
2 FAM- DWELLING,Mid Rise Apartments - 5-9 stories,Habitational
2 FAM DWELLINGS,Mid Rise Apartments - 5-9 stories,Habitational
2 FAMILY,Mid Rise Apartments - 5-9 stories,Habitational
2 FAMILY BRICK BUILDING,Single Family Dwellings,Habitational
2 family dwelling,Mid Rise Apartments - 5-9 stories,Habitational
2 Family Dwellings (Lessor's Risk),Mid Rise Apartments - 5-9 stories,Habitational
2 family frame tenant occupied,Mid Rise Apartments - 5-9 stories,Habitational
2 FAMILY HOUSE,Mid Rise Apartments - 5-9 stories,Habitational
2 FAMILY RENTAL,Mid Rise Apartments - 5-9 stories,Habitational
"2 Leased Condo units
",Mid Rise Condos - 5-9 stories,Habitational
2 Story,Mid Rise Apartments - 5-9 stories,Habitational
2 Story Classroom Addition,Schools,Education
2 STORY DWELLING,Single Family Dwellings,Habitational
2 STORY DWELLING WITH 2 RESIDENTIAL UNITS,Mid Rise Apartments - 5-9 stories,Habitational
2 STORY FRAME DWELLINGS,Single Family Dwellings,Habitational
2 Suite Office Building,Offices,Offices
2 UNIT APT BLDG,Mid Rise Apartments - 5-9 stories,Habitational
2 UNIT RESIDENTAIL,Mid Rise Apartments - 5-9 stories,Habitational
2 UNIT RESIDENTIAL,Mid Rise Apartments - 5-9 stories,Habitational
2 Units and a Restaurant,Restaurants - Not Fast Food,Retail
20 APARTMENTS,Mid Rise Apartments - 5-9 stories,Habitational
"200,000 gallon steel water tank above ground",Water Supply and Irrigation Systems,Utilities
2005 Drum and Container Storage Building  Inc. Tanks,General Warehousing and Storage - Non-Hazardous,Storage and Wholesale Trade
20-Agribusiness,Livestock Farming,Agriculture/Farming
2100 CASTLE LAKE COURT STORMWATER IMPROVEMENTS IV,Water Supply and Irrigation Systems,Utilities
"215 S Main Street
Fort Worth, TX 76104
Accounting Office",Offices,Offices
22-Religious Organization,"Church, Mosque or Synagogue",Religious/Churches
23-General Services Social Services,Governmental Office & Administration,Govermental/Municipal
24 HOUR GAS STATION WITH CONVENIENCE STORE,Gas Petrol Stations,Retail
"25,000 gallon redwood water reservoir-above ground",Water Supply and Irrigation Systems,Utilities
25-Educational,Schools,Education
269 & 317 FARR ROAD STORMWATER IMPROVEMENTS IV,Water Supply and Irrigation Systems,Utilities
2-FAM & STORAGE,Mid Rise Apartments - 5-9 stories,Habitational
2-FAM DWELLING,Mid Rise Apartments - 5-9 stories,Habitational
2-FAMILY DWELLING LRO,Mid Rise Apartments - 5-9 stories,Habitational
2-Family Dwelling-LRO,Single Family Dwellings,Habitational
2FAMT,Mid Rise Apartments - 5-9 stories,Habitational
2nd Avenue Water Tank,Water Supply and Irrigation Systems,Utilities
2-Unit Residential,Mid Rise Apartments - 5-9 stories,Habitational
3 APARTMENTS & 1 BARBER SHOP,Mid Rise Apartments - 5-9 stories,Habitational
3 APARTMENTS &1 BARBER SHOP,Mid Rise Apartments - 5-9 stories,Habitational
3 Condo Units,Mid Rise Condos - 5-9 stories,Habitational
3 Fam,Mid Rise Apartments - 5-9 stories,Habitational
3 FAM - LRO,Mid Rise Apartments - 5-9 stories,Habitational
3 FAM APT,Mid Rise Apartments - 5-9 stories,Habitational
3 FAM DWELLING,Mid Rise Apartments - 5-9 stories,Habitational
3 FAM DWELLINGS,Mid Rise Apartments - 5-9 stories,Habitational
3 FAMILY,Mid Rise Apartments - 5-9 stories,Habitational
3 FAMILY APARTMENT HOUSE,Mid Rise Apartments - 5-9 stories,Habitational
3 FAMILY DWELLING,Mid Rise Apartments - 5-9 stories,Habitational
3 FAMILY DWELLING LRO,Mid Rise Apartments - 5-9 stories,Habitational
3 FAMILY FRAME DWELLING,Mid Rise Apartments - 5-9 stories,Habitational
3 FAMILY HOME,Mid Rise Apartments - 5-9 stories,Habitational
3 FAMILY LRO,Mid Rise Apartments - 5-9 stories,Habitational
3 Mobile Offices,Offices,Offices
3 or 4 Family Dwellings (Lessor's Risk),Mid Rise Apartments - 5-9 stories,Habitational
3 Story Brick Bldg Occupied by tattoo parlor,Miscellaneous Retailers,Retail
3 UNIT CONDO,Mid Rise Condos - 5-9 stories,Habitational
3 UNIT DWELLING,Mid Rise Apartments - 5-9 stories,Habitational
3 UNITS APARTMENT,Mid Rise Apartments - 5-9 stories,Habitational
"30,000 Gallon Water Tank",Water Supply and Irrigation Systems,Utilities
311: Apartments without Mercantile Occupancies - Up to 10 Units,Mid Rise Apartments - 5-9 stories,Habitational
"37,582 gallons water reservoir above ground",Water Supply and Irrigation Systems,Utilities
39-Miscellaneous,Unknown,Unknown
3-FAM DWELLING,Mid Rise Apartments - 5-9 stories,Habitational
3-FAMILY DWELLING LRO,Mid Rise Apartments - 5-9 stories,Habitational
3-Family Dwelling-LRO,Single Family Dwellings,Habitational
3-FAMILY HOUSE,Mid Rise Apartments - 5-9 stories,Habitational
4 APARTMENTS,Mid Rise Apartments - 5-9 stories,Habitational
4 APARTMENTS LOUNGE & CATERING HALL,Mid Rise Apartments - 5-9 stories,Habitational
4 APARTMENTS W/BAR/LOUNGE,Mid Rise Apartments - 5-9 stories,Habitational
4 APARTMENTSW/BAR/LOUNGE,Mid Rise Apartments - 5-9 stories,Habitational
4 APT,Mid Rise Apartments - 5-9 stories,Habitational
4 APTS,Mid Rise Apartments - 5-9 stories,Habitational
4 Classroom Addition,Schools,Education
4 CONDO UNIT,Mid Rise Condos - 5-9 stories,Habitational
4 CONTAINER STORAGE,General Warehousing and Storage - Non-Hazardous,Storage and Wholesale Trade
4 DWELLING,Mid Rise Apartments - 5-9 stories,Habitational
4 Fam,Mid Rise Apartments - 5-9 stories,Habitational
4 FAM APARTMENT,Mid Rise Apartments - 5-9 stories,Habitational
4 FAM DWELLING,Mid Rise Apartments - 5-9 stories,Habitational
4 FAMILY,Single Family Dwellings,Habitational
4 FAMILY DWELLI,Single Family Dwellings,Habitational
4 family dwelling,Mid Rise Apartments - 5-9 stories,Habitational
4 FAMILY RENTED,Mid Rise Apartments - 5-9 stories,Habitational
"4 Inmate housing,(cells)",Correctional Institutions and Prisons,Govermental/Municipal
4 New Classrooms,Schools,Education
4 Storage Units,General Warehousing and Storage - Non-Hazardous,Storage and Wholesale Trade
4 Story,Mid Rise Apartments - 5-9 stories,Habitational
4 STORY BUILDING WITH 6 RESIDENTIAL UNITS AND 1 MERC,Mid Rise Apartments - 5-9 stories,Habitational
4 STORY BUILDING WITH6 RESIDENTIAL UNITSAND 1 MERC,Mid Rise Apartments - 5-9 stories,Habitational
4 unit apt bldg,Mid Rise Apartments - 5-9 stories,Habitational
4 UNIT CONDO,Mid Rise Condos - 5-9 stories,Habitational
43 Unit Apartment/Retail,Mid Rise Apartments - 5-9 stories,Habitational
44th Ave Pump Station,Water Supply and Irrigation Systems,Utilities
4-Fam,Mid Rise Apartments - 5-9 stories,Habitational
4-FAM DWELLING,Single Family Dwellings,Habitational
4-FAMILY DWELLING,Mid Rise Apartments - 5-9 stories,Habitational
4-FAMILY DWELLING LRO,Mid Rise Apartments - 5-9 stories,Habitational
4-FAMILY DWELLINGLRO,Mid Rise Apartments - 5-9 stories,Habitational
4-Family Dwelling-LRO,Single Family Dwellings,Habitational
5 – UNIT RENTAL APARTMENT,Mid Rise Apartments - 5-9 stories,Habitational
5 APARTMENT,Mid Rise Apartments - 5-9 stories,Habitational
5 APARTMENTS,Mid Rise Apartments - 5-9 stories,Habitational
5 APT & 1 STORE,Mid Rise Apartments - 5-9 stories,Habitational
5 APT & MERC,Mid Rise Apartments - 5-9 stories,Habitational
5 Apts Rented,Mid Rise Apartments - 5-9 stories,Habitational
5 Batting Cages,Fitness and Recreational Sports Centers,Hotels/Casino/Entertainment
5 FAM DWELLING,Mid Rise Apartments - 5-9 stories,Habitational
5 Mobile Homes (models),Single Family Dwellings,Habitational
5 UNIT APART,Mid Rise Apartments - 5-9 stories,Habitational
5 Unit Apartment,Mid Rise Apartments - 5-9 stories,Habitational
5 UNIT APT,Mid Rise Apartments - 5-9 stories,Habitational
5 UNIT APTS,Mid Rise Apartments - 5-9 stories,Habitational
5 UNITS APT,Mid Rise Apartments - 5-9 stories,Habitational
5' x 10' ALUMINUM BUS SHELTER,Governmental Office & Administration,Govermental/Municipal
50' Steel Tower to support Communications Equipment,Telecoms - Transmission Towers,Communications
"50,000 above ground redwood water tank",Water Supply and Irrigation Systems,Utilities
"50,000 gallon above ground steel water tank",Water Supply and Irrigation Systems,Utilities
511: Mercantile - Sole Occupancy Only - Not Otherwise Classified - Low Susceptibility,Miscellaneous Retailers,Retail
"54,000 gallon water tank reservoir-above ground",Water Supply and Irrigation Systems,Utilities
55 MFG Homes/Specs,Single Family Dwellings,Habitational
55 Vehicles at $40k-Christmas parade,Auto Dealers,Retail
567: Mercantile - Sole Occupancy Only - Not Otherwise Classified - Moderate Susceptibility,Miscellaneous Retailers,Retail
6 APARTMENTS,Mid Rise Apartments - 5-9 stories,Habitational
6 Apartments with 2 Stores,Mid Rise Apartments - 5-9 stories,Habitational
6 Classroom Addition,Schools,Education
6 Classroom Building,Schools,Education
6 Classroom Wing Bldg,Schools,Education
6 Condo Units,Mid Rise Condos - 5-9 stories,Habitational
6 Double Classroom Modular Bldgs,Schools,Education
6 FAM DWELLING,Single Family Dwellings,Habitational
6 FAMILY,Single Family Dwellings,Habitational
6 family frame tenant occupied,Mid Rise Apartments - 5-9 stories,Habitational
6 FAMILY RENTAL,Mid Rise Apartments - 5-9 stories,Habitational
6 RENTAL UNITS,Mid Rise Apartments - 5-9 stories,Habitational
6 Science Lab Addition,Laboratories,Health Services
6 SLEEPING CABINS,Lodges and Clubs,Hotels/Casino/Entertainment
6 Unit Apartment Building,Mid Rise Apartments - 5-9 stories,Habitational
6 UNIT APARTMENTS,Mid Rise Apartments - 5-9 stories,Habitational
6 UNIT APAT,Mid Rise Apartments - 5-9 stories,Habitational
6 UNIT APT,Mid Rise Apartments - 5-9 stories,Habitational
6 UNIT APT BLDG,Mid Rise Apartments - 5-9 stories,Habitational
6 UNIT APTS,Mid Rise Apartments - 5-9 stories,Habitational
6 Unit Townhouse,Mid Rise Apartments - 5-9 stories,Habitational
6 UNITS APT,Mid Rise Apartments - 5-9 stories,Habitational
6 UNITS APTS,Mid Rise Apartments - 5-9 stories,Habitational
60K sq. ft. wet ingredients processing plant plus 5 rental houses/garages ,Single Family Dwellings,Habitational
6-UNIT APARTMENT,Mid Rise Apartments - 5-9 stories,Habitational
6-UNIT APT,Mid Rise Apartments - 5-9 stories,Habitational
6-UNIT APT BLDG,Mid Rise Apartments - 5-9 stories,Habitational
7 APARTMENTS,Mid Rise Apartments - 5-9 stories,Habitational
7 Bay Garage,Parking Garages,Light Industry
7 RENTAL UNITS,Mid Rise Apartments - 5-9 stories,Habitational
7 UNIT APART,Mid Rise Apartments - 5-9 stories,Habitational
7 UNIT APT,Mid Rise Apartments - 5-9 stories,Habitational
7 UNIT APTS,Mid Rise Apartments - 5-9 stories,Habitational
7 UNITS APARTMENT,Mid Rise Apartments - 5-9 stories,Habitational
702: Offices and Banks - Non-Governmental (incl Outpatient Health Care & Home Health Care Services),Outpatient Care Centers,Health Services
"74: Boarding and Lodging Houses, Rooming Houses, Fraternities and Sororities, Dormitories - Up to 10 Units",Lodges and Clubs,Hotels/Casino/Entertainment
745: Motels and Hotels without Restaurant - Up to 10 Units,Motels,Hotels/Casino/Entertainment
75 Foot Christmas Tree,Unknown,Unknown
"77: Convents, Monasteries and Rectories, Orphan Homes, Nurses' Homes, Sisters' Homes - Up to 10 Units","Church, Mosque or Synagogue",Religious/Churches
8 APARTMENTS,Mid Rise Apartments - 5-9 stories,Habitational
8 Classroom Addition,Schools,Education
8 Classroom Wing,Schools,Education
8 Clsrm Addition/Restrooms/Offices,Offices,Offices
8 CONDOS,Mid Rise Condos - 5-9 stories,Habitational
8 Golf Carts Rented for Festival,Golf Courses and Country Clubs,Hotels/Casino/Entertainment
8 UNIT APT,Mid Rise Apartments - 5-9 stories,Habitational
8 Unit Apts,Mid Rise Apartments - 5-9 stories,Habitational
8 UNIT CONDO ASSOCIATION,Mid Rise Condos - 5-9 stories,Habitational
8 UNIT CONDOASSOCIATION,Mid Rise Condos - 5-9 stories,Habitational
8 Units apt building,Mid Rise Apartments - 5-9 stories,Habitational
80 HOUSE,Single Family Dwellings,Habitational
832: Theaters Excluding Drive-in Theaters; Radio or TV Broadcasting Stations,Cinemas,Retail
"844: Recreational Facilities - NOC (Com'ty Centers, Youth Rec, Indoor Bleachers/Pools)",Fitness and Recreational Sports Centers,Hotels/Casino/Entertainment
"852: Health Care Facilities (Homes for aged, handicapped or orphaned; Mental-Psycopathic; Drug treatment)",Assisted Living,Health Services
8X20 Modular Office - MDI HQ Office,Offices,Offices
9 UNIT APAT,Mid Rise Apartments - 5-9 stories,Habitational
900: Churches and Synagogues,"Church, Mosque or Synagogue",Religious/Churches
921: Mausoleums and Light Hazard Service Occupancies,"Church, Mosque or Synagogue",Religious/Churches
923: Funeral Homes,Funeral Homes and Services,Retail
9-UNIT APT,Mid Rise Apartments - 5-9 stories,Habitational
A Loop electrical kiosk - utilities kiosk,T&D,Utilities
A&B Retail,Miscellaneous Retailers,Retail
AA Building - Meeting Hall,Rehabilitation Facility,Health Services
Abandoned dwelling,Single Family Dwellings,Habitational
Abandoned Well Station,Water Supply and Irrigation Systems,Utilities
ABC Daycare,Day Care,Health Services
"Above ground 10,000 gallon water tank at treatment site",Water Supply and Irrigation Systems,Utilities
"Above ground 50,000 gallon water tank reservoir....currently not in use",Water Supply and Irrigation Systems,Utilities
ABove ground 6500 gallon water reservoir tank,Water Supply and Irrigation Systems,Utilities
Above ground Glass Steel lined water tank reservoir,Water Supply and Irrigation Systems,Utilities
"Above ground redwood 10,000 gallon water supply",Water Supply and Irrigation Systems,Utilities
"Above ground redwood 100,000 gallon water reservoir",Water Supply and Irrigation Systems,Utilities
Above ground redwood 150000 gallon water supply,Water Supply and Irrigation Systems,Utilities
Above ground redwood 25000 gallon water supply,Water Supply and Irrigation Systems,Utilities
Above ground redwood 5000 gallon water supply,Water Supply and Irrigation Systems,Utilities
"Above ground redwood tank water supply reservoir 150,000 capacity",Water Supply and Irrigation Systems,Utilities
Above ground steel 130000 gallon water supply,Water Supply and Irrigation Systems,Utilities
Above ground steel 20000 gallon water supply,Water Supply and Irrigation Systems,Utilities
Above ground steel 55000 gallon water supply,Water Supply and Irrigation Systems,Utilities
Above ground steel welded water tank,Water Supply and Irrigation Systems,Utilities
Academic/computer Resource Ctr.,Schools,Education
Academy,Schools,Education
Access Medical South,Medical Office,Health Services
Accomodation,Single Family Dwellings,Habitational
ACCOUNTING BUILDING,Offices,Offices
Accounting Services,Offices,Offices
ACCOUNTS RECEIVABLES,Offices,Offices
Acctg/Admin,Offices,Offices
ACID MIXING TANK,Inorganic Chemical Manufacturing,Heavy Industry
ACID TANK,Inorganic Chemical Manufacturing,Heavy Industry
Action Pre-Fab Office,Offices,Offices
Activities Building,Fitness and Recreational Sports Centers,Hotels/Casino/Entertainment
Activity,Fitness and Recreational Sports Centers,Hotels/Casino/Entertainment
ACTIVITY BUILDING,Fitness and Recreational Sports Centers,Hotels/Casino/Entertainment
Activity Center by Pool,Fitness and Recreational Sports Centers,Hotels/Casino/Entertainment
Acute Care,Home Health Care Service,Health Services
Acute Care Hospital,Hospital,Health Services
Acute Care Services Hospitals,Hospital,Health Services
Addition to Hotel,Full-Service Hotel,Hotels/Casino/Entertainment
Adm Annex & Alt. School,Schools,Education
Admin Addition,Offices,Offices
ADMIN BUILDING,Offices,Offices
Admin Decon Bldg,Offices,Offices
Admin Dept,Offices,Offices
Admin Dept (inside Prev med clinic - only uses about 1000 sq feet of space),Fitness and Recreational Sports Centers,Hotels/Casino/Entertainment
Admin East Bldg,Offices,Offices
Admin office,Offices,Offices
Admin office subleased ,Offices,Offices
Admin Offices,Offices,Offices
Admin West Addition,Offices,Offices
"Admin, Public Restrooms",Offices,Offices
"Admin, Sales, Stocking, Service/Repair",Auto Repair Shop Garage,Retail
Admin.,Offices,Offices
Admin. Office Space and Parking,Offices,Offices
"Admin. Office, R&D, Federal Inspectors",Offices,Offices
Admin./classrooms,Schools,Education
Admin./Clrms,Offices,Offices
Admin./Media,Tv and Radio Stations,Communications
Admin./Media/Clrm,Tv and Radio Stations,Communications
Admin/ Program,Offices,Offices
Admin/Classrooms,Schools,Education
Admin/Clsrms/café,Restaurants - Not Fast Food,Retail
Admin/Ese Classrooms,Schools,Education
Admin/Gym*,Fitness and Recreational Sports Centers,Hotels/Casino/Entertainment
Admin/Library,Library,Govermental/Municipal
Admin/Library Bldg.,Library,Govermental/Municipal
Admin/Library/Classrooms,Library,Govermental/Municipal
Admin/Media/Clrm,Tv and Radio Stations,Communications
Admin/Office,Offices,Offices
Admin/Office/Storage,General Warehousing and Storage - Non-Hazardous,Storage and Wholesale Trade
Admin/Student Services/Classrooms,Mid Rise Student Housing - 5-9 stories,Habitational
Administration,Offices,Offices
ADMINISTRATION - CITY HALL,Governmental Office & Administration,Govermental/Municipal
ADMINISTRATION - CLASSROOM BUILDING,Schools,Education
Administration - Lab Building,Laboratories,Health Services
"Administration - VBSO
Evolent",Offices,Offices
Administration & support building,Offices,Offices
Administration Addition,Offices,Offices
Administration Addition Main Bldg,Offices,Offices
Administration and food services,Offices,Offices
Administration and showroom,Offices,Offices
Administration Bldg,Offices,Offices
"Administration Bldg (30,000)",Offices,Offices
Administration Bldg/Office,Offices,Offices
Administration building,Offices,Offices
ADMINISTRATION BUILDING - DALTON,Offices,Offices
ADMINISTRATION BUILDING - ROME,Offices,Offices
Administration Complex,Offices,Offices
Administration for Remediation Group,Offices,Offices
Administration of programs,Offices,Offices
Administration Office,Offices,Offices
Administration office and storage,Offices,Offices
"Administration office, veterinary laboratory and storage",Offices,Offices
Administration offices,Offices,Offices
"Administration Offices, and Meeting Rooms",Offices,Offices
Administration Portable,Offices,Offices
Administration w/new addition,Offices,Offices
Administration/Cafeteria,Restaurants - Not Fast Food,Retail
Administrative,Offices,Offices
Administrative - Maintenance Building,Machinery Manufacturing,Light Industry
administrative & volunteer use,Offices,Offices
Administrative Building,Offices,Offices
Administrative duties,Offices,Offices
Administrative Office,Offices,Offices
Administrative Office Bldg.,Offices,Offices
Administrative Office for OPRD,Offices,Offices
Administrative Offices,Offices,Offices
Administrative Offices/fitness center,Offices,Offices
Adminstrative Offices,Offices,Offices
"Admission, behavioral and corrections patient mall and housing",Correctional Institutions and Prisons,Govermental/Municipal
Adult Assisted Living,Assisted Living,Health Services
Adult correctional housing unit(cells),Correctional Institutions and Prisons,Govermental/Municipal
ADULT DAY CARE,Day Care,Health Services
ADULT EXERCISE STATION,Fitness and Recreational Sports Centers,Hotels/Casino/Entertainment
Adult Home and Assisted Living Patients with problems,Assisted Living,Health Services
Adult ID/DD Group Home,Assisted Living,Health Services
Adult ID/DD Medical Group Home,Assisted Living,Health Services
ADULT LEARNING,Schools,Education
ADULT LIVING FACILITY - CC 0852 / OC 4,Residential Care,Health Services
Adult/Child Care/Schools,Schools,Education
Advanced Traffic Management - EOC,Offices,Offices
Affordable Housing,Single Family Dwellings,Habitational
After School Enrichment Center,Schools,Education
AG Barn,Livestock Farming,Agriculture/Farming
Ag Farm Building,Livestock Farming,Agriculture/Farming
Ag Greenhouse 1,Livestock Farming,Agriculture/Farming
Ag Greenhouse 2,Livestock Farming,Agriculture/Farming
Ag. Lab/Locher room,Laboratories,Health Services
Ag/Science Bldg,Livestock Farming,Agriculture/Farming
AGI Admin Office,Offices,Offices
Agr. 1-45 Greenhouse,Livestock Farming,Agriculture/Farming
Agri and Industrial Science Research Lab,Laboratories,Health Services
Agri Enginerring & Tech Annex,Unknown,Unknown
Agri Equip Dealer,Auto Parts,Retail
Agriculture,Livestock Farming,Agriculture/Farming
Agriculture - 20,Livestock Farming,Agriculture/Farming
Agriculture Barn,Livestock Farming,Agriculture/Farming
Agri-Science,Livestock Farming,Agriculture/Farming
Agriscience Bldg.,Livestock Farming,Agriculture/Farming
Agriscience/Home Ec. Wing,Livestock Farming,Agriculture/Farming
Air,Other Support Facilities For Air Transportation,Transportation
Air Conditioning Equipment Mfg. – Precision parts,Electrical Equipment and Component Manufacturing,Light Industry
Air Museum-Sound Equip Rental,Museums,Hotels/Casino/Entertainment
Air Quality Monitoring Station - Electricity reimbursement only - No rent paid,Unknown,Unknown
Air Terminal,Airport Terminals,Transportation
Air Transportaion - 28,Other Support Facilities For Air Transportation,Transportation
AIRBNB,Inns/Bed and Breakfasts,Hotels/Casino/Entertainment
Aircraft Hangar,Other Support Facilities For Air Transportation,Transportation
Aircraft Hangar 1,Other Support Facilities For Air Transportation,Transportation
Aircraft Hangar 2,Other Support Facilities For Air Transportation,Transportation
Aircraft Hangar 3,Other Support Facilities For Air Transportation,Transportation
AIRCRAFT HANGER WITH REPAIRING - CC 0933 / OC 28,Other Support Facilities For Air Transportation,Transportation
Aircraft Hanger/Repair,Other Support Facilities For Air Transportation,Transportation
AIRFIELD ELECTRICAL VAULT,Other Support Facilities For Air Transportation,Transportation
Airplane hangar,Other Support Facilities For Air Transportation,Transportation
Airport Buildings,Airport Terminals,Transportation
AIRPORT CARETAKER PATRIOT,Airport Terminals,Transportation
Airport Hangar,Other Support Facilities For Air Transportation,Transportation
AIRPORT TERMINAL,Airport Terminals,Transportation
Airport Terminal Building,Airport Terminals,Transportation
AL Vet Lab,Laboratories,Health Services
Alamo Building-  AIM High School Gym,Schools,Education
Alamo Building:  AIM HIGH SCHOOL,Schools,Education
Alamo Building:  AIM High School - HVAC Structure,Schools,Education
Alamo Building: AIM Warehouse-Mech Bldg,General Warehousing and Storage - Non-Hazardous,Storage and Wholesale Trade
Alcohol and Drug Abuse,Rehabilitation Facility,Health Services
Alcohol Related (not Bars),"Lounges, Night Clubs, Discos",Retail
Alcohol/Drug Abuse,Rehabilitation Facility,Health Services
ALERRT Storage Building,General Warehousing and Storage - Non-Hazardous,Storage and Wholesale Trade
AMASIA RESTAURANT,Restaurants - Not Fast Food,Retail
Ambulance Building,Home Health Care Service,Health Services
AMBULANCE STATION,Home Health Care Service,Health Services
AMBULANCES - refer to itemized schedule,Home Health Care Service,Health Services
Ambulatory Care,Home Health Care Service,Health Services
AMPHITHEATER,Amusement and Theme Parks,Hotels/Casino/Entertainment
AMPHITHEATER AND RESTROOMS,Amusement and Theme Parks,Hotels/Casino/Entertainment
Amphitheatre,Amusement and Theme Parks,Hotels/Casino/Entertainment
AMPITHEATER,Amusement and Theme Parks,Hotels/Casino/Entertainment
Amusement & Recreation Services - 10,Fitness and Recreational Sports Centers,Hotels/Casino/Entertainment
Amusement and recreation services,Fitness and Recreational Sports Centers,Hotels/Casino/Entertainment
Amusement Arcade,Amusement and Theme Parks,Hotels/Casino/Entertainment
Amusement Arcade & Rentals,Amusement and Theme Parks,Hotels/Casino/Entertainment
"Amusement Arcade. Miniature Golf,Etc",Golf Courses and Country Clubs,Hotels/Casino/Entertainment
Amusement Centers,Amusement and Theme Parks,Hotels/Casino/Entertainment
Amusement Park,Amusement and Theme Parks,Hotels/Casino/Entertainment
Amusement Park/Fairgrounds,Governmental Office & Administration,Govermental/Municipal
Animal Barn,Livestock Farming,Agriculture/Farming
Animal Control,Livestock Farming,Agriculture/Farming
Animal Control Building,Livestock Farming,Agriculture/Farming
Animal Control Office & Kennel Exp.,Offices,Offices
ANIMAL CONTROL SHELTER,Livestock Farming,Agriculture/Farming
Animal Husbandry,Support Activities For Animal Production,Agriculture/Farming
Animal Husbandry Barn,Support Activities For Animal Production,Agriculture/Farming
Animal Shelter,Veterinary Services,Agriculture/Farming
Animal testing facility,Laboratories,Health Services
Animal/Vet Services,Veterinary Services,Agriculture/Farming
Annex-CE & Office,Offices,Offices
Announcer Booth - Office - Restroom Building,Offices,Offices
Antique Shop,Miscellaneous Retailers,Retail
Antique Stores,Miscellaneous Retailers,Retail
"Antiques, Furniture, Pawn & Second Hand Stores",Pawn Shop,Retail
Aoartments,Mid Rise Apartments - 5-9 stories,Habitational
Apartment,Mid Rise Apartments - 5-9 stories,Habitational
Apartment - 2,Mid Rise Apartments - 5-9 stories,Habitational
Apartment - Amenities,Mid Rise Apartments - 5-9 stories,Habitational
APARTMENT - LRO,Mid Rise Apartments - 5-9 stories,Habitational
APARTMENT & COMMERCIAL RESTAURANT,Mid Rise Apartments - 5-9 stories,Habitational
Apartment (1),Mid Rise Apartments - 5-9 stories,Habitational
Apartment 1,Mid Rise Apartments - 5-9 stories,Habitational
Apartment 10,Mid Rise Apartments - 5-9 stories,Habitational
Apartment 105,Mid Rise Apartments - 5-9 stories,Habitational
Apartment 109,Mid Rise Apartments - 5-9 stories,Habitational
Apartment 115,Mid Rise Apartments - 5-9 stories,Habitational
Apartment 126,Mid Rise Apartments - 5-9 stories,Habitational
Apartment 13,Mid Rise Apartments - 5-9 stories,Habitational
Apartment 16,Mid Rise Apartments - 5-9 stories,Habitational
Apartment 17,Mid Rise Apartments - 5-9 stories,Habitational
Apartment 18,Mid Rise Apartments - 5-9 stories,Habitational
Apartment 1-A,Mid Rise Apartments - 5-9 stories,Habitational
Apartment 2,Mid Rise Apartments - 5-9 stories,Habitational
Apartment 21,Mid Rise Apartments - 5-9 stories,Habitational
Apartment 219,Mid Rise Apartments - 5-9 stories,Habitational
Apartment 22,Mid Rise Apartments - 5-9 stories,Habitational
Apartment 228,Mid Rise Apartments - 5-9 stories,Habitational
Apartment 22-A,Mid Rise Apartments - 5-9 stories,Habitational
Apartment 23,Mid Rise Apartments - 5-9 stories,Habitational
Apartment 23-A,Mid Rise Apartments - 5-9 stories,Habitational
Apartment 24,Mid Rise Apartments - 5-9 stories,Habitational
Apartment 24-A,Mid Rise Apartments - 5-9 stories,Habitational
Apartment 26-A,Mid Rise Apartments - 5-9 stories,Habitational
Apartment 27,Mid Rise Apartments - 5-9 stories,Habitational
Apartment 27-A,Mid Rise Apartments - 5-9 stories,Habitational
Apartment 28-A,Mid Rise Apartments - 5-9 stories,Habitational
Apartment 30-A,Mid Rise Apartments - 5-9 stories,Habitational
Apartment 32,Mid Rise Apartments - 5-9 stories,Habitational
Apartment 32-A,Mid Rise Apartments - 5-9 stories,Habitational
Apartment 331,Mid Rise Apartments - 5-9 stories,Habitational
Apartment 333,Mid Rise Apartments - 5-9 stories,Habitational
Apartment 365,Mid Rise Apartments - 5-9 stories,Habitational
Apartment 366,Mid Rise Apartments - 5-9 stories,Habitational
Apartment 377,Mid Rise Apartments - 5-9 stories,Habitational
Apartment 378,Mid Rise Apartments - 5-9 stories,Habitational
Apartment 395,Mid Rise Apartments - 5-9 stories,Habitational
Apartment 396,Mid Rise Apartments - 5-9 stories,Habitational
Apartment 4,Mid Rise Apartments - 5-9 stories,Habitational
Apartment 406,Mid Rise Apartments - 5-9 stories,Habitational
Apartment 407,Mid Rise Apartments - 5-9 stories,Habitational
Apartment 421,Mid Rise Apartments - 5-9 stories,Habitational
Apartment 422,Mid Rise Apartments - 5-9 stories,Habitational
Apartment 46,Mid Rise Apartments - 5-9 stories,Habitational
Apartment 47,Mid Rise Apartments - 5-9 stories,Habitational
Apartment 5,Mid Rise Apartments - 5-9 stories,Habitational
Apartment 50,Mid Rise Apartments - 5-9 stories,Habitational
Apartment 545,Mid Rise Apartments - 5-9 stories,Habitational
Apartment 6,Mid Rise Apartments - 5-9 stories,Habitational
Apartment 6-A,Mid Rise Apartments - 5-9 stories,Habitational
Apartment 7540,Mid Rise Apartments - 5-9 stories,Habitational
Apartment 7550,Mid Rise Apartments - 5-9 stories,Habitational
Apartment 7-A,Mid Rise Apartments - 5-9 stories,Habitational
Apartment 80,Mid Rise Apartments - 5-9 stories,Habitational
Apartment 9,Mid Rise Apartments - 5-9 stories,Habitational
Apartment 96,Mid Rise Apartments - 5-9 stories,Habitational
Apartment 9-A,Mid Rise Apartments - 5-9 stories,Habitational
Apartment Amenities,Mid Rise Apartments - 5-9 stories,Habitational
APARTMENT AND BEAUTY SALON,Mid Rise Apartments - 5-9 stories,Habitational
APARTMENT ANDBEAUTY SALON,Mid Rise Apartments - 5-9 stories,Habitational
APARTMENT BLDG,Mid Rise Apartments - 5-9 stories,Habitational
Apartment Bldg 4+ Units,Mid Rise Apartments - 5-9 stories,Habitational
Apartment Building,Mid Rise Apartments - 5-9 stories,Habitational
Apartment Building A,Mid Rise Apartments - 5-9 stories,Habitational
Apartment Building B,Mid Rise Apartments - 5-9 stories,Habitational
Apartment Building C,Mid Rise Apartments - 5-9 stories,Habitational
Apartment Building E,Mid Rise Apartments - 5-9 stories,Habitational
Apartment Building F,Mid Rise Apartments - 5-9 stories,Habitational
Apartment Building G,Mid Rise Apartments - 5-9 stories,Habitational
Apartment Building H,Mid Rise Apartments - 5-9 stories,Habitational
Apartment Buildings - garden - With Mercantile Occupancies - 11 to 30 units,Mid Rise Apartments - 5-9 stories,Habitational
Apartment Buildings - garden - With Mercantile Occupancies - Over 30 units,Mid Rise Apartments - 5-9 stories,Habitational
Apartment Buildings - garden - With Mercantile Occupancies - up to 10 units,Mid Rise Apartments - 5-9 stories,Habitational
Apartment Buildings - garden - Without Mercantile Occupancies - up to 10 units,Mid Rise Apartments - 5-9 stories,Habitational
Apartment Buildings - With Mercantile Occupancies - 11 to 30 units,Mid Rise Apartments - 5-9 stories,Habitational
Apartment Buildings - With Mercantile Occupancies -- Over 30 units,Mid Rise Apartments - 5-9 stories,Habitational
Apartment Buildings - With Mercantile Occupancies - up to 10 units,Mid Rise Apartments - 5-9 stories,Habitational
Apartment Buildings - Without Mercantile Occupancies - 11 to 30 units,Mid Rise Apartments - 5-9 stories,Habitational
Apartment Buildings - Without Mercantile Occupancies -- Over 30 units,Mid Rise Apartments - 5-9 stories,Habitational
Apartment Buildings - Without Mercantile Occupancies - up to 10 units,Mid Rise Apartments - 5-9 stories,Habitational
"Apartment Buildings or Hotels time-sharing - 4 stories or more - With Mercantile Occupancies, 11 to 30 units",Mid Rise Apartments - 5-9 stories,Habitational
Apartment Clubhouse,Mid Rise Apartments - 5-9 stories,Habitational
Apartment Comples,Mid Rise Apartments - 5-9 stories,Habitational
Apartment Complex,Mid Rise Apartments - 5-9 stories,Habitational
"Apartment Hotels less than 4 stories - With Mercantile Occupancies, up to 10 units",Full-Service Hotel,Hotels/Casino/Entertainment
"Apartment Hotels less than 4 stories - Without Mercantile Occupancies, 11 to 30 units",Full-Service Hotel,Hotels/Casino/Entertainment
"Apartment Hotels less than 4 stories - Without Mercantile Occupancies, up to 10 units",Full-Service Hotel,Hotels/Casino/Entertainment
APARTMENT HOUSE,Mid Rise Apartments - 5-9 stories,Habitational
Apartment Houses,Mid Rise Apartments - 5-9 stories,Habitational
Apartment Low-Rise,Mid Rise Apartments - 5-9 stories,Habitational
Apartment Mid-Rise,Mid Rise Apartments - 5-9 stories,Habitational
APARTMENT SHELL,Mid Rise Apartments - 5-9 stories,Habitational
APARTMENT SHELL - Garages,Mid Rise Apartments - 5-9 stories,Habitational
Apartment units with commercial unit,Mid Rise Apartments - 5-9 stories,Habitational
Apartment(s),Mid Rise Apartments - 5-9 stories,Habitational
"Apartment, Mid-Rise Frame over Podium",Mid Rise Apartments - 5-9 stories,Habitational
Apartment/ Garage,Mid Rise Apartments - 5-9 stories,Habitational
APARTMENT/LESSOR'S RISK ONLY,Mid Rise Apartments - 5-9 stories,Habitational
Apartment/LRO,Mid Rise Apartments - 5-9 stories,Habitational
APARTMENT/LRO AND LRO OFFICE/STORAGE,Mid Rise Apartments - 5-9 stories,Habitational
APARTMENT/LRO TO BE RENOVATED,Mid Rise Apartments - 5-9 stories,Habitational
Apartment/LRO/Vacant Building,Mid Rise Apartments - 5-9 stories,Habitational
Apartment/warehouse,Mid Rise Apartments - 5-9 stories,Habitational
Apartments,Mid Rise Apartments - 5-9 stories,Habitational
Apartments - 11 to 30 units,Mid Rise Apartments - 5-9 stories,Habitational
Apartments  11-14,Mid Rise Apartments - 5-9 stories,Habitational
Apartments  2-A - 2-B,Mid Rise Apartments - 5-9 stories,Habitational
Apartments  30-32,Mid Rise Apartments - 5-9 stories,Habitational
Apartments  43-45,Mid Rise Apartments - 5-9 stories,Habitational
Apartments  55-57,Mid Rise Apartments - 5-9 stories,Habitational
Apartments  58-59,Mid Rise Apartments - 5-9 stories,Habitational
Apartments - Garage,Mid Rise Apartments - 5-9 stories,Habitational
APARTMENTS – LRO,Mid Rise Apartments - 5-9 stories,Habitational
Apartments - Over 30 units,Mid Rise Apartments - 5-9 stories,Habitational
Apartments - Up to 10 units,Mid Rise Apartments - 5-9 stories,Habitational
"Apartments - With Mercantile Occupancies, 11 to 30 units",Mid Rise Apartments - 5-9 stories,Habitational
"Apartments - With Mercantile Occupancies, over 30 units",Mid Rise Apartments - 5-9 stories,Habitational
"Apartments - With Mercantile Occupancies, up to 10 units",Mid Rise Apartments - 5-9 stories,Habitational
"Apartments - Without Mercantile Occupancies, 11 to 30 units",Mid Rise Apartments - 5-9 stories,Habitational
"Apartments - Without Mercantile Occupancies, over 30 units",Mid Rise Apartments - 5-9 stories,Habitational
"Apartments - Without Mercantile Occupancies, up to 10 units",Mid Rise Apartments - 5-9 stories,Habitational
APARTMENTS & DWELLINGS,Mid Rise Apartments - 5-9 stories,Habitational
APARTMENTS & LRO,Mid Rise Apartments - 5-9 stories,Habitational
APARTMENTS & LRO DAYCARE,Mid Rise Apartments - 5-9 stories,Habitational
"Apartments (47 Units) and Commercial Space (1 Unit, 900 sq ft)",Mid Rise Apartments - 5-9 stories,Habitational
Apartments (Frame),Mid Rise Apartments - 5-9 stories,Habitational
Apartments (Joisted Masonry),Mid Rise Apartments - 5-9 stories,Habitational
Apartments (NC 1 or Better),Mid Rise Apartments - 5-9 stories,Habitational
Apartments / Condominiums,Mid Rise Condos - 5-9 stories,Habitational
Apartments / Florist,Mid Rise Apartments - 5-9 stories,Habitational
Apartments 101-102,Mid Rise Apartments - 5-9 stories,Habitational
Apartments 101-103,Mid Rise Apartments - 5-9 stories,Habitational
Apartments 101-109,Mid Rise Apartments - 5-9 stories,Habitational
Apartments 102-104,Mid Rise Apartments - 5-9 stories,Habitational
Apartments 103-104,Mid Rise Apartments - 5-9 stories,Habitational
Apartments 105-106,Mid Rise Apartments - 5-9 stories,Habitational
Apartments 105-107,Mid Rise Apartments - 5-9 stories,Habitational
Apartments 106-108,Mid Rise Apartments - 5-9 stories,Habitational
Apartments 109-114,Mid Rise Apartments - 5-9 stories,Habitational
Apartments 110-112,Mid Rise Apartments - 5-9 stories,Habitational
Apartments 11-12,Mid Rise Apartments - 5-9 stories,Habitational
Apartments 1-2,Mid Rise Apartments - 5-9 stories,Habitational
Apartments 12 Units - Polley,Mid Rise Apartments - 5-9 stories,Habitational
Apartments 13-14,Mid Rise Apartments - 5-9 stories,Habitational
Apartments 13-15,Mid Rise Apartments - 5-9 stories,Habitational
Apartments 14-15,Mid Rise Apartments - 5-9 stories,Habitational
Apartments 1-5,Mid Rise Apartments - 5-9 stories,Habitational
Apartments 15-16,Mid Rise Apartments - 5-9 stories,Habitational
Apartments 15-18,Mid Rise Apartments - 5-9 stories,Habitational
Apartments 16-18,Mid Rise Apartments - 5-9 stories,Habitational
Apartments 17-19,Mid Rise Apartments - 5-9 stories,Habitational
Apartments 19-20,Mid Rise Apartments - 5-9 stories,Habitational
Apartments 19-22,Mid Rise Apartments - 5-9 stories,Habitational
Apartments 20-21,Mid Rise Apartments - 5-9 stories,Habitational
Apartments 21-22,Mid Rise Apartments - 5-9 stories,Habitational
Apartments 21-A - 21-B,Mid Rise Apartments - 5-9 stories,Habitational
Apartments 22-24,Mid Rise Apartments - 5-9 stories,Habitational
Apartments 2-3,Mid Rise Apartments - 5-9 stories,Habitational
Apartments 23-24,Mid Rise Apartments - 5-9 stories,Habitational
Apartments 25-26,Mid Rise Apartments - 5-9 stories,Habitational
Apartments 25-27,Mid Rise Apartments - 5-9 stories,Habitational
Apartments 25-A - 25-B,Mid Rise Apartments - 5-9 stories,Habitational
Apartments 27-28,Mid Rise Apartments - 5-9 stories,Habitational
Apartments 27-30,Mid Rise Apartments - 5-9 stories,Habitational
Apartments 28-29,Mid Rise Apartments - 5-9 stories,Habitational
Apartments 29-30,Mid Rise Apartments - 5-9 stories,Habitational
Apartments 29-A - 29-B,Mid Rise Apartments - 5-9 stories,Habitational
Apartments 30-31,Mid Rise Apartments - 5-9 stories,Habitational
Apartments 31-32,Mid Rise Apartments - 5-9 stories,Habitational
Apartments 31-A - 31-B,Mid Rise Apartments - 5-9 stories,Habitational
Apartments 33-34,Mid Rise Apartments - 5-9 stories,Habitational
Apartments 33-35,Mid Rise Apartments - 5-9 stories,Habitational
Apartments 3-4,Mid Rise Apartments - 5-9 stories,Habitational
Apartments 35-36,Mid Rise Apartments - 5-9 stories,Habitational
Apartments 36-38,Mid Rise Apartments - 5-9 stories,Habitational
Apartments 364-368,Mid Rise Apartments - 5-9 stories,Habitational
Apartments 37-38,Mid Rise Apartments - 5-9 stories,Habitational
Apartments 39-40,Mid Rise Apartments - 5-9 stories,Habitational
Apartments 398-400,Mid Rise Apartments - 5-9 stories,Habitational
Apartments 3-A - 3-B,Mid Rise Apartments - 5-9 stories,Habitational
Apartments 4 Units - Lemoyne,Mid Rise Apartments - 5-9 stories,Habitational
Apartments 41-42,Mid Rise Apartments - 5-9 stories,Habitational
Apartments 43-44,Mid Rise Apartments - 5-9 stories,Habitational
Apartments 44-45,Mid Rise Apartments - 5-9 stories,Habitational
Apartments 45-46,Mid Rise Apartments - 5-9 stories,Habitational
Apartments 46-47,Mid Rise Apartments - 5-9 stories,Habitational
Apartments 47-48,Mid Rise Apartments - 5-9 stories,Habitational
Apartments 48-49,Mid Rise Apartments - 5-9 stories,Habitational
Apartments 49-50,Mid Rise Apartments - 5-9 stories,Habitational
Apartments 4-A - 4-B,Mid Rise Apartments - 5-9 stories,Habitational
Apartments 5 Units - Lemoyne,Mid Rise Apartments - 5-9 stories,Habitational
Apartments 50-52,Mid Rise Apartments - 5-9 stories,Habitational
Apartments 51-53,Mid Rise Apartments - 5-9 stories,Habitational
Apartments 53-54,Mid Rise Apartments - 5-9 stories,Habitational
Apartments 54-57,Mid Rise Apartments - 5-9 stories,Habitational
Apartments 5-6,Mid Rise Apartments - 5-9 stories,Habitational
Apartments 5-7,Mid Rise Apartments - 5-9 stories,Habitational
Apartments 58-61,Mid Rise Apartments - 5-9 stories,Habitational
Apartments 5-A - 5-B,Mid Rise Apartments - 5-9 stories,Habitational
Apartments 6-10,Mid Rise Apartments - 5-9 stories,Habitational
Apartments 7520-7522,Mid Rise Apartments - 5-9 stories,Habitational
Apartments 76-78,Mid Rise Apartments - 5-9 stories,Habitational
Apartments 7-8,Mid Rise Apartments - 5-9 stories,Habitational
Apartments 8-10,Mid Rise Apartments - 5-9 stories,Habitational
Apartments 87-90,Mid Rise Apartments - 5-9 stories,Habitational
Apartments 8-A - 8-B,Mid Rise Apartments - 5-9 stories,Habitational
Apartments 9-10,Mid Rise Apartments - 5-9 stories,Habitational
Apartments 91-92,Mid Rise Apartments - 5-9 stories,Habitational
Apartments A,Mid Rise Apartments - 5-9 stories,Habitational
Apartments A-1 - A-2,Mid Rise Apartments - 5-9 stories,Habitational
Apartments B,Mid Rise Apartments - 5-9 stories,Habitational
Apartments B1-B2,Mid Rise Apartments - 5-9 stories,Habitational
Apartments B-3 - B-4,Mid Rise Apartments - 5-9 stories,Habitational
Apartments B3-B4,Mid Rise Apartments - 5-9 stories,Habitational
Apartments B5-B6,Mid Rise Apartments - 5-9 stories,Habitational
Apartments B9-B10,Mid Rise Apartments - 5-9 stories,Habitational
Apartments Buildings (Garden Style),Mid Rise Apartments - 5-9 stories,Habitational
Apartments Buildings (Greater Than 30 Units),Mid Rise Apartments - 5-9 stories,Habitational
Apartments Buildings (Less than 3 Units),Mid Rise Apartments - 5-9 stories,Habitational
Apartments Buildings (Less than 30 Units),Mid Rise Apartments - 5-9 stories,Habitational
Apartments C,Mid Rise Apartments - 5-9 stories,Habitational
Apartments C-5 - C-6 - C-7 - C-8,Mid Rise Apartments - 5-9 stories,Habitational
Apartments D,Mid Rise Apartments - 5-9 stories,Habitational
Apartments D-9 - D-10,Mid Rise Apartments - 5-9 stories,Habitational
Apartments E-11 - E-12,Mid Rise Apartments - 5-9 stories,Habitational
Apartments F-13 - F-14 - F-15 - F-16,Mid Rise Apartments - 5-9 stories,Habitational
Apartments G-17 - G-18,Mid Rise Apartments - 5-9 stories,Habitational
Apartments H-19 - H-20 - H-21 - H-22,Mid Rise Apartments - 5-9 stories,Habitational
Apartments I-23 - I-24,Mid Rise Apartments - 5-9 stories,Habitational
Apartments J-25 - J-26,Mid Rise Apartments - 5-9 stories,Habitational
Apartments K-27 - K-28,Mid Rise Apartments - 5-9 stories,Habitational
Apartments L-29 - L-30,Mid Rise Apartments - 5-9 stories,Habitational
APARTMENTS LRO,Mid Rise Apartments - 5-9 stories,Habitational
Apartments M-31 - M-32 - M-33 - M-34,Mid Rise Apartments - 5-9 stories,Habitational
Apartments N-35 - N-36,Mid Rise Apartments - 5-9 stories,Habitational
Apartments O-37 - O-38,Mid Rise Apartments - 5-9 stories,Habitational
Apartments P-39 - P-40,Mid Rise Apartments - 5-9 stories,Habitational
APARTMENTS WITH MERC - LRO,Mid Rise Apartments - 5-9 stories,Habitational
Apartments with Mercantile - 11 to 30 units,Mid Rise Apartments - 5-9 stories,Habitational
Apartments with Mercantile - Over 30 units,Mid Rise Apartments - 5-9 stories,Habitational
Apartments with Mercantile - Up to 10 units,Mid Rise Apartments - 5-9 stories,Habitational
Apartments with Mercantile Occupancies – 11 to 30 Units,Mid Rise Apartments - 5-9 stories,Habitational
Apartments with Mercantile Occupancies - 11-30 Units,Mid Rise Apartments - 5-9 stories,Habitational
Apartments with Mercantile Occupancies - Over 30 Units,Mid Rise Apartments - 5-9 stories,Habitational
Apartments with Mercantile Occupancies - Up to 10 Units,Mid Rise Apartments - 5-9 stories,Habitational
Apartments with Mercantile Occupancies – Up to 10 Units,Mid Rise Apartments - 5-9 stories,Habitational
Apartments without Mercantile Occupancies – 11 to 30 Units,Mid Rise Apartments - 5-9 stories,Habitational
Apartments without Mercantile Occupancies - 11-30 Units,Mid Rise Apartments - 5-9 stories,Habitational
Apartments without Mercantile Occupancies - Over 30 Units,Mid Rise Apartments - 5-9 stories,Habitational
Apartments without Mercantile Occupancies – Over 30 Units,Mid Rise Apartments - 5-9 stories,Habitational
Apartments without Mercantile Occupancies - Up to 10 Units,Mid Rise Apartments - 5-9 stories,Habitational
Apartments without Mercantile Occupancies – Up to 10 Units,Mid Rise Apartments - 5-9 stories,Habitational
"Apartments, High Rise",Mid Rise Apartments - 5-9 stories,Habitational
Apartments/Condominiums,Mid Rise Condos - 5-9 stories,Habitational
APARTMENTS/LESSOR'S RISK ONLY,Mid Rise Apartments - 5-9 stories,Habitational
APARTMENTS/LRO,Mid Rise Apartments - 5-9 stories,Habitational
APARTMENTS/MERC,Mid Rise Apartments - 5-9 stories,Habitational
Apartments/Offices,Mid Rise Apartments - 5-9 stories,Habitational
APARTMENTS/RESTAURANT,Restaurants - Not Fast Food,Retail
APARTMENTS-LRO,Mid Rise Apartments - 5-9 stories,Habitational
APPLIANCE,General Warehousing and Storage - Non-Hazardous,Storage and Wholesale Trade
Appliance or Large Electrical equipment & Plumbing Distributor,Electrical Equipment and Component Manufacturing,Light Industry
Appliance Repair,Auto Repair Shop Garage,Retail
Appliance Retail,Appliance Stores,Retail
APPLIANCE STORE,Appliance Stores,Retail
APRT BUILDING,Mid Rise Apartments - 5-9 stories,Habitational
Apt,Mid Rise Apartments - 5-9 stories,Habitational
APT & MERCS,Mid Rise Apartments - 5-9 stories,Habitational
APT & OFFICE,Offices,Offices
APT & STORAGE,Mid Rise Apartments - 5-9 stories,Habitational
APT AND MERC,Mid Rise Apartments - 5-9 stories,Habitational
APT BLDG,Mid Rise Apartments - 5-9 stories,Habitational
APT BUILDING,Mid Rise Apartments - 5-9 stories,Habitational
APT BUILDINGS,Mid Rise Apartments - 5-9 stories,Habitational
APT HOTEL,Full-Service Hotel,Hotels/Casino/Entertainment
APT HOUSE,Single Family Dwellings,Habitational
APT HOUSE LRO,Single Family Dwellings,Habitational
APT HOUSE-LRO,Single Family Dwellings,Habitational
APT&VACANT BLDG,Mid Rise Apartments - 5-9 stories,Habitational
APT&VACANT MERC,Mid Rise Apartments - 5-9 stories,Habitational
apt.,Mid Rise Apartments - 5-9 stories,Habitational
APT/MERC,Mid Rise Apartments - 5-9 stories,Habitational
APT/MERCANTILE,Mid Rise Apartments - 5-9 stories,Habitational
APT/STORAGE,Mid Rise Apartments - 5-9 stories,Habitational
Apts,Mid Rise Apartments - 5-9 stories,Habitational
Apts - family,Single Family Dwellings,Habitational
APTS & OFFICE,Offices,Offices
APTS & STORES,Mid Rise Apartments - 5-9 stories,Habitational
APTS 11 to 30 UNITS WITHOUT MERCANTILE OCCUPANCIES - CC 0312 / OC 2,Mid Rise Apartments - 5-9 stories,Habitational
APTS UP TO 10 UNITS WITHOUT MERCANTILE OCCUPANCIES - CC 0311 / OC 2,Mid Rise Apartments - 5-9 stories,Habitational
APTS WITH MERCANTILE OCCUPANCIES 11 TO 30 UNITS - CC 0322 / OC 2,Mid Rise Apartments - 5-9 stories,Habitational
APTS WITH MERCANTILE OCCUPANIES- OVER 30 UNITS - CC 0323 / OC 2,Mid Rise Apartments - 5-9 stories,Habitational
APTS WITH MERCANTILE OCCUPANIES- UP TO 10 UNITS - CC 0321 / OC 2,Mid Rise Apartments - 5-9 stories,Habitational
Apts.,Mid Rise Apartments - 5-9 stories,Habitational
APTS/LRO,Mid Rise Apartments - 5-9 stories,Habitational
Apts-Family,Single Family Dwellings,Habitational
Archery 1,Fitness and Recreational Sports Centers,Hotels/Casino/Entertainment
Archive Building,Offices,Offices
Archives and Research Center,Offices,Offices
AREATION MOTORS & TRANSMISSIONS,Auto Repair Shop Garage,Retail
ARENA,Large Stadium & Arenas,Hotels/Casino/Entertainment
Armed Forces Readiness Center,Military Housing,Habitational
Armed Forces Reserve Center,Military Housing,Habitational
Armory,Military Housing,Habitational
Armory - Training - Logistics,Military Housing,Habitational
ARMORY (BLDG OWNED BY COUNTY),Military Housing,Habitational
Army Aviation Flight Operations,Other Support Facilities For Air Transportation,Transportation
ARNG Vehicle Maintenance,Auto Repair Shop Garage,Retail
Art Center,Museums,Hotels/Casino/Entertainment
Art Galleries/Libraries/Museums,Museums,Hotels/Casino/Entertainment
Art Gallery - Wynn Building,Museums,Hotels/Casino/Entertainment
ART STUDIO,Miscellaneous Retailers,Retail
"Art, Music, PE Str",Museums,Hotels/Casino/Entertainment
Art/Classrooms,Schools,Education
Art/Music,Museums,Hotels/Casino/Entertainment
Art/Music/CTE,Museums,Hotels/Casino/Entertainment
Art/Voc. Labs,Laboratories,Health Services
Art/Voc. Tech.,Museums,Hotels/Casino/Entertainment
ARTIS STUDIO,Miscellaneous Retailers,Retail
Artist Studio,Miscellaneous Retailers,Retail
ARTS AND CRAFTS BUILDING,Museums,Hotels/Casino/Entertainment
Arts Center,Museums,Hotels/Casino/Entertainment
Arts Venue,Miscellaneous Retailers,Retail
Assisted Living,Assisted Living,Health Services
Assisted Living / Nursing Homes,Single Family Dwellings,Habitational
Assisted Living / Nursing Homes (Wood Frame),Assisted Living,Health Services
Assisted Living Facility,Assisted Living,Health Services
Assoc. in Internal Medicine,Medical Office,Health Services
Assoc. in Peds -Suite 2220,Medical Office,Health Services
Associates in Pediatrics@Page Field Medical Village,Mid Rise Apartments - 5-9 stories,Habitational
Association,Offices,Offices
Asst Mgr Dwlg,Single Family Dwellings,Habitational
ATC 02,Single Family Dwellings,Habitational
ATC01,Mid Rise Apartments - 5-9 stories,Habitational
ATC02,Single Family Dwellings,Habitational
ATC03,Motels,Hotels/Casino/Entertainment
ATC05,Miscellaneous Retailers,Retail
ATC06,General Warehousing and Storage - Non-Hazardous,Storage and Wholesale Trade
ATC08,Offices,Offices
ATC09,Unknown,Unknown
ATC10,Unknown,Unknown
ATC11,Other Electric Power Generation,Utilities
ATC16,Unknown,Unknown
ATC17,Telecoms - Transmission Towers,Communications
ATC20,Unknown,Unknown
ATC28,Airport Terminals,Transportation
ATC29,Port,Transportation
Athelics,Fitness and Recreational Sports Centers,Hotels/Casino/Entertainment
Athletic Bldg/Gym Addition,Fitness and Recreational Sports Centers,Hotels/Casino/Entertainment
Athletic Building-Blue Rm,Fitness and Recreational Sports Centers,Hotels/Casino/Entertainment
Athletic Field House,Single Family Dwellings,Habitational
Athletics,Fitness and Recreational Sports Centers,Hotels/Casino/Entertainment
ATTORNEY OFFICE - CC 0702 / OC 8,Offices,Offices
Auction,Miscellaneous Retailers,Retail
Audio Equipment and Leased/Rented Equipment,Electrical Equipment and Component Manufacturing,Light Industry
Audio Equipment/Leased Rented Lights,Electrical Equipment and Component Manufacturing,Light Industry
Audio& Light Equip for Festival,Unknown,Unknown
Audit./Music,Full-Service Hotel,Hotels/Casino/Entertainment
Audit./Music/Art,Full-Service Hotel,Hotels/Casino/Entertainment
Auditorium,Full-Service Hotel,Hotels/Casino/Entertainment
AUDITORIUM - STORAGE BUILDING,General Warehousing and Storage - Non-Hazardous,Storage and Wholesale Trade
auditorium & office space,Fitness and Recreational Sports Centers,Hotels/Casino/Entertainment
Auditorium B Youth Room,Full-Service Hotel,Hotels/Casino/Entertainment
"Auditorium, dining hall, kitchen & servery",Bakeries - Commercial,Food
Auditorium/Art,Full-Service Hotel,Hotels/Casino/Entertainment
Auditorium/Family Center,Full-Service Hotel,Hotels/Casino/Entertainment
Auditorium/Music,Full-Service Hotel,Hotels/Casino/Entertainment
Auditorium-Church,"Church, Mosque or Synagogue",Religious/Churches
Auditoriums/Arenas,Full-Service Hotel,Hotels/Casino/Entertainment
Auditoriums/Exhibition/Gymasium,Fitness and Recreational Sports Centers,Hotels/Casino/Entertainment
Austin Gym,Fitness and Recreational Sports Centers,Hotels/Casino/Entertainment
Austin Middle,Schools,Education
Austin Middle-HVAC Structure,Schools,Education
Austin Middle-Tennis Court,Schools,Education
Authority Office Building,Offices,Offices
Auto Body Shop,Auto Repair Shop Garage,Retail
AUTO DEALER,Auto Dealers,Retail
Auto Dealer - Service Repair,Auto Repair Shop Garage,Retail
Auto Dealer - Showroom,Auto Dealers,Retail
Auto Dealer-Floor Plan,Auto Dealers,Retail
Auto Dealers - Motor Trades,Auto Dealers,Retail
Auto Dealership,Auto Dealers,Retail
AUTO DEALERSHIP W/ REPAIRS - CC 0933 / OC 7,Auto Repair Shop Garage,Retail
AUTO DETAIL,Auto Dealers,Retail
AUTO DETAILER,Auto Dealers,Retail
AUTO GARAGE,Parking Garages,Light Industry
Auto Parking Facilities,Parking Garages,Light Industry
"Auto Parking Garages, Car Washes",Parking Garages,Light Industry
Auto Parts and Supplies,Auto Dealers,Retail
Auto Parts Dist & Repair/Rubber & Tire Dealer,Auto Repair Shop Garage,Retail
Auto Parts Store,Auto Dealers,Retail
Auto Physical Damage,Auto Dealers,Retail
Auto related,Auto Dealers,Retail
Auto Repair,Auto Repair Shop Garage,Retail
Auto Repair Center,Auto Repair Shop Garage,Retail
Auto Repair Mechanic Shop,Auto Repair Shop Garage,Retail
AUTO REPAIR OPERATIONS,Auto Repair Shop Garage,Retail
Auto repair or shop - not otherwise classified,Auto Repair Shop Garage,Retail
Auto repair or shop-not otherwise classified,Auto Repair Shop Garage,Retail
Auto repair shop,Auto Repair Shop Garage,Retail
AUTO REPAIR SHOP - CC 0933 / OC 7,Auto Repair Shop Garage,Retail
AUTO REPAIR SHOP & PLUMBING STORE,Auto Repair Shop Garage,Retail
Auto Repair Shop LRO,Auto Repair Shop Garage,Retail
"Auto repair shop, classrooms, maintenance shops, offices",Auto Repair Shop Garage,Retail
"Auto Repair, Shop, and Warehouse",General Warehousing and Storage - Non-Hazardous,Storage and Wholesale Trade
"Auto Repair, Storage, Offices, and Warehouse for Firefighting Equipment",General Warehousing and Storage - Non-Hazardous,Storage and Wholesale Trade
Auto Repair/Service,Auto Repair Shop Garage,Retail
AUTO REPAIRS,Auto Repair Shop Garage,Retail
AUTO SALES & SERVICE,Auto Dealers,Retail
AUTO SERV REPAIR,Auto Repair Shop Garage,Retail
AUTO SERVICE,Auto Repair Shop Garage,Retail
Auto Shop,Auto Repair Shop Garage,Retail
Auto Shredding,Auto Parts,Retail
Auto Storage,General Warehousing and Storage - Non-Hazardous,Storage and Wholesale Trade
Auto transfer yard,Auto Dealers,Retail
Automated Smoke Detection Camera,Auto Dealers,Retail
Automated Smoke Detection Camera System Attached to State Police Structure,Governmental Office & Administration,Govermental/Municipal
Automobile Distributors – including Boats & RV's - no repair,Auto Repair Shop Garage,Retail
Automobile Parts and Supplies Stores,Auto Dealers,Retail
"Automobile Repair or Service Shops - auto glass replacement, battery replacement, break adjustment, tire changing, tune ups, oil changing, lubrications, speedometer adjustments and similar services",Auto Repair Shop Garage,Retail
Automobile Repair or Service Shops - Major engine repair or body repair,Auto Repair Shop Garage,Retail
Automobile Repair or Service Shops - Seat cover padding & trim work or top repair exclusively,Auto Repair Shop Garage,Retail
Automobile Repair Shops-self-service - Seat cover padding & trim work or top repair exclusively,Auto Repair Shop Garage,Retail
Automobile Sales - Showrooms with no repair or service,Auto Repair Shop Garage,Retail
Automobile Service with major repairs,Auto Repair Shop Garage,Retail
Automobile Service with minor repairs,Auto Repair Shop Garage,Retail
Automobile Storage - Parking garages (business or public),Parking Garages,Light Industry
"Automobile, Truck or Bus Parts Manufacturing - Other Metal Produ",Metal Product Manufacturing,Light Industry
"Automobile, Truck or Bus Parts Manufacturing - Plastic Parts",Plastics Product Manufacturing,Heavy Industry
"Automotive Maintenance, Repair, and Equipment Storage",General Warehousing and Storage - Non-Hazardous,Storage and Wholesale Trade
"Automotive Maintenance, Repair, and Parts Storage",General Warehousing and Storage - Non-Hazardous,Storage and Wholesale Trade
"Automotive Maintenance, Repair, Offices, and Storage",General Warehousing and Storage - Non-Hazardous,Storage and Wholesale Trade
Automotive parking and car wash,Parking Garages,Light Industry
Automotive rental and leasing,Auto Repair Shop Garage,Retail
Automotive repair and services,Auto Repair Shop Garage,Retail
Automotive Repair and Warehouse,General Warehousing and Storage - Non-Hazardous,Storage and Wholesale Trade
Automotive Repair Shop,Auto Repair Shop Garage,Retail
"Automotive Repair, Equipment Fabrication and Warehouse",General Warehousing and Storage - Non-Hazardous,Storage and Wholesale Trade
"Automotive Repair, Radio Repair, and Equipment Storage",General Warehousing and Storage - Non-Hazardous,Storage and Wholesale Trade
Automotive Service Center,Auto Repair Shop Garage,Retail
Auto-Related,Auto Dealers,Retail
Aviation Center,Airport Terminals,Transportation
Aviation Museum Hangar - Shop,Museums,Hotels/Casino/Entertainment
AWH-Apartments,Mid Rise Apartments - 5-9 stories,Habitational
AWH-Dwellings,Mid Rise Apartments - 5-9 stories,Habitational
AWH-Garagekeepers Legal Liability(GKLL),Parking Garages,Light Industry
B loop electrical kiosk - utilities kiosk,T&D,Utilities
B&B AND OFFICE,Inns/Bed and Breakfasts,Hotels/Casino/Entertainment
B&B BUILDING,Inns/Bed and Breakfasts,Hotels/Casino/Entertainment
B&B BUILDINGS,Inns/Bed and Breakfasts,Hotels/Casino/Entertainment
B&B/Hostel,Inns/Bed and Breakfasts,Hotels/Casino/Entertainment
B/D Office,Offices,Offices
Babies R Us,Miscellaneous Retailers,Retail
Back River Fishing Pier,Piers and Wharves,Transportation
BACK-OF-HOUSE ,Single Family Dwellings,Habitational
Backup Data Center,"Data Processing, Hosting, Cloud",Communications
Backup Generator,T&D,Utilities
Backup Generators for GTCC,T&D,Utilities
Back-up Server location for Secretary of State,"Data Processing, Hosting, Cloud",Communications
Backup servers,"Data Processing, Hosting, Cloud",Communications
Baggage Building,General Warehousing and Storage - Non-Hazardous,Storage and Wholesale Trade
BAIT SHOP,Miscellaneous Retailers,Retail
Bakeries,Bakeries - Retail,Retail
Bakeries - Baking with delivery to other outlets,Supermarkets and Grocery,Retail
Bakeries - Baking with no delivery to other outlets,Bakeries - Retail,Retail
"Bakers Farm
Leased Facility",Livestock Farming,Agriculture/Farming
BAKERY,Bakeries - Commercial,Food
"Bakery Square is a Class A, mixed use office/retail property. Bakery Square 1.0: 392,197 SF mixed use office & retail property; Bakery Square 2.0: 211,238 SF newly constructed office building. Google is the anchored tenant.",Offices,Offices
BALL FIELD DUGOUT/BATHROOM,Fitness and Recreational Sports Centers,Hotels/Casino/Entertainment
BALL FIELD IMPR,Fitness and Recreational Sports Centers,Hotels/Casino/Entertainment
Ball Field Maintenance Building,Fitness and Recreational Sports Centers,Hotels/Casino/Entertainment
BALL FIELD RESTROOM BUILDING,Fitness and Recreational Sports Centers,Hotels/Casino/Entertainment
Ball High School,Schools,Education
Ball Park Shelter,Fitness and Recreational Sports Centers,Hotels/Casino/Entertainment
BALLFIELD LIGHTING TOM PITTMAN,Fitness and Recreational Sports Centers,Hotels/Casino/Entertainment
BALLFIELD LIGHTS,Fitness and Recreational Sports Centers,Hotels/Casino/Entertainment
BALLFIELD RESTROOMS,Fitness and Recreational Sports Centers,Hotels/Casino/Entertainment
Band Pavilion - Restroom Building,Schools,Education
Band Practice Rooms,Schools,Education
Band Room,Schools,Education
Band/Choral Room,Schools,Education
Bank,Offices,Offices
Bank (6355),Offices,Offices
Banks - Financial Services,Offices,Offices
Banks and Offices other than Governmental,Offices,Offices
Banquet Hall,Restaurants - Not Fast Food,Retail
BANQUET HALL - CC 0843 / OC 10,Restaurants - Not Fast Food,Retail
Banquet Hall - Storage Building,General Warehousing and Storage - Non-Hazardous,Storage and Wholesale Trade
Banquet Storage Bldg,General Warehousing and Storage - Non-Hazardous,Storage and Wholesale Trade
Banquet/ Catering Halls,Bakeries - Commercial,Food
BANTY JONES PLAYGROUND,Schools,Education
BANYAN TREE RESTAURANT,Restaurants - Not Fast Food,Retail
Baptist Branch Office,Offices,Offices
BAR,"Lounges, Night Clubs, Discos",Retail
BAR & 8 UNITS,"Lounges, Night Clubs, Discos",Retail
BAR & APARTMENTS,"Lounges, Night Clubs, Discos",Retail
BAR & GRILL,Restaurants - Not Fast Food,Retail
Bar & Lounge LRO,"Lounges, Night Clubs, Discos",Retail
Bar & Units,"Lounges, Night Clubs, Discos",Retail
BAR OR TAVERN - CC 0541 / OC 10,"Lounges, Night Clubs, Discos",Retail
BAR RESTAURANT,Restaurants - Not Fast Food,Retail
BAR TAVERN,"Lounges, Night Clubs, Discos",Retail
BAR TAVERN WITH,"Lounges, Night Clubs, Discos",Retail
BAR TAVERN WITH COOKING,"Lounges, Night Clubs, Discos",Retail
BAR TAVERN WITHCOOKING,"Lounges, Night Clubs, Discos",Retail
BAR W/ 2 APARTMENTS,"Lounges, Night Clubs, Discos",Retail
Bar without entertainment,Amusement and Theme Parks,Hotels/Casino/Entertainment
BAR/APT,"Lounges, Night Clubs, Discos",Retail
BAR/HABITATIONAL,Single Family Dwellings,Habitational
Bar/Lounge,"Lounges, Night Clubs, Discos",Retail
Bar/Tavern,"Lounges, Night Clubs, Discos",Retail
Barbeque Pavilion,Governmental Office & Administration,Govermental/Municipal
BARBEQUE SHED,Restaurants - Not Fast Food,Retail
BARBER SHOP,"Lounges, Night Clubs, Discos",Retail
Barber shops,"Lounges, Night Clubs, Discos",Retail
BARBERSHOP,"Lounges, Night Clubs, Discos",Retail
Bark Bunkers,Miscellaneous Waste Management,Heavy Industry
Bark Handling System,Miscellaneous Waste Management,Heavy Industry
Barn,Farm Product Warehousing and Storage,Storage and Wholesale Trade
Barn - Storage,Livestock Farming,Agriculture/Farming
BARN & DWELLING,Single Family Dwellings,Habitational
BARN GARAGE,Livestock Farming,Agriculture/Farming
Barn- storage,Livestock Farming,Agriculture/Farming
BARN/STABLE,Farm Product Warehousing and Storage,Storage and Wholesale Trade
BARN/STORAGE,Farm Product Warehousing and Storage,Storage and Wholesale Trade
Barnesville Depot,General Warehousing and Storage - Non-Hazardous,Storage and Wholesale Trade
Barnett GGP Farm,Livestock Farming,Agriculture/Farming
BARN-STORAGE BUILDING,Livestock Farming,Agriculture/Farming
Barracks,Military Housing,Habitational
Bars,"Lounges, Night Clubs, Discos",Retail
Bars & Taverns,"Lounges, Night Clubs, Discos",Retail
Bars and Tavern,"Lounges, Night Clubs, Discos",Retail
Bars and Taverns,"Lounges, Night Clubs, Discos",Retail
BASE RADIO STATION,Tv and Radio Stations,Communications
Baseball Bleachers,Fitness and Recreational Sports Centers,Hotels/Casino/Entertainment
Baseball Caboose Suite,Fitness and Recreational Sports Centers,Hotels/Casino/Entertainment
BASEBALL COMPLEX STORAGE SHED,General Warehousing and Storage - Non-Hazardous,Storage and Wholesale Trade
Baseball Concession/Press Box,Fitness and Recreational Sports Centers,Hotels/Casino/Entertainment
Baseball Concessions - Restroom Building,Fitness and Recreational Sports Centers,Hotels/Casino/Entertainment
baseball concessions/press box,Fitness and Recreational Sports Centers,Hotels/Casino/Entertainment
Baseball Dugout,Fitness and Recreational Sports Centers,Hotels/Casino/Entertainment
Baseball Dugouts,Fitness and Recreational Sports Centers,Hotels/Casino/Entertainment
Baseball Facilities,Fitness and Recreational Sports Centers,Hotels/Casino/Entertainment
Baseball Field,Fitness and Recreational Sports Centers,Hotels/Casino/Entertainment
BASEBALL FIELD AND FENCING,Fitness and Recreational Sports Centers,Hotels/Casino/Entertainment
Baseball Field Bleachers,Fitness and Recreational Sports Centers,Hotels/Casino/Entertainment
Baseball Field Concession - Restroom Building,Fitness and Recreational Sports Centers,Hotels/Casino/Entertainment
Baseball Field Dugout,Fitness and Recreational Sports Centers,Hotels/Casino/Entertainment
Baseball Field House,Single Family Dwellings,Habitational
Baseball Field House/Concession,Single Family Dwellings,Habitational
Baseball Restroom - Locker Room Building,Fitness and Recreational Sports Centers,Hotels/Casino/Entertainment
Baseball Restroom Building 2,Fitness and Recreational Sports Centers,Hotels/Casino/Entertainment
Baseball Storage Bldg.,General Warehousing and Storage - Non-Hazardous,Storage and Wholesale Trade
Baseball/Softball Practice Facility,Fitness and Recreational Sports Centers,Hotels/Casino/Entertainment
Baseball/Softball Stg,Fitness and Recreational Sports Centers,Hotels/Casino/Entertainment
BASEMENT PARKING,Parking Garages,Light Industry
BASEMENT PARKING & STORAGE,Parking Garages,Light Industry
BASKETBALL COURT,Fitness and Recreational Sports Centers,Hotels/Casino/Entertainment
BASKETBALL COURT AND FENCING,Fitness and Recreational Sports Centers,Hotels/Casino/Entertainment
BASKETBALL COURTS/FENCE,Fitness and Recreational Sports Centers,Hotels/Casino/Entertainment
Basketball Pavilion,Fitness and Recreational Sports Centers,Hotels/Casino/Entertainment
Battery Way Park Pier,Governmental Office & Administration,Govermental/Municipal
Batting Cage Building,Fitness and Recreational Sports Centers,Hotels/Casino/Entertainment
BATTING CAGE STORAGE,Fitness and Recreational Sports Centers,Hotels/Casino/Entertainment
Batting Pavilion,Fitness and Recreational Sports Centers,Hotels/Casino/Entertainment
BAY STREET PARKING GARAGE,Parking Garages,Light Industry
BAYSIDE DECK,Port,Transportation
BAYSIDE MARINA,Marinas,Transportation
BAYSIDE VILLAS,Mid Rise Apartments - 5-9 stories,Habitational
BBQ PAVILION,Restaurants - Not Fast Food,Retail
BBQ PITS TOM PITTMAN,Governmental Office & Administration,Govermental/Municipal
BBQ SHEDS TOM PITTMAN,Governmental Office & Administration,Govermental/Municipal
Beach House,Single Family Dwellings,Habitational
BEACH HOUSE / BURGER SHACK,Single Family Dwellings,Habitational
Beach Park,Lodges and Clubs,Hotels/Casino/Entertainment
BEACH VILLAS,Mid Rise Apartments - 5-9 stories,Habitational
Beach/Cabanas/ Bungalows,Single Family Dwellings,Habitational
bean pack.,Cannery - Fruits and Vegetables,Food
Bearkat Village A Apts 1-18,Mid Rise Apartments - 5-9 stories,Habitational
Bearkat Village E Clubhouse,Fitness and Recreational Sports Centers,Hotels/Casino/Entertainment
Bearkat Village M Laundry/Mail,Laundry,Retail
Beautification Building,Miscellaneous Retailers,Retail
Beauty or Barber shops,Miscellaneous Retailers,Retail
BEAUTY PARLOR,Miscellaneous Retailers,Retail
Beauty Salon,Miscellaneous Retailers,Retail
Beauty shops,Miscellaneous Retailers,Retail
Beauty/Barber Salon- Light Hazard Service Occupancies,Miscellaneous Retailers,Retail
Beauty/Barber Shop,Miscellaneous Retailers,Retail
Beauty/Barbor Shop,Miscellaneous Retailers,Retail
Bed & Breakfast,Inns/Bed and Breakfasts,Hotels/Casino/Entertainment
BED & BREAKFAST W/ RESTAURANT & BAR,Inns/Bed and Breakfasts,Hotels/Casino/Entertainment
Bed and Breakfast,Inns/Bed and Breakfasts,Hotels/Casino/Entertainment
BEER & BEVERAGE DISTRIBUTOR,Alcohol Merchant Wholesalers,Storage and Wholesale Trade
"Beer, Ale or Malt Liquor Manufacturing, bottles or cans",Machinery Manufacturing,Light Industry
Behavioral Health Center,Home Health Care Service,Health Services
Behavioral Health Hospital   174 patient capacity,Hospital,Health Services
Benge Apartments,Mid Rise Apartments - 5-9 stories,Habitational
Bennett's Rice Mill (Brick and Ruins),Rice Mill,Food
Best Storage,General Warehousing and Storage - Non-Hazardous,Storage and Wholesale Trade
Bethwell Community Center,Governmental Office & Administration,Govermental/Municipal
Beverage Bottlers – soft drink/water,Processed Food Manufacturing - Non-Frozen,Food
Beverage Distributors & Beverage Stores,Miscellaneous Retailers,Retail
Beverage stores,Miscellaneous Retailers,Retail
BIG BARN - EVENT HALL,Governmental Office & Administration,Govermental/Municipal
BIG CALVING BARN,Livestock Farming,Agriculture/Farming
bike pod / bike shelter w/ lockers,General Warehousing and Storage - Non-Hazardous,Storage and Wholesale Trade
bike pod shelter,General Warehousing and Storage - Non-Hazardous,Storage and Wholesale Trade
Bike Storage,General Warehousing and Storage - Non-Hazardous,Storage and Wholesale Trade
BIKE TRAIL,Fitness and Recreational Sports Centers,Hotels/Casino/Entertainment
BIO SOLIDS STORAGE SHED,General Warehousing and Storage - Non-Hazardous,Storage and Wholesale Trade
Biological Field Stn Greenhouse #2,Livestock Farming,Agriculture/Farming
Biological Field Stn Greenhouse 1,Livestock Farming,Agriculture/Farming
Biological Field Stn Residence,Mid Rise Apartments - 5-9 stories,Habitational
Biological Field Stn Well House,Livestock Farming,Agriculture/Farming
Biology Greenhouse #2,Livestock Farming,Agriculture/Farming
Biology Greenhouse #3,Livestock Farming,Agriculture/Farming
Biology Vineyard Greenhouse,Livestock Farming,Agriculture/Farming
Bird House,Poultry Production,Agriculture/Farming
BISTRO OPERA,Full-Service Hotel,Hotels/Casino/Entertainment
BISTRO RESTAURANT,Restaurants - Not Fast Food,Retail
Blackbelt Academy,Fitness and Recreational Sports Centers,Hotels/Casino/Entertainment
Blackburn Tennis Center,Fitness and Recreational Sports Centers,Hotels/Casino/Entertainment
BLACKSMITH SHOP,Miscellaneous Retailers,Retail
Blairsville Hatchery-A,Poultry Hatcheries,Agriculture/Farming
Blairsville Hatchery-B,Poultry Hatcheries,Agriculture/Farming
BLDG LRO & APT,Mid Rise Apartments - 5-9 stories,Habitational
"Bldgs 1-3, Office, scales & shop",Offices,Offices
BLOCK STORAGE BUILDING,General Warehousing and Storage - Non-Hazardous,Storage and Wholesale Trade
Blood Bank/Health Care Facility,Home Health Care Service,Health Services
BLOWER - ELECTRICAL BUILDING,T&D,Utilities
Blue and Gray Museum,Museums,Hotels/Casino/Entertainment
Blue Smoke Park and Pavilion,Governmental Office & Administration,Govermental/Municipal
BN Headquarters,Offices,Offices
Boar,Livestock Farming,Agriculture/Farming
"Boarding and Lodging Houses, Rooming Houses, Fraternities and So",Lodges and Clubs,Hotels/Casino/Entertainment
"Boarding and Lodging Houses, Rooming Houses, Fraternities and Sororities,",Lodges and Clubs,Hotels/Casino/Entertainment
Boarding House,Mid Rise Apartments - 5-9 stories,Habitational
Boarding or Rooming Houses - 11 to 30 units,Mid Rise Apartments - 5-9 stories,Habitational
Boarding or Rooming Houses - Over 30 units,Mid Rise Apartments - 5-9 stories,Habitational
Boarding or Rooming Houses - Up to 10 units,Mid Rise Apartments - 5-9 stories,Habitational
Boat and Accessories Storage,General Warehousing and Storage - Non-Hazardous,Storage and Wholesale Trade
Boat and Marine Supply Store,Miscellaneous Retailers,Retail
Boat Dealer,Miscellaneous Retailers,Retail
Boat Dealers - Boat and Marine Supply Stores,Miscellaneous Retailers,Retail
Boat Ramps and Dock,Piers and Wharves,Transportation
Boat Ramps Bathhouse,Marinas,Transportation
Boat storage and normal dock activity,General Warehousing and Storage - Non-Hazardous,Storage and Wholesale Trade
BOATHOUSE,Marinas,Transportation
Bodie Building,Unknown,Unknown
Body Shop,Auto Repair Shop Garage,Retail
Body Shop - Covered Storage,Auto Repair Shop Garage,Retail
Bogan Museum,Museums,Hotels/Casino/Entertainment
Boise Office Corporate Office (Computer hard/software,Offices,Offices
Bone Yard Pavilion,Governmental Office & Administration,Govermental/Municipal
Book Store,Miscellaneous Retailers,Retail
Bookstore,Miscellaneous Retailers,Retail
Bookstore/Gift Shop,Miscellaneous Retailers,Retail
Booster Pump,Water Supply and Irrigation Systems,Utilities
booster station for water tank,Water Supply and Irrigation Systems,Utilities
Bowers Stadium East Concessions,Large Stadium & Arenas,Hotels/Casino/Entertainment
Bowers Stadium N Ticket Booth,Large Stadium & Arenas,Hotels/Casino/Entertainment
Bowers Stadium SW Ticket Booth,Large Stadium & Arenas,Hotels/Casino/Entertainment
Bowers Stdium SE Ticket Booth,Large Stadium & Arenas,Hotels/Casino/Entertainment
BOWLING,Bowling Centers,Hotels/Casino/Entertainment
Bowling Alley,Bowling Centers,Hotels/Casino/Entertainment
Bowling alleys,Bowling Centers,Hotels/Casino/Entertainment
BOY SCOUT HUT,Governmental Office & Administration,Govermental/Municipal
Boys & Girls Club,Fitness and Recreational Sports Centers,Hotels/Casino/Entertainment
Boys' and Girls' Camps,Temporary Camps and Campgrounds,Hotels/Casino/Entertainment
BOYS AND GIRLS CLUB,Fitness and Recreational Sports Centers,Hotels/Casino/Entertainment
Boys Concession - Restroom Building,Unknown,Unknown
BPP- has den for meetings,Unknown,Unknown
BRADEN RIVER HIGH SCHOOL,Schools,Education
Braden River Library,Library,Govermental/Municipal
Brambles Playground,Fitness and Recreational Sports Centers,Hotels/Casino/Entertainment
Branch Office,Offices,Offices
BRAWNER RESIDENCE,Mid Rise Apartments - 5-9 stories,Habitational
Breakroom/Mtnce Facility,Auto Repair Shop Garage,Retail
Breezes - Pool,Fitness and Recreational Sports Centers,Hotels/Casino/Entertainment
Breezes Activity Building,Fitness and Recreational Sports Centers,Hotels/Casino/Entertainment
Breezes Restaurant,Restaurants - Not Fast Food,Retail
Brew Pub,"Lounges, Night Clubs, Discos",Retail
Brew Pub & Restaurant,Restaurants - Not Fast Food,Retail
Brewery,Breweries,Food
Brewery & Public House,Single Family Dwellings,Habitational
Brewing Location,Breweries,Food
Briarwood Recreation Center,Fitness and Recreational Sports Centers,Hotels/Casino/Entertainment
Brick Cottage 125,Single Family Dwellings,Habitational
Brick Cottage 126,Single Family Dwellings,Habitational
Brick Cottage 127,Single Family Dwellings,Habitational
Brick House Fire Office,Offices,Offices
Brick House/Office Conversion,Offices,Offices
Brick Picnic Shelter - Pavilion,Governmental Office & Administration,Govermental/Municipal
Brick Veneer,Single Family Dwellings,Habitational
Bridge House,Single Family Dwellings,Habitational
Bridge Plaza-Health Info Mgt.,Home Health Care Service,Health Services
BRIDGES,Bridges and Tunnels,Transportation
Briscoe Administration Building,Offices,Offices
Brite Spot Restaurant,Restaurants - Not Fast Food,Retail
Broadacres Farm,Livestock Farming,Agriculture/Farming
Broadcast Facility,Tv and Radio Stations,Communications
Broadwell Pavilion,Governmental Office & Administration,Govermental/Municipal
BRONZE MONUMENT AIR FORCE,Governmental Office & Administration,Govermental/Municipal
BRONZE MONUMENT ARMY,Governmental Office & Administration,Govermental/Municipal
BRONZE MONUMENT COAST GUARD,Governmental Office & Administration,Govermental/Municipal
BRONZE MONUMENT MARINE,Governmental Office & Administration,Govermental/Municipal
BRONZE MONUMENT NAVY,Governmental Office & Administration,Govermental/Municipal
BROOKS PARK STORAGE BUILDING,Governmental Office & Administration,Govermental/Municipal
Brooks Station - Old Fire Station,Governmental Office & Administration,Govermental/Municipal
BROWN HOUSE (FIRE DEPT. OFF),Offices,Offices
BRUNDAGE PARK PAVILION - RESTROOM BUILDING,Governmental Office & Administration,Govermental/Municipal
BUCKHEAD CEMETERY PAVILION,Governmental Office & Administration,Govermental/Municipal
Buckman House,Single Family Dwellings,Habitational
Buffalo Creek Golf Course,Golf Courses and Country Clubs,Hotels/Casino/Entertainment
BUICE SCHOOL,Schools,Education
Builder Risk,Construction Contractors,Light Industry
BUILDERS RISK,Construction Contractors,Light Industry
Builders' Risk,Construction Contractors,Light Industry
Builder's Risk,Construction Contractors,Light Industry
Builders Risk - Industrial,Machinery Manufacturing,Light Industry
Builder's Risk - Industrial,Machinery Manufacturing,Light Industry
Builders Risk - To Be Warehouse,General Warehousing and Storage - Non-Hazardous,Storage and Wholesale Trade
Builders Risk - Turkey Farm,Livestock Farming,Agriculture/Farming
Builders Risk Residential,Mid Rise Apartments - 5-9 stories,Habitational
Builders risks (ex renovations or re-hab),Single Family Dwellings,Habitational
Builders Risks (renovations or re-habs),Construction Contractors,Light Industry
Builders risks(renovations or re-habs),Single Family Dwellings,Habitational
"Building -  """"D""""  Housing",Single Family Dwellings,Habitational
"Building  """"A""""  Office",Offices,Offices
"Building  """"C"""" Housing",Single Family Dwellings,Habitational
"Building - """"E"""" Housing",Single Family Dwellings,Habitational
"Building  """"P""""  Staff Housing",Single Family Dwellings,Habitational
"Building """" B""""  Dining Hall/Staff Housing",Single Family Dwellings,Habitational
"Building """" L""""  Housing",Single Family Dwellings,Habitational
"Building """" M""""  Housing",Single Family Dwellings,Habitational
"Building """" N""""  Staff Housing",Single Family Dwellings,Habitational
"Building """" O""""  Maintenance",Machinery Manufacturing,Light Industry
"Building """"F""""  Craft House",Lodges and Clubs,Hotels/Casino/Entertainment
"Building """"G""""  Assembly Hall",Lodges and Clubs,Hotels/Casino/Entertainment
"Building """"H"""" Game Room",Lodges and Clubs,Hotels/Casino/Entertainment
"Building """"I""""  Cafeteria/Dining",Restaurants - Not Fast Food,Retail
"Building """"J""""  Dorm",Mid Rise Student Housing - 5-9 stories,Habitational
"Building """"K"""" Dorm",Mid Rise Student Housing - 5-9 stories,Habitational
"Building """"Q""""  Group Activities",Lodges and Clubs,Hotels/Casino/Entertainment
Building & Fenced Storage,General Warehousing and Storage - Non-Hazardous,Storage and Wholesale Trade
Building A - Office,Offices,Offices
Building and Code Enforcement Office,Offices,Offices
Building and Grounds Maintenance Shop,Machinery Manufacturing,Light Industry
Building leased by the Oregon State Police for Offices and Meeting rooms,Governmental Office & Administration,Govermental/Municipal
BUILDING LRO,Mid Rise Apartments - 5-9 stories,Habitational
Building Material Dealers and Distributors/Lumberyard,General Warehousing and Storage - Non-Hazardous,Storage and Wholesale Trade
Building Material Distributors,General Warehousing and Storage - Non-Hazardous,Storage and Wholesale Trade
Building materials dealers,General Warehousing and Storage - Non-Hazardous,Storage and Wholesale Trade
"Building- Office, laboratory and warehousing space",Offices,Offices
BUILDING OWNER,Mid Rise Apartments - 5-9 stories,Habitational
BUILDING OWNER - LRO,Mid Rise Apartments - 5-9 stories,Habitational
BUILDING OWNER LRO,Mid Rise Apartments - 5-9 stories,Habitational
BUILDING OWNER-LRO,Mid Rise Apartments - 5-9 stories,Habitational
Building premises - LRO,Single Family Dwellings,Habitational
Building Provided to the Museum for Curator and Storage of antiques,General Warehousing and Storage - Non-Hazardous,Storage and Wholesale Trade
Building Rented to Auto Body/ Auto Repair,Auto Repair Shop Garage,Retail
Building Structure - raising or moving - Contractors storage or sales outlet,General Warehousing and Storage - Non-Hazardous,Storage and Wholesale Trade
Building Supplies - Not Lumber Yard,Logging,Heavy Industry
Building Supplies/Lumber Yard,General Warehousing and Storage - Non-Hazardous,Storage and Wholesale Trade
"Building Supply Yards, Including Retail Lumberyards, Coal and Co",General Warehousing and Storage - Non-Hazardous,Storage and Wholesale Trade
Building Under Construction,Construction Contractors,Light Industry
Building unoccupied - Trying to sell through DAS Maintenance - Buer backed out - Re-posting Sale,Mid Rise Apartments - 5-9 stories,Habitational
Building w/ Indoor Water Slide and Features,Fitness and Recreational Sports Centers,Hotels/Casino/Entertainment
BUILDING WITH OFFICE,Offices,Offices
"Building, Fenced Storage & Shop",General Warehousing and Storage - Non-Hazardous,Storage and Wholesale Trade
"Building, Tenant Occupied (Mechanic Shop)",Auto Repair Shop Garage,Retail
Buildings or Premises - bank and other financial institutions,Offices,Offices
Buildings or Premises - office - Not-For-Profit only,Offices,Offices
Buildings or Premises - office - Other than Not-For-Profit,Offices,Offices
Buildings with Outdoor Hazards (Grandstands/Ski Lifts/Marinas),Marinas,Transportation
Buildings/Retail/Pool (see comments),Miscellaneous Retailers,Retail
Bunk House,Single Family Dwellings,Habitational
BUNKHOUSE,Residential Care,Health Services
BUNKHOUSE/CABIN,Lodges and Clubs,Hotels/Casino/Entertainment
BUNTEN ROAD PLAYGROUND,Fitness and Recreational Sports Centers,Hotels/Casino/Entertainment
Burdett Tennis Center,Fitness and Recreational Sports Centers,Hotels/Casino/Entertainment
Burnet Elem,Schools,Education
Burnet Elemenary - Playground Equipment,Schools,Education
Burnet Elem-HVAC Structure,Schools,Education
Burnside Retail,Miscellaneous Retailers,Retail
Bus Barn Bldg G,Livestock Farming,Agriculture/Farming
Bus Barn Storage,Livestock Farming,Agriculture/Farming
Bus Bay/Offices,Offices,Offices
Bus Garage,Parking Garages,Light Industry
Bus Maint/Food Whse,Auto Repair Shop Garage,Retail
Bus Repair & Wash,Auto Repair Shop Garage,Retail
Bus Repair/Offices,Auto Repair Shop Garage,Retail
Bus Repair/Piant Shop,Auto Repair Shop Garage,Retail
Bus storage,General Warehousing and Storage - Non-Hazardous,Storage and Wholesale Trade
Business Development Office,Offices,Offices
"Business Hotel, 102 Main Rooms have 1 Bedroom, 12 Bungalows in 4 Units, Most Rooms have 1 Bedroom -- New addition houses 40 new luxury guest suites",Full-Service Hotel,Hotels/Casino/Entertainment
Business Office,Offices,Offices
Business Operating Center;  Sales and Service Support,Offices,Offices
Business Storage r/a 1 Family Dwellings (Lessor's Risk),General Warehousing and Storage - Non-Hazardous,Storage and Wholesale Trade
BUTCHER SHOP,Supermarkets and Grocery,Retail
C - Retail,Miscellaneous Retailers,Retail
C.E.- School,Schools,Education
Cabana/Office/Sauna,Offices,Offices
CABIN,Single Family Dwellings,Habitational
Cabin View Farm,Livestock Farming,Agriculture/Farming
CABINET & STONE WHOLESALER,Lodges and Clubs,Hotels/Casino/Entertainment
CABINET MFG,Wood Products Manufacturing,Heavy Industry
CABLE OFFICE,Offices,Offices
CABLE TV BUILDING,Tv and Radio Stations,Communications
CAFE,Restaurants - Not Fast Food,Retail
Café,Restaurants - Not Fast Food,Retail
Cafe /Dining Hall,Restaurants - Not Fast Food,Retail
Café/ Music,Restaurants - Not Fast Food,Retail
Café/Art/Music,Restaurants - Not Fast Food,Retail
Café/Art/Music/Central,Restaurants - Not Fast Food,Retail
Café/Lab/Gyms/Classrooms,Fitness and Recreational Sports Centers,Hotels/Casino/Entertainment
CAFE/LOUNGE,Restaurants - Not Fast Food,Retail
CAFE/LOUNGE/RESTAURANT,Restaurants - Not Fast Food,Retail
Café/Media/clrms,Tv and Radio Stations,Communications
Café/Music,Restaurants - Not Fast Food,Retail
Café/Off./Clrms/Aud.,Restaurants - Not Fast Food,Retail
Cafeieria,Restaurants - Not Fast Food,Retail
Cafeteria Addition,Restaurants - Not Fast Food,Retail
Cafeteria Addition to Gym Bldg,Fitness and Recreational Sports Centers,Hotels/Casino/Entertainment
Cafeteria Addition to Main Bldg,Restaurants - Not Fast Food,Retail
Cafeteria Bldg,Restaurants - Not Fast Food,Retail
Cafeteria Building,Restaurants - Not Fast Food,Retail
"Cafeteria, Infirmary, Administration",Restaurants - Fast Food,Retail
Cafeteria/Art/Music,Restaurants - Not Fast Food,Retail
Cafeteria/Band,Restaurants - Not Fast Food,Retail
Cafeteria/Classrooms,Schools,Education
Cafeteria/Gym,Fitness and Recreational Sports Centers,Hotels/Casino/Entertainment
Cafeteria/Gym/Band,Fitness and Recreational Sports Centers,Hotels/Casino/Entertainment
Cafeteria/Music,Restaurants - Not Fast Food,Retail
Cafetorium,Restaurants - Not Fast Food,Retail
Cafetorium Addition,Restaurants - Not Fast Food,Retail
Cafetorium/Kit/Gym,Restaurants - Not Fast Food,Retail
Cafetorium/Music,Restaurants - Not Fast Food,Retail
Calf Barn,Livestock Farming,Agriculture/Farming
Call Center,Offices,Offices
Call Center (Multi Tenant Bldg),Offices,Offices
Call Center Lease,Offices,Offices
Call Center offices,Offices,Offices
Camera/Photo Supplies,Miscellaneous Retailers,Retail
Camp Mgr Dwlg,Single Family Dwellings,Habitational
Camp Office  E-2 - Leased Mod-Owned Land,Offices,Offices
Camp site log cabin,Temporary Camps and Campgrounds,Hotels/Casino/Entertainment
camp store,Temporary Camps and Campgrounds,Hotels/Casino/Entertainment
Campground A Loop  restroom/shower,Temporary Camps and Campgrounds,Hotels/Casino/Entertainment
Campground B Loop restroom/shower,Temporary Camps and Campgrounds,Hotels/Casino/Entertainment
Campground D Loop restroom/shower,Temporary Camps and Campgrounds,Hotels/Casino/Entertainment
Campground F Loop restroom/shower,Temporary Camps and Campgrounds,Hotels/Casino/Entertainment
Campground registration booth,Temporary Camps and Campgrounds,Hotels/Casino/Entertainment
Camping resort,Temporary Camps and Campgrounds,Hotels/Casino/Entertainment
Camps,Temporary Camps and Campgrounds,Hotels/Casino/Entertainment
Can Manufacturing - Metal,Metal Product Manufacturing,Light Industry
Can Whs,Grocery Merchant Wholesalers,Storage and Wholesale Trade
Canaan Corner Store,Miscellaneous Retailers,Retail
CANDY MANUFACTURER,Chocolate Manufacturing,Food
cannery,Cannery - Fruits and Vegetables,Food
CANOPY/EQUIPMENT STORAGE,General Warehousing and Storage - Non-Hazardous,Storage and Wholesale Trade
Canteen,Restaurants - Not Fast Food,Retail
Canvas Manufacturing,Canvas and Related Product Mills,Light Industry
Cape Child Dvlp Ctr,Home Health Care Service,Health Services
Cape Coral Hospital (Includes Medical Office Buildilng and Women & Childrens Centers),Offices,Offices
Cape Coral Infant Care Center,Day Care,Health Services
Car Canopy,Parking Garages,Light Industry
CAR DEALER OFFICE WITH LOT USED TO PARK CARS,Auto Dealers,Retail
CAR DEALER OFFICE WITHLOT USED TO PARK CARS,Auto Dealers,Retail
Car dealership,Auto Dealers,Retail
CAR GARAGE,Parking Garages,Light Industry
Car Loading Storage,General Warehousing and Storage - Non-Hazardous,Storage and Wholesale Trade
CAR WASH,Car Washes,Retail
Car Wash & Storage,Dealers Open Lot,Retail
Car wash-Dealer,Dealers Open Lot,Retail
Car Washes,Dealers Open Lot,Retail
CAR WASHES - CC 0931 / OC 7,Dealers Open Lot,Retail
Car Washes - other than self-service,Dealers Open Lot,Retail
Cardiac Rehabilitation,Rehabilitation Facility,Health Services
Cardiothoracic Clinic,Home Health Care Service,Health Services
Career Labs,Offices,Offices
Career lLabs,Offices,Offices
"Carlton Cards, Ltd.
(Canada Admin Office)",Offices,Offices
Carnegie Library,Library,Govermental/Municipal
CARNEYS POINT HOTEL (Vacant),Mid Rise Apartments - 5-9 stories,Habitational
Carnival Ride,Temporary Camps and Campgrounds,Hotels/Casino/Entertainment
Carnival Rides,Temporary Camps and Campgrounds,Hotels/Casino/Entertainment
Carnival Rides & Equipment,Electrical Equipment and Component Manufacturing,Light Industry
Carnival Rides- Office/Warehouse,General Warehousing and Storage - Non-Hazardous,Storage and Wholesale Trade
CARPENTER/MAINTENANCE,Machinery Manufacturing,Light Industry
Carpentry - Shop Only,Wood Products Manufacturing,Heavy Industry
Carpentry services,Wood Products Manufacturing,Heavy Industry
CARPENTRY SHOP,Wood Products Manufacturing,Heavy Industry
Carpentry Shop Classroom/Maint. Storage (old Mltprpse Clsrm),Schools,Education
Carpet or Faberic – Mfg,Carpet Manufacturer,Light Industry
Carpet/Floor Distributing,Carpet Manufacturer,Light Industry
Carpet/Flooring/Fabric/Fur/Laundry/Shoe/Tailer Sales,Laundry,Retail
Carport,Parking Garages,Light Industry
CARPORT 18X21,Parking Garages,Light Industry
CARPORT FOR PATROL CARS,Parking Garages,Light Industry
carport/storage,General Warehousing and Storage - Non-Hazardous,Storage and Wholesale Trade
Carrolton Highway Water Tank,Water Supply and Irrigation Systems,Utilities
Casino,Casino,Hotels/Casino/Entertainment
Casinos,Casino,Hotels/Casino/Entertainment
Casinos - 46,Casino,Hotels/Casino/Entertainment
Casita 1,Single Family Dwellings,Habitational
Casita 10,Single Family Dwellings,Habitational
Casita 11,Single Family Dwellings,Habitational
Casita 12,Single Family Dwellings,Habitational
Casita 13,Single Family Dwellings,Habitational
Casita 14,Single Family Dwellings,Habitational
Casita 2,Single Family Dwellings,Habitational
Casita 3,Single Family Dwellings,Habitational
Casita 4,Single Family Dwellings,Habitational
Casita 6,Single Family Dwellings,Habitational
Casita 7,Single Family Dwellings,Habitational
Casita 8,Single Family Dwellings,Habitational
Casita 9,Single Family Dwellings,Habitational
CASUAL DINING,Restaurants - Not Fast Food,Retail
Cat Shop,Miscellaneous Retailers,Retail
Catalog Call Center,Offices,Offices
Caterer,Supermarkets and Grocery,Retail
Caterers,Supermarkets and Grocery,Retail
CATERING,Restaurants - Not Fast Food,Retail
Catering Business,Supermarkets and Grocery,Retail
CATERING HALL,Restaurants - Not Fast Food,Retail
Catering Kitchen,Restaurants - Not Fast Food,Retail
Cattle,Livestock Farming,Agriculture/Farming
Cattle loafing,Livestock Farming,Agriculture/Farming
Cattle Loafing Barn,Livestock Farming,Agriculture/Farming
Cattle Yearling,Livestock Farming,Agriculture/Farming
CE - Classrooms,Schools,Education
CE #1 School,Schools,Education
Ce Modular-Storage,General Warehousing and Storage - Non-Hazardous,Storage and Wholesale Trade
CE#2 School,Schools,Education
CE/Dwelling,Single Family Dwellings,Habitational
CE/Fellowship,Governmental Office & Administration,Govermental/Municipal
CE/Fellowship Hall,Governmental Office & Administration,Govermental/Municipal
CE/Gym - Greensboro,Fitness and Recreational Sports Centers,Hotels/Casino/Entertainment
CE/Office  S-2,Offices,Offices
CE/Storage Modular,General Warehousing and Storage - Non-Hazardous,Storage and Wholesale Trade
CE/Youth/Fellowship,Governmental Office & Administration,Govermental/Municipal
Cedar Lodge-Dwlg,Lodges and Clubs,Hotels/Casino/Entertainment
CE-Dwlg,Single Family Dwellings,Habitational
CE-Fellowship Hall,Governmental Office & Administration,Govermental/Municipal
Cement,Cement Manufacturing,Heavy Industry
Cement Manufacturing Plant & Equipment,Cement Manufacturing,Heavy Industry
CEMETARY,Cemetery,Religious/Churches
CEMETARY (2) GATES ONLY,Cemetery,Religious/Churches
CEMETARY STORAGE BUILDING,General Warehousing and Storage - Non-Hazardous,Storage and Wholesale Trade
CEMETERY BUILDING,Cemetery,Religious/Churches
Cemetery Office,Offices,Offices
Cemetery Office - Shop,Offices,Offices
Cemetery Office - Storage Building,General Warehousing and Storage - Non-Hazardous,Storage and Wholesale Trade
CEMETERY PAVILION,Governmental Office & Administration,Govermental/Municipal
Central Classrooms,Schools,Education
Central Garage,Parking Garages,Light Industry
Central Library,Library,Govermental/Municipal
Central Middle/Classrooms,Schools,Education
Central Middle/Classrooms /Natatorium / Gym,Schools,Education
Central Middle-Tennis Court / Included in Site Improvement,Fitness and Recreational Sports Centers,Hotels/Casino/Entertainment
Central Pavilion,Governmental Office & Administration,Govermental/Municipal
Central Plant -  Sewer Admin,Water & Sewage Treatment Facilities,Utilities
Central Plant - Field Office/Sludge Rec,Water & Sewage Treatment Facilities,Utilities
Central Plant - Machine Shop,Machinery Manufacturing,Light Industry
Central Receiving Warehouse,General Warehousing and Storage - Non-Hazardous,Storage and Wholesale Trade
Central Warehouse and Equipment Storage,General Warehousing and Storage - Non-Hazardous,Storage and Wholesale Trade
CENTRAL WASTEWATER TREATMENT PLANT,Water & Sewage Treatment Facilities,Utilities
CERAMIC STUDIO,Clay Refractory Manufacturing,Heavy Industry
Ceramic/sculpture Building,Clay Refractory Manufacturing,Heavy Industry
Chalet,Lodges and Clubs,Hotels/Casino/Entertainment
Chalfant Auditorium,Full-Service Hotel,Hotels/Casino/Entertainment
Chamber Building,Governmental Office & Administration,Govermental/Municipal
Chamber of Commerce,Governmental Office & Administration,Govermental/Municipal
Chamber of Commerce Building,Governmental Office & Administration,Govermental/Municipal
Chamber of Commerce Welcome Center,Governmental Office & Administration,Govermental/Municipal
Chamber Office &Old Jail Museum,Offices,Offices
CHAMBLEE DUNWOODY COLLISION PARKING,Parking Garages,Light Industry
Chapel,"Church, Mosque or Synagogue",Religious/Churches
Chapel - Long Beach,"Church, Mosque or Synagogue",Religious/Churches
"Chapel, dining & education",Universities and Colleges,Education
Chapel/Dorm,Mid Rise Student Housing - 5-9 stories,Habitational
Chapel-Old,"Church, Mosque or Synagogue",Religious/Churches
Chaplains,"Church, Mosque or Synagogue",Religious/Churches
Chassis Yard Canopy,Auto Repair Shop Garage,Retail
Chassis Yard M&R Bldg.,Auto Repair Shop Garage,Retail
Chassis Yard Office Trailer,Offices,Offices
CHATTOOGA ACADEMY,Schools,Education
Check in for Visitors and Inmate Processing,Correctional Institutions and Prisons,Govermental/Municipal
Chemical,Inorganic Chemical Manufacturing,Heavy Industry
Chemical - Air Compressor - Electrical Building,Electrical Equipment and Component Manufacturing,Light Industry
CHEMICAL - BLOWER BUILDING,Inorganic Chemical Manufacturing,Heavy Industry
Chemical  Feed Building 1,Inorganic Chemical Manufacturing,Heavy Industry
Chemical Building,Inorganic Chemical Manufacturing,Heavy Industry
Chemical Building and Well,Inorganic Chemical Manufacturing,Heavy Industry
Chemical Feed and Canopy,Inorganic Chemical Manufacturing,Heavy Industry
Chemical Feed Building,Inorganic Chemical Manufacturing,Heavy Industry
Chemical Feed Building 2,Inorganic Chemical Manufacturing,Heavy Industry
CHEMICAL FEED PUMP BUILDING,Inorganic Chemical Manufacturing,Heavy Industry
CHEMICAL FEED STATION,Inorganic Chemical Manufacturing,Heavy Industry
Chemical Manufacturing - Non Combustible or Low Hazard,Inorganic Chemical Manufacturing,Heavy Industry
Chemical Processing,Inorganic Chemical Manufacturing,Heavy Industry
Chemical Pump Building,Inorganic Chemical Manufacturing,Heavy Industry
chemical storage,General Warehousing and Storage - Non-Hazardous,Storage and Wholesale Trade
CHEMICAL STORAGE 1,Inorganic Chemical Manufacturing,Heavy Industry
CHEMICAL STORAGE 2,Inorganic Chemical Manufacturing,Heavy Industry
Chemical Storage Bldg,General Warehousing and Storage - Non-Hazardous,Storage and Wholesale Trade
Chemical Storage Building,Inorganic Chemical Manufacturing,Heavy Industry
Chemical Storage Building A,Inorganic Chemical Manufacturing,Heavy Industry
Chemical Storage Building B,Inorganic Chemical Manufacturing,Heavy Industry
Chemical Storage Facility,Inorganic Chemical Manufacturing,Heavy Industry
Chemical Storage Tank 1,Inorganic Chemical Manufacturing,Heavy Industry
Chemical Storage Tank 2,Inorganic Chemical Manufacturing,Heavy Industry
Chemical Tank,Inorganic Chemical Manufacturing,Heavy Industry
CHEMICAL TANK BUILDING,Inorganic Chemical Manufacturing,Heavy Industry
Chemical Tank Farm,Livestock Farming,Agriculture/Farming
Chemical Tanks,Inorganic Chemical Manufacturing,Heavy Industry
Chemical Tanks Pad,Inorganic Chemical Manufacturing,Heavy Industry
Chemicals Processing,Inorganic Chemical Manufacturing,Heavy Industry
Cherry Branch GGP Farm,Livestock Farming,Agriculture/Farming
Chesterfield Farm,Livestock Farming,Agriculture/Farming
Child Care Center,Day Care,Health Services
Child Care Facility,Day Care,Health Services
Child Development Ctr,Day Care,Health Services
Child Ministry Location - Lease,Offices,Offices
Children/Youth Center,Day Care,Health Services
Children's Center,Day Care,Health Services
Childrens Church,"Church, Mosque or Synagogue",Religious/Churches
Children's Education,Schools,Education
Childrens ER,Hospital,Health Services
Children's ID/DD Group Home,Assisted Living,Health Services
Childrens Meeting - Lease,Offices,Offices
Childrens Ministry,"Church, Mosque or Synagogue",Religious/Churches
Children's Pediatric Rehab,Rehabilitation Facility,Health Services
Chimney Rock Shopping Center,Department Stores,Retail
Chip & Dust,Miscellaneous Waste Management,Heavy Industry
Chip & Refuse System,Miscellaneous Waste Management,Heavy Industry
Chip Bins,Miscellaneous Waste Management,Heavy Industry
Chip Car Loader,Miscellaneous Waste Management,Heavy Industry
Chip Car Loading System,Miscellaneous Waste Management,Heavy Industry
Chip Fuel Storage,General Warehousing and Storage - Non-Hazardous,Storage and Wholesale Trade
Chip Loading,Miscellaneous Waste Management,Heavy Industry
Chip Waste System,Miscellaneous Waste Management,Heavy Industry
Chipper Bldg,Miscellaneous Waste Management,Heavy Industry
Chipper System,Miscellaneous Waste Management,Heavy Industry
Chlorine Station,Water & Sewage Treatment Facilities,Utilities
CHP Warehouse,General Warehousing and Storage - Non-Hazardous,Storage and Wholesale Trade
CHRISTIAN CENTER,"Church, Mosque or Synagogue",Religious/Churches
Christian Ed.,"Church, Mosque or Synagogue",Religious/Churches
Christian Education,Universities and Colleges,Education
Christian Education - Rent,Universities and Colleges,Education
Christian Education - Storage - Long Beach,General Warehousing and Storage - Non-Hazardous,Storage and Wholesale Trade
CHRISTUS Command Center and CSRHS Physician Services Officed here,Offices,Offices
CHRISTUS Credentialing,Unknown,Unknown
Christus- Saint Mary Hospital,Hospital,Health Services
Chuch,"Church, Mosque or Synagogue",Religious/Churches
CHURCH,"Church, Mosque or Synagogue",Religious/Churches
CHURCH - CC 0900 / OC 22,"Church, Mosque or Synagogue",Religious/Churches
Church - Closed for Winter,"Church, Mosque or Synagogue",Religious/Churches
Church - Granite City,"Church, Mosque or Synagogue",Religious/Churches
Church - Greensboro,"Church, Mosque or Synagogue",Religious/Churches
Church - Gym,Fitness and Recreational Sports Centers,Hotels/Casino/Entertainment
Church - Lease Out,"Church, Mosque or Synagogue",Religious/Churches
Church - Leased Out 100%,"Church, Mosque or Synagogue",Religious/Churches
Church - Long Beach,"Church, Mosque or Synagogue",Religious/Churches
Church - Milford,"Church, Mosque or Synagogue",Religious/Churches
Church - Modular,"Church, Mosque or Synagogue",Religious/Churches
Church - Modular - Lease,"Church, Mosque or Synagogue",Religious/Churches
Church - Multi Use,"Church, Mosque or Synagogue",Religious/Churches
Church - Multipurpose,"Church, Mosque or Synagogue",Religious/Churches
Church - occassional lease out,"Church, Mosque or Synagogue",Religious/Churches
Church - Okawville,"Church, Mosque or Synagogue",Religious/Churches
Church - Partial Lease Out,"Church, Mosque or Synagogue",Religious/Churches
Church - Pre-School,Schools,Education
Church - Prescott Campus,"Church, Mosque or Synagogue",Religious/Churches
Church - Rented Out,"Church, Mosque or Synagogue",Religious/Churches
Church - Sanctuary,"Church, Mosque or Synagogue",Religious/Churches
Church - Satellite,"Church, Mosque or Synagogue",Religious/Churches
Church - School,Schools,Education
Church - Temporary Location,"Church, Mosque or Synagogue",Religious/Churches
Church - Transferred from 30646,"Church, Mosque or Synagogue",Religious/Churches
Church - Vacant,Mid Rise Apartments - 5-9 stories,Habitational
Church & Annex,"Church, Mosque or Synagogue",Religious/Churches
Church & Ed Bldg,"Church, Mosque or Synagogue",Religious/Churches
Church & Parsonage,"Church, Mosque or Synagogue",Religious/Churches
Church & School- lease out,Schools,Education
Church & Sunday Sch,"Church, Mosque or Synagogue",Religious/Churches
Church . mo to mo rental,"Church, Mosque or Synagogue",Religious/Churches
CHURCH / FELLOWSHIP HALL - CC 0900 / OC 22,"Church, Mosque or Synagogue",Religious/Churches
Church / Youth,"Church, Mosque or Synagogue",Religious/Churches
Church Bldg,"Church, Mosque or Synagogue",Religious/Churches
Church Building,"Church, Mosque or Synagogue",Religious/Churches
Church C,"Church, Mosque or Synagogue",Religious/Churches
CHURCH LRO,"Church, Mosque or Synagogue",Religious/Churches
Church Meeting Location,"Church, Mosque or Synagogue",Religious/Churches
Church Meeting-Bible Institute,"Church, Mosque or Synagogue",Religious/Churches
Church Museum,Museums,Hotels/Casino/Entertainment
Church Office,Offices,Offices
Church Office - Lease,Offices,Offices
Church Office - Leased,Offices,Offices
Church Office / House,Offices,Offices
Church Office/Pastor Home,Offices,Offices
Church Office/Pastor's Home,Offices,Offices
Church Owned-Land Leased,"Church, Mosque or Synagogue",Religious/Churches
CHURCH PARSONAGE - CC 0900 / OC 22,"Church, Mosque or Synagogue",Religious/Churches
Church Plant Meeting Loc - Lease,"Church, Mosque or Synagogue",Religious/Churches
Church Sanctuary   S-1,"Church, Mosque or Synagogue",Religious/Churches
CHURCH SANCTUARY - CC 0900 / OC 22,"Church, Mosque or Synagogue",Religious/Churches
CHURCH SCHOOL - CC 0900 / OC 22,Schools,Education
Church Services,"Church, Mosque or Synagogue",Religious/Churches
Church Sign off Premises,"Church, Mosque or Synagogue",Religious/Churches
Church Sign on Premises,"Church, Mosque or Synagogue",Religious/Churches
Church Street Manor,"Church, Mosque or Synagogue",Religious/Churches
CHURCH STREET PAVILLION,Governmental Office & Administration,Govermental/Municipal
CHURCH TEMPLE NO SCHOOL NO COOKING - CC 0900 / OC 22,Schools,Education
CHURCH TEMPLE w COOKING- CC 0900 / OC 22,"Church, Mosque or Synagogue",Religious/Churches
CHURCH TEMPLE w SCHOOL NO COOKING- CC 0900 / OC 22,Schools,Education
CHURCH YOUTH BUILDING - CC 0900 / OC 22,"Church, Mosque or Synagogue",Religious/Churches
Church/ Office,Offices,Offices
Church/ Wing,"Church, Mosque or Synagogue",Religious/Churches
Church/2 Unit,"Church, Mosque or Synagogue",Religious/Churches
Church/ABI,"Church, Mosque or Synagogue",Religious/Churches
Church/Annex,"Church, Mosque or Synagogue",Religious/Churches
Church/C.E.,"Church, Mosque or Synagogue",Religious/Churches
Church/CE,"Church, Mosque or Synagogue",Religious/Churches
Church/CE/School,Schools,Education
Church/dwelling,Single Family Dwellings,Habitational
Church/Fellowship,"Church, Mosque or Synagogue",Religious/Churches
Church/Fellowship Hall - Addition,"Church, Mosque or Synagogue",Religious/Churches
Church/Fellowship Hall/CE,"Church, Mosque or Synagogue",Religious/Churches
Church/Fellowship Hall/Youth,"Church, Mosque or Synagogue",Religious/Churches
Church/Gym/CE Bldg.,Fitness and Recreational Sports Centers,Hotels/Casino/Entertainment
Church/Gym/Retreat Center/CE,Fitness and Recreational Sports Centers,Hotels/Casino/Entertainment
CHURCH/HALL,"Church, Mosque or Synagogue",Religious/Churches
Church/Multipurpose,"Church, Mosque or Synagogue",Religious/Churches
Church/Office,Offices,Offices
Church/Office/Leased,Offices,Offices
Church/Office/Parsonage,"Church, Mosque or Synagogue",Religious/Churches
Church/Pars/Dwlg,Single Family Dwellings,Habitational
Church/Parsonage,"Church, Mosque or Synagogue",Religious/Churches
Church/Parsonage partial lease out,"Church, Mosque or Synagogue",Religious/Churches
Church/Portable Storage Unit,General Warehousing and Storage - Non-Hazardous,Storage and Wholesale Trade
Church/Ruth Hall,"Church, Mosque or Synagogue",Religious/Churches
Church/School,Schools,Education
Church/SS,"Church, Mosque or Synagogue",Religious/Churches
Church/SS/parking,Parking Garages,Light Industry
Church/Youth,"Church, Mosque or Synagogue",Religious/Churches
Church-CE,"Church, Mosque or Synagogue",Religious/Churches
Churches,"Church, Mosque or Synagogue",Religious/Churches
Churches and Synagogues,"Church, Mosque or Synagogue",Religious/Churches
CHURCHES CHCKN HYDROMATIC-2 5hp,"Church, Mosque or Synagogue",Religious/Churches
Churches or Other Houses of Worship,Single Family Dwellings,Habitational
Churches or Other Houses of Worship - Building,Single Family Dwellings,Habitational
Churches or places of worship,"Church, Mosque or Synagogue",Religious/Churches
Church-Fellowship Hall,"Church, Mosque or Synagogue",Religious/Churches
Church-Lease Out,"Church, Mosque or Synagogue",Religious/Churches
Church-lease out per board,"Church, Mosque or Synagogue",Religious/Churches
Church-leased,"Church, Mosque or Synagogue",Religious/Churches
Church-Leased Out/Pstr. George Lopez-Assm. of God,"Church, Mosque or Synagogue",Religious/Churches
Church-Life Center,"Church, Mosque or Synagogue",Religious/Churches
Church-Pavilion,Governmental Office & Administration,Govermental/Municipal
Church-Tent,"Church, Mosque or Synagogue",Religious/Churches
City Administration Building,Offices,Offices
CITY CEMETERY,Cemetery,Religious/Churches
City Center -Rehab and Wellness,Rehabilitation Facility,Health Services
City Court,Courts,Govermental/Municipal
City Depot,General Warehousing and Storage - Non-Hazardous,Storage and Wholesale Trade
City Hall,Governmental Office & Administration,Govermental/Municipal
City Hall - Cafetorium,Restaurants - Not Fast Food,Retail
City Hall - Community Center,Governmental Office & Administration,Govermental/Municipal
City Hall - Court,Courts,Govermental/Municipal
City Hall - Fire Department,Governmental Office & Administration,Govermental/Municipal
CITY HALL - FIRE STATION,Governmental Office & Administration,Govermental/Municipal
City Hall - Former School,Schools,Education
CITY HALL - MUSEUM,Museums,Hotels/Casino/Entertainment
CITY HALL - POLICE,Governmental Office & Administration,Govermental/Municipal
City Hall - Police Station,Governmental Office & Administration,Govermental/Municipal
City Hall - Police Station - Library,Library,Govermental/Municipal
City Hall - Police-EMS Station,Governmental Office & Administration,Govermental/Municipal
CITY HALL - RECREATION CENTER,Fitness and Recreational Sports Centers,Hotels/Casino/Entertainment
CITY HALL AND LIBRARY,Library,Govermental/Municipal
CITY HALL AND POLICE DEPARTMENT,Governmental Office & Administration,Govermental/Municipal
City Hall and Police Station,Governmental Office & Administration,Govermental/Municipal
City Hall Annex,Governmental Office & Administration,Govermental/Municipal
City Hall Annex - Visitor Center,Governmental Office & Administration,Govermental/Municipal
CITY HALL- ELECTRICAL EQUIP,T&D,Utilities
CITY HALL- Old Governmental Bldg.,Governmental Office & Administration,Govermental/Municipal
City Library,Library,Govermental/Municipal
City Lot 1 Storage Building,General Warehousing and Storage - Non-Hazardous,Storage and Wholesale Trade
CITY NURSERY,Day Care,Health Services
City Office and Fire Station,Offices,Offices
CITY OWNED MOBILE HOME,Single Family Dwellings,Habitational
City Parish Office Annex,Offices,Offices
City Park,Lodges and Clubs,Hotels/Casino/Entertainment
CITY PARK GAZEBO,Governmental Office & Administration,Govermental/Municipal
CITY PARK PAVILION,Governmental Office & Administration,Govermental/Municipal
CITY PARK STAGE,Governmental Office & Administration,Govermental/Municipal
CITY PIER,Piers and Wharves,Transportation
CITY SHOP,Miscellaneous Retailers,Retail
City Shop - Armory,Miscellaneous Retailers,Retail
City Storage Building,General Warehousing and Storage - Non-Hazardous,Storage and Wholesale Trade
CIVIC AND CULTURAL ARTS CENTER,Governmental Office & Administration,Govermental/Municipal
Civic Center,Governmental Office & Administration,Govermental/Municipal
CIVIC CENTER 1,Governmental Office & Administration,Govermental/Municipal
CIVIC CENTER RESTROOM RENOVATION (MULTI CRAFT CONST),Governmental Office & Administration,Govermental/Municipal
CIVIC CLUB,Fitness and Recreational Sports Centers,Hotels/Casino/Entertainment
Civil Air Museum,Museums,Hotels/Casino/Entertainment
Civil Air Patrol Building,Governmental Office & Administration,Govermental/Municipal
CIVIL DEFENSE - STORAGE BUILDING,General Warehousing and Storage - Non-Hazardous,Storage and Wholesale Trade
CIVIL WAR MUSEUM (NEXT TO MAIN MUSEUM),Museums,Hotels/Casino/Entertainment
CLAIRMONT PARK- GAZEBO,Governmental Office & Administration,Govermental/Municipal
Class Room Building  E-3,Schools,Education
Class Rooms,Schools,Education
Class/Cafeteria,Schools,Education
Class/Library,Schools,Education
Class/Library/Cafeteria,Schools,Education
"Class-A Office Building
with Parking Garage",Offices,Offices
CLASSLAB,Schools,Education
Class-Modular,Schools,Education
CLASSRELO,Schools,Education
CLASSRMCOL,Schools,Education
classroom,Schools,Education
Classroom 1,Schools,Education
Classroom 1 - Rented Out,Schools,Education
Classroom 2,Schools,Education
Classroom 2 - Rented Out,Schools,Education
Classroom A,Schools,Education
Classroom A Addition,Schools,Education
Classroom Addiiton,Schools,Education
Classroom Addition,Schools,Education
Classroom Addition to Main Bldg,Schools,Education
Classroom and Labs,Schools,Education
Classroom B,Schools,Education
Classroom B Addition,Schools,Education
Classroom Bldg,Schools,Education
Classroom Bldg (orig meat ctr),Schools,Education
Classroom Bldg (previously used by Senior Citizen group),Schools,Education
Classroom Bldg 1,Schools,Education
Classroom Bldg 100,Schools,Education
Classroom Bldg 2,Schools,Education
Classroom Bldg 200,Schools,Education
Classroom Bldg 300,Schools,Education
Classroom Bldg B,Schools,Education
Classroom Building,Schools,Education
Classroom Building 1,Schools,Education
Classroom Building 2,Schools,Education
Classroom E - 1st floor (auto tech),Schools,Education
Classroom F  ,Schools,Education
Classroom Modular (10 Bldgs),Schools,Education
Classroom Modular (6 Bldgs),Schools,Education
Classroom Modular (7 bldgs),Schools,Education
Classroom Training Building,Schools,Education
Classroom Wing,Schools,Education
Classroom Wing (Kindergarten),Schools,Education
Classroom Wing (Ninth St. Bldg.),Schools,Education
"Classroom Wing A, B, C",Schools,Education
Classroom Wing Addition,Schools,Education
Classroom Wing Addition to Main Bldg,Schools,Education
Classroom Wing Bldg,Schools,Education
Classroom Wing D  ,Schools,Education
Classroom Wing E - 2nd floor,Schools,Education
"Classroom, Maintenance Training, Kitchen, Storage",General Warehousing and Storage - Non-Hazardous,Storage and Wholesale Trade
Classroom/ Live Theater Stage,Schools,Education
Classroom/Addition,Schools,Education
Classroom/Labs,Schools,Education
Classroom/Office,Schools,Education
Classroom/Office Bldg,Schools,Education
Classroom/Offices,Schools,Education
Classroom/Work Room,Schools,Education
Classroom-leased out  E-4 - Leased Mod-Owned Land,Schools,Education
Classrooms,Schools,Education
Classrooms - Training 1,Schools,Education
Classrooms - Training 2,Schools,Education
Classrooms - Wing 300,Schools,Education
Classrooms - Wing 350,Schools,Education
Classrooms - Wing 80,Schools,Education
Classrooms (100-103),Schools,Education
Classrooms (104-107),Schools,Education
Classrooms (200-304),Schools,Education
Classrooms (used as Offices),Schools,Education
Classrooms Locker Rooms,Schools,Education
Classrooms Main Bldg,Schools,Education
Classrooms Modular (7 Bldgs),Schools,Education
Classrooms Modular (8 Bldgs),Schools,Education
Classrooms Modular(16 Bldgs),Schools,Education
Classrooms*,Schools,Education
Classrooms/  Library,Schools,Education
Classrooms/ Music Bldg,Schools,Education
Classrooms/Admin,Schools,Education
Classrooms/Admin/Library,Schools,Education
Classrooms/Administration,Schools,Education
Classrooms/Admn/Cafeteria,Schools,Education
Classrooms/Admn/Gym,Schools,Education
Classrooms/Art,Schools,Education
Classrooms/Conference,Schools,Education
Classrooms/Labs,Schools,Education
Classrooms/Library,Schools,Education
Classrooms/Media,Schools,Education
Classrooms/Music,Schools,Education
Classrooms/Office,Schools,Education
Classrooms/Racquetball,Schools,Education
Classrooms/Receiving,Schools,Education
ClassroomWing,Schools,Education
"Cleanout, Maintenance, & Warehouse",General Warehousing and Storage - Non-Hazardous,Storage and Wholesale Trade
Clearwell,Water Supply and Irrigation Systems,Utilities
Clerk of Court Condo  **MOVING TO PUBLIC  SAFETY COMPLEX**,Mid Rise Condos - 5-9 stories,Habitational
CLIMBING STRUCTURE & PLAYGROUND,Fitness and Recreational Sports Centers,Hotels/Casino/Entertainment
Clinc,Home Health Care Service,Health Services
CLINCH COUNTY EDUCATION COMPLEX,Technical and Trade Schools,Education
Clinic,Home Health Care Service,Health Services
Clinic - School Based,Home Health Care Service,Health Services
Clinic / Offices,Medical Office,Health Services
Clinic in WH,Home Health Care Service,Health Services
"Clinic, General Rad, Lab, Office Community Education Presentation",Offices,Offices
"Clinic, lease 1,700 sq feet to CHRISTUS Home Health",Home Health Care Service,Health Services
Clinic/Offices,Medical Office,Health Services
Clinic/Offices/IS and Telecomm Support,Medical Office,Health Services
Clinical Education,Schools,Education
Clinic-Mobile,Home Health Care Service,Health Services
Clinics,Home Health Care Service,Health Services
Clinics/laboratories,Laboratories,Health Services
Clothing or Fur Mfg incl Upholstering,Clothing Manufacturing,Light Industry
Clothing or Wearing Apparel Stores - Other than Not-For-Profit,Clothing Manufacturing,Light Industry
Clothing Retail/Wholesale,Clothing Manufacturing,Light Industry
Clothing Store,Clothing Manufacturing,Light Industry
CLOTHING/WEAR APPAREL DISTRIBUTOR,Clothing Manufacturing,Light Industry
CLOTHING/WEAR APPAREL DISTRIBUTOR WAREHOUSE,General Warehousing and Storage - Non-Hazardous,Storage and Wholesale Trade
Cloverfield Farm,Livestock Farming,Agriculture/Farming
Clrms/Café.,Schools,Education
Clrms/Music/Art,Schools,Education
Clsaaroom Addition,Schools,Education
Clssrm Wing Addn & Connecting Corridor,Schools,Education
Club,Fitness and Recreational Sports Centers,Hotels/Casino/Entertainment
"Club - civic, service or social - having buildings or premises owned or leased - Not-For-Profit only - NOC, including fraternal and union halls",Fitness and Recreational Sports Centers,Hotels/Casino/Entertainment
"Club - civic, service or social - having buildings or premises owned or leased - Not-For-Profit only - Such as golf club, tennis clubs and similar sports facilities With cooking",Fitness and Recreational Sports Centers,Hotels/Casino/Entertainment
"Club - civic, service or social - having buildings or premises owned or leased - Not-For-Profit only - Such as golf club, tennis clubs and similar sports facilities Without cooking",Fitness and Recreational Sports Centers,Hotels/Casino/Entertainment
"Club - civic, service or social - having buildings or premises owned or leased - Other than Not-For-Profit - NOC, including fraternal and union halls",Fitness and Recreational Sports Centers,Hotels/Casino/Entertainment
"Club - civic, service or social - having buildings or premises owned or leased - Other than Not-For-Profit - Such as golf club, tennis clubs and similar sports facilities With cooking",Fitness and Recreational Sports Centers,Hotels/Casino/Entertainment
"Club - civic, service or social - having buildings or premises owned or leased - Other than Not-For-Profit - Such as golf club, tennis clubs and similar sports facilities Without cooking",Fitness and Recreational Sports Centers,Hotels/Casino/Entertainment
"Club - civic, service or social - including Fraternal and union halls",Fitness and Recreational Sports Centers,Hotels/Casino/Entertainment
Club House,Golf Courses and Country Clubs,Hotels/Casino/Entertainment
CLUB HOUSE AND RELATED FACILITIES -CC 0844 / OC 10,Single Family Dwellings,Habitational
Club Meetings and Balls,Fitness and Recreational Sports Centers,Hotels/Casino/Entertainment
Club Restaurant,Restaurants - Not Fast Food,Retail
Clubhouse,Fitness and Recreational Sports Centers,Hotels/Casino/Entertainment
Clubhouse - Garage,Golf Courses and Country Clubs,Hotels/Casino/Entertainment
Clubhouse / Banquet Facility / Maintenance Building,Golf Courses and Country Clubs,Hotels/Casino/Entertainment
CLUBHOUSE AND CART STORAGE BUILDING,Golf Courses and Country Clubs,Hotels/Casino/Entertainment
Clubhouse Building,Golf Courses and Country Clubs,Hotels/Casino/Entertainment
Clubhouse Pavilion,Golf Courses and Country Clubs,Hotels/Casino/Entertainment
Clubhouse Pool Pumphouse,Golf Courses and Country Clubs,Hotels/Casino/Entertainment
Clubhouse Pool Restrooms,Golf Courses and Country Clubs,Hotels/Casino/Entertainment
Clubhouse w/fences,Fitness and Recreational Sports Centers,Hotels/Casino/Entertainment
Clubhouse/Main Pool,Golf Courses and Country Clubs,Hotels/Casino/Entertainment
Clubs,Fitness and Recreational Sports Centers,Hotels/Casino/Entertainment
Clubs - country or golf,Golf Courses and Country Clubs,Hotels/Casino/Entertainment
"Clubs - country or golf - Such as golf clubs, tennis clubs and similar sports facilities Without cooking",Fitness and Recreational Sports Centers,Hotels/Casino/Entertainment
Clubs - Health,Home Health Care Service,Health Services
"Clubs – NOC , including fraternal and union hall",Fitness and Recreational Sports Centers,Hotels/Casino/Entertainment
"Clubs – Sports clubs, with cooking; country clubs with cooking",Golf Courses and Country Clubs,Hotels/Casino/Entertainment
"Clubs – Sports clubs, without cooking; country clubs without cooking",Golf Courses and Country Clubs,Hotels/Casino/Entertainment
Clubs (NOC),Fitness and Recreational Sports Centers,Hotels/Casino/Entertainment
Clubs (Social),Fitness and Recreational Sports Centers,Hotels/Casino/Entertainment
"CLUBS , INCLUDING FRATERNAL AND UNION HALLS - CC 0757 / OC 10",Fitness and Recreational Sports Centers,Hotels/Casino/Entertainment
Clubs Exercise,Fitness and Recreational Sports Centers,Hotels/Casino/Entertainment
Clubs Golf /Country,Golf Courses and Country Clubs,Hotels/Casino/Entertainment
"Clubs, Not Otherwise Classified, Including Fraternal and Union H",Fitness and Recreational Sports Centers,Hotels/Casino/Entertainment
"Clubs-civic, service or social",Fitness and Recreational Sports Centers,Hotels/Casino/Entertainment
Clubs-country or golf,Golf Courses and Country Clubs,Hotels/Casino/Entertainment
Clubs-Social,Fitness and Recreational Sports Centers,Hotels/Casino/Entertainment
CNG Refueling Station/Equipment,Natural Gas Distribution,Utilities
CNS Office,Offices,Offices
CNS Telecommunications Facility,Telecoms - Transmission Towers,Communications
Coastal Region Office 3100 sq ft,Offices,Offices
COBB SCHOOLS PLAYGROUND EQUIPMENT,Schools,Education
COC - Addition / Remodel of Future Church,"Church, Mosque or Synagogue",Religious/Churches
COC - Childrens Facility,"Church, Mosque or Synagogue",Religious/Churches
COC - Church,"Church, Mosque or Synagogue",Religious/Churches
COC - Church - Addition of Bathroom Facilities,"Church, Mosque or Synagogue",Religious/Churches
COC - Church Foyer & Restrooms,"Church, Mosque or Synagogue",Religious/Churches
COC - Church Remodel,"Church, Mosque or Synagogue",Religious/Churches
COC - Discipleship Center,"Church, Mosque or Synagogue",Religious/Churches
COC - Future Classrooms,Schools,Education
COC - Multipurpose Facility,"Church, Mosque or Synagogue",Religious/Churches
COC - New Sanctuary,"Church, Mosque or Synagogue",Religious/Churches
COC - Pavilion,"Church, Mosque or Synagogue",Religious/Churches
COC - Phase II - Multipurpose Room,"Church, Mosque or Synagogue",Religious/Churches
COC - Porte Cochere,"Church, Mosque or Synagogue",Religious/Churches
COC - Remodel - Leasehold Improvement,"Church, Mosque or Synagogue",Religious/Churches
COC - Remodel Phase I,"Church, Mosque or Synagogue",Religious/Churches
COC / Renovation,Mid Rise Apartments - 5-9 stories,Habitational
Coc for lease improvement build out,"Church, Mosque or Synagogue",Religious/Churches
COC-Church Addition,"Church, Mosque or Synagogue",Religious/Churches
Coconut Point Healthy Life Center,Home Health Care Service,Health Services
COC-Phase II Second Floor,"Church, Mosque or Synagogue",Religious/Churches
Code Enforcement Office,Offices,Offices
Cofer Swimming Pool,Fitness and Recreational Sports Centers,Hotels/Casino/Entertainment
Cofer Swimming Pool Bath House,Fitness and Recreational Sports Centers,Hotels/Casino/Entertainment
Coffee Shop Ministry - Rent,"Church, Mosque or Synagogue",Religious/Churches
"COFFEE SHOP, RETAIL STORE, SHED-EQUIPMENT RENTAL",General Warehousing and Storage - Non-Hazardous,Storage and Wholesale Trade
Coffee/Spice Prod Mfg,Processed Food Manufacturing - Non-Frozen,Food
Cogen,Co-Generation,Utilities
Co-Gen,Co-Generation,Utilities
Co-Gen (B14),Co-Generation,Utilities
Co-Gen Bldg,Co-Generation,Utilities
Co-Gen Fuel Bin,Co-Generation,Utilities
Co-Gen Shop/Transformer Shed,Co-Generation,Utilities
Cold Storage,Refrigerated Warehousing and Storage,Storage and Wholesale Trade
Cold Storage and Compressor Room,Refrigerated Warehousing and Storage,Storage and Wholesale Trade
Cold Storage Warehouses,Refrigerated Warehousing and Storage,Storage and Wholesale Trade
COLEMAN CAMP PAVILION AND DOG PARK,Governmental Office & Administration,Govermental/Municipal
Coliseum,Museums,Hotels/Casino/Entertainment
College Campus,Universities and Colleges,Education
Co-location facility for IT equipment,Offices,Offices
Colonial Self Storage,General Warehousing and Storage - Non-Hazardous,Storage and Wholesale Trade
Columbia Theatre,Cinemas,Retail
Comm Building-Restaurant/Bar,Restaurants - Not Fast Food,Retail
Comm Building-Restaurant/Bar-LRO,Restaurants - Not Fast Food,Retail
COMM EQUIPMENT INSTALL,Electrical Equipment and Component Manufacturing,Light Industry
COMM/ OFFICE,Offices,Offices
COMM/ OFFICE&RETAIL,Offices,Offices
COMM/ RETAIL,Miscellaneous Retailers,Retail
COMM/RETAIL,Miscellaneous Retailers,Retail
Commercial,Miscellaneous Retailers,Retail
Commercial  - Managed Records Storage,General Warehousing and Storage - Non-Hazardous,Storage and Wholesale Trade
Commercial - Storage of modular furniture,General Warehousing and Storage - Non-Hazardous,Storage and Wholesale Trade
Commercial / Shophouse,Miscellaneous Retailers,Retail
Commercial Church,"Church, Mosque or Synagogue",Religious/Churches
Commercial condo unit,Mid Rise Condos - 5-9 stories,Habitational
COMMERCIAL CONDOMINUM GENERAL STORAGE AND OFFICE - CC 1213 / OC 8,Mid Rise Condos - 5-9 stories,Habitational
Commercial Laundry,Laundry,Retail
Commercial Manufacturing,Machinery Manufacturing,Light Industry
Commercial Nursery,Day Care,Health Services
Commercial Office and Retail,Offices,Offices
Commercial Office Space,Offices,Offices
Commercial Properties,Miscellaneous Retailers,Retail
Commercial Property High Customer Traffic,Miscellaneous Retailers,Retail
Commercial Property Manufacturing,Machinery Manufacturing,Light Industry
Commercial Property Medium Hazard Occupancy,Mid Rise Apartments - 5-9 stories,Habitational
Commercial Property NOC,Miscellaneous Retailers,Retail
Commercial Property With Customer Services Performed within,Miscellaneous Retailers,Retail
Commercial Property with High Vehicle Traffic,Auto Dealers,Retail
Commercial Retail,Miscellaneous Retailers,Retail
Commercial Retail and office,Offices,Offices
Commercial Waste Digester of Energy,Miscellaneous Waste Management,Heavy Industry
"Commercial, Retail and Habitational",Single Family Dwellings,Habitational
Commercial/Bank,Offices,Offices
Commercial/Doctors Offices,Medical Office,Health Services
Commercial/Pharmacy Store,Pharmacies and Drug Stores,Retail
Commercial/Restaurant,Restaurants - Not Fast Food,Retail
Commercial/Retail,Miscellaneous Retailers,Retail
Commercial/Retail Stores,Miscellaneous Retailers,Retail
Commercial/Retail Stores (4)/ Restaurants (2)/Offices (10),Restaurants - Not Fast Food,Retail
COMMISSION OFFICE,Offices,Offices
COMML & APT BLD,Mid Rise Apartments - 5-9 stories,Habitational
Comm-Office,Offices,Offices
Comm-Transit,General Warehousing and Storage - Non-Hazardous,Storage and Wholesale Trade
Communication,Telecoms - Transmission Towers,Communications
Communication (Radio and TV),Tv and Radio Stations,Communications
Communication Equipment building,Telecoms - Transmission Towers,Communications
COMMUNICATION TOWER BLDG.,Telecoms - Transmission Towers,Communications
Communications (Except Radio & TV) - 34,Telecoms - Transmission Towers,Communications
Communications Tower,Telecoms - Transmission Towers,Communications
"Communications Workshop and Parts Warehouse, Woodworking, and Storage Warehouse",Machinery Manufacturing,Light Industry
Community Auditorium,Governmental Office & Administration,Govermental/Municipal
Community Building,Governmental Office & Administration,Govermental/Municipal
Community Building 1,Governmental Office & Administration,Govermental/Municipal
Community Building 2,Governmental Office & Administration,Govermental/Municipal
Community Center,Governmental Office & Administration,Govermental/Municipal
COMMUNITY CENTER - CITY HALL,Governmental Office & Administration,Govermental/Municipal
Community Center - Court Facility,Courts,Govermental/Municipal
COMMUNITY CENTER - DDA,Governmental Office & Administration,Govermental/Municipal
Community Center - Delmont,Governmental Office & Administration,Govermental/Municipal
COMMUNITY CENTER - LODGE,Lodges and Clubs,Hotels/Casino/Entertainment
COMMUNITY CENTER - MUSEUM - HISTORIC BUILDING,Museums,Hotels/Casino/Entertainment
COMMUNITY CENTER - STORAGE,General Warehousing and Storage - Non-Hazardous,Storage and Wholesale Trade
Community Center 2,Governmental Office & Administration,Govermental/Municipal
Community Center- Builders Risk,Governmental Office & Administration,Govermental/Municipal
Community Center Building,Governmental Office & Administration,Govermental/Municipal
Community Center Building - Scout Hut,Governmental Office & Administration,Govermental/Municipal
COMMUNITY CENTER DEPOT,General Warehousing and Storage - Non-Hazardous,Storage and Wholesale Trade
Community Center- Martin Luther King,Governmental Office & Administration,Govermental/Municipal
Community Center- North BR,Governmental Office & Administration,Govermental/Municipal
Community Centers,Governmental Office & Administration,Govermental/Municipal
Community Centre,Governmental Office & Administration,Govermental/Municipal
Community Clinic,Governmental Office & Administration,Govermental/Municipal
COMMUNITY DEVELOPMENT,Governmental Office & Administration,Govermental/Municipal
COMMUNITY GARDEN BARN,Livestock Farming,Agriculture/Farming
Community Hall,Governmental Office & Administration,Govermental/Municipal
Community House,Single Family Dwellings,Habitational
Community Market,Supermarkets and Grocery,Retail
Community Meeting Place-Clubhouse,Governmental Office & Administration,Govermental/Municipal
Community Park,Governmental Office & Administration,Govermental/Municipal
COMMUNITY PAVILION,Governmental Office & Administration,Govermental/Municipal
Community Services,Governmental Office & Administration,Govermental/Municipal
Community Services Building,Governmental Office & Administration,Govermental/Municipal
COMMUNITY SHOPPING CENTER,Department Stores,Retail
COMMUNITY SHOPPING CTR,Department Stores,Retail
Community_Center- Leo Butler,Governmental Office & Administration,Govermental/Municipal
Company Headquarters,Offices,Offices
Competition Pool,Fitness and Recreational Sports Centers,Hotels/Casino/Entertainment
Competition Swimming Pool,Fitness and Recreational Sports Centers,Hotels/Casino/Entertainment
Composting facility,Recycling - All Other,Heavy Industry
"Composting Facility, Office, Shop",Recycling - All Other,Heavy Industry
"Composting Facility, Shop",Recycling - All Other,Heavy Industry
Compounding Pharmacy; corporate offices,Offices,Offices
"Computer equipment, data storage, office",General Warehousing and Storage - Non-Hazardous,Storage and Wholesale Trade
Computer Lab,Laboratories,Health Services
Computer Lab/Training classrooms,Laboratories,Health Services
Computer Office,Offices,Offices
Computer Server Center,Offices,Offices
Computer Stores,Miscellaneous Retailers,Retail
Conc. Trailer-Storage Lot,Temporary Camps and Campgrounds,Hotels/Casino/Entertainment
CONCESSION,Governmental Office & Administration,Govermental/Municipal
Concession  Building,Governmental Office & Administration,Govermental/Municipal
Concession - Dressing Building,Governmental Office & Administration,Govermental/Municipal
CONCESSION - PRESSBOX - LOCKER ROOM,Governmental Office & Administration,Govermental/Municipal
Concession - Pressbox - Restroom Building,Governmental Office & Administration,Govermental/Municipal
Concession - Pressbox 2,Governmental Office & Administration,Govermental/Municipal
CONCESSION - PRESSBOX BUILDING,Governmental Office & Administration,Govermental/Municipal
CONCESSION - PRESSBOX BUILDING 1,Governmental Office & Administration,Govermental/Municipal
CONCESSION - PRESSBOX BUILDING 2,Governmental Office & Administration,Govermental/Municipal
Concession - Restroom - Pressbox 1,Governmental Office & Administration,Govermental/Municipal
Concession - Restroom - Pressbox 2,Governmental Office & Administration,Govermental/Municipal
CONCESSION - RESTROOM BUILDING,Governmental Office & Administration,Govermental/Municipal
Concession - Restroom Building 1,Governmental Office & Administration,Govermental/Municipal
Concession - Restroom Building 2,Governmental Office & Administration,Govermental/Municipal
Concession and Restroom Building,Governmental Office & Administration,Govermental/Municipal
CONCESSION BUILDING,Governmental Office & Administration,Govermental/Municipal
Concession Building - Cofer Park,Governmental Office & Administration,Govermental/Municipal
Concession Building - Henderson Park,Governmental Office & Administration,Govermental/Municipal
CONCESSION BUILDING - MORGAN FIELD,Governmental Office & Administration,Govermental/Municipal
CONCESSION BUILDING - PAVILION,Governmental Office & Administration,Govermental/Municipal
CONCESSION BUILDING - PRESSBOX,Governmental Office & Administration,Govermental/Municipal
Concession Building 1,Governmental Office & Administration,Govermental/Municipal
Concession Building 2,Governmental Office & Administration,Govermental/Municipal
CONCESSION BUILDING 2 - SOFTBALL,Governmental Office & Administration,Govermental/Municipal
CONCESSION BUILDING 3 - BASEBALL,Governmental Office & Administration,Govermental/Municipal
Concession kiosk shelter at Rest Area-3 vending machines,Miscellaneous Retailers,Retail
Concession Stand,Large Stadium & Arenas,Hotels/Casino/Entertainment
Concession Stand #1,Governmental Office & Administration,Govermental/Municipal
Concession Stand #2,Governmental Office & Administration,Govermental/Municipal
Concession Stand #3,Governmental Office & Administration,Govermental/Municipal
Concession Stand #4,Governmental Office & Administration,Govermental/Municipal
Concession Stand #5,Governmental Office & Administration,Govermental/Municipal
Concession Stand / Press Box,Large Stadium & Arenas,Hotels/Casino/Entertainment
CONCESSION STAND / RESTROOM,Governmental Office & Administration,Govermental/Municipal
concession stand bldg; leased from ACOE,Miscellaneous Retailers,Retail
CONCESSION STAND/RESTROOM BUILDING,Governmental Office & Administration,Govermental/Municipal
CONCESSION STD BAZEMORE PARK,Governmental Office & Administration,Govermental/Municipal
Concession Trailers,Restaurants - Not Fast Food,Retail
Concession/Rest Room,Governmental Office & Administration,Govermental/Municipal
CONCESSION/RESTROOM,Governmental Office & Administration,Govermental/Municipal
Concession/Restroom Building,Governmental Office & Administration,Govermental/Municipal
Concession/Storage,General Warehousing and Storage - Non-Hazardous,Storage and Wholesale Trade
Concessionaire occupy the residence,Miscellaneous Retailers,Retail
Concessionaire: marina boat rental,Boat Dealers,Retail
Concessionaire's storage ....built by Gary Popp,General Warehousing and Storage - Non-Hazardous,Storage and Wholesale Trade
Concessions,Governmental Office & Administration,Govermental/Municipal
Concessions - Locker Room Building,Governmental Office & Administration,Govermental/Municipal
CONCESSIONS - PAVILION,Governmental Office & Administration,Govermental/Municipal
Concessions - Restroom Building,Governmental Office & Administration,Govermental/Municipal
Concessions Building 1,Governmental Office & Administration,Govermental/Municipal
Concessions Building 2,Governmental Office & Administration,Govermental/Municipal
Concessions/Restrooms,Governmental Office & Administration,Govermental/Municipal
"Concrete building with Radio tower, and Communications Equipment",Tv and Radio Stations,Communications
Concrete Containment Area for/ Storage Tanks for NMP Tank Farm w/Crossovers  handrails  safety equipment,General Warehousing and Storage - Non-Hazardous,Storage and Wholesale Trade
CONCRETE PICNIC TABLES TOM PITTMAN,Governmental Office & Administration,Govermental/Municipal
Concrete Structure with Radio Base Station and Relay Equipment inside,Tv and Radio Stations,Communications
Concrete Walk/Wharf,Piers and Wharves,Transportation
Condo,Mid Rise Condos - 5-9 stories,Habitational
Condo - Occupied,Mid Rise Condos - 5-9 stories,Habitational
CONDO ASSN,Mid Rise Condos - 5-9 stories,Habitational
CONDO ASSOC,Mid Rise Condos - 5-9 stories,Habitational
CONDO ASSOCI,Mid Rise Condos - 5-9 stories,Habitational
CONDO ASSOCIATI,Mid Rise Condos - 5-9 stories,Habitational
Condo Association,Mid Rise Condos - 5-9 stories,Habitational
Condo Association-Commercial/Retail,Mid Rise Condos - 5-9 stories,Habitational
CONDO BUILDING,Mid Rise Condos - 5-9 stories,Habitational
Condo cabin - Building 15,Mid Rise Condos - 5-9 stories,Habitational
Condo cabin - Building 16,Mid Rise Condos - 5-9 stories,Habitational
Condo cabin - Building 17,Mid Rise Condos - 5-9 stories,Habitational
Condo cabin - Building 18,Mid Rise Condos - 5-9 stories,Habitational
Condo cabin - Building 19,Mid Rise Condos - 5-9 stories,Habitational
Condo cabin - Building 20,Mid Rise Condos - 5-9 stories,Habitational
Condo cabin - Building 21,Mid Rise Condos - 5-9 stories,Habitational
Condo cabin - Building 22,Mid Rise Condos - 5-9 stories,Habitational
Condo cabin - Building 23,Mid Rise Condos - 5-9 stories,Habitational
Condo cabin - Building 24,Mid Rise Condos - 5-9 stories,Habitational
Condo cabin - Building 25,Mid Rise Condos - 5-9 stories,Habitational
Condo cabin - Building 26,Mid Rise Condos - 5-9 stories,Habitational
Condo cabin - Building 27,Mid Rise Condos - 5-9 stories,Habitational
Condo cabin - Building 28,Mid Rise Condos - 5-9 stories,Habitational
Condo cabin - Building 29,Mid Rise Condos - 5-9 stories,Habitational
Condo cabin - Building 30,Mid Rise Condos - 5-9 stories,Habitational
Condo cabin - Building 31,Mid Rise Condos - 5-9 stories,Habitational
Condo cabin - Building 32,Mid Rise Condos - 5-9 stories,Habitational
Condo cabin - Building 33,Mid Rise Condos - 5-9 stories,Habitational
Condo cabin - Building 34,Mid Rise Condos - 5-9 stories,Habitational
Condo cabin - Building 35,Mid Rise Condos - 5-9 stories,Habitational
Condo cabin - Building 36,Mid Rise Condos - 5-9 stories,Habitational
Condo cabin - Building 37,Mid Rise Condos - 5-9 stories,Habitational
Condo cabin - Building 38,Mid Rise Condos - 5-9 stories,Habitational
Condo cabin - Building 39,Mid Rise Condos - 5-9 stories,Habitational
Condo cabin - Building 40,Mid Rise Condos - 5-9 stories,Habitational
Condo cabin - Building 41,Mid Rise Condos - 5-9 stories,Habitational
Condo cabin - Building 42,Mid Rise Condos - 5-9 stories,Habitational
Condo cabin - Building 43,Mid Rise Condos - 5-9 stories,Habitational
Condo cabin - Building 44,Mid Rise Condos - 5-9 stories,Habitational
Condo cabin - Building 45,Mid Rise Condos - 5-9 stories,Habitational
Condo cabin - Building 46,Mid Rise Condos - 5-9 stories,Habitational
Condo cabin - Building 49,Mid Rise Condos - 5-9 stories,Habitational
Condo cabin - Building 51,Mid Rise Condos - 5-9 stories,Habitational
Condo cabin - Building 52,Mid Rise Condos - 5-9 stories,Habitational
Condo cabin - Building 53,Mid Rise Condos - 5-9 stories,Habitational
Condo cabin - Building 54,Mid Rise Condos - 5-9 stories,Habitational
Condo cabin - Building 55,Mid Rise Condos - 5-9 stories,Habitational
Condo cabin - Building 56,Mid Rise Condos - 5-9 stories,Habitational
Condo cabin - Building 57,Mid Rise Condos - 5-9 stories,Habitational
Condo cabin - Building 58,Mid Rise Condos - 5-9 stories,Habitational
Condo Homeowners,Mid Rise Condos - 5-9 stories,Habitational
Condo Hotel,Full-Service Hotel,Hotels/Casino/Entertainment
Condo I - Units 1001-1008,Mid Rise Condos - 5-9 stories,Habitational
Condo I - Units 1009-1016,Mid Rise Condos - 5-9 stories,Habitational
Condo I - Units 2001-2004,Mid Rise Condos - 5-9 stories,Habitational
Condo I - Units 2005-2006,Mid Rise Condos - 5-9 stories,Habitational
Condo I - Units 2007-2010,Mid Rise Condos - 5-9 stories,Habitational
Condo I - Units 2011-2014,Mid Rise Condos - 5-9 stories,Habitational
Condo I - Units 2015-2018,Mid Rise Condos - 5-9 stories,Habitational
Condo I - Units 2019-2022,Mid Rise Condos - 5-9 stories,Habitational
Condo I - Units 2023-2024,Mid Rise Condos - 5-9 stories,Habitational
Condo I - Units 2025-2028,Mid Rise Condos - 5-9 stories,Habitational
Condo I - Units 2029-2030,Mid Rise Condos - 5-9 stories,Habitational
Condo I - Units 2031-2034,Mid Rise Condos - 5-9 stories,Habitational
Condo I - Units 2035-2038,Mid Rise Condos - 5-9 stories,Habitational
Condo I - Units 2039-2042,Mid Rise Condos - 5-9 stories,Habitational
Condo I - Units 2043-2046,Mid Rise Condos - 5-9 stories,Habitational
Condo I - Units 2047-2050,Mid Rise Condos - 5-9 stories,Habitational
Condo I - Units 2051-2054,Mid Rise Condos - 5-9 stories,Habitational
Condo I - Units 2057-2060,Mid Rise Condos - 5-9 stories,Habitational
Condo I - Units 2061-2062,Mid Rise Condos - 5-9 stories,Habitational
Condo I - Units 2063-2064,Mid Rise Condos - 5-9 stories,Habitational
Condo I - Units 2065-2066,Mid Rise Condos - 5-9 stories,Habitational
Condo I - Units 2067-2068,Mid Rise Condos - 5-9 stories,Habitational
Condo I - Units 2069-2072,Mid Rise Condos - 5-9 stories,Habitational
Condo I - Units 2073-2076,Mid Rise Condos - 5-9 stories,Habitational
Condo I - Units 2077-2080,Mid Rise Condos - 5-9 stories,Habitational
Condo I - Units 2081-2084,Mid Rise Condos - 5-9 stories,Habitational
Condo I - Units 2085-2088,Mid Rise Condos - 5-9 stories,Habitational
Condo I - Units 2089-2092,Mid Rise Condos - 5-9 stories,Habitational
Condo I - Units 2093-2096,Mid Rise Condos - 5-9 stories,Habitational
Condo I - Units 2097-2098,Mid Rise Condos - 5-9 stories,Habitational
Condo I - Units 2099-2100,Mid Rise Condos - 5-9 stories,Habitational
Condo I - Units 2101-2104,Mid Rise Condos - 5-9 stories,Habitational
Condo I - Units 2105-2108,Mid Rise Condos - 5-9 stories,Habitational
Condo I - Units 2109-2112,Mid Rise Condos - 5-9 stories,Habitational
Condo I - Units 2113-2116,Mid Rise Condos - 5-9 stories,Habitational
Condo I - Units 2121-2122,Mid Rise Condos - 5-9 stories,Habitational
Condo I - Units 2123-2126,Mid Rise Condos - 5-9 stories,Habitational
Condo I - Units 2171-2174,Mid Rise Condos - 5-9 stories,Habitational
Condo I - Units 2175-2178,Mid Rise Condos - 5-9 stories,Habitational
Condo I - Units 2179-2180,Mid Rise Condos - 5-9 stories,Habitational
Condo I - Units 2181-2184,Mid Rise Condos - 5-9 stories,Habitational
Condo I - Units 2185-2188,Mid Rise Condos - 5-9 stories,Habitational
Condo I - Units 2189-2192,Mid Rise Condos - 5-9 stories,Habitational
Condo I - Units 2193-2196,Mid Rise Condos - 5-9 stories,Habitational
Condo I - Units 2197-2200,Mid Rise Condos - 5-9 stories,Habitational
Condo I - Units 2201-2204,Mid Rise Condos - 5-9 stories,Habitational
Condo I - Units 2205-2208,Mid Rise Condos - 5-9 stories,Habitational
Condo I - Units 2209-2212,Mid Rise Condos - 5-9 stories,Habitational
Condo I - Units 2213-2216,Mid Rise Condos - 5-9 stories,Habitational
Condo I - Units 2217-2220,Mid Rise Condos - 5-9 stories,Habitational
Condo I - Units 2221-2224,Mid Rise Condos - 5-9 stories,Habitational
Condo I - Units 2225-2228,Mid Rise Condos - 5-9 stories,Habitational
Condo I - Units 2229-2232,Mid Rise Condos - 5-9 stories,Habitational
Condo I - Units 2233-2236,Mid Rise Condos - 5-9 stories,Habitational
Condo I - Units 2237-2240,Mid Rise Condos - 5-9 stories,Habitational
Condo I - Units 2241-2242,Mid Rise Condos - 5-9 stories,Habitational
Condo I - Units 2243-2244,Mid Rise Condos - 5-9 stories,Habitational
Condo I - Units 2249-2252,Mid Rise Condos - 5-9 stories,Habitational
Condo I - Units 2253-2256,Mid Rise Condos - 5-9 stories,Habitational
Condo I - Units 2257-2260,Mid Rise Condos - 5-9 stories,Habitational
Condo I - Units 2261-2264,Mid Rise Condos - 5-9 stories,Habitational
Condo I - Units 2265-2268,Mid Rise Condos - 5-9 stories,Habitational
Condo I - Units 2269-2272,Mid Rise Condos - 5-9 stories,Habitational
Condo I - Units 2273-2274,Mid Rise Condos - 5-9 stories,Habitational
Condo I - Units 2275-2278,Mid Rise Condos - 5-9 stories,Habitational
Condo I - Units 2279-2282,Mid Rise Condos - 5-9 stories,Habitational
Condo I - Units 2283-2286,Mid Rise Condos - 5-9 stories,Habitational
Condo I - Units 2300-2303,Mid Rise Condos - 5-9 stories,Habitational
Condo I - Units 2304-2307,Mid Rise Condos - 5-9 stories,Habitational
Condo I - Units 2308-2311,Mid Rise Condos - 5-9 stories,Habitational
Condo I - Units 2312-2313,Mid Rise Condos - 5-9 stories,Habitational
Condo I - Units 2314-2317,Mid Rise Condos - 5-9 stories,Habitational
Condo I - Units 2318-2321,Mid Rise Condos - 5-9 stories,Habitational
Condo I - Units 2322-2323,Mid Rise Condos - 5-9 stories,Habitational
Condo I - Units 2324-2325,Mid Rise Condos - 5-9 stories,Habitational
Condo I - Units 2326-2329,Mid Rise Condos - 5-9 stories,Habitational
Condo I - Units 2330-2333,Mid Rise Condos - 5-9 stories,Habitational
Condo I - Units 2334-2337,Mid Rise Condos - 5-9 stories,Habitational
Condo I - Units 2338-2341,Mid Rise Condos - 5-9 stories,Habitational
Condo I - Units 2342-2345,Mid Rise Condos - 5-9 stories,Habitational
Condo I - Units 2346-2349,Mid Rise Condos - 5-9 stories,Habitational
Condo I - Units 2350-2353,Mid Rise Condos - 5-9 stories,Habitational
Condo I - Units 2400-2403,Mid Rise Condos - 5-9 stories,Habitational
Condo I - Units 2404-2407,Mid Rise Condos - 5-9 stories,Habitational
Condo I - Units 2408-2411,Mid Rise Condos - 5-9 stories,Habitational
Condo I - Units 2412-2415,Mid Rise Condos - 5-9 stories,Habitational
Condo I - Units 2416-2419,Mid Rise Condos - 5-9 stories,Habitational
Condo I - Units 2420-2423,Mid Rise Condos - 5-9 stories,Habitational
Condo I - Units 2424-2427,Mid Rise Condos - 5-9 stories,Habitational
Condo I - Units 2428-2431,Mid Rise Condos - 5-9 stories,Habitational
Condo I - Units 2432-2435,Mid Rise Condos - 5-9 stories,Habitational
Condo I - Units 2436-2437,Mid Rise Condos - 5-9 stories,Habitational
Condo I - Units 2438-2441,Mid Rise Condos - 5-9 stories,Habitational
Condo I - Units 2442-2445,Mid Rise Condos - 5-9 stories,Habitational
Condo I - Units 2446-2449,Mid Rise Condos - 5-9 stories,Habitational
Condo I - Units 2450-2451,Mid Rise Condos - 5-9 stories,Habitational
Condo I - Units 2452-2455,Mid Rise Condos - 5-9 stories,Habitational
Condo I - Units 2456-2459,Mid Rise Condos - 5-9 stories,Habitational
Condo I - Units 2460-2463,Mid Rise Condos - 5-9 stories,Habitational
Condo I - Units 2464-2467,Mid Rise Condos - 5-9 stories,Habitational
Condo I - Units 2468-2471,Mid Rise Condos - 5-9 stories,Habitational
Condo I - Units 2472-2473,Mid Rise Condos - 5-9 stories,Habitational
Condo I - Units 2474-2477,Mid Rise Condos - 5-9 stories,Habitational
Condo I - Units 2478-2481,Mid Rise Condos - 5-9 stories,Habitational
Condo I - Units 2482-2485,Mid Rise Condos - 5-9 stories,Habitational
Condo I - Units 2486-2487,Mid Rise Condos - 5-9 stories,Habitational
Condo I - Units 2488-2491,Mid Rise Condos - 5-9 stories,Habitational
Condo I - Units 2492-2493,Mid Rise Condos - 5-9 stories,Habitational
Condo I - Units 2494-2497,Mid Rise Condos - 5-9 stories,Habitational
Condo I - Units 2498-2501,Mid Rise Condos - 5-9 stories,Habitational
Condo I - Units 2502-2505,Mid Rise Condos - 5-9 stories,Habitational
Condo I - Units 2506-2509,Mid Rise Condos - 5-9 stories,Habitational
Condo I - Units 2510-2513,Mid Rise Condos - 5-9 stories,Habitational
Condo I - Units 3001-3004,Mid Rise Condos - 5-9 stories,Habitational
Condo I - Units 3005-3006,Mid Rise Condos - 5-9 stories,Habitational
Condo I - Units 3007-3010,Mid Rise Condos - 5-9 stories,Habitational
Condo I - Units 3011-3014,Mid Rise Condos - 5-9 stories,Habitational
Condo I - Units 3015-3018,Mid Rise Condos - 5-9 stories,Habitational
Condo I - Units 3019-3022,Mid Rise Condos - 5-9 stories,Habitational
Condo I - Units 3023-3026,Mid Rise Condos - 5-9 stories,Habitational
Condo I - Units 3027-3030,Mid Rise Condos - 5-9 stories,Habitational
Condo I - Units 3031-3034,Mid Rise Condos - 5-9 stories,Habitational
Condo I - Units 3035-3038,Mid Rise Condos - 5-9 stories,Habitational
Condo I - Units 3039-3042,Mid Rise Condos - 5-9 stories,Habitational
Condo I - Units 3043-3046,Mid Rise Condos - 5-9 stories,Habitational
Condo I - Units 3047-3050,Mid Rise Condos - 5-9 stories,Habitational
Condo I - Units 3051-3054,Mid Rise Condos - 5-9 stories,Habitational
Condo I - Units 3055-3060,Mid Rise Condos - 5-9 stories,Habitational
Condo I - Units 3061-3062,Mid Rise Condos - 5-9 stories,Habitational
Condo I - Units 3063-3064,Mid Rise Condos - 5-9 stories,Habitational
Condo I - Units 3065-3070,Mid Rise Condos - 5-9 stories,Habitational
Condo I - Units 3101-3104,Mid Rise Condos - 5-9 stories,Habitational
Condo I - Units 3105-3108,Mid Rise Condos - 5-9 stories,Habitational
Condo I - Units 3109-3112,Mid Rise Condos - 5-9 stories,Habitational
Condo I - Units 3113-3116,Mid Rise Condos - 5-9 stories,Habitational
Condo I - Units 3117-3120,Mid Rise Condos - 5-9 stories,Habitational
Condo I - Units 3121-3124,Mid Rise Condos - 5-9 stories,Habitational
Condo I - Units 3125-3130,Mid Rise Condos - 5-9 stories,Habitational
Condo I - Units 3131-3136,Mid Rise Condos - 5-9 stories,Habitational
Condo I - Units 3201-3206,Mid Rise Condos - 5-9 stories,Habitational
Condo I - Units 3207-3212,Mid Rise Condos - 5-9 stories,Habitational
Condo I - Units 3213-3218,Mid Rise Condos - 5-9 stories,Habitational
Condo I - Units 3219-3224,Mid Rise Condos - 5-9 stories,Habitational
Condo I - Units 3225-3230,Mid Rise Condos - 5-9 stories,Habitational
Condo I - Units 3231-3236,Mid Rise Condos - 5-9 stories,Habitational
Condo I - Units 3237-3242,Mid Rise Condos - 5-9 stories,Habitational
Condo I - Units 3243-3246,Mid Rise Condos - 5-9 stories,Habitational
Condo I - Units 4001-4004,Mid Rise Condos - 5-9 stories,Habitational
Condo I - Units 4005-4008,Mid Rise Condos - 5-9 stories,Habitational
Condo I - Units 4009-4012,Mid Rise Condos - 5-9 stories,Habitational
Condo I - Units 4013-4018,Mid Rise Condos - 5-9 stories,Habitational
Condo I - Units 4019-4024,Mid Rise Condos - 5-9 stories,Habitational
Condo I - Units 4025-4030,Mid Rise Condos - 5-9 stories,Habitational
Condo I - Units 4031-4036,Mid Rise Condos - 5-9 stories,Habitational
Condo I - Units 4037-4042,Mid Rise Condos - 5-9 stories,Habitational
Condo I - Units 4043-4048,Mid Rise Condos - 5-9 stories,Habitational
Condo I - Units 4049-4054,Mid Rise Condos - 5-9 stories,Habitational
Condo I - Units 4055-4060,Mid Rise Condos - 5-9 stories,Habitational
Condo I - Units 4061-4062,Mid Rise Condos - 5-9 stories,Habitational
Condo I - Units 4201-4204,Mid Rise Condos - 5-9 stories,Habitational
Condo I - Units 4205-4208,Mid Rise Condos - 5-9 stories,Habitational
Condo I - Units 4209-4212,Mid Rise Condos - 5-9 stories,Habitational
Condo I - Units 4213-4216,Mid Rise Condos - 5-9 stories,Habitational
Condo I - Units 4217-4222,Mid Rise Condos - 5-9 stories,Habitational
Condo I - Units 4223-4228,Mid Rise Condos - 5-9 stories,Habitational
Condo I - Units 4229-4234,Mid Rise Condos - 5-9 stories,Habitational
Condo I - Units 4235-4240,Mid Rise Condos - 5-9 stories,Habitational
Condo I - Units 4241-4246,Mid Rise Condos - 5-9 stories,Habitational
Condo I - Units 4247-4252,Mid Rise Condos - 5-9 stories,Habitational
Condo I - Units 4253-4258,Mid Rise Condos - 5-9 stories,Habitational
Condo I - Units 4259-4264,Mid Rise Condos - 5-9 stories,Habitational
Condo I - Units 4300-4305,Mid Rise Condos - 5-9 stories,Habitational
Condo I - Units 4306-4311,Mid Rise Condos - 5-9 stories,Habitational
Condo I - Units 4312-4317,Mid Rise Condos - 5-9 stories,Habitational
Condo I - Units 4318-4323,Mid Rise Condos - 5-9 stories,Habitational
Condo II - Units 2117-2120,Mid Rise Condos - 5-9 stories,Habitational
Condo II - Units 2155-2156,Mid Rise Condos - 5-9 stories,Habitational
Condo II - Units 2157-2160,Mid Rise Condos - 5-9 stories,Habitational
Condo II - Units 3071-3176,Mid Rise Condos - 5-9 stories,Habitational
Condo II - Units 4265-4270,Mid Rise Condos - 5-9 stories,Habitational
Condo II - Units 4271-4276,Mid Rise Condos - 5-9 stories,Habitational
Condo II - Units 4277-4282,Mid Rise Condos - 5-9 stories,Habitational
Condo II - Units 4283-4288,Mid Rise Condos - 5-9 stories,Habitational
Condo II - Units 4324-4329,Mid Rise Condos - 5-9 stories,Habitational
Condo II - Units 4330-4335,Mid Rise Condos - 5-9 stories,Habitational
Condo II - Units 4336-4341,Mid Rise Condos - 5-9 stories,Habitational
Condo II - Units Building 1: 2514-2529,Mid Rise Condos - 5-9 stories,Habitational
Condo II - Units Building 2: 2530-2545,Mid Rise Condos - 5-9 stories,Habitational
Condo II - Units Building 3: 2546-2561,Mid Rise Condos - 5-9 stories,Habitational
Condo II - Units Building 4: 2562-2599,Mid Rise Condos - 5-9 stories,Habitational
Condo II - Units Building 5: 2600-2627,Mid Rise Condos - 5-9 stories,Habitational
Condo II - Units Building 5400: 5411-5467,Mid Rise Condos - 5-9 stories,Habitational
Condo II - Units Building 5500: 5511-5565,Mid Rise Condos - 5-9 stories,Habitational
Condo II - Units Building 5600: 5611-5665,Mid Rise Condos - 5-9 stories,Habitational
Condo II - Units Building 5700: 5711-5767,Mid Rise Condos - 5-9 stories,Habitational
Condo III - Building 3400: 3410-3439,Mid Rise Condos - 5-9 stories,Habitational
Condo III - Building 3500: 3501-3506,Mid Rise Condos - 5-9 stories,Habitational
Condo III - Building 3510: 3511-3516,Mid Rise Condos - 5-9 stories,Habitational
Condo III - Building 3520: 3521-3526,Mid Rise Condos - 5-9 stories,Habitational
Condo III - Building 3530: 3531-3536,Mid Rise Condos - 5-9 stories,Habitational
Condo III - Building 3540: 3541-3546,Mid Rise Condos - 5-9 stories,Habitational
Condo III - Building 3550: 3551-3556,Mid Rise Condos - 5-9 stories,Habitational
Condo III - Building 3560: 3561-3566,Mid Rise Condos - 5-9 stories,Habitational
Condo III - Building 3570: 3571-3576,Mid Rise Condos - 5-9 stories,Habitational
Condo III - Building 3580: 3581-3586,Mid Rise Condos - 5-9 stories,Habitational
Condo III - Building 3590: 3591-3596,Mid Rise Condos - 5-9 stories,Habitational
Condo III - Building 3600: 3601-3606,Mid Rise Condos - 5-9 stories,Habitational
Condo III - Building 3610: 3611-3616,Mid Rise Condos - 5-9 stories,Habitational
Condo III - Building 3620: 3621-3626,Mid Rise Condos - 5-9 stories,Habitational
Condo III - Building 3630: 3631-3636,Mid Rise Condos - 5-9 stories,Habitational
Condo III - Building 3640: 3641-3646,Mid Rise Condos - 5-9 stories,Habitational
Condo III - Building 3650: 3651-3656,Mid Rise Condos - 5-9 stories,Habitational
Condo III - Building 3660: 3661-3666,Mid Rise Condos - 5-9 stories,Habitational
Condo III - Building 3670: 3671-3676,Mid Rise Condos - 5-9 stories,Habitational
Condo III - Building 3700: 3701-3706,Mid Rise Condos - 5-9 stories,Habitational
Condo III - Building 3710: 3711-3716,Mid Rise Condos - 5-9 stories,Habitational
Condo III - Building 3720: 3721-3726,Mid Rise Condos - 5-9 stories,Habitational
Condo III - Building 3730: 3731-3736,Mid Rise Condos - 5-9 stories,Habitational
Condo III - Building 3740: 3741-3746,Mid Rise Condos - 5-9 stories,Habitational
Condo III - Building 3750: 3751-3756,Mid Rise Condos - 5-9 stories,Habitational
Condo III - Building 3760: 3761-3766,Mid Rise Condos - 5-9 stories,Habitational
Condo III - Building 3770: 3771-3776,Mid Rise Condos - 5-9 stories,Habitational
Condo III - Building 3780: 3781-3786,Mid Rise Condos - 5-9 stories,Habitational
Condo III - Building 3790: 3791-3796,Mid Rise Condos - 5-9 stories,Habitational
Condo III - Building 3800: 3801-3806,Mid Rise Condos - 5-9 stories,Habitational
Condo III - Building 3810: 3811-3816,Mid Rise Condos - 5-9 stories,Habitational
Condo III - Building 3820: 3821-3826,Mid Rise Condos - 5-9 stories,Habitational
Condo III - Building 3830: 3831-3836,Mid Rise Condos - 5-9 stories,Habitational
Condo III - Building 3840: 3841-3846,Mid Rise Condos - 5-9 stories,Habitational
Condo III - Building 3850: 3851-3856,Mid Rise Condos - 5-9 stories,Habitational
Condo III - Building 3860: 3861-3866,Mid Rise Condos - 5-9 stories,Habitational
Condo III - Building 3870: 3871-3876,Mid Rise Condos - 5-9 stories,Habitational
Condo III - Building 3880: 3881-3886,Mid Rise Condos - 5-9 stories,Habitational
Condo III - Building 3890: 3891-3896,Mid Rise Condos - 5-9 stories,Habitational
Condo III - Building 3900: 3901-3906,Mid Rise Condos - 5-9 stories,Habitational
Condo III - Building 3910: 3911-3916,Mid Rise Condos - 5-9 stories,Habitational
Condo III - Building 3920: 3921-3926,Mid Rise Condos - 5-9 stories,Habitational
Condo III - Building 3930: 3931-3936,Mid Rise Condos - 5-9 stories,Habitational
Condo III - Building 86100: 86111-86166,Mid Rise Condos - 5-9 stories,Habitational
Condo III - Building 86200: 86211-86268,Mid Rise Condos - 5-9 stories,Habitational
Condo III - Building 86300: 86311-86368,Mid Rise Condos - 5-9 stories,Habitational
Condo III - Building 86400: 86411-86466,Mid Rise Condos - 5-9 stories,Habitational
Condo III - Building 86500: 86511-86566,Mid Rise Condos - 5-9 stories,Habitational
Condo III - Building 86600: 86611-86668,Mid Rise Condos - 5-9 stories,Habitational
Condo III - Building 86700: 86711-86766,Mid Rise Condos - 5-9 stories,Habitational
Condo III - Building 86800: 86811-86866,Mid Rise Condos - 5-9 stories,Habitational
Condo III - Building 87500: 87511-87568,Mid Rise Condos - 5-9 stories,Habitational
Condo III - Building 87600: 87611-87668,Mid Rise Condos - 5-9 stories,Habitational
Condo III - Building 87700: 87711-87766,Mid Rise Condos - 5-9 stories,Habitational
Condo III - Building 87800: 87811-87868,Mid Rise Condos - 5-9 stories,Habitational
Condo III - Building 87900: 87911-87966,Mid Rise Condos - 5-9 stories,Habitational
Condo III - Building 88000: 88011-88066,Mid Rise Condos - 5-9 stories,Habitational
Condo III - Building 88100: 88111-88166,Mid Rise Condos - 5-9 stories,Habitational
Condo IV - Building 81000: 81101-81830,Mid Rise Condos - 5-9 stories,Habitational
Condo Owners Association,Mid Rise Condos - 5-9 stories,Habitational
CONDO RESID,Mid Rise Condos - 5-9 stories,Habitational
CONDO UNIT,Mid Rise Condos - 5-9 stories,Habitational
Condo VIP - Building 1,Mid Rise Condos - 5-9 stories,Habitational
Condo VIP - Building 10,Mid Rise Condos - 5-9 stories,Habitational
Condo VIP - Building 11,Mid Rise Condos - 5-9 stories,Habitational
Condo VIP - Building 2,Mid Rise Condos - 5-9 stories,Habitational
Condo VIP - Building 3,Mid Rise Condos - 5-9 stories,Habitational
Condo VIP - Building 4,Mid Rise Condos - 5-9 stories,Habitational
Condo VIP - Building 5,Mid Rise Condos - 5-9 stories,Habitational
Condo VIP - Building 7,Mid Rise Condos - 5-9 stories,Habitational
Condo VIP - Building 8,Mid Rise Condos - 5-9 stories,Habitational
"Condo, Owner Occupied Dwelling",Mid Rise Condos - 5-9 stories,Habitational
Condo/Apartment/Townhouses - 2,Mid Rise Condos - 5-9 stories,Habitational
Condo/Townhouses,Mid Rise Condos - 5-9 stories,Habitational
Condominium,Mid Rise Condos - 5-9 stories,Habitational
Condominium - 11 to 30 units,Mid Rise Condos - 5-9 stories,Habitational
Condominium - Building J,Mid Rise Condos - 5-9 stories,Habitational
Condominium - Over 30 units,Mid Rise Condos - 5-9 stories,Habitational
Condominium - Up to 10 units,Mid Rise Condos - 5-9 stories,Habitational
Condominium (condo 1),Mid Rise Condos - 5-9 stories,Habitational
Condominium and Sales Center (condo 2),Mid Rise Condos - 5-9 stories,Habitational
Condominium Association,Mid Rise Condos - 5-9 stories,Habitational
CONDOMINIUM OFFICE BUILDING AND BANK - CC 0702 / OC 8,Mid Rise Condos - 5-9 stories,Habitational
Condominium Unit Owner,Mid Rise Condos - 5-9 stories,Habitational
CONDOMINIUM WAREHOUSE - OC 6,General Warehousing and Storage - Non-Hazardous,Storage and Wholesale Trade
Condominium with Mercantile - Up to 10 units,Mid Rise Condos - 5-9 stories,Habitational
CONDOMINIUM WITH MERCANTILE OCCUPANCIES- 11 TO 30 UNITS- CC 0342 / OC 2,Mid Rise Condos - 5-9 stories,Habitational
CONDOMINIUM WITH MERCANTILE OCCUPANCIES- OVER 30 UNITS - CC 0343 / OC 2,Mid Rise Condos - 5-9 stories,Habitational
CONDOMINIUM WITH MERCANTILE OCCUPANCIES- UP TO 10 UNITS- CC 0341 / OC 2,Mid Rise Condos - 5-9 stories,Habitational
CONDOMINIUM WITHOUT MERCANTILE OCCUPANCIES- 11-30 UNITS - CC 0332 / OC 2,Mid Rise Condos - 5-9 stories,Habitational
CONDOMINIUM WITHOUT MERCANTILE OCCUPANCIES- OVER 30 UNITS - CC 0333 / OC 2,Mid Rise Condos - 5-9 stories,Habitational
CONDOMINIUM WITHOUT MERCANTILE OCCUPANCIES- UP TO 10 UNITS - CC 0331 / OC 2,Mid Rise Condos - 5-9 stories,Habitational
Condominium-Non Owner Occupied,Mid Rise Condos - 5-9 stories,Habitational
Condominium-Owner Occupied,Mid Rise Condos - 5-9 stories,Habitational
Condominiums,Mid Rise Condos - 5-9 stories,Habitational
Condominiums - Commercial,Mid Rise Condos - 5-9 stories,Habitational
Condominiums - Residential,Mid Rise Apartments - 5-9 stories,Habitational
Condominiums - residential- (association risk only) - With Mercantile Occupancies - 11 to 30 units,Mid Rise Apartments - 5-9 stories,Habitational
Condominiums - residential- (association risk only) - With Mercantile Occupancies - Over 30 units,Mid Rise Apartments - 5-9 stories,Habitational
Condominiums - residential- (association risk only) - With Mercantile Occupancies - Up to 10 units,Mid Rise Apartments - 5-9 stories,Habitational
Condominiums – residential (association risk only) – with mercantile occupancies - Up to 10 Units,Mid Rise Apartments - 5-9 stories,Habitational
Condominiums - residential- (association risk only) - Without Mercantile Occupancies - 11 to 30 units,Mid Rise Apartments - 5-9 stories,Habitational
Condominiums - residential- (association risk only) - Without Mercantile Occupancies - Over 30 units,Mid Rise Apartments - 5-9 stories,Habitational
Condominiums - residential- (association risk only) - Without Mercantile Occupancies - Up to 10 units,Mid Rise Apartments - 5-9 stories,Habitational
Condominiums – residential (association risk only) – without mercantile occupancies - Up to 10 Units,Mid Rise Apartments - 5-9 stories,Habitational
Condominiums – residential (association risk only) – without mercantile occupancies 11 to 30 units,Mid Rise Apartments - 5-9 stories,Habitational
Condominiums (Garden style),Mid Rise Condos - 5-9 stories,Habitational
Condominiums (Less than 30 units),Mid Rise Condos - 5-9 stories,Habitational
Condominiums Association,Mid Rise Condos - 5-9 stories,Habitational
Condominiums- Commercial,Mid Rise Condos - 5-9 stories,Habitational
Condominiums- Residential (Joisted masonry),Mid Rise Apartments - 5-9 stories,Habitational
Condominiums- Residential (NC 1 or Better),Mid Rise Apartments - 5-9 stories,Habitational
Condominiums- Resisdential (Frame),Mid Rise Condos - 5-9 stories,Habitational
Condominiums with Mercantile Occupancies - 11-30 Units,Mid Rise Condos - 5-9 stories,Habitational
Condominiums with Mercantile Occupancies - Up to 10 Units,Mid Rise Condos - 5-9 stories,Habitational
Condominiums without Mercantile Occupancies - 11-30 Units,Mid Rise Condos - 5-9 stories,Habitational
Condominiums without Mercantile Occupancies - Over 30 Units,Mid Rise Condos - 5-9 stories,Habitational
Condominiums without Mercantile Occupancies - Up to 10 Units,Mid Rise Condos - 5-9 stories,Habitational
Condon cabin - Building 50,Mid Rise Condos - 5-9 stories,Habitational
Condonimiums,Mid Rise Condos - 5-9 stories,Habitational
Condos,Mid Rise Condos - 5-9 stories,Habitational
CONDOS RENTED,Mid Rise Condos - 5-9 stories,Habitational
Confectionery Prod  Mfg,Chocolate Manufacturing,Food
Conference Center,Full-Service Hotel,Hotels/Casino/Entertainment
Conference center and dining hall in Smith Creek; operated by concessionaire,Full-Service Hotel,Hotels/Casino/Entertainment
Conference Centre,Full-Service Hotel,Hotels/Casino/Entertainment
"Conference room, offices",Offices,Offices
Conley Road Pedigree Farm,Livestock Farming,Agriculture/Farming
Consignment Shop,Miscellaneous Retailers,Retail
Construction,Construction Contractors,Light Industry
Construction - 18,Construction Contractors,Light Industry
Construction -18,Construction Contractors,Light Industry
Construction of fish screens/Office,Offices,Offices
Construction Office,Offices,Offices
CONSTRUCTION OFFICE LRO,Offices,Offices
Construction Storage,General Warehousing and Storage - Non-Hazardous,Storage and Wholesale Trade
Construction Warehouse,General Warehousing and Storage - Non-Hazardous,Storage and Wholesale Trade
Contact Center (Multi Tenant Bldg),Offices,Offices
Container Storage,General Warehousing and Storage - Non-Hazardous,Storage and Wholesale Trade
Containment Area,Miscellaneous Waste Management,Heavy Industry
Containment Building,Miscellaneous Waste Management,Heavy Industry
Contamination Building,Miscellaneous Waste Management,Heavy Industry
CONTINENTAL DIVIDE MONUMENT,Governmental Office & Administration,Govermental/Municipal
Contractors,Motels,Hotels/Casino/Entertainment
Contractors - Equipment,Electrical Equipment and Component Manufacturing,Light Industry
Contractors - Offices,Offices,Offices
CONTRACTORS OFFICE/WAREHOUSE,Offices,Offices
Contractors Offices,Offices,Offices
Contractors- Offices,Offices,Offices
CONTRACTORS SHOP,Miscellaneous Retailers,Retail
Contractors Storage,General Warehousing and Storage - Non-Hazardous,Storage and Wholesale Trade
Contractors-Equipment,Electrical Equipment and Component Manufacturing,Light Industry
Control and Laundry Building,Laundry,Retail
Control Room/Lab,Laboratories,Health Services
Controlled Humidity Storage,General Warehousing and Storage - Non-Hazardous,Storage and Wholesale Trade
Controlled Humidity Warehouse,General Warehousing and Storage - Non-Hazardous,Storage and Wholesale Trade
Convenience Food Stores,Gas Petrol Stations,Retail
Convenience Food/Gasoline Stores - self-service,Gas Petrol Stations,Retail
CONVENIENCE STORE,Gas Petrol Stations,Retail
Convenience Store incl. Deli & Gas,Gas Petrol Stations,Retail
CONVENIENCE STORE W/GAS,Gas Petrol Stations,Retail
CONVENIENCE STORE WITH GAS SALES,Gas Petrol Stations,Retail
Convenience stores,Gas Petrol Stations,Retail
Convenient Store,Supermarkets and Grocery,Retail
Convention Center,Full-Service Hotel,Hotels/Casino/Entertainment
Converted Residential,Mid Rise Apartments - 5-9 stories,Habitational
CONVIENENCE STORE,Supermarkets and Grocery,Retail
Conyers Police Department,Governmental Office & Administration,Govermental/Municipal
Cooking School / Restaurant,Restaurants - Not Fast Food,Retail
Cooks Cabin-Dwlg,Single Family Dwellings,Habitational
Cooler and Warehouse,General Warehousing and Storage - Non-Hazardous,Storage and Wholesale Trade
Coop Sharing/Medical Office,Medical Office,Health Services
Co-op Sharing/Medical Office,Medical Office,Health Services
Copy Center,Offices,Offices
Cordero School,Schools,Education
Corp Apt,Mid Rise Apartments - 5-9 stories,Habitational
Corp office/warehouse,General Warehousing and Storage - Non-Hazardous,Storage and Wholesale Trade
corp. office,Offices,Offices
Corporate Aviation Department,Offices,Offices
Corporate Box Hangar 61-62,Other Support Facilities For Air Transportation,Transportation
Corporate Box Hangar 63-64-65,Other Support Facilities For Air Transportation,Transportation
Corporate Box Hangar 66-67-68,Other Support Facilities For Air Transportation,Transportation
Corporate Building,Offices,Offices
Corporate Complex,Offices,Offices
CORPORATE HANGAR,Other Support Facilities For Air Transportation,Transportation
Corporate Headquarters,Offices,Offices
Corporate Headquarters Office Location (part of Raleigh Studios Complex),Offices,Offices
Corporate HQ,Offices,Offices
Corporate Office,Offices,Offices
Corporate Office (Multi Tenant Bldg),Offices,Offices
Corporate Office occupied by insured,Offices,Offices
Corporate Offices,Offices,Offices
Correctional facility,Correctional Institutions and Prisons,Govermental/Municipal
Cosmetic Manufacturing,Machinery Manufacturing,Light Industry
Cosmetics Mfg.,Miscellaneous Retailers,Retail
Costumes-stored,Unknown,Unknown
COTTAGE,Single Family Dwellings,Habitational
Cottages,Single Family Dwellings,Habitational
Cotton Museum,Museums,Hotels/Casino/Entertainment
Council Chamber - Historical Society,Museums,Hotels/Casino/Entertainment
Counseling Treatment Center,Home Health Care Service,Health Services
Country Club,Golf Courses and Country Clubs,Hotels/Casino/Entertainment
Country Store & Street Festival,Golf Courses and Country Clubs,Hotels/Casino/Entertainment
County Fairground,Amusement and Theme Parks,Hotels/Casino/Entertainment
County Fairground/ Storage,General Warehousing and Storage - Non-Hazardous,Storage and Wholesale Trade
County Fairground/Storage,General Warehousing and Storage - Non-Hazardous,Storage and Wholesale Trade
County Line GGP Farm,Livestock Farming,Agriculture/Farming
Court and Community Building,Courts,Govermental/Municipal
Court Building,Courts,Govermental/Municipal
Court House,Single Family Dwellings,Habitational
Court House Well 5,Single Family Dwellings,Habitational
Court operations,Courts,Govermental/Municipal
Court operations - civil commitment hearings,Courts,Govermental/Municipal
Court operations and storage of court records,General Warehousing and Storage - Non-Hazardous,Storage and Wholesale Trade
Court operations -Citizen Review Board,Courts,Govermental/Municipal
COURT SERVICES,Courts,Govermental/Municipal
Courthouse,Courts,Govermental/Municipal
COURTLAND WILLIAMS PAVILION,Governmental Office & Administration,Govermental/Municipal
Courtroom Building,Courts,Govermental/Municipal
Courts 5-16 Pavilion,Governmental Office & Administration,Govermental/Municipal
Cover Garage,Parking Garages,Light Industry
Covered Basketball Court,Courts,Govermental/Municipal
COVERED PARKING,Parking Garages,Light Industry
Covered Playground,Fitness and Recreational Sports Centers,Hotels/Casino/Entertainment
COVERED STORAGE,General Warehousing and Storage - Non-Hazardous,Storage and Wholesale Trade
Covered Storage 1,General Warehousing and Storage - Non-Hazardous,Storage and Wholesale Trade
Covered Storage 3,General Warehousing and Storage - Non-Hazardous,Storage and Wholesale Trade
Covered Storage Building 1,General Warehousing and Storage - Non-Hazardous,Storage and Wholesale Trade
Covered Storage Building 2,General Warehousing and Storage - Non-Hazardous,Storage and Wholesale Trade
Covered Tennis Courts,Fitness and Recreational Sports Centers,Hotels/Casino/Entertainment
Craft Market,Supermarkets and Grocery,Retail
Craft Shop -adm,Miscellaneous Retailers,Retail
Creative Office/ Restaurants/ Retail,Offices,Offices
Creekside Complex,Lodges and Clubs,Hotels/Casino/Entertainment
Cremains Storage and Memorial,General Warehousing and Storage - Non-Hazardous,Storage and Wholesale Trade
Crenshaw 2 Tennis Courts,Fitness and Recreational Sports Centers,Hotels/Casino/Entertainment
Crenshaw Elem-AC units - HVAC Structure,Schools,Education
Crenshaw Elementary,Schools,Education
Crenshaw Elementary - Playground Equipment,Schools,Education
"Crew Quarters, and Warehouse - Occupied only during Fire season - Unoccupied the rest of the year",General Warehousing and Storage - Non-Hazardous,Storage and Wholesale Trade
"Crew Quarters, Sleeping Quarters, and Mess Hall",Military Housing,Habitational
Crime Lab,Laboratories,Health Services
Criminal Justice,Courts,Govermental/Municipal
Criminal Justice Main Building,Courts,Govermental/Municipal
CSD Primary Equipment Manuf and R&D Site;  320+ personnel on site,Electrical Equipment and Component Manufacturing,Light Industry
CSRA REGIONAL DEVELOPMENT CENTER,Offices,Offices
CULTURAL ARTS CENTER,Miscellaneous Retailers,Retail
CULTURAL ARTS CENTER 300,Miscellaneous Retailers,Retail
Cumberland County Fairgrounds,Amusement and Theme Parks,Hotels/Casino/Entertainment
Custodial,Courts,Govermental/Municipal
Customer Engagement Center,Offices,Offices
Customer Service Center,Offices,Offices
Customs Inspection Canopy,Governmental Office & Administration,Govermental/Municipal
Cyclotron,Home Health Care Service,Health Services
D - retail,Miscellaneous Retailers,Retail
Dairy,Dairy Cattle and Milk Production,Agriculture/Farming
Dairy Barn,Livestock Farming,Agriculture/Farming
Dairy Barn Hospital,Livestock Farming,Agriculture/Farming
Dairy Products Mfg,Dairy Cattle and Milk Production,Agriculture/Farming
Dam,Dam,Utilities
Dance Hall and Parking Lot,Parking Garages,Light Industry
Dance Halls or Ballrooms - Other than Not-For-Profit,Fitness and Recreational Sports Centers,Hotels/Casino/Entertainment
"Dance Halls, Ballrooms or Discotheques – no cooking",Fitness and Recreational Sports Centers,Hotels/Casino/Entertainment
"Dance halls, studios and schools",Schools,Education
DANCE STUDIO,Fitness and Recreational Sports Centers,Hotels/Casino/Entertainment
"Dance Studio, Vocal Coaching and Development Kitchen",Fitness and Recreational Sports Centers,Hotels/Casino/Entertainment
DANIELS COUNTRY STORE,Golf Courses and Country Clubs,Hotels/Casino/Entertainment
Dasher Museum,Museums,Hotels/Casino/Entertainment
Data Center,"Data Processing, Hosting, Cloud",Communications
Data Processing Center,"Data Processing, Hosting, Cloud",Communications
Davenport Street Water Tank,Water Supply and Irrigation Systems,Utilities
Davis Lake Road Treatment Plant,Water & Sewage Treatment Facilities,Utilities
Day Care,Day Care,Health Services
DAY CARE - NO COOKING - CC / OC 25,Day Care,Health Services
Day Care Center,Day Care,Health Services
"Day Care Center, Schools, Academic",Schools,Education
Day Care Centers,Day Care,Health Services
Day Care Centers-Other than Not-For-Profit,Day Care,Health Services
Day Care/Rental Unit,Day Care,Health Services
"Day Use Lodge, Food Concession, Nature Gift Store",Lodges and Clubs,Hotels/Casino/Entertainment
Day Use Recreation Area  - Public Toilet - Concrete Vault Toilet,Fitness and Recreational Sports Centers,Hotels/Casino/Entertainment
DAYCARE,Day Care,Health Services
DAYCARE - COOKING - CC / OC 25,Day Care,Health Services
DAYCARE & OFFIC,Day Care,Health Services
DAYCARE CENTER,Day Care,Health Services
"Daycare centers, nursery schools",Schools,Education
Daycare meeting in church,Day Care,Health Services
DC,General Warehousing and Storage - Non-Hazardous,Storage and Wholesale Trade
DC Research Lay/Grow,Offices,Offices
DC Wright Farm,Livestock Farming,Agriculture/Farming
Dda Antique Mall,Shopping Mall (Enclosed),Retail
DDA Office Building,Offices,Offices
DDA STORAGE BUILDING,General Warehousing and Storage - Non-Hazardous,Storage and Wholesale Trade
DDS-Manufacturing site and offices.,Offices,Offices
DDS-Storage for manufactured stock.,General Warehousing and Storage - Non-Hazardous,Storage and Wholesale Trade
Dealers Open Lot,Dealers Open Lot,Retail
DEALERSHIP,Auto Dealers,Retail
Debarker,Miscellaneous Waste Management,Heavy Industry
Debarker & Cutoff System Fire Protection,Miscellaneous Waste Management,Heavy Industry
Debarker System,Miscellaneous Waste Management,Heavy Industry
Debarkers,Miscellaneous Waste Management,Heavy Industry
Deep Fried Food Mfg,Processed Food Manufacturing - Non-Frozen,Food
Deep Well with Tanks,Water Supply and Irrigation Systems,Utilities
Deli,Supermarkets and Grocery,Retail
DELI OFFICE,Offices,Offices
Deli/Grocery,Supermarkets and Grocery,Retail
Deli/Restaurant,Restaurants - Not Fast Food,Retail
Delicatessens,Supermarkets and Grocery,Retail
Den,Unknown,Unknown
Den & Storage,General Warehousing and Storage - Non-Hazardous,Storage and Wholesale Trade
Den and Storage,General Warehousing and Storage - Non-Hazardous,Storage and Wholesale Trade
Den and Warehouse,General Warehousing and Storage - Non-Hazardous,Storage and Wholesale Trade
Den/Storage,General Warehousing and Storage - Non-Hazardous,Storage and Wholesale Trade
DENTAL OFFICE,Medical Office,Health Services
Dentist Office,Medical Office,Health Services
Department of Labor Office Building,Offices,Offices
Department Store,Department Stores,Retail
Depot,General Warehousing and Storage - Non-Hazardous,Storage and Wholesale Trade
DEPOT - MUSEUM,Museums,Hotels/Casino/Entertainment
Depot Building,General Warehousing and Storage - Non-Hazardous,Storage and Wholesale Trade
DEPOT MUSEUM,Museums,Hotels/Casino/Entertainment
Depot Property,General Warehousing and Storage - Non-Hazardous,Storage and Wholesale Trade
DEPOT RENTAL PROPERTY,General Warehousing and Storage - Non-Hazardous,Storage and Wholesale Trade
DEPT STORE,Department Stores,Retail
Deputy Training Classroom,Schools,Education
Detached Garage,Parking Garages,Light Industry
Detached garage next to cottage used for park residence,Governmental Office & Administration,Govermental/Municipal
Detached Houses,Single Family Dwellings,Habitational
Detail Shop,Miscellaneous Retailers,Retail
Detective Building,Governmental Office & Administration,Govermental/Municipal
DETECTIVES OFFICE,Offices,Offices
Detention Centre,Correctional Institutions and Prisons,Govermental/Municipal
Detention Services,Correctional Institutions and Prisons,Govermental/Municipal
Detention Services Mod.Bld,Correctional Institutions and Prisons,Govermental/Municipal
Diagnostic Center,Home Health Care Service,Health Services
Diagnostic Lab,Laboratories,Health Services
Diesel Fuel tank (10 000 Gal),Gas Petrol Stations,Retail
Diesel Tank Shelter,T&D,Utilities
Dining Services,Restaurants - Not Fast Food,Retail
Dinner Theater,Cinemas,Retail
Diplomatic Offices,Offices,Offices
Director's Residence,Mid Rise Apartments - 5-9 stories,Habitational
disater recovery office,Offices,Offices
Discount Bookstore,Miscellaneous Retailers,Retail
Distr. Whs,Grocery Merchant Wholesalers,Storage and Wholesale Trade
Distribution Center,General Warehousing and Storage - Non-Hazardous,Storage and Wholesale Trade
Distribution Center (Warehouse),General Warehousing and Storage - Non-Hazardous,Storage and Wholesale Trade
Distribution Centre,General Warehousing and Storage - Non-Hazardous,Storage and Wholesale Trade
"Distribution Centre/
Admin Office",Offices,Offices
DISTRIBUTION WAREGOUSE,General Warehousing and Storage - Non-Hazardous,Storage and Wholesale Trade
Distribution Warehouse,General Warehousing and Storage - Non-Hazardous,Storage and Wholesale Trade
Distribution/Office,Offices,Offices
DISTRIBUTOR - OC 6,General Warehousing and Storage - Non-Hazardous,Storage and Wholesale Trade
Distributors,General Warehousing and Storage - Non-Hazardous,Storage and Wholesale Trade
Distributors - food or drink - Wholesale or warehouse stock when the principal stock is not alcoholic beverages or farm products,Grocery Merchant Wholesalers,Storage and Wholesale Trade
"Distributors – wholesale or warehouse stock – farm products other than grain, seed, bean, cotton or tobacco",Farm Product Warehousing and Storage,Storage and Wholesale Trade
Distributors (no chemicals),General Warehousing and Storage - Non-Hazardous,Storage and Wholesale Trade
District 4 Police Station,Governmental Office & Administration,Govermental/Municipal
District Manager's office,Offices,Offices
District Missions Center,"Church, Mosque or Synagogue",Religious/Churches
District Office,Offices,Offices
District Office - Lease,Offices,Offices
District Office Contents,Offices,Offices
District Pipeline Church,"Church, Mosque or Synagogue",Religious/Churches
District Staff House,Single Family Dwellings,Habitational
DIVING BELL PAVILION,Governmental Office & Administration,Govermental/Municipal
Division office space,Offices,Offices
Dixon Community Center,Governmental Office & Administration,Govermental/Municipal
DIY Stores,Miscellaneous Retailers,Retail
DLS Administration Office,Offices,Offices
Doc Station,Home Health Care Service,Health Services
Dock,Piers and Wharves,Transportation
Dock (State Pier 2),Piers and Wharves,Transportation
Dock (State Pier 31-A),Piers and Wharves,Transportation
Dock (State Pier 9),Piers and Wharves,Transportation
Dock and Ramps (Pier 8),Piers and Wharves,Transportation
Dock Office-Modular,Offices,Offices
"Dock, State Pier 32",Piers and Wharves,Transportation
"dock,barge,winch",Piers and Wharves,Transportation
Docks,Piers and Wharves,Transportation
Docks & Piers,Piers and Wharves,Transportation
Dockside Office,Offices,Offices
DOCTOR OFFICE,Medical Office,Health Services
DOCUMENT STORAGE,General Warehousing and Storage - Non-Hazardous,Storage and Wholesale Trade
DOG PARK,Governmental Office & Administration,Govermental/Municipal
DOG PARK (Sitting area:  20' x 20'),Governmental Office & Administration,Govermental/Municipal
Dog Park Pavilion,Governmental Office & Administration,Govermental/Municipal
DOG PARK STORAGE BLDG.,Governmental Office & Administration,Govermental/Municipal
Dog Pound,Veterinary Services,Agriculture/Farming
Dollar Tree,Miscellaneous Retailers,Retail
domestic water,Water Supply and Irrigation Systems,Utilities
Don Sanders Stadium Home Dugout,Large Stadium & Arenas,Hotels/Casino/Entertainment
Don Sanders Stadium Ticket Booth,Large Stadium & Arenas,Hotels/Casino/Entertainment
Don Sanders Stadium Vistor Dougout,Large Stadium & Arenas,Hotels/Casino/Entertainment
Dorm,Mid Rise Student Housing - 5-9 stories,Habitational
Dorm1,Mid Rise Student Housing - 5-9 stories,Habitational
Dorm2,Mid Rise Student Housing - 5-9 stories,Habitational
Dorm3,Mid Rise Student Housing - 5-9 stories,Habitational
Dorm4,Mid Rise Student Housing - 5-9 stories,Habitational
Dormitory,Mid Rise Student Housing - 5-9 stories,Habitational
Dormitory / Lodge,Mid Rise Student Housing - 5-9 stories,Habitational
Dormitory and clinic,Mid Rise Student Housing - 5-9 stories,Habitational
Douglas Farm (Site 25),Livestock Farming,Agriculture/Farming
Downtown at the Gardens Commercial Retail Shopping Center,Department Stores,Retail
DOWNTOWN DEVELOPMENT OFFICE,Offices,Offices
Downtown Festival,Amusement and Theme Parks,Hotels/Casino/Entertainment
Downtown Park,Lodges and Clubs,Hotels/Casino/Entertainment
Downtown Pavilion,Governmental Office & Administration,Govermental/Municipal
Downtown Storefront Building,Miscellaneous Retailers,Retail
Downtown Welcome Center,Governmental Office & Administration,Govermental/Municipal
DP Juvenile Court Building,Correctional Institutions and Prisons,Govermental/Municipal
DR RGC CLASSROOM BLDG,Schools,Education
DR RGC FACULTY BLDG,Schools,Education
DR RGC STUDENT CENTER BLDG,Schools,Education
DR RGC TECHNOLOGY BLDG,Schools,Education
Drainage Office 1,Offices,Offices
Drainage Office 2,Offices,Offices
Drake Field Stage Pavilion,Governmental Office & Administration,Govermental/Municipal
Draw Station (blood),Home Health Care Service,Health Services
Drawbridge/Toll Bridge/Piers,Piers and Wharves,Transportation
DreamKeepers Memorial,Governmental Office & Administration,Govermental/Municipal
DRESS SHOP,Miscellaneous Retailers,Retail
DRIVEWAY,Unknown,Unknown
Drug Distributor or Drug Store including mail order,Pharmacies and Drug Stores,Retail
Drug Dogs Kennel & Storage,General Warehousing and Storage - Non-Hazardous,Storage and Wholesale Trade
Drug Manufacturer,Machinery Manufacturing,Light Industry
Drug Store,Pharmacies and Drug Stores,Retail
Drug Stores,Pharmacies and Drug Stores,Retail
Drug Task Office,Offices,Offices
"Drug, Medicine or Pharmaceutical Preparations Mfg.-for animal use - Low hazard (non-combustible)",Pharmaceutical Preparation Manufacturing,Light Industry
Drugstores,Pharmacies and Drug Stores,Retail
Drum & Pail Storage Sheds,General Warehousing and Storage - Non-Hazardous,Storage and Wholesale Trade
Drum Storage Building (Drum 2),General Warehousing and Storage - Non-Hazardous,Storage and Wholesale Trade
Drums or Containers Manufacturing - Metal,Metal Product Manufacturing,Light Industry
Dry Cleaners,Laundry,Retail
"Dry Cleaners and Dyeing Plants, other than Self-Service",Laundry,Retail
DRY CLEANNING SERVICES FOR RETAILERS,Laundry,Retail
Dry Kiln,Wood Products Manufacturing,Heavy Industry
Dry Kilns,Wood Products Manufacturing,Heavy Industry
Dry Kilns & Cooling Sheds,General Warehousing and Storage - Non-Hazardous,Storage and Wholesale Trade
Dry Lumber Stge Shed #3 ,General Warehousing and Storage - Non-Hazardous,Storage and Wholesale Trade
Dry pet food manufacturing,Processed Food Manufacturing - Non-Frozen,Food
Dry Storage of finished product,General Warehousing and Storage - Non-Hazardous,Storage and Wholesale Trade
Dry Storage Unit for Restaurant,General Warehousing and Storage - Non-Hazardous,Storage and Wholesale Trade
Drying Room,Auto Repair Shop Garage,Retail
DS - office,Offices,Offices
"Dual Tenant warehouse occupants - York International/ Duralum - an awning mfg. (37,800 sf) and Ability Account - a non-profit organization (34,900 sf) - (64,400 sf warehouse; 6,100 sf 1st floor office; 2,200 sf 2nd floor office)",General Warehousing and Storage - Non-Hazardous,Storage and Wholesale Trade
DULUTH OFFICE,Offices,Offices
Duncan Lodge/Dorm,Mid Rise Student Housing - 5-9 stories,Habitational
Dupex,Mid Rise Apartments - 5-9 stories,Habitational
Duplex,Mid Rise Apartments - 5-9 stories,Habitational
Duplex - Occupied,Mid Rise Apartments - 5-9 stories,Habitational
DUPLEX (MAIN HOUSE),Single Family Dwellings,Habitational
Duplex 1,Mid Rise Apartments - 5-9 stories,Habitational
Duplex 2,Mid Rise Apartments - 5-9 stories,Habitational
Duplex/Condo,Mid Rise Condos - 5-9 stories,Habitational
Duplex-2 apts,Mid Rise Apartments - 5-9 stories,Habitational
Duplex-Rented Out,Mid Rise Apartments - 5-9 stories,Habitational
Dust & Chip System,Miscellaneous Waste Management,Heavy Industry
Dust and Chip Collection,Miscellaneous Waste Management,Heavy Industry
Dust Chip & Shavings Bin Fence,Miscellaneous Waste Management,Heavy Industry
Dwelling,Single Family Dwellings,Habitational
Dwelling - 1 family,Single Family Dwellings,Habitational
Dwelling -- Builder's Risk,Single Family Dwellings,Habitational
Dwelling - Lease Out,Single Family Dwellings,Habitational
Dwelling - Leased Out,Single Family Dwellings,Habitational
Dwelling - Office w/Detached Garage,Offices,Offices
Dwelling -- Primary,Single Family Dwellings,Habitational
Dwelling - Rental,Single Family Dwellings,Habitational
Dwelling - Rented Out,Single Family Dwellings,Habitational
Dwelling -- Seasonal,Single Family Dwellings,Habitational
Dwelling -- Secondary,Single Family Dwellings,Habitational
Dwelling - Staff,Single Family Dwellings,Habitational
Dwelling -- Vacant,Mid Rise Apartments - 5-9 stories,Habitational
Dwelling + 17.207 Acres Land,Single Family Dwellings,Habitational
Dwelling- leased out,Single Family Dwellings,Habitational
DWELLING LRO,Single Family Dwellings,Habitational
Dwelling Personal Lines – Owner Occupied,Single Family Dwellings,Habitational
Dwelling Personal Lines – Tenant Occupied,Single Family Dwellings,Habitational
Dwelling r/a Apartments without Mercantile Occupancies - Up to 10 Units,Single Family Dwellings,Habitational
Dwelling Seasonal,Single Family Dwellings,Habitational
DWELLING UNDER RENOVATIONS,Single Family Dwellings,Habitational
"Dwelling, Owner Occupied, Single Family, ",Single Family Dwellings,Habitational
"Dwelling, Owner Occupied, Single Family, 4 bedrooms, 5.0 bathrooms",Single Family Dwellings,Habitational
"Dwelling, under rennovation",Single Family Dwellings,Habitational
Dwelling/Church Office,Offices,Offices
Dwelling/Office Bldng,Offices,Offices
DWELLING/SALON,Mid Rise Apartments - 5-9 stories,Habitational
Dwelling-ATCW-House On The Hill,Single Family Dwellings,Habitational
Dwelling-CE,Single Family Dwellings,Habitational
DWELLING-CONNECTION COMM'L,Single Family Dwellings,Habitational
Dwelling-Custodian,Single Family Dwellings,Habitational
Dwelling-Leased Out,Single Family Dwellings,Habitational
Dwelling-Multi-Family,Mid Rise Apartments - 5-9 stories,Habitational
Dwelling-Multipurpose,Single Family Dwellings,Habitational
Dwelling-Parking,Parking Garages,Light Industry
Dwelling-Parsonage,"Church, Mosque or Synagogue",Religious/Churches
Dwelling-Rented Out,Single Family Dwellings,Habitational
Dwelling-Retreat,Single Family Dwellings,Habitational
Dwellings,Single Family Dwellings,Habitational
Dwellings - Attached,Single Family Dwellings,Habitational
Dwellings - Detached,Single Family Dwellings,Habitational
"Dwellings - LRO $35,000 >",Single Family Dwellings,Habitational
Dwellings - one-family (lessors risk only),Single Family Dwellings,Habitational
Dwellings (Permanent Multi-Family),Mid Rise Apartments - 5-9 stories,Habitational
Dwellings (Permanent Single Family),Single Family Dwellings,Habitational
Dwellings (Permanent Single Family) -1,Single Family Dwellings,Habitational
Dwellings (Tenant Occupied),Mid Rise Apartments - 5-9 stories,Habitational
DWELLINGS WRITTEN IN CONJUCTION WITH COMMERCIAL RISKS 1 FAMILY - CC 0196 / OC 42,Single Family Dwellings,Habitational
Dwellings Written in Conjunction with Commercial Risks from the Commercial Lines Manual (lessor's risk only) - 1 Family,Single Family Dwellings,Habitational
Dwellings Written in Conjunction with Commercial Risks from the Commercial Risks from the Commercial Lines Manual (lessor's risk only) - 1 family,Single Family Dwellings,Habitational
Dwellings Written in Conjunction with Commercial Risks from the Commercial Risks from the Commercial Lines Manual (lessor's risk only) - 2 family,Mid Rise Apartments - 5-9 stories,Habitational
Dwellings Written in Conjunction with Commercial Risks from the Commercial Risks from the Commercial Lines Manual (lessor's risk only) - 3 or 4 Family,Mid Rise Apartments - 5-9 stories,Habitational
Dwellings-four-family (lessor’s risk only),Mid Rise Apartments - 5-9 stories,Habitational
Dwellings-one-family (lessor’s risk only),Single Family Dwellings,Habitational
Dwellings-three-family (lessor’s risk only),Mid Rise Apartments - 5-9 stories,Habitational
Dwellings-two-family (lessor’s risk only),Mid Rise Apartments - 5-9 stories,Habitational
DWELLINSG,Mid Rise Apartments - 5-9 stories,Habitational
Dwlg-rental,Single Family Dwellings,Habitational
Dwlg-rented out,Single Family Dwellings,Habitational
Dwlg-Youth,Single Family Dwellings,Habitational
E - retail,Miscellaneous Retailers,Retail
"EAF, Bar Mill Ballstock, grinding rod, rebar, metal recycling",Metal Product Manufacturing,Light Industry
Early Childhood,Day Care,Health Services
Early Childhood Center,Day Care,Health Services
East Gym,Fitness and Recreational Sports Centers,Hotels/Casino/Entertainment
East Storage,General Warehousing and Storage - Non-Hazardous,Storage and Wholesale Trade
Eastern Region Office,Offices,Offices
Eastland Farm,Livestock Farming,Agriculture/Farming
EASTWOOD GOLF COURSE,Golf Courses and Country Clubs,Hotels/Casino/Entertainment
Ed Young Senior Center,Assisted Living,Health Services
Eden Park Branch Library,Library,Govermental/Municipal
Education,Schools,Education
Education - 25,Schools,Education
Education - Other educational services,Schools,Education
Education /CE,Schools,Education
Education Building,Schools,Education
Education Building - Modular,Schools,Education
Education Materials Center,Schools,Education
Education Wing/Storage,Schools,Education
Education/Bldg,Schools,Education
Education/Daycare,Schools,Education
Educational Building,Schools,Education
Educational Center -,Schools,Education
Educational Gazebo,Schools,Education
"Educational re-creation of a working Lookout Tower - 60' High - Public Access, Day Use Only",Universities and Colleges,Education
Educational Wing,Schools,Education
Educational/School,Schools,Education
Educational/School - 25,Schools,Education
Edwards Movie Theatre,Cinemas,Retail
Effluent and Step Aerator,Water & Sewage Treatment Facilities,Utilities
Effluent Building,Water & Sewage Treatment Facilities,Utilities
Effluent Dissolved Oxygen Tank,Water & Sewage Treatment Facilities,Utilities
EFFLUENT FILTER BUILDING,Water & Sewage Treatment Facilities,Utilities
Effluent Filters (5),Water & Sewage Treatment Facilities,Utilities
Effluent Flow Box,Water & Sewage Treatment Facilities,Utilities
Effluent Flow Metering and UV Structure,Water & Sewage Treatment Facilities,Utilities
Effluent Flowmeter Vault,Water & Sewage Treatment Facilities,Utilities
EFFLUENT FLUME,Water & Sewage Treatment Facilities,Utilities
Effluent Meter Pit,Water & Sewage Treatment Facilities,Utilities
EFFLUENT PARSHALL FLUME,Water & Sewage Treatment Facilities,Utilities
Effluent Pump Chamber,Water & Sewage Treatment Facilities,Utilities
EFFLUENT PUMP STATION,Water & Sewage Treatment Facilities,Utilities
Effluent Structure,Water & Sewage Treatment Facilities,Utilities
Effluent Tanks - Aeration - Digester,Water & Sewage Treatment Facilities,Utilities
Effluent Vault,Water & Sewage Treatment Facilities,Utilities
Effluent Weir,Water & Sewage Treatment Facilities,Utilities
Egg Collection,Chicken Egg Production,Agriculture/Farming
Egg Depot,Chicken Egg Production,Agriculture/Farming
Egg Fry Incubation / Fish Rearing,Fish Hatchery,Agriculture/Farming
Egg Processing & Poultry Facilities,Chicken Egg Production,Agriculture/Farming
Egg Production Center,Chicken Egg Production,Agriculture/Farming
Egg Quality Lab,Laboratories,Health Services
Egg Transfer Facility,Chicken Egg Production,Agriculture/Farming
Electric Department,T&D,Utilities
Electric Department Warehouse,General Warehousing and Storage - Non-Hazardous,Storage and Wholesale Trade
Electric Distribution System,T&D,Utilities
ELECTRIC EQUIPMENT DEAL,T&D,Utilities
Electric Gas Office,Offices,Offices
Electric Room Building for NMP Tank Farm,T&D,Utilities
Electric Substation,T&D,Utilities
Electric/Control Bldg,T&D,Utilities
Electrical,T&D,Utilities
Electrical - 30,T&D,Utilities
ELECTRICAL BUIILDING,T&D,Utilities
ELECTRICAL BUILDING,T&D,Utilities
ELECTRICAL BUILDING 1,T&D,Utilities
ELECTRICAL BUILDING 2,T&D,Utilities
ELECTRICAL BUILDING 3,T&D,Utilities
ELECTRICAL BUILDING 4,T&D,Utilities
Electrical Department - Building E,T&D,Utilities
ELECTRICAL DISTRIBUTION SYSTEM,T&D,Utilities
Electrical Equipment,T&D,Utilities
Electrical Generating Machinery Manufacturing,Machinery Manufacturing,Light Industry
"Electrical Infrastructure (T&D Lines, Transformers)",T&D,Utilities
electrical kiosk,T&D,Utilities
electrical kiosk - utilities kiosk - B Loop,T&D,Utilities
Electrical kiosk with hiker/biker charger station,T&D,Utilities
Electrical panel attached that runs the Hydro equpment,T&D,Utilities
Electrical power attached to utility shelter at camground,T&D,Utilities
Electrical power attached to utility shelter at Day Use Site,T&D,Utilities
Electrical power attached to utility shelter for campground,T&D,Utilities
Electrical Power Distribution or Transmission Equipment Manufact,T&D,Utilities
Electrical Pre Fab Shop,Electrical Equipment and Component Manufacturing,Light Industry
Electrical Shelter,T&D,Utilities
Electrical Station,T&D,Utilities
Electrical Substation,T&D,Utilities
electrical substation and CED,T&D,Utilities
electrical utility kiosk,T&D,Utilities
Electrical Vault,T&D,Utilities
Electronic Data Processing,"Data Processing, Hosting, Cloud",Communications
ELECTRONICS & CLOTHING INTERNET RETAIL,Clothing Manufacturing,Light Industry
Electroplating,Unknown,Unknown
Elementary Dorm,Schools,Education
Elementary School,Schools,Education
ELEVATED WATER TANK,Water Supply and Irrigation Systems,Utilities
"Elevated Water Tank   (500,000 gal.)",Water Supply and Irrigation Systems,Utilities
Ellenton Substation,T&D,Utilities
Elmore Road Pedigree Farm,Livestock Farming,Agriculture/Farming
Emergency Generator,T&D,Utilities
Emergency Medical Center,Medical Office,Health Services
Emergency Operations Center,Home Health Care Service,Health Services
Emergency Response Services,Hospital,Health Services
Emergency Response Services - 24,Home Health Care Service,Health Services
Emergency Room Facility & Parking Lot,Hospital,Health Services
Emergency Service/City Services,Home Health Care Service,Health Services
Empire Apartments,Mid Rise Apartments - 5-9 stories,Habitational
Employee Health Office and Cancer Registry,Offices,Offices
EMPLOYEE HOUSE,Single Family Dwellings,Habitational
Employee housing,Mid Rise Apartments - 5-9 stories,Habitational
EMPLOYEE HOUSING - 2A,Single Family Dwellings,Habitational
EMPLOYEE HOUSING - 2B,Single Family Dwellings,Habitational
EMPLOYEE HOUSING - 3A,Single Family Dwellings,Habitational
EMPLOYEE HOUSING - 3B,Single Family Dwellings,Habitational
EMPLOYEE HOUSING - 4,Single Family Dwellings,Habitational
EMPLOYEE HOUSING - A,Single Family Dwellings,Habitational
EMPLOYEE HOUSING - B,Single Family Dwellings,Habitational
Employee Housing currently vacant,Mid Rise Apartments - 5-9 stories,Habitational
Employee Housing- seasonal,Mid Rise Apartments - 5-9 stories,Habitational
Employee housing: Manager's residence,Mid Rise Apartments - 5-9 stories,Habitational
Employee Housing-seasonal,Mid Rise Apartments - 5-9 stories,Habitational
Employee Lounge - Storage Building,General Warehousing and Storage - Non-Hazardous,Storage and Wholesale Trade
Employee Parking Lot (2 parcels),Parking Garages,Light Industry
Employee Parking Only,Parking Garages,Light Industry
EMS - City Hall Storage Building,General Warehousing and Storage - Non-Hazardous,Storage and Wholesale Trade
EMS #1,Home Health Care Service,Health Services
EMS #10,Home Health Care Service,Health Services
EMS #11,Home Health Care Service,Health Services
EMS #12,Home Health Care Service,Health Services
EMS #2,Home Health Care Service,Health Services
EMS #3,Home Health Care Service,Health Services
EMS #4,Home Health Care Service,Health Services
EMS #5,Home Health Care Service,Health Services
EMS #6,Home Health Care Service,Health Services
EMS #7,Home Health Care Service,Health Services
EMS #8,Home Health Care Service,Health Services
EMS #9,Home Health Care Service,Health Services
EMS Building,Home Health Care Service,Health Services
EMS Headquarters,Offices,Offices
Enclosed Pavilion,Governmental Office & Administration,Govermental/Municipal
Encolsed Shopping Center,Department Stores,Retail
Energy Fitness Midtown,Fitness and Recreational Sports Centers,Hotels/Casino/Entertainment
Energy Office Trailer,Temporary Camps and Campgrounds,Hotels/Casino/Entertainment
Engine Maintenance Shop,Auto Repair Shop Garage,Retail
Engineering,Construction Contractors,Light Industry
Engineering Heavy,Machinery Manufacturing,Light Industry
Engineering light,Machinery Manufacturing,Light Industry
Engineering Office,Offices,Offices
Engineering Offices,Offices,Offices
Engineers Office,Offices,Offices
Entertainment,Amusement and Theme Parks,Hotels/Casino/Entertainment
Entertainment - Amusement recreation services,Fitness and Recreational Sports Centers,Hotels/Casino/Entertainment
Entertainment & Recreation,Fitness and Recreational Sports Centers,Hotels/Casino/Entertainment
Entertainment and Recreation,Fitness and Recreational Sports Centers,Hotels/Casino/Entertainment
Entertainment and Recreation   -ATC 10,Fitness and Recreational Sports Centers,Hotels/Casino/Entertainment
Entertainment and Recreation - 10,Fitness and Recreational Sports Centers,Hotels/Casino/Entertainment
"Entertainment and Recreation - Civic, service or social clubs",Fitness and Recreational Sports Centers,Hotels/Casino/Entertainment
Entertainment and Recreation - Exhibition or Convention centers,Fitness and Recreational Sports Centers,Hotels/Casino/Entertainment
Entertainment and Recreation - Other,Fitness and Recreational Sports Centers,Hotels/Casino/Entertainment
Entertainment and Recreation - Sports Arenas,Fitness and Recreational Sports Centers,Hotels/Casino/Entertainment
Entertainment and Recreation - Theaters,Cinemas,Retail
"Entertainment, Recreation Restaurant",Restaurants - Not Fast Food,Retail
Entertainment/Recreation,Fitness and Recreational Sports Centers,Hotels/Casino/Entertainment
Entertainment/Recreation -10,Fitness and Recreational Sports Centers,Hotels/Casino/Entertainment
Entry/Exit and Office,Offices,Offices
"Environmental  Health & Safety Offices 
",Offices,Offices
Environmental Health,Home Health Care Service,Health Services
EP RGC SRSU ADMIN BLDG,Offices,Offices
Equine Facilituy,Livestock Farming,Agriculture/Farming
equip. storage,General Warehousing and Storage - Non-Hazardous,Storage and Wholesale Trade
Equipment,Unknown,Unknown
Equipment  Stock,General Warehousing and Storage - Non-Hazardous,Storage and Wholesale Trade
Equipment and Metal Fabrication,Metal Product Manufacturing,Light Industry
Equipment and Repair,Auto Repair Shop Garage,Retail
"Equipment and supply storage for 1 large and 1 small telescopes, star maps, stairs, etc.",General Warehousing and Storage - Non-Hazardous,Storage and Wholesale Trade
Equipment and Tool Storage,General Warehousing and Storage - Non-Hazardous,Storage and Wholesale Trade
Equipment and Vehicle Repair and Storage,Auto Dealers,Retail
Equipment and Vehicle Storage,Auto Dealers,Retail
Equipment bay,Machinery Manufacturing,Light Industry
Equipment Change,Electrical Equipment and Component Manufacturing,Light Industry
Equipment Dealer,Electrical Equipment and Component Manufacturing,Light Industry
Equipment Maintenance Storage,General Warehousing and Storage - Non-Hazardous,Storage and Wholesale Trade
Equipment -New Sound System,Electrical Equipment and Component Manufacturing,Light Industry
Equipment Painting and Prep,Machinery Manufacturing,Light Industry
equipment parking / shelter & other storage,Parking Garages,Light Industry
Equipment Parking and Storage,Parking Garages,Light Industry
Equipment Preparation,Machinery Manufacturing,Light Industry
Equipment Protection,Machinery Manufacturing,Light Industry
Equipment Repair,Auto Repair Shop Garage,Retail
Equipment shed - aluminum shed,General Warehousing and Storage - Non-Hazardous,Storage and Wholesale Trade
Equipment shed- utility vehicles,General Warehousing and Storage - Non-Hazardous,Storage and Wholesale Trade
EQUIPMENT SHOP,Machinery Manufacturing,Light Industry
EQUIPMENT SHOP BUILDING,Machinery Manufacturing,Light Industry
Equipment Storage,General Warehousing and Storage - Non-Hazardous,Storage and Wholesale Trade
Equipment Storage - Maintenance Building,General Warehousing and Storage - Non-Hazardous,Storage and Wholesale Trade
Equipment Storage and Maintenance,General Warehousing and Storage - Non-Hazardous,Storage and Wholesale Trade
Equipment Storage and Shop,General Warehousing and Storage - Non-Hazardous,Storage and Wholesale Trade
Equipment Storage and Warehouse,General Warehousing and Storage - Non-Hazardous,Storage and Wholesale Trade
Equipment storage and work shop,General Warehousing and Storage - Non-Hazardous,Storage and Wholesale Trade
Equipment Storage Bldg.,General Warehousing and Storage - Non-Hazardous,Storage and Wholesale Trade
Equipment Storage Building,General Warehousing and Storage - Non-Hazardous,Storage and Wholesale Trade
Equipment Storage For Lookout - Occupied only during Fire season - Unoccupied the rest of the year,General Warehousing and Storage - Non-Hazardous,Storage and Wholesale Trade
Equipment storage shed,General Warehousing and Storage - Non-Hazardous,Storage and Wholesale Trade
Equipment Storage Shelter,General Warehousing and Storage - Non-Hazardous,Storage and Wholesale Trade
"Equipment Storage, and Warehouse",General Warehousing and Storage - Non-Hazardous,Storage and Wholesale Trade
"Equipment Storage, Classroom, and Warehouse",General Warehousing and Storage - Non-Hazardous,Storage and Wholesale Trade
"Equipment storage, maintenance projects - also has small office",General Warehousing and Storage - Non-Hazardous,Storage and Wholesale Trade
"Equipment Storage, Warehouse, and Shop - Occupied only during Fire season - Unoccupied the rest of the year",General Warehousing and Storage - Non-Hazardous,Storage and Wholesale Trade
Equipment Storage/Feed Storage,General Warehousing and Storage - Non-Hazardous,Storage and Wholesale Trade
equipment storage/workshop/feed storage,General Warehousing and Storage - Non-Hazardous,Storage and Wholesale Trade
"equipment storage: mowers, weed eaters, edgers , etc",General Warehousing and Storage - Non-Hazardous,Storage and Wholesale Trade
Equipment Yard Storage Facility,General Warehousing and Storage - Non-Hazardous,Storage and Wholesale Trade
equipment/mateiral storage,General Warehousing and Storage - Non-Hazardous,Storage and Wholesale Trade
Equipment/Supply Storage Unit,General Warehousing and Storage - Non-Hazardous,Storage and Wholesale Trade
ER & PHARMACY,Home Health Care Service,Health Services
Erie Road Water Tank,Water Supply and Irrigation Systems,Utilities
ESE  Classrooms,Schools,Education
ESE Classrooms,Schools,Education
Event at Marriott Golf Resort,Golf Courses and Country Clubs,Hotels/Casino/Entertainment
EVENT DESIGNER,Offices,Offices
Excess Dealers Open Lot,Dealers Open Lot,Retail
EXECUTIVE OFFICE,Offices,Offices
EXERCISE CLUB,Fitness and Recreational Sports Centers,Hotels/Casino/Entertainment
Exercise Clubs,Fitness and Recreational Sports Centers,Hotels/Casino/Entertainment
EXERCISE FACILITY,Fitness and Recreational Sports Centers,Hotels/Casino/Entertainment
Exercise facility/Visitation,Fitness and Recreational Sports Centers,Hotels/Casino/Entertainment
EXERCISE STUDIO,Fitness and Recreational Sports Centers,Hotels/Casino/Entertainment
Exhibition Halls,Full-Service Hotel,Hotels/Casino/Entertainment
Expansion of soybean processing facility,Soybean Processing,Food
Explosives storage,General Warehousing and Storage - Non-Hazardous,Storage and Wholesale Trade
Expo Center,Full-Service Hotel,Hotels/Casino/Entertainment
Exterminators/pest control,Pesticide and Other Agricultural Chemical Manufacturing,Heavy Industry
F - retail,Miscellaneous Retailers,Retail
F&B OFFICE,Offices,Offices
Fab Shop / Compressors,Miscellaneous Retailers,Retail
Fab/Office,Offices,Offices
Fabric Distributors,Textiles,Light Industry
Fabricating Plant,Machinery Manufacturing,Light Industry
"Facilities and Grounds Maintenance, Shop, Storage",General Warehousing and Storage - Non-Hazardous,Storage and Wholesale Trade
Factory,Machinery Manufacturing,Light Industry
Factory / Office,Offices,Offices
Factory/Office,Offices,Offices
Fair & Rodeo,Amusement and Theme Parks,Hotels/Casino/Entertainment
Fair & Rodeo-Busi Pers Property,Amusement and Theme Parks,Hotels/Casino/Entertainment
Fair & Rodeo-Musical Instrments,Amusement and Theme Parks,Hotels/Casino/Entertainment
Fair & Rodeo-Musical Instruments,Amusement and Theme Parks,Hotels/Casino/Entertainment
Fair & Rodeo-Rented Equip,Amusement and Theme Parks,Hotels/Casino/Entertainment
Fair and Storage,General Warehousing and Storage - Non-Hazardous,Storage and Wholesale Trade
Fairground Building,Amusement and Theme Parks,Hotels/Casino/Entertainment
Fairground Building used as winter quarters,Amusement and Theme Parks,Hotels/Casino/Entertainment
Fairground Buildings,Amusement and Theme Parks,Hotels/Casino/Entertainment
Fairgrounds,Amusement and Theme Parks,Hotels/Casino/Entertainment
Fairgrounds & Storage,General Warehousing and Storage - Non-Hazardous,Storage and Wholesale Trade
Fairgrounds and Campgrounds,Amusement and Theme Parks,Hotels/Casino/Entertainment
Fairgrounds and Rodeo,Amusement and Theme Parks,Hotels/Casino/Entertainment
FAIRGROUNDS AYERS MAINT SHE,Amusement and Theme Parks,Hotels/Casino/Entertainment
FAIRGROUNDS BARBEQUE PIT,Amusement and Theme Parks,Hotels/Casino/Entertainment
Fairgrounds Buildings,Amusement and Theme Parks,Hotels/Casino/Entertainment
Fairgrounds Buildings & Equipment,Amusement and Theme Parks,Hotels/Casino/Entertainment
Fairgrounds Equipment,Amusement and Theme Parks,Hotels/Casino/Entertainment
Fairgrounds Event Center,Amusement and Theme Parks,Hotels/Casino/Entertainment
FAIRGROUNDS KENDRICK ADDITION,Amusement and Theme Parks,Hotels/Casino/Entertainment
FAIRGROUNDS MILKING PARLOR,Amusement and Theme Parks,Hotels/Casino/Entertainment
Fairgrounds Office,Offices,Offices
Fairgrounds Office and Fairgrounds,Offices,Offices
FAIRGROUNDS PERMANENT BOOTH,Amusement and Theme Parks,Hotels/Casino/Entertainment
FAIRGROUNDS POLICE SECURITY,Governmental Office & Administration,Govermental/Municipal
FAIRGROUNDS SIGN,Amusement and Theme Parks,Hotels/Casino/Entertainment
Fairgrounds/Grass,Amusement and Theme Parks,Hotels/Casino/Entertainment
Fairgrounds-Race Track,Amusement and Theme Parks,Hotels/Casino/Entertainment
Fairgrouunds,Amusement and Theme Parks,Hotels/Casino/Entertainment
FAIRMOUNT CITY LIBRARY,Library,Govermental/Municipal
Fair-Rented Equipment-trlrs,Electrical Equipment and Component Manufacturing,Light Industry
Fairwood Branch Library,Library,Govermental/Municipal
Fairwood church plant,"Church, Mosque or Synagogue",Religious/Churches
FAM RESTAURANT,Restaurants - Not Fast Food,Retail
Family apartments,Single Family Dwellings,Habitational
Family apartments (affordable),Single Family Dwellings,Habitational
Family Apts,Single Family Dwellings,Habitational
"Family Apts
4,000 sq. ft. retail space - ground level",Mid Rise Apartments - 5-9 stories,Habitational
Family Apts.,Single Family Dwellings,Habitational
Family Center,Single Family Dwellings,Habitational
FAMILY DWELLING,Single Family Dwellings,Habitational
Family Dwellings,Single Family Dwellings,Habitational
Family Health Center Administrative Office,Offices,Offices
Family House Storage,General Warehousing and Storage - Non-Hazardous,Storage and Wholesale Trade
Family Life Center,Single Family Dwellings,Habitational
Family Practice @ Clayton Court,Home Health Care Service,Health Services
Farm Building,Livestock Farming,Agriculture/Farming
Farm Dwelling,Livestock Farming,Agriculture/Farming
Farm Maintenance and storage,General Warehousing and Storage - Non-Hazardous,Storage and Wholesale Trade
FARM OFFICE BUILDING,Offices,Offices
FARM SHOP/WAREHOUSE,General Warehousing and Storage - Non-Hazardous,Storage and Wholesale Trade
Farmers and Crafts Market,Supermarkets and Grocery,Retail
Farmers Market,Supermarkets and Grocery,Retail
Farmer's Market,Supermarkets and Grocery,Retail
Farmers Market Building 1,Supermarkets and Grocery,Retail
Farmers Market Pavilion,Governmental Office & Administration,Govermental/Municipal
FARMHOUSE,Livestock Farming,Agriculture/Farming
Farms,Livestock Farming,Agriculture/Farming
FAST FOOD RESTAURANT,Restaurants - Fast Food,Retail
FATERNAL CLUB,Fitness and Recreational Sports Centers,Hotels/Casino/Entertainment
FBO Hangar and Office Building,Other Support Facilities For Air Transportation,Transportation
FD,Single Family Dwellings,Habitational
Feed and Equipment Storage,General Warehousing and Storage - Non-Hazardous,Storage and Wholesale Trade
Feed Ingredients processing,Support Activities For Animal Production,Agriculture/Farming
"Feed Ingredients processing - main plant 131,212 Sq. ft.; 7 additional buildings totalling 47,917 sq. ft. of retail, office, sewer plant, fab shop and misc. buildings on 21 acres",Support Activities For Animal Production,Agriculture/Farming
Feed Mill,Grain Silos,Agriculture/Farming
feed storage,General Warehousing and Storage - Non-Hazardous,Storage and Wholesale Trade
Feed/grain stores or dealers,Grain Silos,Agriculture/Farming
Feedlot Embryo Transfer Lab,Laboratories,Health Services
Feedlot Feed Barn,Support Activities For Animal Production,Agriculture/Farming
Feedmill with grain silos and Rail building,Grain Silos,Agriculture/Farming
Fellowship Hall,Full-Service Hotel,Hotels/Casino/Entertainment
Fellowship Hall - Lease,Governmental Office & Administration,Govermental/Municipal
Fellowship Hall/Office/CE,Offices,Offices
Fellowship Hall/Youth,Governmental Office & Administration,Govermental/Municipal
Fellowship Hall/Youth Ctr,Governmental Office & Administration,Govermental/Municipal
Fellowship/Office,Offices,Offices
Fellowship-Multipurpose,Governmental Office & Administration,Govermental/Municipal
Fellowship-Multipurpose #2,Governmental Office & Administration,Govermental/Municipal
Fenced Storage Yard,General Warehousing and Storage - Non-Hazardous,Storage and Wholesale Trade
Fenced Storage Yard at a Persons House,General Warehousing and Storage - Non-Hazardous,Storage and Wholesale Trade
FENCING,Unknown,Unknown
FENCING/SPORTS COMPLEX,Fitness and Recreational Sports Centers,Hotels/Casino/Entertainment
Ferguson Park Meeting Hall,Governmental Office & Administration,Govermental/Municipal
Fertile Egg Facility,Chicken Egg Production,Agriculture/Farming
Fertilizers & Agricultural Chemicals - 15,Inorganic Chemical Manufacturing,Heavy Industry
FESTIVAL BUILDING,Amusement and Theme Parks,Hotels/Casino/Entertainment
Festival Grounds,Amusement and Theme Parks,Hotels/Casino/Entertainment
Festival Grounds Pavilion,Amusement and Theme Parks,Hotels/Casino/Entertainment
Festival Hall - Cultural Center,Amusement and Theme Parks,Hotels/Casino/Entertainment
Festival-Fairgrounds,Amusement and Theme Parks,Hotels/Casino/Entertainment
FIBER OPTICS,Electrical Equipment and Component Manufacturing,Light Industry
Fiddlesticks Physical Therapy,Home Health Care Service,Health Services
Field Bleachers,Large Stadium & Arenas,Hotels/Casino/Entertainment
Field House - Baseball,Single Family Dwellings,Habitational
Field House - Football,Single Family Dwellings,Habitational
FIELD LIGHTING/Bobby Van Newberry Field,Unknown,Unknown
FIELD LIGHTING/Durr Field,Unknown,Unknown
FIELD LIGHTING/SPORTS COMPLEX,Unknown,Unknown
Field Office,Offices,Offices
Field Pavilion,Governmental Office & Administration,Govermental/Municipal
Files Center,"Data Processing, Hosting, Cloud",Communications
Filter,Water Supply and Irrigation Systems,Utilities
Finance and IT Offices,Offices,Offices
"Finance Dept., Bank and Storage",Offices,Offices
Financial,Offices,Offices
Fine Arts,Museums,Hotels/Casino/Entertainment
Fine Arts Building,Museums,Hotels/Casino/Entertainment
Fingerprint Lab,Laboratories,Health Services
Finisher,Unknown,Unknown
Fire - Police Station,Governmental Office & Administration,Govermental/Municipal
FIRE ACADEMY,Governmental Office & Administration,Govermental/Municipal
Fire Administration Building,Offices,Offices
Fire Administration Office,Offices,Offices
Fire and Police Station,Governmental Office & Administration,Govermental/Municipal
FIRE DEPARMENT,Governmental Office & Administration,Govermental/Municipal
Fire Department,Governmental Office & Administration,Govermental/Municipal
Fire Department Maintenance Shop,Governmental Office & Administration,Govermental/Municipal
FIRE DEPARTMENT STATION #4,Governmental Office & Administration,Govermental/Municipal
FIRE DEPARTMENT STORAGE BUILDING,Governmental Office & Administration,Govermental/Municipal
"Fire Departments, Police, Sewage, Water Works and Other Public B",Water & Sewage Treatment Facilities,Utilities
"Fire Headquarters, Admin Bldg",Offices,Offices
"Fire Headquarters, Maintenance Shop",Governmental Office & Administration,Govermental/Municipal
"Fire Headquarters, Mechanics Shop",Governmental Office & Administration,Govermental/Municipal
"Fire Headquarters, Training Tower",Governmental Office & Administration,Govermental/Municipal
Fire House,Governmental Office & Administration,Govermental/Municipal
Fire House and Storage,Governmental Office & Administration,Govermental/Municipal
FIRE MUSEUM,Museums,Hotels/Casino/Entertainment
Fire Pavilion,Governmental Office & Administration,Govermental/Municipal
Fire Pump House,Water Supply and Irrigation Systems,Utilities
Fire Pump House - North,Governmental Office & Administration,Govermental/Municipal
Fire Pump House - South,Governmental Office & Administration,Govermental/Municipal
"Fire Pump, Valves and Piping",Governmental Office & Administration,Govermental/Municipal
Fire Pumphouse,Governmental Office & Administration,Govermental/Municipal
Fire Station,Governmental Office & Administration,Govermental/Municipal
Fire Station  (S. Hobson),Governmental Office & Administration,Govermental/Municipal
FIRE STATION - CARPORT,Governmental Office & Administration,Govermental/Municipal
Fire Station - City Hall,Governmental Office & Administration,Govermental/Municipal
Fire Station - Community Center,Governmental Office & Administration,Govermental/Municipal
Fire Station - Museum,Museums,Hotels/Casino/Entertainment
Fire Station # 1,Governmental Office & Administration,Govermental/Municipal
Fire Station # 1 Annex,Governmental Office & Administration,Govermental/Municipal
Fire Station # 2,Governmental Office & Administration,Govermental/Municipal
Fire Station # 3,Governmental Office & Administration,Govermental/Municipal
Fire Station #1,Governmental Office & Administration,Govermental/Municipal
Fire Station #11,Governmental Office & Administration,Govermental/Municipal
Fire Station #13,Governmental Office & Administration,Govermental/Municipal
Fire Station #16 - Rosenwald Road,Governmental Office & Administration,Govermental/Municipal
Fire Station #2,Governmental Office & Administration,Govermental/Municipal
Fire Station #3,Governmental Office & Administration,Govermental/Municipal
FIRE STATION #5,Governmental Office & Administration,Govermental/Municipal
Fire Station #6,Governmental Office & Administration,Govermental/Municipal
Fire Station #7 - Claycut,Governmental Office & Administration,Govermental/Municipal
Fire Station #8,Governmental Office & Administration,Govermental/Municipal
FIRE STATION #81 BURN BUILDING CONNEX (4),Governmental Office & Administration,Govermental/Municipal
Fire Station 1,Governmental Office & Administration,Govermental/Municipal
FIRE STATION 10 LIVING QUARTERS,Governmental Office & Administration,Govermental/Municipal
Fire Station 19,Governmental Office & Administration,Govermental/Municipal
FIRE STATION 2,Governmental Office & Administration,Govermental/Municipal
Fire Station 2 (Old),Governmental Office & Administration,Govermental/Municipal
FIRE STATION 4 LIVING QUARTERS,Governmental Office & Administration,Govermental/Municipal
FIRE STATION 5 LIVING QUARTERS,Governmental Office & Administration,Govermental/Municipal
FIRE STATION 6 LIVING QUARTERS,Governmental Office & Administration,Govermental/Municipal
FIRE STATION 7 LIVING QUARTERS,Governmental Office & Administration,Govermental/Municipal
FIRE STATION 8 LIVING QUARTERS,Governmental Office & Administration,Govermental/Municipal
FIRE STATION 9 LIVING QUARTERS,Governmental Office & Administration,Govermental/Municipal
FIRE STATION- ELECTRICAL EQUIP,Governmental Office & Administration,Govermental/Municipal
Fire Station Garage,Parking Garages,Light Industry
Fire Station Pride Volunteer Fire Dept,Governmental Office & Administration,Govermental/Municipal
FIRE STATION STORAGE BUILDING,Governmental Office & Administration,Govermental/Municipal
Fire Sub-Station,Governmental Office & Administration,Govermental/Municipal
FIRE TOWER,Governmental Office & Administration,Govermental/Municipal
Fire Training Building,Governmental Office & Administration,Govermental/Municipal
Fire Training Center,Governmental Office & Administration,Govermental/Municipal
FIRE TRAINING CLASSROOM,Schools,Education
Fire/EMS #19,Governmental Office & Administration,Govermental/Municipal
Fire/EMS #9,Governmental Office & Administration,Govermental/Municipal
Firefighting and General Equipment Storage,General Warehousing and Storage - Non-Hazardous,Storage and Wholesale Trade
Firefighting Equipment Storage,General Warehousing and Storage - Non-Hazardous,Storage and Wholesale Trade
FIREHOUSE,Governmental Office & Administration,Govermental/Municipal
Firewood shed near sawmill shop. Holds 67 to 70 cords of wood,General Warehousing and Storage - Non-Hazardous,Storage and Wholesale Trade
Firewood storage,General Warehousing and Storage - Non-Hazardous,Storage and Wholesale Trade
firewood storage in shop yard,General Warehousing and Storage - Non-Hazardous,Storage and Wholesale Trade
firewood storage shed,General Warehousing and Storage - Non-Hazardous,Storage and Wholesale Trade
Fireworks,Explosives Manufacturing,Heavy Industry
First Level Parking,Parking Garages,Light Industry
fish,Seafood Processing - Fresh and Frozen,Food
Fish & Seafood Retail,Supermarkets and Grocery,Retail
fish clean station,Seafood Processing - Fresh and Frozen,Food
Fish cleaning station,Seafood Processing - Fresh and Frozen,Food
fish egg incubation / rearing,Fish Hatchery,Agriculture/Farming
Fish Hatchling raising/setting into stream Structure,Fish Hatchery,Agriculture/Farming
Fish Rearing,Fish Hatchery,Agriculture/Farming
Fish Rearing/Office/Laboratory/Storage,General Warehousing and Storage - Non-Hazardous,Storage and Wholesale Trade
Fish Rearing/Office/Storage,General Warehousing and Storage - Non-Hazardous,Storage and Wholesale Trade
Fish Rearing/Residence,Fish Hatchery,Agriculture/Farming
Fish Rearing/Storage/Equipment,General Warehousing and Storage - Non-Hazardous,Storage and Wholesale Trade
Fish Research/Office,Offices,Offices
FISH SHACK,Restaurants - Not Fast Food,Retail
Fishing Dock,Seafood Processing - Fresh and Frozen,Food
Fishing Industries Office,Offices,Offices
Fishing Pier,Piers and Wharves,Transportation
Fitness Center,Fitness and Recreational Sports Centers,Hotels/Casino/Entertainment
FITNESS CENTER - CC 0756 / OC 10,Fitness and Recreational Sports Centers,Hotels/Casino/Entertainment
Fixed Base Operator Building - Hangar,Other Support Facilities For Air Transportation,Transportation
Fla Radiology - Admin,Hospital,Health Services
Fla Radiology - Barkley,Hospital,Health Services
Fla Radiology - Sanibel,Hospital,Health Services
Fla Radiology - Shell Point,Hospital,Health Services
Fla Radiology - South Point,Hospital,Health Services
Flammable Material Storage,General Warehousing and Storage - Non-Hazardous,Storage and Wholesale Trade
flat storage building,General Warehousing and Storage - Non-Hazardous,Storage and Wholesale Trade
Flea Market,Miscellaneous Retailers,Retail
Flex,Offices,Offices
"Flexible packaging (cups, tubs) for wet pet food products",Plastics Material and Resin Manufacturing,Heavy Industry
Float Barn,General Warehousing and Storage - Non-Hazardous,Storage and Wholesale Trade
Float for Parade,Amusement and Theme Parks,Hotels/Casino/Entertainment
Float Stored at Storage Yard,General Warehousing and Storage - Non-Hazardous,Storage and Wholesale Trade
Floating Aerators 10HP (4),Water & Sewage Treatment Facilities,Utilities
Floating Aerators 20HP (4),Water & Sewage Treatment Facilities,Utilities
Floating Dock,Amusement and Theme Parks,Hotels/Casino/Entertainment
Floating Dock and Walkway,Amusement and Theme Parks,Hotels/Casino/Entertainment
Floating Dock w/ Gangway,Amusement and Theme Parks,Hotels/Casino/Entertainment
Floats and Beads,Amusement and Theme Parks,Hotels/Casino/Entertainment
Floats for parade day only,Amusement and Theme Parks,Hotels/Casino/Entertainment
Floats leased for parade for a day,Amusement and Theme Parks,Hotels/Casino/Entertainment
"Floats, costumes, sound equipment",Amusement and Theme Parks,Hotels/Casino/Entertainment
Flood Control,Other Electric Power Generation,Utilities
Flooring Retail/Internet,Miscellaneous Retailers,Retail
"Food & Drugs Processing, Food Manufacturing",Processed Food Manufacturing - Non-Frozen,Food
Food and Drugs Processing,Processed Food Manufacturing - Non-Frozen,Food
Food and Drugs Processing - 14,Processed Food Manufacturing - Non-Frozen,Food
Food and Drugs Processing Food manufacturing,Processed Food Manufacturing - Non-Frozen,Food
Food and Drugs Processing Food MFG - 14,Processed Food Manufacturing - Non-Frozen,Food
FOOD DISTRIBUTOR,Grocery Merchant Wholesalers,Storage and Wholesale Trade
Food Manufacturing,Processed Food Manufacturing - Non-Frozen,Food
Food manufacturing plants,Processed Food Manufacturing - Non-Frozen,Food
Food Market,Supermarkets and Grocery,Retail
Food Pantry/Storage,General Warehousing and Storage - Non-Hazardous,Storage and Wholesale Trade
Food Pantry/Storage Shed,General Warehousing and Storage - Non-Hazardous,Storage and Wholesale Trade
Food Prep,Processed Food Manufacturing - Non-Frozen,Food
FOOD PREP SERVICE,Processed Food Manufacturing - Non-Frozen,Food
Food preparation,Processed Food Manufacturing - Non-Frozen,Food
Food Preparation and Dining,Processed Food Manufacturing - Non-Frozen,Food
Food Processing,Processed Food Manufacturing - Non-Frozen,Food
Food Processing - Cooking,Processed Food Manufacturing - Non-Frozen,Food
Food Processing - Processing Only,Processed Food Manufacturing - Non-Frozen,Food
Food Product Manufacturing Using Oil Cookers including Snack Foods,Machinery Manufacturing,Light Industry
"Food Products – Sales, Storage and Distributors – Limited cooking",General Warehousing and Storage - Non-Hazardous,Storage and Wholesale Trade
Food Products Mfg. - dry - Food products NOC,Processed Food Manufacturing - Non-Frozen,Food
Food Products Mfg. – NOC,Processed Food Manufacturing - Non-Frozen,Food
"Food Products Mfg. – Seafood products, meat processing & Pet Food",Processed Food Manufacturing - Non-Frozen,Food
Food Products NOC,Processed Food Manufacturing - Non-Frozen,Food
Food Related,Processed Food Manufacturing - Non-Frozen,Food
Food service in hotel,Full-Service Hotel,Hotels/Casino/Entertainment
"Food service, library and hobby shop",Supermarkets and Grocery,Retail
Food Services,Supermarkets and Grocery,Retail
food storage,General Warehousing and Storage - Non-Hazardous,Storage and Wholesale Trade
"Food Stores, Sales, Distributor & Storage",General Warehousing and Storage - Non-Hazardous,Storage and Wholesale Trade
Football Bleachers 1,Fitness and Recreational Sports Centers,Hotels/Casino/Entertainment
Football Bleachers 2,Fitness and Recreational Sports Centers,Hotels/Casino/Entertainment
Football Concessions - Office,Offices,Offices
Football Pressbox - Concession Building,Fitness and Recreational Sports Centers,Hotels/Casino/Entertainment
FOOTBALL TOWER,Fitness and Recreational Sports Centers,Hotels/Casino/Entertainment
Forklift,General Warehousing and Storage - Non-Hazardous,Storage and Wholesale Trade
FORMER BANK BUILDING,Offices,Offices
FORMER CITY HALL,Governmental Office & Administration,Govermental/Municipal
Former City Hall - Police Station,Governmental Office & Administration,Govermental/Municipal
Former Diner,Restaurants - Not Fast Food,Retail
Former Elementary School,Schools,Education
Former Generating Plant,T&D,Utilities
Former Lab Building,Laboratories,Health Services
FORMER LIBRARY - SENIOR CENTER,Assisted Living,Health Services
Former Library Building - EMS,Library,Govermental/Municipal
Former Middle School,Schools,Education
FORMER OFFICE,Offices,Offices
Former Police Station,Governmental Office & Administration,Govermental/Municipal
FORMER POLK MEDICAL CENTER,Home Health Care Service,Health Services
Former Residence,Mid Rise Apartments - 5-9 stories,Habitational
Former Sports Authority,Offices,Offices
Former Western Union Office,Offices,Offices
Fort Anahuac Park,Lodges and Clubs,Hotels/Casino/Entertainment
FORT MYERS COUNTRY CLUB,Golf Courses and Country Clubs,Hotels/Casino/Entertainment
FORT MYERS RACQUET CLUB,Fitness and Recreational Sports Centers,Hotels/Casino/Entertainment
FORT MYERS SKATE PARK,Fitness and Recreational Sports Centers,Hotels/Casino/Entertainment
FORT MYERS SKATIUM,Fitness and Recreational Sports Centers,Hotels/Casino/Entertainment
FORT MYERS SWIM CLUB,Fitness and Recreational Sports Centers,Hotels/Casino/Entertainment
Forty Oaks Clubhouse,Fitness and Recreational Sports Centers,Hotels/Casino/Entertainment
Foundation offices,Offices,Offices
Founders Club (NV Clubhouse),Fitness and Recreational Sports Centers,Hotels/Casino/Entertainment
Fourplex,Mid Rise Apartments - 5-9 stories,Habitational
Frame,General Warehousing and Storage - Non-Hazardous,Storage and Wholesale Trade
FRAME SINGLE FAMILY RESIDENCE,Mid Rise Apartments - 5-9 stories,Habitational
FRANK LLOYD WRIGHT BALLROOM,Fitness and Recreational Sports Centers,Hotels/Casino/Entertainment
FRATERNAL CLUB,Fitness and Recreational Sports Centers,Hotels/Casino/Entertainment
FRATERNAL ORGANIZATIONKNIGHTS OF COLUMBUS COUNCIL,Fraternity or Sorority House,Habitational
FRATERNAL ORGANIZATION-KNIGHTS OF COLUMBUS COUNCIL,Fraternity or Sorority House,Habitational
Fraternities,Fraternity or Sorority House,Habitational
Fredonia Road Pedigree Farm,Livestock Farming,Agriculture/Farming
Freedom Storage - Rental,General Warehousing and Storage - Non-Hazardous,Storage and Wholesale Trade
Freezer - Storage of finished product,Refrigerated Warehousing and Storage,Storage and Wholesale Trade
Freezer storage of poultry products,Refrigerated Warehousing and Storage,Storage and Wholesale Trade
Freight Forwarders or Handlers/Warehouses High Hazard,General Warehousing and Storage - Non-Hazardous,Storage and Wholesale Trade
Freight Terminals,Bus Transport Terminal,Transportation
Fresh Water Pumps,Water Supply and Irrigation Systems,Utilities
Front Avenue Office,Offices,Offices
Front Office/Trim Shop,Offices,Offices
Front Storage,General Warehousing and Storage - Non-Hazardous,Storage and Wholesale Trade
Frozen and Fresh Fruit and Vegetable Packing Plant,Fruit and Vegetable Manufacturing - Frozen,Food
Fruit and Vegetable Canning Plant,Cannery - Fruits and Vegetables,Food
Fruit or Vegetable Distributors,Grocery Merchant Wholesalers,Storage and Wholesale Trade
Fruit/Vegetable Canning,Cannery - Fruits and Vegetables,Food
Fruit/Vegetable Juice Mfg,Processed Food Manufacturing - Non-Frozen,Food
Fruit/Vegetable Packing,Cannery - Fruits and Vegetables,Food
fuel and lubricant storage,Gas Petrol Stations,Retail
Fuel containment and storage,Gas Petrol Stations,Retail
Fuel Containment Structure,Gas Petrol Stations,Retail
FUEL DEPOT-BLDG,Gas Petrol Stations,Retail
Fuel Farm,Gas Petrol Stations,Retail
"FUEL FARM STORAGE TANKS (2, 15000 tanks)",General Warehousing and Storage - Non-Hazardous,Storage and Wholesale Trade
FUEL ISLAND,Gas Petrol Stations,Retail
Fuel Service,Gas Petrol Stations,Retail
Fuel Storage,Gas Petrol Stations,Retail
Fuel Storage and Fueling Station,Gas Petrol Stations,Retail
fuel storage/pump,Gas Petrol Stations,Retail
Fuel Tank 1000 Gallon,Gas Petrol Stations,Retail
"Fuel Tank 12,000 Gallon",Gas Petrol Stations,Retail
"Fuel Tank 4,000 Gallon",Gas Petrol Stations,Retail
Fuel Tank 500 Gallon,Gas Petrol Stations,Retail
Fuel tank storage,Gas Petrol Stations,Retail
Fuel tank storage adjacent to HUB 12905 storage,Gas Petrol Stations,Retail
FUEL TANK-DIESEL,Gas Petrol Stations,Retail
FUEL TANK-GASOLINE,Gas Petrol Stations,Retail
"Fuel, Gas, and Oil Products Storage",Gas Petrol Stations,Retail
"Fuel, Gas, and Oil Products Storage - The buildings at Peavy Arboretum are in use by the Oregon State University for study of Tree & Forest production and other horticulture programs. There is no ODF property or personnel onsite.",Gas Petrol Stations,Retail
Fuel/Bus Wash,Gas Petrol Stations,Retail
fuel/oil storage,Gas Petrol Stations,Retail
Fueling Canopy,Gas Petrol Stations,Retail
FUELING SYSTEM,Gas Petrol Stations,Retail
Full serv hotel,Full-Service Hotel,Hotels/Casino/Entertainment
Full Service Hospital,Hospital,Health Services
Full Service Hotel,Full-Service Hotel,Hotels/Casino/Entertainment
FUMMINS GENERATOR (FIXED NOT MOBILE),T&D,Utilities
Funeral Home,Funeral Homes and Services,Retail
Funeral home/Mortuary,Funeral Homes and Services,Retail
Funeral Homes,Funeral Homes and Services,Retail
Funeral Homes or Chapel,Funeral Homes and Services,Retail
Funeral services and crematories,Funeral Homes and Services,Retail
FURINTURE STORE,Home Furnishing Stores,Retail
Furlough Apts-8 unit,Mid Rise Apartments - 5-9 stories,Habitational
"Furniture Factory, Laundry",Laundry,Retail
Furniture Retail/Wholesaler,Home Furnishing Stores,Retail
Furniture Store,Home Furnishing Stores,Retail
Furniture Stores - Other than Not-For-Profit,Home Furnishing Stores,Retail
"Furniture, Computers, etc.",Home Furnishing Stores,Retail
Furrowing Barn,Livestock Farming,Agriculture/Farming
Future Church Location,"Church, Mosque or Synagogue",Religious/Churches
Future concessionaire,Miscellaneous Retailers,Retail
Future Fellowship Hall Building #2 - Vacant,Mid Rise Apartments - 5-9 stories,Habitational
G - retail,Miscellaneous Retailers,Retail
GALLERIA BUILDING,Full-Service Hotel,Hotels/Casino/Entertainment
GALLERY,Museums,Hotels/Casino/Entertainment
Gambling - casinos - With restaurant,Restaurants - Not Fast Food,Retail
Game Room,Full-Service Hotel,Hotels/Casino/Entertainment
Gaming Components Mfg,Electrical Equipment and Component Manufacturing,Light Industry
Garage,Parking Garages,Light Industry
Garage - adjoining (two underground levels),Parking Garages,Light Industry
GARAGE - CARRIAGE HOUSE,Single Family Dwellings,Habitational
Garage - Lease Out,Parking Garages,Light Industry
Garage - Mobile Home,Single Family Dwellings,Habitational
Garage & Office Area,Offices,Offices
Garage & Storage,General Warehousing and Storage - Non-Hazardous,Storage and Wholesale Trade
Garage / Repair Garage,Auto Repair Shop Garage,Retail
garage and carport,Parking Garages,Light Industry
GARAGE APARTMENT,Mid Rise Apartments - 5-9 stories,Habitational
garage attached to house,Single Family Dwellings,Habitational
GARAGE BY OLD HOUSE,Single Family Dwellings,Habitational
Garage Columbia House,Single Family Dwellings,Habitational
GARAGE LRO,Parking Garages,Light Industry
Garage Parking,Parking Garages,Light Industry
Garage r/a Miscellaneous Products Storage - (Other Than Retail Or Wholesale,General Warehousing and Storage - Non-Hazardous,Storage and Wholesale Trade
Garage r/a: Miscellaneous Products Storage - (Other Than Retail Or Wholesale,General Warehousing and Storage - Non-Hazardous,Storage and Wholesale Trade
GARAGE SERVICE,Parking Garages,Light Industry
garage storage shed next to shop,General Warehousing and Storage - Non-Hazardous,Storage and Wholesale Trade
Garage Trk Pkg/ Storage Bldg.,General Warehousing and Storage - Non-Hazardous,Storage and Wholesale Trade
GARAGE USED FOR STORAGE,General Warehousing and Storage - Non-Hazardous,Storage and Wholesale Trade
garage with firewood storage on side of building,General Warehousing and Storage - Non-Hazardous,Storage and Wholesale Trade
GARAGE WITH STORAGE,General Warehousing and Storage - Non-Hazardous,Storage and Wholesale Trade
"GARAGE, BLDG #12",Parking Garages,Light Industry
"Garage, equipment storage",General Warehousing and Storage - Non-Hazardous,Storage and Wholesale Trade
"Garage, Repair",Auto Repair Shop Garage,Retail
"Garage, Storage, and Woodshed",General Warehousing and Storage - Non-Hazardous,Storage and Wholesale Trade
Garage/Church Shop,Parking Garages,Light Industry
Garage/Parking,Parking Garages,Light Industry
Garage/Shop,Auto Repair Shop Garage,Retail
GARAGE/STORAGE,General Warehousing and Storage - Non-Hazardous,Storage and Wholesale Trade
Garage/Storage Shed,General Warehousing and Storage - Non-Hazardous,Storage and Wholesale Trade
Garage/Youth Outreach,Parking Garages,Light Industry
Garage-Motorcycle and Bike parking,Parking Garages,Light Industry
Garage-Storage,General Warehousing and Storage - Non-Hazardous,Storage and Wholesale Trade
Garden Storage Building,General Warehousing and Storage - Non-Hazardous,Storage and Wholesale Trade
Garden storage shed next to visitor center,General Warehousing and Storage - Non-Hazardous,Storage and Wholesale Trade
GARGAGE,Parking Garages,Light Industry
Garment Shop/Embroidery Shop/ Contact Center,Miscellaneous Retailers,Retail
Gas,Natural Gas Distribution,Utilities
GAS BILLING OFFICE,Offices,Offices
Gas Department Office,Offices,Offices
Gas Department Warehouse,General Warehousing and Storage - Non-Hazardous,Storage and Wholesale Trade
GAS OFFICE,Offices,Offices
GAS OFFICE - SHOP,Offices,Offices
Gas Pumps & Tanks,Natural Gas Distribution,Utilities
Gas Pumps and Related Equipment,Natural Gas Distribution,Utilities
Gas Services - Gas Station,Gas Petrol Stations,Retail
gas shed storage,General Warehousing and Storage - Non-Hazardous,Storage and Wholesale Trade
Gas station,Gas Petrol Stations,Retail
Gas Stations,Gas Petrol Stations,Retail
Gas Warehouse,General Warehousing and Storage - Non-Hazardous,Storage and Wholesale Trade
Gasoline Service Station,Gas Petrol Stations,Retail
Gasoline Service Station - 44,Gas Petrol Stations,Retail
Gasoline Service Stations,Gas Petrol Stations,Retail
Gasoline Station,Gas Petrol Stations,Retail
Gasoline Stations - self-service,Gas Petrol Stations,Retail
Gasoline Stations-self and full service combined - With limited repair,Gas Petrol Stations,Retail
Gasonline Service Station - with Canopy,Gas Petrol Stations,Retail
GASPAR'S GAS STATION,Gas Petrol Stations,Retail
Gateway Property Floating Dock,Amusement and Theme Parks,Hotels/Casino/Entertainment
GCMC Parking Garage,Parking Garages,Light Industry
Gemstone Cutting or Polishing & Jewlery Store or Distributor,Miscellaneous Retailers,Retail
Gen.Retail,Miscellaneous Retailers,Retail
genator room/storage,General Warehousing and Storage - Non-Hazardous,Storage and Wholesale Trade
GENERAL AUTO REPAIR,Auto Repair Shop Garage,Retail
General Cargo,Port,Transportation
General Commercial,Miscellaneous Retailers,Retail
General Equipment Storage and Warehouse,General Warehousing and Storage - Non-Hazardous,Storage and Wholesale Trade
General Industrial,General Warehousing and Storage - Non-Hazardous,Storage and Wholesale Trade
General Industrial - 38,General Warehousing and Storage - Non-Hazardous,Storage and Wholesale Trade
GENERAL MERCHANDISE PACKAGING,General Warehousing and Storage - Non-Hazardous,Storage and Wholesale Trade
General Office - State Capitol Building,Offices,Offices
"General Office space, open to public, retail, legislative forums",Offices,Offices
General Office use,Offices,Offices
General Purpose Storage 301/302,General Warehousing and Storage - Non-Hazardous,Storage and Wholesale Trade
General Purpose Storage AC Wash Equipment,General Warehousing and Storage - Non-Hazardous,Storage and Wholesale Trade
General Purpose Storage North,General Warehousing and Storage - Non-Hazardous,Storage and Wholesale Trade
General retail,Miscellaneous Retailers,Retail
General Services,Other Electric Power Generation,Utilities
General Services - 23,Governmental Office & Administration,Govermental/Municipal
General Storage,General Warehousing and Storage - Non-Hazardous,Storage and Wholesale Trade
General Storage and Warehouse,General Warehousing and Storage - Non-Hazardous,Storage and Wholesale Trade
General Storage Warehouses,General Warehousing and Storage - Non-Hazardous,Storage and Wholesale Trade
General Storage Warehouses - Bailee,General Warehousing and Storage - Non-Hazardous,Storage and Wholesale Trade
General Store,Supermarkets and Grocery,Retail
General use/Inmate Housing,Correctional Institutions and Prisons,Govermental/Municipal
General Warehousing and Storage,General Warehousing and Storage - Non-Hazardous,Storage and Wholesale Trade
Generals Market,Supermarkets and Grocery,Retail
Generator,T&D,Utilities
GENERATOR - BLOWERS,T&D,Utilities
Generator - For Lift Station,T&D,Utilities
GENERATOR - LIFT STATION,T&D,Utilities
GENERATOR - MAIN,T&D,Utilities
Generator & Structure,T&D,Utilities
Generator (Gym),T&D,Utilities
Generator (Main Bldg),T&D,Utilities
Generator 1,T&D,Utilities
Generator 2,T&D,Utilities
Generator A,T&D,Utilities
Generator B,T&D,Utilities
Generator Building,T&D,Utilities
GENERATOR BULDING,T&D,Utilities
GENERATOR HOUSE,T&D,Utilities
Generator Housing 1,T&D,Utilities
Generator Housing 2,T&D,Utilities
GENERATOR SHED,T&D,Utilities
Generator Shelter,T&D,Utilities
Generator Shelter (incl equip.) (behind Bldg. 511),T&D,Utilities
Generator Shelter (incl equip.) (south side Bldg. 402),T&D,Utilities
Generator Storage,General Warehousing and Storage - Non-Hazardous,Storage and Wholesale Trade
Generator/switch gear/diesel tank,T&D,Utilities
Generators (2),T&D,Utilities
"GENERATORS x6
(4-100kW, 100kVA, 1800RPM
2-50kW, 50kVA, 1800RPM)",T&D,Utilities
Geology Core Lab,Laboratories,Health Services
GEORGE WALLACE CLUBHOUSE,Fitness and Recreational Sports Centers,Hotels/Casino/Entertainment
Georgia Department of Labor,Laboratories,Health Services
Gevity Admin Building,Offices,Offices
GGP Crew Center and GGP Egg Depot,Chicken Egg Production,Agriculture/Farming
GGP Hatchery Truck Wash,Poultry Hatcheries,Agriculture/Farming
GGP Storage Barn,Livestock Farming,Agriculture/Farming
Gibbs Demo Barn Storage,Livestock Farming,Agriculture/Farming
Gibbs Ranch Classrooms,Schools,Education
Gibbs Ranch Conference Center Stg,Full-Service Hotel,Hotels/Casino/Entertainment
Gibbs Ranch Equipment Storage on Wire Road,General Warehousing and Storage - Non-Hazardous,Storage and Wholesale Trade
Gibbs Ranch Red Barn AG Demo Lab,Livestock Farming,Agriculture/Farming
Gift Shop,Miscellaneous Retailers,Retail
"Gift Shop 1,478 sq ft ground level and 1,348 sq ft basement for storage, small restroom, and office",General Warehousing and Storage - Non-Hazardous,Storage and Wholesale Trade
Gift Shops - Other than Not-For-Profit,Miscellaneous Retailers,Retail
GIFT STORE,Miscellaneous Retailers,Retail
GIFT/SOUVENIR WHOLESALERC,Miscellaneous Retailers,Retail
GIFT/SOUVENIRWHOLESALERC,Miscellaneous Retailers,Retail
GILBERT PROPERTY GREENHOUSES,Livestock Farming,Agriculture/Farming
GILBERT PROPERTY TEA HOUSE,Restaurants - Not Fast Food,Retail
Gilmore Property - Residence,Mid Rise Apartments - 5-9 stories,Habitational
Gilroy Crossing Shopping Center,Department Stores,Retail
Girl Scout Hut,Governmental Office & Administration,Govermental/Municipal
GIRLS CLUB,Fitness and Recreational Sports Centers,Hotels/Casino/Entertainment
Girls Concession - Restroom Building,Governmental Office & Administration,Govermental/Municipal
Girls Softball Field Complex :lockers/concession       offices/restrooms,Offices,Offices
Glass Factory,Flat Glass Manufacturing,Heavy Industry
Glass or Glassware Manufacturing r/a Mercantile,Machinery Manufacturing,Light Industry
Glass Products,Flat Glass Manufacturing,Heavy Industry
Glass Shop,Flat Glass Manufacturing,Heavy Industry
Glenloch Recreation Center,Fitness and Recreational Sports Centers,Hotels/Casino/Entertainment
Glenloch Recreation Pool,Fitness and Recreational Sports Centers,Hotels/Casino/Entertainment
Glenloch Skate Park,Fitness and Recreational Sports Centers,Hotels/Casino/Entertainment
Glide Slope Navigational Radio Station,Tv and Radio Stations,Communications
"GM HOUSE
(LIVING SPACE & OFFICE)",Fitness and Recreational Sports Centers,Hotels/Casino/Entertainment
Gold Mine Museum,Museums,Hotels/Casino/Entertainment
Golf,Golf Courses and Country Clubs,Hotels/Casino/Entertainment
GOLF CLUB,Golf Courses and Country Clubs,Hotels/Casino/Entertainment
Golf Clubhouse,Golf Courses and Country Clubs,Hotels/Casino/Entertainment
GOLF COURSE,Golf Courses and Country Clubs,Hotels/Casino/Entertainment
GOLF COURSE BATTERIES AND EQU.,Golf Courses and Country Clubs,Hotels/Casino/Entertainment
"GOLF COURSE, GOLF CLUB HOUSE and PRO-SHOP",Single Family Dwellings,Habitational
Golf Maintenance Office,Offices,Offices
Golf or Country clubs,Golf Courses and Country Clubs,Hotels/Casino/Entertainment
Golf Pro Shop,Golf Courses and Country Clubs,Hotels/Casino/Entertainment
Golf Pro Shop/Grille on The Green,Golf Courses and Country Clubs,Hotels/Casino/Entertainment
GOLF PROSHOP,Golf Courses and Country Clubs,Hotels/Casino/Entertainment
Golf Range,Golf Courses and Country Clubs,Hotels/Casino/Entertainment
"Golf, Tennis and Similar Sport Facilities without Cooking",Fitness and Recreational Sports Centers,Hotels/Casino/Entertainment
Golf/ tennis,Fitness and Recreational Sports Centers,Hotels/Casino/Entertainment
Golisano Children's Hospital Naples Nicklaus,Hospital,Health Services
Golisano Children's Hospital of Southwest Florida,Hospital,Health Services
Government,Governmental Office & Administration,Govermental/Municipal
Government Building,Governmental Office & Administration,Govermental/Municipal
Government or Hospital type institutions,Hospital,Health Services
Governmental Complex - Fire-911-Police,Governmental Office & Administration,Govermental/Municipal
Governor's Residence,Mid Rise Apartments - 5-9 stories,Habitational
GP Office,Medical Office,Health Services
GP Storage Barns,Livestock Farming,Agriculture/Farming
Gracemont - Elementary School,Schools,Education
Graham Street Water Tank,Water Supply and Irrigation Systems,Utilities
GRAIN BARN,Livestock Farming,Agriculture/Farming
Grain Bin,Grain Silos,Agriculture/Farming
Grain Elevator,Grain Silos,Agriculture/Farming
Grain Elevator Operations/Seed Strage - road service,Grain Silos,Agriculture/Farming
"Grain Elevator, pits, bins, scales, barge loading, tower & spout",Grain Silos,Agriculture/Farming
Grain Facility,Grain Silos,Agriculture/Farming
Grain Operations,Grain Silos,Agriculture/Farming
Grain storage,Grain Silos,Agriculture/Farming
Grain Storage / Offcie,Grain Silos,Agriculture/Farming
"Grain, frac sand storage",Grain Silos,Agriculture/Farming
Grammar School Building,Schools,Education
GRANARY,Flour Mill,Food
Grand Theatre,Cinemas,Retail
Grande Hall Del Coronado,Full-Service Hotel,Hotels/Casino/Entertainment
Grandstand Home,Large Stadium & Arenas,Hotels/Casino/Entertainment
Grandstand Visitor,Large Stadium & Arenas,Hotels/Casino/Entertainment
GRANDVIEW WATER TANK,Water Supply and Irrigation Systems,Utilities
Graphic Arts,Miscellaneous Retailers,Retail
Graves-Pierce Complex,Fitness and Recreational Sports Centers,Hotels/Casino/Entertainment
Graves-Pierce Swimming Pool,Fitness and Recreational Sports Centers,Hotels/Casino/Entertainment
GRAYSON ARTS AND HISTORICAL CENTER,Museums,Hotels/Casino/Entertainment
Graze Desert Grille,Restaurants - Not Fast Food,Retail
Green Acres Farm,Livestock Farming,Agriculture/Farming
Green Block Storage Building,General Warehousing and Storage - Non-Hazardous,Storage and Wholesale Trade
Green Farm,Livestock Farming,Agriculture/Farming
GREEN HOUSE,Livestock Farming,Agriculture/Farming
Green House removed,Single Family Dwellings,Habitational
Green Park Pavilion,Governmental Office & Administration,Govermental/Municipal
Green Space/Park,Governmental Office & Administration,Govermental/Municipal
Greenhouse,Livestock Farming,Agriculture/Farming
Greenhouse storage,General Warehousing and Storage - Non-Hazardous,Storage and Wholesale Trade
Greenhouses,Livestock Farming,Agriculture/Farming
Griffin Regional Welcome Center,Governmental Office & Administration,Govermental/Municipal
Griffin Solid Waste Transfer Station,Miscellaneous Waste Management,Heavy Industry
GRILL BBQ SHED,Restaurants - Not Fast Food,Retail
Grinding Media Mfg,Tv and Radio Stations,Communications
Grinding Media Mfg and Flotation Chemical Mfg,Tv and Radio Stations,Communications
Grinding Media Mfg; Specialty Forged Fasteners,Tv and Radio Stations,Communications
Grnd water/strm water syst,Water Supply and Irrigation Systems,Utilities
Grocer - Small Retail,Supermarkets and Grocery,Retail
Grocer - Supermarket,Supermarkets and Grocery,Retail
GROCERY DISTRIBUTOR,Grocery Merchant Wholesalers,Storage and Wholesale Trade
GROCERY STORE,Supermarkets and Grocery,Retail
GROCERY STORE & APARTMENTS,Supermarkets and Grocery,Retail
Grocery store with gas sales,Supermarkets and Grocery,Retail
Grocery Stores,Supermarkets and Grocery,Retail
Grocery/Service Station,Supermarkets and Grocery,Retail
Ground Tank Reservoir,Water Supply and Irrigation Systems,Utilities
Ground Washwater Tank,Water Supply and Irrigation Systems,Utilities
Ground Water Tank,Water Supply and Irrigation Systems,Utilities
GROUND WATER TANK 1,Water Supply and Irrigation Systems,Utilities
Ground Water Tank 2,Water Supply and Irrigation Systems,Utilities
Grounds Garage,Parking Garages,Light Industry
Grounds Greenhouse Storage,General Warehousing and Storage - Non-Hazardous,Storage and Wholesale Trade
grounds storage,General Warehousing and Storage - Non-Hazardous,Storage and Wholesale Trade
Groundwater Berm Building,Water Supply and Irrigation Systems,Utilities
Groundwater Wells #4 #6 and #7,Water Supply and Irrigation Systems,Utilities
Group Home,Residential Care,Health Services
Group Housing,Residential Care,Health Services
Group Housing - Nursing Homes,Nursing Home,Health Services
Group Institional Housing,Correctional Institutions and Prisons,Govermental/Municipal
Group Institutional Housing,Correctional Institutions and Prisons,Govermental/Municipal
Group Institutional Housing - 11 to 30 units,Correctional Institutions and Prisons,Govermental/Municipal
Group Institutional Housing - 4,Correctional Institutions and Prisons,Govermental/Municipal
Group Institutional Housing - Up to 10 units,Correctional Institutions and Prisons,Govermental/Municipal
Grow,Unknown,Unknown
Growing Farm,Livestock Farming,Agriculture/Farming
"Guard House, Fening & Street Lights",Single Family Dwellings,Habitational
"Guard Station - Smoke and Fire Detection and Rapid Response - Main Office, Sleeping Areas, and Residence",Offices,Offices
GUARDIAN GENERATOR (FIXED NOT MOBILE),T&D,Utilities
Guest Laundry,Laundry,Retail
GUEST RANCH,Inns/Bed and Breakfasts,Hotels/Casino/Entertainment
Guidance Offices,Offices,Offices
Gulf Coast Medical Center,Home Health Care Service,Health Services
Gulf Coast Medical Park - LPG,Home Health Care Service,Health Services
"GULFCOAST MEDICAL OFFICE BLDG
Renal Transplant 694.15
Care Mgt 715.15
Rehab 746.15
Employee Hlth 955.11
Board of Directors 958.11",Offices,Offices
Gun Range Training Center - Per Host Community Agreement,Governmental Office & Administration,Govermental/Municipal
GUN SHOP,Miscellaneous Retailers,Retail
Gunsmith,Miscellaneous Retailers,Retail
Gym,Fitness and Recreational Sports Centers,Hotels/Casino/Entertainment
Gym / Multipurpose,Fitness and Recreational Sports Centers,Hotels/Casino/Entertainment
Gym Addition to Main Bldg,Fitness and Recreational Sports Centers,Hotels/Casino/Entertainment
Gym Bldg,Fitness and Recreational Sports Centers,Hotels/Casino/Entertainment
Gym Locker Rooms,Fitness and Recreational Sports Centers,Hotels/Casino/Entertainment
Gym Main Bldg,Fitness and Recreational Sports Centers,Hotels/Casino/Entertainment
Gym Storage,Fitness and Recreational Sports Centers,Hotels/Casino/Entertainment
Gym/Band,Fitness and Recreational Sports Centers,Hotels/Casino/Entertainment
Gym/ESE,Fitness and Recreational Sports Centers,Hotels/Casino/Entertainment
Gym/Fellowsip Hall,Fitness and Recreational Sports Centers,Hotels/Casino/Entertainment
Gym/Industrial Arts,Fitness and Recreational Sports Centers,Hotels/Casino/Entertainment
Gym/Locker Rooms,Fitness and Recreational Sports Centers,Hotels/Casino/Entertainment
Gym/Music,Fitness and Recreational Sports Centers,Hotels/Casino/Entertainment
Gymnasium - Community Center,Fitness and Recreational Sports Centers,Hotels/Casino/Entertainment
GYMNASIUM - STORAGE BUILDING,Fitness and Recreational Sports Centers,Hotels/Casino/Entertainment
Gymnasium (old temp campus),Fitness and Recreational Sports Centers,Hotels/Casino/Entertainment
Gymnasium 1,Fitness and Recreational Sports Centers,Hotels/Casino/Entertainment
Gymnasium 2,Fitness and Recreational Sports Centers,Hotels/Casino/Entertainment
GYMNASIUM AND LUNCH ROOM,Fitness and Recreational Sports Centers,Hotels/Casino/Entertainment
H - retail,Miscellaneous Retailers,Retail
H.O.H STORE BUILDING,General Warehousing and Storage - Non-Hazardous,Storage and Wholesale Trade
H/NO Auto PD-3 Vans,Auto Dealers,Retail
H/NO PD for Auto,Auto Dealers,Retail
H/NO PD For Parade Day Only,Amusement and Theme Parks,Hotels/Casino/Entertainment
HAB,Mid Rise Apartments - 5-9 stories,Habitational
Hab/ Retail/ Resturant,Mid Rise Apartments - 5-9 stories,Habitational
Hab/Retail/Restaurant,Restaurants - Not Fast Food,Retail
HABIATIONAL,Single Family Dwellings,Habitational
HABITATIOANL,Single Family Dwellings,Habitational
HABITATIONAL,Single Family Dwellings,Habitational
Habitational Student Living,Mid Rise Student Housing - 5-9 stories,Habitational
HABITATIONAL-3,Single Family Dwellings,Habitational
HABITATIONSL/RETAIL,Single Family Dwellings,Habitational
HABITATONAL,Single Family Dwellings,Habitational
HABITIATIONAL,Single Family Dwellings,Habitational
HABITIONAL,Single Family Dwellings,Habitational
HABITIONAL&BIZ,Single Family Dwellings,Habitational
HABTATIONAL,Single Family Dwellings,Habitational
Hafley Park - Restroom - Storage Building,Governmental Office & Administration,Govermental/Municipal
HAIR SALON-1,Miscellaneous Retailers,Retail
HALL,Full-Service Hotel,Hotels/Casino/Entertainment
Halls,Full-Service Hotel,Hotels/Casino/Entertainment
Halls - Other than Not-For-Profit,Full-Service Hotel,Hotels/Casino/Entertainment
Halls and Auditoriums,Full-Service Hotel,Hotels/Casino/Entertainment
Hampton Inn,Inns/Bed and Breakfasts,Hotels/Casino/Entertainment
HANDLEY LOWER SOCCER FIELD IMPROV,Fitness and Recreational Sports Centers,Hotels/Casino/Entertainment
HANDLEY PARK,Governmental Office & Administration,Govermental/Municipal
Handley Park Pavilion,Governmental Office & Administration,Govermental/Municipal
HANDLEY PARK T-BALL LIGHTS,Governmental Office & Administration,Govermental/Municipal
HANDLEY UPPER SOCCER FIELD IMPROV,Fitness and Recreational Sports Centers,Hotels/Casino/Entertainment
handling adult fish,Seafood Processing - Fresh and Frozen,Food
Hangar,Other Support Facilities For Air Transportation,Transportation
Hangar - Storage,General Warehousing and Storage - Non-Hazardous,Storage and Wholesale Trade
Hangar 42 Old 44,Other Support Facilities For Air Transportation,Transportation
Hangar A1,Other Support Facilities For Air Transportation,Transportation
HANGAR DOORS,Other Support Facilities For Air Transportation,Transportation
Hangars,Other Support Facilities For Air Transportation,Transportation
Hanger,Other Support Facilities For Air Transportation,Transportation
HARBORSIDE EVENT CENTER,Full-Service Hotel,Hotels/Casino/Entertainment
HARBOURSIDE BUILDING,Piers and Wharves,Transportation
HARBOURSIDE HOTEL ROOMS/MEETING ROOMS,Full-Service Hotel,Hotels/Casino/Entertainment
HARBOURSIDE MARINA,Marinas,Transportation
HARBOUSIDE BAR AND GRILL,Restaurants - Not Fast Food,Retail
Hardin Senior Citizens,Residential Care,Health Services
Harding Fire Station #14,Governmental Office & Administration,Govermental/Municipal
Hardware Store,Miscellaneous Retailers,Retail
Hatchery & Office,Offices,Offices
Hay and Cattle Storage,General Warehousing and Storage - Non-Hazardous,Storage and Wholesale Trade
Hay and Equipment Barn,Livestock Farming,Agriculture/Farming
HAY BAILER,Livestock Farming,Agriculture/Farming
HAY BARN,Livestock Farming,Agriculture/Farming
Hay Storage,General Warehousing and Storage - Non-Hazardous,Storage and Wholesale Trade
hay storage shed,General Warehousing and Storage - Non-Hazardous,Storage and Wholesale Trade
haz mat storage,General Warehousing and Storage - Non-Hazardous,Storage and Wholesale Trade
Haz mat storage shed with extended roof to cover fuel tank,General Warehousing and Storage - Non-Hazardous,Storage and Wholesale Trade
Haz Vehicle Wash (Including pumps),Auto Dealers,Retail
Hazardous Material Storage,General Warehousing and Storage - Non-Hazardous,Storage and Wholesale Trade
Hazardous Materials Storage,General Warehousing and Storage - Non-Hazardous,Storage and Wholesale Trade
Hazardous Waste Stg,Miscellaneous Waste Management,Heavy Industry
Hazmat Storage,General Warehousing and Storage - Non-Hazardous,Storage and Wholesale Trade
Head Office and depot,Offices,Offices
Headquarters ,Offices,Offices
HEADQUARTERS BUILDING,Offices,Offices
"Headquarters;  300+ personnel;  R&D, Sales and Marketing;  Global functional support",Supermarkets and Grocery,Retail
Health Care,Home Health Care Service,Health Services
Health Care - Other medical and health services,Hospital,Health Services
Health Care Facility,Home Health Care Service,Health Services
Health Care Service,Home Health Care Service,Health Services
Health Care Services - 9,Home Health Care Service,Health Services
Health Care Services/Medical - 9,Hospital,Health Services
Health Centre,Home Health Care Service,Health Services
Health Clinic,Home Health Care Service,Health Services
Health Club,Fitness and Recreational Sports Centers,Hotels/Casino/Entertainment
Health Department,Home Health Care Service,Health Services
Health Food Store,Supermarkets and Grocery,Retail
Health Maintenance Organizations,Home Health Care Service,Health Services
HEALTH OFFICE,Medical Office,Health Services
Health or exercise clubs,Fitness and Recreational Sports Centers,Hotels/Casino/Entertainment
Health Services,Home Health Care Service,Health Services
Health Unit,Home Health Care Service,Health Services
Healthcare facilities - homes for the aged,Nursing Home,Health Services
Healthcare for Substance Abuse & Literacy Center Location,Home Health Care Service,Health Services
HealthPark Care Center,Home Health Care Service,Health Services
HealthPark Child Dvlp Center,Home Health Care Service,Health Services
HealthPark Commons Outpatient Center,Outpatient Care Centers,Health Services
"HealthPark Medical Center including pump house, irrigation & lights",Home Health Care Service,Health Services
HEARN INN BED AND BREAKFAST,Inns/Bed and Breakfasts,Hotels/Casino/Entertainment
Heated Storage,General Warehousing and Storage - Non-Hazardous,Storage and Wholesale Trade
"Heated Warehouse, and Equipment Storage",General Warehousing and Storage - Non-Hazardous,Storage and Wholesale Trade
Heavy Equipment Garage/Purchasing Offices/Weld Shop,Auto Repair Shop Garage,Retail
Heavy Fab,Machinery Manufacturing,Light Industry
Heavy Fabrication & Assembly,Machinery Manufacturing,Light Industry
Heavy Fabrication and Assembly,Machinery Manufacturing,Light Industry
Heavy Fabrication and Assembly - 12,Machinery Manufacturing,Light Industry
Heavy Timber,Logging,Heavy Industry
HENRY WATTS COMMUNITY PARK,Governmental Office & Administration,Govermental/Municipal
herbicide  storage south end of parking lot,Parking Garages,Light Industry
Heritage office/Storage-Basement Only,General Warehousing and Storage - Non-Hazardous,Storage and Wholesale Trade
Hickory Level Road Water Tank,Water Supply and Irrigation Systems,Utilities
Hide Dealer/Marble Prod/Mercantile NOC-Low/Metal Dealer/Monuments/Rubber Sale/Tire Dealer,Miscellaneous Retailers,Retail
Hide-Away Storage Unit 02281,General Warehousing and Storage - Non-Hazardous,Storage and Wholesale Trade
High Rise Apartments,Mid Rise Apartments - 5-9 stories,Habitational
High School,Schools,Education
High School Building,Schools,Education
High Tech,Telecoms - Transmission Towers,Communications
High Technology,Telecoms - Transmission Towers,Communications
Highland Reserve Marketplace Shopping Center,Department Stores,Retail
Highway,Roads/Highways/Toll Roads,Transportation
HILTON GRAND VACATIONS BUILDING,Full-Service Hotel,Hotels/Casino/Entertainment
Hired & Borrowed Equip 8/15-9/1,Full-Service Hotel,Hotels/Casino/Entertainment
Hired/ Non-owned Auto PD,Auto Dealers,Retail
Hired/Non-owned PD,Full-Service Hotel,Hotels/Casino/Entertainment
HISTORIC LIBRARY,Library,Govermental/Municipal
HISTORIC MUSEUM,Museums,Hotels/Casino/Entertainment
Historic School - Community Center - Museum,Schools,Education
HISTORICAL MUSEUM,Museums,Hotels/Casino/Entertainment
Historical Park,Governmental Office & Administration,Govermental/Municipal
HISTORICAL PK GAZEBO,Governmental Office & Administration,Govermental/Municipal
HISTORICAL PK METAL SIGNS,Metal Product Manufacturing,Light Industry
HISTORICAL PK RESTROOM/UTILITY,Governmental Office & Administration,Govermental/Municipal
Historical Records,Governmental Office & Administration,Govermental/Municipal
Historical Society Building,Governmental Office & Administration,Govermental/Municipal
HISTORICAL SOCIETY MUSEUM,Museums,Hotels/Casino/Entertainment
HISTORY MUSEUM,Museums,Hotels/Casino/Entertainment
HO- Seasonal,Resort Hotel,Hotels/Casino/Entertainment
HO- Vacant,Mid Rise Apartments - 5-9 stories,Habitational
HOA,Unknown,Unknown
HOA-Water & Septic Systems,Water Supply and Irrigation Systems,Utilities
Hobby & Storage,General Warehousing and Storage - Non-Hazardous,Storage and Wholesale Trade
Hog,Other Electric Power Generation,Utilities
Hog Barn,Livestock Farming,Agriculture/Farming
Hog Fuel Boiler,Other Electric Power Generation,Utilities
Hog Fuel Storage,General Warehousing and Storage - Non-Hazardous,Storage and Wholesale Trade
Hog Fuel System,Other Electric Power Generation,Utilities
Hog System at Planing Mill ,Other Electric Power Generation,Utilities
Holiday Inn,Inns/Bed and Breakfasts,Hotels/Casino/Entertainment
HOLLAND WATSON VETERANS PARK GAZEBO,Governmental Office & Administration,Govermental/Municipal
Holleman Field Dressing Room,Large Stadium & Arenas,Hotels/Casino/Entertainment
Holleman Field Home Dugout,Large Stadium & Arenas,Hotels/Casino/Entertainment
Holleman Field Pressbox/Concessions,Large Stadium & Arenas,Hotels/Casino/Entertainment
Holleman Field Storage,Large Stadium & Arenas,Hotels/Casino/Entertainment
Holleman Field Visitors Dugout,Large Stadium & Arenas,Hotels/Casino/Entertainment
Holleman Rec Sports Storage #2,Large Stadium & Arenas,Hotels/Casino/Entertainment
Home,Single Family Dwellings,Habitational
HOME & SYNAGOGUE,Single Family Dwellings,Habitational
HOME GRANDSTAND,Large Stadium & Arenas,Hotels/Casino/Entertainment
Home Grp-Office,Offices,Offices
Home Health,Home Health Care Service,Health Services
Home Infusion Therapy,Single Family Dwellings,Habitational
Home Office,Offices,Offices
Home Office - storage space,Offices,Offices
Home Owner,Single Family Dwellings,Habitational
HomeCare,Assisted Living,Health Services
Homeless Youth,Single Family Dwellings,Habitational
Homemade Trailer Parked Outside,Governmental Office & Administration,Govermental/Municipal
Homeowner Primary,Single Family Dwellings,Habitational
Homeowner Secondary Non-Seasonal,Single Family Dwellings,Habitational
Homeowner Secondary Seasonal,Single Family Dwellings,Habitational
HOPD of Medical Center Hospital,Medical Office,Health Services
HORSE ARENA,Large Stadium & Arenas,Hotels/Casino/Entertainment
HORSE BARN,Livestock Farming,Agriculture/Farming
Horse concession,Miscellaneous Retailers,Retail
Horse Mgmt,Livestock Farming,Agriculture/Farming
Horse Science Barn,Laboratories,Health Services
HORSE STABLE,Livestock Farming,Agriculture/Farming
Horticulture,Nurseries and Garden Centers,Retail
Horticulture Classroom,Schools,Education
Horticulture Lab,Laboratories,Health Services
Horton Road GGP Farm,Livestock Farming,Agriculture/Farming
Hose Cart Storage,General Warehousing and Storage - Non-Hazardous,Storage and Wholesale Trade
Hosp. Dept.,Hospital,Health Services
Hosp. Depts.(Pharmacy ),Hospital,Health Services
Hospice,Assisted Living,Health Services
Hospital,Hospital,Health Services
Hospital - Bldg on  Grounds,Hospital,Health Services
Hospital - Bldg on Grounds,Hospital,Health Services
Hospital Administrative Offices,Medical Office,Health Services
Hospital Department,Hospital,Health Services
Hospital Facility,Hospital,Health Services
Hospital Facility- Heart Tower,Hospital,Health Services
Hospital MRI Center,Hospital,Health Services
Hospital Tower,Hospital,Health Services
Hospitals,Hospital,Health Services
Hospitals - Misc. Hospitals and Centers,Hospital,Health Services
Host Site equipment storage,General Warehousing and Storage - Non-Hazardous,Storage and Wholesale Trade
host site laundry room,Laundry,Retail
host site woodbin storage  utility cart parked next to bldg,General Warehousing and Storage - Non-Hazardous,Storage and Wholesale Trade
Host storage,General Warehousing and Storage - Non-Hazardous,Storage and Wholesale Trade
host storage shed -material plastic,General Warehousing and Storage - Non-Hazardous,Storage and Wholesale Trade
Hostel,Inns/Bed and Breakfasts,Hotels/Casino/Entertainment
"Hot Springs Hatchery (31,684)",Poultry Hatcheries,Agriculture/Farming
Hot Springs Storage,General Warehousing and Storage - Non-Hazardous,Storage and Wholesale Trade
Hot Tub/Spa,Fitness and Recreational Sports Centers,Hotels/Casino/Entertainment
Hotel,Full-Service Hotel,Hotels/Casino/Entertainment
Hotel - No Casino,Full-Service Hotel,Hotels/Casino/Entertainment
Hotel (Candlewood Suites),Full-Service Hotel,Hotels/Casino/Entertainment
"Hotel (Casa De Palmas 
Renaissance McAllen)",Full-Service Hotel,Hotels/Casino/Entertainment
Hotel (Comfort Suites),Full-Service Hotel,Hotels/Casino/Entertainment
Hotel (Extended Stay),Full-Service Hotel,Hotels/Casino/Entertainment
Hotel (Hamptons Inn),Full-Service Hotel,Hotels/Casino/Entertainment
Hotel (Hilton Garden Inn),Full-Service Hotel,Hotels/Casino/Entertainment
Hotel (Holiday Inn Express & Suites),Full-Service Hotel,Hotels/Casino/Entertainment
Hotel (Holiday Inn Westchase),Full-Service Hotel,Hotels/Casino/Entertainment
Hotel (Holiday Inn),Full-Service Hotel,Hotels/Casino/Entertainment
Hotel (La Quinta Inn & Suites),Full-Service Hotel,Hotels/Casino/Entertainment
Hotel (Park Inn by Radisson),Full-Service Hotel,Hotels/Casino/Entertainment
Hotel (SpringHill Suites),Full-Service Hotel,Hotels/Casino/Entertainment
Hotel (University Inn & Suites),Full-Service Hotel,Hotels/Casino/Entertainment
Hotel / Resort,Full-Service Hotel,Hotels/Casino/Entertainment
Hotel <10M,Full-Service Hotel,Hotels/Casino/Entertainment
Hotel >10M,Full-Service Hotel,Hotels/Casino/Entertainment
Hotel and Golf Resort,Full-Service Hotel,Hotels/Casino/Entertainment
Hotel Annex,Full-Service Hotel,Hotels/Casino/Entertainment
Hotel Basement,Full-Service Hotel,Hotels/Casino/Entertainment
Hotel for CSMART Training Center usage,Full-Service Hotel,Hotels/Casino/Entertainment
"HOTEL- NO RESTAURANT , NO COOKING - OC 3",Restaurants - Not Fast Food,Retail
Hotel Resort,Full-Service Hotel,Hotels/Casino/Entertainment
Hotel run by concessionaire: Open March 15 thru November 1,Full-Service Hotel,Hotels/Casino/Entertainment
"HOTEL w/ 4 POOLS, SAUNA, SPA, OUTSIDE WATERSLIDE and OTHER AMENITIES",Full-Service Hotel,Hotels/Casino/Entertainment
HOTEL/ GARAGE,Full-Service Hotel,Hotels/Casino/Entertainment
HOTEL/BALLROOM,Full-Service Hotel,Hotels/Casino/Entertainment
Hotel/Motel,Motels,Hotels/Casino/Entertainment
Hotel/Motel/Lessors Risk,Motels,Hotels/Casino/Entertainment
Hotel/Motel/Temporary Lodging,Motels,Hotels/Casino/Entertainment
Hotel/Motel/Temporary Lodging -3,Motels,Hotels/Casino/Entertainment
Hotel/Motel/Vacant Bldg (970 sq ft),Mid Rise Apartments - 5-9 stories,Habitational
Hotel/Offices,Offices,Offices
Hotels,Full-Service Hotel,Hotels/Casino/Entertainment
Hotels - Large,Resort Hotel,Hotels/Casino/Entertainment
Hotels - Small and Medium,Full-Service Hotel,Hotels/Casino/Entertainment
Hotels & Motels,Motels,Hotels/Casino/Entertainment
Hotels (Sprinklered),Full-Service Hotel,Hotels/Casino/Entertainment
Hotels / Motels,Motels,Hotels/Casino/Entertainment
Hotels and lodging places,Full-Service Hotel,Hotels/Casino/Entertainment
Hotels and Motels - less than four stories (lessor’s risk only) - With restaurants - 11 to 30 units,Full-Service Hotel,Hotels/Casino/Entertainment
Hotels and Motels - less than four stories (lessor’s risk only) - With restaurants - over 30 units,Full-Service Hotel,Hotels/Casino/Entertainment
Hotels and Motels - less than four stories (lessor’s risk only) - With restaurants - up to 10 units,Full-Service Hotel,Hotels/Casino/Entertainment
Hotels and Motels - less than four stories (lessor’s risk only) - Without restaurants - 11 to 30 units,Full-Service Hotel,Hotels/Casino/Entertainment
Hotels and Motels - less than four stories (lessor’s risk only) - Without restaurants - over 30 units,Full-Service Hotel,Hotels/Casino/Entertainment
Hotels and Motels - less than four stories (lessor’s risk only) - Without restaurants - up to 10 units,Full-Service Hotel,Hotels/Casino/Entertainment
Hotels and Motels - with pools or beaches - four or more stories - With restaurants - up to 10 units,Full-Service Hotel,Hotels/Casino/Entertainment
Hotels and Motels - with pools or beaches - four or more stories - Without restaurants - 11 to 30 units,Full-Service Hotel,Hotels/Casino/Entertainment
Hotels and Motels - with pools or beaches - less than four stories - With restaurants - 11 to 30 units,Full-Service Hotel,Hotels/Casino/Entertainment
Hotels and Motels - with pools or beaches - less than four stories - With restaurants - over 30 units,Full-Service Hotel,Hotels/Casino/Entertainment
Hotels and Motels - with pools or beaches - less than four stories - Without restaurants - 11 to 30 units,Full-Service Hotel,Hotels/Casino/Entertainment
Hotels and Motels - with pools or beaches - less than four stories - Without restaurants - up to 10 units,Full-Service Hotel,Hotels/Casino/Entertainment
Hotels and Motels – with restaurant – 11 to 30 Units,Full-Service Hotel,Hotels/Casino/Entertainment
Hotels and Motels – with restaurant – Over 30 Units,Full-Service Hotel,Hotels/Casino/Entertainment
Hotels and Motels – with restaurant – Up to 10 Units,Full-Service Hotel,Hotels/Casino/Entertainment
Hotels and Motels - without pools or beaches - four or more stories - With restaurants - 11 to 30 units,Full-Service Hotel,Hotels/Casino/Entertainment
Hotels and Motels - without pools or beaches - four or more stories - Without restaurants - 11 to 30 units,Full-Service Hotel,Hotels/Casino/Entertainment
Hotels and Motels - without pools or beaches - four or more stories - Without restaurants - Over 30 units,Full-Service Hotel,Hotels/Casino/Entertainment
Hotels and Motels - without pools or beaches - less than four stories - Without restaurants - 11 to 30 units,Full-Service Hotel,Hotels/Casino/Entertainment
Hotels and Motels - without pools or beaches - less than four stories - Without restaurants - up to 10 units,Full-Service Hotel,Hotels/Casino/Entertainment
Hotels and Motels – without restaurant – 11 to 30 units,Full-Service Hotel,Hotels/Casino/Entertainment
Hotels and Motels – without restaurant – Over 30 units,Full-Service Hotel,Hotels/Casino/Entertainment
Hotels and Motels – without restaurant – Up to 10 Units,Full-Service Hotel,Hotels/Casino/Entertainment
Hotels- Large,Resort Hotel,Hotels/Casino/Entertainment
hotels or motels,Motels,Hotels/Casino/Entertainment
Hotels Small and Medium,Full-Service Hotel,Hotels/Casino/Entertainment
Hotels- Small and Medium,Full-Service Hotel,Hotels/Casino/Entertainment
"Hotels, Motels and Conference Ctrs.",Motels,Hotels/Casino/Entertainment
Hotels.Motels,Motels,Hotels/Casino/Entertainment
Hotels/Motels,Motels,Hotels/Casino/Entertainment
Hotels-Large,Full-Service Hotel,Hotels/Casino/Entertainment
House,Single Family Dwellings,Habitational
"House (2,200 Sq Ft) & Shed (27Ft X 40ft)",General Warehousing and Storage - Non-Hazardous,Storage and Wholesale Trade
HOUSE 1,Single Family Dwellings,Habitational
HOUSE 2,Single Family Dwellings,Habitational
HOUSE 3,Single Family Dwellings,Habitational
house and garage next door to location above,Single Family Dwellings,Habitational
House Annex,Single Family Dwellings,Habitational
House emergency electric generator,T&D,Utilities
House Fire Truck and Fire Equipment,Governmental Office & Administration,Govermental/Municipal
House Hospital Patients,Outpatient Care Centers,Health Services
HOUSE/PROP,Single Family Dwellings,Habitational
Household Goods Storage,General Warehousing and Storage - Non-Hazardous,Storage and Wholesale Trade
household haz. waste facility,Miscellaneous Waste Management,Heavy Industry
Housekeeping,Laundry,Retail
Housekeeping Building,Laundry,Retail
HOUSEKEEPING MEETING ROOM,Laundry,Retail
Housekeeping/Maintenance,Machinery Manufacturing,Light Industry
Houses a well on NE Corner of Property by Storage Building,General Warehousing and Storage - Non-Hazardous,Storage and Wholesale Trade
Houses fire pump equipment,Water Supply and Irrigation Systems,Utilities
"Houses the Corporations, Elections, Audits, and most of the Admin Divisions",Offices,Offices
Housewares Storage,General Warehousing and Storage - Non-Hazardous,Storage and Wholesale Trade
Housing,Single Family Dwellings,Habitational
Housing (Future),Single Family Dwellings,Habitational
Housing a Back-up Generator,Single Family Dwellings,Habitational
Housing a Pump and Well,Water Supply and Irrigation Systems,Utilities
Housing and Garage,Single Family Dwellings,Habitational
HOUSING AUTHORITY OFFICE,Offices,Offices
Housing during Fire Season - Meeting Rooms,Single Family Dwellings,Habitational
"Housing for Fire Crews, Offices and Storage",General Warehousing and Storage - Non-Hazardous,Storage and Wholesale Trade
Housing with attached Garage,Single Family Dwellings,Habitational
Housing with Garage attached,Single Family Dwellings,Habitational
"Housing, Classrooms and Warehouse - Occupied only during Fire season - Unoccupied the rest of the year",General Warehousing and Storage - Non-Hazardous,Storage and Wholesale Trade
Houston Rodeo Fairgrounds,Amusement and Theme Parks,Hotels/Casino/Entertainment
HQ Admin Office,Offices,Offices
HQ/Corporate Office,Offices,Offices
HR Employment Center,Offices,Offices
HS Grandstands,Large Stadium & Arenas,Hotels/Casino/Entertainment
Huddleston Pond Park Pavilion,Governmental Office & Administration,Govermental/Municipal
Human Resource Center,Offices,Offices
HUMUHUMUNU-KUNUKUAPUA'A RESTAURANT,Restaurants - Not Fast Food,Retail
Hunting Club,Fitness and Recreational Sports Centers,Hotels/Casino/Entertainment
Huntsville Area Tech & Business Center,Offices,Offices
Hurrycane Fullfilment Center,General Warehousing and Storage - Non-Hazardous,Storage and Wholesale Trade
I - Retail,Miscellaneous Retailers,Retail
ICE CREAM AND SEAFOOD SHACK,Restaurants - Not Fast Food,Retail
ICE CREAM STAND,Restaurants - Not Fast Food,Retail
Ice Cream Stores - No cooking,Supermarkets and Grocery,Retail
Ice Cream Stores - With cooking,Supermarkets and Grocery,Retail
ICE DEALER,Ice Plant,Food
ICE MANUFACTURER /DISTRIBUTOR,Ice Plant,Food
ICE MANUFACTURER/DISTRIBUTOR,Ice Plant,Food
ICSC BOOTH,Offices,Offices
Idle warehouse with some offices,General Warehousing and Storage - Non-Hazardous,Storage and Wholesale Trade
Imaging Center,Printing (Commercial),Light Industry
Imaging/Surgery Ctr,Home Health Care Service,Health Services
IM-Equipment Coverage,Electrical Equipment and Component Manufacturing,Light Industry
"IM-Mowers, Equipment",Electrical Equipment and Component Manufacturing,Light Industry
IMPORTER & WHOLESALER,General Warehousing and Storage - Non-Hazardous,Storage and Wholesale Trade
Improvements to Container Storage,General Warehousing and Storage - Non-Hazardous,Storage and Wholesale Trade
incl Los Altos Garbage,Recycling - All Other,Heavy Industry
Indian Mound Farm,Livestock Farming,Agriculture/Farming
Indian Temple/Community Center,Governmental Office & Administration,Govermental/Municipal
Indoor Arena,Large Stadium & Arenas,Hotels/Casino/Entertainment
INDOOR PAVILION,Governmental Office & Administration,Govermental/Municipal
Indoor Pool,Fitness and Recreational Sports Centers,Hotels/Casino/Entertainment
indoor soccer facility,Fitness and Recreational Sports Centers,Hotels/Casino/Entertainment
Indoor Sports Center,Fitness and Recreational Sports Centers,Hotels/Casino/Entertainment
Indoor Stadium for Concert,Large Stadium & Arenas,Hotels/Casino/Entertainment
Indoor Tennis Club,Fitness and Recreational Sports Centers,Hotels/Casino/Entertainment
Indoor Treatment Building,Water & Sewage Treatment Facilities,Utilities
Industrial,Machinery Manufacturing,Light Industry
Industrial / Warehousing / Self Storage,General Warehousing and Storage - Non-Hazardous,Storage and Wholesale Trade
Industrial Building,Machinery Manufacturing,Light Industry
Industrial Building 1A,General Warehousing and Storage - Non-Hazardous,Storage and Wholesale Trade
INDUSTRIAL ENGINEERING,Machinery Manufacturing,Light Industry
INDUSTRIAL FLEX BLDG,General Warehousing and Storage - Non-Hazardous,Storage and Wholesale Trade
INDUSTRIAL FLEX BUILDING,General Warehousing and Storage - Non-Hazardous,Storage and Wholesale Trade
INDUSTRIAL LIGHT MANUFACTURING,Machinery Manufacturing,Light Industry
Industrial Light Mfg,Machinery Manufacturing,Light Industry
INDUSTRIAL LIGHT MFG.,Machinery Manufacturing,Light Industry
INDUSTRIAL LIGHT MFTG,Machinery Manufacturing,Light Industry
INDUSTRIAL LIGHT MFTG.,Machinery Manufacturing,Light Industry
INDUSTRIAL MANUFACTURING,Machinery Manufacturing,Light Industry
"Industrial Manufacturing,
Warehouse, and Office",General Warehousing and Storage - Non-Hazardous,Storage and Wholesale Trade
Industrial Park,Governmental Office & Administration,Govermental/Municipal
Industrial Property,General Warehousing and Storage - Non-Hazardous,Storage and Wholesale Trade
Industrial Property/Warehouse - Heavy,General Warehousing and Storage - Non-Hazardous,Storage and Wholesale Trade
Industrial Propety,General Warehousing and Storage - Non-Hazardous,Storage and Wholesale Trade
Industrial Technology,Machinery Manufacturing,Light Industry
Industrial Technology Bldg,Machinery Manufacturing,Light Industry
Industrial Technology Building,Machinery Manufacturing,Light Industry
Industrial Technology Center,Machinery Manufacturing,Light Industry
"INDUSTRIAL, LIGHT MANUFACTURING",Machinery Manufacturing,Light Industry
Industrial/Process,Machinery Manufacturing,Light Industry
INDUSTRIALS,Machinery Manufacturing,Light Industry
Inert Landfill Scale Office,Offices,Offices
Infirmary and Dental Office,Offices,Offices
"Infirmary, dining room, kitchen, food storage, offices, assembly room",General Warehousing and Storage - Non-Hazardous,Storage and Wholesale Trade
Infirmary/Dir Cabin,Lodges and Clubs,Hotels/Casino/Entertainment
Inflatables and Games,Unknown,Unknown
Information Services,Offices,Offices
Information Systems,Offices,Offices
Informational Kiosk Public Access - Information and Maps about Santiam Forestlands and Parks,Governmental Office & Administration,Govermental/Municipal
Infrastr/142 spaces,Full-Service Hotel,Hotels/Casino/Entertainment
Infrastr/53 spaces,Full-Service Hotel,Hotels/Casino/Entertainment
Infrastr/86 spaces,Full-Service Hotel,Hotels/Casino/Entertainment
Ink Manufacturing,Machinery Manufacturing,Light Industry
In-line Retail,Miscellaneous Retailers,Retail
Inmate Dorm,Correctional Institutions and Prisons,Govermental/Municipal
Inmate Education,Correctional Institutions and Prisons,Govermental/Municipal
Inmate facility,Correctional Institutions and Prisons,Govermental/Municipal
Inmate housing,Correctional Institutions and Prisons,Govermental/Municipal
Inmate housing and offices,Offices,Offices
"Inmate housing/Classes/Movies, Laundry",Laundry,Retail
Inmate Institution,Correctional Institutions and Prisons,Govermental/Municipal
Inmate Intake Area,Correctional Institutions and Prisons,Govermental/Municipal
Inmate Laundry,Laundry,Retail
Inmate medical services,Medical Office,Health Services
Inmate Processing,Correctional Institutions and Prisons,Govermental/Municipal
Inmate processing center,Correctional Institutions and Prisons,Govermental/Municipal
Inmate recreation,Fitness and Recreational Sports Centers,Hotels/Casino/Entertainment
Inmate work building,Correctional Institutions and Prisons,Govermental/Municipal
Inmate Work Program,Correctional Institutions and Prisons,Govermental/Municipal
INN,Inns/Bed and Breakfasts,Hotels/Casino/Entertainment
Inn and Restaurant ..open from April 29 thru October 15: operated by concessionaire,Restaurants - Not Fast Food,Retail
Innovation/Testing Facility,Laboratories,Health Services
in-patient rehab,Rehabilitation Facility,Health Services
"Inspection storage, grading onions and potatoes",General Warehousing and Storage - Non-Hazardous,Storage and Wholesale Trade
Inst Storage Other - Little Barn,Livestock Farming,Agriculture/Farming
Institutional,Correctional Institutions and Prisons,Govermental/Municipal
Insurance office,Offices,Offices
Insured Corporate Office,Offices,Offices
Interior Decorators,Miscellaneous Retailers,Retail
Interior Remodeling,Offices,Offices
Interpreter's office and storage space,General Warehousing and Storage - Non-Hazardous,Storage and Wholesale Trade
"Interpretive exhibits, gift shop, meeting rooms, offices",Offices,Offices
Interpretive Museum,Museums,Hotels/Casino/Entertainment
Interpretive Museum  Gift Shop,Museums,Hotels/Casino/Entertainment
"Interpretive Museum, May thru September",Museums,Hotels/Casino/Entertainment
Interpretive Museum: built as a cluster of four grain silos,Museums,Hotels/Casino/Entertainment
"Interpretive ranger office, training, room, conference room",Offices,Offices
Interpretive storage and employee break room,General Warehousing and Storage - Non-Hazardous,Storage and Wholesale Trade
interpretive storage shed,General Warehousing and Storage - Non-Hazardous,Storage and Wholesale Trade
Interpretive- warehouse storage,General Warehousing and Storage - Non-Hazardous,Storage and Wholesale Trade
Inventory Supply Building,General Warehousing and Storage - Non-Hazardous,Storage and Wholesale Trade
IPM's Office,Offices,Offices
Irrigation,Water Supply and Irrigation Systems,Utilities
Irrigation Pump,Water Supply and Irrigation Systems,Utilities
Irrigation well,Water Supply and Irrigation Systems,Utilities
is null,Mid Rise Apartments - 5-9 stories,Habitational
ISCS BOOTH,Offices,Offices
Island Can ,Cannery - Fruits and Vegetables,Food
Island Can extension,Cannery - Fruits and Vegetables,Food
Island Gazebo,Governmental Office & Administration,Govermental/Municipal
Island Library,Library,Govermental/Municipal
IT Building,Offices,Offices
IT Building (including backup generator),T&D,Utilities
IT Office,Offices,Offices
IT Server,"Data Processing, Hosting, Cloud",Communications
IT Storage ,General Warehousing and Storage - Non-Hazardous,Storage and Wholesale Trade
IT/Ecomm Fraud,Offices,Offices
Jackson Concession North,Large Stadium & Arenas,Hotels/Casino/Entertainment
Jackson Concession South,Large Stadium & Arenas,Hotels/Casino/Entertainment
Jackson Dressing North,Large Stadium & Arenas,Hotels/Casino/Entertainment
Jackson Dressing West,Large Stadium & Arenas,Hotels/Casino/Entertainment
Jackson Field Ticket Booth,Large Stadium & Arenas,Hotels/Casino/Entertainment
Jackson Press Box,Large Stadium & Arenas,Hotels/Casino/Entertainment
"Jade Mountain
(No Longer a Leased Facility)
Wickline Farm",Livestock Farming,Agriculture/Farming
Jail,Correctional Institutions and Prisons,Govermental/Municipal
JAIL - COURT SERVICES,Courts,Govermental/Municipal
Jail - Justice Telecom Building,Correctional Institutions and Prisons,Govermental/Municipal
JANITORIAL SUPPLY WHOLESALE,General Warehousing and Storage - Non-Hazardous,Storage and Wholesale Trade
JANITORIAL SUPPLYWHOLESALE,General Warehousing and Storage - Non-Hazardous,Storage and Wholesale Trade
Jaycee Park Restroom - Storage Building,Governmental Office & Administration,Govermental/Municipal
JDA Technology Building,Offices,Offices
Jefferson Plaza Apartments,Mid Rise Apartments - 5-9 stories,Habitational
JEFFERSON STATION RETAIL STORES,Miscellaneous Retailers,Retail
Jewelry- retail/Wholesale,Supermarkets and Grocery,Retail
Joes House - Storage Building,General Warehousing and Storage - Non-Hazardous,Storage and Wholesale Trade
JOHN H MARBLE PARK,Governmental Office & Administration,Govermental/Municipal
JOHNNY'S OFFICE,Offices,Offices
Johnson Engineering Building          Cultural Transformation Center,Offices,Offices
Johnson Engineering Building     Military Support Center,Offices,Offices
Jones Street Recreation Center,Fitness and Recreational Sports Centers,Hotels/Casino/Entertainment
JUDGES STAND,Courts,Govermental/Municipal
Judicial Center,Courts,Govermental/Municipal
Judicial Centre,Correctional Institutions and Prisons,Govermental/Municipal
Juvenile Court Center,Correctional Institutions and Prisons,Govermental/Municipal
Juvenile Detention,Correctional Institutions and Prisons,Govermental/Municipal
K WAY WATER TANK 1,Water Supply and Irrigation Systems,Utilities
K WAY WATER TANK 2,Water Supply and Irrigation Systems,Utilities
KARAOKE LOUNGE BAR,"Lounges, Night Clubs, Discos",Retail
Kenilworth Fire Station #10,Governmental Office & Administration,Govermental/Municipal
Kennels,Support Activities For Animal Production,Agriculture/Farming
Kennels - Breeding or Boarding,Support Activities For Animal Production,Agriculture/Farming
Kermit Courville Stadium - Eastside Concession Stand with Press Box,Large Stadium & Arenas,Hotels/Casino/Entertainment
"Kermit Courville Stadium - Referee restroom, office",Large Stadium & Arenas,Hotels/Casino/Entertainment
Kermit Courville Stadium - Westside Concession Stand with Press Box,Large Stadium & Arenas,Hotels/Casino/Entertainment
Keswick Park Community Building,Governmental Office & Administration,Govermental/Municipal
KESWICK PARK- GAZEBO,Large Stadium & Arenas,Hotels/Casino/Entertainment
KESWICK PARK-SOFTBALL FIELD LIGHTS,Large Stadium & Arenas,Hotels/Casino/Entertainment
KESWICK SOCCER FIELD LIGHTING,Large Stadium & Arenas,Hotels/Casino/Entertainment
KESWICK TENNIS COURT LIGHTING/BASKETBALL COURT LIGHTING,Fitness and Recreational Sports Centers,Hotels/Casino/Entertainment
KIDDIE POOL,Fitness and Recreational Sports Centers,Hotels/Casino/Entertainment
KIDS CLUB RECREATION BUILDING,Fitness and Recreational Sports Centers,Hotels/Casino/Entertainment
Kids Ministry Facility,Correctional Institutions and Prisons,Govermental/Municipal
Kiln,Wood Products Manufacturing,Heavy Industry
Kiln 1,Wood Products Manufacturing,Heavy Industry
Kiln 2,Wood Products Manufacturing,Heavy Industry
Kiln 3,Wood Products Manufacturing,Heavy Industry
Kiln Cars,Wood Products Manufacturing,Heavy Industry
Kiln Charging,Wood Products Manufacturing,Heavy Industry
Kiln Rail,Heavy Rail,Transportation
Kiln Trucks,Wood Products Manufacturing,Heavy Industry
Kilns,Wood Products Manufacturing,Heavy Industry
Kilns #3,Wood Products Manufacturing,Heavy Industry
Kilns #4,Wood Products Manufacturing,Heavy Industry
Kimco has ownership interest in these 6 Papa Gino's Pool locations  and these sites were added to SOV as of 4/1/2019,Restaurants - Fast Food,Retail
Kimco has ownership interest in these 6 Taco Beuno Sites and these sites were added to SOV as of 1/1/2019,Restaurants - Fast Food,Retail
KIMCO OFFICE,Offices,Offices
KIMCO OFFICE SITE # 1151,Offices,Offices
KIMCO OFFICE Site # 1178,Offices,Offices
KIMCO OFFICE Site # 1188,Offices,Offices
KIMCO OFFICE Site # 1578,Offices,Offices
KIMCO OFFICE Site # 392,Offices,Offices
KIMCO OFFICE Site 186,Offices,Offices
KINGS CROWN RESTAURANT,Restaurants - Not Fast Food,Retail
Kitchen & Dininghall,Restaurants - Not Fast Food,Retail
Kitchen Addition,Restaurants - Not Fast Food,Retail
KITCHEN SOUP BUILDING,Restaurants - Not Fast Food,Retail
Kitchen Storage,General Warehousing and Storage - Non-Hazardous,Storage and Wholesale Trade
"Kitchen, Food Storage and Dining Hall",General Warehousing and Storage - Non-Hazardous,Storage and Wholesale Trade
Kitchen/Dining Hall,Restaurants - Not Fast Food,Retail
Kitchen/Fellowship,Restaurants - Not Fast Food,Retail
KITCHENS ALLEY STORAGE BUILDING,Restaurants - Not Fast Food,Retail
Kool-Aid Man Suit,Unknown,Unknown
Kurdy Apartments,Mid Rise Apartments - 5-9 stories,Habitational
L.E.C. and Offices,Offices,Offices
Lab,Laboratories,Health Services
Lab - Administration Building,Laboratories,Health Services
Lab - Office,Offices,Offices
Lab and morgue,Laboratories,Health Services
Lab Building,Laboratories,Health Services
Lab Building/Equipment,Laboratories,Health Services
"Lab, Research, Science",Laboratories,Health Services
"Lab, Science, Research",Laboratories,Health Services
Lab/Office,Offices,Offices
Lab/Pharmacy,Laboratories,Health Services
Lab/Receiving Bldg.,Laboratories,Health Services
LaBelle Medical Ctr,Home Health Care Service,Health Services
"Laboratories - research, development or testing - Not-for-Profit only - General research testing",Laboratories,Health Services
Laboratories & Offices,Laboratories,Health Services
Laboratory,Laboratories,Health Services
Laboratory - Research,Laboratories,Health Services
Laboratory and offices,Laboratories,Health Services
Laboratory Equipment,Laboratories,Health Services
Laboratory Test Equipment,Laboratories,Health Services
Laboratory/Offices,Laboratories,Health Services
Lab-Receiving Office,Offices,Offices
LADIES HAT SHOP,Miscellaneous Retailers,Retail
Lady Lane Pool Bldgs,Large Stadium & Arenas,Hotels/Casino/Entertainment
Ladykat East Dugout,Large Stadium & Arenas,Hotels/Casino/Entertainment
Ladykat East Softball Concessions,Large Stadium & Arenas,Hotels/Casino/Entertainment
Ladykat West Dugout,Large Stadium & Arenas,Hotels/Casino/Entertainment
Lafayette Health Care,Home Health Care Service,Health Services
LaFever Farm  (was listed as poultry barn),Livestock Farming,Agriculture/Farming
Lagoon,Piers and Wharves,Transportation
Lagoon Pool & Spa,Fitness and Recreational Sports Centers,Hotels/Casino/Entertainment
Lake Pleasant Pavilion Shopping Center,Strip Mall,Retail
LAKESIDE PAVILION,Governmental Office & Administration,Govermental/Municipal
Land Usage-storage of contaminated yard debris,General Warehousing and Storage - Non-Hazardous,Storage and Wholesale Trade
landfill,Recycling - All Other,Heavy Industry
Landfill Office,Offices,Offices
LANDLORD,Single Family Dwellings,Habitational
LANDLORD / EVENT SPACE - NO FOOD OR LIQUOR SALES,Fitness and Recreational Sports Centers,Hotels/Casino/Entertainment
Large Log Mill,Logging,Heavy Industry
LARGE PAVILION,Governmental Office & Administration,Govermental/Municipal
Larger Size & Hazard Manufacturing,Machinery Manufacturing,Light Industry
LASC Museum,Museums,Hotels/Casino/Entertainment
LASC Planetarium,Amusement and Theme Parks,Hotels/Casino/Entertainment
Laundries,Laundry,Retail
Laundries and Dry Cleaners - self-service,Laundry,Retail
Laundries and Dry Cleaning Plants – Commercial,Laundry,Retail
LAUNDROMAT,Laundry,Retail
LAUNDROMAT & 4 APARTMENTS,Mid Rise Apartments - 5-9 stories,Habitational
LAUNDROMAT & 4APARTMENTS,Mid Rise Apartments - 5-9 stories,Habitational
Laundromat/ Residential,Laundry,Retail
Laundromat/Residential,Mid Rise Apartments - 5-9 stories,Habitational
laundry,Laundry,Retail
Laundry & Housekeeping,Laundry,Retail
Laundry and Dry Cleaning or Dyeing & Textile Bleaching,Laundry,Retail
Laundry and Dry Cleaning or Dyeing Receiving Stations - No pressing,Laundry,Retail
Laundry and Dry Cleaning Stores,Laundry,Retail
Laundry and pump house,Water Supply and Irrigation Systems,Utilities
Laundry -Commercial,Laundry,Retail
laundry facility used by concessionaire,Laundry,Retail
Laundry Rental Service - Laundries,Laundry,Retail
Laundry services,Laundry,Retail
Laundry shed,Laundry,Retail
Laundry Sort,Laundry,Retail
Laundry sort facility/storage,General Warehousing and Storage - Non-Hazardous,Storage and Wholesale Trade
Laundry Sorting & Water/Fire Pump Building,Water Supply and Irrigation Systems,Utilities
Laundry Storage,General Warehousing and Storage - Non-Hazardous,Storage and Wholesale Trade
LAUNDRY STORE,Laundry,Retail
"Laundry, and Boot Drying Shed",Laundry,Retail
Laundry/Maint,Laundry,Retail
Laundry/Maintenance,Laundry,Retail
Laundry/Rec Bldg,Laundry,Retail
Laundry/Warehouse,General Warehousing and Storage - Non-Hazardous,Storage and Wholesale Trade
LAUNDRYMAT,Laundry,Retail
Law Enforcement Annex,Governmental Office & Administration,Govermental/Municipal
Law Enforcement Center,Governmental Office & Administration,Govermental/Municipal
LAW ENFORCEMENT TRAINING CENTER,Governmental Office & Administration,Govermental/Municipal
"Law school administrative and faculty offices, cafeteria and bookstore",Offices,Offices
"League City Towne Center
Shopping Center",Strip Mall,Retail
Lease - warehouse storage for FF&E,General Warehousing and Storage - Non-Hazardous,Storage and Wholesale Trade
Lease Floats,Amusement and Theme Parks,Hotels/Casino/Entertainment
Leased Contractors Equipment,Electrical Equipment and Component Manufacturing,Light Industry
Leased farms - 16 of them,Livestock Farming,Agriculture/Farming
Leased Farms (3 farms),Livestock Farming,Agriculture/Farming
Leased Office,Offices,Offices
Leased Office and Owned Office Space and OP Rehab,Offices,Offices
leased office space,Offices,Offices
Leased Out - KC Health Clinic,Home Health Care Service,Health Services
leased residence,Mid Rise Apartments - 5-9 stories,Habitational
Leased suite in office for Valleys Region District Manager office,Offices,Offices
Leased Warehouse,General Warehousing and Storage - Non-Hazardous,Storage and Wholesale Trade
Leased/Contract Farms,Livestock Farming,Agriculture/Farming
Leasing Office / Clubhouse,Offices,Offices
Leather Goods mfg/Hide Tanning,Leather Goods,Light Industry
Leather Goods Stores,Supermarkets and Grocery,Retail
LED LIGHTS MANUFACTURER,Machinery Manufacturing,Light Industry
Lee Center for Sports Medicine,Home Health Care Service,Health Services
Lee Community Healthcare Inc. in Suite E,Home Health Care Service,Health Services
Lee Health Offsite Warehouse,General Warehousing and Storage - Non-Hazardous,Storage and Wholesale Trade
Lee Lab Services  Suite 2100,Laboratories,Health Services
Lee Lab Services @ Cape Coral,Laboratories,Health Services
Lee Memorial Health System @ Pine Island Road,Home Health Care Service,Health Services
Lee Memorial Home Infusion,Home Health Care Service,Health Services
Lee Memorial Hospital The Rehab Hospital & Med Ofc Bld,Hospital,Health Services
Lee Physician Group @ Bass Road,Home Health Care Service,Health Services
Lee Physician Group @ College Pointe,Home Health Care Service,Health Services
Lee Wound Care,Home Health Care Service,Health Services
Legend's Clubhouse (Offices/Legacy Grill/Pro Shop),Offices,Offices
Legends Golf Course,Golf Courses and Country Clubs,Hotels/Casino/Entertainment
Legends Walk Golf Course,Golf Courses and Country Clubs,Hotels/Casino/Entertainment
Legend's Walk Pro Shop,Miscellaneous Retailers,Retail
Lessee BBP-Bldg B,Unknown,Unknown
Lessee BBP-CEC Bldg,Unknown,Unknown
Lessee BBP-Colliseum,Unknown,Unknown
Lessee BBP-Westside,Unknown,Unknown
Lessee- Rented Equipment,Unknown,Unknown
Lessors Risk,Single Family Dwellings,Habitational
Lessor's Risk,Single Family Dwellings,Habitational
LESSORS RISK - RESTAURANT,Restaurants - Not Fast Food,Retail
Lessors Risk - School,Schools,Education
"Lessors Risk Frame building with Restaurant,Art Studio and 2 apartments",Restaurants - Not Fast Food,Retail
Lessor's Risk Merc & Dwelling,Single Family Dwellings,Habitational
Lessor's Risk Only - Strip malls with three stores,Shopping Mall (Enclosed),Retail
Lessor's Risk Only - Warehouse,General Warehousing and Storage - Non-Hazardous,Storage and Wholesale Trade
Lessor's Risk Only Warehouse Owner Occupied - Tile Contracting,General Warehousing and Storage - Non-Hazardous,Storage and Wholesale Trade
Lessor's Risk Only(Garage),Parking Garages,Light Industry
Lessor's Risk Only/Residential,Mid Rise Apartments - 5-9 stories,Habitational
Lessor's Risk Only/Residential/Warehouse/Owner Occupied,Single Family Dwellings,Habitational
Lessor's Risk Only-Tenant is a grocery store,Supermarkets and Grocery,Retail
Lessor's Risk Only-Two family tenant occupied dwelling,Single Family Dwellings,Habitational
Lessor's Risk Residential Apartment,Mid Rise Apartments - 5-9 stories,Habitational
Lessor's Risk Retail,Miscellaneous Retailers,Retail
"Lessor's Risk
Auto repair",Auto Repair Shop Garage,Retail
Lessors Risk-Retail,Miscellaneous Retailers,Retail
Liberty Park Concession Building,Large Stadium & Arenas,Hotels/Casino/Entertainment
Library,Schools,Education
Library - Baker,Library,Govermental/Municipal
Library - Bluebonnet,Library,Govermental/Municipal
Library - Carver,Library,Govermental/Municipal
Library - Delmont Gardens,Library,Govermental/Municipal
Library - Greenwell Springs,Library,Govermental/Municipal
Library - Main  New,Library,Govermental/Municipal
LIBRARY - POLICE BUILDING 200,Library,Govermental/Municipal
Library - Rent,Library,Govermental/Municipal
Library - Scotlandville,Library,Govermental/Municipal
Library - Zachary,Library,Govermental/Municipal
Library (Old Cafeteria),Library,Govermental/Municipal
Library (recycled reads)   **DONATED BY C-P**,Library,Govermental/Municipal
Library · Jones Creek,Library,Govermental/Municipal
Library Addition,Library,Govermental/Municipal
Library Bldg,Library,Govermental/Municipal
Library- Central,Library,Govermental/Municipal
Library Outreach,Library,Govermental/Municipal
Library- River Center   DEMONISHED  AND REBUILD,Library,Govermental/Municipal
Library ,Library,Govermental/Municipal
Library*,Library,Govermental/Municipal
Library/Classrooms,Schools,Education
Life /Dorm,Mid Rise Student Housing - 5-9 stories,Habitational
Life/Dorm,Mid Rise Student Housing - 5-9 stories,Habitational
Lift Maintenance Shop,Machinery Manufacturing,Light Industry
Light Fab,Machinery Manufacturing,Light Industry
Light Fabrication - Miscellaneous textile goods and floor coverings,Textiles - Nonwoven,Light Industry
Light Fabrication & Assembly,Machinery Manufacturing,Light Industry
Light Fabrication and Assembly,Machinery Manufacturing,Light Industry
Light Fabrication and Assembly - 13,Machinery Manufacturing,Light Industry
LIGHT FABRICATION AND ASSEMBLY - OC 13,Machinery Manufacturing,Light Industry
Light Manufacturing/Assembly,Machinery Manufacturing,Light Industry
Lights/Fencing for 5 fields,Unknown,Unknown
Limited serv hotel,Full-Service Hotel,Hotels/Casino/Entertainment
Limited Service Hotel,Full-Service Hotel,Hotels/Casino/Entertainment
Limted Service Hotel,Full-Service Hotel,Hotels/Casino/Entertainment
Linder Road Pedigree Farm,Livestock Farming,Agriculture/Farming
LIONS LITTLE LEAGUE COMPLEX,Fitness and Recreational Sports Centers,Hotels/Casino/Entertainment
LIONS PARK BATTING CAGE,Fitness and Recreational Sports Centers,Hotels/Casino/Entertainment
Liquor Manufacturing,Distilleries,Food
LIQUOR STORE,Liqour Stores,Retail
Liquor Store and Bar Storage r/a: Mercantile - Sole Occupancy Only - Bars and Taverns,Liqour Stores,Retail
LIQUOR STORE/VACANT APARTMENT 2ND FLOOR,Mid Rise Apartments - 5-9 stories,Habitational
Liquor stores,Liqour Stores,Retail
Liquor/Wine Mfg,Distilleries,Food
LITERACY CENTER,Library,Govermental/Municipal
LITTLE BARN IN PASTURE,Livestock Farming,Agriculture/Farming
Live- in trailer for employee housing,Temporary Camps and Campgrounds,Hotels/Casino/Entertainment
Live Theater Stage,Cinemas,Retail
Live-in trailer for employee housing,Temporary Camps and Campgrounds,Hotels/Casino/Entertainment
Livestock Pavilion,Livestock Farming,Agriculture/Farming
Livestock Show & Fair,Unknown,Unknown
Living Qt.,Mid Rise Student Housing - 5-9 stories,Habitational
Living Quarters,Mid Rise Student Housing - 5-9 stories,Habitational
Living Well Center,Residential Care,Health Services
Livonia Office,Offices,Offices
LMHS Blood Donation Center,Home Health Care Service,Health Services
Lobo Village Community Center Bldg VIII,Governmental Office & Administration,Govermental/Municipal
Lobo Village Residence Hall Bldg 1,Mid Rise Apartments - 5-9 stories,Habitational
Lobo Village Residence Hall Bldg 2,Mid Rise Apartments - 5-9 stories,Habitational
Localizer - DMS Navigational Radio Station,Tv and Radio Stations,Communications
Locate Department and Electric Superintendent Office,Offices,Offices
LOCKSMITH SHOP,Miscellaneous Retailers,Retail
Lodge,Lodges and Clubs,Hotels/Casino/Entertainment
Lodge Bldg 1,Lodges and Clubs,Hotels/Casino/Entertainment
LOG BARN,Lodges and Clubs,Hotels/Casino/Entertainment
Log Cabin,Lodges and Clubs,Hotels/Casino/Entertainment
Log Debarker Complex,Logging,Heavy Industry
LOG HOUSE,Single Family Dwellings,Habitational
Log Pile,Logging,Heavy Industry
Log Splitter,Logging,Heavy Industry
Log Sprinkler System,Logging,Heavy Industry
Log Truck Station,Logging,Heavy Industry
Log Yard,Logging,Heavy Industry
Log Yd/Office/Truck Scale Truck Shop,Logging,Heavy Industry
Logistics - Maintenance Building,Machinery Manufacturing,Light Industry
Logs,Logging,Heavy Industry
Long Beach Cabin,Lodges and Clubs,Hotels/Casino/Entertainment
LONG MUSEUM,Museums,Hotels/Casino/Entertainment
Long Term Care,Assisted Living,Health Services
Lookout tower w/ Storage Shed - Occupied only during Fire season - Unoccupied the rest of the year,General Warehousing and Storage - Non-Hazardous,Storage and Wholesale Trade
LOR/STRIP MALL,Shopping Mall (Enclosed),Retail
Lottery office and warehouse,General Warehousing and Storage - Non-Hazardous,Storage and Wholesale Trade
Lounge,Unknown,Unknown
Lower Warehouse,General Warehousing and Storage - Non-Hazardous,Storage and Wholesale Trade
LPG Building @ Page                          Women's Healthcare Profess. Inc.                                               Internal Medicine                                   Outpatient Lab Draw,Home Health Care Service,Health Services
"LPG Cardiology #300 &401
Compliance #202
Infection Control #201
Maternal Fetal Med #203",Hospital,Health Services
LPG Pediatrics  Lehigh                                (was Assoc. in Pediatrics @ Lehigh),Hospital,Health Services
LPG Primary Care Suite 2180,Hospital,Health Services
LPG Surgery at Riverwalk (FNA Suncoast Surgical Associates),Hospital,Health Services
LRO - 6 Unit Apartments,Mid Rise Apartments - 5-9 stories,Habitational
LRO – 6 UNIT APARTMENTS,Mid Rise Apartments - 5-9 stories,Habitational
LRO - APARTMENTS,Mid Rise Apartments - 5-9 stories,Habitational
LRO – APARTMENTS,Mid Rise Apartments - 5-9 stories,Habitational
LRO – AUTO GLASS REPAIR SHOP,Auto Repair Shop Garage,Retail
LRO – AUTO MECHANIC,Auto Repair Shop Garage,Retail
LRO - AUTO REPAIR SHOP,Auto Repair Shop Garage,Retail
LRO - AUTO REPAIR STATION,Auto Repair Shop Garage,Retail
LRO – BEAUTY SALON,Miscellaneous Retailers,Retail
LRO - Bed & Breakfast,Inns/Bed and Breakfasts,Hotels/Casino/Entertainment
LRO – GARAGE,Parking Garages,Light Industry
LRO - GROCERY STORE,Supermarkets and Grocery,Retail
LRO – GROCERY STORE,Supermarkets and Grocery,Retail
LRO - Laundromat Self Service,Laundry,Retail
LRO - Law Office,Offices,Offices
LRO - Mercantile,Miscellaneous Retailers,Retail
"LRO - Occupied by Sports Bar, Martini Bar & Fondue Restaurant",Restaurants - Not Fast Food,Retail
LRO - Office,Offices,Offices
LRO - OFFICE & WAREHOUSE,General Warehousing and Storage - Non-Hazardous,Storage and Wholesale Trade
LRO - Office Building,Offices,Offices
LRO - OFFICE BUILDING - CC 0742 / OC 8,Offices,Offices
LRO - Restaurant,Restaurants - Not Fast Food,Retail
LRO - RETAIL STORES,Miscellaneous Retailers,Retail
LRO - SALON,Miscellaneous Retailers,Retail
LRO – SHOPPING CENTER,Department Stores,Retail
LRO - Supermarket,Supermarkets and Grocery,Retail
LRO – SUPERMARKET,Supermarkets and Grocery,Retail
LRO - Warehouse,General Warehousing and Storage - Non-Hazardous,Storage and Wholesale Trade
LRO – WAREHOUSE,General Warehousing and Storage - Non-Hazardous,Storage and Wholesale Trade
LRO - WAREHOUSE GENERAL STORAGE BAILEE - CC 1212 / OC 6,General Warehousing and Storage - Non-Hazardous,Storage and Wholesale Trade
LRO – WOOD MFG,Wood Products Manufacturing,Heavy Industry
LRO & APARTMENT,Mid Rise Apartments - 5-9 stories,Habitational
LRO & APARTMENTS,Mid Rise Apartments - 5-9 stories,Habitational
LRO / WAREHOUSE GENERAL STORAGE BAILEE - CC 1212 / OC 6,General Warehousing and Storage - Non-Hazardous,Storage and Wholesale Trade
LRO- 8 RESIDENTIAL UNITS AND SOCIAL CLUB,Mid Rise Apartments - 5-9 stories,Habitational
LRO AND APTS,Mid Rise Apartments - 5-9 stories,Habitational
LRO APT/VACANT,Mid Rise Apartments - 5-9 stories,Habitational
LRO Building Owner Tenant is restaurant/pizzeria on first floor. 2nd floor apartment,Restaurants - Not Fast Food,Retail
LRO Dwelling / Office / Truck Terminal,Offices,Offices
LRO FLORIST,Miscellaneous Retailers,Retail
LRO OCC BY AUTO REP,Auto Repair Shop Garage,Retail
LRO OCC BY MEETING HALL,Governmental Office & Administration,Govermental/Municipal
LRO OCC SUPERMARKET,Supermarkets and Grocery,Retail
LRO OCCUPIED BY GROCERY,Supermarkets and Grocery,Retail
LRO of Warehouse,General Warehousing and Storage - Non-Hazardous,Storage and Wholesale Trade
LRO -OFFICE & WAREHOUSE,General Warehousing and Storage - Non-Hazardous,Storage and Wholesale Trade
LRO RETAIL,Miscellaneous Retailers,Retail
LRO W/MULTI OCC INCL REST,Restaurants - Not Fast Food,Retail
LRO/3 Family Dwelling,Single Family Dwellings,Habitational
LRO/APTS,Mid Rise Apartments - 5-9 stories,Habitational
LRO/BOARDING ROOMS,Residential Care,Health Services
LRO/MERC,Miscellaneous Retailers,Retail
LRO-20 UNIT APARTMENT BUILDING,Mid Rise Apartments - 5-9 stories,Habitational
LRO-4 APARTMEMTS & RESTAURANT,Restaurants - Not Fast Food,Retail
LRO-MERC,Miscellaneous Retailers,Retail
LRO-Starbucks,Restaurants - Fast Food,Retail
LUMBER CO,Logging,Heavy Industry
Lumber Handling,Logging,Heavy Industry
Lumber Shed,General Warehousing and Storage - Non-Hazardous,Storage and Wholesale Trade
Lumber Storage,General Warehousing and Storage - Non-Hazardous,Storage and Wholesale Trade
Lumber Storage Shed,General Warehousing and Storage - Non-Hazardous,Storage and Wholesale Trade
Lumber Storage Shed (Old 516),General Warehousing and Storage - Non-Hazardous,Storage and Wholesale Trade
Lumber Storage Shed (Old 523),General Warehousing and Storage - Non-Hazardous,Storage and Wholesale Trade
Lumber Storage Shed (Old 716),General Warehousing and Storage - Non-Hazardous,Storage and Wholesale Trade
Lumber Storge,Logging,Heavy Industry
Lunch/Break Room,Unknown,Unknown
Lunchroom,Unknown,Unknown
"Luxury Apartment Community
w/ Clubhouse and
Underground Parking",Mid Rise Apartments - 5-9 stories,Habitational
"Luxury Apartment Community
w/ Clubhouse, Pool, 
Boat Storing & Moorage",Mid Rise Apartments - 5-9 stories,Habitational
Lynwood Recreation Center,Fitness and Recreational Sports Centers,Hotels/Casino/Entertainment
Machine Shop,Machinery Manufacturing,Light Industry
Machine Shop - Vacant,Mid Rise Apartments - 5-9 stories,Habitational
Machine shops,Machinery Manufacturing,Light Industry
Machine Storage,General Warehousing and Storage - Non-Hazardous,Storage and Wholesale Trade
Machinery & Equipment,General Warehousing and Storage - Non-Hazardous,Storage and Wholesale Trade
MACHINERY DEALE,Motor Vehicle Supplies and New Parts Merchant Wholesalers,Storage and Wholesale Trade
MACHINERY SHED,General Warehousing and Storage - Non-Hazardous,Storage and Wholesale Trade
MACHINERY STRG,General Warehousing and Storage - Non-Hazardous,Storage and Wholesale Trade
MADELINE PARK PAVILION,Governmental Office & Administration,Govermental/Municipal
"Main Administration, Seed Freezer and Warehouse",General Warehousing and Storage - Non-Hazardous,Storage and Wholesale Trade
Main Classroom Building,Schools,Education
MAIN CONCESSION BUILDING,Governmental Office & Administration,Govermental/Municipal
Main Downtown Library Temporary Location,Library,Govermental/Municipal
MAIN HOUSE,Single Family Dwellings,Habitational
Main Library Storage,Library,Govermental/Municipal
Main Office,Offices,Offices
Main Office - Building,Offices,Offices
Main Office - Community Center,Offices,Offices
Main Office - Dumpster Enclosure,Offices,Offices
Main Office - Monument Sign,Offices,Offices
Main Office - Pump Building,Offices,Offices
Main Office Building,Offices,Offices
Main Office for Rooster Rock State Park and District,Governmental Office & Administration,Govermental/Municipal
Main office Nortghern Europe,Offices,Offices
Main office Northern Europe,Offices,Offices
"Main Office, Meeting room, and Housing - Occupied only during Fire Season, Unoccupied rest of year.",Offices,Offices
"Main Office, Offices and Meeting Rooms",Offices,Offices
"Main Office, Residence/Sleeping Quarters, Storage, and Garage",General Warehousing and Storage - Non-Hazardous,Storage and Wholesale Trade
"Main Office, Sleeping Areas, and Meeting Rooms",Offices,Offices
Main Office/CMF,Offices,Offices
MAIN RESIDENCE,Mid Rise Apartments - 5-9 stories,Habitational
main storage,General Warehousing and Storage - Non-Hazardous,Storage and Wholesale Trade
MAIN STREET PARKING GARAGE,Parking Garages,Light Industry
Main Street Pavilion,Governmental Office & Administration,Govermental/Municipal
Main Warehouse,General Warehousing and Storage - Non-Hazardous,Storage and Wholesale Trade
"Main Warehouse, Equipment Storage, and Radio Repair",General Warehousing and Storage - Non-Hazardous,Storage and Wholesale Trade
Main/Guest House,Single Family Dwellings,Habitational
Maint Facility,General Warehousing and Storage - Non-Hazardous,Storage and Wholesale Trade
Maint storage,General Warehousing and Storage - Non-Hazardous,Storage and Wholesale Trade
Maint Work,Machinery Manufacturing,Light Industry
Maint. Building,General Warehousing and Storage - Non-Hazardous,Storage and Wholesale Trade
Maint. Shops,General Warehousing and Storage - Non-Hazardous,Storage and Wholesale Trade
Maint. Shops/Offices,Offices,Offices
MAINT/ENG/HSKPG/AUTO,Auto Dealers,Retail
Maint/Landscaping Shop (New 2005),General Warehousing and Storage - Non-Hazardous,Storage and Wholesale Trade
Maintenace Bldg,General Warehousing and Storage - Non-Hazardous,Storage and Wholesale Trade
Maintenance,Machinery Manufacturing,Light Industry
Maintenance - Restroom Building,Machinery Manufacturing,Light Industry
Maintenance - Units 29-30,Machinery Manufacturing,Light Industry
Maintenance and Operations - Work Shops,Machinery Manufacturing,Light Industry
Maintenance and Restroom Building,Machinery Manufacturing,Light Industry
Maintenance and Warehouse Building,General Warehousing and Storage - Non-Hazardous,Storage and Wholesale Trade
Maintenance Barn,Livestock Farming,Agriculture/Farming
Maintenance Barn - Storage,Livestock Farming,Agriculture/Farming
Maintenance Bldg,Machinery Manufacturing,Light Industry
Maintenance Bldg.,Machinery Manufacturing,Light Industry
Maintenance Bldg. & Equip. Storage,General Warehousing and Storage - Non-Hazardous,Storage and Wholesale Trade
"Maintenance Bldg. (2,500 sq ft of office and 3 garage bays)",Offices,Offices
Maintenance Building,Machinery Manufacturing,Light Industry
Maintenance Building - Material Handling,Machinery Manufacturing,Light Industry
Maintenance Building (CMC),Machinery Manufacturing,Light Industry
Maintenance Building (est.),Machinery Manufacturing,Light Industry
Maintenance Building 1,Machinery Manufacturing,Light Industry
Maintenance Building 2,Machinery Manufacturing,Light Industry
Maintenance Building 2 with offices,Offices,Offices
Maintenance Building 3,Machinery Manufacturing,Light Industry
Maintenance Facility,Machinery Manufacturing,Light Industry
Maintenance Facility  (CMC),Machinery Manufacturing,Light Industry
MAINTENANCE GARAGE,Machinery Manufacturing,Light Industry
Maintenance Office,Offices,Offices
Maintenance Office & Detatched Garage,Offices,Offices
Maintenance Offices & Shops,Offices,Offices
Maintenance Operations,Machinery Manufacturing,Light Industry
Maintenance Service Garage,Machinery Manufacturing,Light Industry
Maintenance Shed,General Warehousing and Storage - Non-Hazardous,Storage and Wholesale Trade
Maintenance Shed - Cofer Park,General Warehousing and Storage - Non-Hazardous,Storage and Wholesale Trade
Maintenance Shed - Henderson Park,General Warehousing and Storage - Non-Hazardous,Storage and Wholesale Trade
Maintenance Sheds (3),General Warehousing and Storage - Non-Hazardous,Storage and Wholesale Trade
Maintenance Shop,Machinery Manufacturing,Light Industry
Maintenance Shop  (2300 S. Hobson),Machinery Manufacturing,Light Industry
Maintenance Shop - Former Gymnasium,Fitness and Recreational Sports Centers,Hotels/Casino/Entertainment
MAINTENANCE SHOP #2,Machinery Manufacturing,Light Industry
Maintenance Shop & Office,Offices,Offices
Maintenance Shop & Storage,General Warehousing and Storage - Non-Hazardous,Storage and Wholesale Trade
Maintenance Shop / Equipment Storage,General Warehousing and Storage - Non-Hazardous,Storage and Wholesale Trade
Maintenance Shop 2 Story,Machinery Manufacturing,Light Industry
Maintenance Shop and crew room,Machinery Manufacturing,Light Industry
Maintenance Shop and Office,Offices,Offices
Maintenance shop and storage,General Warehousing and Storage - Non-Hazardous,Storage and Wholesale Trade
Maintenance Shop Area,Machinery Manufacturing,Light Industry
Maintenance shop equipment,Machinery Manufacturing,Light Industry
"Maintenance Shop- misc tools, equipments, and supplies",Machinery Manufacturing,Light Industry
maintenance shop store ATV Program's ATVs and trailers,Mobile Home/Chalet Manufacturing,Light Industry
Maintenance Shop- Water treatment building,Water & Sewage Treatment Facilities,Utilities
Maintenance Shops,Machinery Manufacturing,Light Industry
"Maintenance Sta Bldg, Primary",Machinery Manufacturing,Light Industry
Maintenance Sta Building,Machinery Manufacturing,Light Industry
Maintenance Station Bldg,Machinery Manufacturing,Light Industry
Maintenance Station Bldg Primary,Machinery Manufacturing,Light Industry
"Maintenance Station Bldg, Primary",Machinery Manufacturing,Light Industry
Maintenance Station Building,Machinery Manufacturing,Light Industry
Maintenance Storage,General Warehousing and Storage - Non-Hazardous,Storage and Wholesale Trade
Maintenance Storage Building,General Warehousing and Storage - Non-Hazardous,Storage and Wholesale Trade
Maintenance/Staff Housing,Machinery Manufacturing,Light Industry
MAINTENANCE/SUPPLY BUILDING,Machinery Manufacturing,Light Industry
Maintenance/Warehouse Shop,General Warehousing and Storage - Non-Hazardous,Storage and Wholesale Trade
Maintence Shop,Machinery Manufacturing,Light Industry
Maintence Shop- receiving shed,General Warehousing and Storage - Non-Hazardous,Storage and Wholesale Trade
Male Academy Museum,Museums,Hotels/Casino/Entertainment
MALL,Shopping Mall (Enclosed),Retail
Malls,Shopping Mall (Enclosed),Retail
Malls (Strip),Shopping Mall (Enclosed),Retail
Managed Care,Residential Care,Health Services
Management Office,Offices,Offices
Manager,Offices,Offices
Manager Dwelling,Single Family Dwellings,Habitational
Manager Residence,Mid Rise Apartments - 5-9 stories,Habitational
"Manager's office, training room, park office and storage",Governmental Office & Administration,Govermental/Municipal
Manager's Quarters,Mid Rise Apartments - 5-9 stories,Habitational
Manager's residence,Mid Rise Apartments - 5-9 stories,Habitational
Manatee County Convention Center,Full-Service Hotel,Hotels/Casino/Entertainment
Manatee County Fairgrounds,Amusement and Theme Parks,Hotels/Casino/Entertainment
Manatee County Golf Course,Golf Courses and Country Clubs,Hotels/Casino/Entertainment
Manatee County Jail,Correctional Institutions and Prisons,Govermental/Municipal
Manatee County Schools,Schools,Education
Manatee County Youth Academy,Schools,Education
MANLEY PARK MAINTENANCE BUILDING,Governmental Office & Administration,Govermental/Municipal
Manor Dorm (aka. The Cove),Mid Rise Student Housing - 5-9 stories,Habitational
Manufactured Housing,Single Family Dwellings,Habitational
MANUFACTURER,Machinery Manufacturing,Light Industry
Manufacturers - hazardous,Machinery Manufacturing,Light Industry
Manufacturers - Non Hazardous,Machinery Manufacturing,Light Industry
Manufacturers- non hazardous,Machinery Manufacturing,Light Industry
Manufacturers Representatives,Machinery Manufacturing,Light Industry
Manufacturing,Machinery Manufacturing,Light Industry
Manufacturing                            305820,Machinery Manufacturing,Light Industry
Manufacturing - Boats,Machinery Manufacturing,Light Industry
Manufacturing - Fiberglass,Plastics Material and Resin Manufacturing,Heavy Industry
Manufacturing - Non-Combustible,Machinery Manufacturing,Light Industry
Manufacturing (hazardous),Machinery Manufacturing,Light Industry
Manufacturing (NCI Hernando) (NEW ABC Bldg),Machinery Manufacturing,Light Industry
Manufacturing (non-hazardous),Machinery Manufacturing,Light Industry
Manufacturing / Warehouse,General Warehousing and Storage - Non-Hazardous,Storage and Wholesale Trade
Manufacturing Building 1,Machinery Manufacturing,Light Industry
Manufacturing Building 2,Machinery Manufacturing,Light Industry
Manufacturing Chemical,Machinery Manufacturing,Light Industry
Manufacturing Mineral related,Machinery Manufacturing,Light Industry
Manufacturing -Mixed,Machinery Manufacturing,Light Industry
MANUFACTURING NOC,Machinery Manufacturing,Light Industry
Manufacturing Pharmaceutical,Machinery Manufacturing,Light Industry
Manufacturing Plant,Machinery Manufacturing,Light Industry
Manufacturing Plastic,Plastics Product Manufacturing,Heavy Industry
Manufacturing -Plastics,Plastics Product Manufacturing,Heavy Industry
Manufacturing Plastics Related,Plastics Product Manufacturing,Heavy Industry
Manufacturing Wood Products,Wood Products Manufacturing,Heavy Industry
Manufacturing Woodwork,Wood Products Manufacturing,Heavy Industry
"Manufacturing, Warehousing",Machinery Manufacturing,Light Industry
Manufacturing/Office,Offices,Offices
manure bin,Support Activities For Animal Production,Agriculture/Farming
Manzanita Dorm,Mid Rise Student Housing - 5-9 stories,Habitational
MARBLE SHOP,Miscellaneous Retailers,Retail
MARC - Mechanic's Shop,Auto Repair Shop Garage,Retail
MARC - Vehicle Storage Shed,Auto Dealers,Retail
MARC - Vehicle Storage/Workshop,Machinery Manufacturing,Light Industry
MARC-Office,Offices,Offices
Marina,Marinas,Transportation
Marina Building and Slots,Marinas,Transportation
MARINA SHOWERS/LAUNDRY,Marinas,Transportation
Marina store run by concessionaire,Miscellaneous Retailers,Retail
Marinas,Marinas,Transportation
Marine Berth,Marinas,Transportation
Marine Dock,Piers and Wharves,Transportation
Marine Pier,Piers and Wharves,Transportation
Marine Supply Store,Miscellaneous Retailers,Retail
Marinship Park,Lodges and Clubs,Hotels/Casino/Entertainment
Maritime Building,Marinas,Transportation
MARITIME MUSEUM,Museums,Hotels/Casino/Entertainment
MARKET & RESTAR,Supermarkets and Grocery,Retail
Market Rate Apartments,Mid Rise Apartments - 5-9 stories,Habitational
MARKET STREET PAVILION,Governmental Office & Administration,Govermental/Municipal
Marketing Building,Offices,Offices
Marketing Department,Supermarkets and Grocery,Retail
Mars Theatre,Cinemas,Retail
MARSHALL BUREAU BUILDING,Governmental Office & Administration,Govermental/Municipal
Martin Theatre,Cinemas,Retail
Master Control Center @ Boiler Room,Offices,Offices
Material and equipment storage,General Warehousing and Storage - Non-Hazardous,Storage and Wholesale Trade
material storage,General Warehousing and Storage - Non-Hazardous,Storage and Wholesale Trade
MATERIAL STORAGE BINS,General Warehousing and Storage - Non-Hazardous,Storage and Wholesale Trade
Materials and equipment storage,General Warehousing and Storage - Non-Hazardous,Storage and Wholesale Trade
MAUSOLEUM,"Church, Mosque or Synagogue",Religious/Churches
Mausoleum 3,"Church, Mosque or Synagogue",Religious/Churches
Mausoleum 4,"Church, Mosque or Synagogue",Religious/Churches
Mausoleum 5,"Church, Mosque or Synagogue",Religious/Churches
Mausoleums 1 and 2,"Church, Mosque or Synagogue",Religious/Churches
Mayor Office,Offices,Offices
Mayors Park Pavilion 1,Governmental Office & Administration,Govermental/Municipal
Mayors Park Pavilion 2,Governmental Office & Administration,Govermental/Municipal
MCARTHUR BALLROOM,Full-Service Hotel,Hotels/Casino/Entertainment
McCord Academy - Golf Studio,Golf Courses and Country Clubs,Hotels/Casino/Entertainment
MCDOWELL WAREHOUSE,General Warehousing and Storage - Non-Hazardous,Storage and Wholesale Trade
Meat Packing,Slaughterhouse - Not Poultry,Food
"Meat, Fish, Poultry or Seafood Stores",Poultry Hatcheries,Agriculture/Farming
"Meat, Fish, Poultry, or Seafood Processing",Poultry Hatcheries,Agriculture/Farming
MECHANIC SHOP,Miscellaneous Retailers,Retail
Mechanical Building ,Auto Repair Shop Garage,Retail
"MED PLAZA 1
MSO Services, Peds Neurology, Sys Learning & Dev/Clinical Learning/ Lee Phys Serv., Heart Group, and sub-lease to CMS",Home Health Care Service,Health Services
Medallion Manufacturing Equiptment,Machinery Manufacturing,Light Industry
Media,Tv and Radio Stations,Communications
Media/Art,Tv and Radio Stations,Communications
Media/Art/Music,Tv and Radio Stations,Communications
Media/Car. Ed,Tv and Radio Stations,Communications
Media/Classrooms,Schools,Education
Media/Clrms,Tv and Radio Stations,Communications
Media/Radio Equipment,Tv and Radio Stations,Communications
Media/Voc. Tech.,Tv and Radio Stations,Communications
Media/Voc.Tech.,Tv and Radio Stations,Communications
Medical,Home Health Care Service,Health Services
Medical and health services,Home Health Care Service,Health Services
MEDICAL BUILDING,Home Health Care Service,Health Services
Medical Clinic,Home Health Care Service,Health Services
Medical Equip,Home Health Care Service,Health Services
Medical Forensic Facility,Medical Office,Health Services
Medical office,Medical Office,Health Services
Medical office (timeshare - 1 days/week),Medical Office,Health Services
Medical office (timeshare - 2 days/week),Medical Office,Health Services
Medical Office / ASC Procedure Suite,Medical Office,Health Services
MEDICAL OFFICE 60% / OFFICE BUILDING 40%,Medical Office,Health Services
Medical office and ASC,Medical Office,Health Services
Medical office and central lab,Medical Office,Health Services
Medical Office Building,Medical Office,Health Services
Medical Office Building I,Medical Office,Health Services
MEDICAL OFFICE- CC 0922 / OC 9,Medical Office,Health Services
MEDICAL OFFICE- VACANT,Mid Rise Apartments - 5-9 stories,Habitational
Medical offices,Medical Office,Health Services
Medical Offices- Lessors Risk,Offices,Offices
"Medical Officeuite ,med spa",Fitness and Recreational Sports Centers,Hotels/Casino/Entertainment
Medical Plaza IV,Home Health Care Service,Health Services
Medical services,Home Health Care Service,Health Services
Medical services clinic,Medical Office,Health Services
Medical/Business,Home Health Care Service,Health Services
Medical/Health Care Services,Home Health Care Service,Health Services
Medical/Retail,Home Health Care Service,Health Services
Medication Supplies,Home Health Care Service,Health Services
Medium Size & Hazard Manufacturing,Machinery Manufacturing,Light Industry
Meeetin/Office - Lease,Offices,Offices
meeeting loc/pastors home,Single Family Dwellings,Habitational
Meek Street Pump Station,Gas Petrol Stations,Retail
Meeting and Office Space,Offices,Offices
Meeting Center,Full-Service Hotel,Hotels/Casino/Entertainment
Meeting Facility,Full-Service Hotel,Hotels/Casino/Entertainment
MEETING HALL,Full-Service Hotel,Hotels/Casino/Entertainment
Meeting Location - Church Plant - Lease,"Church, Mosque or Synagogue",Religious/Churches
Meeting Location - Church Plant - Rent,"Church, Mosque or Synagogue",Religious/Churches
Meeting Location - Lease / School,Schools,Education
Meeting Location - Offices-Leased,Offices,Offices
Meeting Location - Pastor's Home,Single Family Dwellings,Habitational
Meeting Location - Pastor's Home - Rent,Single Family Dwellings,Habitational
Meeting Location / Office - Lease,Offices,Offices
Meeting Location/Office,Offices,Offices
Meeting Location/Office - Lease,Offices,Offices
Meeting Location/Office - Leased,Offices,Offices
Meeting Location/Office - Rent,Offices,Offices
Meeting location/Office/Classrooms Building 1,Schools,Education
Meeting Location/Office/Pastor's Home - Rent,Offices,Offices
Meeting Location/Offices - Lease,Offices,Offices
Meeting Location/Pastor's Hm. - Rent,Single Family Dwellings,Habitational
Meeting Location/Pastor's Home,Single Family Dwellings,Habitational
Meeting Location/Pastor's Home/Office - Rent,Offices,Offices
Meeting Location/Storage,General Warehousing and Storage - Non-Hazardous,Storage and Wholesale Trade
Meeting Location-Office  Lease,Offices,Offices
Meeting Room/Storage,General Warehousing and Storage - Non-Hazardous,Storage and Wholesale Trade
Meeting/Office,Offices,Offices
Meeting/Office - Lease,Offices,Offices
Meeting/Office Location,Offices,Offices
Meeting/Office/Lease,Offices,Offices
Meeting/Office/Pastor's Home,Offices,Offices
Meeting/Pastor's Home,Single Family Dwellings,Habitational
Meetings/Office/Pastor's Home,Offices,Offices
Member Laundry,Laundry,Retail
Member Laundry - Section 3,Laundry,Retail
Member Laundry - Section 6,Laundry,Retail
Membership & Recreation Club - 10,Fitness and Recreational Sports Centers,Hotels/Casino/Entertainment
Membership sports and recreation clubs,Fitness and Recreational Sports Centers,Hotels/Casino/Entertainment
Memorial Garden- Gazebo,Governmental Office & Administration,Govermental/Municipal
Memorial Garden- Santa's Garden Fountain,Governmental Office & Administration,Govermental/Municipal
MEMORIAL PARK SMALL PAVILIONS (5),Governmental Office & Administration,Govermental/Municipal
MEMORIAL PLAYGROUND/GAZEBO,Fitness and Recreational Sports Centers,Hotels/Casino/Entertainment
Men's Ministry,"Church, Mosque or Synagogue",Religious/Churches
Men's Shelter Offices,Offices,Offices
MERC,Miscellaneous Retailers,Retail
MERC & 2 APTS,Mid Rise Apartments - 5-9 stories,Habitational
MERC & 7 APTS,Mid Rise Apartments - 5-9 stories,Habitational
MERC & APTS,Mid Rise Apartments - 5-9 stories,Habitational
MERC/APT,Mid Rise Apartments - 5-9 stories,Habitational
MERC/RESTAURANT BILLBOARD,Restaurants - Not Fast Food,Retail
Mercantile,Miscellaneous Retailers,Retail
Mercantile - Lessors Risk Only,Miscellaneous Retailers,Retail
Mercantile - Multiple Occupancy with 0564 Occupant,Miscellaneous Retailers,Retail
Mercantile - Multiple Occupancy without 0564 Occupant,Miscellaneous Retailers,Retail
Mercantile - Sole Occupancy Only - Alcoholic Beverages other tha,Miscellaneous Retailers,Retail
"Mercantile - Sole Occupancy Only - Baking on Premises, No Delive",Bakeries - Retail,Retail
Mercantile - Sole Occupancy Only - Bars and Taverns,"Lounges, Night Clubs, Discos",Retail
Mercantile - Sole Occupancy Only - Boat and Marine Supply Dealer,Boat Dealers,Retail
Mercantile - Sole Occupancy Only - Drugs,Pharmacies and Drug Stores,Retail
"Mercantile - Sole Occupancy Only - Electrical Goods, Hardware an",Miscellaneous Retailers,Retail
"Mercantile - Sole Occupancy Only - Food Products, Retail Bakerie",Bakeries - Commercial,Food
Mercantile - Sole Occupancy Only - Furniture and Home Furnishing,Home Furnishing Stores,Retail
Mercantile - Sole Occupancy Only - Jewelry,Miscellaneous Retailers,Retail
Mercantile - Sole Occupancy Only - Not Otherwise Classified - Hi,Miscellaneous Retailers,Retail
Mercantile - Sole Occupancy Only - Not Otherwise Classified - Lo,Miscellaneous Retailers,Retail
Mercantile - Sole Occupancy Only - Not Otherwise Classified - Mo,Miscellaneous Retailers,Retail
Mercantile - Sole Occupancy Only - Sporting Goods,Miscellaneous Retailers,Retail
"Mercantile - Sole Occupancy Only - Tire, Battery and Accessory D",Auto Parts,Retail
"Mercantile - Sole Occupancy Only - Wearing Apparel, Textiles, Sh",Miscellaneous Retailers,Retail
Mercantile & Apartments,Mid Rise Apartments - 5-9 stories,Habitational
MERCANTILE & APTS,Mid Rise Apartments - 5-9 stories,Habitational
Mercantile/Office bldg w/ one residential apt,Offices,Offices
MERCANTILE-LRO ONLY,Miscellaneous Retailers,Retail
MERCANTILES,Miscellaneous Retailers,Retail
Merideth Gymnasium,Fitness and Recreational Sports Centers,Hotels/Casino/Entertainment
METAL & GLASS CONTRACTOR,Metal Product Manufacturing,Light Industry
Metal and Minerals Processing,Metal Product Manufacturing,Light Industry
METAL CASTING,Metal Product Manufacturing,Light Industry
Metal Dealers or Distributors - nonstructural - Other metal products,Metal Product Manufacturing,Light Industry
METAL FABICATIO,Metal Product Manufacturing,Light Industry
Metal Fabrication,Metal Product Manufacturing,Light Industry
Metal Goods Manufacturing - Stamping,Metal Product Manufacturing,Light Industry
Metal Hangar-Gated Entry,Metal Product Manufacturing,Light Industry
Metal Office and Storage Building,General Warehousing and Storage - Non-Hazardous,Storage and Wholesale Trade
Metal Processing,Metal Product Manufacturing,Light Industry
Metal Scrap Dealers,Metal Product Manufacturing,Light Industry
Metal Scrap Dealers – Iron or Steel,Miscellaneous Retailers,Retail
Metal Shop,Metal Product Manufacturing,Light Industry
Metal Worker - Non Molten,Metal Product Manufacturing,Light Industry
METAL WORKS SHOP,Metal Product Manufacturing,Light Industry
Metals and Minerals Processing,Metal Product Manufacturing,Light Industry
Metals and Minerals Processing - 16,Metal Product Manufacturing,Light Industry
Metals Recovery/Dry Precipitated Filder Cake with semi-precious metals operation,Metal Product Manufacturing,Light Industry
Metalworking/fabrication,Metal Product Manufacturing,Light Industry
Methadone Clinic,Medical Office,Health Services
Methodist Church,"Church, Mosque or Synagogue",Religious/Churches
Metro Med Plaza Asthma,Home Health Care Service,Health Services
Metro Outpatient Center,Outpatient Care Centers,Health Services
MFG,Machinery Manufacturing,Light Industry
MFG Componenet Window Parts,Machinery Manufacturing,Light Industry
MFG Doors & windows,Machinery Manufacturing,Light Industry
Mfg Window & Doors,Machinery Manufacturing,Light Industry
Mfg Windows & Distribution,Machinery Manufacturing,Light Industry
mfg/office,Offices,Offices
mfg/warehouse,General Warehousing and Storage - Non-Hazardous,Storage and Wholesale Trade
Micro Hospital,Hospital,Health Services
Mics Storage & Boiler,General Warehousing and Storage - Non-Hazardous,Storage and Wholesale Trade
Middle Dockside Office and Rest Room,Offices,Offices
Middle School,Schools,Education
Mill Yards,Sawmill,Heavy Industry
Mini  Golf,Golf Courses and Country Clubs,Hotels/Casino/Entertainment
Mini Market,Supermarkets and Grocery,Retail
Mini Storage,General Warehousing and Storage - Non-Hazardous,Storage and Wholesale Trade
Mini Warehouses,General Warehousing and Storage - Non-Hazardous,Storage and Wholesale Trade
Mining,Metal Below,Mining
Mining - 21,Non-Metal Below,Mining
Mini-Storage,General Warehousing and Storage - Non-Hazardous,Storage and Wholesale Trade
Ministorage Bldg,General Warehousing and Storage - Non-Hazardous,Storage and Wholesale Trade
Mini-storage facilities,General Warehousing and Storage - Non-Hazardous,Storage and Wholesale Trade
Ministry Center - Leased,"Church, Mosque or Synagogue",Religious/Churches
Ministry House,Single Family Dwellings,Habitational
MINI-WAREHOUSE- CC 1220 / OC 6,General Warehousing and Storage - Non-Hazardous,Storage and Wholesale Trade
Mini-Warehouse/Storage,General Warehousing and Storage - Non-Hazardous,Storage and Wholesale Trade
Minnie Corbitt Museum,Museums,Hotels/Casino/Entertainment
Miracle Recreation - Playground Equip,Fitness and Recreational Sports Centers,Hotels/Casino/Entertainment
"Misc Equipment-12k, Storage Container-2k",General Warehousing and Storage - Non-Hazardous,Storage and Wholesale Trade
Miscellaneous,Unknown,Unknown
Miscellaneous Products Storage - (Other Than Retail Or Wholesale,General Warehousing and Storage - Non-Hazardous,Storage and Wholesale Trade
Miscellaneous/Other - 39,Unknown,Unknown
MISSION SPORTS CENTER,Fitness and Recreational Sports Centers,Hotels/Casino/Entertainment
Missional - Church,"Church, Mosque or Synagogue",Religious/Churches
Missional - Church/Pole Barn,Livestock Farming,Agriculture/Farming
Missional - Office,Offices,Offices
Mitchell House Condominium,Single Family Dwellings,Habitational
Mixed Mercantile - LRO,Miscellaneous Retailers,Retail
Mixed Retail Center,Miscellaneous Retailers,Retail
MIXED USE ( 2 APARTMENTS & CHURCH),"Church, Mosque or Synagogue",Religious/Churches
MIXED USE ( 2APARTMENTS &CHURCH),"Church, Mosque or Synagogue",Religious/Churches
MIXED USE (2 APARTMENTS & CHURCH),"Church, Mosque or Synagogue",Religious/Churches
Mixed Use Building - Residential Apartments & Warehouse,General Warehousing and Storage - Non-Hazardous,Storage and Wholesale Trade
Mixed use LRO & Apartment,Mid Rise Apartments - 5-9 stories,Habitational
MIXED USE LRO & APARTMENTS,Mid Rise Apartments - 5-9 stories,Habitational
MIXED USE LRO &APARTMENTS,Mid Rise Apartments - 5-9 stories,Habitational
MIXED USE LRO (APARTMENT & CHURCH),"Church, Mosque or Synagogue",Religious/Churches
MIXED USE LRO (APARTMENTS & RESTAURANT),Restaurants - Not Fast Food,Retail
MIXED USE LRO RESTAURANT AND APARTMENT,Restaurants - Not Fast Food,Retail
MIXED USE LRO(APARTMENT & CHURCH),"Church, Mosque or Synagogue",Religious/Churches
Mixed-Use LRO - Apartments & Merc,Mid Rise Apartments - 5-9 stories,Habitational
Mixed-Use LRO & Apartments,Mid Rise Apartments - 5-9 stories,Habitational
Mixed-Use LRO (Apartments & Store),Mid Rise Apartments - 5-9 stories,Habitational
MIXED-USE LRO (OFFICE & GARAGE),Offices,Offices
MIXED-USE ONE-FAMILY DWELLING & DAY CARE,Schools,Education
MLK and Roquamore Drive Water Treatment Plant - Well,Water & Sewage Treatment Facilities,Utilities
MLK Memorial Park,Governmental Office & Administration,Govermental/Municipal
MOB & Diagnostic,Home Health Care Service,Health Services
"MOB, Diagnostics, Occupational Med, P.T.",Home Health Care Service,Health Services
"MOB, ER and Diagnostic",Home Health Care Service,Health Services
Mobile Classroom1,Schools,Education
Mobile Classroom2,Schools,Education
Mobile Clinic,Home Health Care Service,Health Services
Mobile Home,Single Family Dwellings,Habitational
Mobile Home #125,Single Family Dwellings,Habitational
Mobile Home #126,Single Family Dwellings,Habitational
Mobile Home #127,Single Family Dwellings,Habitational
Mobile Home #197,Single Family Dwellings,Habitational
Mobile Home Dbl. 28x62 Hudspeth Co.,Single Family Dwellings,Habitational
Mobile Home Park,Temporary Camps and Campgrounds,Hotels/Casino/Entertainment
Mobile Home Park - 1969 Safway #1066,Temporary Camps and Campgrounds,Hotels/Casino/Entertainment
Mobile Home Park - Clubhouse,Temporary Camps and Campgrounds,Hotels/Casino/Entertainment
Mobile Home Park - Dwelling,Temporary Camps and Campgrounds,Hotels/Casino/Entertainment
Mobile Home Park - Owner Occupied Dwelling,Temporary Camps and Campgrounds,Hotels/Casino/Entertainment
Mobile Home Park (5 mobile homes),Temporary Camps and Campgrounds,Hotels/Casino/Entertainment
Mobile Home/Office,Offices,Offices
Mobile Office,Offices,Offices
Mobile Office  (inside Bldg. 304),Offices,Offices
Mobile Office  (MH Lunch Room),Offices,Offices
Mobile Office  (MWO Shelter),Offices,Offices
Mobile Office (inside Bldg. 402),Offices,Offices
Mobile Office (Williams),Offices,Offices
MOBILE OFFICE FOR INSMATES (36 X 10),Offices,Offices
Mobile Office with wooden deck  (Williams),Offices,Offices
Mobile Offices (3),Offices,Offices
Mobile-Office,Offices,Offices
Modular - Office/Institue Classes,Offices,Offices
Modular Administration Bldg,Offices,Offices
Modular Bldgs (8-16 clsrms 1 admin),Offices,Offices
Modular Dbl Classroom Bldgs (2),Schools,Education
Modular Dbl Classroom Bldgs (5),Schools,Education
MODULAR HOUSE,Single Family Dwellings,Habitational
Modular Housing (ILA Breakroom),Single Family Dwellings,Habitational
Modular Housing (ILA Breakroom) (Berth 2),Single Family Dwellings,Habitational
Modular Housing (ILA Breakroom) (Berth 3),Single Family Dwellings,Habitational
Modular Office,Offices,Offices
Modular Office  -  SN89211975,Offices,Offices
Modular Office Building,Offices,Offices
Modular Office S/N 8920193 (USDA),Offices,Offices
Modular Office Unit,Offices,Offices
Modular Offices,Offices,Offices
Modular/Office,Offices,Offices
Monte Vista Crossing Shopping Center,Shopping Mall (Enclosed),Retail
MONUMENT,Governmental Office & Administration,Govermental/Municipal
Moore Cove Farm,Livestock Farming,Agriculture/Farming
Moore Road Farm,Livestock Farming,Agriculture/Farming
Morgan Elem/Classrooms,Schools,Education
Morgan Elem/GYM-HVAC,Schools,Education
Morgan Elementary - Gym,Schools,Education
Morgan Elementary - Marquee,Schools,Education
Morgan Elementary - Outdoor classrom,Schools,Education
Morgan Elementary - Playground Equipment,Schools,Education
Morgan Elementary/GYM,Schools,Education
Morgan University Center,Universities and Colleges,Education
Morocco Shrine Center,"Church, Mosque or Synagogue",Religious/Churches
Motel,Motels,Hotels/Casino/Entertainment
Motel Risk,Motels,Hotels/Casino/Entertainment
Motel Storage/Laundry r/a: Motels and Hotels without Cooking - Over 30 Units,General Warehousing and Storage - Non-Hazardous,Storage and Wholesale Trade
Motel With Pool,Motels,Hotels/Casino/Entertainment
"MOTEL, COTTAGE",Motels,Hotels/Casino/Entertainment
Motel/Chair Terminal,Motels,Hotels/Casino/Entertainment
Motels,Motels,Hotels/Casino/Entertainment
Motels (Limited service),Motels,Hotels/Casino/Entertainment
Motels and Hotels with cooking - 11-30 units,Motels,Hotels/Casino/Entertainment
Motels and Hotels with cooking - Over 30 units,Motels,Hotels/Casino/Entertainment
Motels and Hotels with cooking- Up to 10 units,Motels,Hotels/Casino/Entertainment
MOTELS AND HOTELS WITH RESTAURANT - OVER 30 UNITS -CC 0744 / OC 3,Motels,Hotels/Casino/Entertainment
MOTELS AND HOTELS WITH RESTAURANT - UP TO 10 UNITS - CC 0742 / OC 3,Motels,Hotels/Casino/Entertainment
Motels and Hotels without Cooking - 11-30 Units,Motels,Hotels/Casino/Entertainment
Motels and Hotels without Cooking - Over 30 Units,Motels,Hotels/Casino/Entertainment
Motels and Hotels without Cooking - Up to 10 Units,Motels,Hotels/Casino/Entertainment
MOTELS AND HOTELS WITHOUT RESTAURANT - 11 TO 30 UNITS - CC 0746 / OC 3,Motels,Hotels/Casino/Entertainment
MOTELS AND HOTELS WITHOUT RESTAURANT - OVER 30 UNITS - CC 0747 / OC 3,Motels,Hotels/Casino/Entertainment
Motion Picture Lab,Tv and Radio Stations,Communications
Motor Control Bldg,Offices,Offices
Motor Pool and Repair Shop and fitness building,Fitness and Recreational Sports Centers,Hotels/Casino/Entertainment
Motor Service & Repair,Auto Repair Shop Garage,Retail
"Motor Vehicle and Aircraft Repair, with or without Sales",Auto Repair Shop Garage,Retail
MOTORCYCLE SHOP,Auto Dealers,Retail
MRI,Home Health Care Service,Health Services
Mtg/Office,Offices,Offices
Mtg/Office/Pastor's Home,Offices,Offices
MULTI FAMILIY,Mid Rise Apartments - 5-9 stories,Habitational
MULTI FAMILY,Mid Rise Apartments - 5-9 stories,Habitational
Multi family Dwelling -- other than apartment/condo,Mid Rise Apartments - 5-9 stories,Habitational
Multi Family Housing,Mid Rise Apartments - 5-9 stories,Habitational
Multi Family Units,Mid Rise Apartments - 5-9 stories,Habitational
MULTI FAMLIY,Mid Rise Apartments - 5-9 stories,Habitational
MULTI FAMLY,Mid Rise Apartments - 5-9 stories,Habitational
"Multi Retail shop center,
16 Bldgs 
Costco's/Ground Lease",Shopping Mall (Enclosed),Retail
Multi Tenant Retail Office,Offices,Offices
Multi-Family,Mid Rise Apartments - 5-9 stories,Habitational
Multifamily Apartments,Mid Rise Apartments - 5-9 stories,Habitational
Multi-Family Dwelling - Condominuim Unit Owner,Mid Rise Apartments - 5-9 stories,Habitational
Multi-Family Dwelling- Condominium Unit Owner,Mid Rise Apartments - 5-9 stories,Habitational
Multi-Family Dwelling – Homeowners Association,Mid Rise Apartments - 5-9 stories,Habitational
Multifamily Residential,Mid Rise Apartments - 5-9 stories,Habitational
Multi-family student housing,Mid Rise Student Housing - 5-9 stories,Habitational
"Multiple buildings - Office, event space, barns",Offices,Offices
MULTIPLE RESIDENCE,Mid Rise Apartments - 5-9 stories,Habitational
Multi-Tenant,Motels,Hotels/Casino/Entertainment
Multi-tenant office,Offices,Offices
"Multi-Tenant Retail Strip Shopping Center, includes Rite Aid Drug Store, Auto Parts Center, and Misc. Small Shops.  (Real Property occupied by Rite Aid not included.)",Department Stores,Retail
"Multi-Tenanted Office
Bldg. 
(Leased Offices)",Offices,Offices
Municipal - Other,Governmental Office & Administration,Govermental/Municipal
Municipal Annex,Governmental Office & Administration,Govermental/Municipal
MUNICIPAL BUILDING,Governmental Office & Administration,Govermental/Municipal
Municipal Building - City Hall,Governmental Office & Administration,Govermental/Municipal
MUNICIPAL BUILDING - CIVIC CENTER,Governmental Office & Administration,Govermental/Municipal
Municipal Building - Demolished,Governmental Office & Administration,Govermental/Municipal
Municipal Building - Fire Station,Governmental Office & Administration,Govermental/Municipal
Municipal Court,Governmental Office & Administration,Govermental/Municipal
MUNICIPAL COURT - POLICE STATION,Governmental Office & Administration,Govermental/Municipal
Municipal Court Building,Governmental Office & Administration,Govermental/Municipal
MUNICIPAL COURT-LEASED,Governmental Office & Administration,Govermental/Municipal
Municipal Courts Building,Governmental Office & Administration,Govermental/Municipal
Municipalities,Governmental Office & Administration,Govermental/Municipal
Museum,Museums,Hotels/Casino/Entertainment
MUSEUM - FORMER RESIDENCE,Mid Rise Apartments - 5-9 stories,Habitational
Museum (historic bldg),Museums,Hotels/Casino/Entertainment
Museum and housing of historical materials Public Access - Manned by Volunteers,Museums,Hotels/Casino/Entertainment
MUSEUM BUILDING,Museums,Hotels/Casino/Entertainment
Museum for profit,Museums,Hotels/Casino/Entertainment
MUSEUM LAMB'S PRINT SHOP,Museums,Hotels/Casino/Entertainment
Museum Of the Bing Bend,Museums,Hotels/Casino/Entertainment
Museum Pavilion,Governmental Office & Administration,Govermental/Municipal
Museum Restroom Building,Museums,Hotels/Casino/Entertainment
MUSEUM STORAGE,General Warehousing and Storage - Non-Hazardous,Storage and Wholesale Trade
Museums,Museums,Hotels/Casino/Entertainment
MUSEUMS - CC 1051 / OC 10,Museums,Hotels/Casino/Entertainment
Museums - Not-For-Profit Only - Building - Commercial,Museums,Hotels/Casino/Entertainment
Museums - Other than Not-For-Profit only - Building - Commercial,Museums,Hotels/Casino/Entertainment
"Museums, Libraries, Art Galleries (Non-Profit)",Museums,Hotels/Casino/Entertainment
Music,Schools,Education
Music Bldg,Schools,Education
Music Bldg Wing,Schools,Education
Music Room/Library,Schools,Education
Music Store,Miscellaneous Retailers,Retail
Music/Art,Schools,Education
Music/Art Bldg (adj to Gym),Schools,Education
MUTLI FAMILY,Mid Rise Apartments - 5-9 stories,Habitational
MYAKKA COMMUNITY CENTER,Governmental Office & Administration,Govermental/Municipal
N,Mid Rise Apartments - 5-9 stories,Habitational
N/A,Mid Rise Apartments - 5-9 stories,Habitational
Nail Salon,Miscellaneous Retailers,Retail
Nail Salons,Miscellaneous Retailers,Retail
NAPA Auto Parts Building,Auto Dealers,Retail
NATHAN DEAN COMMUNITY CENTER,Governmental Office & Administration,Govermental/Municipal
Natural Gas Office,Offices,Offices
NDB STATION - RADIO STATION,Tv and Radio Stations,Communications
Neighborhood Center,Governmental Office & Administration,Govermental/Municipal
NEIGHBORHOOD SHOPPING CENTER,Strip Mall,Retail
NEIGHBORHOOD SHOPPING CTR,Strip Mall,Retail
Neon Dutch Mill Motel Sign in Parson's Alley,Motels,Hotels/Casino/Entertainment
NETTING-BASEBALL COMPLEX,Fitness and Recreational Sports Centers,Hotels/Casino/Entertainment
New Admin Addition,Offices,Offices
New Admin Area,Offices,Offices
New Admin entry addition,Offices,Offices
New Admnistrative Building,Offices,Offices
New Building Office/Storage,General Warehousing and Storage - Non-Hazardous,Storage and Wholesale Trade
NEW CALVING BARN,Livestock Farming,Agriculture/Farming
New Church Building/Gym,Fitness and Recreational Sports Centers,Hotels/Casino/Entertainment
New Church location,"Church, Mosque or Synagogue",Religious/Churches
New Classroom Wing 100,Schools,Education
New Classroom Wing 200,Schools,Education
New Fire Station,Governmental Office & Administration,Govermental/Municipal
New Fire Station 2,Governmental Office & Administration,Govermental/Municipal
New Gym,Fitness and Recreational Sports Centers,Hotels/Casino/Entertainment
New Headquarters,Offices,Offices
New High School,Schools,Education
NEW HOUSE,Single Family Dwellings,Habitational
NEW KIDS POOL,Fitness and Recreational Sports Centers,Hotels/Casino/Entertainment
New Lab Building,Laboratories,Health Services
New Library,Library,Govermental/Municipal
New Office,Offices,Offices
New Office & Pavement,Offices,Offices
New School,Schools,Education
NEW STORAGE BUILDING,General Warehousing and Storage - Non-Hazardous,Storage and Wholesale Trade
NEW STORAGE HOUSE,General Warehousing and Storage - Non-Hazardous,Storage and Wholesale Trade
New Town Hall,Governmental Office & Administration,Govermental/Municipal
NEW TOWN HALL - BUILDERS RISK,Governmental Office & Administration,Govermental/Municipal
Newman Farm,Livestock Farming,Agriculture/Farming
NFP MUSEUM,Museums,Hotels/Casino/Entertainment
Nightclub,"Lounges, Night Clubs, Discos",Retail
Non Owner,Single Family Dwellings,Habitational
Non Profit Org,Governmental Office & Administration,Govermental/Municipal
NONFERROUS METAL REFINER & JEWELRY SALES,Metal Product Manufacturing,Light Industry
North Classrooms,Schools,Education
North Dock Office and Rest Room,Offices,Offices
North Dockside Office,Offices,Offices
North Egg Production Center,Chicken Egg Production,Agriculture/Farming
NORTH PARKING COMPLEX (449 spaces),Parking Garages,Light Industry
North Parking Garage,Parking Garages,Light Industry
North Pavilion,Lodges and Clubs,Hotels/Casino/Entertainment
North Tower Office Bldg (1),Offices,Offices
Northside Plaza Strip Center,Strip Mall,Retail
Northside Wastewater Treatment Plant,Miscellaneous Waste Management,Heavy Industry
Nuclear Pharmacy,Pharmacies and Drug Stores,Retail
NULL,Unknown,Unknown
Nursery - garden (not greenhouses),Nurseries and Garden Centers,Retail
Nursery -garden( not greenhouses),Nurseries and Garden Centers,Retail
Nursing & Classroom Building,Schools,Education
Nursing And Convalescent Homes,Nursing Home,Health Services
Nursing Home,Nursing Home,Health Services
Nursing Homes,Nursing Home,Health Services
Nursing Homes - Skilled Nursing Care Facilities,Nursing Home,Health Services
Nut/Seed Prod Mfg,Nut Roasting - Including Peanut Butter,Food
NYLON MNFG,Plastics Material and Resin Manufacturing,Heavy Industry
Oak Dorm,Mid Rise Student Housing - 5-9 stories,Habitational
Oakdale Community Center,Governmental Office & Administration,Govermental/Municipal
OAKWOOD CITY PARK,Lodges and Clubs,Hotels/Casino/Entertainment
Oberservatory Classrooms,Schools,Education
Oberservatory Telescope,Unknown,Unknown
Observation & Laundry Bldg,Laundry,Retail
OCC AS MARBLE WAREHOUSE,General Warehousing and Storage - Non-Hazardous,Storage and Wholesale Trade
OCC BT LAUNDROMAT DELI,Supermarkets and Grocery,Retail
OCC BY GROCERT,Supermarkets and Grocery,Retail
OCCUP BY AUTO REPAIR,Auto Repair Shop Garage,Retail
Ocean Marine Insurance,Piers and Wharves,Transportation
Oconee Gymnasium,Fitness and Recreational Sports Centers,Hotels/Casino/Entertainment
Oconee Post Office,Offices,Offices
ODFW Headquarters/Offices/Storage,General Warehousing and Storage - Non-Hazardous,Storage and Wholesale Trade
"Off, Whs, Mfg",General Warehousing and Storage - Non-Hazardous,Storage and Wholesale Trade
Off/Café/Classrooms,Schools,Education
OFF/WAREHSE/INTERNET/WEB,General Warehousing and Storage - Non-Hazardous,Storage and Wholesale Trade
Offfices/Repair,Auto Repair Shop Garage,Retail
OFFICE,Offices,Offices
Office                                             3672,Offices,Offices
Office  (Brumby St.),Offices,Offices
Office - Americus,Offices,Offices
OFFICE - CONCESSION BUILDING,Offices,Offices
Office - Ellaville,Offices,Offices
Office - Garage,Offices,Offices
OFFICE - GAS DEPARTMENT,Offices,Offices
Office - General,Offices,Offices
Office - GM Lake Orion,Offices,Offices
Office - Lab,Offices,Offices
Office - Lease,Offices,Offices
Office - Leased,Offices,Offices
Office - Leasehold Improvements,Offices,Offices
OFFICE - LRO,Offices,Offices
Office - Maintenance Building,Offices,Offices
Office - Pastor Home,Offices,Offices
Office - Pastor's Home - Rent,Offices,Offices
Office - Pump Station,Offices,Offices
Office - Rent,Offices,Offices
Office - Rental,Offices,Offices
Office - Rented Out,Offices,Offices
OFFICE - RESTROOM - CONCESSION BUILDING,Offices,Offices
Office - School Bldg,Schools,Education
Office - Storage 1 - Aldine,General Warehousing and Storage - Non-Hazardous,Storage and Wholesale Trade
Office - Storage Building,General Warehousing and Storage - Non-Hazardous,Storage and Wholesale Trade
OFFICE - TEMPORARY CITY HALL,Offices,Offices
Office - Training Center,Offices,Offices
Office - Units 1-2,Offices,Offices
Office - Warehouse,General Warehousing and Storage - Non-Hazardous,Storage and Wholesale Trade
OFFICE & 2 APTS,Offices,Offices
Office & Accommodation,Offices,Offices
OFFICE & APT,Offices,Offices
Office & Children's Room - Lease,Offices,Offices
Office & Classrooms,Schools,Education
Office & Control Room,Offices,Offices
Office & guesthouse,Offices,Offices
Office & Habitational,Offices,Offices
Office & Meeting area at Fairgrounds,Offices,Offices
Office & Parking Area,Offices,Offices
Office & Parking structure,Offices,Offices
Office & Pilates Studio,Offices,Offices
Office & Residence,Offices,Offices
Office & Residential,Offices,Offices
Office & Retail,Offices,Offices
Office & Shop,Offices,Offices
Office & Storage,General Warehousing and Storage - Non-Hazardous,Storage and Wholesale Trade
office & storage warranty team,General Warehousing and Storage - Non-Hazardous,Storage and Wholesale Trade
OFFICE & WAREHO,Offices,Offices
Office & Warehouse,General Warehousing and Storage - Non-Hazardous,Storage and Wholesale Trade
Office & Warehouse Distribution,General Warehousing and Storage - Non-Hazardous,Storage and Wholesale Trade
Office & Yard,Offices,Offices
Office (Administrator's Home),Offices,Offices
Office (Air Traffic Control Tower),Offices,Offices
Office (cabin 1),Offices,Offices
Office (cabin 2),Offices,Offices
Office (cabin 3),Offices,Offices
Office (cabin 4),Offices,Offices
Office (Hanford),Offices,Offices
Office (not owned by CGB),Offices,Offices
Office (Pastor's Home),Offices,Offices
Office (Richland),Offices,Offices
"Office (Scurity Equip)
Pax Terminal",Offices,Offices
"Office , shop, storage",Offices,Offices
Office / grai and fertilizer storage,General Warehousing and Storage - Non-Hazardous,Storage and Wholesale Trade
Office / Guard Shack,Offices,Offices
Office / Hanger,Other Support Facilities For Air Transportation,Transportation
Office / Kennel,Offices,Offices
Office / Lab,Offices,Offices
Office / Light Industrial / Warehouse,General Warehousing and Storage - Non-Hazardous,Storage and Wholesale Trade
Office / Pastor's Home,Offices,Offices
Office / Retail,Offices,Offices
Office / Retail / Medical,Medical Office,Health Services
office / shop,Offices,Offices
Office / Storage,General Warehousing and Storage - Non-Hazardous,Storage and Wholesale Trade
Office / Warehouse,General Warehousing and Storage - Non-Hazardous,Storage and Wholesale Trade
Office / Whse / Workshop,Machinery Manufacturing,Light Industry
OFFICE / WORKSHOP,Machinery Manufacturing,Light Industry
Office 412,Offices,Offices
Office adjacent to Fairgrounds,Offices,Offices
Office Administration,Offices,Offices
Office Administrations,Offices,Offices
Office Administrative,Offices,Offices
Office and Control Building,Offices,Offices
Office and crime laboratory,Offices,Offices
Office and equipment storage,Offices,Offices
Office and equipment storage; share with DAS,Offices,Offices
Office and fleet,Offices,Offices
Office and health laboratory,Offices,Offices
Office and lab,Offices,Offices
Office and laboratories,Offices,Offices
Office and maintence shop,Offices,Offices
Office and Meeting rooms,Offices,Offices
Office and partial lease out of land,Offices,Offices
Office and Recreational facility,Offices,Offices
office and registration,Offices,Offices
Office and research labs,Offices,Offices
Office and residence,Offices,Offices
Office and Retail,Offices,Offices
Office and secondary meeting loc,Offices,Offices
Office and Shop,Offices,Offices
Office and shop yard,Offices,Offices
OFFICE AND SHOW ROOM,Offices,Offices
Office and Spectator facility,Offices,Offices
Office and Storage,Offices,Offices
Office and storage (separate),General Warehousing and Storage - Non-Hazardous,Storage and Wholesale Trade
OFFICE AND STORAGE BUILDING,General Warehousing and Storage - Non-Hazardous,Storage and Wholesale Trade
Office and Storage space,General Warehousing and Storage - Non-Hazardous,Storage and Wholesale Trade
Office and training Space,Offices,Offices
Office and transfer station,Offices,Offices
Office and Warehouse,General Warehousing and Storage - Non-Hazardous,Storage and Wholesale Trade
Office Bldg,Offices,Offices
Office Bldg #4,Offices,Offices
Office Bldg at EQRR MN,Offices,Offices
Office Bldg.,Offices,Offices
Office Buidling,Offices,Offices
Office Buildign,Offices,Offices
Office Building,Offices,Offices
Office Building  (Viaduct Rd.),Offices,Offices
Office Building - 224 Main Street,Offices,Offices
Office Building - Garage - Storage,Offices,Offices
Office Building  Garage & Maintance,Offices,Offices
Office Building - Lessors Risk Only,Offices,Offices
OFFICE BUILDING - Parking,Parking Garages,Light Industry
Office Building - Rental Car Facility,Offices,Offices
Office Building - Units 2B-3B,Offices,Offices
Office Building & Apartments,Offices,Offices
Office Building 1A,Offices,Offices
OFFICE BUILDING 2,Offices,Offices
OFFICE BUILDING AND BANK - CC 0742 / OC 8,Offices,Offices
Office Building and Community Center,Offices,Offices
office building and transfer station,Offices,Offices
Office Building B,Offices,Offices
OFFICE BUILDING- VACANT,Mid Rise Apartments - 5-9 stories,Habitational
Office building with undercroft - built in 2008,Offices,Offices
"Office Building
& Parking Structure",Offices,Offices
"Office Building
w/ Detached Parking Garage",Offices,Offices
Office buildings,Offices,Offices
Office Complex,Offices,Offices
Office Depot retail,Offices,Offices
Office Flat grain warehouses,Grain Silos,Agriculture/Farming
"Office for AIDA Kundencenter GmbH, Service Center incl. parking levels",Offices,Offices
Office for Chamber of Commerce,Offices,Offices
Office for concessionaire lease expires March 1 2014,Offices,Offices
Office for Vocational Counseling and Technology training,Offices,Offices
OFFICE GARAGE,Offices,Offices
Office High Rise,Offices,Offices
Office in home,Offices,Offices
Office landscape shop,Offices,Offices
Office Location,Offices,Offices
Office Location - Lease,Offices,Offices
Office Lofts,Offices,Offices
OFFICE LRO,Offices,Offices
Office -LRO,Offices,Offices
Office Machinery Manufacturing,Offices,Offices
Office- meeting room,Offices,Offices
Office Parking Lot,Parking Garages,Light Industry
Office- PUC occupies 1st to 4th Floors,Offices,Offices
Office R&D,Offices,Offices
Office r/a: 1 Family Dwellings (Lessor's Risk),Offices,Offices
Office Rented to Others,Offices,Offices
Office Shop,Offices,Offices
Office Shop Equipment Storage,Offices,Offices
OFFICE SPACE,Offices,Offices
Office space - leased from others,Offices,Offices
Office space - Leased to Oregon Department of Fish & Wildlife,Offices,Offices
Office Space - Legacy Medquip,Offices,Offices
Office Space - Legacy Primus,Offices,Offices
Office Space - Manage Household Hazardous Waster,Offices,Offices
Office space and some record storage,Offices,Offices
Office Space and Training,Offices,Offices
Office Space for Lifecycle monitoring and Chum program,Offices,Offices
"Office Space, Climate Controlled Record Storage",Offices,Offices
"Office space, subleased through Oregon Travel Experience.",Offices,Offices
OFFICE SPACE/ STORAGE,Offices,Offices
Office Space/Classroom Space,Schools,Education
Office Space/Warehouse,Offices,Offices
Office Staff & Lab,Offices,Offices
Office Storage Interpretive center,Offices,Offices
Office Technology Company,Offices,Offices
Office Tenant,Offices,Offices
Office Trailer,Offices,Offices
Office Trailer - Chem FixUnit #047315 & #017316,Offices,Offices
Office Trailer - Recreation Dept,Offices,Offices
Office Trailer (12 x 48),Offices,Offices
Office Trailer (Customs),Offices,Offices
Office Trailer S/N DS18454002 (USDA),Offices,Offices
OFFICE W/ APT,Offices,Offices
Office warehouse / storage,Offices,Offices
OFFICE WAREHOUSE STORAGE,General Warehousing and Storage - Non-Hazardous,Storage and Wholesale Trade
Office& Warehouse,General Warehousing and Storage - Non-Hazardous,Storage and Wholesale Trade
"Office, Administration",Offices,Offices
"Office, Administrative",Offices,Offices
"Office, Administrative (vacant)",Mid Rise Apartments - 5-9 stories,Habitational
"Office, Amusement Park",Governmental Office & Administration,Govermental/Municipal
"office, bunkhouse, fish rearing",Offices,Offices
"Office, Den and Storage",General Warehousing and Storage - Non-Hazardous,Storage and Wholesale Trade
"Office, Firefighting Equipment, and Heavy Machinery Storage",Offices,Offices
"Office, Grain storage",Grain Silos,Agriculture/Farming
"Office, Grain Storage,",Grain Silos,Agriculture/Farming
"Office, Grain tanks, Dump",Grain Silos,Agriculture/Farming
"Office, Grain,Frac sand storage",General Warehousing and Storage - Non-Hazardous,Storage and Wholesale Trade
"office, hanger, shop",Airport Terminals,Transportation
"office, incubation, storage, breakroom",Offices,Offices
"Office, lab, and fleet",Laboratories,Health Services
"Office, Life Skills and Research",Offices,Offices
"Office, Low-Rise",Offices,Offices
"Office, Maintenance Training, Library, Storage, Janitorial",Offices,Offices
"Office, Residence, Shop & Storage",Offices,Offices
"Office, Retail ",Offices,Offices
"Office, Retail & Storage",General Warehousing and Storage - Non-Hazardous,Storage and Wholesale Trade
"Office, Retail, Restaurants",Offices,Offices
"Office, Retail. Storage",Offices,Offices
"office, scalehouse",Offices,Offices
"office, shop",Offices,Offices
"Office, shop, storage",Offices,Offices
"office, shop, transfer station",Offices,Offices
"OFFICE, STORAGE",General Warehousing and Storage - Non-Hazardous,Storage and Wholesale Trade
"Office, Storage and Workshop",Offices,Offices
"office, storage bins, dryer,",General Warehousing and Storage - Non-Hazardous,Storage and Wholesale Trade
"office, storage bins, dryer, dock",General Warehousing and Storage - Non-Hazardous,Storage and Wholesale Trade
"office, transfer",Offices,Offices
"Office, Vehicle Repair, and Fabrication",Auto Repair Shop Garage,Retail
"Office, Warehouse",General Warehousing and Storage - Non-Hazardous,Storage and Wholesale Trade
"Office, Wellness Ctr/ Dance Studio",Offices,Offices
"OFFICE,CHURCH& VAC SEC",Offices,Offices
Office. Used 6 months per year,Offices,Offices
Office/           Classrooms,Schools,Education
Office/ Hall for Club/Fraternal Org,Offices,Offices
Office/ Pastor Home,Offices,Offices
Office/ Residence,Offices,Offices
Office/ Retail,Offices,Offices
OFFICE/ WAREHOUSE,General Warehousing and Storage - Non-Hazardous,Storage and Wholesale Trade
Office/10% Warehouse,Offices,Offices
OFFICE/2-HALL,Offices,Offices
OFFICE/3-HABITATIONAL,Offices,Offices
Office/Admin,Offices,Offices
Office/Apt,Offices,Offices
Office/apt.,Offices,Offices
OFFICE/APTS,Offices,Offices
Office/Auditorium,Offices,Offices
OFFICE/BUS PARKING,Parking Garages,Light Industry
Office/C.E.,Offices,Offices
Office/Café,Offices,Offices
Office/Cafe/Clrms,Offices,Offices
Office/Call Center/Reservations,Offices,Offices
Office/CE,Offices,Offices
Office/Classroom  E-6,Schools,Education
Office/Classrooms,Schools,Education
Office/Clinic Space,Offices,Offices
Office/commercial district,Offices,Offices
Office/Control Room,Offices,Offices
Office/Data Center,Offices,Offices
Office/DP,Offices,Offices
Office/Dump Bldg,Offices,Offices
OFFICE/DWELLING,Offices,Offices
OFFICE/EDP,Offices,Offices
Office/Fellowship Hall - Rent,Offices,Offices
Office/Flex,Offices,Offices
Office/Garage,Offices,Offices
Office/Garage/Storage,General Warehousing and Storage - Non-Hazardous,Storage and Wholesale Trade
Office/Hatchery Complex                                                                                        [SPRINKLERED],Offices,Offices
Office/Home,Offices,Offices
Office/House,Offices,Offices
Office/Lab,Offices,Offices
Office/Locker Room ,Offices,Offices
Office/Manufacturing,Offices,Offices
Office/Media,Offices,Offices
Office/Media/Clrm,Offices,Offices
Office/Media/Clrms,Offices,Offices
Office/Media/Music,Offices,Offices
Office/Meeting,Offices,Offices
Office/Meeting Location - Lease,Offices,Offices
Office/Meeting rooms,Offices,Offices
Office/Meetings,Offices,Offices
Office/Mobile,Offices,Offices
Office/Motor Control Center/Barge Bldgg/Dump Bldg/Inspection Bldg/Shop,Offices,Offices
Office/Nursery,Offices,Offices
Office/Parking,Offices,Offices
Office/Pastor,Offices,Offices
Office/Pastor Home,Offices,Offices
Office/Pastor Home - Rent,Offices,Offices
Office/Pastors Home,Offices,Offices
Office/Pastor's Home,Offices,Offices
Office/Pastor's Home - Rent,Offices,Offices
Office/Pastors residence/Lease,Mid Rise Apartments - 5-9 stories,Habitational
Office/Printing,Printing (Commercial),Light Industry
Office/Professional/Technical/Business,Offices,Offices
Office/Professional/Technical/Business - 8,Offices,Offices
Office/Receiving Room,Offices,Offices
Office/Research Facility,Offices,Offices
Office/Restaurant/Warehouse,Offices,Offices
Office/Retail,Offices,Offices
Office/Scale/Bailer/WH,Offices,Offices
Office/Scale/Dump Building/Motor Control Center/Shop,Offices,Offices
office/seasonal residence in bunkhouse below,Mid Rise Apartments - 5-9 stories,Habitational
Office/Seed Bldg/Unload Bldg/Extract Bldg/Prep Bldg,Offices,Offices
Office/Service,Offices,Offices
Office/Service/Scrap Yard,Offices,Offices
Office/Shed,Offices,Offices
Office/Shed/Prefab/Dump Bldg/Shop,Offices,Offices
OFFICE/SHOP,Offices,Offices
Office/Shop/Dump Bldg/Shed,Offices,Offices
Office/Shop/Storage,Offices,Offices
Office/Shop/Warehouse,General Warehousing and Storage - Non-Hazardous,Storage and Wholesale Trade
Office/Shops,Offices,Offices
Office/Storage,General Warehousing and Storage - Non-Hazardous,Storage and Wholesale Trade
Office/Storage - Rented Out,General Warehousing and Storage - Non-Hazardous,Storage and Wholesale Trade
Office/Storage Location,General Warehousing and Storage - Non-Hazardous,Storage and Wholesale Trade
Office/Storage/Model Units,General Warehousing and Storage - Non-Hazardous,Storage and Wholesale Trade
Office/Storage/workshop,Offices,Offices
Office/Tenants of Courthouse,Offices,Offices
Office/Tennants of Courthouse,Offices,Offices
Office/Treatment Center,Medical Office,Health Services
OFFICE/WAREHOUS,Offices,Offices
Office/Warehouse,General Warehousing and Storage - Non-Hazardous,Storage and Wholesale Trade
Office/Warehouse Storage,General Warehousing and Storage - Non-Hazardous,Storage and Wholesale Trade
Office/Warehouse/Breakroom/Control Room/Shed/Barge Bldg/Grain Bldg,General Warehousing and Storage - Non-Hazardous,Storage and Wholesale Trade
Office/Warehouse/Merchants,General Warehousing and Storage - Non-Hazardous,Storage and Wholesale Trade
Office/Warehouse/Shop,General Warehousing and Storage - Non-Hazardous,Storage and Wholesale Trade
Office/Warehouse/Tool Room,General Warehousing and Storage - Non-Hazardous,Storage and Wholesale Trade
Office/Warehouses,General Warehousing and Storage - Non-Hazardous,Storage and Wholesale Trade
Office/Youth,Offices,Offices
Office; Conference rooms,Offices,Offices
Office-Business Personal Property,Offices,Offices
Office-City owned Building,Offices,Offices
Office-Contents and train,Offices,Offices
Office-Design,Offices,Offices
Office-High Desert Region,Offices,Offices
Office-Lease,Offices,Offices
Office-Leased,Offices,Offices
Office-Marine Programs,Offices,Offices
Office-Multipurpose,Offices,Offices
Office-near outside event,Offices,Offices
Office-Pastors Home,Offices,Offices
Office-Rent,Offices,Offices
Office-Rental Property,Offices,Offices
Officers Dorm,Offices,Offices
Offices,Offices,Offices
Offices - Construction,Offices,Offices
Offices - Health services,Medical Office,Health Services
Offices - Holding and other investment offices,Offices,Offices
Offices - Nongovernment,Offices,Offices
Offices – Non-Governmental,Offices,Offices
Offices - Offices of Physicians and various Health Specialists,Medical Office,Health Services
Offices & Egg Processing Ctr,Offices,Offices
Offices & Generator,Offices,Offices
Offices & Lab,Offices,Offices
offices & storage,Offices,Offices
Offices & Warehouse,General Warehousing and Storage - Non-Hazardous,Storage and Wholesale Trade
Offices / Apartment,Offices,Offices
offices / labs,Offices,Offices
Offices / Pharmacy,Offices,Offices
Offices / Restaurant,Restaurants - Not Fast Food,Retail
Offices and  Manufacturing,Offices,Offices
Offices and Banks,Offices,Offices
Offices and computer center,Offices,Offices
Offices and Crews Quarters - Bldg. #13,Offices,Offices
Offices and Distribution Center,Offices,Offices
Offices and lab,Laboratories,Health Services
Offices and Manufacturing,Offices,Offices
Offices and Meeting Rooms,Offices,Offices
Offices and Meeting Rooms - Leased to Oregon Department of Fish and Wildlife,Offices,Offices
offices and open area,Offices,Offices
Offices and Showroom,Offices,Offices
Offices and Treatment Plant,Water & Sewage Treatment Facilities,Utilities
Offices and Warehouse,General Warehousing and Storage - Non-Hazardous,Storage and Wholesale Trade
Offices and Warehouse Storage,General Warehousing and Storage - Non-Hazardous,Storage and Wholesale Trade
Offices and Warehouse Storage of Agency Firefighting Equipment,General Warehousing and Storage - Non-Hazardous,Storage and Wholesale Trade
Offices Building A,Offices,Offices
"Offices, and Equipment Storage",Offices,Offices
"Offices, and Firefighting Equipment Storage - Occupied only during Fire season - Unoccupied the rest of the year",Offices,Offices
"Offices, and Meeting Rooms",Offices,Offices
"Offices, and Meeting Rooms - With a 25,000 Water Silo next to the building for Fire Suppression onsite -",Offices,Offices
"Offices, and Meeting Rooms with attached carport",Offices,Offices
"Offices, and Sleeping Areas - Occupied during Fire Season only",Offices,Offices
"offices, bar, parking",Offices,Offices
"Offices, Classrooms, conference rooms, Library, Chapel",Library,Govermental/Municipal
"Offices, Equipment Storage, and Warehouse",Offices,Offices
"Offices, Equipment Storage, Warehouse, and Vehicle Repair",Offices,Offices
"Offices, Housing, and Equipment Storage - Occupied only during Fire season - Unoccupied the rest of the year",Offices,Offices
"Offices, Mailroom",Offices,Offices
"Offices, Maintenance, and Agency Mail room",Offices,Offices
"Offices, Manufacturing and Warehouse",General Warehousing and Storage - Non-Hazardous,Storage and Wholesale Trade
"Offices, Meeting Room, Sleeping Areas, & Storage - Occupied only during Fire season - Unoccupied the rest of the year",Offices,Offices
"Offices, meeting rooms",Offices,Offices
"Offices, Meeting Rooms, and Storage",Offices,Offices
"Offices, Meeting Rooms, Laboratories, and Storage Areas",Offices,Offices
"Offices, Meeting Rooms, Storage, Bridge, Gate, Public Education Museum, and Classrooms",Offices,Offices
"Offices, Meeting Rooms, Storage, Repair of Communications Equipment and Vehicles, and Motor Pool",Offices,Offices
"Offices, Meeting Rooms, Warehouse, Training rooms, and Equipment Repair Shop - A 35,000 Gallon tank installed for on-site Fire Protection Hydrant and Sprinklers",Offices,Offices
"Offices, Public Education Areas, Meeting Rooms, and Public Day use Areas",Offices,Offices
"Offices, Storage, Warehouse, and Equipment Repair",Offices,Offices
"Offices, Warehouse for State Surplus and Federal Surplus Property",Offices,Offices
"Offices, Warehouse, and Equipment Storage",Offices,Offices
OFFICES/ EDP,Offices,Offices
Offices/Art/Clrms,Offices,Offices
Offices/Classroom - Rent,Schools,Education
Offices/Classrooms,Schools,Education
Offices/Clrm,Offices,Offices
Offices/Clrms,Offices,Offices
Offices/Day Car,Offices,Offices
Offices/Labs,Offices,Offices
Offices/Media,Offices,Offices
Offices/Medical,Medical Office,Health Services
Offices/Mercantile,Offices,Offices
Offices/Restaurant,Restaurants - Not Fast Food,Retail
Offices/Retail,Offices,Offices
Offices/Shop,Offices,Offices
Offices/Storage,General Warehousing and Storage - Non-Hazardous,Storage and Wholesale Trade
Offices/Storage/MR,General Warehousing and Storage - Non-Hazardous,Storage and Wholesale Trade
Offices/Warehouse,General Warehousing and Storage - Non-Hazardous,Storage and Wholesale Trade
"OfficesClubs, hallsRestaurant, commercial cookingRetail, storesTobacco related",Restaurants - Not Fast Food,Retail
"OfficesClubs, hallsRetail, stores",Offices,Offices
"OfficesRetail, storesService, shop",Offices,Offices
"OfficesService, shopWarehouse, storage",General Warehousing and Storage - Non-Hazardous,Storage and Wholesale Trade
Office-Storage,General Warehousing and Storage - Non-Hazardous,Storage and Wholesale Trade
OFFICE-TRAILER,Offices,Offices
Office-Warehouse,General Warehousing and Storage - Non-Hazardous,Storage and Wholesale Trade
Off-Site Computers,"Data Processing, Hosting, Cloud",Communications
Offsite server facility - primary,"Data Processing, Hosting, Cloud",Communications
Offsite server facility - secondary,"Data Processing, Hosting, Cloud",Communications
Off-site Warehouse,General Warehousing and Storage - Non-Hazardous,Storage and Wholesale Trade
Ogden Research Grow Farm,Livestock Farming,Agriculture/Farming
OIL RECYCLE,Recycling - All Other,Heavy Industry
Oil/Chemical/Plastics,Plastics Product Manufacturing,Heavy Industry
Oklahoma Hatchery,Poultry Hatcheries,Agriculture/Farming
Old Administration Building not in use,Offices,Offices
OLD BAPTIST CHURCH,"Church, Mosque or Synagogue",Religious/Churches
Old Brookfield Road Residence,Mid Rise Apartments - 5-9 stories,Habitational
Old Can Whs,General Warehousing and Storage - Non-Hazardous,Storage and Wholesale Trade
OLD CANNERY,Cannery - Fruits and Vegetables,Food
Old Church,"Church, Mosque or Synagogue",Religious/Churches
Old City Hall,Governmental Office & Administration,Govermental/Municipal
OLD CITY HALL - POLICE STATION,Governmental Office & Administration,Govermental/Municipal
Old Clifford Hart Circle School,Schools,Education
Old Control Building,Offices,Offices
OLD CORTEZ SCHOOLHOUSE,Schools,Education
OLD COURTHOUSE,Courts,Govermental/Municipal
Old DOT Storage Building,General Warehousing and Storage - Non-Hazardous,Storage and Wholesale Trade
Old Dry Cleaner,Laundry,Retail
Old Fire Station,Governmental Office & Administration,Govermental/Municipal
OLD HISTORIC JAIL,Correctional Institutions and Prisons,Govermental/Municipal
Old Hospital Administration,Medical Office,Health Services
OLD HOUSE,Single Family Dwellings,Habitational
Old Jail,Correctional Institutions and Prisons,Govermental/Municipal
OLD JAIL - MARSHALL OFFICE,Offices,Offices
OLD JAIL / STORAGE,General Warehousing and Storage - Non-Hazardous,Storage and Wholesale Trade
Old Lab Building,Laboratories,Health Services
Old Laundry Bldg,Laundry,Retail
OLD LIBRARY,Library,Govermental/Municipal
Old Library - Municipal Court,Library,Govermental/Municipal
OLD LODGE,Lodges and Clubs,Hotels/Casino/Entertainment
OLD MAIN HIGH SCHOOL,Schools,Education
Old Office,Offices,Offices
OLD POLYMER BUILDING,Inorganic Chemical Manufacturing,Heavy Industry
Old pump house; now being used as interpretive building,Water Supply and Irrigation Systems,Utilities
Old Railroad Depot,Heavy Rail,Transportation
Old School,Schools,Education
OLD SCHOOL BUILDING,Schools,Education
Old School Gymnasium,Schools,Education
OLD SHOP,General Warehousing and Storage - Non-Hazardous,Storage and Wholesale Trade
OLD SHOP - AGRICULTURAL BUILDING,General Warehousing and Storage - Non-Hazardous,Storage and Wholesale Trade
Old Shop - Storage Building,General Warehousing and Storage - Non-Hazardous,Storage and Wholesale Trade
Old Town Hall,Governmental Office & Administration,Govermental/Municipal
Old Town Hall - Jail,Governmental Office & Administration,Govermental/Municipal
Old Train Depot,General Warehousing and Storage - Non-Hazardous,Storage and Wholesale Trade
Old Voting Precinct,Governmental Office & Administration,Govermental/Municipal
Old Water Department Building,Offices,Offices
olives &,Cannery - Fruits and Vegetables,Food
ONE APARTMENT & ONE GROCERY STORE WITH COOKING - LRO,Supermarkets and Grocery,Retail
ONE FAMILY,Single Family Dwellings,Habitational
ONE FAMILY DWELLING,Single Family Dwellings,Habitational
One Family Dwelling LRO,Single Family Dwellings,Habitational
ONE- FAMILY DWELLING LRO,Single Family Dwellings,Habitational
ONE FAMILY DWELLINGS,Single Family Dwellings,Habitational
One Family Owner Occupied,Single Family Dwellings,Habitational
ONE FAMILY TENANT OCCUPIED,Single Family Dwellings,Habitational
One IT Computer Equipment at HAL,"Data Processing, Hosting, Cloud",Communications
ONE RM SCHOOLHO,Schools,Education
ONE-FAMILY DWELLING LRO,Single Family Dwellings,Habitational
ONE-FAMILY DWELLINGLRO,Single Family Dwellings,Habitational
Onion Museum,Museums,Hotels/Casino/Entertainment
Open Air Market,Supermarkets and Grocery,Retail
OPEN AIR PAVILION,Lodges and Clubs,Hotels/Casino/Entertainment
Open Air Theatre,Lodges and Clubs,Hotels/Casino/Entertainment
open bay barn storage,Livestock Farming,Agriculture/Farming
Open Event Facility,Full-Service Hotel,Hotels/Casino/Entertainment
Open Park,Lodges and Clubs,Hotels/Casino/Entertainment
Open Park Pavilion,Lodges and Clubs,Hotels/Casino/Entertainment
OPEN PAVILION,Lodges and Clubs,Hotels/Casino/Entertainment
Open Pavillion,Governmental Office & Administration,Govermental/Municipal
Open Space Park,Governmental Office & Administration,Govermental/Municipal
Opera House,Single Family Dwellings,Habitational
Operations Building - Warehouse,General Warehousing and Storage - Non-Hazardous,Storage and Wholesale Trade
Oppe Elem- HVAC Structure,Schools,Education
Oppe Elementary,Schools,Education
Oppe Elementary - Greta's Garden Pavillion,Schools,Education
Oppe Elementary - Playground Equipment,Schools,Education
Oppe Elementary- Marquee,Schools,Education
Opthalmology Clinic,Home Health Care Service,Health Services
Opthalmology clinic and surgery center,Home Health Care Service,Health Services
Optical Centers/Retail,Miscellaneous Retailers,Retail
Orchard View Farm,Livestock Farming,Agriculture/Farming
Oregon State Legislature and numerous public venue,Governmental Office & Administration,Govermental/Municipal
Oregon State Legislature and numerous public venues,Governmental Office & Administration,Govermental/Municipal
Organ Cave Farm,Livestock Farming,Agriculture/Farming
Organic Beauty Supplies,Miscellaneous Retailers,Retail
ORGANIC BEAUTY SUPPLY,Miscellaneous Retailers,Retail
Organizational Storage,General Warehousing and Storage - Non-Hazardous,Storage and Wholesale Trade
"Orthopedic Clinic, Sports Med, PT and possibly other specialties",Home Health Care Service,Health Services
OSHPD Acute Care Services Hospitals (California Only),Hospital,Health Services
"Other (describe)Restaurant, commercial cooking",Restaurants - Not Fast Food,Retail
OTHER COMMERCIAL,Unknown,Unknown
Other educational services,Schools,Education
OUTBUILDING,General Warehousing and Storage - Non-Hazardous,Storage and Wholesale Trade
Outdoor Light Festival,Amusement and Theme Parks,Hotels/Casino/Entertainment
Outdoor Pool,Fitness and Recreational Sports Centers,Hotels/Casino/Entertainment
Outdoor Pool - Sec 10,Fitness and Recreational Sports Centers,Hotels/Casino/Entertainment
Outdoor Theatre,Lodges and Clubs,Hotels/Casino/Entertainment
"Outdoor, Fenced area",Unknown,Unknown
Outpatient,Outpatient Care Centers,Health Services
Outpatient Imaging,Outpatient Care Centers,Health Services
out-patient imaging,Outpatient Care Centers,Health Services
Outpatient Pediatric Rehab,Outpatient Care Centers,Health Services
Outpatient Pharmacy,Outpatient Care Centers,Health Services
Outpatient Rehab,Outpatient Care Centers,Health Services
Outpatient Rehabilitation Gulf Harbour,Outpatient Care Centers,Health Services
Outpatient Rehabilitation Lehigh Acres,Outpatient Care Centers,Health Services
Outside Bar,"Lounges, Night Clubs, Discos",Retail
Outside Bar r/a: Motels and Hotels without Cooking - Over 30 Units,Motels,Hotels/Casino/Entertainment
Outside Festival /Parade,Amusement and Theme Parks,Hotels/Casino/Entertainment
Outside Festival /Parade/Concert,Amusement and Theme Parks,Hotels/Casino/Entertainment
Outside Renaissance Festival,Amusement and Theme Parks,Hotels/Casino/Entertainment
Outside Renaissance Festival Grounds,Amusement and Theme Parks,Hotels/Casino/Entertainment
Outside Storage,General Warehousing and Storage - Non-Hazardous,Storage and Wholesale Trade
Outside Storage Bldg,General Warehousing and Storage - Non-Hazardous,Storage and Wholesale Trade
Outside Storage Bldg.,General Warehousing and Storage - Non-Hazardous,Storage and Wholesale Trade
Outside Storage Building,General Warehousing and Storage - Non-Hazardous,Storage and Wholesale Trade
Outside Trailers,Temporary Camps and Campgrounds,Hotels/Casino/Entertainment
Overnight cabin,Lodges and Clubs,Hotels/Casino/Entertainment
Overnight cabin rental,Lodges and Clubs,Hotels/Casino/Entertainment
overnight deluxe cabin,Lodges and Clubs,Hotels/Casino/Entertainment
Overnight deluxe cabin rental,Lodges and Clubs,Hotels/Casino/Entertainment
"Overnight lodging for staff, volunteers, and students",Full-Service Hotel,Hotels/Casino/Entertainment
"Overnight stays when needed for staff, students or visitors",Full-Service Hotel,Hotels/Casino/Entertainment
Overnight yurt,Lodges and Clubs,Hotels/Casino/Entertainment
OWN/SEASONAL,Resort Hotel,Hotels/Casino/Entertainment
Owned Float,Amusement and Theme Parks,Hotels/Casino/Entertainment
Owner,Single Family Dwellings,Habitational
Owner - Secondary,Single Family Dwellings,Habitational
OWNER & OPERATOR OF A BEVERAGE RETAIL OUTLET,Supermarkets and Grocery,Retail
Owner Occ/Sec,Single Family Dwellings,Habitational
Owner Occupied,Single Family Dwellings,Habitational
Owner Occupied - Yoga Studio,Fitness and Recreational Sports Centers,Hotels/Casino/Entertainment
Owner Occupied (Laundromat),Laundry,Retail
Owner Occupied (Restaurant),Restaurants - Not Fast Food,Retail
OWNER OCCUPIED COOKING,Restaurants - Not Fast Food,Retail
Owner Occupied Dwelling,Single Family Dwellings,Habitational
Owner Occupied/Restaurant,Restaurants - Not Fast Food,Retail
Owner Occupied-Restaurant with limited cooking,Restaurants - Not Fast Food,Retail
Owner Seasonal,Single Family Dwellings,Habitational
Owner/Seasona,Single Family Dwellings,Habitational
Owner/Second,Single Family Dwellings,Habitational
OWNER/SECONDA,Single Family Dwellings,Habitational
Package Goods/Bar r/a: Mercantile - Sole Occupancy Only - Bars and Taverns,"Lounges, Night Clubs, Discos",Retail
Packaging and Crating of repaired equipment,Auto Repair Shop Garage,Retail
"Packing & Storage Building, Yard and Office",General Warehousing and Storage - Non-Hazardous,Storage and Wholesale Trade
Packing and Storage - The buildings at Peavy Arboretum are in use by the Oregon State University for study of Tree & Forest production and other horticulture programs. There is no ODF property or personnel onsite.,Universities and Colleges,Education
Page Farm,Livestock Farming,Agriculture/Farming
Pageland Hatchery,Poultry Hatcheries,Agriculture/Farming
Pageland Hatchery Storage,General Warehousing and Storage - Non-Hazardous,Storage and Wholesale Trade
Paint & Tool Storage,General Warehousing and Storage - Non-Hazardous,Storage and Wholesale Trade
Paint and materials storage,General Warehousing and Storage - Non-Hazardous,Storage and Wholesale Trade
Paint Facility,Miscellaneous Retailers,Retail
Paint Shop,Miscellaneous Retailers,Retail
Paint Spray Booth,Auto Repair Shop Garage,Retail
Paint Storage,General Warehousing and Storage - Non-Hazardous,Storage and Wholesale Trade
"Paint Storage, Solvents, and Thinners",General Warehousing and Storage - Non-Hazardous,Storage and Wholesale Trade
Painting - shop only,Auto Repair Shop Garage,Retail
Pal Theater,Cinemas,Retail
PALMA SOLA BOTANICAL PARK,Lodges and Clubs,Hotels/Casino/Entertainment
PALMA SOLA PARK,Lodges and Clubs,Hotels/Casino/Entertainment
PALMETTO HISTORIC PARK,Lodges and Clubs,Hotels/Casino/Entertainment
Paper,Paper Mill - With Black L Recovery Boiler,Heavy Industry
Paper Goods Manufacturing,Paper Mill - With Black L Recovery Boiler,Heavy Industry
Parade Day Only-Hired/Non Owned Auto PD,Amusement and Theme Parks,Hotels/Casino/Entertainment
Parade Route,Amusement and Theme Parks,Hotels/Casino/Entertainment
Parade Route-1 Day,Amusement and Theme Parks,Hotels/Casino/Entertainment
Parade Route-Leased Float Parade Day Only,Amusement and Theme Parks,Hotels/Casino/Entertainment
Parade Route-Leased Floats Parade Day Only,Amusement and Theme Parks,Hotels/Casino/Entertainment
Parade Route-Starts and Ends at 401 Civic Dr.,Amusement and Theme Parks,Hotels/Casino/Entertainment
Parish Prison,Correctional Institutions and Prisons,Govermental/Municipal
Parish Prison-Chapel,Correctional Institutions and Prisons,Govermental/Municipal
Parish Prison-Sheriff's Service Station,Correctional Institutions and Prisons,Govermental/Municipal
Parish Prison-Trustee's Building,Correctional Institutions and Prisons,Govermental/Municipal
Park,Lodges and Clubs,Hotels/Casino/Entertainment
Park Manager's storage shed,Governmental Office & Administration,Govermental/Municipal
Park Office,Governmental Office & Administration,Govermental/Municipal
Park Store,Miscellaneous Retailers,Retail
Park Store- gift shop and information,Governmental Office & Administration,Govermental/Municipal
Parker Elementary,Schools,Education
Parker Elementary Playground Equipment,Schools,Education
Parker Elem-Gazebo,Schools,Education
Parker Elem-Mech Bldg -Pump Building,Schools,Education
Park-Festival,Amusement and Theme Parks,Hotels/Casino/Entertainment
Parking,Parking Garages,Light Industry
Parking - 11,Parking Garages,Light Industry
Parking  -ATC 11,Parking Garages,Light Industry
Parking - Level 2,Parking Garages,Light Industry
Parking - Parking Garages,Parking Garages,Light Industry
Parking - public - not open air,Parking Garages,Light Industry
Parking - public - open air,Parking Garages,Light Industry
Parking & Hardscape Surfaces,Parking Garages,Light Industry
Parking (Private),Parking Garages,Light Industry
parking / helipad,Parking Garages,Light Industry
Parking and Basement,Parking Garages,Light Industry
Parking Garage,Parking Garages,Light Industry
PARKING GARAGE (907 spaces),Parking Garages,Light Industry
Parking Garage East,Parking Garages,Light Industry
Parking Garage West,Parking Garages,Light Industry
PARKING LEVEL,Parking Garages,Light Industry
PARKING LEVELS,Parking Garages,Light Industry
Parking Lot,Parking Garages,Light Industry
Parking Lot - Retail Shopping Center Listed Above,Parking Garages,Light Industry
Parking lot and garden seating for the restaurant,Parking Garages,Light Industry
Parking lot booths,Parking Garages,Light Industry
Parking Lot Vehicle Storage,Parking Garages,Light Industry
PARKING PODIUM,Parking Garages,Light Industry
PARKING SHELTER,Parking Garages,Light Industry
Parking Structure,Parking Garages,Light Industry
Parking Structure-8 Story,Parking Garages,Light Industry
Parks and Rec Office - Shop,Governmental Office & Administration,Govermental/Municipal
PARKS AND RECREATION OFFICE,Offices,Offices
Parks Office,Governmental Office & Administration,Govermental/Municipal
Parole & Probation,Correctional Institutions and Prisons,Govermental/Municipal
Parole & Probation Ext. Office,Offices,Offices
Parole and Probation,Correctional Institutions and Prisons,Govermental/Municipal
Parsoange,"Church, Mosque or Synagogue",Religious/Churches
Parsonage,"Church, Mosque or Synagogue",Religious/Churches
Parsonage - Lease Out,"Church, Mosque or Synagogue",Religious/Churches
Parsonage - Leased Out,"Church, Mosque or Synagogue",Religious/Churches
Parsonage - Long Beach,"Church, Mosque or Synagogue",Religious/Churches
Parsonage  R-1,"Church, Mosque or Synagogue",Religious/Churches
Parsonage - Rented Out,"Church, Mosque or Synagogue",Religious/Churches
Parsonage & Garage,"Church, Mosque or Synagogue",Religious/Churches
Parsonage rented out,"Church, Mosque or Synagogue",Religious/Churches
Parsonage/Children Ministry,"Church, Mosque or Synagogue",Religious/Churches
Parsonage/Church,"Church, Mosque or Synagogue",Religious/Churches
Parsonage/Heritage House,"Church, Mosque or Synagogue",Religious/Churches
Parsonage/Office,"Church, Mosque or Synagogue",Religious/Churches
Parsonage/Staff Housing,"Church, Mosque or Synagogue",Religious/Churches
Parsonage/Storage,General Warehousing and Storage - Non-Hazardous,Storage and Wholesale Trade
Parsonage-Leased Out/Pstr. George Lopez-Assm. of G,"Church, Mosque or Synagogue",Religious/Churches
Parsonage-Pastors Home,"Church, Mosque or Synagogue",Religious/Churches
Partially Occupied Police Academy,Governmental Office & Administration,Govermental/Municipal
Partly Raleigh Studios as carpenter/ metal shop with balance various retail occupencies.,Metal Product Manufacturing,Light Industry
PARTS GALORE 3 - Scrap & Retail,Auto Parts,Retail
Passenger Terminal,Airport Terminals,Transportation
Pastor Home/ Office-rent,Offices,Offices
Pastor Home/Office,Offices,Offices
Pastor Home/Office/Storage,General Warehousing and Storage - Non-Hazardous,Storage and Wholesale Trade
Pastor/Office,Offices,Offices
Pastor's Hm./Meeting Location - Rent,Single Family Dwellings,Habitational
Pastors Home,Single Family Dwellings,Habitational
Pastor's Home,Single Family Dwellings,Habitational
Pastors Home - Alan Maeno,Single Family Dwellings,Habitational
Pastor's Home - Meeting Location - Office - Rent,Offices,Offices
Pastors Home - Office,Offices,Offices
Pastor's Home / Meeting Location,Single Family Dwellings,Habitational
Pastor's Home / Office,Offices,Offices
Pastor's Home/Meeting Location - Rent,Single Family Dwellings,Habitational
Pastors Home/Office,Offices,Offices
Pastor's Home/Office,Offices,Offices
Pastor's Home/Office - Rent,Offices,Offices
Pastor's Home/Storage,General Warehousing and Storage - Non-Hazardous,Storage and Wholesale Trade
Pastor's Home-Church Office,Offices,Offices
Pastors Home-Office/Rent,Offices,Offices
Patient Financial Services,Offices,Offices
"Patient Mall, living units and clinic",Home Health Care Service,Health Services
PAVILION,Lodges and Clubs,Hotels/Casino/Entertainment
Pavilion - Amphitheater,Lodges and Clubs,Hotels/Casino/Entertainment
Pavilion - Anne Street,Lodges and Clubs,Hotels/Casino/Entertainment
PAVILION - CONCESSION BUILDING,Lodges and Clubs,Hotels/Casino/Entertainment
Pavilion - Doublerun Street,Lodges and Clubs,Hotels/Casino/Entertainment
Pavilion - Dressing Room Building,Lodges and Clubs,Hotels/Casino/Entertainment
Pavilion - Playground Equipment,Fitness and Recreational Sports Centers,Hotels/Casino/Entertainment
Pavilion - Ramp,Lodges and Clubs,Hotels/Casino/Entertainment
Pavilion - Restroom Building,Lodges and Clubs,Hotels/Casino/Entertainment
PAVILION - ROUND,Lodges and Clubs,Hotels/Casino/Entertainment
PAVILION - STAGE,Lodges and Clubs,Hotels/Casino/Entertainment
PAVILION - STORAGE 2,Governmental Office & Administration,Govermental/Municipal
PAVILION - THE GENERAL,Lodges and Clubs,Hotels/Casino/Entertainment
PAVILION - THE MUSTANG,Lodges and Clubs,Hotels/Casino/Entertainment
PAVILION - THE WARRIOR,Lodges and Clubs,Hotels/Casino/Entertainment
PAVILION #1,Lodges and Clubs,Hotels/Casino/Entertainment
PAVILION #2,Lodges and Clubs,Hotels/Casino/Entertainment
PAVILION #3,Lodges and Clubs,Hotels/Casino/Entertainment
PAVILION #4,Lodges and Clubs,Hotels/Casino/Entertainment
PAVILION #5,Lodges and Clubs,Hotels/Casino/Entertainment
PAVILION #6,Lodges and Clubs,Hotels/Casino/Entertainment
PAVILION 1,Lodges and Clubs,Hotels/Casino/Entertainment
Pavilion 2,Lodges and Clubs,Hotels/Casino/Entertainment
Pavilion 3,Lodges and Clubs,Hotels/Casino/Entertainment
PAVILION 4,Lodges and Clubs,Hotels/Casino/Entertainment
Pavilion 5,Lodges and Clubs,Hotels/Casino/Entertainment
PAVILION 6 - SPECIAL NEEDS FIELD,Lodges and Clubs,Hotels/Casino/Entertainment
Pavilion A at Pool,Lodges and Clubs,Hotels/Casino/Entertainment
Pavilion and Restroom Building,Lodges and Clubs,Hotels/Casino/Entertainment
Pavilion B at Pool,Lodges and Clubs,Hotels/Casino/Entertainment
Pavilion Dock,Governmental Office & Administration,Govermental/Municipal
PAVILION II (STORAGE),Governmental Office & Administration,Govermental/Municipal
PAVILION IN PARK,Lodges and Clubs,Hotels/Casino/Entertainment
PAVILION NO. 1,Lodges and Clubs,Hotels/Casino/Entertainment
PAVILION NO. 2,Lodges and Clubs,Hotels/Casino/Entertainment
PAVILION RESTROOM BUILDING,Lodges and Clubs,Hotels/Casino/Entertainment
Pavilion Stage,Lodges and Clubs,Hotels/Casino/Entertainment
Pavillion,Governmental Office & Administration,Govermental/Municipal
PAVILLION  I,Governmental Office & Administration,Govermental/Municipal
PAVILLION  II,Governmental Office & Administration,Govermental/Municipal
PAVILLION - LAKE FLOVILLA,Governmental Office & Administration,Govermental/Municipal
Pavillion - Lakeside,Governmental Office & Administration,Govermental/Municipal
Pavillion - Section 11,Governmental Office & Administration,Govermental/Municipal
Pavillion - Section 6,Governmental Office & Administration,Govermental/Municipal
PAVILLION #3,Governmental Office & Administration,Govermental/Municipal
PAVILLION #5,Governmental Office & Administration,Govermental/Municipal
PAVILLION #6,Governmental Office & Administration,Govermental/Municipal
Pavillion & Sorghum House,Governmental Office & Administration,Govermental/Municipal
Pavillion & Tennis Courts,Fitness and Recreational Sports Centers,Hotels/Casino/Entertainment
PAVILLION 1,Governmental Office & Administration,Govermental/Municipal
PAVILLION 2,Governmental Office & Administration,Govermental/Municipal
PAVILLION 3,Governmental Office & Administration,Govermental/Municipal
PAVILLION 4,Governmental Office & Administration,Govermental/Municipal
PAVILLION BEHIND CITY HALL,Governmental Office & Administration,Govermental/Municipal
Pawn Shop,Pawn Shop,Retail
Pawn shops,Pawn Shop,Retail
PCB Warehouse,General Warehousing and Storage - Non-Hazardous,Storage and Wholesale Trade
Pediatric Clinic,Home Health Care Service,Health Services
Pedigree Hatchery,Poultry Hatcheries,Agriculture/Farming
Pedigree Laboratory,Laboratories,Health Services
Pedigree Office,Offices,Offices
Pedigree Warehouse,General Warehousing and Storage - Non-Hazardous,Storage and Wholesale Trade
Performing Arts Center,Miscellaneous Retailers,Retail
PERFORMING ARTS THEATER,Cinemas,Retail
"Perkins Farm #1
Leased Facility",Livestock Farming,Agriculture/Farming
"Perkins Farm #2
Leased Facility",Livestock Farming,Agriculture/Farming
Permanent Dwelling,Single Family Dwellings,Habitational
Permanent Dwelling - Apartments,Single Family Dwellings,Habitational
Permanent Dwelling - Single Family Home,Single Family Dwellings,Habitational
Permanent Dwelling (multi family housing),Mid Rise Apartments - 5-9 stories,Habitational
Permanent Dwelling (multi- family housing),Mid Rise Apartments - 5-9 stories,Habitational
Permanent Dwelling (Multi Family Housing) - 2,Mid Rise Apartments - 5-9 stories,Habitational
Permanent Dwelling (multi-family housing),Single Family Dwellings,Habitational
Permanent Dwelling (multi-family housing)   -ATC 2,Mid Rise Apartments - 5-9 stories,Habitational
Permanent Dwelling (Singl Family Housing) - 1,Single Family Dwellings,Habitational
Permanent Dwelling (single family housing),Single Family Dwellings,Habitational
Permanent Dwelling (single- family housing),Single Family Dwellings,Habitational
Permanent Dwelling (three or four family housing),Mid Rise Apartments - 5-9 stories,Habitational
Permanent Dwelling (two family housing),Single Family Dwellings,Habitational
Permanent Dwellings,Single Family Dwellings,Habitational
Permanent multi-family Dwelling- condo association,Mid Rise Condos - 5-9 stories,Habitational
Permanent multi-family Dwelling- condo unit owner,Mid Rise Condos - 5-9 stories,Habitational
Permanent Structure w/Kiosk - Day Use Parking Area - Public Access area,Parking Garages,Light Industry
Perry Area Community Trust,Governmental Office & Administration,Govermental/Municipal
Personal & Repair Services,Auto Repair Shop Garage,Retail
Personal / Storage,General Warehousing and Storage - Non-Hazardous,Storage and Wholesale Trade
Personal and Repair Services,Miscellaneous Retailers,Retail
Personal and Repair Services - 7,Auto Repair Shop Garage,Retail
Personal and Repair Services - Appliance Stores,Appliance Stores,Retail
Personal and Repair Services - Automobile Repair or Service Shops,Auto Repair Shop Garage,Retail
Personal and Repair Services - Convenience Food/Gasoline Stores,Gas Petrol Stations,Retail
"Personal and Repair Services - Laundry, Cleaning Services",Laundry,Retail
Personal Lines - Dwelling,Single Family Dwellings,Habitational
Personal Trainer,Fitness and Recreational Sports Centers,Hotels/Casino/Entertainment
Personal/Repair Services,Auto Repair Shop Garage,Retail
Personal/Repair Services - 7,Auto Repair Shop Garage,Retail
Pesticide storage,General Warehousing and Storage - Non-Hazardous,Storage and Wholesale Trade
Pet Food Treats Plant,Processed Food Manufacturing - Non-Frozen,Food
Pet Stores,Miscellaneous Retailers,Retail
Petroleum,Other,Oil/Petro/Gas
PFS Storage,General Warehousing and Storage - Non-Hazardous,Storage and Wholesale Trade
Pharmaceutical Manufacturing,Machinery Manufacturing,Light Industry
PHARMACY,Pharmacies and Drug Stores,Retail
Pharmacy - Cyclotron,Pharmacies and Drug Stores,Retail
Pharmacy and Offices,Medical Office,Health Services
Photographer,Miscellaneous Retailers,Retail
PHOTOGRAPHER STUDIO,Miscellaneous Retailers,Retail
Phyisican offices,Medical Office,Health Services
physician,Home Health Care Service,Health Services
Physician Clinic,Home Health Care Service,Health Services
Physician lease,Home Health Care Service,Health Services
Physician Office,Medical Office,Health Services
Physician Offices,Medical Office,Health Services
Physician Offices and Diagnostics,Medical Office,Health Services
Physician Sys Support,Home Health Care Service,Health Services
Physician's Offices,Medical Office,Health Services
Pickleball Courts,Courts,Govermental/Municipal
Picnic Park Restroom Building,Lodges and Clubs,Hotels/Casino/Entertainment
Picnic Pavilion,Lodges and Clubs,Hotels/Casino/Entertainment
Picnic Pavilion - Cofer Park - 1,Lodges and Clubs,Hotels/Casino/Entertainment
Picnic Pavilion - Cofer Park - 2,Lodges and Clubs,Hotels/Casino/Entertainment
Picnic Pavilion - Henderson Park - 1,Lodges and Clubs,Hotels/Casino/Entertainment
Picnic Pavilion - Henderson Park - 2,Lodges and Clubs,Hotels/Casino/Entertainment
Picnic Pavilion - Montreal Park,Lodges and Clubs,Hotels/Casino/Entertainment
Picnic Pavilion - Peters Park,Governmental Office & Administration,Govermental/Municipal
PICNIC PAVILLION,Governmental Office & Administration,Govermental/Municipal
PICNIC PAVILLION #5,Governmental Office & Administration,Govermental/Municipal
PICNIC PAVILLION #6,Governmental Office & Administration,Govermental/Municipal
Picnic Pavillon,Governmental Office & Administration,Govermental/Municipal
Picnic Shelter 1,Governmental Office & Administration,Govermental/Municipal
Picnic Shelter 2,Governmental Office & Administration,Govermental/Municipal
PICNIC SHELTER II,Governmental Office & Administration,Govermental/Municipal
"Picnic Shelter, interpretive meeting, laundry shed attached",General Warehousing and Storage - Non-Hazardous,Storage and Wholesale Trade
PICNIC SHLETER III,Governmental Office & Administration,Govermental/Municipal
"Picqua Farm
Leased Facility
Lemons Farm",Livestock Farming,Agriculture/Farming
Pier,Piers and Wharves,Transportation
Pier - Deck,Piers and Wharves,Transportation
"Pier ""L"" Lima",Piers and Wharves,Transportation
"Pier ""M"" Mike",Piers and Wharves,Transportation
"Pier ""N"" November",Piers and Wharves,Transportation
"Pier ""Z"" Zulu",Piers and Wharves,Transportation
Pier (see comments),Piers and Wharves,Transportation
Pier / H4,Piers and Wharves,Transportation
Pier incl. extension added Dec. 2012,Piers and Wharves,Transportation
PIERS,Piers and Wharves,Transportation
"Pikeville Hatchery (60,000 sq ft)",Poultry Hatcheries,Agriculture/Farming
Pilates Studio,Fitness and Recreational Sports Centers,Hotels/Casino/Entertainment
Pilot planning facility and restroom,Other Support Facilities For Air Transportation,Transportation
Pilots Lounge,Other Support Facilities For Air Transportation,Transportation
Pine Dorm,Mid Rise Student Housing - 5-9 stories,Habitational
Pine Street Maintenance Building,Machinery Manufacturing,Light Industry
PINECREST BOAT DOCK AT LAKE PEACHTREE,Piers and Wharves,Transportation
PINELAND STATE BANK,Offices,Offices
Pirate's Cay Water Park @ Fox River,Amusement and Theme Parks,Hotels/Casino/Entertainment
Pistol Range Offices,Offices,Offices
PIZZA APT,Restaurants - Not Fast Food,Retail
PIZZA PARLOR,Restaurants - Not Fast Food,Retail
Pizza Restaurant,Restaurants - Not Fast Food,Retail
PIZZERIA & APARTMENT,Restaurants - Not Fast Food,Retail
Planer Hog System,Other Electric Power Generation,Utilities
Planer Shaving,Sawmill,Heavy Industry
Planer Shipping Office,Sawmill,Heavy Industry
Planing Mill,Sawmill,Heavy Industry
Plant,Machinery Manufacturing,Light Industry
Plant / Storage,Machinery Manufacturing,Light Industry
Plant maintenance,Machinery Manufacturing,Light Industry
PLANT OFFICE,Offices,Offices
Plant UTIL BLDG Pump House,Water Supply and Irrigation Systems,Utilities
Plant/Office,Offices,Offices
Plant/Shed & Office,General Warehousing and Storage - Non-Hazardous,Storage and Wholesale Trade
"Plantation Medical Center SNU, LLC",Medical Office,Health Services
Plantation Outpatient Center,Outpatient Care Centers,Health Services
PLANTATION VIEW SHOPPING CENTER,Strip Mall,Retail
Plastic Fabricating Plant (shudders),Plastics Product Manufacturing,Heavy Industry
Plastic Manufacturing - Combustible,Plastics Product Manufacturing,Heavy Industry
Plastic Manufacturing - Non Combustible,Plastics Product Manufacturing,Heavy Industry
Plastics & Rubber - 15,Plastics Product Manufacturing,Heavy Industry
Plateau Road Pedigree Farm,Livestock Farming,Agriculture/Farming
"Play Center r/a: Restaurants, Delicatessan-with cooking",Restaurants - Not Fast Food,Retail
Playgr Equip,Governmental Office & Administration,Govermental/Municipal
Playgr Equip-Master Park,Amusement and Theme Parks,Hotels/Casino/Entertainment
PLAYGROUND,Fitness and Recreational Sports Centers,Hotels/Casino/Entertainment
PLAYGROUND - ACWORTH SPORTS COMPLEX,Fitness and Recreational Sports Centers,Hotels/Casino/Entertainment
PLAYGROUND - CAUBLE PARK,Fitness and Recreational Sports Centers,Hotels/Casino/Entertainment
Playground - Cofer,Fitness and Recreational Sports Centers,Hotels/Casino/Entertainment
Playground - Henderson - 1,Fitness and Recreational Sports Centers,Hotels/Casino/Entertainment
Playground - Henderson - 2,Fitness and Recreational Sports Centers,Hotels/Casino/Entertainment
PLAYGROUND - LOGAN FARM PARK,Fitness and Recreational Sports Centers,Hotels/Casino/Entertainment
Playground - Montreal,Fitness and Recreational Sports Centers,Hotels/Casino/Entertainment
Playground - Peters Park,Fitness and Recreational Sports Centers,Hotels/Casino/Entertainment
PLAYGROUND- BAKER PLANTATION SUBDIVISION,Fitness and Recreational Sports Centers,Hotels/Casino/Entertainment
PLAYGROUND CORNELIUS TREE STRUCTURE,Fitness and Recreational Sports Centers,Hotels/Casino/Entertainment
PLAYGROUND EQUIP (ACROSS STREET),Fitness and Recreational Sports Centers,Hotels/Casino/Entertainment
PLAYGROUND EQUIP (IMPROV),Fitness and Recreational Sports Centers,Hotels/Casino/Entertainment
PLAYGROUND EQUIP @ PARK,Fitness and Recreational Sports Centers,Hotels/Casino/Entertainment
PLAYGROUND EQUIP VET MEMORIAL,Fitness and Recreational Sports Centers,Hotels/Casino/Entertainment
PLAYGROUND EQUIPMENT,Fitness and Recreational Sports Centers,Hotels/Casino/Entertainment
PLAYGROUND EQUIPMENT & FENCE,Fitness and Recreational Sports Centers,Hotels/Casino/Entertainment
Playground Equipment 1,Fitness and Recreational Sports Centers,Hotels/Casino/Entertainment
Playground Equipment 2,Fitness and Recreational Sports Centers,Hotels/Casino/Entertainment
PLAYGROUND EQUIPMENT- JAYCEE PARK,Fitness and Recreational Sports Centers,Hotels/Casino/Entertainment
PLAYGROUND EQUP TOM PITTMAN,Fitness and Recreational Sports Centers,Hotels/Casino/Entertainment
PLAYGROUND II - CAUBLE PARK,Fitness and Recreational Sports Centers,Hotels/Casino/Entertainment
PLAYGROUND- MINI PARK,Fitness and Recreational Sports Centers,Hotels/Casino/Entertainment
Playground Structure,Fitness and Recreational Sports Centers,Hotels/Casino/Entertainment
PLAYGROUND- TERRACE DRIVE,Fitness and Recreational Sports Centers,Hotels/Casino/Entertainment
PLAYGROUNG EQUIPMENT & FENCING,Electrical Equipment and Component Manufacturing,Light Industry
"Plaza at Rockwall
Strip Center",Strip Mall,Retail
"Pleasant Valley
Leased Facility
Porterfield Farm",Livestock Farming,Agriculture/Farming
plumbing and equipment storage,General Warehousing and Storage - Non-Hazardous,Storage and Wholesale Trade
Plumbing Services,Water Supply and Irrigation Systems,Utilities
Plumbing shed,Water Supply and Irrigation Systems,Utilities
"Plywood, Veneer, or Veneer Products Manufacturing with or withou",Wood Products Manufacturing,Heavy Industry
Podium Parking,Parking Garages,Light Industry
POL Storage,General Warehousing and Storage - Non-Hazardous,Storage and Wholesale Trade
Pole building storage,General Warehousing and Storage - Non-Hazardous,Storage and Wholesale Trade
Pole Peeler,Unknown,Unknown
Police - Court - Gymnasium,Fitness and Recreational Sports Centers,Hotels/Casino/Entertainment
Police - Fire - Public Works,Governmental Office & Administration,Govermental/Municipal
POLICE - FIRE BUILDING,Governmental Office & Administration,Govermental/Municipal
Police - Fire Station,Governmental Office & Administration,Govermental/Municipal
Police / MP Station,Governmental Office & Administration,Govermental/Municipal
Police and GBI Building,Governmental Office & Administration,Govermental/Municipal
Police and Municipal Court,Governmental Office & Administration,Govermental/Municipal
POLICE ANNEX,Governmental Office & Administration,Govermental/Municipal
POLICE BASEMENT REMODEL & ASBESTOS ABATEMENT,Governmental Office & Administration,Govermental/Municipal
Police Bike Patrol Building,Governmental Office & Administration,Govermental/Municipal
POLICE BUILDING,Governmental Office & Administration,Govermental/Municipal
Police Building 1,Governmental Office & Administration,Govermental/Municipal
Police Building 2,Governmental Office & Administration,Govermental/Municipal
Police Department,Governmental Office & Administration,Govermental/Municipal
Police Department - Court Classrooms,Schools,Education
POLICE DEPARTMENT- LEASED,Governmental Office & Administration,Govermental/Municipal
POLICE DEPT.(old),Governmental Office & Administration,Govermental/Municipal
Police Evidence Complex Office,Governmental Office & Administration,Govermental/Municipal
Police Evidence Complex Warehouse,General Warehousing and Storage - Non-Hazardous,Storage and Wholesale Trade
Police Evidence Storage Building,Governmental Office & Administration,Govermental/Municipal
POLICE HEADQUARTERS,Governmental Office & Administration,Govermental/Municipal
Police Headquarters Tower,Governmental Office & Administration,Govermental/Municipal
"POLICE JAIL CELLS, DOORS & LOCKERS",Governmental Office & Administration,Govermental/Municipal
Police K9 & SRT Facility,Governmental Office & Administration,Govermental/Municipal
Police Misdeameanor Inv. Expansion,Governmental Office & Administration,Govermental/Municipal
Police Office,Governmental Office & Administration,Govermental/Municipal
POLICE PRECINCT/LEASED,Governmental Office & Administration,Govermental/Municipal
Police Residence,Mid Rise Apartments - 5-9 stories,Habitational
POLICE SPECIAL EQ,Governmental Office & Administration,Govermental/Municipal
Police Station,Governmental Office & Administration,Govermental/Municipal
POLICE STATION - COURTHOUSE,Governmental Office & Administration,Govermental/Municipal
Police Station - Jail,Governmental Office & Administration,Govermental/Municipal
POLICE STATION - MUNICIPAL COURT,Governmental Office & Administration,Govermental/Municipal
POLICE STATION SEPTIC & FIELD LINES,Governmental Office & Administration,Govermental/Municipal
POLICE STATION/ COURTS,Governmental Office & Administration,Govermental/Municipal
POLICE STORAGE BUILDING,Governmental Office & Administration,Govermental/Municipal
POLICE SUBSTATION,Governmental Office & Administration,Govermental/Municipal
Police Sub-Station,Governmental Office & Administration,Govermental/Municipal
"Police Supply, Crime Camera & Bike Registration",Governmental Office & Administration,Govermental/Municipal
Police Trailer,Governmental Office & Administration,Govermental/Municipal
POLICE TRAINING BUILDING,Governmental Office & Administration,Govermental/Municipal
Police Training Facility,Governmental Office & Administration,Govermental/Municipal
Police/Post Office,Governmental Office & Administration,Govermental/Municipal
POLICE-JAIL CENTER,Governmental Office & Administration,Govermental/Municipal
POLISH/AMERICAN SOCIAL CLUB,Fitness and Recreational Sports Centers,Hotels/Casino/Entertainment
POLISH/AMERICANSOCIAL CLUB,Fitness and Recreational Sports Centers,Hotels/Casino/Entertainment
Pond Cooling Unit Structure for assisting the Fish Hatchery,Fish Hatchery,Agriculture/Farming
Pond Pump House,Water Supply and Irrigation Systems,Utilities
Pond Pumps,Water Supply and Irrigation Systems,Utilities
POOL,Fitness and Recreational Sports Centers,Hotels/Casino/Entertainment
Pool - Beach Club,Fitness and Recreational Sports Centers,Hotels/Casino/Entertainment
Pool - goes with SBR II,Fitness and Recreational Sports Centers,Hotels/Casino/Entertainment
Pool - Indoor,Fitness and Recreational Sports Centers,Hotels/Casino/Entertainment
Pool - Indoor Large,Fitness and Recreational Sports Centers,Hotels/Casino/Entertainment
Pool - Indoor Small,Fitness and Recreational Sports Centers,Hotels/Casino/Entertainment
Pool - Lady Lane,Fitness and Recreational Sports Centers,Hotels/Casino/Entertainment
Pool - Lakeside,Fitness and Recreational Sports Centers,Hotels/Casino/Entertainment
Pool - Main,Fitness and Recreational Sports Centers,Hotels/Casino/Entertainment
Pool - Outdoor,Fitness and Recreational Sports Centers,Hotels/Casino/Entertainment
Pool - Outdoor Sec 4,Fitness and Recreational Sports Centers,Hotels/Casino/Entertainment
Pool - Sec 3,Fitness and Recreational Sports Centers,Hotels/Casino/Entertainment
Pool - Spring Creek,Fitness and Recreational Sports Centers,Hotels/Casino/Entertainment
POOL AND SLIDE,Amusement and Theme Parks,Hotels/Casino/Entertainment
POOL AND SPLASH PAD FILTER SYSTEM,Amusement and Theme Parks,Hotels/Casino/Entertainment
Pool Bathhouse,Fitness and Recreational Sports Centers,Hotels/Casino/Entertainment
Pool Bldg 2,Fitness and Recreational Sports Centers,Hotels/Casino/Entertainment
Pool Bldg 3,Fitness and Recreational Sports Centers,Hotels/Casino/Entertainment
Pool Bldg 4,Fitness and Recreational Sports Centers,Hotels/Casino/Entertainment
Pool Bldg 5,Fitness and Recreational Sports Centers,Hotels/Casino/Entertainment
Pool Building,Fitness and Recreational Sports Centers,Hotels/Casino/Entertainment
Pool Cabana,Fitness and Recreational Sports Centers,Hotels/Casino/Entertainment
POOL CABANAS & RESTAURANT,Fitness and Recreational Sports Centers,Hotels/Casino/Entertainment
Pool Equip House,Fitness and Recreational Sports Centers,Hotels/Casino/Entertainment
Pool Equipment Building,Fitness and Recreational Sports Centers,Hotels/Casino/Entertainment
POOL FILTER BUILDING,Fitness and Recreational Sports Centers,Hotels/Casino/Entertainment
Pool House,Fitness and Recreational Sports Centers,Hotels/Casino/Entertainment
POOL HOUSE - RESTROOM BUILDING,Fitness and Recreational Sports Centers,Hotels/Casino/Entertainment
Pool House & Bath,Fitness and Recreational Sports Centers,Hotels/Casino/Entertainment
Pool House Ladies,Fitness and Recreational Sports Centers,Hotels/Casino/Entertainment
Pool House r/a: Motels and Hotels without Cooking - Over 30 Units,Motels,Hotels/Casino/Entertainment
POOL II,Fitness and Recreational Sports Centers,Hotels/Casino/Entertainment
Pool Pavilion,Fitness and Recreational Sports Centers,Hotels/Casino/Entertainment
Pool Pump Building,Fitness and Recreational Sports Centers,Hotels/Casino/Entertainment
Pool Pump House,Fitness and Recreational Sports Centers,Hotels/Casino/Entertainment
Pool Pump Room,Fitness and Recreational Sports Centers,Hotels/Casino/Entertainment
Pool Rest Room  U-2,Fitness and Recreational Sports Centers,Hotels/Casino/Entertainment
Pool Restroom,Fitness and Recreational Sports Centers,Hotels/Casino/Entertainment
POOL RESTROOM - CONCESSION BUILDING,Fitness and Recreational Sports Centers,Hotels/Casino/Entertainment
Pool Restrooms,Fitness and Recreational Sports Centers,Hotels/Casino/Entertainment
Pool Snack Shop,Fitness and Recreational Sports Centers,Hotels/Casino/Entertainment
POOL STORE,Miscellaneous Retailers,Retail
Pools,Fitness and Recreational Sports Centers,Hotels/Casino/Entertainment
Portable Classrooms (6),Schools,Education
Portable Concession Stand,Restaurants - Fast Food,Retail
Portable Office,Offices,Offices
Portland office,Offices,Offices
"Post Logistics
(3rd Party Warehouse)",General Warehousing and Storage - Non-Hazardous,Storage and Wholesale Trade
POST OFFICE,Offices,Offices
Potable Water Supply Building,Water Supply and Irrigation Systems,Utilities
POTATO BARN,Livestock Farming,Agriculture/Farming
Potato Road Pedigree Farm,Livestock Farming,Agriculture/Farming
"Poultry Bldgs (12), Rensidence (2) Utility Bldgs (2) & Hoop House",Poultry Hatcheries,Agriculture/Farming
Poultry egg hatching,Poultry Hatcheries,Agriculture/Farming
Poultry farm,Poultry Production,Agriculture/Farming
Poultry Further Processing,Poultry Processing,Food
Poultry further processing and Freezer storage,Poultry Processing,Food
Poultry Hatchery,Poultry Hatcheries,Agriculture/Farming
Poultry live production offices and warehouse and truck wash,General Warehousing and Storage - Non-Hazardous,Storage and Wholesale Trade
Poultry Processing and cooking,Poultry Processing,Food
Poultry Processing facility   ,Poultry Processing,Food
Poultry processing facility - 2 buildings separated by a road between the buildings,Poultry Processing,Food
Poultry processing plant and further processing plant.  Includes water treatment facility.,Poultry Processing,Food
Poulty Buildings and Residence,Mid Rise Apartments - 5-9 stories,Habitational
Powell Crosley Museum,Museums,Hotels/Casino/Entertainment
Powell Park Art Center,Governmental Office & Administration,Govermental/Municipal
Power Bld,T&D,Utilities
Power Plant Building,T&D,Utilities
Precious Metal Recycling Operation,Metal Product Manufacturing,Light Industry
Prep Kitchen,Restaurants - Not Fast Food,Retail
Preschool,Day Care,Health Services
Pre-school,Schools,Education
President's Garage/apt.,Mid Rise Apartments - 5-9 stories,Habitational
President's Residence,Mid Rise Apartments - 5-9 stories,Habitational
Press Box / Storage,General Warehousing and Storage - Non-Hazardous,Storage and Wholesale Trade
Pressure Reducing Station,Water Supply and Irrigation Systems,Utilities
pressure tank,Water Supply and Irrigation Systems,Utilities
Pride/Chaneyville Library,Library,Govermental/Municipal
Primary,Single Family Dwellings,Habitational
Primary Care Clinic,Home Health Care Service,Health Services
Primary occupied by relative,Single Family Dwellings,Habitational
Primary Owner Occupied,Single Family Dwellings,Habitational
Primary School,Schools,Education
Print production,Printing (Commercial),Light Industry
Print Shop/MailRoom/Contact Center,Printing (Commercial),Light Industry
Printers,Printing (Commercial),Light Industry
PRINTING CO.,Printing (Commercial),Light Industry
PRINTING MFG.,Printing (Commercial),Light Industry
Printing/Publishing,Printing (Commercial),Light Industry
PRISON 10- U100,Correctional Institutions and Prisons,Govermental/Municipal
PRISON 13- M105,Correctional Institutions and Prisons,Govermental/Municipal
PRISON 14- M106,Correctional Institutions and Prisons,Govermental/Municipal
PRISON 7- PUMP HOUSE,Correctional Institutions and Prisons,Govermental/Municipal
PRISON 8- STORAGE BUILDING,Correctional Institutions and Prisons,Govermental/Municipal
PRISON 9- J101,Correctional Institutions and Prisons,Govermental/Municipal
Prison/Halfway House,Correctional Institutions and Prisons,Govermental/Municipal
Pritchett Field Ticket Office,Offices,Offices
Private Club,Fitness and Recreational Sports Centers,Hotels/Casino/Entertainment
Private office,Offices,Offices
Private Residence,Mid Rise Apartments - 5-9 stories,Habitational
Pro Shop - Office,Offices,Offices
PROBATION OFFICE,Offices,Offices
Processing/Warehouse,General Warehousing and Storage - Non-Hazardous,Storage and Wholesale Trade
Product Storage Building,General Warehousing and Storage - Non-Hazardous,Storage and Wholesale Trade
Production & office,Offices,Offices
PRODUCTION AND OFFICE,Offices,Offices
"Production Center, Hatchery",Poultry Hatcheries,Agriculture/Farming
"Production Center, Hatchery & Office",Offices,Offices
"Production Center, Hatchery, Whse & Office",Offices,Offices
"Production Center, Office, Warehouse",General Warehousing and Storage - Non-Hazardous,Storage and Wholesale Trade
"Production Ctr, Office & Hatchery",Offices,Offices
Production Office,Offices,Offices
"Production, warehouse",General Warehousing and Storage - Non-Hazardous,Storage and Wholesale Trade
"Production, warehouse and offices",General Warehousing and Storage - Non-Hazardous,Storage and Wholesale Trade
"Production, warehouse, office",General Warehousing and Storage - Non-Hazardous,Storage and Wholesale Trade
"Production, warehouse, truck docks and office buildings",General Warehousing and Storage - Non-Hazardous,Storage and Wholesale Trade
Professional Services,Miscellaneous Retailers,Retail
Professional Services - Office Buildings,Offices,Offices
Professional Services - Other business services,Offices,Offices
Professional Services (Offices),Offices,Offices
"Professional, Tech and Business Services - 8",Offices,Offices
"Professional, Technical & Business Services",Offices,Offices
"Professional, Technical and Business Services",Offices,Offices
"Professional, Technical and Business Services   -ATC 8",Offices,Offices
"Professional, Technical and Business Services - Emergency Services",Offices,Offices
"Professional, Technical and Business Services - Governmental",Offices,Offices
"Professional, Technical And Business Services - OC 8",Offices,Offices
"Professional, Technical and Business Services - Offices",Offices,Offices
Professional/Technical/Business Services,Offices,Offices
Project Office,Offices,Offices
Property distribution center,General Warehousing and Storage - Non-Hazardous,Storage and Wholesale Trade
Property in Storage,General Warehousing and Storage - Non-Hazardous,Storage and Wholesale Trade
PROPERTY LRO,Single Family Dwellings,Habitational
PROPERTY OWNER,Single Family Dwellings,Habitational
Psychosocial rehabilitation patient mall and housing,Rehabilitation Facility,Health Services
PUB,"Lounges, Night Clubs, Discos",Retail
Pub W/Apartments,Mid Rise Apartments - 5-9 stories,Habitational
PUB/DELI,Supermarkets and Grocery,Retail
PUB/RESTAURANT,Restaurants - Not Fast Food,Retail
Public Access Campground - Day Use - Kiosk with Maps and information,Temporary Camps and Campgrounds,Hotels/Casino/Entertainment
"Public Access Day Use - Permanent Structure, Informational Kiosk, Bridge, and Pick nick Areas",Governmental Office & Administration,Govermental/Municipal
Public Admin Building,Offices,Offices
public bathroom,Governmental Office & Administration,Govermental/Municipal
"Public Day Use Area, and Educational Kiosk, and Fish Barrier to study Fish migration and numbers in stream.",Seafood Processing - Fresh and Frozen,Food
Public Day Use Recreation Area - Concrete Vault Toilet,Governmental Office & Administration,Govermental/Municipal
Public Day Use Recreation Area - Concrete Vault Toilet with 3000 Gal Septic Tank,Governmental Office & Administration,Govermental/Municipal
Public Day Use Recreation Area - Educational Kiosk and Pedestrian Footbridge,Governmental Office & Administration,Govermental/Municipal
Public Day Use Recreation Area - Permanent Structure Shelter w/Informational Kiosk and Trails,Governmental Office & Administration,Govermental/Municipal
Public Day Use Recreation Area - Public Information and Maps of area and view point,Governmental Office & Administration,Govermental/Municipal
Public Day Use Recreation Area - Public Restroom,Governmental Office & Administration,Govermental/Municipal
Public Day Use Recreation Area - Public Toilet,Governmental Office & Administration,Govermental/Municipal
Public Day Use Recreation Area - Public Toilet - Concrete Vault Toilet,Governmental Office & Administration,Govermental/Municipal
Public day use recreation area - Public toilet - concrete vault toilet - Gunnerson single,Governmental Office & Administration,Govermental/Municipal
Public Day Use Recreation Area - Public Toilet - Concrete Vault Toilet #1,Governmental Office & Administration,Govermental/Municipal
Public Day Use Recreation Area - Public Toilet - Concrete Vault Toilet #2,Governmental Office & Administration,Govermental/Municipal
Public Day Use Recreation Area - Public Toilet - Concrete Vault Toilet #3,Governmental Office & Administration,Govermental/Municipal
Public Day Use Recreation Area - Public Toilet - Concrete Vault Toilet (Double Toilet),Governmental Office & Administration,Govermental/Municipal
Public Day Use Recreation Area - Public Toilet - Concrete Vault Toilet (double),Governmental Office & Administration,Govermental/Municipal
Public Day Use Recreation Area - Public Toilet and Picknick Shelter,Governmental Office & Administration,Govermental/Municipal
Public Day Use Recreation Area - Shelter with Picknick Tables,Governmental Office & Administration,Govermental/Municipal
Public Day Use Recreation Area - Storage Area for Campground Wood and Supplies,Wood Products Manufacturing,Heavy Industry
"Public day use, recreational site, some night time use for campers",Governmental Office & Administration,Govermental/Municipal
Public Education Office,Offices,Offices
Public Entity,Governmental Office & Administration,Govermental/Municipal
Public Health,Home Health Care Service,Health Services
PUBLIC LIBRARY,Library,Govermental/Municipal
Public rest room building,Governmental Office & Administration,Govermental/Municipal
Public Restroom,Governmental Office & Administration,Govermental/Municipal
Public Safety Annex,Governmental Office & Administration,Govermental/Municipal
Public Safety Building,Governmental Office & Administration,Govermental/Municipal
Public Safety Complex Maintenance Bldg,Governmental Office & Administration,Govermental/Municipal
Public Safety Complex Parking Garage,Governmental Office & Administration,Govermental/Municipal
Public Safety Headquarters,Governmental Office & Administration,Govermental/Municipal
Public Safety Training Center,Governmental Office & Administration,Govermental/Municipal
Public Service Building,Governmental Office & Administration,Govermental/Municipal
Public Service Garage,Governmental Office & Administration,Govermental/Municipal
Public travel information,Governmental Office & Administration,Govermental/Municipal
Public travel information (public abandoned location operations 12/2017),Governmental Office & Administration,Govermental/Municipal
public use,Governmental Office & Administration,Govermental/Municipal
Public Use Facility,Governmental Office & Administration,Govermental/Municipal
public use restroom,Governmental Office & Administration,Govermental/Municipal
"public use, restroom",Governmental Office & Administration,Govermental/Municipal
PUBLIC WORKS,Governmental Office & Administration,Govermental/Municipal
PUBLIC WORKS - STORM WATER,Governmental Office & Administration,Govermental/Municipal
PUBLIC WORKS ANNEX,Governmental Office & Administration,Govermental/Municipal
Public Works Building,Governmental Office & Administration,Govermental/Municipal
Public Works Department,Governmental Office & Administration,Govermental/Municipal
Public Works Facility,Governmental Office & Administration,Govermental/Municipal
Public Works Garage,Governmental Office & Administration,Govermental/Municipal
PUBLIC WORKS GARAGE - MAINTENANCE,Governmental Office & Administration,Govermental/Municipal
Public Works Headquarters,Governmental Office & Administration,Govermental/Municipal
Public Works Office,Governmental Office & Administration,Govermental/Municipal
Public Works Offices,Governmental Office & Administration,Govermental/Municipal
PUBLIC WORKS OPERATIONS BUILDING,Governmental Office & Administration,Govermental/Municipal
PUBLIC WORKS SHED 115'x22',General Warehousing and Storage - Non-Hazardous,Storage and Wholesale Trade
Public Works Shop,Governmental Office & Administration,Govermental/Municipal
Pulmonary Disease Assoc.,Home Health Care Service,Health Services
Pump,Water Supply and Irrigation Systems,Utilities
Pump & Switch Gear,Water Supply and Irrigation Systems,Utilities
pump & water source protection,Water Supply and Irrigation Systems,Utilities
Pump House,Water Supply and Irrigation Systems,Utilities
Pump House and Tank for water,Water Supply and Irrigation Systems,Utilities
Pump House and Well,Water Supply and Irrigation Systems,Utilities
Pump House COUTES,Water Supply and Irrigation Systems,Utilities
Pump House for compound water,Water Supply and Irrigation Systems,Utilities
pump house in day use area A,Water Supply and Irrigation Systems,Utilities
Pump House Museum,Water Supply and Irrigation Systems,Utilities
Pump Houses,Water Supply and Irrigation Systems,Utilities
Pump Station,Water Supply and Irrigation Systems,Utilities
Pump Station - Submersible Pump ONLY,Water Supply and Irrigation Systems,Utilities
Pump Storage Shed,Water Supply and Irrigation Systems,Utilities
Pumphouse,Water Supply and Irrigation Systems,Utilities
Pumphouse  chainlink fence surrounds the building,Water Supply and Irrigation Systems,Utilities
Pumphouse  currently not in use,Water Supply and Irrigation Systems,Utilities
Pumphouse chlorination pool filter building,Water Supply and Irrigation Systems,Utilities
Pumphouse -currently not in service,Water Supply and Irrigation Systems,Utilities
Pumphouse currently not in use,Water Supply and Irrigation Systems,Utilities
Pumphouse for irrigation,Water Supply and Irrigation Systems,Utilities
pumphouse for irrigation system,Water Supply and Irrigation Systems,Utilities
Pumphouse irrigation day use at Swim Beach,Water Supply and Irrigation Systems,Utilities
Pumphouse- portable water filtration pump hose,Water Supply and Irrigation Systems,Utilities
Pumphouse sewer lift bldg for DU,Water Supply and Irrigation Systems,Utilities
Pumphouse shed,General Warehousing and Storage - Non-Hazardous,Storage and Wholesale Trade
pumphouse treatment sewer bldg,Water & Sewage Treatment Facilities,Utilities
Pumphouse: not in use,Water Supply and Irrigation Systems,Utilities
Pumphouse; managed by US Forest Svc,Water Supply and Irrigation Systems,Utilities
Pumphouse; pressure tank and access to water pipe ;no pump,Water Supply and Irrigation Systems,Utilities
Pumphouse= not in use; using as storage,General Warehousing and Storage - Non-Hazardous,Storage and Wholesale Trade
Pumphouse-block,Water Supply and Irrigation Systems,Utilities
pumphouse-chlorinator building - cinder block,Water Supply and Irrigation Systems,Utilities
Pumphouse-potable water filter,Water Supply and Irrigation Systems,Utilities
Pumps,Water Supply and Irrigation Systems,Utilities
Putt Putt & Surf Shack,Golf Courses and Country Clubs,Hotels/Casino/Entertainment
Putt Putt Course,Golf Courses and Country Clubs,Hotels/Casino/Entertainment
Quadplex,Single Family Dwellings,Habitational
Quarry Office Bldg.,Offices,Offices
R&D and Support Services;  7 personnel,Offices,Offices
R&D Center; Labs;  70+ personnel,Laboratories,Health Services
R&D small office;  4 personnel on site,Offices,Offices
R&D;   Global Functional Support;   20+ personnel,Offices,Offices
Race Track-Festival Grounds,Non-Motor Racetracks w/o garages,Hotels/Casino/Entertainment
Rack Storage of Files in Boxes on Shelves.   Currently 722K boxes at this location. ,General Warehousing and Storage - Non-Hazardous,Storage and Wholesale Trade
Rack Storage of Files in Boxes on Shelves.  approx  570K boxes on shelves,General Warehousing and Storage - Non-Hazardous,Storage and Wholesale Trade
"Rack Storage of Files in boxes on shelves.  Currently 1,761K boxes at this location ",General Warehousing and Storage - Non-Hazardous,Storage and Wholesale Trade
"Rack Storage of Files in Boxes on Shelves:  @ 6349 E. Slauson Bldg. approx 767K boxes; divided into four fire areas by parapetted, 3 hr. walls",General Warehousing and Storage - Non-Hazardous,Storage and Wholesale Trade
Radio,Tv and Radio Stations,Communications
Radio and Communications Equipment,Tv and Radio Stations,Communications
"Radio Base Station, Relay Equipment, and Antenna",Tv and Radio Stations,Communications
Radio broadcasting,Tv and Radio Stations,Communications
"Radio Building, Tower, and Communications Equipment",Tv and Radio Stations,Communications
Radio Communications,Tv and Radio Stations,Communications
Radio Equipment,Tv and Radio Stations,Communications
Radio Equipment Building,Tv and Radio Stations,Communications
RADIO HOUSE,Tv and Radio Stations,Communications
Radio or TV Broadcasters,Tv and Radio Stations,Communications
Radio or TV Broadcasting Stations - Other than Not-For-Profit,Tv and Radio Stations,Communications
Radio or TV Broadcasting Stations - Other than Not-For-Profit - Without stage and without scenery storage,General Warehousing and Storage - Non-Hazardous,Storage and Wholesale Trade
Radio Repeater - Pump Station,Tv and Radio Stations,Communications
RADIO REPEATER BUILDING,Tv and Radio Stations,Communications
Radio site with concrete building,Tv and Radio Stations,Communications
Radio Station,Tv and Radio Stations,Communications
Radio Station/Offices,Tv and Radio Stations,Communications
Radio Tower,Tv and Radio Stations,Communications
RADIO TOWER & BUILDING,Tv and Radio Stations,Communications
Radio Tower and Equipment Storage,General Warehousing and Storage - Non-Hazardous,Storage and Wholesale Trade
"Radio tower, and Communications Equipment",Tv and Radio Stations,Communications
Radio/TV/Recording Studio or Theater,Recording Studio,Hotels/Casino/Entertainment
RADIOLOGY CLINIC,Hospital,Health Services
Radiopharmacy,Pharmacies and Drug Stores,Retail
Rail Spur,Heavy Rail,Transportation
Rail Spurs,Heavy Rail,Transportation
rail track and accessories,Heavy Rail,Transportation
Rail Transfer Station,Heavy Rail,Transportation
Rail Unloading,Heavy Rail,Transportation
RAILDROAD MUSEUM,Museums,Hotels/Casino/Entertainment
Railroad,Heavy Rail,Transportation
Railroad Car Ship,Heavy Rail,Transportation
Railroad Depot,Heavy Rail,Transportation
RAILROAD MUSEUM,Museums,Hotels/Casino/Entertainment
Railroad Siding,Heavy Rail,Transportation
Railroad siding tracks/trestles,Heavy Rail,Transportation
Railroad Street Warehouse,General Warehousing and Storage - Non-Hazardous,Storage and Wholesale Trade
Railway Museum,Heavy Rail,Transportation
Railway Museum and Train Tracks,Museums,Hotels/Casino/Entertainment
Ranch Foreman's Residence,Mid Rise Apartments - 5-9 stories,Habitational
Range Club House,Lodges and Clubs,Hotels/Casino/Entertainment
Range Operations and Storage,General Warehousing and Storage - Non-Hazardous,Storage and Wholesale Trade
Ranger booth office,Offices,Offices
Ranger Office,Offices,Offices
Ranger office and meeting room,Offices,Offices
Ranger's office and motor boats,Offices,Offices
Raquetball Court,Courts,Govermental/Municipal
Raw Product Whs,General Warehousing and Storage - Non-Hazardous,Storage and Wholesale Trade
Raw Sewage Pump Station,Water & Sewage Treatment Facilities,Utilities
RBT,Unknown,Unknown
RC OFFICE WIA STAFF,Offices,Offices
Rdc Office Government Building,Offices,Offices
RDC Offices,Offices,Offices
REA Meeting Hall,Full-Service Hotel,Hotels/Casino/Entertainment
Reagent Storage Building,General Warehousing and Storage - Non-Hazardous,Storage and Wholesale Trade
Reagent Storage by Stab #3,General Warehousing and Storage - Non-Hazardous,Storage and Wholesale Trade
Real Estate,Single Family Dwellings,Habitational
Real Estate Agent,Offices,Offices
Real Estate Agents,Offices,Offices
REAL ESTATE OFFICE,Offices,Offices
Receiving,General Warehousing and Storage - Non-Hazardous,Storage and Wholesale Trade
Receiving and Delivery (R&D) Bldg.,Offices,Offices
Receiving Building & Thermal Lab,Laboratories,Health Services
"Receiving, warehousing & storage",General Warehousing and Storage - Non-Hazardous,Storage and Wholesale Trade
Receiving/Electrical,T&D,Utilities
Record Storage Mobile Building 23',General Warehousing and Storage - Non-Hazardous,Storage and Wholesale Trade
Recording Studio,Recording Studio,Hotels/Casino/Entertainment
Records and Archives Storage,General Warehousing and Storage - Non-Hazardous,Storage and Wholesale Trade
Records Building,General Warehousing and Storage - Non-Hazardous,Storage and Wholesale Trade
Records retention,Offices,Offices
Records Retention Building,Recording Studio,Hotels/Casino/Entertainment
Records Retention Center,Recording Studio,Hotels/Casino/Entertainment
RECORDS STORAGE BUILDING,General Warehousing and Storage - Non-Hazardous,Storage and Wholesale Trade
RECREATION - COURTROOM BUILDING,Fitness and Recreational Sports Centers,Hotels/Casino/Entertainment
Recreation Area - Public Toilet - Concrete Vault Toilet,Fitness and Recreational Sports Centers,Hotels/Casino/Entertainment
Recreation Area Trailhead - Public Toilet - Concrete Vault Toilet,Fitness and Recreational Sports Centers,Hotels/Casino/Entertainment
Recreation Building (Boys and Girls Club),Fitness and Recreational Sports Centers,Hotels/Casino/Entertainment
RECREATION CENTER,Fitness and Recreational Sports Centers,Hotels/Casino/Entertainment
RECREATION CENTER STAGE,Fitness and Recreational Sports Centers,Hotels/Casino/Entertainment
RECREATION COOKSHED,Fitness and Recreational Sports Centers,Hotels/Casino/Entertainment
Recreation Department,Fitness and Recreational Sports Centers,Hotels/Casino/Entertainment
Recreation Department Office,Offices,Offices
RECREATION FACILITY,Fitness and Recreational Sports Centers,Hotels/Casino/Entertainment
RECREATION FACILITY PROPOERTY,Fitness and Recreational Sports Centers,Hotels/Casino/Entertainment
RECREATION FIELD BUILDING,Fitness and Recreational Sports Centers,Hotels/Casino/Entertainment
RECREATION MAINTENANCE BLDG,Fitness and Recreational Sports Centers,Hotels/Casino/Entertainment
Recreation Office,Offices,Offices
Recreation Office Building,Offices,Offices
Recreation Pavilion,Governmental Office & Administration,Govermental/Municipal
RECREATION PAVILLON,Fitness and Recreational Sports Centers,Hotels/Casino/Entertainment
"Recreation Room, including indoor pool (Sports Fitness Building)",Fitness and Recreational Sports Centers,Hotels/Casino/Entertainment
Recreation Storage Building,General Warehousing and Storage - Non-Hazardous,Storage and Wholesale Trade
Recreation/shop/storage,General Warehousing and Storage - Non-Hazardous,Storage and Wholesale Trade
Recreation/Warehouse,General Warehousing and Storage - Non-Hazardous,Storage and Wholesale Trade
"Recreational Area, Day Use - Campground Picnic Shelter - Campground has: Tables, Fire Rings, Kiosk, Well, Pump, and Camping Sites",Fitness and Recreational Sports Centers,Hotels/Casino/Entertainment
Recreational Building,Fitness and Recreational Sports Centers,Hotels/Casino/Entertainment
Recreational Center,Fitness and Recreational Sports Centers,Hotels/Casino/Entertainment
RECREATIONAL ENCLOSURE,Fitness and Recreational Sports Centers,Hotels/Casino/Entertainment
"Recreational Facilities, Not Otherwise Classified",Fitness and Recreational Sports Centers,Hotels/Casino/Entertainment
Recreational Sport,Fitness and Recreational Sports Centers,Hotels/Casino/Entertainment
Recreational Sports Eqmt Rental Blgd,Fitness and Recreational Sports Centers,Hotels/Casino/Entertainment
Recreational Sports Portable Stg,Fitness and Recreational Sports Centers,Hotels/Casino/Entertainment
Recyclable Materials Stock,General Warehousing and Storage - Non-Hazardous,Storage and Wholesale Trade
Recycle Building,Recycling - All Other,Heavy Industry
RECYCLE CENTER,Recycling - All Other,Heavy Industry
Recycling,Recycling - All Other,Heavy Industry
Recycling /Shredding Facility,Recycling - All Other,Heavy Industry
Recycling Center,Recycling - All Other,Heavy Industry
RECYCLING CENTER - D AND M VARIETY,Recycling - All Other,Heavy Industry
RECYCLING CENTER BLDG,Recycling - All Other,Heavy Industry
Recycling Center for all items,Recycling - All Other,Heavy Industry
Recycling Center/Transfer Station,Recycling - All Other,Heavy Industry
"Recycling Facility, Office, Shop",Recycling - All Other,Heavy Industry
Recycling Facilty,Recycling - All Other,Heavy Industry
RECYCLING OFFICE,Recycling - All Other,Heavy Industry
Recycling Plant,Recycling - All Other,Heavy Industry
recycling yard,Recycling - All Other,Heavy Industry
"Recycling, Waste or Junk Storage",Miscellaneous Waste Management,Heavy Industry
RED CLAY THEATRE,Lodges and Clubs,Hotels/Casino/Entertainment
RED CLAY THEATRE SIGNS,Lodges and Clubs,Hotels/Casino/Entertainment
Redwood Dorm,Mid Rise Student Housing - 5-9 stories,Habitational
Refrigerated Storage for Tree Seedlings,Refrigerated Warehousing and Storage,Storage and Wholesale Trade
REFRIGERATION EQUIPMENT,Electrical Equipment and Component Manufacturing,Light Industry
Refrigeration Storage - The buildings at Peavy Arboretum are in use by the Oregon State University for study of Tree & Forest production and other horticulture programs. There is no ODF property or personnel onsite.,Refrigerated Warehousing and Storage,Storage and Wholesale Trade
Refrigeration Unit for Storage of Tree Seedlings,Refrigerated Warehousing and Storage,Storage and Wholesale Trade
"Refrigeration Unit for Storage of Tree Seedlings, and Storage of Hazardous materials",Refrigerated Warehousing and Storage,Storage and Wholesale Trade
Refueling of State Vehicles - Underground Fuel Tanks - Not a Public Site,Auto Dealers,Retail
Refuse Collection/Sorting,Recycling - All Other,Heavy Industry
Reggie's Deli - Cafe - Contents,Supermarkets and Grocery,Retail
Regional Cancer Center,Home Health Care Service,Health Services
Regional Cancer Center Expansion,Home Health Care Service,Health Services
Regional Development Center,Governmental Office & Administration,Govermental/Municipal
Regional Office,Offices,Offices
REGIONAL SHOPPING CENTER,Department Stores,Retail
REGIONS BANK - DDA,Offices,Offices
Registered Office,Offices,Offices
Registration booth- non public bldg. Used to ring in overnight camper tickets,Temporary Camps and Campgrounds,Hotels/Casino/Entertainment
Registration/Administration,Offices,Offices
Regus Office,Offices,Offices
REHABILITATION CENTER,Rehabilitation Facility,Health Services
Rehad & Health Centre,Home Health Care Service,Health Services
Rehearsal Studio,Fitness and Recreational Sports Centers,Hotels/Casino/Entertainment
Religion,"Church, Mosque or Synagogue",Religious/Churches
Religion and Nonprofit,"Church, Mosque or Synagogue",Religious/Churches
Religion and Nonprofit - 22,"Church, Mosque or Synagogue",Religious/Churches
Religion and Nonprofit - Churches or Other Houses of Worship,Single Family Dwellings,Habitational
Religion/Non-Profit,"Church, Mosque or Synagogue",Religious/Churches
Religion/Non-Profit - 22,"Church, Mosque or Synagogue",Religious/Churches
Religious Membership organizations,"Church, Mosque or Synagogue",Religious/Churches
Religious organizations,"Church, Mosque or Synagogue",Religious/Churches
Religious Social services,"Church, Mosque or Synagogue",Religious/Churches
Relocatable Office,Offices,Offices
Renaissance Festival/ Office,Offices,Offices
Renaissance Festival/Ticket Booth-Shop,Amusement and Theme Parks,Hotels/Casino/Entertainment
Renovation Residential,Mid Rise Apartments - 5-9 stories,Habitational
Renovations,Single Family Dwellings,Habitational
RENT HOUSE,Single Family Dwellings,Habitational
Rental,Single Family Dwellings,Habitational
Rental Apts.,Mid Rise Apartments - 5-9 stories,Habitational
Rental Duplex,Mid Rise Apartments - 5-9 stories,Habitational
Rental Dwelling,Single Family Dwellings,Habitational
Rental Dwellings,Single Family Dwellings,Habitational
RENTAL HALL,Full-Service Hotel,Hotels/Casino/Entertainment
Rental income from storage and parking,Parking Garages,Light Industry
Rental Property- Residential,Mid Rise Apartments - 5-9 stories,Habitational
RENTAL RESIDENCE,Mid Rise Apartments - 5-9 stories,Habitational
RENTAL RESIDENCE 2,Mid Rise Apartments - 5-9 stories,Habitational
Rental Single Family Dwelling,Single Family Dwellings,Habitational
RENTAL STORE,Miscellaneous Retailers,Retail
RENTAL TRAILER,Temporary Camps and Campgrounds,Hotels/Casino/Entertainment
Rented /Borrowed Equipment,Unknown,Unknown
Rented Office,Offices,Offices
Rented office space,Fitness and Recreational Sports Centers,Hotels/Casino/Entertainment
Rented/Borrowed Equipment @Fairgrounds,Amusement and Theme Parks,Hotels/Casino/Entertainment
Repair Barn,Livestock Farming,Agriculture/Farming
REPAIR GARAGE,Auto Repair Shop Garage,Retail
Repair Services,Auto Repair Shop Garage,Retail
Repair Services - Automotive repair and services,Auto Repair Shop Garage,Retail
REPAIR SHOP,Auto Repair Shop Garage,Retail
Repair Shop and Lab Building,Auto Repair Shop Garage,Retail
REPAIR SHOP/SERVICE,Auto Repair Shop Garage,Retail
REPAIR SHOP/SSERVICE,Auto Repair Shop Garage,Retail
Res. Grow Farm Residence,Mid Rise Apartments - 5-9 stories,Habitational
Resale Shop,Miscellaneous Retailers,Retail
Rescue Squad Building,Unknown,Unknown
Reseach Lab,Laboratories,Health Services
Research,Laboratories,Health Services
"Research Hatchery (8,338)",Poultry Hatcheries,Agriculture/Farming
Research Wallace Farm,Livestock Farming,Agriculture/Farming
Reserve & Crane Bend Golf Course,Golf Courses and Country Clubs,Hotels/Casino/Entertainment
RESERVOIR,Water Supply and Irrigation Systems,Utilities
RESERVOIR STAIRS only,Water Supply and Irrigation Systems,Utilities
Residence,Mid Rise Apartments - 5-9 stories,Habitational
Residence - 132 Woodcrest Circle,Single Family Dwellings,Habitational
RESIDENCE - ALLEN STREET,Mid Rise Apartments - 5-9 stories,Habitational
Residence - Bldg. #12,Mid Rise Apartments - 5-9 stories,Habitational
Residence - Highway 11 South,Mid Rise Apartments - 5-9 stories,Habitational
RESIDENCE - MAIN STREET,Mid Rise Apartments - 5-9 stories,Habitational
Residence - The buildings at Peavy Arboretum are in use by the Oregon State University for study of Tree & Forest production and other horticulture programs. There is no ODF property or personnel onsite.,Mid Rise Student Housing - 5-9 stories,Habitational
Residence - Unadilla,Mid Rise Apartments - 5-9 stories,Habitational
Residence - Youth Pstr  R-3,Mid Rise Apartments - 5-9 stories,Habitational
Residence 1,Mid Rise Apartments - 5-9 stories,Habitational
RESIDENCE 2,Mid Rise Apartments - 5-9 stories,Habitational
Residence 3,Mid Rise Apartments - 5-9 stories,Habitational
Residence 4,Mid Rise Apartments - 5-9 stories,Habitational
Residence 6,Mid Rise Apartments - 5-9 stories,Habitational
Residence for clients in training,Mid Rise Apartments - 5-9 stories,Habitational
Residence Garage,Mid Rise Apartments - 5-9 stories,Habitational
Residence Hall Dormitory,Mid Rise Student Housing - 5-9 stories,Habitational
"Residence Hall, Dormitory",Mid Rise Student Housing - 5-9 stories,Habitational
Residence House,Mid Rise Apartments - 5-9 stories,Habitational
Residence Life/Dormitory,Mid Rise Apartments - 5-9 stories,Habitational
Residence Unit 1,Mid Rise Apartments - 5-9 stories,Habitational
Residence Unit 116,Mid Rise Apartments - 5-9 stories,Habitational
Residence Unit 131,Mid Rise Apartments - 5-9 stories,Habitational
Residence Unit 2,Mid Rise Apartments - 5-9 stories,Habitational
Residence Units 101-102,Mid Rise Apartments - 5-9 stories,Habitational
Residence Units 107-108,Mid Rise Apartments - 5-9 stories,Habitational
Residence Units 110-111,Mid Rise Apartments - 5-9 stories,Habitational
Residence Units 112-113,Mid Rise Apartments - 5-9 stories,Habitational
Residence Units 114-115,Mid Rise Apartments - 5-9 stories,Habitational
Residence Units 117-118,Mid Rise Apartments - 5-9 stories,Habitational
Residence Units 119-120,Mid Rise Apartments - 5-9 stories,Habitational
Residence Units 1-2,Mid Rise Apartments - 5-9 stories,Habitational
Residence Units 121-122,Mid Rise Apartments - 5-9 stories,Habitational
Residence Units 123-124,Mid Rise Apartments - 5-9 stories,Habitational
Residence Units 127-128,Mid Rise Apartments - 5-9 stories,Habitational
Residence Units 129-130,Mid Rise Apartments - 5-9 stories,Habitational
Residence Units 13-16,Mid Rise Apartments - 5-9 stories,Habitational
Residence Units 132-133,Mid Rise Apartments - 5-9 stories,Habitational
Residence Units 134-135,Mid Rise Apartments - 5-9 stories,Habitational
Residence Units 136-137,Mid Rise Apartments - 5-9 stories,Habitational
Residence Units 138-139,Mid Rise Apartments - 5-9 stories,Habitational
Residence Units 140-141,Mid Rise Apartments - 5-9 stories,Habitational
Residence Units 142-143,Mid Rise Apartments - 5-9 stories,Habitational
Residence Units 144-145,Mid Rise Apartments - 5-9 stories,Habitational
Residence Units 146-147,Mid Rise Apartments - 5-9 stories,Habitational
Residence Units 17-20,Mid Rise Apartments - 5-9 stories,Habitational
Residence Units 21-22,Mid Rise Apartments - 5-9 stories,Habitational
Residence Units 3-4,Mid Rise Apartments - 5-9 stories,Habitational
Residence Units 5-8,Mid Rise Apartments - 5-9 stories,Habitational
Residence Units 9-12,Mid Rise Apartments - 5-9 stories,Habitational
residence vehicle garage,Auto Dealers,Retail
Residence with Garage - The buildings at Peavy Arboretum are in use by the Oregon State University for study of Tree & Forest production and other horticulture programs. There is no ODF property or personnel onsite.,Mid Rise Student Housing - 5-9 stories,Habitational
"Residence,  garage",Single Family Dwellings,Habitational
"Residence,  House",Mid Rise Apartments - 5-9 stories,Habitational
"Residence,  Manufactured",Single Family Dwellings,Habitational
"Residence, Duplex",Mid Rise Apartments - 5-9 stories,Habitational
"Residence, Garage",Single Family Dwellings,Habitational
"Residence, House",Mid Rise Apartments - 5-9 stories,Habitational
"Residence, Manufactured",Single Family Dwellings,Habitational
"Residence, RV/Mobile Home Port/PAD",Mid Rise Apartments - 5-9 stories,Habitational
Residence/Office,Mid Rise Apartments - 5-9 stories,Habitational
Residence-Home Office,Mid Rise Apartments - 5-9 stories,Habitational
Residential,Mid Rise Apartments - 5-9 stories,Habitational
Residential - Apartments,Mid Rise Apartments - 5-9 stories,Habitational
Residential - Duplex,Mid Rise Apartments - 5-9 stories,Habitational
Residential (owner occupied),Mid Rise Apartments - 5-9 stories,Habitational
Residential (Primary),Mid Rise Apartments - 5-9 stories,Habitational
Residential (Secondary),Mid Rise Apartments - 5-9 stories,Habitational
Residential / Multifamily,Mid Rise Apartments - 5-9 stories,Habitational
Residential Apartments,Mid Rise Apartments - 5-9 stories,Habitational
Residential Bldg,Mid Rise Apartments - 5-9 stories,Habitational
RESIDENTIAL BLDG GARAGE,Mid Rise Apartments - 5-9 stories,Habitational
Residential care,Mid Rise Apartments - 5-9 stories,Habitational
RESIDENTIAL CONDO,Mid Rise Apartments - 5-9 stories,Habitational
Residential Condominium,Mid Rise Condos - 5-9 stories,Habitational
Residential Condominium Assocation,Mid Rise Condos - 5-9 stories,Habitational
Residential Dwelling,Mid Rise Apartments - 5-9 stories,Habitational
RESIDENTIAL HOME,Mid Rise Apartments - 5-9 stories,Habitational
Residential Owner,Mid Rise Apartments - 5-9 stories,Habitational
Residential Secondary,Mid Rise Apartments - 5-9 stories,Habitational
Restantrant/Hall under renovations,Restaurants - Not Fast Food,Retail
RESTAURANT,Restaurants - Not Fast Food,Retail
Restaurant - 10,Restaurants - Not Fast Food,Retail
RESTAURANT - DARK HORSE,Restaurants - Not Fast Food,Retail
RESTAURANT - DARKHORSE,Restaurants - Not Fast Food,Retail
Restaurant - Fine Dining,Restaurants - Not Fast Food,Retail
Restaurant - leased out,Restaurants - Not Fast Food,Retail
Restaurant - to be purchased around July 2018,Restaurants - Not Fast Food,Retail
RESTAURANT & 2 APARTMENTS LRO,Restaurants - Not Fast Food,Retail
RESTAURANT & 5 APARTMENTS,Restaurants - Not Fast Food,Retail
RESTAURANT & 5APARTMENTS,Restaurants - Not Fast Food,Retail
RESTAURANT & APARTMENTS,Restaurants - Not Fast Food,Retail
RESTAURANT & BAR,Restaurants - Not Fast Food,Retail
RESTAURANT & HAB,Restaurants - Not Fast Food,Retail
RESTAURANT & LOUNGE,Restaurants - Not Fast Food,Retail
Restaurant & Retail LRO,Restaurants - Not Fast Food,Retail
Restaurant (5454),Restaurants - Not Fast Food,Retail
RESTAURANT / BAR / LOUNGE,Restaurants - Not Fast Food,Retail
Restaurant and 6 Apts,Restaurants - Not Fast Food,Retail
RESTAURANT APTS,Restaurants - Not Fast Food,Retail
restaurant in hotel,Restaurants - Not Fast Food,Retail
Restaurant LRO/Apartments,Restaurants - Not Fast Food,Retail
RESTAURANT TRAIN DEPOT,Restaurants - Not Fast Food,Retail
RESTAURANT W/ BANQUET SPACE,Restaurants - Not Fast Food,Retail
Restaurant w/Apts,Restaurants - Not Fast Food,Retail
RESTAURANT WITH BAR,Restaurants - Not Fast Food,Retail
RESTAURANT WITH COMMERCIAL COOKING - CC 0542 / OC 47,Restaurants - Not Fast Food,Retail
RESTAURANT WITH LIMITED COOKING - CC 0545 / OC 47,Restaurants - Not Fast Food,Retail
Restaurant with Liquor,Restaurants - Not Fast Food,Retail
RESTAURANT& APT,Restaurants - Not Fast Food,Retail
"Restaurant, office space & apartment",Fitness and Recreational Sports Centers,Hotels/Casino/Entertainment
RESTAURANT/APT,Restaurants - Not Fast Food,Retail
RESTAURANT/BAR,Restaurants - Not Fast Food,Retail
Restaurant/Bar - 47,Restaurants - Not Fast Food,Retail
Restaurant/Bar/Tavern,Restaurants - Not Fast Food,Retail
Restaurant/Lounge,Restaurants - Not Fast Food,Retail
Restaurant/Print Shop,Restaurants - Not Fast Food,Retail
RESTAURANT/STORAGE,Restaurants - Not Fast Food,Retail
RESTAURANT-3,Restaurants - Not Fast Food,Retail
Restaurants,Restaurants - Not Fast Food,Retail
Restaurants  -ATC 47,Restaurants - Not Fast Food,Retail
Restaurants - Less than 75% alcohol sales,Restaurants - Not Fast Food,Retail
Restaurants - operated by concessionaires other than Not-For-Profit - With limited cooking,Restaurants - Not Fast Food,Retail
Restaurants – With limited cooking,Restaurants - Not Fast Food,Retail
Restaurants – with no sale of alcoholic beverages – with table service - With limited cooking,Restaurants - Not Fast Food,Retail
Restaurants – with no sale of alcoholic beverages – without seating - With limited cooking,Restaurants - Not Fast Food,Retail
"Restaurants – with no sale of alcoholic beverages – without table service, with seating - With limited cooking",Restaurants - Not Fast Food,Retail
Restaurants - with sale of alcoholic beverages,Restaurants - Not Fast Food,Retail
Restaurants – with sale of alcoholic beverages that are 30% or more of but less than 75% of the total annual receipts of the restaurants – with dance floor - With limited cooking,Restaurants - Not Fast Food,Retail
Restaurants – with sale of alcoholic beverages that are 30% or more of but less than 75% of the total annual receipts of the restaurants – without dance floor - With limited cooking,Restaurants - Not Fast Food,Retail
Restaurants – with sale of alcoholic beverages that are 75% or more of total annual receipts of the restaurants – bar service only (no tables): with dance floor - With limited cooking,Restaurants - Not Fast Food,Retail
Restaurants or Food Cooking Stores,Restaurants - Not Fast Food,Retail
"Restaurants, Delicatessan-with cooking",Restaurants - Not Fast Food,Retail
"Restauraunt, Bar or Tavern","Lounges, Night Clubs, Discos",Retail
Restroom / Laundry,Laundry,Retail
Restruant,Restaurants - Not Fast Food,Retail
Resturant,Restaurants - Not Fast Food,Retail
Resturant/ Print Shop,Restaurants - Not Fast Food,Retail
Retail,Miscellaneous Retailers,Retail
RETAIL - CC 0921 / OC 5,Miscellaneous Retailers,Retail
RETAIL - CO-OP,Miscellaneous Retailers,Retail
RETAIL - FLAGSHIP,Miscellaneous Retailers,Retail
RETAIL - OUTLET,Miscellaneous Retailers,Retail
RETAIL - REGIONAL,Miscellaneous Retailers,Retail
Retail & Office,Miscellaneous Retailers,Retail
Retail (1 tenant),Miscellaneous Retailers,Retail
Retail (Petco),Miscellaneous Retailers,Retail
Retail / Commercial Outlet Center,Strip Mall,Retail
RETAIL BEVERAGE & RECYCLING CENTER,Unknown,Unknown
RETAIL BUILDING,Miscellaneous Retailers,Retail
RETAIL BUILDING - BRASSIE,Miscellaneous Retailers,Retail
RETAIL BUILDING - HIGHWAY 53,Miscellaneous Retailers,Retail
Retail Building LRO,Miscellaneous Retailers,Retail
Retail Center,Miscellaneous Retailers,Retail
retail clinic,Home Health Care Service,Health Services
RETAIL CONDOS,Mid Rise Condos - 5-9 stories,Habitational
RETAIL General - CC 0921 / OC 5,Miscellaneous Retailers,Retail
RETAIL GOURMET FOOD STORE,Miscellaneous Retailers,Retail
Retail Hot Tub Sales,Miscellaneous Retailers,Retail
RETAIL JEWELRY,Miscellaneous Retailers,Retail
retail lessors risk,Miscellaneous Retailers,Retail
RETAIL OFFICE,Offices,Offices
Retail Outlet,Miscellaneous Retailers,Retail
Retail Pad Site,Miscellaneous Retailers,Retail
Retail Paint Store,Miscellaneous Retailers,Retail
RETAIL SALES BALLOONS AND PARTY ITEMS,Miscellaneous Retailers,Retail
RETAIL SHOP,Miscellaneous Retailers,Retail
Retail Shopping Center,Shopping Mall (Enclosed),Retail
"Retail shops - Big Lots, Vacant Space",Mid Rise Apartments - 5-9 stories,Habitational
Retail Space,Fitness and Recreational Sports Centers,Hotels/Casino/Entertainment
Retail Spas Billiards,Fitness and Recreational Sports Centers,Hotels/Casino/Entertainment
RETAIL STORE,Miscellaneous Retailers,Retail
Retail Store & Parking,Parking Garages,Light Industry
Retail Store (feed),Miscellaneous Retailers,Retail
RETAIL STORE -60% THEATER-CINEMA - 40%,Cinemas,Retail
"Retail Store, Warehouse & Offices",General Warehousing and Storage - Non-Hazardous,Storage and Wholesale Trade
RETAIL STORE/3-HABITATI,Miscellaneous Retailers,Retail
Retail Stores,Miscellaneous Retailers,Retail
Retail Stores & Apartments,Miscellaneous Retailers,Retail
Retail Stores & Apts,Miscellaneous Retailers,Retail
Retail stores and other retail trade,Miscellaneous Retailers,Retail
Retail Stores/ Resturant,Miscellaneous Retailers,Retail
Retail Strip Center,Strip Mall,Retail
Retail Trade,Miscellaneous Retailers,Retail
Retail Trade   -ATC 5,Miscellaneous Retailers,Retail
Retail Trade - 5,Miscellaneous Retailers,Retail
Retail w/ Apartments Above,Mid Rise Apartments - 5-9 stories,Habitational
Retail/Apts,Miscellaneous Retailers,Retail
Retail/Fitness Center,Fitness and Recreational Sports Centers,Hotels/Casino/Entertainment
Retail/Habitational,Miscellaneous Retailers,Retail
Retail/Office,Miscellaneous Retailers,Retail
Retail/Office Bldg.,Offices,Offices
Retail/Offices,Miscellaneous Retailers,Retail
Retail/Restaurant/Apartment,Mid Rise Apartments - 5-9 stories,Habitational
Retail/Whsl Food & Bev,Grocery Merchant Wholesalers,Storage and Wholesale Trade
Retail:  Shopping Center,Strip Mall,Retail
Retail:  Shopping Center (+5 tenants),Strip Mall,Retail
Retail:  Shopping Center (>5 Tenants),Strip Mall,Retail
Retail:  Shopping Center (1 tenant),Strip Mall,Retail
Retail:  Shopping Center (3 tenants),Strip Mall,Retail
Retail:  Shopping Center (4 Tenants),Strip Mall,Retail
Retail:  Shopping Center (Rockland Trust Bldg),Strip Mall,Retail
Retail:  Shopping Center (Sovereign Bank Bldg),Strip Mall,Retail
Retail:  Shopping Retail Strip Mall/Parking Lot,Strip Mall,Retail
Retail: Shopping Center,Strip Mall,Retail
Retail: Shopping Center (>5 tenants),Strip Mall,Retail
Retail: Shopping Center (1 tenant),Strip Mall,Retail
Retail: Shopping Center (3 tenants),Strip Mall,Retail
Retail: Shopping Retail Strip Mall/Parking Lot,Strip Mall,Retail
retial lessors risk,Miscellaneous Retailers,Retail
Retil,Miscellaneous Retailers,Retail
Retired Hog,Other Electric Power Generation,Utilities
rice pack.,Cannery - Fruits and Vegetables,Food
Rice Production,Rice Mill,Food
Ride-Carousel,Amusement and Theme Parks,Hotels/Casino/Entertainment
Rides & Equipment in Barn on 10 Acres,General Warehousing and Storage - Non-Hazardous,Storage and Wholesale Trade
"Riffey Farm
Leased Facility",Livestock Farming,Agriculture/Farming
Ritz Park Pavilion,Lodges and Clubs,Hotels/Casino/Entertainment
Ritz Theater,Cinemas,Retail
"River Center - Arena, Ballroom, Exh. Phase I & llb",Large Stadium & Arenas,Hotels/Casino/Entertainment
River Center Theater,Cinemas,Retail
River Island - East Pool Bar,Fitness and Recreational Sports Centers,Hotels/Casino/Entertainment
River Island - Island Golf (including course),Golf Courses and Country Clubs,Hotels/Casino/Entertainment
River Island - Mini Golf Course (Island Golf),Golf Courses and Country Clubs,Hotels/Casino/Entertainment
River Island - Pool,Fitness and Recreational Sports Centers,Hotels/Casino/Entertainment
River Island - West Pool Bar,Fitness and Recreational Sports Centers,Hotels/Casino/Entertainment
River Quest School,Schools,Education
River Valley Farm,Livestock Farming,Agriculture/Farming
Riverpoint Marketplace Shopping Center East = 76% and West = 26%,Strip Mall,Retail
RIVERSIDE COMMUNITY CENTER,Governmental Office & Administration,Govermental/Municipal
RIVERVIEW PARK PLAYGROUND,Fitness and Recreational Sports Centers,Hotels/Casino/Entertainment
"Riverwalk Professional Center
Outpatient Radiology @ Riverwalk, LPG Memory Care, LPG Call Center, Lee Lab Services",Hospital,Health Services
Riverwalk Sports Med & Rehabilitation Clinic,Home Health Care Service,Health Services
ROBERTS SCHOOL,Schools,Education
Robstown Office -- Duplicate with Receiving,Offices,Offices
Rocky Bluff Library,Library,Govermental/Municipal
Rolling Stock,Rolling Stock,Transportation
Ron Randleman Weight & Fitness Ctr,Fitness and Recreational Sports Centers,Hotels/Casino/Entertainment
ROOING HOUSE/APARTMENTS,Mid Rise Apartments - 5-9 stories,Habitational
ROOMING HOUSE,Single Family Dwellings,Habitational
ROOMING HOUSE & APTS,Mid Rise Apartments - 5-9 stories,Habitational
ROOMING HOUSE/VAC SEC,Single Family Dwellings,Habitational
Rose Cottage Museum,Museums,Hotels/Casino/Entertainment
Rosenberg Elementary,Schools,Education
ROSSER PAVILION,Lodges and Clubs,Hotels/Casino/Entertainment
Rozar Park - Large Pavilion,Lodges and Clubs,Hotels/Casino/Entertainment
RR Spur,Railroad Rolling Stock Manufacturing,Heavy Industry
RTF Building (WDI Rail) Includes Rail  Ramps Spikes  Bolts  Anchors  Spurs  Hoist  tracks  etc,Heavy Rail,Transportation
RUBONIA YOUTH CENTER,Lodges and Clubs,Hotels/Casino/Entertainment
Rural Clinic,Home Health Care Service,Health Services
Rutledge Jail,Correctional Institutions and Prisons,Govermental/Municipal
RV Dump for State Owned Porti Potties - Not a Public Site,Governmental Office & Administration,Govermental/Municipal
Safety & Stab Office 24x32,Offices,Offices
Safety Office,Offices,Offices
SAFETY OFFICE/HOUSEKEEPING,Offices,Offices
SAFETY/ENVIRONMENTA,Miscellaneous Retailers,Retail
SAFETY/ENVIRONMENTA L PROTECTION SUPPLIERS,Miscellaneous Retailers,Retail
SAFETY/ENVIRONMENTAL PROTECTION SUPPLIERS,Miscellaneous Retailers,Retail
SAFETY/ENVIRONMENTAL PROTECTIONSUPPLIERS,Miscellaneous Retailers,Retail
SAGER PAVILION,Lodges and Clubs,Hotels/Casino/Entertainment
Sale Arena Storage,General Warehousing and Storage - Non-Hazardous,Storage and Wholesale Trade
Sales,Miscellaneous Retailers,Retail
Sales & Stocking,Offices,Offices
Sales (models under construction),Offices,Offices
Sales and Service Support,Offices,Offices
Sales and Service Support Operation,Offices,Offices
"Sales and Service Support, 4 personnel",Offices,Offices
Sales and Service Support;  ~6 personnel,Offices,Offices
Sales Center,Offices,Offices
Sales Gifting (expansion),Miscellaneous Retailers,Retail
Sales Models,Offices,Offices
Sales Office,Offices,Offices
Sales Office only,Offices,Offices
Sales office/warehouse,General Warehousing and Storage - Non-Hazardous,Storage and Wholesale Trade
Sales Offices,Offices,Offices
Sales Pit,Offices,Offices
"Sales, services or consulting org",Offices,Offices
"Sales, services or consultiong org",Offices,Offices
"Sales, stocking, service, repair",Auto Repair Shop Garage,Retail
Salesperson Office,Offices,Offices
SALON,Miscellaneous Retailers,Retail
SALON - BARBER SHOP,Miscellaneous Retailers,Retail
SALON/JEWELRY,Miscellaneous Retailers,Retail
SALON/SPA,Fitness and Recreational Sports Centers,Hotels/Casino/Entertainment
SALON/SPA 2-HALL,Fitness and Recreational Sports Centers,Hotels/Casino/Entertainment
SALON/SPA TATTOO,Miscellaneous Retailers,Retail
Salt Storage,General Warehousing and Storage - Non-Hazardous,Storage and Wholesale Trade
SALT STORAGE BUILDING,General Warehousing and Storage - Non-Hazardous,Storage and Wholesale Trade
Salt Storage Building - North Container Storage Area,General Warehousing and Storage - Non-Hazardous,Storage and Wholesale Trade
Salvage storage building,General Warehousing and Storage - Non-Hazardous,Storage and Wholesale Trade
Sam Dryer Park Recreation Center,Governmental Office & Administration,Govermental/Municipal
Sam Houston Memorial Museum Bear Bend Cabin,Museums,Hotels/Casino/Entertainment
Sam Houston Memorial Museum Blacksmith Shop,Museums,Hotels/Casino/Entertainment
Sam Houston Memorial Museum Corn Crib,Museums,Hotels/Casino/Entertainment
Sam Houston Memorial Museum Crane Cabin,Museums,Hotels/Casino/Entertainment
Sam Houston Memorial Museum Garden Shed,General Warehousing and Storage - Non-Hazardous,Storage and Wholesale Trade
Sam Houston Memorial Museum Gas Shed,General Warehousing and Storage - Non-Hazardous,Storage and Wholesale Trade
Sam Houston Memorial Museum Grounds Maintenance Barn,Livestock Farming,Agriculture/Farming
Sam Houston Memorial Museum Guerrant Cabin,Museums,Hotels/Casino/Entertainment
Sam Houston Memorial Museum Hulon House,Museums,Hotels/Casino/Entertainment
Sam Houston Memorial Museum Jordon Cabin,Museums,Hotels/Casino/Entertainment
Sam Houston Memorial Museum New Army Cabin,Museums,Hotels/Casino/Entertainment
Sam Houston Memorial Museum Pottery Shed,General Warehousing and Storage - Non-Hazardous,Storage and Wholesale Trade
Sam Houston Memorial Museum Ranger's Cabin,Museums,Hotels/Casino/Entertainment
Sam Houston Memorial Museum Stage Building,Museums,Hotels/Casino/Entertainment
Same Houston Mem Museum Blacksmith Forge,Museums,Hotels/Casino/Entertainment
Same Houston Mem Museum Eliza's Kitchen,Museums,Hotels/Casino/Entertainment
Same Houston Mem Museum Workshop,Machinery Manufacturing,Light Industry
Same Houston Mem MuseumLaw Offices,Offices,Offices
Samuel F. Tucker Education Building,Schools,Education
Sanctuary/Classrooms/Office,Schools,Education
SANDWICH SHOP,Supermarkets and Grocery,Retail
Sanitary Sewer,Water & Sewage Treatment Facilities,Utilities
SANITATION OFFICE,Offices,Offices
SATELLITE AUTO SHOP STORAGE MAINT.,General Warehousing and Storage - Non-Hazardous,Storage and Wholesale Trade
Satellite Clinic,Home Health Care Service,Health Services
Satellite Lab,Laboratories,Health Services
Satellite Office,Offices,Offices
Sausage Manufacturer,Processed Food Manufacturing - Non-Frozen,Food
Saw Mills or Dementional Lumber,Sawmill,Heavy Industry
Saw Mills or Planing Mills,Sawmill,Heavy Industry
Sawmill,Sawmill,Heavy Industry
Sawmill Chip System,Miscellaneous Waste Management,Heavy Industry
Sched/Unsched Equipment,Unknown,Unknown
Scheduled/ Borrowed Equipment and H/NO Auto PD,Self-Storage,Retail
School,Schools,Education
School & CE,Schools,Education
School / Bleachers,Schools,Education
School / Canopy,Schools,Education
School / Scoreboard,Schools,Education
School / Stadium Lighting,Large Stadium & Arenas,Hotels/Casino/Entertainment
School / Storage,Schools,Education
School / Track,Schools,Education
School and gymnasium,Schools,Education
School and vocational opportunities (wood shop and barber shop),Technical and Trade Schools,Education
School annex,Schools,Education
SCHOOL BEACHONS,Schools,Education
School Bldg,Schools,Education
School Bldg A,Schools,Education
School Building,Schools,Education
School/Education - A,Schools,Education
School/Education - B,Schools,Education
School/Education - C,Schools,Education
School/Education - D,Schools,Education
School/Education - E,Schools,Education
School/Education - F,Schools,Education
School/Education - G,Schools,Education
School/Educational,Schools,Education
School/Mtg Area,Schools,Education
School-Daycare A,Schools,Education
School-Daycare B,Schools,Education
School-Daycare D,Schools,Education
SCHOOLELEM,Schools,Education
SCHOOLHIGH,Schools,Education
SCHOOLHOUSE,Schools,Education
SCHOOLMIDL,Schools,Education
Schools,Schools,Education
"Schools - colleges, universities, junior colleges or college preparatory - Not-For-Profit - Other",Schools,Education
Schools - elementary and secondary,Schools,Education
"Schools - private - elementary, kindergarten or junior high - Not-For-Profit only - Commercial trade school",Schools,Education
"Schools - private - elementary, kindergarten or junior high - Other than Not-For-Profit - Other",Schools,Education
"Schools - public - elementary, kindergarten or junior high",Schools,Education
"Schools - public - elementary, kindergarten or junior high - Other",Schools,Education
SCHOOLS ACADEMIC - CC 1052 / OC 25,Schools,Education
Schools -Vocational NEC,Technical and Trade Schools,Education
SCHOOLSPEC,Schools,Education
SCHOOLSPOR,Schools,Education
SCHOOLVOC,Schools,Education
Science Lab,Laboratories,Health Services
Science Lab Bldg.,Laboratories,Health Services
Science Lab Building,Laboratories,Health Services
Science Lab/Classroom,Schools,Education
Science Labs,Laboratories,Health Services
Screen Printing,Miscellaneous Retailers,Retail
Sea,Piers and Wharves,Transportation
Sea/Water,Piers and Wharves,Transportation
seaonal housing-vacant,Mid Rise Apartments - 5-9 stories,Habitational
Seasonal,Single Family Dwellings,Habitational
Seasonal / Short,Resort Hotel,Hotels/Casino/Entertainment
SEASONAL COTTAG,Inns/Bed and Breakfasts,Hotels/Casino/Entertainment
Seasonal housing for rent,Single Family Dwellings,Habitational
Seasonal Night Club,Fitness and Recreational Sports Centers,Hotels/Casino/Entertainment
Seasonal or Short,Mid Rise Apartments - 5-9 stories,Habitational
Seasonal rental unit,Resort Hotel,Hotels/Casino/Entertainment
Seasonal Sports Clinic,Home Health Care Service,Health Services
SEASONAL/T/O,Resort Hotel,Hotels/Casino/Entertainment
Second Office,Offices,Offices
SECOND/SEASON,Resort Hotel,Hotels/Casino/Entertainment
Secondary,Single Family Dwellings,Habitational
Secondary or Short,Mid Rise Apartments - 5-9 stories,Habitational
Secondary/Seasonal Owner Occupied,Single Family Dwellings,Habitational
Secondhand or Salvage Dealers and Distributors,Miscellaneous Retailers,Retail
Secure dormitory,Mid Rise Student Housing - 5-9 stories,Habitational
"Secure Off Site Storage, Document Imaging, Data Management, Records Management, Secure Shredding",General Warehousing and Storage - Non-Hazardous,Storage and Wholesale Trade
Secure Residential Treatment Facility,Rehabilitation Facility,Health Services
Security Bldg,Offices,Offices
Security Office,Offices,Offices
seed storage,General Warehousing and Storage - Non-Hazardous,Storage and Wholesale Trade
Select Mercantile,Miscellaneous Retailers,Retail
self help office,Medical Office,Health Services
SELF STORAGE FACILITY- CC 1220 / OC 6,General Warehousing and Storage - Non-Hazardous,Storage and Wholesale Trade
Self-Service Laundries and Dry Cleaners,Laundry,Retail
Self-Storage,General Warehousing and Storage - Non-Hazardous,Storage and Wholesale Trade
Senior Apt,Residential Care,Health Services
Senior Apts,Residential Care,Health Services
Senior Building,Residential Care,Health Services
Senior Center,Residential Care,Health Services
Senior Center - Library,Library,Govermental/Municipal
SENIOR CENTER - OFFICE BUILDING,Offices,Offices
Senior Center - Restroom Building,Residential Care,Health Services
SENIOR CITIZEN BUILDING,Residential Care,Health Services
Senior Citizen Center,Residential Care,Health Services
Senior Living,Residential Care,Health Services
Service,Auto Repair Shop Garage,Retail
Service Center - Warehouse,General Warehousing and Storage - Non-Hazardous,Storage and Wholesale Trade
Service Occupancies - Other than light hazard services,Auto Repair Shop Garage,Retail
"Service Occupancies, other than Light Hazard",Auto Repair Shop Garage,Retail
Service Sales  Funct. Support and Parts Warehouse; 42+ personnel on site,General Warehousing and Storage - Non-Hazardous,Storage and Wholesale Trade
SERVICE SHOP,Auto Repair Shop Garage,Retail
SERVICE SHOP & OFFICE,Offices,Offices
Service Station,Gas Petrol Stations,Retail
Serviced Office,Offices,Offices
Services to buildings,Unknown,Unknown
SEVEN SPRINGS MUSEUM RESIDENCE,Mid Rise Apartments - 5-9 stories,Habitational
Sewage Plant,Water & Sewage Treatment Facilities,Utilities
Sewage Treatment,Water & Sewage Treatment Facilities,Utilities
Sewage Treatment (2) 1 for Fontain Jr.,Water & Sewage Treatment Facilities,Utilities
Sewage Treatment (new replaced existing),Water & Sewage Treatment Facilities,Utilities
Sewage Treatment demolished,Water & Sewage Treatment Facilities,Utilities
Sewage Treatment Plant,Water & Sewage Treatment Facilities,Utilities
Sewer Equipment,Electrical Equipment and Component Manufacturing,Light Industry
sewer lift station,Water & Sewage Treatment Facilities,Utilities
SEWER LINER & MANHOLE REFURB-PUMP,Water Supply and Irrigation Systems,Utilities
SEWER LINER & MANHOLE REFURB-PUMP #2,Water Supply and Irrigation Systems,Utilities
Sewer Sample Testing,Water & Sewage Treatment Facilities,Utilities
Sewer System,Water & Sewage Treatment Facilities,Utilities
Sewer Treatment Plant,Water & Sewage Treatment Facilities,Utilities
Sewer Waste Water Treatment Reuse Building House 7005a,Miscellaneous Waste Management,Heavy Industry
"Sewer, recirculating gravel filter system building",Water & Sewage Treatment Facilities,Utilities
SFD,Single Family Dwellings,Habitational
SFDT,Single Family Dwellings,Habitational
Shared Service Center / back office support and general functional support ;  60+ personnel,Offices,Offices
Shavings Bins,Sawmill,Heavy Industry
Shaw Gymnasium,Fitness and Recreational Sports Centers,Hotels/Casino/Entertainment
Shed,General Warehousing and Storage - Non-Hazardous,Storage and Wholesale Trade
Shed Bldg,General Warehousing and Storage - Non-Hazardous,Storage and Wholesale Trade
shed for storage,General Warehousing and Storage - Non-Hazardous,Storage and Wholesale Trade
Sheds,General Warehousing and Storage - Non-Hazardous,Storage and Wholesale Trade
Sheds & Miscellaneous,General Warehousing and Storage - Non-Hazardous,Storage and Wholesale Trade
"Sheds, Misc Bldgs",General Warehousing and Storage - Non-Hazardous,Storage and Wholesale Trade
"SHELL, APARTMENT - Parking",Mid Rise Apartments - 5-9 stories,Habitational
"SHELL, MULTIPLE RESIDENCE",Mid Rise Apartments - 5-9 stories,Habitational
Shelter,Governmental Office & Administration,Govermental/Municipal
SHERIFF DEPARTMENT BUILDING,Governmental Office & Administration,Govermental/Municipal
Sheriff Station,Governmental Office & Administration,Govermental/Municipal
Sheriff STATION COUNTY,Governmental Office & Administration,Govermental/Municipal
SHERIFF SUBSTAT,Governmental Office & Administration,Govermental/Municipal
SHERIFF VEHICLES - refer to itemized schedule,Auto Dealers,Retail
SHOE MANUFACTURER,Clothing Manufacturing,Light Industry
SHOE REPAIR STORE,Miscellaneous Retailers,Retail
SHOE STORE,Miscellaneous Retailers,Retail
Shop,Miscellaneous Retailers,Retail
Shop - Garage,Auto Repair Shop Garage,Retail
Shop - Garage Building,Auto Repair Shop Garage,Retail
Shop #1,Miscellaneous Retailers,Retail
Shop #2,Miscellaneous Retailers,Retail
SHOP & APART,Miscellaneous Retailers,Retail
Shop / Office,Offices,Offices
shop and office,Offices,Offices
shop and park office,Governmental Office & Administration,Govermental/Municipal
Shop and Storage,General Warehousing and Storage - Non-Hazardous,Storage and Wholesale Trade
Shop at Fairgrounds,Amusement and Theme Parks,Hotels/Casino/Entertainment
SHOP AT JOHNNY'S HOUSE,Miscellaneous Retailers,Retail
Shop building,Miscellaneous Retailers,Retail
Shop equipment  storage,General Warehousing and Storage - Non-Hazardous,Storage and Wholesale Trade
Shop Maintenance Equipment storage,General Warehousing and Storage - Non-Hazardous,Storage and Wholesale Trade
shop storage,General Warehousing and Storage - Non-Hazardous,Storage and Wholesale Trade
Shop West electrical kiosk - utilities kiosk,T&D,Utilities
"shop, fish rearing, storage",General Warehousing and Storage - Non-Hazardous,Storage and Wholesale Trade
"shop/ storage, 'botanical shop'",General Warehousing and Storage - Non-Hazardous,Storage and Wholesale Trade
SHOP/APARTMENT,Miscellaneous Retailers,Retail
Shop/Conference/Office,Offices,Offices
shop/equip. storage,General Warehousing and Storage - Non-Hazardous,Storage and Wholesale Trade
Shop/Garage,Auto Repair Shop Garage,Retail
Shop/Office,Offices,Offices
Shop/Office & Storage,General Warehousing and Storage - Non-Hazardous,Storage and Wholesale Trade
Shop/Recycling Building/Baler,Recycling - All Other,Heavy Industry
SHOP/SHED,General Warehousing and Storage - Non-Hazardous,Storage and Wholesale Trade
shop/storage,General Warehousing and Storage - Non-Hazardous,Storage and Wholesale Trade
Shop/Storage Shed  (Pierside St.),General Warehousing and Storage - Non-Hazardous,Storage and Wholesale Trade
ShopCore Offices,Offices,Offices
Shopping Center,Shopping Mall (Enclosed),Retail
Shopping Center - 188,Shopping Mall (Enclosed),Retail
SHOPPING CENTER FIRE CLASS RATED- WITHOUT FURNITURE - CC 0581 / OC 5,Shopping Mall (Enclosed),Retail
Shopping centers,Shopping Mall (Enclosed),Retail
Shopping Centre,Shopping Mall (Enclosed),Retail
Shops,Miscellaneous Retailers,Retail
shops/carport,Miscellaneous Retailers,Retail
Shops/Retail,Miscellaneous Retailers,Retail
Shorex Pier,Piers and Wharves,Transportation
Short Street Office,Offices,Offices
Short Term Rented Equipment,Electrical Equipment and Component Manufacturing,Light Industry
SHOWROOM,Auto Dealers,Retail
showroom/sales,Miscellaneous Retailers,Retail
SHSU Post Office,Offices,Offices
Sign - on corner of lot near bldg,Unknown,Unknown
Sign Manufacturing,Machinery Manufacturing,Light Industry
SIGNLE FAM HOME,Single Family Dwellings,Habitational
Simulation training center,Laboratories,Health Services
simulator room,Laboratories,Health Services
Simulator Room and Offices,Offices,Offices
Single Fam,Single Family Dwellings,Habitational
Single Family,Single Family Dwellings,Habitational
Single Family - Occupied,Single Family Dwellings,Habitational
Single Family Dwelling,Single Family Dwellings,Habitational
"Single Family Dwelling, Garage, Servants Quarters, Guest Houses, Barns, Stable, wine processing operation and Wholesale Nursery.",Livestock Farming,Agriculture/Farming
Single Family Home,Single Family Dwellings,Habitational
SINGLE FAMILY HOMES,Single Family Dwellings,Habitational
SINGLE FAMILY HOUSE,Single Family Dwellings,Habitational
Single Family Housing,Single Family Dwellings,Habitational
Single Residence,Mid Rise Apartments - 5-9 stories,Habitational
Single Speciality Surgery Cnt,Home Health Care Service,Health Services
Single Tenant Office,Offices,Offices
Single Wide Mobile Home - Detached Garage,Single Family Dwellings,Habitational
Single-Family,Single Family Dwellings,Habitational
Single-Family Dwelling,Single Family Dwellings,Habitational
Single-stream recycling/Office/Yard,Recycling - All Other,Heavy Industry
Single-Tenant,Mid Rise Apartments - 5-9 stories,Habitational
Site storage,General Warehousing and Storage - Non-Hazardous,Storage and Wholesale Trade
SIX-UNIT APARTMENTS,Mid Rise Apartments - 5-9 stories,Habitational
Skate Park Pavilion,Lodges and Clubs,Hotels/Casino/Entertainment
SKATEBORAD PARK,Amusement and Theme Parks,Hotels/Casino/Entertainment
Skatepark,Fitness and Recreational Sports Centers,Hotels/Casino/Entertainment
Skating Rink,Fitness and Recreational Sports Centers,Hotels/Casino/Entertainment
Skilled Care Veterans Nursing Home,Nursing Home,Health Services
Skills training facility,Offices,Offices
Slaughter House,Slaughterhouse - Not Poultry,Food
Sleeping Area for Fire Crews and Storage - Occupied only during Fire Season - Unoccupied the rest of the year,General Warehousing and Storage - Non-Hazardous,Storage and Wholesale Trade
sleeping quarter's for overnight camping,Temporary Camps and Campgrounds,Hotels/Casino/Entertainment
"Slide, Misc Tools, Storage Container",General Warehousing and Storage - Non-Hazardous,Storage and Wholesale Trade
Small Log Mill,Sawmill,Heavy Industry
Small Log Sawmill,Sawmill,Heavy Industry
Small Office,Offices,Offices
Small Vehicle Garage,Auto Dealers,Retail
SMCW &LH (MUSEUM),Museums,Hotels/Casino/Entertainment
Snack bar,"Lounges, Night Clubs, Discos",Retail
Snack Bar/Office,Offices,Offices
Snack Shop,Restaurants - Fast Food,Retail
Snack/Coffee Shop,Restaurants - Fast Food,Retail
SOAP SHOP,Miscellaneous Retailers,Retail
SOCCER BUILDING,Fitness and Recreational Sports Centers,Hotels/Casino/Entertainment
Soccer Fields Concession - Restroom Building,Fitness and Recreational Sports Centers,Hotels/Casino/Entertainment
Social Club,Fitness and Recreational Sports Centers,Hotels/Casino/Entertainment
Social Club/Hall,Fitness and Recreational Sports Centers,Hotels/Casino/Entertainment
"Social Gatherings, dances",Fitness and Recreational Sports Centers,Hotels/Casino/Entertainment
Social Hall,Fitness and Recreational Sports Centers,Hotels/Casino/Entertainment
Social Services,Home Health Care Service,Health Services
Social Services - Consulting Services only - operated by the Private Sector,Governmental Office & Administration,Govermental/Municipal
Social Services / Government - 23,Governmental Office & Administration,Govermental/Municipal
Social Services Center,Home Health Care Service,Health Services
Softball - Atlanta Colts Field House,Single Family Dwellings,Habitational
Softball Bleacher,Fitness and Recreational Sports Centers,Hotels/Casino/Entertainment
Softball Concession Stand,Fitness and Recreational Sports Centers,Hotels/Casino/Entertainment
Softball Concessions Stand,Fitness and Recreational Sports Centers,Hotels/Casino/Entertainment
Softball Dugout,Fitness and Recreational Sports Centers,Hotels/Casino/Entertainment
Softball Field Bleachers,Fitness and Recreational Sports Centers,Hotels/Casino/Entertainment
Softball Field Dugout,Fitness and Recreational Sports Centers,Hotels/Casino/Entertainment
Softball Field House,Single Family Dwellings,Habitational
Softball Home Dugout,Single Family Dwellings,Habitational
Softball Ticket Booth,Fitness and Recreational Sports Centers,Hotels/Casino/Entertainment
Softball West Dugout,Fitness and Recreational Sports Centers,Hotels/Casino/Entertainment
Softball/Baseball Field House,Single Family Dwellings,Habitational
SOLAR LAB,Laboratories,Health Services
Sole occupancy buildings - retail or wholesale other than food area over 15000 sq ft,Miscellaneous Retailers,Retail
Solid Waste Building,Miscellaneous Waste Management,Heavy Industry
Solid Waste Employees Building,Miscellaneous Waste Management,Heavy Industry
Solid Waste Office,Miscellaneous Waste Management,Heavy Industry
SOLID WASTE RESIDENTIAL TRASH CARTS,Miscellaneous Waste Management,Heavy Industry
Son Shine Inn,Inns/Bed and Breakfasts,Hotels/Casino/Entertainment
Sorenson Residence,Mid Rise Apartments - 5-9 stories,Habitational
Sorting Laundry,Laundry,Retail
South A Loop electrical kiosk - utilities kiosk,T&D,Utilities
South Classrooms,Schools,Education
South County Library,Library,Govermental/Municipal
South Dockside Office,Offices,Offices
South Dockside Office and Rest Room,Offices,Offices
SOUTH PARKING COMPLEX (409 spaces),Parking Garages,Light Industry
South Parking Garage,Parking Garages,Light Industry
"South Production Ctr, Hatchery, Pullet & Egg Production",Poultry Hatcheries,Agriculture/Farming
SOUTH SEAS SHOPPES,Miscellaneous Retailers,Retail
SOUTH STORAGE,General Warehousing and Storage - Non-Hazardous,Storage and Wholesale Trade
South Tower Office Bldg (1),Offices,Offices
SOUTH VILLAGE TENNIS COURTS,Mid Rise Apartments - 5-9 stories,Habitational
SOUTH WASTEWATER TREATMENT PLANT,Miscellaneous Waste Management,Heavy Industry
South Water Treatment Plant,Water & Sewage Treatment Facilities,Utilities
Southlake Park Village Shopping Center,Governmental Office & Administration,Govermental/Municipal
Sow,Livestock Farming,Agriculture/Farming
spa,Fitness and Recreational Sports Centers,Hotels/Casino/Entertainment
SPA Maintenance Facility,Fitness and Recreational Sports Centers,Hotels/Casino/Entertainment
Spa/Personal Enhancement Facility,Fitness and Recreational Sports Centers,Hotels/Casino/Entertainment
Spanish Church,Fitness and Recreational Sports Centers,Hotels/Casino/Entertainment
Sparkman Farm,Fitness and Recreational Sports Centers,Hotels/Casino/Entertainment
Spas or Personal Enhancement Facilities,Fitness and Recreational Sports Centers,Hotels/Casino/Entertainment
Specialty Center,Miscellaneous Retailers,Retail
Specialty Clinc,Home Health Care Service,Health Services
spice mfg,Processed Food Manufacturing - Non-Frozen,Food
Spices Processing,Processed Food Manufacturing - Non-Frozen,Food
Spices Whs,Grocery Merchant Wholesalers,Storage and Wholesale Trade
Spinal Rehabilitation,Home Health Care Service,Health Services
Split Level,Single Family Dwellings,Habitational
Sporting Goods or Athletic Equipment – Distributor & Store,Miscellaneous Retailers,Retail
Sporting Goods or Athletic Equipment Stores,Electrical Equipment and Component Manufacturing,Light Industry
Sports Academy Gym,Fitness and Recreational Sports Centers,Hotels/Casino/Entertainment
Sports Equip Bldg,Fitness and Recreational Sports Centers,Hotels/Casino/Entertainment
Sports Pool,Fitness and Recreational Sports Centers,Hotels/Casino/Entertainment
Sports Pool - Section 11,Fitness and Recreational Sports Centers,Hotels/Casino/Entertainment
Sports Pool - Section 6,Fitness and Recreational Sports Centers,Hotels/Casino/Entertainment
Sports Pool - Section 9,Fitness and Recreational Sports Centers,Hotels/Casino/Entertainment
SPORTS STORE,Miscellaneous Retailers,Retail
Sports Therapy,Fitness and Recreational Sports Centers,Hotels/Casino/Entertainment
STABLE,Livestock Farming,Agriculture/Farming
Stables,Livestock Farming,Agriculture/Farming
Stables/barns,Farm Product Warehousing and Storage,Storage and Wholesale Trade
Stacking Sticks,Logging,Heavy Industry
Stadium,Large Stadium & Arenas,Hotels/Casino/Entertainment
Stadium (Concrete Stands),Large Stadium & Arenas,Hotels/Casino/Entertainment
Stadium Arena for Rodeo,Large Stadium & Arenas,Hotels/Casino/Entertainment
STADIUM BLEACHERS,Large Stadium & Arenas,Hotels/Casino/Entertainment
Stadium Center Shopping Center,Large Stadium & Arenas,Hotels/Casino/Entertainment
Stadium Fieldhouse,Large Stadium & Arenas,Hotels/Casino/Entertainment
Stadium Lights,Large Stadium & Arenas,Hotels/Casino/Entertainment
STADIUM PAVILION,Governmental Office & Administration,Govermental/Municipal
Stadium Pressbox,Large Stadium & Arenas,Hotels/Casino/Entertainment
Stadium Restrooms,Large Stadium & Arenas,Hotels/Casino/Entertainment
Stadium Score Board,Large Stadium & Arenas,Hotels/Casino/Entertainment
Stadium Tech Phase II- Bldg 1,Large Stadium & Arenas,Hotels/Casino/Entertainment
"Stadium/Bleachers (football, baseball, softball)",Large Stadium & Arenas,Hotels/Casino/Entertainment
Staff Accommodation,Mid Rise Apartments - 5-9 stories,Habitational
Staff Cabin,Lodges and Clubs,Hotels/Casino/Entertainment
Staff Dorm,Mid Rise Student Housing - 5-9 stories,Habitational
Staff Dwelling,Mid Rise Apartments - 5-9 stories,Habitational
Staff Dwelling  R-2,Mid Rise Apartments - 5-9 stories,Habitational
Staff House,Single Family Dwellings,Habitational
Staff Housing,Mid Rise Apartments - 5-9 stories,Habitational
Staff Housing Condo,Mid Rise Apartments - 5-9 stories,Habitational
Staff Office and Training Center,Offices,Offices
Staff office space,Offices,Offices
Staff Offices,Offices,Offices
Staff Offices/Communication Equipment Building,Offices,Offices
STAFF OFFICES/KITCHEN/EDUCATION,Offices,Offices
Staff Offices/Maintenance Shops/Laundry,Offices,Offices
Staff stay over cottage,Single Family Dwellings,Habitational
Stage,Unknown,Unknown
Stage Outside at Fairgrounds,Amusement and Theme Parks,Hotels/Casino/Entertainment
Stage Pavilion,Lodges and Clubs,Hotels/Casino/Entertainment
Stand Alone - Cold Stg,Refrigerated Warehousing and Storage,Storage and Wholesale Trade
Stand Alone - Public Stg,General Warehousing and Storage - Non-Hazardous,Storage and Wholesale Trade
Stand Alone- Private Stg,General Warehousing and Storage - Non-Hazardous,Storage and Wholesale Trade
"Steel bar, grinding balls, and railway wheels",Heavy Rail,Transportation
"Steel welded 25,000 gallon water tank",Water Supply and Irrigation Systems,Utilities
Stereo Equipment and Van,Electrical Equipment and Component Manufacturing,Light Industry
Stg Finished Food Prod,Grocery Merchant Wholesalers,Storage and Wholesale Trade
Stock of Logs,Logging,Heavy Industry
Stone Road Pedigree Farm,Livestock Farming,Agriculture/Farming
Storage,General Warehousing and Storage - Non-Hazardous,Storage and Wholesale Trade
Storage - Fairgrounds,General Warehousing and Storage - Non-Hazardous,Storage and Wholesale Trade
Storage - Former Bus Station,General Warehousing and Storage - Non-Hazardous,Storage and Wholesale Trade
Storage - Former Residence,General Warehousing and Storage - Non-Hazardous,Storage and Wholesale Trade
Storage - Garage,General Warehousing and Storage - Non-Hazardous,Storage and Wholesale Trade
Storage - Lease,General Warehousing and Storage - Non-Hazardous,Storage and Wholesale Trade
Storage - Lounge Building,General Warehousing and Storage - Non-Hazardous,Storage and Wholesale Trade
Storage - Office Building,General Warehousing and Storage - Non-Hazardous,Storage and Wholesale Trade
STORAGE - OFFICES,General Warehousing and Storage - Non-Hazardous,Storage and Wholesale Trade
Storage - Parking Structure,Parking Garages,Light Industry
Storage - Rent,General Warehousing and Storage - Non-Hazardous,Storage and Wholesale Trade
Storage - Rented Out,General Warehousing and Storage - Non-Hazardous,Storage and Wholesale Trade
Storage - Restroom Building,General Warehousing and Storage - Non-Hazardous,Storage and Wholesale Trade
Storage - Saf-t-box,General Warehousing and Storage - Non-Hazardous,Storage and Wholesale Trade
Storage - Supplies & Containers,General Warehousing and Storage - Non-Hazardous,Storage and Wholesale Trade
Storage - The buildings at Peavy Arboretum are in use by the Oregon State University for study of Tree & Forest production and other horticulture programs. There is no ODF property or personnel onsite.,Universities and Colleges,Education
STORAGE #1,General Warehousing and Storage - Non-Hazardous,Storage and Wholesale Trade
Storage #1 - Tractor Storage,General Warehousing and Storage - Non-Hazardous,Storage and Wholesale Trade
STORAGE #2,General Warehousing and Storage - Non-Hazardous,Storage and Wholesale Trade
Storage #3,General Warehousing and Storage - Non-Hazardous,Storage and Wholesale Trade
Storage & Chicken Housing,General Warehousing and Storage - Non-Hazardous,Storage and Wholesale Trade
Storage & Containers,General Warehousing and Storage - Non-Hazardous,Storage and Wholesale Trade
Storage & Den,General Warehousing and Storage - Non-Hazardous,Storage and Wholesale Trade
Storage & Shop,General Warehousing and Storage - Non-Hazardous,Storage and Wholesale Trade
Storage (2 Bldgs),General Warehousing and Storage - Non-Hazardous,Storage and Wholesale Trade
Storage (non functional restroom as of 1/1/2000),General Warehousing and Storage - Non-Hazardous,Storage and Wholesale Trade
STORAGE / OLD FIRE DEPT.,General Warehousing and Storage - Non-Hazardous,Storage and Wholesale Trade
Storage / Pastor's Home,General Warehousing and Storage - Non-Hazardous,Storage and Wholesale Trade
storage 10 X 10,General Warehousing and Storage - Non-Hazardous,Storage and Wholesale Trade
Storage A - Classroom,Schools,Education
Storage -aluminum coverage for fuel tank,General Warehousing and Storage - Non-Hazardous,Storage and Wholesale Trade
Storage and attic,General Warehousing and Storage - Non-Hazardous,Storage and Wholesale Trade
Storage and Den,General Warehousing and Storage - Non-Hazardous,Storage and Wholesale Trade
Storage and Equipment Maintenance (Improvements & Upgrades to Structure in 2016),General Warehousing and Storage - Non-Hazardous,Storage and Wholesale Trade
Storage and laboratory,General Warehousing and Storage - Non-Hazardous,Storage and Wholesale Trade
Storage and Office,General Warehousing and Storage - Non-Hazardous,Storage and Wholesale Trade
Storage and Packing,General Warehousing and Storage - Non-Hazardous,Storage and Wholesale Trade
Storage and Pump House for Guard Station - Smoke and Fire Detection and Rapid Response,General Warehousing and Storage - Non-Hazardous,Storage and Wholesale Trade
Storage and Repair facility,General Warehousing and Storage - Non-Hazardous,Storage and Wholesale Trade
Storage and Shop,General Warehousing and Storage - Non-Hazardous,Storage and Wholesale Trade
Storage and Warehouse,General Warehousing and Storage - Non-Hazardous,Storage and Wholesale Trade
Storage and Water Pump house,General Warehousing and Storage - Non-Hazardous,Storage and Wholesale Trade
Storage and water treatment bldg,Water & Sewage Treatment Facilities,Utilities
Storage and Well Station,General Warehousing and Storage - Non-Hazardous,Storage and Wholesale Trade
Storage at Carport,General Warehousing and Storage - Non-Hazardous,Storage and Wholesale Trade
Storage at Police Department,General Warehousing and Storage - Non-Hazardous,Storage and Wholesale Trade
Storage at Winter Quarters,General Warehousing and Storage - Non-Hazardous,Storage and Wholesale Trade
STORAGE BARN,Livestock Farming,Agriculture/Farming
storage barn for valleys region shared equipments,Livestock Farming,Agriculture/Farming
STORAGE BAY,General Warehousing and Storage - Non-Hazardous,Storage and Wholesale Trade
Storage being used by concessionaire,General Warehousing and Storage - Non-Hazardous,Storage and Wholesale Trade
Storage Bldg,General Warehousing and Storage - Non-Hazardous,Storage and Wholesale Trade
Storage Bldg & Office,General Warehousing and Storage - Non-Hazardous,Storage and Wholesale Trade
Storage Bldg FH,General Warehousing and Storage - Non-Hazardous,Storage and Wholesale Trade
STORAGE BLDG. #1,General Warehousing and Storage - Non-Hazardous,Storage and Wholesale Trade
STORAGE BLDG. #2,General Warehousing and Storage - Non-Hazardous,Storage and Wholesale Trade
STORAGE BUILDING,General Warehousing and Storage - Non-Hazardous,Storage and Wholesale Trade
Storage Building - 125 New Street,General Warehousing and Storage - Non-Hazardous,Storage and Wholesale Trade
STORAGE BUILDING - AG BUILDING,General Warehousing and Storage - Non-Hazardous,Storage and Wholesale Trade
STORAGE BUILDING - DUNSON FIELD,General Warehousing and Storage - Non-Hazardous,Storage and Wholesale Trade
Storage Building - Former Jail,General Warehousing and Storage - Non-Hazardous,Storage and Wholesale Trade
Storage Building - Metal,General Warehousing and Storage - Non-Hazardous,Storage and Wholesale Trade
Storage Building - Office,General Warehousing and Storage - Non-Hazardous,Storage and Wholesale Trade
STORAGE BUILDING #2,General Warehousing and Storage - Non-Hazardous,Storage and Wholesale Trade
Storage Building #2 / Utility Building,General Warehousing and Storage - Non-Hazardous,Storage and Wholesale Trade
Storage Building #3 / Utility Building,General Warehousing and Storage - Non-Hazardous,Storage and Wholesale Trade
STORAGE BUILDING @ PARK,Governmental Office & Administration,Govermental/Municipal
Storage Building 1,General Warehousing and Storage - Non-Hazardous,Storage and Wholesale Trade
STORAGE BUILDING 2,General Warehousing and Storage - Non-Hazardous,Storage and Wholesale Trade
Storage Building and MCC,General Warehousing and Storage - Non-Hazardous,Storage and Wholesale Trade
STORAGE BUILDING BALE CENTER,General Warehousing and Storage - Non-Hazardous,Storage and Wholesale Trade
Storage Building General Purpose,General Warehousing and Storage - Non-Hazardous,Storage and Wholesale Trade
storage building w/bagging,General Warehousing and Storage - Non-Hazardous,Storage and Wholesale Trade
STORAGE BUILDING WELL HOUSE #1,General Warehousing and Storage - Non-Hazardous,Storage and Wholesale Trade
"Storage Building, General Purpose",General Warehousing and Storage - Non-Hazardous,Storage and Wholesale Trade
Storage Building/Above Ground Water System,General Warehousing and Storage - Non-Hazardous,Storage and Wholesale Trade
Storage Buildings,General Warehousing and Storage - Non-Hazardous,Storage and Wholesale Trade
STORAGE BUILDING-wood,General Warehousing and Storage - Non-Hazardous,Storage and Wholesale Trade
Storage- Cold (Foods),General Warehousing and Storage - Non-Hazardous,Storage and Wholesale Trade
storage container,General Warehousing and Storage - Non-Hazardous,Storage and Wholesale Trade
Storage Deicer,General Warehousing and Storage - Non-Hazardous,Storage and Wholesale Trade
Storage during Fair on Fairgrounds,General Warehousing and Storage - Non-Hazardous,Storage and Wholesale Trade
Storage equipment and tool,General Warehousing and Storage - Non-Hazardous,Storage and Wholesale Trade
storage facilities,General Warehousing and Storage - Non-Hazardous,Storage and Wholesale Trade
Storage Facility,General Warehousing and Storage - Non-Hazardous,Storage and Wholesale Trade
STORAGE FILES,General Warehousing and Storage - Non-Hazardous,Storage and Wholesale Trade
Storage Fish Food,General Warehousing and Storage - Non-Hazardous,Storage and Wholesale Trade
Storage Fish Food/Storage,General Warehousing and Storage - Non-Hazardous,Storage and Wholesale Trade
storage fleet equipment,General Warehousing and Storage - Non-Hazardous,Storage and Wholesale Trade
Storage- Float Leased for Parade Only,General Warehousing and Storage - Non-Hazardous,Storage and Wholesale Trade
Storage Floats,General Warehousing and Storage - Non-Hazardous,Storage and Wholesale Trade
"Storage Floats, Costumes, Etc.",General Warehousing and Storage - Non-Hazardous,Storage and Wholesale Trade
Storage for 2 Floats,General Warehousing and Storage - Non-Hazardous,Storage and Wholesale Trade
Storage for Beads,General Warehousing and Storage - Non-Hazardous,Storage and Wholesale Trade
STORAGE FOR BIKES AND BIKE PARTS,General Warehousing and Storage - Non-Hazardous,Storage and Wholesale Trade
"Storage for bikes, carts, etc",General Warehousing and Storage - Non-Hazardous,Storage and Wholesale Trade
"Storage for bikes, carts, etc.",General Warehousing and Storage - Non-Hazardous,Storage and Wholesale Trade
Storage for Bus Property,General Warehousing and Storage - Non-Hazardous,Storage and Wholesale Trade
Storage for Cargo Trailer,General Warehousing and Storage - Non-Hazardous,Storage and Wholesale Trade
Storage for Carnival Rides,General Warehousing and Storage - Non-Hazardous,Storage and Wholesale Trade
"Storage for Chainsaws, 2 Cycle fuel supplies, and Oil",General Warehousing and Storage - Non-Hazardous,Storage and Wholesale Trade
Storage for Costumes,General Warehousing and Storage - Non-Hazardous,Storage and Wholesale Trade
Storage for Costumes & Mantle,General Warehousing and Storage - Non-Hazardous,Storage and Wholesale Trade
Storage for Costumes & Misc Items,General Warehousing and Storage - Non-Hazardous,Storage and Wholesale Trade
Storage for Costumes & Misc. Items,General Warehousing and Storage - Non-Hazardous,Storage and Wholesale Trade
Storage for Electrical Equipment,General Warehousing and Storage - Non-Hazardous,Storage and Wholesale Trade
Storage for Equipment,General Warehousing and Storage - Non-Hazardous,Storage and Wholesale Trade
Storage for Equipment & Vehicles,General Warehousing and Storage - Non-Hazardous,Storage and Wholesale Trade
Storage for equipment and firewood,General Warehousing and Storage - Non-Hazardous,Storage and Wholesale Trade
Storage for Equipment and Warehouse,General Warehousing and Storage - Non-Hazardous,Storage and Wholesale Trade
"Storage for Fire Equipment, Automotive Repair, and Warehouse",General Warehousing and Storage - Non-Hazardous,Storage and Wholesale Trade
Storage for Fire Fighting Equipment,General Warehousing and Storage - Non-Hazardous,Storage and Wholesale Trade
Storage for firewood,General Warehousing and Storage - Non-Hazardous,Storage and Wholesale Trade
Storage for Float,General Warehousing and Storage - Non-Hazardous,Storage and Wholesale Trade
Storage for Float & Equipment,General Warehousing and Storage - Non-Hazardous,Storage and Wholesale Trade
Storage for Float and Beads,General Warehousing and Storage - Non-Hazardous,Storage and Wholesale Trade
Storage for Float in Cow barn,Livestock Farming,Agriculture/Farming
Storage for Floats,General Warehousing and Storage - Non-Hazardous,Storage and Wholesale Trade
Storage for Floats & Accessories,General Warehousing and Storage - Non-Hazardous,Storage and Wholesale Trade
Storage for Floats & Blankets,General Warehousing and Storage - Non-Hazardous,Storage and Wholesale Trade
Storage for Floats & Carnival Inventory,General Warehousing and Storage - Non-Hazardous,Storage and Wholesale Trade
Storage for Floats & Costumes,General Warehousing and Storage - Non-Hazardous,Storage and Wholesale Trade
Storage for Floats & Den,General Warehousing and Storage - Non-Hazardous,Storage and Wholesale Trade
Storage for Floats & Equipment,General Warehousing and Storage - Non-Hazardous,Storage and Wholesale Trade
Storage for Floats & Parade Inventory,General Warehousing and Storage - Non-Hazardous,Storage and Wholesale Trade
Storage for Floats/H/NO PD For Auto,General Warehousing and Storage - Non-Hazardous,Storage and Wholesale Trade
Storage for Forklift and Statue,General Warehousing and Storage - Non-Hazardous,Storage and Wholesale Trade
Storage for Fort Stevens historical artifacts,General Warehousing and Storage - Non-Hazardous,Storage and Wholesale Trade
storage for Friends Group,General Warehousing and Storage - Non-Hazardous,Storage and Wholesale Trade
Storage for fuel tank,General Warehousing and Storage - Non-Hazardous,Storage and Wholesale Trade
Storage for Golf Carts,General Warehousing and Storage - Non-Hazardous,Storage and Wholesale Trade
"storage for hand tools, haz mat materials , signs",General Warehousing and Storage - Non-Hazardous,Storage and Wholesale Trade
Storage for Inland Marine/Equipment,General Warehousing and Storage - Non-Hazardous,Storage and Wholesale Trade
Storage for interpretive supplies,General Warehousing and Storage - Non-Hazardous,Storage and Wholesale Trade
Storage for janitorial and cleaning supplies,General Warehousing and Storage - Non-Hazardous,Storage and Wholesale Trade
Storage for kayaks and kayak accessories,General Warehousing and Storage - Non-Hazardous,Storage and Wholesale Trade
Storage for Lease Floats,General Warehousing and Storage - Non-Hazardous,Storage and Wholesale Trade
Storage for lost and found items,General Warehousing and Storage - Non-Hazardous,Storage and Wholesale Trade
Storage for Non-Owned Floats,General Warehousing and Storage - Non-Hazardous,Storage and Wholesale Trade
Storage for OAR,General Warehousing and Storage - Non-Hazardous,Storage and Wholesale Trade
Storage for Owned Float,General Warehousing and Storage - Non-Hazardous,Storage and Wholesale Trade
Storage for Owned Props,General Warehousing and Storage - Non-Hazardous,Storage and Wholesale Trade
storage for paint,General Warehousing and Storage - Non-Hazardous,Storage and Wholesale Trade
storage for paper supplies,General Warehousing and Storage - Non-Hazardous,Storage and Wholesale Trade
"Storage for Ride-Outdoors, Fenced",General Warehousing and Storage - Non-Hazardous,Storage and Wholesale Trade
Storage for Rides,General Warehousing and Storage - Non-Hazardous,Storage and Wholesale Trade
Storage for Rides and Trailers,Temporary Camps and Campgrounds,Hotels/Casino/Entertainment
Storage for Scheduled Floats,General Warehousing and Storage - Non-Hazardous,Storage and Wholesale Trade
Storage for Short Term Additional Inland Marine,General Warehousing and Storage - Non-Hazardous,Storage and Wholesale Trade
Storage for Sound Equipment,General Warehousing and Storage - Non-Hazardous,Storage and Wholesale Trade
"Storage for toiletry items, trash cans, brooms",General Warehousing and Storage - Non-Hazardous,Storage and Wholesale Trade
Storage for Trailer,Temporary Camps and Campgrounds,Hotels/Casino/Entertainment
Storage for Trailers,Temporary Camps and Campgrounds,Hotels/Casino/Entertainment
Storage for Training,General Warehousing and Storage - Non-Hazardous,Storage and Wholesale Trade
Storage for uniforms,General Warehousing and Storage - Non-Hazardous,Storage and Wholesale Trade
Storage for Valuable Papers,General Warehousing and Storage - Non-Hazardous,Storage and Wholesale Trade
Storage for Winnebago and Camper,General Warehousing and Storage - Non-Hazardous,Storage and Wholesale Trade
Storage fpr Float,General Warehousing and Storage - Non-Hazardous,Storage and Wholesale Trade
STORAGE GARAGE,General Warehousing and Storage - Non-Hazardous,Storage and Wholesale Trade
STORAGE GARAGE (FORMERLY FIRE DEPARTMENT),General Warehousing and Storage - Non-Hazardous,Storage and Wholesale Trade
Storage- General (Electronic Equiptment & Stores Appliances),General Warehousing and Storage - Non-Hazardous,Storage and Wholesale Trade
Storage GP Inst,General Warehousing and Storage - Non-Hazardous,Storage and Wholesale Trade
STORAGE HOUSE,General Warehousing and Storage - Non-Hazardous,Storage and Wholesale Trade
STORAGE HOUSE/MAINTENANCE,General Warehousing and Storage - Non-Hazardous,Storage and Wholesale Trade
Storage in barn and property,Livestock Farming,Agriculture/Farming
Storage leased,General Warehousing and Storage - Non-Hazardous,Storage and Wholesale Trade
Storage leased space,General Warehousing and Storage - Non-Hazardous,Storage and Wholesale Trade
Storage Location,General Warehousing and Storage - Non-Hazardous,Storage and Wholesale Trade
Storage Location - Rent,General Warehousing and Storage - Non-Hazardous,Storage and Wholesale Trade
Storage Location - Trailer,General Warehousing and Storage - Non-Hazardous,Storage and Wholesale Trade
Storage Lot,General Warehousing and Storage - Non-Hazardous,Storage and Wholesale Trade
Storage Lot & Building,General Warehousing and Storage - Non-Hazardous,Storage and Wholesale Trade
Storage lot for containers,General Warehousing and Storage - Non-Hazardous,Storage and Wholesale Trade
Storage Maint,General Warehousing and Storage - Non-Hazardous,Storage and Wholesale Trade
Storage Mobile Unit - Leased Mod-Owned Land,General Warehousing and Storage - Non-Hazardous,Storage and Wholesale Trade
Storage- non-hazard - OC 6,General Warehousing and Storage - Non-Hazardous,Storage and Wholesale Trade
Storage of boat and shellfish field equipment,General Warehousing and Storage - Non-Hazardous,Storage and Wholesale Trade
Storage of brochures and misc. materials and records,General Warehousing and Storage - Non-Hazardous,Storage and Wholesale Trade
Storage of cabinets containing microfiche flat film,General Warehousing and Storage - Non-Hazardous,Storage and Wholesale Trade
Storage of Chemical materials,General Warehousing and Storage - Non-Hazardous,Storage and Wholesale Trade
Storage of Concession Trailers,Temporary Camps and Campgrounds,Hotels/Casino/Entertainment
Storage of court records,General Warehousing and Storage - Non-Hazardous,Storage and Wholesale Trade
"Storage of court records, computers, and furniture/Court operations",General Warehousing and Storage - Non-Hazardous,Storage and Wholesale Trade
Storage of Dairy Products,Refrigerated Warehousing and Storage,Storage and Wholesale Trade
Storage of dry pet food products,General Warehousing and Storage - Non-Hazardous,Storage and Wholesale Trade
Storage of Equipment,General Warehousing and Storage - Non-Hazardous,Storage and Wholesale Trade
"Storage of Equipment, Gas for Chainsaws, Motor and Gear Oil, and Transmission Fluid",General Warehousing and Storage - Non-Hazardous,Storage and Wholesale Trade
"Storage of Equipment, Gasoline, Diesel, Motor and Gear Oil, and Transmission Fluid",General Warehousing and Storage - Non-Hazardous,Storage and Wholesale Trade
Storage of Firefighting equipment,General Warehousing and Storage - Non-Hazardous,Storage and Wholesale Trade
storage of fishery and research documentation,General Warehousing and Storage - Non-Hazardous,Storage and Wholesale Trade
Storage of Flammables - Bldg. #15,General Warehousing and Storage - Non-Hazardous,Storage and Wholesale Trade
Storage of furniture and court operations,General Warehousing and Storage - Non-Hazardous,Storage and Wholesale Trade
"Storage of Gas for Chainsaws, Motor and Gear Oil, Transmission Fluid, Fusses (Flairs), Herbicides and Insecticides",General Warehousing and Storage - Non-Hazardous,Storage and Wholesale Trade
"Storage of Gasoline, Diesel, Motor and Gear Oil, and Transmission Fluid",General Warehousing and Storage - Non-Hazardous,Storage and Wholesale Trade
"Storage of Gasoline, Diesel, Motor, Gear Oil, Herbicides and Insecticides",General Warehousing and Storage - Non-Hazardous,Storage and Wholesale Trade
"Storage of Gasoline, Motor and Gear Oil, and Transmission Fluid",General Warehousing and Storage - Non-Hazardous,Storage and Wholesale Trade
Storage of records,General Warehousing and Storage - Non-Hazardous,Storage and Wholesale Trade
Storage of sign materials,General Warehousing and Storage - Non-Hazardous,Storage and Wholesale Trade
Storage of state agencies records on metal shelving,General Warehousing and Storage - Non-Hazardous,Storage and Wholesale Trade
Storage of supplies and chemical products,General Warehousing and Storage - Non-Hazardous,Storage and Wholesale Trade
Storage of wet pet products,General Warehousing and Storage - Non-Hazardous,Storage and Wholesale Trade
Storage of Wood for heating,General Warehousing and Storage - Non-Hazardous,Storage and Wholesale Trade
Storage- office supplies,General Warehousing and Storage - Non-Hazardous,Storage and Wholesale Trade
"storage only, used approximately one hour a week",General Warehousing and Storage - Non-Hazardous,Storage and Wholesale Trade
Storage Outside in fenced area w/24/7 security,General Warehousing and Storage - Non-Hazardous,Storage and Wholesale Trade
Storage- paint,General Warehousing and Storage - Non-Hazardous,Storage and Wholesale Trade
Storage- plumbing shed,General Warehousing and Storage - Non-Hazardous,Storage and Wholesale Trade
Storage Pond,General Warehousing and Storage - Non-Hazardous,Storage and Wholesale Trade
Storage Pond 1,General Warehousing and Storage - Non-Hazardous,Storage and Wholesale Trade
Storage Pond 2,General Warehousing and Storage - Non-Hazardous,Storage and Wholesale Trade
Storage records,General Warehousing and Storage - Non-Hazardous,Storage and Wholesale Trade
Storage Shed,General Warehousing and Storage - Non-Hazardous,Storage and Wholesale Trade
Storage Shed  (Brumby St.),General Warehousing and Storage - Non-Hazardous,Storage and Wholesale Trade
STORAGE SHED - BLOCK,General Warehousing and Storage - Non-Hazardous,Storage and Wholesale Trade
storage shed (was shop/bath),General Warehousing and Storage - Non-Hazardous,Storage and Wholesale Trade
"Storage shed for cleaning products and supplies, lights, restroom fixtures, etc.",General Warehousing and Storage - Non-Hazardous,Storage and Wholesale Trade
Storage shed for equipments and misc tools,General Warehousing and Storage - Non-Hazardous,Storage and Wholesale Trade
storage shed for interpretive items,General Warehousing and Storage - Non-Hazardous,Storage and Wholesale Trade
storage shed for kayaks,General Warehousing and Storage - Non-Hazardous,Storage and Wholesale Trade
storage shed for stewardship department,General Warehousing and Storage - Non-Hazardous,Storage and Wholesale Trade
storage shed for wood,General Warehousing and Storage - Non-Hazardous,Storage and Wholesale Trade
Storage shed in campground..hand tools and equipments,General Warehousing and Storage - Non-Hazardous,Storage and Wholesale Trade
"Storage shed-electric cart, paper products, misc items",General Warehousing and Storage - Non-Hazardous,Storage and Wholesale Trade
Storage Sheds,General Warehousing and Storage - Non-Hazardous,Storage and Wholesale Trade
Storage Sheds (3),General Warehousing and Storage - Non-Hazardous,Storage and Wholesale Trade
STORAGE SHEED,General Warehousing and Storage - Non-Hazardous,Storage and Wholesale Trade
STORAGE SHELTER,General Warehousing and Storage - Non-Hazardous,Storage and Wholesale Trade
Storage small equipments and tools,General Warehousing and Storage - Non-Hazardous,Storage and Wholesale Trade
Storage Tanks,General Warehousing and Storage - Non-Hazardous,Storage and Wholesale Trade
storage tool shed a loop,General Warehousing and Storage - Non-Hazardous,Storage and Wholesale Trade
Storage Trailer,General Warehousing and Storage - Non-Hazardous,Storage and Wholesale Trade
Storage Trailer - Contents Only,General Warehousing and Storage - Non-Hazardous,Storage and Wholesale Trade
Storage Trailer - Rent,General Warehousing and Storage - Non-Hazardous,Storage and Wholesale Trade
Storage Trailer #1,General Warehousing and Storage - Non-Hazardous,Storage and Wholesale Trade
Storage Trailer #2,General Warehousing and Storage - Non-Hazardous,Storage and Wholesale Trade
Storage Trailer #3,General Warehousing and Storage - Non-Hazardous,Storage and Wholesale Trade
Storage Trailer #4 - Rent,General Warehousing and Storage - Non-Hazardous,Storage and Wholesale Trade
Storage Trailer Contents,General Warehousing and Storage - Non-Hazardous,Storage and Wholesale Trade
Storage trailer- Owned,General Warehousing and Storage - Non-Hazardous,Storage and Wholesale Trade
Storage Unit,General Warehousing and Storage - Non-Hazardous,Storage and Wholesale Trade
Storage Unit - Lease,General Warehousing and Storage - Non-Hazardous,Storage and Wholesale Trade
Storage Unit #1,General Warehousing and Storage - Non-Hazardous,Storage and Wholesale Trade
Storage Unit #1 - Modular,General Warehousing and Storage - Non-Hazardous,Storage and Wholesale Trade
Storage Unit #2,General Warehousing and Storage - Non-Hazardous,Storage and Wholesale Trade
Storage Unit #2 - Modular,General Warehousing and Storage - Non-Hazardous,Storage and Wholesale Trade
Storage Unit (Multi Tenant Bldg),General Warehousing and Storage - Non-Hazardous,Storage and Wholesale Trade
Storage Unit 2-54 & 5-89,General Warehousing and Storage - Non-Hazardous,Storage and Wholesale Trade
STORAGE UNIT C064,General Warehousing and Storage - Non-Hazardous,Storage and Wholesale Trade
Storage Unit for Ride -Indoors,General Warehousing and Storage - Non-Hazardous,Storage and Wholesale Trade
Storage Unit For Tractors,General Warehousing and Storage - Non-Hazardous,Storage and Wholesale Trade
Storage Unit for Valuable Papers,General Warehousing and Storage - Non-Hazardous,Storage and Wholesale Trade
Storage Unit-Rented,General Warehousing and Storage - Non-Hazardous,Storage and Wholesale Trade
Storage Units,General Warehousing and Storage - Non-Hazardous,Storage and Wholesale Trade
Storage used by ATV Program West,General Warehousing and Storage - Non-Hazardous,Storage and Wholesale Trade
Storage UV,General Warehousing and Storage - Non-Hazardous,Storage and Wholesale Trade
Storage Warehouse,General Warehousing and Storage - Non-Hazardous,Storage and Wholesale Trade
Storage Warehouse - Utilities,General Warehousing and Storage - Non-Hazardous,Storage and Wholesale Trade
Storage Wash Rack,General Warehousing and Storage - Non-Hazardous,Storage and Wholesale Trade
Storage with fuel tank adjacent to building,General Warehousing and Storage - Non-Hazardous,Storage and Wholesale Trade
Storage Yard & Buildings for Carnival Rides,General Warehousing and Storage - Non-Hazardous,Storage and Wholesale Trade
Storage Yard for Carnival Rides,General Warehousing and Storage - Non-Hazardous,Storage and Wholesale Trade
"Storage,",General Warehousing and Storage - Non-Hazardous,Storage and Wholesale Trade
"Storage, Cold",Refrigerated Warehousing and Storage,Storage and Wholesale Trade
"Storage, Deicer",General Warehousing and Storage - Non-Hazardous,Storage and Wholesale Trade
"Storage, De-Icer",General Warehousing and Storage - Non-Hazardous,Storage and Wholesale Trade
"Storage, Haz Mat",General Warehousing and Storage - Non-Hazardous,Storage and Wholesale Trade
"Storage, Haz Mats",General Warehousing and Storage - Non-Hazardous,Storage and Wholesale Trade
"Storage, Hazardous Material",General Warehousing and Storage - Non-Hazardous,Storage and Wholesale Trade
"Storage, Hazardous Matls",General Warehousing and Storage - Non-Hazardous,Storage and Wholesale Trade
"Storage, Hazmat",General Warehousing and Storage - Non-Hazardous,Storage and Wholesale Trade
"Storage, Miscellaneous",General Warehousing and Storage - Non-Hazardous,Storage and Wholesale Trade
"Storage, truck docks",General Warehousing and Storage - Non-Hazardous,Storage and Wholesale Trade
"Storage, Water Pump house, and Back-Up Generator",General Warehousing and Storage - Non-Hazardous,Storage and Wholesale Trade
storage.. paint shed,General Warehousing and Storage - Non-Hazardous,Storage and Wholesale Trade
Storage..seasonal rental,General Warehousing and Storage - Non-Hazardous,Storage and Wholesale Trade
Storage/ Staging Warehouse for Facilities and Plant Ops,General Warehousing and Storage - Non-Hazardous,Storage and Wholesale Trade
Storage/Bulking  Lab Packing,General Warehousing and Storage - Non-Hazardous,Storage and Wholesale Trade
Storage/Den,General Warehousing and Storage - Non-Hazardous,Storage and Wholesale Trade
storage/exercise,General Warehousing and Storage - Non-Hazardous,Storage and Wholesale Trade
storage/laundry,General Warehousing and Storage - Non-Hazardous,Storage and Wholesale Trade
Storage/Model Units,General Warehousing and Storage - Non-Hazardous,Storage and Wholesale Trade
Storage/Office,General Warehousing and Storage - Non-Hazardous,Storage and Wholesale Trade
storage/office shed for horse concession,General Warehousing and Storage - Non-Hazardous,Storage and Wholesale Trade
Storage/Office/Shop,General Warehousing and Storage - Non-Hazardous,Storage and Wholesale Trade
Storage/Restrooms,General Warehousing and Storage - Non-Hazardous,Storage and Wholesale Trade
Storage/Retail - Rented Out,General Warehousing and Storage - Non-Hazardous,Storage and Wholesale Trade
Storage/Shop,General Warehousing and Storage - Non-Hazardous,Storage and Wholesale Trade
STORAGE/UTILITY,General Warehousing and Storage - Non-Hazardous,Storage and Wholesale Trade
Storage/Warehouse,General Warehousing and Storage - Non-Hazardous,Storage and Wholesale Trade
Storage/Warehouse and Workshop,Machinery Manufacturing,Light Industry
"storage: cleaning supplies, bags, paper products, mops, brooms, etc",General Warehousing and Storage - Non-Hazardous,Storage and Wholesale Trade
Storage: firewood,General Warehousing and Storage - Non-Hazardous,Storage and Wholesale Trade
Storage: paint/ fuel/oil,General Warehousing and Storage - Non-Hazardous,Storage and Wholesale Trade
Storage; GATOR RE 075416 plus weed trimmer and other supplies,General Warehousing and Storage - Non-Hazardous,Storage and Wholesale Trade
"Storage; RE115608 mower ; 2 bicycles, push mower etc",General Warehousing and Storage - Non-Hazardous,Storage and Wholesale Trade
Storage; tools,General Warehousing and Storage - Non-Hazardous,Storage and Wholesale Trade
Storage-Alternate,General Warehousing and Storage - Non-Hazardous,Storage and Wholesale Trade
Storage-Barn (Frame),Livestock Farming,Agriculture/Farming
Storage-Barn (Metal),Livestock Farming,Agriculture/Farming
Storage-Container,General Warehousing and Storage - Non-Hazardous,Storage and Wholesale Trade
Storage-Deicer,General Warehousing and Storage - Non-Hazardous,Storage and Wholesale Trade
Storage-equipment,General Warehousing and Storage - Non-Hazardous,Storage and Wholesale Trade
Storage-firewood,General Warehousing and Storage - Non-Hazardous,Storage and Wholesale Trade
Storage-fuel tank,General Warehousing and Storage - Non-Hazardous,Storage and Wholesale Trade
Storage-fuel tank shelter,General Warehousing and Storage - Non-Hazardous,Storage and Wholesale Trade
Storage-haz mat materials,General Warehousing and Storage - Non-Hazardous,Storage and Wholesale Trade
storage-laundromat shed,General Warehousing and Storage - Non-Hazardous,Storage and Wholesale Trade
Storage-Leased,General Warehousing and Storage - Non-Hazardous,Storage and Wholesale Trade
Storage-Maintenance,General Warehousing and Storage - Non-Hazardous,Storage and Wholesale Trade
Storage-paint,General Warehousing and Storage - Non-Hazardous,Storage and Wholesale Trade
"Storage-paint, fertilizer, etc.",General Warehousing and Storage - Non-Hazardous,Storage and Wholesale Trade
Storage-Parked Outside,Governmental Office & Administration,Govermental/Municipal
Storage-rent,General Warehousing and Storage - Non-Hazardous,Storage and Wholesale Trade
Storage-rental,General Warehousing and Storage - Non-Hazardous,Storage and Wholesale Trade
Storage-riding mowers and utility vehicles,General Warehousing and Storage - Non-Hazardous,Storage and Wholesale Trade
StorageShed,General Warehousing and Storage - Non-Hazardous,Storage and Wholesale Trade
Storage-Shed,General Warehousing and Storage - Non-Hazardous,Storage and Wholesale Trade
Storage-trailer,General Warehousing and Storage - Non-Hazardous,Storage and Wholesale Trade
Storatge Shed,General Warehousing and Storage - Non-Hazardous,Storage and Wholesale Trade
STORE,Miscellaneous Retailers,Retail
STORE & APT,Miscellaneous Retailers,Retail
Store & Office,Offices,Offices
STORE / APARTMENT,Mid Rise Apartments - 5-9 stories,Habitational
STORE 3-HABITATIONAL,Single Family Dwellings,Habitational
Store Aircraft - Aircraft Operations and Service - Warehouse and Office,General Warehousing and Storage - Non-Hazardous,Storage and Wholesale Trade
Store documents,General Warehousing and Storage - Non-Hazardous,Storage and Wholesale Trade
store emergency response trailer and its contents,General Warehousing and Storage - Non-Hazardous,Storage and Wholesale Trade
store emergency response trailers and its contents,General Warehousing and Storage - Non-Hazardous,Storage and Wholesale Trade
"Store equipment, tools, storage shelves and work bench area. One small room to hold water infrastructure for the area.",General Warehousing and Storage - Non-Hazardous,Storage and Wholesale Trade
store firewood,General Warehousing and Storage - Non-Hazardous,Storage and Wholesale Trade
Store hazardous materials until disposed of (primarily paint),General Warehousing and Storage - Non-Hazardous,Storage and Wholesale Trade
store interpretive materials,General Warehousing and Storage - Non-Hazardous,Storage and Wholesale Trade
store interpretive supplies,General Warehousing and Storage - Non-Hazardous,Storage and Wholesale Trade
Store low cost educational materials,General Warehousing and Storage - Non-Hazardous,Storage and Wholesale Trade
Store or Shop,Miscellaneous Retailers,Retail
Store Restaurant Marina Concession,Restaurants - Not Fast Food,Retail
Store vehicles and large equipment,General Warehousing and Storage - Non-Hazardous,Storage and Wholesale Trade
STORE/2-RESTAURANT,Restaurants - Not Fast Food,Retail
STORE/APT,Mid Rise Apartments - 5-9 stories,Habitational
STORE/APTS,Miscellaneous Retailers,Retail
STORE/RENTALS,Miscellaneous Retailers,Retail
STORE-3,Miscellaneous Retailers,Retail
Stored on Fairgrounds,Amusement and Theme Parks,Hotels/Casino/Entertainment
Stores,Miscellaneous Retailers,Retail
Stores - food and drink,Miscellaneous Retailers,Retail
"Stores - food or drink - Not-For-Profit only - If sole occupancy and over 15,000 sq. ft. in total floor area",Miscellaneous Retailers,Retail
"Stores - food or drink - Other than Not-For-Profit - If sole occupancy and over 15,000 sq.. ft. in total floor area",Miscellaneous Retailers,Retail
Stores - no food or drink,Miscellaneous Retailers,Retail
Stores - no food or drink - Other than Not-For-Profit,Miscellaneous Retailers,Retail
Stores - NOC,Miscellaneous Retailers,Retail
Stores - Retail,Miscellaneous Retailers,Retail
Stores (NOC),Miscellaneous Retailers,Retail
Stores Beauty Parlours,Miscellaneous Retailers,Retail
Stores Convenience/ Gas Stations,Gas Petrol Stations,Retail
Stores DIY,Miscellaneous Retailers,Retail
Stores Laundries,Laundry,Retail
Stores- no food or drink,Miscellaneous Retailers,Retail
Stores NOC,Miscellaneous Retailers,Retail
Stores Pawn,Pawn Shop,Retail
stores projector for VCR player,General Warehousing and Storage - Non-Hazardous,Storage and Wholesale Trade
STORES RETAIL,Miscellaneous Retailers,Retail
Stores Video,Miscellaneous Retailers,Retail
STORES/RENTAL,Miscellaneous Retailers,Retail
Storey Mill Road Elementary School,Schools,Education
Storm Water Filtration System,Water Supply and Irrigation Systems,Utilities
Storm Water Office,Offices,Offices
Strip Center,Strip Mall,Retail
STRIP MALL,Shopping Mall (Enclosed),Retail
Strip Shopping,Department Stores,Retail
Strip shopping center ,Department Stores,Retail
Strorage for Floats & Costumes,Amusement and Theme Parks,Hotels/Casino/Entertainment
Student Apts,Mid Rise Student Housing - 5-9 stories,Habitational
Student Housing,Mid Rise Student Housing - 5-9 stories,Habitational
STUDIO,Fitness and Recreational Sports Centers,Hotels/Casino/Entertainment
STUDY HALL,Library,Govermental/Municipal
Study Hall-Vacant,Schools,Education
Sub Station,T&D,Utilities
Subleased Mfg Building,Machinery Manufacturing,Light Industry
"Subleased to Third Party.  Production, warehouse, truck docks and office buildings",General Warehousing and Storage - Non-Hazardous,Storage and Wholesale Trade
Sugar,Sugar Mill,Food
Sunday School,Schools,Education
Sunday School Annex,Schools,Education
Sunday School- Childrens bldg,Schools,Education
Sunday School Classrooms,Schools,Education
SUNSET BEACH BAR,"Lounges, Night Clubs, Discos",Retail
SUNSET BEACH HUT,Lodges and Clubs,Hotels/Casino/Entertainment
SUNSET BEACH RESTROOMS,Lodges and Clubs,Hotels/Casino/Entertainment
SUNSET BEACH TRAILER,Temporary Camps and Campgrounds,Hotels/Casino/Entertainment
Sunset House Dorm,Single Family Dwellings,Habitational
SUPERMARKET,Supermarkets and Grocery,Retail
SUPERMARKET & POST OFFICE,Supermarkets and Grocery,Retail
SUPERMARKET LRO,Supermarkets and Grocery,Retail
Supervisor's Office and Pump Room,Water Supply and Irrigation Systems,Utilities
Supplies & Equipment,General Warehousing and Storage - Non-Hazardous,Storage and Wholesale Trade
supplies and interpretive information for junior ranger yurt,General Warehousing and Storage - Non-Hazardous,Storage and Wholesale Trade
supply shed storage for interpretive supplies,General Warehousing and Storage - Non-Hazardous,Storage and Wholesale Trade
Supply Storage,General Warehousing and Storage - Non-Hazardous,Storage and Wholesale Trade
Support and office,Offices,Offices
"Support Building (CUP, Kitchen, EVS, Warehouse)",General Warehousing and Storage - Non-Hazardous,Storage and Wholesale Trade
Surfside Outpaitent Center,Outpatient Care Centers,Health Services
Surgery Center,Home Health Care Service,Health Services
Svc/Retail,Miscellaneous Retailers,Retail
SW DIRECTOR OFFICE,Offices,Offices
SW FLA Medical Center Plaza II - LMHS Owns land---HRT holds a 60 year ground lease with LMHS,Medical Office,Health Services
Swainsboro Threater,Cinemas,Retail
Swimming pool,Fitness and Recreational Sports Centers,Hotels/Casino/Entertainment
Swimming Pool Building,Fitness and Recreational Sports Centers,Hotels/Casino/Entertainment
SWIMMING POOL- OC 0,Fitness and Recreational Sports Centers,Hotels/Casino/Entertainment
Swimming Pools - Inside,Fitness and Recreational Sports Centers,Hotels/Casino/Entertainment
Swimming Pools - Outside,Fitness and Recreational Sports Centers,Hotels/Casino/Entertainment
"Synovus Bank
1st floor Vacant     (3,081sf)
2nd floor Foundation/Adminstrative offices (11,279 sf)",Mid Rise Apartments - 5-9 stories,Habitational
T - Hangar,Other Support Facilities For Air Transportation,Transportation
T HANGAR 1-10,Other Support Facilities For Air Transportation,Transportation
T HANGAR 11-20,Other Support Facilities For Air Transportation,Transportation
Tactical Vehicle Storage,Parking Garages,Light Industry
Talladega Hatchery,Poultry Hatcheries,Agriculture/Farming
Tan Farm,Livestock Farming,Agriculture/Farming
"Tanks - Fuel, liquid propane, gas or gasoline dealers tanks",Gas Petrol Stations,Retail
TANNING SALON,Miscellaneous Retailers,Retail
TARVEN RESTAURANT,Restaurants - Not Fast Food,Retail
TATOO & ART WORK SHOPS,Miscellaneous Retailers,Retail
TATOO & ART WORKSHOPS,Miscellaneous Retailers,Retail
TATOO & PIERCING STORE,Piers and Wharves,Transportation
TATTOO PARLOR,Miscellaneous Retailers,Retail
Tavern,"Lounges, Night Clubs, Discos",Retail
TAVERN BUILDING,"Lounges, Night Clubs, Discos",Retail
TAVERN/VACANT,Mid Rise Apartments - 5-9 stories,Habitational
TAX COLLECTOR,Offices,Offices
TAX COLLECTOR (LEASED LOCATION),Offices,Offices
TAX COLLECTOR/LAKEWOOD,Offices,Offices
Tax Services,Offices,Offices
Taxicab Companies - Dispatch offices,Offices,Offices
TAYLOR PARK PLAYGROUND,Fitness and Recreational Sports Centers,Hotels/Casino/Entertainment
TB Sales/Offices,Offices,Offices
"Teaching Shops, Gymnasium, Carpenter Shop",Miscellaneous Retailers,Retail
Tech Center,Offices,Offices
Tech Shop,Auto Repair Shop Garage,Retail
Technical Service and Research Facility,Offices,Offices
Technical Services Building,Offices,Offices
Technology Center,Offices,Offices
"TEES, GREENS & FAIRWAYS",Golf Courses and Country Clubs,Hotels/Casino/Entertainment
Telecoms & Electric Utilities,Other Electric Power Generation,Utilities
Telephone,Telecoms - Transmission Towers,Communications
Telephone & Telegraph,Telecoms - Transmission Towers,Communications
Telephone &Telegraph,Tv and Radio Stations,Communications
Telephone and Telegraph,Telecoms - Transmission Towers,Communications
Temp Lodging - Other Lodging,Motels,Hotels/Casino/Entertainment
"Temp Lodging (Motel, etc)",Motels,Hotels/Casino/Entertainment
Temporary City Hall,Governmental Office & Administration,Govermental/Municipal
TEMPORARY LODGING,Inns/Bed and Breakfasts,Hotels/Casino/Entertainment
Temporary Lodging - 3,Motels,Hotels/Casino/Entertainment
Temporary Lodging - Hotel,Full-Service Hotel,Hotels/Casino/Entertainment
Temporary Lodging - Motel,Motels,Hotels/Casino/Entertainment
Temporary Loding,Motels,Hotels/Casino/Entertainment
Tenant,Single Family Dwellings,Habitational
Tenant - Annual,Mid Rise Apartments - 5-9 stories,Habitational
Tenant - Monthly or,Mid Rise Apartments - 5-9 stories,Habitational
Tenant - Seasonal,Resort Hotel,Hotels/Casino/Entertainment
Tenant Dwelling,Single Family Dwellings,Habitational
TENANT OCCUPIED 2 HOMES,Single Family Dwellings,Habitational
TENANT OCCUPIED 2HOMES,Single Family Dwellings,Habitational
Tenant Occupied Dwelling,Single Family Dwellings,Habitational
Tenant Rental-occupied by Bob Clark 2006 agreement on file,Motels,Hotels/Casino/Entertainment
TENNILLE FIREHOUSE,Governmental Office & Administration,Govermental/Municipal
TENNIS BUILDING,Fitness and Recreational Sports Centers,Hotels/Casino/Entertainment
TENNIS CENTER,Fitness and Recreational Sports Centers,Hotels/Casino/Entertainment
Tennis Court,Fitness and Recreational Sports Centers,Hotels/Casino/Entertainment
TENNIS COURT AND FENCING,Fitness and Recreational Sports Centers,Hotels/Casino/Entertainment
TENNIS COURT FENCING,Fitness and Recreational Sports Centers,Hotels/Casino/Entertainment
TENNIS COURT RESTROOM BUILDING,Fitness and Recreational Sports Centers,Hotels/Casino/Entertainment
Tennis Court Well Station,Fitness and Recreational Sports Centers,Hotels/Casino/Entertainment
TENNIS COURTS,Fitness and Recreational Sports Centers,Hotels/Casino/Entertainment
Tennis Courts (Fencing & Wind Screens),Fitness and Recreational Sports Centers,Hotels/Casino/Entertainment
Tennis Courts (Fencing & Windscreens),Fitness and Recreational Sports Centers,Hotels/Casino/Entertainment
Tennis Courts (Fencing and Wind Screens),Fitness and Recreational Sports Centers,Hotels/Casino/Entertainment
TENNIS COURTS (IMPROV),Fitness and Recreational Sports Centers,Hotels/Casino/Entertainment
Tennis Courts Bleachers,Fitness and Recreational Sports Centers,Hotels/Casino/Entertainment
TENNIS COURTS/FENCE,Fitness and Recreational Sports Centers,Hotels/Casino/Entertainment
Tennis Pavilion,Governmental Office & Administration,Govermental/Municipal
TENNIS RESTROOM BUILDING,Fitness and Recreational Sports Centers,Hotels/Casino/Entertainment
Tennis Restroom Building 1,Fitness and Recreational Sports Centers,Hotels/Casino/Entertainment
Tennis Shack,Fitness and Recreational Sports Centers,Hotels/Casino/Entertainment
TENNIS VILLAS,Mid Rise Apartments - 5-9 stories,Habitational
Test Lab,Laboratories,Health Services
Textile Mill Products,Textiles - Nonwoven,Light Industry
T-Hangar A,Other Support Facilities For Air Transportation,Transportation
T-Hangar B,Other Support Facilities For Air Transportation,Transportation
T-Hangar New Single 14 Units,Other Support Facilities For Air Transportation,Transportation
T-Hangar Old Single 15 Units,Other Support Facilities For Air Transportation,Transportation
T-Hangar Twin Engine Units,Other Support Facilities For Air Transportation,Transportation
The building stores the computer system for the two pumps just outside the building.,Water Supply and Irrigation Systems,Utilities
The Depot Building,General Warehousing and Storage - Non-Hazardous,Storage and Wholesale Trade
"The Fountains at
 Bayhill 
Strip Center",Strip Mall,Retail
The Lock Up Storage Unit  B235,General Warehousing and Storage - Non-Hazardous,Storage and Wholesale Trade
"The Promenade 
Shopping Center",Strip Mall,Retail
The Sanctuary Outpatient Center,Outpatient Care Centers,Health Services
The Sanctuary Outpatient Surgery,Outpatient Care Centers,Health Services
THEATER - CINEMA,Cinemas,Retail
THEATER - CINEMA 53% AND RETAIL 47%,Cinemas,Retail
Theater Addition,Cinemas,Retail
Theater Administration,Offices,Offices
Theater-Drugstore,Cinemas,Retail
Theaters,Cinemas,Retail
Theaters - Other than Not-For-Profit,Cinemas,Retail
Theaters - Other than Not-For-Profit - If motion pictures or television studios,Cinemas,Retail
Theatre,Lodges and Clubs,Hotels/Casino/Entertainment
THEATRE - CIVIC CENTER,Lodges and Clubs,Hotels/Casino/Entertainment
Theatre Building,Lodges and Clubs,Hotels/Casino/Entertainment
Theatres,Lodges and Clubs,Hotels/Casino/Entertainment
THEATRES - CC 0832 / OC 10,Lodges and Clubs,Hotels/Casino/Entertainment
THERAPEUTIC LIVING FACILITY FOR TEENAGERS,Assisted Living,Health Services
Thermal TDX Mini Lab,Laboratories,Health Services
Third Office,Offices,Offices
THIRD STREET GYMNASIUM,Fitness and Recreational Sports Centers,Hotels/Casino/Entertainment
"This is an active Kimco Site. However, in the past this site was no on our Property SOV. We are including this office space building on Property &  Liability SOV as of 10/1/2018.",Offices,Offices
"This was a devleopment site that was under Builder's Risk Insurance upto 12/31/2018. This sites development was completed as of 12/31/2018. Therefore, we moved this site to our regular Property & Liability Ins. SOV as of 1/1/2019",Miscellaneous Retailers,Retail
Thorpe Park Ball Field,Large Stadium & Arenas,Hotels/Casino/Entertainment
THREE- FAMILY DWELLING LRO,Mid Rise Apartments - 5-9 stories,Habitational
THREE-FAMILY DWELLING LRO,Mid Rise Apartments - 5-9 stories,Habitational
THREE-FAMILYDWELLING LRO,Mid Rise Apartments - 5-9 stories,Habitational
Thrift Shop - Outreach,Miscellaneous Retailers,Retail
THRIFT STORE & APARTMENT,Miscellaneous Retailers,Retail
THRIFT STORE &APARTMENT,Miscellaneous Retailers,Retail
"Thrift Store, CCH Auxiliary",Miscellaneous Retailers,Retail
Thrift Store-leased,Miscellaneous Retailers,Retail
Thrift Stores,Miscellaneous Retailers,Retail
TICKET OFFICE,Offices,Offices
Tico Office,Offices,Offices
Tiki Bar,"Lounges, Night Clubs, Discos",Retail
Timber Scale,Logging,Heavy Industry
Timber Stacker,Logging,Heavy Industry
Timber Totes,Logging,Heavy Industry
Tire Repair Shop,Auto Repair Shop Garage,Retail
Tire Shop,Auto Parts,Retail
tire storage shed,Tire and Tube Merchant Wholesalers,Storage and Wholesale Trade
TL Residence,Mid Rise Apartments - 5-9 stories,Habitational
"To house a 10,000 gallon water tank",Water Supply and Irrigation Systems,Utilities
to house water system,Single Family Dwellings,Habitational
Tobacco Products,Tobacco Cigarette Manufacturing,Light Industry
Tobacco Products Manufacturing,Tobacco Cigarette Manufacturing,Light Industry
Tobacco Products Mfg.,Tobacco Cigarette Manufacturing,Light Industry
Tobacco Products Store,Miscellaneous Retailers,Retail
Tobacco Products Stores,Miscellaneous Retailers,Retail
TOBACCO SHOP,Miscellaneous Retailers,Retail
Tobacco Store,Miscellaneous Retailers,Retail
TOLBERT PARK PLAYGROUND,Fitness and Recreational Sports Centers,Hotels/Casino/Entertainment
Tomato Packing Plant,Processed Food Manufacturing - Non-Frozen,Food
"Tool and Equipment Storage, Archive Files Storage",General Warehousing and Storage - Non-Hazardous,Storage and Wholesale Trade
Topanga Apartments,Mid Rise Apartments - 5-9 stories,Habitational
Tourism Offices,Offices,Offices
Town Center Admin./Retail,Offices,Offices
TOWN HALL,Governmental Office & Administration,Govermental/Municipal
Town Hall - Brooks Chapel,Governmental Office & Administration,Govermental/Municipal
Town Hall - Fire Department,Governmental Office & Administration,Govermental/Municipal
TOWN HALL - FIRE STATION,Governmental Office & Administration,Govermental/Municipal
Town Hall and Community Building,Governmental Office & Administration,Govermental/Municipal
Town Hall Annex,Governmental Office & Administration,Govermental/Municipal
Town Home,Single Family Dwellings,Habitational
Town School,Schools,Education
Townhome - Occupied,Single Family Dwellings,Habitational
TOWNHOMES,Single Family Dwellings,Habitational
townhouse,Single Family Dwellings,Habitational
Townhouse 1,Single Family Dwellings,Habitational
Townhouse 2,Single Family Dwellings,Habitational
Townhouse 3,Single Family Dwellings,Habitational
Townhouse 62-65,Single Family Dwellings,Habitational
Townhouse 66-71,Single Family Dwellings,Habitational
Townhouse 72-75,Single Family Dwellings,Habitational
Townhouse 79-82,Single Family Dwellings,Habitational
Townhouse 83-86,Single Family Dwellings,Habitational
Townhouse Building D,Single Family Dwellings,Habitational
Townhouses,Single Family Dwellings,Habitational
Toxicology Lab,Laboratories,Health Services
Toybox Hangar - Office Complex,Offices,Offices
Toys/Toy Products Mfg,Plastics Product Manufacturing,Heavy Industry
Tractor Lab,Laboratories,Health Services
Tractor Shed,General Warehousing and Storage - Non-Hazardous,Storage and Wholesale Trade
Trade School -Recording Studio,Recording Studio,Hotels/Casino/Entertainment
Traffic Light System,Roads/Highways/Toll Roads,Transportation
Trailer - Office Bldg.,Offices,Offices
Trailer / Storage r/a Miscellaneous Products Storage - (Other Than Retail Or Wholesale,Temporary Camps and Campgrounds,Hotels/Casino/Entertainment
Trailer trailer - live-in for employee housing,Temporary Camps and Campgrounds,Hotels/Casino/Entertainment
Trailers parked outside,Temporary Camps and Campgrounds,Hotels/Casino/Entertainment
Trailers parked outside (3),Governmental Office & Administration,Govermental/Municipal
Trailers parked outside home,Temporary Camps and Campgrounds,Hotels/Casino/Entertainment
Train Depot,General Warehousing and Storage - Non-Hazardous,Storage and Wholesale Trade
Train Depot - Storage Building,General Warehousing and Storage - Non-Hazardous,Storage and Wholesale Trade
Train Depot Building,General Warehousing and Storage - Non-Hazardous,Storage and Wholesale Trade
TRAIN SHED,General Warehousing and Storage - Non-Hazardous,Storage and Wholesale Trade
Training and Storage,General Warehousing and Storage - Non-Hazardous,Storage and Wholesale Trade
Training Classroom,Schools,Education
Transformer,T&D,Utilities
Transformers,T&D,Utilities
TRANSIT WAREHOUSE,General Warehousing and Storage - Non-Hazardous,Storage and Wholesale Trade
Transporation Services - 26,Bus Transport Terminal,Transportation
TRAVEL AGENCY,Miscellaneous Retailers,Retail
Travel Trailers-Parked Outside,Temporary Camps and Campgrounds,Hotels/Casino/Entertainment
Treasure Classrooms,Schools,Education
Treatment Plant,Water & Sewage Treatment Facilities,Utilities
Tree Storage w/ Refrigeration Unit,General Warehousing and Storage - Non-Hazardous,Storage and Wholesale Trade
Tree Storage w/ Refrigeration Unit - For storage of tree seedlings,General Warehousing and Storage - Non-Hazardous,Storage and Wholesale Trade
"Trees Cooler, Warehouse, Radio Repair and Communications Equipment Storage",General Warehousing and Storage - Non-Hazardous,Storage and Wholesale Trade
Triple net lease,Single Family Dwellings,Habitational
Triplex,Mid Rise Apartments - 5-9 stories,Habitational
tri-plex,Mid Rise Apartments - 5-9 stories,Habitational
Triplex - Occupied,Mid Rise Apartments - 5-9 stories,Habitational
Truck Maintenance Building,Auto Repair Shop Garage,Retail
Truck maintenance garage,Machinery Manufacturing,Light Industry
Truck Repair,Auto Repair Shop Garage,Retail
"truck repair, haz. waste facility, misc. bldgs. ",Miscellaneous Waste Management,Heavy Industry
Truck Scale,Auto Repair Shop Garage,Retail
Truck Wash,Car Washes,Retail
Truckers,Bus Transport Terminal,Transportation
Truman Street Residence,Mid Rise Apartments - 5-9 stories,Habitational
Tube Storage,General Warehousing and Storage - Non-Hazardous,Storage and Wholesale Trade
Tully's Coffee,Supermarkets and Grocery,Retail
Turner RAS Outdoor Classroom/Stor,Schools,Education
TV Production Studios,Tv and Radio Stations,Communications
TWO - FAMILY DWELLING LRO,Mid Rise Apartments - 5-9 stories,Habitational
TWO – FAMILY DWELLING LRO,Mid Rise Apartments - 5-9 stories,Habitational
TWO - FAMILYDWELLING LRO,Mid Rise Apartments - 5-9 stories,Habitational
TWO – FAMILYDWELLING LRO,Mid Rise Apartments - 5-9 stories,Habitational
TWO APARTMENTS,Mid Rise Apartments - 5-9 stories,Habitational
"TWO AUTO REPAIR SHOPS, WAREHOUSE AND OFFICE",Auto Repair Shop Garage,Retail
Two Family Dwelling,Mid Rise Apartments - 5-9 stories,Habitational
TWO FAMILY HOUSE,Mid Rise Apartments - 5-9 stories,Habitational
TWO FAMILY RENTAL HOME,Mid Rise Apartments - 5-9 stories,Habitational
Two Story Residential Building,Mid Rise Apartments - 5-9 stories,Habitational
Two-Fam,Mid Rise Apartments - 5-9 stories,Habitational
Two-Family Dwelling LRO,Mid Rise Apartments - 5-9 stories,Habitational
Under Construction,Construction Contractors,Light Industry
Under Construction-Builders Risk-Dwlg,Single Family Dwellings,Habitational
Union Pier #1 (Warehouse),General Warehousing and Storage - Non-Hazardous,Storage and Wholesale Trade
UNIT RESTAURANT,Restaurants - Not Fast Food,Retail
"Units A, B, C, D, and Security Office",Offices,Offices
Universities and Colleges,Universities and Colleges,Education
University Camp Assembly Building,Universities and Colleges,Education
University Camp Cabin 1,Universities and Colleges,Education
University Camp Cabin 2,Universities and Colleges,Education
University Camp Cabin 3,Universities and Colleges,Education
University Camp Cabin 4,Universities and Colleges,Education
University Camp Guest Cabin,Universities and Colleges,Education
University Camp Kitchen,Universities and Colleges,Education
University Camp Mens Bath House,Universities and Colleges,Education
University Camp Pool House,Universities and Colleges,Education
University Camp Portable Storage,Universities and Colleges,Education
University Camp Raven Room,Universities and Colleges,Education
University Camp Storage Barn / Maintenance Shop,Universities and Colleges,Education
University Camp Visitors Barn,Universities and Colleges,Education
University Camp Woments Bath House,Universities and Colleges,Education
UNIVERSITY PLACE COMMUNITY PARK,Universities and Colleges,Education
University Plaza (BTB),Universities and Colleges,Education
Unknown,Unknown,Unknown
Unloading Dock,General Warehousing and Storage - Non-Hazardous,Storage and Wholesale Trade
Unloading Shed,General Warehousing and Storage - Non-Hazardous,Storage and Wholesale Trade
Unscheduled Borrowed Equp,Unknown,Unknown
Unsold Condo,Mid Rise Condos - 5-9 stories,Habitational
Unsold Condo/ Rental unit,Mid Rise Condos - 5-9 stories,Habitational
Unsold Condo/Rental unit,Mid Rise Condos - 5-9 stories,Habitational
Unsold Co-op,Mid Rise Condos - 5-9 stories,Habitational
UPD Storage Building,General Warehousing and Storage - Non-Hazardous,Storage and Wholesale Trade
Upholstery shops,Home Furnishing Stores,Retail
Urgent Care & Diagnostics,Home Health Care Service,Health Services
Used by interpretive ranger for JR programs and research/storage.,General Warehousing and Storage - Non-Hazardous,Storage and Wholesale Trade
USED CAR DEALER,Auto Dealers,Retail
Utilities,Correctional Institutions and Prisons,Govermental/Municipal
Utilities - Sewage,Other Electric Power Generation,Utilities
Utilities - Water,Other Electric Power Generation,Utilities
Utilities Electric,T&D,Utilities
Utilities Office,Other Electric Power Generation,Utilities
Utilities Office and Warehouse,General Warehousing and Storage - Non-Hazardous,Storage and Wholesale Trade
Utilities Water,Water Supply and Irrigation Systems,Utilities
Utility,Other Electric Power Generation,Utilities
utility building - houses water treatment equipment),Water & Sewage Treatment Facilities,Utilities
Utility Building Pump House,Water Supply and Irrigation Systems,Utilities
Utility Office Building,Offices,Offices
Utility room and storage,General Warehousing and Storage - Non-Hazardous,Storage and Wholesale Trade
"Utility shelter, wood storage",General Warehousing and Storage - Non-Hazardous,Storage and Wholesale Trade
Utility storage,General Warehousing and Storage - Non-Hazardous,Storage and Wholesale Trade
Utility/Light Commercial,Other Electric Power Generation,Utilities
UV RGC ADMIN BLDG,Offices,Offices
UV RGC CLASSROOM BLDG,Schools,Education
Vacant,Mid Rise Apartments - 5-9 stories,Habitational
VACANT AREA UNDER RENOVATIONS TO BE TRAMPOLINE PARK,Governmental Office & Administration,Govermental/Municipal
VACANT AUTO SER GARAGE,Mid Rise Apartments - 5-9 stories,Habitational
Vacant Condo Unit,Mid Rise Apartments - 5-9 stories,Habitational
VACANT CONDO-UNDER RENOVATIONS,Mid Rise Apartments - 5-9 stories,Habitational
Vacant Dwelling,Mid Rise Apartments - 5-9 stories,Habitational
Vacant Dwelling for sale,Mid Rise Apartments - 5-9 stories,Habitational
Vacant dwelling under renovations,Mid Rise Apartments - 5-9 stories,Habitational
VACANT GARAGE,Mid Rise Apartments - 5-9 stories,Habitational
Vacant Office Space,Mid Rise Apartments - 5-9 stories,Habitational
Vacant One Family,Mid Rise Apartments - 5-9 stories,Habitational
Vacant Poultry Processing facility and wastewater treatment plant for several facilities in Siloam,Poultry Processing,Food
Vacant Residence,Mid Rise Apartments - 5-9 stories,Habitational
VACANT RESTAURA,Restaurants - Not Fast Food,Retail
Vacant Retail,Mid Rise Apartments - 5-9 stories,Habitational
VACANT WAREHOUSE,General Warehousing and Storage - Non-Hazardous,Storage and Wholesale Trade
VACANT/U/RENO,Mid Rise Apartments - 5-9 stories,Habitational
Vacated office,Offices,Offices
Vacation Rentals,Inns/Bed and Breakfasts,Hotels/Casino/Entertainment
Van Streat Storage Building,General Warehousing and Storage - Non-Hazardous,Storage and Wholesale Trade
Vault Toilet - Public Day Use Recreation Area,Fitness and Recreational Sports Centers,Hotels/Casino/Entertainment
Vcant Dwelling,Single Family Dwellings,Habitational
Vehicle & Boat Storage,General Warehousing and Storage - Non-Hazardous,Storage and Wholesale Trade
Vehicle & Misc Storage Areas,Auto Dealers,Retail
Vehicle and Equipment Storage,General Warehousing and Storage - Non-Hazardous,Storage and Wholesale Trade
Vehicle Garage and Storage,General Warehousing and Storage - Non-Hazardous,Storage and Wholesale Trade
Vehicle Maintenance,Auto Dealers,Retail
vehicle parking,Parking Garages,Light Industry
Vehicle parking structure,Parking Garages,Light Industry
Vehicle Repair and Maintenance,Auto Dealers,Retail
Vehicle Repair and Warehouse,General Warehousing and Storage - Non-Hazardous,Storage and Wholesale Trade
Vehicle Shelter and Parking,Parking Garages,Light Industry
Vehicle Shop,Auto Dealers,Retail
Vehicle Shop - Building C,Auto Dealers,Retail
Vehicle Storage,General Warehousing and Storage - Non-Hazardous,Storage and Wholesale Trade
Vehicle storage & boot repair shop,General Warehousing and Storage - Non-Hazardous,Storage and Wholesale Trade
Vehicle Storage Building 1,Auto Dealers,Retail
Vehicle Storage Building 2,Auto Dealers,Retail
Vehicle Test Station,Auto Dealers,Retail
Vehicle Wash and Storage area,General Warehousing and Storage - Non-Hazardous,Storage and Wholesale Trade
Vehicle Wash Station,Auto Dealers,Retail
Vehicle Wash/Decontamination Trailer(Included pumps  hoses and powerwashers),Auto Dealers,Retail
VET LAB  (Owned),Laboratories,Health Services
VETERANS OFFICE BUILDING,Offices,Offices
VETERNARIAN CLINIC - CC 0921 / OC 9,Veterinary Services,Agriculture/Farming
VFW HALL,Full-Service Hotel,Hotels/Casino/Entertainment
VIDEO BINGO/BAR,"Lounges, Night Clubs, Discos",Retail
Video equipment for arraignments,Electrical Equipment and Component Manufacturing,Light Industry
Village Gardens Office,Mid Rise Apartments - 5-9 stories,Habitational
Village Market/Deli,Supermarkets and Grocery,Retail
Virginia Avenue Gas Station,Gas Petrol Stations,Retail
Visitor Center and Art Gallery,Miscellaneous Retailers,Retail
Voc. Labs,Laboratories,Health Services
VOICE PRIMARY,Offices,Offices
VOICE SECONDARY,Offices,Offices
VOLCANO BAR,"Lounges, Night Clubs, Discos",Retail
VOLUNTEER FIRE,Governmental Office & Administration,Govermental/Municipal
VOLUNTEER FIRE STATION,Governmental Office & Administration,Govermental/Municipal
Volunteer Fire Station 1,Governmental Office & Administration,Govermental/Municipal
Volunteer Fire Station 2,Governmental Office & Administration,Govermental/Municipal
Volunteer storage shed in mower shed compound,General Warehousing and Storage - Non-Hazardous,Storage and Wholesale Trade
Walgreens,Miscellaneous Retailers,Retail
Warehouse,General Warehousing and Storage - Non-Hazardous,Storage and Wholesale Trade
Warehouse  (Old 552),General Warehousing and Storage - Non-Hazardous,Storage and Wholesale Trade
"Warehouse - cold individual storage lockers - if sole occupant and over 15,000 sq. ft.",Refrigerated Warehousing and Storage,Storage and Wholesale Trade
Warehouse - Cold Storage,Refrigerated Warehousing and Storage,Storage and Wholesale Trade
Warehouse - cold storage - public,Refrigerated Warehousing and Storage,Storage and Wholesale Trade
Warehouse  Drum Storage  Lab  Maintenace Shop (Bldg 12a&b),General Warehousing and Storage - Non-Hazardous,Storage and Wholesale Trade
WAREHOUSE - LB BERRYMAN BUILDING,General Warehousing and Storage - Non-Hazardous,Storage and Wholesale Trade
Warehouse - New City Hall,General Warehousing and Storage - Non-Hazardous,Storage and Wholesale Trade
Warehouse - Other,General Warehousing and Storage - Non-Hazardous,Storage and Wholesale Trade
Warehouse & Communications,General Warehousing and Storage - Non-Hazardous,Storage and Wholesale Trade
Warehouse & Office,General Warehousing and Storage - Non-Hazardous,Storage and Wholesale Trade
Warehouse & Office Space,General Warehousing and Storage - Non-Hazardous,Storage and Wholesale Trade
Warehouse & Offices,General Warehousing and Storage - Non-Hazardous,Storage and Wholesale Trade
Warehouse & Shop,General Warehousing and Storage - Non-Hazardous,Storage and Wholesale Trade
Warehouse (2320 S. Hobson),General Warehousing and Storage - Non-Hazardous,Storage and Wholesale Trade
Warehouse / Other Wholesale Trade - 6,General Warehousing and Storage - Non-Hazardous,Storage and Wholesale Trade
Warehouse 1,General Warehousing and Storage - Non-Hazardous,Storage and Wholesale Trade
Warehouse 2,General Warehousing and Storage - Non-Hazardous,Storage and Wholesale Trade
Warehouse and Crew Quarters,General Warehousing and Storage - Non-Hazardous,Storage and Wholesale Trade
Warehouse and Equipment Maintenance,General Warehousing and Storage - Non-Hazardous,Storage and Wholesale Trade
Warehouse and Equipment Storage,General Warehousing and Storage - Non-Hazardous,Storage and Wholesale Trade
Warehouse and Equipment Storage Building,General Warehousing and Storage - Non-Hazardous,Storage and Wholesale Trade
Warehouse and Office,General Warehousing and Storage - Non-Hazardous,Storage and Wholesale Trade
warehouse and office and parking,Parking Garages,Light Industry
Warehouse and Refrigeration Storage for Seedlings,General Warehousing and Storage - Non-Hazardous,Storage and Wholesale Trade
Warehouse and Shop,General Warehousing and Storage - Non-Hazardous,Storage and Wholesale Trade
Warehouse and Storage,General Warehousing and Storage - Non-Hazardous,Storage and Wholesale Trade
Warehouse and Vehicle Storage,General Warehousing and Storage - Non-Hazardous,Storage and Wholesale Trade
Warehouse and Vehicle Storage - Bldg. #14,General Warehousing and Storage - Non-Hazardous,Storage and Wholesale Trade
Warehouse Bldg,General Warehousing and Storage - Non-Hazardous,Storage and Wholesale Trade
Warehouse Building,General Warehousing and Storage - Non-Hazardous,Storage and Wholesale Trade
Warehouse clothing distributor,General Warehousing and Storage - Non-Hazardous,Storage and Wholesale Trade
Warehouse Distributor,General Warehousing and Storage - Non-Hazardous,Storage and Wholesale Trade
Warehouse for a HVAC Distributor,General Warehousing and Storage - Non-Hazardous,Storage and Wholesale Trade
Warehouse for all Recreation Materials and State Lands Supplies,General Warehousing and Storage - Non-Hazardous,Storage and Wholesale Trade
Warehouse for Equipment Storage,General Warehousing and Storage - Non-Hazardous,Storage and Wholesale Trade
"Warehouse For Firefighting Equipment, and Storage",General Warehousing and Storage - Non-Hazardous,Storage and Wholesale Trade
Warehouse for Float Storage,General Warehousing and Storage - Non-Hazardous,Storage and Wholesale Trade
Warehouse for Storage,General Warehousing and Storage - Non-Hazardous,Storage and Wholesale Trade
Warehouse for Storage & Den,General Warehousing and Storage - Non-Hazardous,Storage and Wholesale Trade
WAREHOUSE GENERAL - CC 1212 / OC 6,General Warehousing and Storage - Non-Hazardous,Storage and Wholesale Trade
Warehouse LRO,General Warehousing and Storage - Non-Hazardous,Storage and Wholesale Trade
WAREHOUSE LRO WITH OFFICE,General Warehousing and Storage - Non-Hazardous,Storage and Wholesale Trade
Warehouse Office Space,General Warehousing and Storage - Non-Hazardous,Storage and Wholesale Trade
Warehouse r/a Miscellaneous Products Storage - (Other Than Retail Or Wholesale,General Warehousing and Storage - Non-Hazardous,Storage and Wholesale Trade
"Warehouse r/a Restaurants, Delicatessan-with cooking",General Warehousing and Storage - Non-Hazardous,Storage and Wholesale Trade
Warehouse r/at Miscellaneous Products Storage - (Other Than Retail Or Wholesale,General Warehousing and Storage - Non-Hazardous,Storage and Wholesale Trade
Warehouse Shop Building,General Warehousing and Storage - Non-Hazardous,Storage and Wholesale Trade
Warehouse space leased from Surplus to store ATV Program's equipment,General Warehousing and Storage - Non-Hazardous,Storage and Wholesale Trade
Warehouse Storage,General Warehousing and Storage - Non-Hazardous,Storage and Wholesale Trade
WAREHOUSE STORAGE 1,General Warehousing and Storage - Non-Hazardous,Storage and Wholesale Trade
WAREHOUSE STORAGE 2,General Warehousing and Storage - Non-Hazardous,Storage and Wholesale Trade
Warehouse Storage Building,General Warehousing and Storage - Non-Hazardous,Storage and Wholesale Trade
Warehouse Supplemental Storage,General Warehousing and Storage - Non-Hazardous,Storage and Wholesale Trade
Warehouse used to store float,General Warehousing and Storage - Non-Hazardous,Storage and Wholesale Trade
"Warehouse, and Cold Room for Trees",General Warehousing and Storage - Non-Hazardous,Storage and Wholesale Trade
"Warehouse, and Equipment Storage",General Warehousing and Storage - Non-Hazardous,Storage and Wholesale Trade
"Warehouse, and Repair of Heavy Equipment",General Warehousing and Storage - Non-Hazardous,Storage and Wholesale Trade
"Warehouse, and Woodworking Shop",General Warehousing and Storage - Non-Hazardous,Storage and Wholesale Trade
"Warehouse, Carpentry Shop and Vehicle Storage",General Warehousing and Storage - Non-Hazardous,Storage and Wholesale Trade
"Warehouse, Cold Storage",General Warehousing and Storage - Non-Hazardous,Storage and Wholesale Trade
"Warehouse, Equipment Storage, Archive File Storage",General Warehousing and Storage - Non-Hazardous,Storage and Wholesale Trade
"Warehouse, Heavy",General Warehousing and Storage - Non-Hazardous,Storage and Wholesale Trade
"Warehouse, Light",General Warehousing and Storage - Non-Hazardous,Storage and Wholesale Trade
"Warehouse, Light Mfg",General Warehousing and Storage - Non-Hazardous,Storage and Wholesale Trade
"warehouse, office",General Warehousing and Storage - Non-Hazardous,Storage and Wholesale Trade
"Warehouse, office and truck shop - warehouse space is leased to others.  Warehouse is 205,254 of total sq. ft..  6 total buildings at site 13.75 acres",General Warehousing and Storage - Non-Hazardous,Storage and Wholesale Trade
"Warehouse, Storage, and Refrigerated Cold Rooms for Trees",General Warehousing and Storage - Non-Hazardous,Storage and Wholesale Trade
"Warehouse, Storage, and Woodworking Shop",General Warehousing and Storage - Non-Hazardous,Storage and Wholesale Trade
"Warehouse, Vehicle Repair shop and Equipment storage",General Warehousing and Storage - Non-Hazardous,Storage and Wholesale Trade
warehouse/artist in residence,General Warehousing and Storage - Non-Hazardous,Storage and Wholesale Trade
WAREHOUSE/BARM &APT,General Warehousing and Storage - Non-Hazardous,Storage and Wholesale Trade
Warehouse/Commercial,General Warehousing and Storage - Non-Hazardous,Storage and Wholesale Trade
Warehouse/Distributor,General Warehousing and Storage - Non-Hazardous,Storage and Wholesale Trade
Warehouse/Garage,General Warehousing and Storage - Non-Hazardous,Storage and Wholesale Trade
WAREHOUSE/HABITATIONAL,General Warehousing and Storage - Non-Hazardous,Storage and Wholesale Trade
WAREHOUSE/LRO,General Warehousing and Storage - Non-Hazardous,Storage and Wholesale Trade
Warehouse/Office,General Warehousing and Storage - Non-Hazardous,Storage and Wholesale Trade
"Warehouse/office space for grip set lighting building. 
(Leased to Raleigh Enterprises subsidiary Hollywood Rentals (HR). Equipment insured under separate HR policy.)",General Warehousing and Storage - Non-Hazardous,Storage and Wholesale Trade
Warehouse/Office/Fab,General Warehousing and Storage - Non-Hazardous,Storage and Wholesale Trade
Warehouse/Offices,General Warehousing and Storage - Non-Hazardous,Storage and Wholesale Trade
Warehouse/Other Wholesale Trade - 6,General Warehousing and Storage - Non-Hazardous,Storage and Wholesale Trade
Warehouse/Retail (Antique Store),General Warehousing and Storage - Non-Hazardous,Storage and Wholesale Trade
Warehouse/Shipping,General Warehousing and Storage - Non-Hazardous,Storage and Wholesale Trade
Warehouse/Shipping Center - DAS Surplus,General Warehousing and Storage - Non-Hazardous,Storage and Wholesale Trade
Warehouse/Storage,General Warehousing and Storage - Non-Hazardous,Storage and Wholesale Trade
Warehouse/Storage r/a: Miscellaneous Products Storage - (Other Than Retail Or Wholesale,General Warehousing and Storage - Non-Hazardous,Storage and Wholesale Trade
Warehouse/Wholesale,General Warehousing and Storage - Non-Hazardous,Storage and Wholesale Trade
Warehouse/Wholesale Trade,General Warehousing and Storage - Non-Hazardous,Storage and Wholesale Trade
Warehouse:  Industrial distribution warehouse,General Warehousing and Storage - Non-Hazardous,Storage and Wholesale Trade
warehouse: Industrial,General Warehousing and Storage - Non-Hazardous,Storage and Wholesale Trade
WAREHOUSEDISTRIBUTOR,General Warehousing and Storage - Non-Hazardous,Storage and Wholesale Trade
Warehouse-Floats and Costumes,General Warehousing and Storage - Non-Hazardous,Storage and Wholesale Trade
Warehouseman's Legal Liability,General Warehousing and Storage - Non-Hazardous,Storage and Wholesale Trade
Warehouses,General Warehousing and Storage - Non-Hazardous,Storage and Wholesale Trade
Warehouses - mini-warehouses - Public warehouses - Cold storage,General Warehousing and Storage - Non-Hazardous,Storage and Wholesale Trade
Warehouses - mini-warehouses - Public warehouses - Mini-warehousing or personal property,General Warehousing and Storage - Non-Hazardous,Storage and Wholesale Trade
Warehouses - mini-warehouses - Public warehouses - Other than above,General Warehousing and Storage - Non-Hazardous,Storage and Wholesale Trade
Warehouses - occupied by multiple interests (lessor’s risk only) - Public warehouses - Cold storage,General Warehousing and Storage - Non-Hazardous,Storage and Wholesale Trade
"Warehouses - occupied by multiple interests (lessor’s risk only) - Public warehouses - Freight terminals, freight depots",General Warehousing and Storage - Non-Hazardous,Storage and Wholesale Trade
Warehouses - occupied by multiple interests (lessor’s risk only) - Public warehouses - Mini-warehouses or personal property,General Warehousing and Storage - Non-Hazardous,Storage and Wholesale Trade
Warehouses - occupied by multiple interests (lessor’s risk only) - Public warehouses - Other than above,General Warehousing and Storage - Non-Hazardous,Storage and Wholesale Trade
Warehouses - occupied by single interest (lessor’s risk only) - Public warehouses - cold storage,General Warehousing and Storage - Non-Hazardous,Storage and Wholesale Trade
"Warehouses - occupied by single interest (lessor’s risk only) - Public warehouses - Freight terminals, freight depots",General Warehousing and Storage - Non-Hazardous,Storage and Wholesale Trade
Warehouses - occupied by single interest (lessor’s risk only) - Public warehouses - Mini-warehousing or personal property,General Warehousing and Storage - Non-Hazardous,Storage and Wholesale Trade
"Warehouses - occupied by single interest (lessor’s risk only) - Public warehouses - With household furniture but with no storage of fibers, oils, petroleum products, rags, fireworks, matches or explosives",General Warehousing and Storage - Non-Hazardous,Storage and Wholesale Trade
Warehouses - occupied by single interest (lessor’s risk only) - Public warehousing - Other than above,General Warehousing and Storage - Non-Hazardous,Storage and Wholesale Trade
Warehouses – Public – Household goods storage but with no storage of fiber,General Warehousing and Storage - Non-Hazardous,Storage and Wholesale Trade
Warehouses – Public – Mini-warehousing of personal property,General Warehousing and Storage - Non-Hazardous,Storage and Wholesale Trade
Warehouses – Public – NOC,General Warehousing and Storage - Non-Hazardous,Storage and Wholesale Trade
Warehouses - Public warehouses - Cold storage,General Warehousing and Storage - Non-Hazardous,Storage and Wholesale Trade
Warehouses – Whiskey and Liquor Warehouses in connection with Distilleries,General Warehousing and Storage - Non-Hazardous,Storage and Wholesale Trade
Warehouses (with flammables),General Warehousing and Storage - Non-Hazardous,Storage and Wholesale Trade
Warehousing Storage,General Warehousing and Storage - Non-Hazardous,Storage and Wholesale Trade
warehse,General Warehousing and Storage - Non-Hazardous,Storage and Wholesale Trade
warehse/mfg,Machinery Manufacturing,Light Industry
"Was pump house, abandoned when city sewer installed.  Usage: storage shed",General Warehousing and Storage - Non-Hazardous,Storage and Wholesale Trade
WASH RACK & SERVICE OFFICE,Offices,Offices
Wash Rack Building,Auto Repair Shop Garage,Retail
Waste and Reclaimed Materials Including Yards,Miscellaneous Waste Management,Heavy Industry
Waste Processing,Miscellaneous Waste Management,Heavy Industry
Waste Sludge Processing Facility,Miscellaneous Waste Management,Heavy Industry
Waste Structure,Miscellaneous Waste Management,Heavy Industry
Waste Treatment Facility,Miscellaneous Waste Management,Heavy Industry
Waste Treatment Facility  Offices  Loading & Unloading Area,Miscellaneous Waste Management,Heavy Industry
WASTE WATER PLANT IMPROVEMENTS,Miscellaneous Waste Management,Heavy Industry
Waste Water Pre-Treatment Plant,Miscellaneous Waste Management,Heavy Industry
Waste Water Treatment,Miscellaneous Waste Management,Heavy Industry
Waste Water Treatment Plant (includes tank farm  carbon vessels and etc.),Miscellaneous Waste Management,Heavy Industry
Waste Water Treatment Site,Miscellaneous Waste Management,Heavy Industry
Wastewater Electrical Station,Miscellaneous Waste Management,Heavy Industry
WASTEWATER LAND APPLICATION SYSTEM,Miscellaneous Waste Management,Heavy Industry
Wastewater Package Plant,Miscellaneous Waste Management,Heavy Industry
Wastewater treatment for 2 facilities above,Miscellaneous Waste Management,Heavy Industry
Wastewater Treatment Plant,Miscellaneous Waste Management,Heavy Industry
Wastewater Treatment Plant - Lab,Miscellaneous Waste Management,Heavy Industry
Watch Repair,Auto Repair Shop Garage,Retail
Water,Water Supply and Irrigation Systems,Utilities
Water  Storage,General Warehousing and Storage - Non-Hazardous,Storage and Wholesale Trade
WATER & SEWER BLDG.,Water & Sewage Treatment Facilities,Utilities
Water Department,Water Supply and Irrigation Systems,Utilities
WATER FEATURE,Water Supply and Irrigation Systems,Utilities
WATER FILTER PLANT,Water Supply and Irrigation Systems,Utilities
water intake,Water Supply and Irrigation Systems,Utilities
Water Main Equipment - 3,Electrical Equipment and Component Manufacturing,Light Industry
WATER MAIN EQUIPMENT #1,Electrical Equipment and Component Manufacturing,Light Industry
WATER MAIN EQUIPMENT #2,Electrical Equipment and Component Manufacturing,Light Industry
WATER MAIN EXTENSION,Water Supply and Irrigation Systems,Utilities
Water Meter Replacements,Water Supply and Irrigation Systems,Utilities
Water Meter Vault - Line Creek Road,Water Supply and Irrigation Systems,Utilities
Water Meter Vault - Main Street,Water Supply and Irrigation Systems,Utilities
Water Meter Vault - Reidsboro Road,Water Supply and Irrigation Systems,Utilities
WATER METERS,Water Supply and Irrigation Systems,Utilities
WATER METERS/AMR SYSTEM,Water Supply and Irrigation Systems,Utilities
WATER PIPES,Water Supply and Irrigation Systems,Utilities
Water Planet and Filtration System w/ 1000 Gallon Storage Tank,Water Supply and Irrigation Systems,Utilities
Water Plant,Water Supply and Irrigation Systems,Utilities
"Water Plant incl. Pumps, Motors, Switches, etc...",Water Supply and Irrigation Systems,Utilities
"Water Pump for Site - Refill Pump for the 25,000 Water Source w/Hydrant",Water Supply and Irrigation Systems,Utilities
Water Pump House,Water Supply and Irrigation Systems,Utilities
Water pump house and well cover,Water Supply and Irrigation Systems,Utilities
water pump station,Water Supply and Irrigation Systems,Utilities
Water Pumping Facility,Water Supply and Irrigation Systems,Utilities
Water Pumping Station,Water Supply and Irrigation Systems,Utilities
Water reservoir,Water Supply and Irrigation Systems,Utilities
"Water Reservoir - North   (100,000 gal.)",Water Supply and Irrigation Systems,Utilities
"Water reservoir 100,000 gallon",Water Supply and Irrigation Systems,Utilities
Water service,Water Supply and Irrigation Systems,Utilities
"Water Sports, including dock",Piers and Wharves,Transportation
water storage,Water Supply and Irrigation Systems,Utilities
Water Storage Tank,Water Supply and Irrigation Systems,Utilities
"Water Storage, Pump House, and Storage area",Water Supply and Irrigation Systems,Utilities
water supply,Water Supply and Irrigation Systems,Utilities
Water supply 10000 gallon,Water Supply and Irrigation Systems,Utilities
Water Supply Building,Water Supply and Irrigation Systems,Utilities
water supply pump house,Water Supply and Irrigation Systems,Utilities
Water Supply Treatment,Water Supply and Irrigation Systems,Utilities
Water supply treatment plant,Water Supply and Irrigation Systems,Utilities
water system,Water Supply and Irrigation Systems,Utilities
Water Tank,Water Supply and Irrigation Systems,Utilities
WATER TANK - 411 EAST,Water Supply and Irrigation Systems,Utilities
WATER TANK - ARBOR CHASE,Water Supply and Irrigation Systems,Utilities
WATER TANK - BRETNEY,Water Supply and Irrigation Systems,Utilities
WATER TANK - BROCK ROAD,Water Supply and Irrigation Systems,Utilities
WATER TANK - BRYON,Water Supply and Irrigation Systems,Utilities
WATER TANK - CROWN MOUNTAIN,Water Supply and Irrigation Systems,Utilities
WATER TANK - DIXIE HILL,Water Supply and Irrigation Systems,Utilities
WATER TANK - FUSSEN STRASSE,Water Supply and Irrigation Systems,Utilities
Water Tank - Gorge View,Water Supply and Irrigation Systems,Utilities
WATER TANK - HICKORY LOG,Water Supply and Irrigation Systems,Utilities
WATER TANK - HIGHWAY 100,Water Supply and Irrigation Systems,Utilities
WATER TANK - HIGHWAY 278,Water Supply and Irrigation Systems,Utilities
WATER TANK - HIGHWAY 41,Water Supply and Irrigation Systems,Utilities
WATER TANK - INNSBRUCK,Water Supply and Irrigation Systems,Utilities
WATER TANK - MOUNTAIN VIEW,Water Supply and Irrigation Systems,Utilities
WATER TANK - NATURE ESTATE,Water Supply and Irrigation Systems,Utilities
Water Tank - Norcup,Water Supply and Irrigation Systems,Utilities
WATER TANK - OLD ALABAMA,Water Supply and Irrigation Systems,Utilities
WATER TANK - PARK ROAD,Water Supply and Irrigation Systems,Utilities
WATER TANK - RED HILL,Water Supply and Irrigation Systems,Utilities
WATER TANK - REESE HILL,Water Supply and Irrigation Systems,Utilities
Water Tank - Reservoir,Water Supply and Irrigation Systems,Utilities
WATER TANK - WEST HIGHLAND,Water Supply and Irrigation Systems,Utilities
WATER TANK - WHITE STREET,Water Supply and Irrigation Systems,Utilities
Water Tank & Pump,Water Supply and Irrigation Systems,Utilities
WATER TANK 1,Water Supply and Irrigation Systems,Utilities
Water Tank 2,Water Supply and Irrigation Systems,Utilities
Water Tank 3,Water Supply and Irrigation Systems,Utilities
WATER TANK STEEL - MT ALTO,Water Supply and Irrigation Systems,Utilities
Water Tank Storg,Water Supply and Irrigation Systems,Utilities
WATER TANK T-2 - 411 SOUTH,Water Supply and Irrigation Systems,Utilities
WATER TANK T6 - MT ALTO,Water Supply and Irrigation Systems,Utilities
WATER TANK T8 - SADDLE MOUNTAIN,Water Supply and Irrigation Systems,Utilities
WATER TANK T9 - SMITH,Water Supply and Irrigation Systems,Utilities
"Water tank, pumps, storage",Water Supply and Irrigation Systems,Utilities
Water Tank/Piping,Water Supply and Irrigation Systems,Utilities
Water Tanks,Water Supply and Irrigation Systems,Utilities
Water Testing Lab - Pump Station,Water Supply and Irrigation Systems,Utilities
Water Tower,Water Supply and Irrigation Systems,Utilities
Water Tower - Fire Station,Governmental Office & Administration,Govermental/Municipal
Water Tower / Tank,Water Supply and Irrigation Systems,Utilities
WATER TOWER BUILDING,Water Supply and Irrigation Systems,Utilities
WATER TOWER STORAGE,General Warehousing and Storage - Non-Hazardous,Storage and Wholesale Trade
Water Towner,Water Supply and Irrigation Systems,Utilities
Water Treatment,Water & Sewage Treatment Facilities,Utilities
Water Treatment and Well,Water & Sewage Treatment Facilities,Utilities
Water Treatment Bldg,Water Supply and Irrigation Systems,Utilities
Water Treatment building,Water Supply and Irrigation Systems,Utilities
WATER TREATMENT PLANT,Water & Sewage Treatment Facilities,Utilities
WATER TREATMENT PLANT UPGRADE,Water & Sewage Treatment Facilities,Utilities
"water treatment, storage, restroom",Water Supply and Irrigation Systems,Utilities
"Water Utility, Water Pumping station",Water Supply and Irrigation Systems,Utilities
Water Well,Water Supply and Irrigation Systems,Utilities
Water Well 102,Water Supply and Irrigation Systems,Utilities
Water Well 104,Water Supply and Irrigation Systems,Utilities
Water Well 7,Water Supply and Irrigation Systems,Utilities
Water Well Pump Structures,Water Supply and Irrigation Systems,Utilities
Water well system,Water Supply and Irrigation Systems,Utilities
WATER WORKS BUILDING,Water Supply and Irrigation Systems,Utilities
Watertown Hatchery,Poultry Hatcheries,Agriculture/Farming
Waterworks Pump Station Well 1,Water Supply and Irrigation Systems,Utilities
Waterworks Pump Station Well 2,Water Supply and Irrigation Systems,Utilities
Wayside Park Pavilion,Lodges and Clubs,Hotels/Casino/Entertainment
WDI Rail Yard SN#301384,Heavy Rail,Transportation
Weapons Storage,General Warehousing and Storage - Non-Hazardous,Storage and Wholesale Trade
WEDDING CHAPEL,"Church, Mosque or Synagogue",Religious/Churches
Weekly Meeting Location - Pastor's Home - Rent,Single Family Dwellings,Habitational
Weigh Station Office,Offices,Offices
Weight Room/Concession,Fitness and Recreational Sports Centers,Hotels/Casino/Entertainment
Weight Training Facility,Fitness and Recreational Sports Centers,Hotels/Casino/Entertainment
Weight Training Facility Addition,Fitness and Recreational Sports Centers,Hotels/Casino/Entertainment
Weis Elementary - Marquee,Schools,Education
Weis Middle,Schools,Education
Weis Middle - Concession and Restroom,Schools,Education
Weis Middle Addn,Schools,Education
Weis Middle Addn-ACUnits - HVAC Structure,Schools,Education
WELD SHOP,Metal Product Manufacturing,Light Industry
Welding,Metal Product Manufacturing,Light Industry
Welding - Tire Shop,Tire Manufacturing (Except Retreading),Heavy Industry
Welding or Cutting - Welding shops,Miscellaneous Retailers,Retail
WELDING WAREHOUSE,General Warehousing and Storage - Non-Hazardous,Storage and Wholesale Trade
Well,Water Supply and Irrigation Systems,Utilities
"Well # 2 incl. Pumps, Motors, Switches, etc…",Water Supply and Irrigation Systems,Utilities
"Well # 3 incl. B/U Generator Pumps, Motors, Switches, etc…",Water Supply and Irrigation Systems,Utilities
"Well # 4 incl. Pumps, Motors, Switches, etc…",Water Supply and Irrigation Systems,Utilities
"Well # 5 incl. Pumps, Motors, Switches, etc…",Water Supply and Irrigation Systems,Utilities
Well / Pumphouse #1,Water Supply and Irrigation Systems,Utilities
Well / Pumphouse #2,Water Supply and Irrigation Systems,Utilities
Well / Pumphouse #3,Water Supply and Irrigation Systems,Utilities
Well Pump,Water Supply and Irrigation Systems,Utilities
Wellston Park Office - Meeting Room,Governmental Office & Administration,Govermental/Municipal
Wesley Street Gymnasium,Fitness and Recreational Sports Centers,Hotels/Casino/Entertainment
West Broad Village Shopping Center,Mid Rise Apartments - 5-9 stories,Habitational
West Receiving Office/Trailer,Temporary Camps and Campgrounds,Hotels/Casino/Entertainment
West Storage,General Warehousing and Storage - Non-Hazardous,Storage and Wholesale Trade
West Structural Shop,Machinery Manufacturing,Light Industry
West Village Clubhouse,Mid Rise Apartments - 5-9 stories,Habitational
Western Auto,Auto Dealers,Retail
Westlink Office Building,Offices,Offices
Westlinks - Home Health,Single Family Dwellings,Habitational
Wet pet manufacturing facility,Processed Food Manufacturing - Non-Frozen,Food
Wet pet manufacturing facility.  Canned wet pet food,Processed Food Manufacturing - Non-Frozen,Food
"Wet pet manufacturing facility.  Includes canned, pouch and cup products",Processed Food Manufacturing - Non-Frozen,Food
Wetlands Educational Building,Schools,Education
Wharf and Waterfront Property -occupied by the insured for freight purposes exclusively,Piers and Wharves,Transportation
Whistlestop Shop 1,Miscellaneous Retailers,Retail
"Whistlestop Shop 10, 11",Miscellaneous Retailers,Retail
Whistlestop Shop 2,Miscellaneous Retailers,Retail
Whistlestop Shop 3,Miscellaneous Retailers,Retail
Whistlestop Shop 4,Miscellaneous Retailers,Retail
Whistlestop Shop 5,Miscellaneous Retailers,Retail
Whistlestop Shop 6,Miscellaneous Retailers,Retail
Whistlestop Shop 7,Miscellaneous Retailers,Retail
Whistlestop Shop 8,Miscellaneous Retailers,Retail
Whistlestop Shop 9,Miscellaneous Retailers,Retail
Whistlestop Shop Restroom,Miscellaneous Retailers,Retail
Wholesale - Other wholesale trade,General Warehousing and Storage - Non-Hazardous,Storage and Wholesale Trade
Wholesale Trade,General Warehousing and Storage - Non-Hazardous,Storage and Wholesale Trade
Wholesale Trade - 6,General Warehousing and Storage - Non-Hazardous,Storage and Wholesale Trade
Wholesale Trade - Misc,General Warehousing and Storage - Non-Hazardous,Storage and Wholesale Trade
Wholesale Trade - Warehouses,General Warehousing and Storage - Non-Hazardous,Storage and Wholesale Trade
Wholesale Trade (Warehouses),General Warehousing and Storage - Non-Hazardous,Storage and Wholesale Trade
Wholesaler,General Warehousing and Storage - Non-Hazardous,Storage and Wholesale Trade
WHSE-Sales,General Warehousing and Storage - Non-Hazardous,Storage and Wholesale Trade
WIC Clinic,Home Health Care Service,Health Services
Wiggins Store,Miscellaneous Retailers,Retail
WILBANKS MEMORIAL MONUMENT,Governmental Office & Administration,Govermental/Municipal
Wildenthal Library,Library,Govermental/Municipal
Wildlife Ranch & Zoo,Zoos and Botanical Gardens,Hotels/Casino/Entertainment
William George Law Office,Offices,Offices
William Powel Student Health & Counseling Center (Aux),Home Health Care Service,Health Services
WILLIAMS PAVILION,Lodges and Clubs,Hotels/Casino/Entertainment
"Window & Door production, office , docks",Offices,Offices
Window Mfg,Machinery Manufacturing,Light Industry
WINDOWS & DOORS WAREHOUSE,General Warehousing and Storage - Non-Hazardous,Storage and Wholesale Trade
Windy Acres Farm,Livestock Farming,Agriculture/Farming
Wine storage and distribution in third party warehouse,Alcohol Merchant Wholesalers,Storage and Wholesale Trade
Wine tasting,Supermarkets and Grocery,Retail
Wire Storage Building,General Warehousing and Storage - Non-Hazardous,Storage and Wholesale Trade
WISTERIA DRIVE RESIDENCE,Mid Rise Apartments - 5-9 stories,Habitational
Woman's  Comm. Rehab,Rehabilitation Facility,Health Services
Women's and Children's Medical Plaza                                                           Suite 100 Women's Health                               Suite 102 Pediatric Specialty               Suite 104   Children's Rehab                                 ,Medical Office,Health Services
WOMENS CLUB,Fitness and Recreational Sports Centers,Hotels/Casino/Entertainment
Women's Club,Fitness and Recreational Sports Centers,Hotels/Casino/Entertainment
Women's Club Building,Fitness and Recreational Sports Centers,Hotels/Casino/Entertainment
Womens Clubhouse,Fitness and Recreational Sports Centers,Hotels/Casino/Entertainment
Women's Clubhouse,Fitness and Recreational Sports Centers,Hotels/Casino/Entertainment
Women's Healthcare Professionals Ste 2130,Home Health Care Service,Health Services
"Women's Heathcare Prof-#2310
Assoc in Peds- #2220
Lee Lab Services - #2100
#2300/2330 The Heart Group
#2310 Bonita Primary Care  BCHC
LPG Primary Care #2180
Pain Management -#2120",Laboratories,Health Services
Womens Social Club,Fitness and Recreational Sports Centers,Hotels/Casino/Entertainment
"wood & metal working, mechanical, repair, fabrication, storage",Wood Products Manufacturing,Heavy Industry
Wood Processing,Wood Products Manufacturing,Heavy Industry
Wood Shop,Wood Products Manufacturing,Heavy Industry
wood storage,General Warehousing and Storage - Non-Hazardous,Storage and Wholesale Trade
Wood working and Storage,Wood Products Manufacturing,Heavy Industry
"wood working, mechanical, repair, fabrication, storage",Wood Products Manufacturing,Heavy Industry
Wood/Upholstery Shop/Laundry,Wood Products Manufacturing,Heavy Industry
Woodlands Center Parking Garage,Parking Garages,Light Industry
woodshop,Wood Products Manufacturing,Heavy Industry
WOODWORK,Wood Products Manufacturing,Heavy Industry
Woodworking,Wood Products Manufacturing,Heavy Industry
Woodworking and Equipment Repair,Wood Products Manufacturing,Heavy Industry
Woodworking and Equipment Storage,Wood Products Manufacturing,Heavy Industry
Woodworking Instruction and Sales,Wood Products Manufacturing,Heavy Industry
"Woodworking, Warehouse, and Equipment storage",Wood Products Manufacturing,Heavy Industry
WORK SHOP,Machinery Manufacturing,Light Industry
Work stations / Equipment storage,General Warehousing and Storage - Non-Hazardous,Storage and Wholesale Trade
Workforce jobs and Maintenance Shops,Machinery Manufacturing,Light Industry
Workshop,Machinery Manufacturing,Light Industry
Workshop and Maintenance,Machinery Manufacturing,Light Industry
Workshop and storage; hand tools and paper products and equipment,Machinery Manufacturing,Light Industry
"Workshop, Automotive Maintenance, Office, and Storage",Auto Repair Shop Garage,Retail
"Workshop, Radio Repair, Warehouse, Small Equipment Storage, and Repair",Auto Repair Shop Garage,Retail
"Workshop, Warehouse, and Communications Maintenance Shop",Machinery Manufacturing,Light Industry
Workshop/Garage,Machinery Manufacturing,Light Industry
Workshop/Storage,Machinery Manufacturing,Light Industry
"Wound Care & Hyperbarics and outpatient PT, SR Cardiac Rehab",Outpatient Care Centers,Health Services
Wound Management,Home Health Care Service,Health Services
WWTP Storage Building,General Warehousing and Storage - Non-Hazardous,Storage and Wholesale Trade
Yamhill Apartments,Mid Rise Apartments - 5-9 stories,Habitational
YMCA camp recreation hall,Fitness and Recreational Sports Centers,Hotels/Casino/Entertainment
YOGA STUDIO - OWNER OCCUPIED,Fitness and Recreational Sports Centers,Hotels/Casino/Entertainment
Youth & Family Counseling,Home Health Care Service,Health Services
Youth Center,Governmental Office & Administration,Govermental/Municipal
Youth Pavillion,Governmental Office & Administration,Govermental/Municipal
Youth/CE Minsitry,"Church, Mosque or Synagogue",Religious/Churches
Youth/Church,"Church, Mosque or Synagogue",Religious/Churches
Youth/Office,Offices,Offices
Zero Gravity Amusement Park,Amusement and Theme Parks,Hotels/Casino/Entertainment
Heavy Industrial - Mining,Metal Below,Mining
Heavy Industrial - Cement,Cement Manufacturing,Heavy Industry
Heavy Industrial - Steel,Iron and Steel Mills (Blast Furnaces),Heavy Industry
Heavy Industrial - Pulp & Paper,Paper Mill - With Black L Recovery Boiler,Heavy Industry
Heavy Industrial - Glass,Glass Product Manufacturing - Reformed Glass,Heavy Industry
Heavy Industrial - General,Iron and Steel Mills (Blast Furnaces),Heavy Industry
Chemical Processing - Primarily Outdoor,Inorganic Chemical Manufacturing,Heavy Industry
Chemical Processing - Primarily Indoor,Inorganic Chemical Manufacturing,Heavy Industry
Light Industrial - Electronics,Electrical Equipment and Component Manufacturing,Light Industry
Light Industrial - Pharmaceutical,Pharmaceutical Preparation Manufacturing,Light Industry
Light Industrial - Biomedical,Pharmaceutical Preparation Manufacturing,Light Industry
Light Industrial - Semiconductor,Semiconductor and Wafer Manufacturing,Heavy Industry
Light Industrial - General Assembly,Machinery Manufacturing,Light Industry
Light Industrial - General Manufacturing,Machinery Manufacturing,Light Industry
Petrochemical - Refineries,Petroleum Refineries,Oil/Petro/Gas
Petrochemical - Pipelines,Pipelines,Oil/Petro/Gas
Electric Power Generation - Fossil Fuel,Gas Fired Power Stations,Utilities
Electric Power Generation - Hydroelectric,Hydro Electric Power,Utilities
Electric Power Generation - Co-Generation,Co-Generation,Utilities
Electric Power - T&D,T&D,Utilities
Electric Power - Substations,Substations,Utilities
Natural Gas,Other,Oil/Petro/Gas
Food & Beverage,Processed Food Manufacturing - Non-Frozen,Food
Data Processing/Telecommunications,Tv and Radio Stations,Communications
Communications,Communications Equipment Manufacturing,Light Industry
Ports & Harbors,Port,Transportation
Airport,Airport Terminals,Transportation
Light Industrial - Technological Risk,Semiconductor and Wafer Manufacturing,Heavy Industry
Petrochemical - Pipelines Below Ground,Pipelines,Oil/Petro/Gas
Petrochemical - Tank Farms,Other,Oil/Petro/Gas
Electric Power Generation - Fossil Fuel (Small),Gas Fired Power Stations,Utilities
Electric Power Generation - Fossil Fuel (Medium),Gas Fired Power Stations,Utilities
Electric Power Generation - Fossil Fuel (Large),Gas Fired Power Stations,Utilities
Electric Power Generation - Co-Generation (Small),Co-Generation,Utilities
Electric Power Generation - Co-Generation (Mid),Co-Generation,Utilities
Electric Power Generation - Co-Generation (Large),Co-Generation,Utilities
Electric Power Generation - Gas Power (Small),Gas Fired Power Stations,Utilities
Electric Power Generation - Gas Power (Mid),Gas Fired Power Stations,Utilities
Electric Power Generation - Gas Power (Large),Gas Fired Power Stations,Utilities
Electric Power - Substations (Small),Substations,Utilities
Electric Power - Substations (Mid),Substations,Utilities
Electric Power - Substations (Large),Substations,Utilities
Electric Power - Nuclear Power Plant,Nuclear Power Plant,Utilities
Electric Power - Wind Farms (Small),Wind Power Generation,Utilities
Electric Power - Wind Farms (Mid),Wind Power Generation,Utilities
Electric Power - Wind Farms (Large),Wind Power Generation,Utilities
Electric Power - Solar Farms (Small),Solar Power PV,Utilities
Electric Power - Solar Farms (Mid),Solar Power PV,Utilities
Electric Power - Solar Farms (Large),Solar Power PV,Utilities
"Dams, Reservoirs only",Dam,Utilities
Water/Sewage treatment plants,Water & Sewage Treatment Facilities,Utilities
Outdoor Mechanical,Machinery Manufacturing,Light Industry
Airport (Small),Airport Terminals,Transportation
Airport (Mid),Airport Terminals,Transportation
Airport (Large),Airport Terminals,Transportation
