Country,Statecode,County,StateCounty,WF Buildings,WF Contents,WF BI,WF CatNet Cap
US,AK,Aleutians East Borough,AKAleutians East Borough,0.000120993,0.000120993,0.000120993,10
US,AK,Aleutians West Census Area,AKAleutians West Census Area,0.000120993,0.000120993,0.000120993,10
US,AK,Anchorage Municipality,AKAnchorage Municipality,0.000120993,0.000120993,0.000120993,10
US,AK,Bethel Census Area,AKBethel Census Area,0.000120993,0.000120993,0.000120993,10
US,AK,Bristol Bay Borough,AKBristol Bay Borough,0.000120993,0.000120993,0.000120993,10
US,AK,Denali Borough,AKDenali Borough,0.000120993,0.000120993,0.000120993,10
US,AK,Dillingham Census Area,AKDillingham Census Area,0.000120993,0.000120993,0.000120993,10
US,AK,Fairbanks North Star Borough,AKFairbanks North Star Borough,0.000120993,0.000120993,0.000120993,10
US,AK,Haines Borough,AKHaines Borough,0.000120993,0.000120993,0.000120993,10
US,AK,Hoonah-Angoon Census Area,AKHoonah-Angoon Census Area,0.000120993,0.000120993,0.000120993,10
US,AK,Juneau Borough,AKJuneau Borough,0.000120993,0.000120993,0.000120993,10
US,AK,Kenai Peninsula Borough,AKKenai Peninsula Borough,0.000120993,0.000120993,0.000120993,10
US,AK,Ketchikan Gateway Borough,AKKetchikan Gateway Borough,0.000120993,0.000120993,0.000120993,10
US,AK,Kodiak Island Borough,AKKodiak Island Borough,0.000120993,0.000120993,0.000120993,10
US,AK,Kusilvak,AKKusilvak,0.000120993,0.000120993,0.000120993,10
US,AK,Matanuska-Susitna Borough,AKMatanuska-Susitna Borough,0.000120993,0.000120993,0.000120993,10
US,AK,Nome Census Area,AKNome Census Area,0.000120993,0.000120993,0.000120993,10
US,AK,North Slope Borough,AKNorth Slope Borough,0.000120993,0.000120993,0.000120993,10
US,AK,Northwest Arctic Borough,AKNorthwest Arctic Borough,0.000120993,0.000120993,0.000120993,10
US,AK,Peninsula And Lake Borough,AKPeninsula And Lake Borough,0.000120993,0.000120993,0.000120993,10
US,AK,Petersburg Census Area,AKPetersburg Census Area,0.000120993,0.000120993,0.000120993,10
US,AK,Prince Of Wales-Hyder Census Area,AKPrince Of Wales-Hyder Census Area,0.000120993,0.000120993,0.000120993,10
US,AK,Sitka Borough,AKSitka Borough,0.000120993,0.000120993,0.000120993,10
US,AK,Skagway Municipality,AKSkagway Municipality,0.000120993,0.000120993,0.000120993,10
US,AK,Southeast Fairbanks Census Area,AKSoutheast Fairbanks Census Area,0.000120993,0.000120993,0.000120993,10
US,AK,Valdez-Cordova Census Area,AKValdez-Cordova Census Area,0.000120993,0.000120993,0.000120993,10
US,AK,Wrangell City And Borough,AKWrangell City And Borough,0.000120993,0.000120993,0.000120993,10
US,AK,Yakutat Borough,AKYakutat Borough,0.000120993,0.000120993,0.000120993,10
US,AK,Yukon-Koyukuk Census Area,AKYukon-Koyukuk Census Area,0.000120993,0.000120993,0.000120993,10
US,AL,Autauga County,ALAutauga County,6.07E-05,6.07E-05,6.07E-05,10
US,AL,Baldwin County,ALBaldwin County,6.07E-05,6.07E-05,6.07E-05,10
US,AL,Barbour County,ALBarbour County,6.07E-05,6.07E-05,6.07E-05,10
US,AL,Bibb County,ALBibb County,6.07E-05,6.07E-05,6.07E-05,10
US,AL,Blount County,ALBlount County,6.07E-05,6.07E-05,6.07E-05,10
US,AL,Bullock County,ALBullock County,6.07E-05,6.07E-05,6.07E-05,10
US,AL,Butler County,ALButler County,6.07E-05,6.07E-05,6.07E-05,10
US,AL,Calhoun County,ALCalhoun County,6.07E-05,6.07E-05,6.07E-05,10
US,AL,Chambers County,ALChambers County,6.07E-05,6.07E-05,6.07E-05,10
US,AL,Cherokee County,ALCherokee County,6.07E-05,6.07E-05,6.07E-05,10
US,AL,Chilton County,ALChilton County,6.07E-05,6.07E-05,6.07E-05,10
US,AL,Choctaw County,ALChoctaw County,6.07E-05,6.07E-05,6.07E-05,10
US,AL,Clarke County,ALClarke County,6.07E-05,6.07E-05,6.07E-05,10
US,AL,Clay County,ALClay County,6.07E-05,6.07E-05,6.07E-05,10
US,AL,Cleburne County,ALCleburne County,6.07E-05,6.07E-05,6.07E-05,10
US,AL,Coffee County,ALCoffee County,6.07E-05,6.07E-05,6.07E-05,10
US,AL,Colbert County,ALColbert County,6.07E-05,6.07E-05,6.07E-05,10
US,AL,Conecuh County,ALConecuh County,6.07E-05,6.07E-05,6.07E-05,10
US,AL,Coosa County,ALCoosa County,6.07E-05,6.07E-05,6.07E-05,10
US,AL,Covington County,ALCovington County,6.07E-05,6.07E-05,6.07E-05,10
US,AL,Crenshaw County,ALCrenshaw County,6.07E-05,6.07E-05,6.07E-05,10
US,AL,Cullman County,ALCullman County,6.07E-05,6.07E-05,6.07E-05,10
US,AL,Dale County,ALDale County,6.07E-05,6.07E-05,6.07E-05,10
US,AL,Dallas County,ALDallas County,6.07E-05,6.07E-05,6.07E-05,10
US,AL,Dekalb County,ALDekalb County,6.07E-05,6.07E-05,6.07E-05,10
US,AL,Elmore County,ALElmore County,6.07E-05,6.07E-05,6.07E-05,10
US,AL,Escambia County,ALEscambia County,6.07E-05,6.07E-05,6.07E-05,10
US,AL,Etowah County,ALEtowah County,6.07E-05,6.07E-05,6.07E-05,10
US,AL,Fayette County,ALFayette County,6.07E-05,6.07E-05,6.07E-05,10
US,AL,Franklin County,ALFranklin County,6.07E-05,6.07E-05,6.07E-05,10
US,AL,Geneva County,ALGeneva County,6.07E-05,6.07E-05,6.07E-05,10
US,AL,Greene County,ALGreene County,6.07E-05,6.07E-05,6.07E-05,10
US,AL,Hale County,ALHale County,6.07E-05,6.07E-05,6.07E-05,10
US,AL,Henry County,ALHenry County,6.07E-05,6.07E-05,6.07E-05,10
US,AL,Houston County,ALHouston County,6.07E-05,6.07E-05,6.07E-05,10
US,AL,Jackson County,ALJackson County,6.07E-05,6.07E-05,6.07E-05,10
US,AL,Jefferson County,ALJefferson County,6.07E-05,6.07E-05,6.07E-05,10
US,AL,Lamar County,ALLamar County,6.07E-05,6.07E-05,6.07E-05,10
US,AL,Lauderdale County,ALLauderdale County,6.07E-05,6.07E-05,6.07E-05,10
US,AL,Lawrence County,ALLawrence County,6.07E-05,6.07E-05,6.07E-05,10
US,AL,Lee County,ALLee County,6.07E-05,6.07E-05,6.07E-05,10
US,AL,Limestone County,ALLimestone County,6.07E-05,6.07E-05,6.07E-05,10
US,AL,Lowndes County,ALLowndes County,6.07E-05,6.07E-05,6.07E-05,10
US,AL,Macon County,ALMacon County,6.07E-05,6.07E-05,6.07E-05,10
US,AL,Madison County,ALMadison County,6.07E-05,6.07E-05,6.07E-05,10
US,AL,Marengo County,ALMarengo County,6.07E-05,6.07E-05,6.07E-05,10
US,AL,Marion County,ALMarion County,6.07E-05,6.07E-05,6.07E-05,10
US,AL,Marshall County,ALMarshall County,6.07E-05,6.07E-05,6.07E-05,10
US,AL,Mobile County,ALMobile County,6.07E-05,6.07E-05,6.07E-05,10
US,AL,Monroe County,ALMonroe County,6.07E-05,6.07E-05,6.07E-05,10
US,AL,Montgomery County,ALMontgomery County,6.07E-05,6.07E-05,6.07E-05,10
US,AL,Morgan County,ALMorgan County,6.07E-05,6.07E-05,6.07E-05,10
US,AL,Perry County,ALPerry County,6.07E-05,6.07E-05,6.07E-05,10
US,AL,Pickens County,ALPickens County,6.07E-05,6.07E-05,6.07E-05,10
US,AL,Pike County,ALPike County,6.07E-05,6.07E-05,6.07E-05,10
US,AL,Randolph County,ALRandolph County,6.07E-05,6.07E-05,6.07E-05,10
US,AL,Russell County,ALRussell County,6.07E-05,6.07E-05,6.07E-05,10
US,AL,Shelby County,ALShelby County,6.07E-05,6.07E-05,6.07E-05,10
US,AL,St. Clair County,ALSt. Clair County,6.07E-05,6.07E-05,6.07E-05,10
US,AL,Sumter County,ALSumter County,6.07E-05,6.07E-05,6.07E-05,10
US,AL,Talladega County,ALTalladega County,6.07E-05,6.07E-05,6.07E-05,10
US,AL,Tallapoosa County,ALTallapoosa County,6.07E-05,6.07E-05,6.07E-05,10
US,AL,Tuscaloosa County,ALTuscaloosa County,6.07E-05,6.07E-05,6.07E-05,10
US,AL,Walker County,ALWalker County,6.07E-05,6.07E-05,6.07E-05,10
US,AL,Washington County,ALWashington County,6.07E-05,6.07E-05,6.07E-05,10
US,AL,Wilcox County,ALWilcox County,6.07E-05,6.07E-05,6.07E-05,10
US,AL,Winston County,ALWinston County,6.07E-05,6.07E-05,6.07E-05,10
US,AR,Arkansas County,ARArkansas County,6.12E-05,6.12E-05,6.12E-05,2
US,AR,Ashley County,ARAshley County,6.12E-05,6.12E-05,6.12E-05,2
US,AR,Baxter County,ARBaxter County,6.12E-05,6.12E-05,6.12E-05,2
US,AR,Benton County,ARBenton County,6.12E-05,6.12E-05,6.12E-05,10
US,AR,Boone County,ARBoone County,6.12E-05,6.12E-05,6.12E-05,10
US,AR,Bradley County,ARBradley County,6.12E-05,6.12E-05,6.12E-05,2
US,AR,Calhoun County,ARCalhoun County,6.12E-05,6.12E-05,6.12E-05,10
US,AR,Carroll County,ARCarroll County,6.12E-05,6.12E-05,6.12E-05,10
US,AR,Chicot County,ARChicot County,6.12E-05,6.12E-05,6.12E-05,2
US,AR,Clark County,ARClark County,6.12E-05,6.12E-05,6.12E-05,10
US,AR,Clay County,ARClay County,6.12E-05,6.12E-05,6.12E-05,2
US,AR,Cleburne County,ARCleburne County,6.12E-05,6.12E-05,6.12E-05,2
US,AR,Cleveland County,ARCleveland County,6.12E-05,6.12E-05,6.12E-05,2
US,AR,Columbia County,ARColumbia County,6.12E-05,6.12E-05,6.12E-05,10
US,AR,Conway County,ARConway County,6.12E-05,6.12E-05,6.12E-05,10
US,AR,Craighead County,ARCraighead County,6.12E-05,6.12E-05,6.12E-05,2
US,AR,Crawford County,ARCrawford County,6.12E-05,6.12E-05,6.12E-05,10
US,AR,Crittenden County,ARCrittenden County,6.12E-05,6.12E-05,6.12E-05,2
US,AR,Cross County,ARCross County,6.12E-05,6.12E-05,6.12E-05,2
US,AR,Dallas County,ARDallas County,6.12E-05,6.12E-05,6.12E-05,10
US,AR,Desha County,ARDesha County,6.12E-05,6.12E-05,6.12E-05,2
US,AR,Drew County,ARDrew County,6.12E-05,6.12E-05,6.12E-05,2
US,AR,Faulkner County,ARFaulkner County,6.12E-05,6.12E-05,6.12E-05,2
US,AR,Franklin County,ARFranklin County,6.12E-05,6.12E-05,6.12E-05,10
US,AR,Fulton County,ARFulton County,6.12E-05,6.12E-05,6.12E-05,2
US,AR,Garland County,ARGarland County,6.12E-05,6.12E-05,6.12E-05,10
US,AR,Grant County,ARGrant County,6.12E-05,6.12E-05,6.12E-05,2
US,AR,Greene County,ARGreene County,6.12E-05,6.12E-05,6.12E-05,2
US,AR,Hempstead County,ARHempstead County,6.12E-05,6.12E-05,6.12E-05,10
US,AR,Hot Spring County,ARHot Spring County,6.12E-05,6.12E-05,6.12E-05,10
US,AR,Howard County,ARHoward County,6.12E-05,6.12E-05,6.12E-05,10
US,AR,Independence County,ARIndependence County,6.12E-05,6.12E-05,6.12E-05,2
US,AR,Izard County,ARIzard County,6.12E-05,6.12E-05,6.12E-05,2
US,AR,Jackson County,ARJackson County,6.12E-05,6.12E-05,6.12E-05,2
US,AR,Jefferson County,ARJefferson County,6.12E-05,6.12E-05,6.12E-05,2
US,AR,Johnson County,ARJohnson County,6.12E-05,6.12E-05,6.12E-05,10
US,AR,Lafayette County,ARLafayette County,6.12E-05,6.12E-05,6.12E-05,10
US,AR,Lawrence County,ARLawrence County,6.12E-05,6.12E-05,6.12E-05,2
US,AR,Lee County,ARLee County,6.12E-05,6.12E-05,6.12E-05,2
US,AR,Lincoln County,ARLincoln County,6.12E-05,6.12E-05,6.12E-05,2
US,AR,Little River County,ARLittle River County,6.12E-05,6.12E-05,6.12E-05,10
US,AR,Logan County,ARLogan County,6.12E-05,6.12E-05,6.12E-05,10
US,AR,Lonoke County,ARLonoke County,6.12E-05,6.12E-05,6.12E-05,2
US,AR,Madison County,ARMadison County,6.12E-05,6.12E-05,6.12E-05,10
US,AR,Marion County,ARMarion County,6.12E-05,6.12E-05,6.12E-05,10
US,AR,Miller County,ARMiller County,6.12E-05,6.12E-05,6.12E-05,10
US,AR,Mississippi County,ARMississippi County,6.12E-05,6.12E-05,6.12E-05,2
US,AR,Monroe County,ARMonroe County,6.12E-05,6.12E-05,6.12E-05,2
US,AR,Montgomery County,ARMontgomery County,6.12E-05,6.12E-05,6.12E-05,10
US,AR,Nevada County,ARNevada County,6.12E-05,6.12E-05,6.12E-05,10
US,AR,Newton County,ARNewton County,6.12E-05,6.12E-05,6.12E-05,10
US,AR,Ouachita County,AROuachita County,6.12E-05,6.12E-05,6.12E-05,10
US,AR,Perry County,ARPerry County,6.12E-05,6.12E-05,6.12E-05,10
US,AR,Phillips County,ARPhillips County,6.12E-05,6.12E-05,6.12E-05,2
US,AR,Pike County,ARPike County,6.12E-05,6.12E-05,6.12E-05,10
US,AR,Poinsett County,ARPoinsett County,6.12E-05,6.12E-05,6.12E-05,2
US,AR,Polk County,ARPolk County,6.12E-05,6.12E-05,6.12E-05,10
US,AR,Pope County,ARPope County,6.12E-05,6.12E-05,6.12E-05,10
US,AR,Prairie County,ARPrairie County,6.12E-05,6.12E-05,6.12E-05,2
US,AR,Pulaski County,ARPulaski County,6.12E-05,6.12E-05,6.12E-05,2
US,AR,Randolph County,ARRandolph County,6.12E-05,6.12E-05,6.12E-05,2
US,AR,Saline County,ARSaline County,6.12E-05,6.12E-05,6.12E-05,2
US,AR,Scott County,ARScott County,6.12E-05,6.12E-05,6.12E-05,10
US,AR,Searcy County,ARSearcy County,6.12E-05,6.12E-05,6.12E-05,10
US,AR,Sebastian County,ARSebastian County,6.12E-05,6.12E-05,6.12E-05,10
US,AR,Sevier County,ARSevier County,6.12E-05,6.12E-05,6.12E-05,10
US,AR,Sharp County,ARSharp County,6.12E-05,6.12E-05,6.12E-05,2
US,AR,St. Francis County,ARSt. Francis County,6.12E-05,6.12E-05,6.12E-05,2
US,AR,Stone County,ARStone County,6.12E-05,6.12E-05,6.12E-05,2
US,AR,Union County,ARUnion County,6.12E-05,6.12E-05,6.12E-05,2
US,AR,Van Buren County,ARVan Buren County,6.12E-05,6.12E-05,6.12E-05,2
US,AR,Washington County,ARWashington County,6.12E-05,6.12E-05,6.12E-05,10
US,AR,White County,ARWhite County,6.12E-05,6.12E-05,6.12E-05,2
US,AR,Woodruff County,ARWoodruff County,6.12E-05,6.12E-05,6.12E-05,2
US,AR,Yell County,ARYell County,6.12E-05,6.12E-05,6.12E-05,10
US,AZ,Apache County,AZApache County,0.000131447,0.000131447,0.000131447,10
US,AZ,Cochise County,AZCochise County,0.000131447,0.000131447,0.000131447,10
US,AZ,Coconino County,AZCoconino County,0.000131447,0.000131447,0.000131447,10
US,AZ,Gila County,AZGila County,0.000131447,0.000131447,0.000131447,10
US,AZ,Graham County,AZGraham County,0.000131447,0.000131447,0.000131447,10
US,AZ,Greenlee County,AZGreenlee County,0.000131447,0.000131447,0.000131447,10
US,AZ,La Paz County,AZLa Paz County,0.000131447,0.000131447,0.000131447,10
US,AZ,Maricopa County,AZMaricopa County,0.000131447,0.000131447,0.000131447,10
US,AZ,Mohave County,AZMohave County,0.000131447,0.000131447,0.000131447,10
US,AZ,Navajo County,AZNavajo County,0.000131447,0.000131447,0.000131447,10
US,AZ,Pima County,AZPima County,0.000131447,0.000131447,0.000131447,10
US,AZ,Pinal County,AZPinal County,0.000131447,0.000131447,0.000131447,10
US,AZ,Santa Cruz County,AZSanta Cruz County,0.000131447,0.000131447,0.000131447,10
US,AZ,Yavapai County,AZYavapai County,0.000131447,0.000131447,0.000131447,10
US,AZ,Yuma County,AZYuma County,0.000131447,0.000131447,0.000131447,10
US,CA,Alameda County,CAAlameda County,0.000397499,0.000397499,0.000397499,10
US,CA,Alpine County,CAAlpine County,0.000397499,0.000397499,0.000397499,10
US,CA,Amador County,CAAmador County,0.000397499,0.000397499,0.000397499,10
US,CA,Butte County,CAButte County,0.000397499,0.000397499,0.000397499,10
US,CA,Calaveras County,CACalaveras County,0.000397499,0.000397499,0.000397499,10
US,CA,Colusa County,CAColusa County,0.000397499,0.000397499,0.000397499,10
US,CA,Contra Costa County,CAContra Costa County,0.000397499,0.000397499,0.000397499,10
US,CA,Del Norte County,CADel Norte County,0.000397499,0.000397499,0.000397499,10
US,CA,El Dorado County,CAEl Dorado County,0.000397499,0.000397499,0.000397499,10
US,CA,Fresno County,CAFresno County,0.000397499,0.000397499,0.000397499,10
US,CA,Glenn County,CAGlenn County,0.000397499,0.000397499,0.000397499,10
US,CA,Humboldt County,CAHumboldt County,0.000397499,0.000397499,0.000397499,10
US,CA,Imperial County,CAImperial County,0.000397499,0.000397499,0.000397499,10
US,CA,Inyo County,CAInyo County,0.000397499,0.000397499,0.000397499,10
US,CA,Kern County,CAKern County,0.000397499,0.000397499,0.000397499,10
US,CA,Kings County,CAKings County,0.000397499,0.000397499,0.000397499,10
US,CA,Lake County,CALake County,0.000397499,0.000397499,0.000397499,10
US,CA,Lassen County,CALassen County,0.000397499,0.000397499,0.000397499,10
US,CA,Los Angeles County,CALos Angeles County,0.000397499,0.000397499,0.000397499,10
US,CA,Madera County,CAMadera County,0.000397499,0.000397499,0.000397499,10
US,CA,Marin County,CAMarin County,0.000397499,0.000397499,0.000397499,10
US,CA,Mariposa County,CAMariposa County,0.000397499,0.000397499,0.000397499,10
US,CA,Mendocino County,CAMendocino County,0.000397499,0.000397499,0.000397499,10
US,CA,Merced County,CAMerced County,0.000397499,0.000397499,0.000397499,10
US,CA,Modoc County,CAModoc County,0.000397499,0.000397499,0.000397499,10
US,CA,Mono County,CAMono County,0.000397499,0.000397499,0.000397499,10
US,CA,Monterey County,CAMonterey County,0.000397499,0.000397499,0.000397499,10
US,CA,Napa County,CANapa County,0.000397499,0.000397499,0.000397499,10
US,CA,Nevada County,CANevada County,0.000397499,0.000397499,0.000397499,10
US,CA,Orange County,CAOrange County,0.000397499,0.000397499,0.000397499,10
US,CA,Placer County,CAPlacer County,0.000397499,0.000397499,0.000397499,10
US,CA,Plumas County,CAPlumas County,0.000397499,0.000397499,0.000397499,10
US,CA,Riverside County,CARiverside County,0.000397499,0.000397499,0.000397499,10
US,CA,Sacramento County,CASacramento County,0.000397499,0.000397499,0.000397499,10
US,CA,San Benito County,CASan Benito County,0.000397499,0.000397499,0.000397499,10
US,CA,San Bernardino County,CASan Bernardino County,0.000397499,0.000397499,0.000397499,10
US,CA,San Diego County,CASan Diego County,0.000397499,0.000397499,0.000397499,10
US,CA,San Francisco County,CASan Francisco County,0.000397499,0.000397499,0.000397499,10
US,CA,San Joaquin County,CASan Joaquin County,0.000397499,0.000397499,0.000397499,10
US,CA,San Luis Obispo County,CASan Luis Obispo County,0.000397499,0.000397499,0.000397499,10
US,CA,San Mateo County,CASan Mateo County,0.000397499,0.000397499,0.000397499,10
US,CA,Santa Barbara County,CASanta Barbara County,0.000397499,0.000397499,0.000397499,10
US,CA,Santa Clara County,CASanta Clara County,0.000397499,0.000397499,0.000397499,10
US,CA,Santa Cruz County,CASanta Cruz County,0.000397499,0.000397499,0.000397499,10
US,CA,Shasta County,CAShasta County,0.000397499,0.000397499,0.000397499,10
US,CA,Sierra County,CASierra County,0.000397499,0.000397499,0.000397499,10
US,CA,Siskiyou County,CASiskiyou County,0.000397499,0.000397499,0.000397499,10
US,CA,Solano County,CASolano County,0.000397499,0.000397499,0.000397499,10
US,CA,Sonoma County,CASonoma County,0.000397499,0.000397499,0.000397499,10
US,CA,Stanislaus County,CAStanislaus County,0.000397499,0.000397499,0.000397499,10
US,CA,Sutter County,CASutter County,0.000397499,0.000397499,0.000397499,10
US,CA,Tehama County,CATehama County,0.000397499,0.000397499,0.000397499,10
US,CA,Trinity County,CATrinity County,0.000397499,0.000397499,0.000397499,10
US,CA,Tulare County,CATulare County,0.000397499,0.000397499,0.000397499,10
US,CA,Tuolumne County,CATuolumne County,0.000397499,0.000397499,0.000397499,10
US,CA,Ventura County,CAVentura County,0.000397499,0.000397499,0.000397499,10
US,CA,Yolo County,CAYolo County,0.000397499,0.000397499,0.000397499,10
US,CA,Yuba County,CAYuba County,0.000397499,0.000397499,0.000397499,10
US,CO,Adams County,COAdams County,0.000128616,0.000128616,0.000128616,10
US,CO,Alamosa County,COAlamosa County,0.000128616,0.000128616,0.000128616,10
US,CO,Arapahoe County,COArapahoe County,0.000128616,0.000128616,0.000128616,10
US,CO,Archuleta County,COArchuleta County,0.000128616,0.000128616,0.000128616,10
US,CO,Baca County,COBaca County,0.000128616,0.000128616,0.000128616,10
US,CO,Bent County,COBent County,0.000128616,0.000128616,0.000128616,10
US,CO,Boulder County,COBoulder County,0.000128616,0.000128616,0.000128616,10
US,CO,Broomfield County,COBroomfield County,0.000128616,0.000128616,0.000128616,10
US,CO,Chaffee County,COChaffee County,0.000128616,0.000128616,0.000128616,10
US,CO,Cheyenne County,COCheyenne County,0.000128616,0.000128616,0.000128616,10
US,CO,Clear Creek County,COClear Creek County,0.000128616,0.000128616,0.000128616,10
US,CO,Conejos County,COConejos County,0.000128616,0.000128616,0.000128616,10
US,CO,Costilla County,COCostilla County,0.000128616,0.000128616,0.000128616,10
US,CO,Crowley County,COCrowley County,0.000128616,0.000128616,0.000128616,10
US,CO,Custer County,COCuster County,0.000128616,0.000128616,0.000128616,10
US,CO,Delta County,CODelta County,0.000128616,0.000128616,0.000128616,10
US,CO,Denver County,CODenver County,0.000128616,0.000128616,0.000128616,10
US,CO,Dolores County,CODolores County,0.000128616,0.000128616,0.000128616,10
US,CO,Douglas County,CODouglas County,0.000128616,0.000128616,0.000128616,10
US,CO,Eagle County,COEagle County,0.000128616,0.000128616,0.000128616,10
US,CO,El Paso County,COEl Paso County,0.000128616,0.000128616,0.000128616,10
US,CO,Elbert County,COElbert County,0.000128616,0.000128616,0.000128616,10
US,CO,Fremont County,COFremont County,0.000128616,0.000128616,0.000128616,10
US,CO,Garfield County,COGarfield County,0.000128616,0.000128616,0.000128616,10
US,CO,Gilpin County,COGilpin County,0.000128616,0.000128616,0.000128616,10
US,CO,Grand County,COGrand County,0.000128616,0.000128616,0.000128616,10
US,CO,Gunnison County,COGunnison County,0.000128616,0.000128616,0.000128616,10
US,CO,Hinsdale County,COHinsdale County,0.000128616,0.000128616,0.000128616,10
US,CO,Huerfano County,COHuerfano County,0.000128616,0.000128616,0.000128616,10
US,CO,Jackson County,COJackson County,0.000128616,0.000128616,0.000128616,10
US,CO,Jefferson County,COJefferson County,0.000128616,0.000128616,0.000128616,10
US,CO,Kiowa County,COKiowa County,0.000128616,0.000128616,0.000128616,10
US,CO,Kit Carson County,COKit Carson County,0.000128616,0.000128616,0.000128616,10
US,CO,La Plata County,COLa Plata County,0.000128616,0.000128616,0.000128616,10
US,CO,Lake County,COLake County,0.000128616,0.000128616,0.000128616,10
US,CO,Larimer County,COLarimer County,0.000128616,0.000128616,0.000128616,10
US,CO,Las Animas County,COLas Animas County,0.000128616,0.000128616,0.000128616,10
US,CO,Lincoln County,COLincoln County,0.000128616,0.000128616,0.000128616,10
US,CO,Logan County,COLogan County,0.000128616,0.000128616,0.000128616,10
US,CO,Mesa County,COMesa County,0.000128616,0.000128616,0.000128616,10
US,CO,Mineral County,COMineral County,0.000128616,0.000128616,0.000128616,10
US,CO,Moffat County,COMoffat County,0.000128616,0.000128616,0.000128616,10
US,CO,Montezuma County,COMontezuma County,0.000128616,0.000128616,0.000128616,10
US,CO,Montrose County,COMontrose County,0.000128616,0.000128616,0.000128616,10
US,CO,Morgan County,COMorgan County,0.000128616,0.000128616,0.000128616,10
US,CO,Otero County,COOtero County,0.000128616,0.000128616,0.000128616,10
US,CO,Ouray County,COOuray County,0.000128616,0.000128616,0.000128616,10
US,CO,Park County,COPark County,0.000128616,0.000128616,0.000128616,10
US,CO,Phillips County,COPhillips County,0.000128616,0.000128616,0.000128616,10
US,CO,Pitkin County,COPitkin County,0.000128616,0.000128616,0.000128616,10
US,CO,Prowers County,COProwers County,0.000128616,0.000128616,0.000128616,10
US,CO,Pueblo County,COPueblo County,0.000128616,0.000128616,0.000128616,10
US,CO,Rio Blanco County,CORio Blanco County,0.000128616,0.000128616,0.000128616,10
US,CO,Rio Grande County,CORio Grande County,0.000128616,0.000128616,0.000128616,10
US,CO,Routt County,CORoutt County,0.000128616,0.000128616,0.000128616,10
US,CO,Saguache County,COSaguache County,0.000128616,0.000128616,0.000128616,10
US,CO,San Juan County,COSan Juan County,0.000128616,0.000128616,0.000128616,10
US,CO,San Miguel County,COSan Miguel County,0.000128616,0.000128616,0.000128616,10
US,CO,Sedgwick County,COSedgwick County,0.000128616,0.000128616,0.000128616,10
US,CO,Summit County,COSummit County,0.000128616,0.000128616,0.000128616,10
US,CO,Teller County,COTeller County,0.000128616,0.000128616,0.000128616,10
US,CO,Washington County,COWashington County,0.000128616,0.000128616,0.000128616,10
US,CO,Weld County,COWeld County,0.000128616,0.000128616,0.000128616,10
US,CO,Yuma County,COYuma County,0.000128616,0.000128616,0.000128616,10
US,CT,Fairfield County,CTFairfield County,0.000120993,0.000120993,0.000120993,10
US,CT,Hartford County,CTHartford County,0.000120993,0.000120993,0.000120993,10
US,CT,Litchfield County,CTLitchfield County,0.000120993,0.000120993,0.000120993,10
US,CT,Middlesex County,CTMiddlesex County,0.000120993,0.000120993,0.000120993,10
US,CT,New Haven County,CTNew Haven County,0.000120993,0.000120993,0.000120993,10
US,CT,New London County,CTNew London County,0.000120993,0.000120993,0.000120993,10
US,CT,Tolland County,CTTolland County,0.000120993,0.000120993,0.000120993,10
US,CT,Windham County,CTWindham County,0.000120993,0.000120993,0.000120993,10
US,DC,District of Columbia,DCDistrict of Columbia,0.000120993,0.000120993,0.000120993,10
US,DE,Kent County,DEKent County,0.000120993,0.000120993,0.000120993,10
US,DE,New Castle County,DENew Castle County,0.000120993,0.000120993,0.000120993,10
US,DE,Sussex County,DESussex County,0.000120993,0.000120993,0.000120993,10
US,FL,Alachua County,FLAlachua County,6.48E-05,6.48E-05,6.48E-05,10
US,FL,Baker County,FLBaker County,6.48E-05,6.48E-05,6.48E-05,10
US,FL,Bay County,FLBay County,6.48E-05,6.48E-05,6.48E-05,10
US,FL,Bradford County,FLBradford County,6.48E-05,6.48E-05,6.48E-05,10
US,FL,Brevard County,FLBrevard County,6.48E-05,6.48E-05,6.48E-05,10
US,FL,Broward County,FLBroward County,6.48E-05,6.48E-05,6.48E-05,9
US,FL,Calhoun County,FLCalhoun County,6.48E-05,6.48E-05,6.48E-05,10
US,FL,Charlotte County,FLCharlotte County,6.48E-05,6.48E-05,6.48E-05,9
US,FL,Citrus County,FLCitrus County,6.48E-05,6.48E-05,6.48E-05,10
US,FL,Clay County,FLClay County,6.48E-05,6.48E-05,6.48E-05,10
US,FL,Collier County,FLCollier County,6.48E-05,6.48E-05,6.48E-05,9
US,FL,Columbia County,FLColumbia County,6.48E-05,6.48E-05,6.48E-05,10
US,FL,Desoto County,FLDesoto County,6.48E-05,6.48E-05,6.48E-05,9
US,FL,Dixie County,FLDixie County,6.48E-05,6.48E-05,6.48E-05,10
US,FL,Duval County,FLDuval County,6.48E-05,6.48E-05,6.48E-05,10
US,FL,Escambia County,FLEscambia County,6.48E-05,6.48E-05,6.48E-05,10
US,FL,Flagler County,FLFlagler County,6.48E-05,6.48E-05,6.48E-05,10
US,FL,Franklin County,FLFranklin County,6.48E-05,6.48E-05,6.48E-05,10
US,FL,Gadsden County,FLGadsden County,6.48E-05,6.48E-05,6.48E-05,10
US,FL,Gilchrist County,FLGilchrist County,6.48E-05,6.48E-05,6.48E-05,10
US,FL,Glades County,FLGlades County,6.48E-05,6.48E-05,6.48E-05,9
US,FL,Gulf County,FLGulf County,6.48E-05,6.48E-05,6.48E-05,10
US,FL,Hamilton County,FLHamilton County,6.48E-05,6.48E-05,6.48E-05,10
US,FL,Hardee County,FLHardee County,6.48E-05,6.48E-05,6.48E-05,10
US,FL,Hendry County,FLHendry County,6.48E-05,6.48E-05,6.48E-05,9
US,FL,Hernando County,FLHernando County,6.48E-05,6.48E-05,6.48E-05,10
US,FL,Highlands County,FLHighlands County,6.48E-05,6.48E-05,6.48E-05,10
US,FL,Hillsborough County,FLHillsborough County,6.48E-05,6.48E-05,6.48E-05,10
US,FL,Holmes County,FLHolmes County,6.48E-05,6.48E-05,6.48E-05,10
US,FL,Indian River County,FLIndian River County,6.48E-05,6.48E-05,6.48E-05,10
US,FL,Jackson County,FLJackson County,6.48E-05,6.48E-05,6.48E-05,10
US,FL,Jefferson County,FLJefferson County,6.48E-05,6.48E-05,6.48E-05,10
US,FL,Lafayette County,FLLafayette County,6.48E-05,6.48E-05,6.48E-05,10
US,FL,Lake County,FLLake County,6.48E-05,6.48E-05,6.48E-05,10
US,FL,Lee County,FLLee County,6.48E-05,6.48E-05,6.48E-05,9
US,FL,Leon County,FLLeon County,6.48E-05,6.48E-05,6.48E-05,10
US,FL,Levy County,FLLevy County,6.48E-05,6.48E-05,6.48E-05,10
US,FL,Liberty County,FLLiberty County,6.48E-05,6.48E-05,6.48E-05,10
US,FL,Madison County,FLMadison County,6.48E-05,6.48E-05,6.48E-05,10
US,FL,Manatee County,FLManatee County,6.48E-05,6.48E-05,6.48E-05,10
US,FL,Marion County,FLMarion County,6.48E-05,6.48E-05,6.48E-05,10
US,FL,Martin County,FLMartin County,6.48E-05,6.48E-05,6.48E-05,9
US,FL,Miami-Dade County,FLMiami-Dade County,6.48E-05,6.48E-05,6.48E-05,9
US,FL,Monroe County,FLMonroe County,6.48E-05,6.48E-05,6.48E-05,9
US,FL,Nassau County,FLNassau County,6.48E-05,6.48E-05,6.48E-05,10
US,FL,Okaloosa County,FLOkaloosa County,6.48E-05,6.48E-05,6.48E-05,10
US,FL,Okeechobee County,FLOkeechobee County,6.48E-05,6.48E-05,6.48E-05,10
US,FL,Orange County,FLOrange County,6.48E-05,6.48E-05,6.48E-05,10
US,FL,Osceola County,FLOsceola County,6.48E-05,6.48E-05,6.48E-05,10
US,FL,Palm Beach County,FLPalm Beach County,6.48E-05,6.48E-05,6.48E-05,9
US,FL,Pasco County,FLPasco County,6.48E-05,6.48E-05,6.48E-05,10
US,FL,Pinellas County,FLPinellas County,6.48E-05,6.48E-05,6.48E-05,10
US,FL,Polk County,FLPolk County,6.48E-05,6.48E-05,6.48E-05,10
US,FL,Putnam County,FLPutnam County,6.48E-05,6.48E-05,6.48E-05,10
US,FL,Santa Rosa County,FLSanta Rosa County,6.48E-05,6.48E-05,6.48E-05,10
US,FL,Sarasota County,FLSarasota County,6.48E-05,6.48E-05,6.48E-05,10
US,FL,Seminole County,FLSeminole County,6.48E-05,6.48E-05,6.48E-05,10
US,FL,St. Johns County,FLSt. Johns County,6.48E-05,6.48E-05,6.48E-05,10
US,FL,St. Lucie County,FLSt. Lucie County,6.48E-05,6.48E-05,6.48E-05,10
US,FL,Sumter County,FLSumter County,6.48E-05,6.48E-05,6.48E-05,10
US,FL,Suwannee County,FLSuwannee County,6.48E-05,6.48E-05,6.48E-05,10
US,FL,Taylor County,FLTaylor County,6.48E-05,6.48E-05,6.48E-05,10
US,FL,Union County,FLUnion County,6.48E-05,6.48E-05,6.48E-05,10
US,FL,Volusia County,FLVolusia County,6.48E-05,6.48E-05,6.48E-05,10
US,FL,Wakulla County,FLWakulla County,6.48E-05,6.48E-05,6.48E-05,10
US,FL,Walton County,FLWalton County,6.48E-05,6.48E-05,6.48E-05,10
US,FL,Washington County,FLWashington County,6.48E-05,6.48E-05,6.48E-05,10
US,GA,Appling County,GAAppling County,6.30E-05,6.30E-05,6.30E-05,10
US,GA,Atkinson County,GAAtkinson County,6.30E-05,6.30E-05,6.30E-05,10
US,GA,Bacon County,GABacon County,6.30E-05,6.30E-05,6.30E-05,10
US,GA,Baker County,GABaker County,6.30E-05,6.30E-05,6.30E-05,10
US,GA,Baldwin County,GABaldwin County,6.30E-05,6.30E-05,6.30E-05,10
US,GA,Banks County,GABanks County,6.30E-05,6.30E-05,6.30E-05,10
US,GA,Barrow County,GABarrow County,6.30E-05,6.30E-05,6.30E-05,10
US,GA,Bartow County,GABartow County,6.30E-05,6.30E-05,6.30E-05,10
US,GA,Ben Hill County,GABen Hill County,6.30E-05,6.30E-05,6.30E-05,10
US,GA,Berrien County,GABerrien County,6.30E-05,6.30E-05,6.30E-05,10
US,GA,Bibb County,GABibb County,6.30E-05,6.30E-05,6.30E-05,10
US,GA,Bleckley County,GABleckley County,6.30E-05,6.30E-05,6.30E-05,10
US,GA,Brantley County,GABrantley County,6.30E-05,6.30E-05,6.30E-05,10
US,GA,Brooks County,GABrooks County,6.30E-05,6.30E-05,6.30E-05,10
US,GA,Bryan County,GABryan County,6.30E-05,6.30E-05,6.30E-05,10
US,GA,Bulloch County,GABulloch County,6.30E-05,6.30E-05,6.30E-05,10
US,GA,Burke County,GABurke County,6.30E-05,6.30E-05,6.30E-05,10
US,GA,Butts County,GAButts County,6.30E-05,6.30E-05,6.30E-05,10
US,GA,Calhoun County,GACalhoun County,6.30E-05,6.30E-05,6.30E-05,10
US,GA,Camden County,GACamden County,6.30E-05,6.30E-05,6.30E-05,10
US,GA,Candler County,GACandler County,6.30E-05,6.30E-05,6.30E-05,10
US,GA,Carroll County,GACarroll County,6.30E-05,6.30E-05,6.30E-05,10
US,GA,Catoosa County,GACatoosa County,6.30E-05,6.30E-05,6.30E-05,10
US,GA,Charlton County,GACharlton County,6.30E-05,6.30E-05,6.30E-05,10
US,GA,Chatham County,GAChatham County,6.30E-05,6.30E-05,6.30E-05,10
US,GA,Chattahoochee County,GAChattahoochee County,6.30E-05,6.30E-05,6.30E-05,10
US,GA,Chattooga County,GAChattooga County,6.30E-05,6.30E-05,6.30E-05,10
US,GA,Cherokee County,GACherokee County,6.30E-05,6.30E-05,6.30E-05,10
US,GA,Clarke County,GAClarke County,6.30E-05,6.30E-05,6.30E-05,10
US,GA,Clay County,GAClay County,6.30E-05,6.30E-05,6.30E-05,10
US,GA,Clayton County,GAClayton County,6.30E-05,6.30E-05,6.30E-05,10
US,GA,Clinch County,GAClinch County,6.30E-05,6.30E-05,6.30E-05,10
US,GA,Cobb County,GACobb County,6.30E-05,6.30E-05,6.30E-05,10
US,GA,Coffee County,GACoffee County,6.30E-05,6.30E-05,6.30E-05,10
US,GA,Colquitt County,GAColquitt County,6.30E-05,6.30E-05,6.30E-05,10
US,GA,Columbia County,GAColumbia County,6.30E-05,6.30E-05,6.30E-05,10
US,GA,Cook County,GACook County,6.30E-05,6.30E-05,6.30E-05,10
US,GA,Coweta County,GACoweta County,6.30E-05,6.30E-05,6.30E-05,10
US,GA,Crawford County,GACrawford County,6.30E-05,6.30E-05,6.30E-05,10
US,GA,Crisp County,GACrisp County,6.30E-05,6.30E-05,6.30E-05,10
US,GA,Dade County,GADade County,6.30E-05,6.30E-05,6.30E-05,10
US,GA,Dawson County,GADawson County,6.30E-05,6.30E-05,6.30E-05,10
US,GA,Decatur County,GADecatur County,6.30E-05,6.30E-05,6.30E-05,10
US,GA,Dekalb County,GADekalb County,6.30E-05,6.30E-05,6.30E-05,10
US,GA,Dodge County,GADodge County,6.30E-05,6.30E-05,6.30E-05,10
US,GA,Dooly County,GADooly County,6.30E-05,6.30E-05,6.30E-05,10
US,GA,Dougherty County,GADougherty County,6.30E-05,6.30E-05,6.30E-05,10
US,GA,Douglas County,GADouglas County,6.30E-05,6.30E-05,6.30E-05,10
US,GA,Early County,GAEarly County,6.30E-05,6.30E-05,6.30E-05,10
US,GA,Echols County,GAEchols County,6.30E-05,6.30E-05,6.30E-05,10
US,GA,Effingham County,GAEffingham County,6.30E-05,6.30E-05,6.30E-05,10
US,GA,Elbert County,GAElbert County,6.30E-05,6.30E-05,6.30E-05,10
US,GA,Emanuel County,GAEmanuel County,6.30E-05,6.30E-05,6.30E-05,10
US,GA,Evans County,GAEvans County,6.30E-05,6.30E-05,6.30E-05,10
US,GA,Fannin County,GAFannin County,6.30E-05,6.30E-05,6.30E-05,10
US,GA,Fayette County,GAFayette County,6.30E-05,6.30E-05,6.30E-05,10
US,GA,Floyd County,GAFloyd County,6.30E-05,6.30E-05,6.30E-05,10
US,GA,Forsyth County,GAForsyth County,6.30E-05,6.30E-05,6.30E-05,10
US,GA,Franklin County,GAFranklin County,6.30E-05,6.30E-05,6.30E-05,10
US,GA,Fulton County,GAFulton County,6.30E-05,6.30E-05,6.30E-05,10
US,GA,Gilmer County,GAGilmer County,6.30E-05,6.30E-05,6.30E-05,10
US,GA,Glascock County,GAGlascock County,6.30E-05,6.30E-05,6.30E-05,10
US,GA,Glynn County,GAGlynn County,6.30E-05,6.30E-05,6.30E-05,10
US,GA,Gordon County,GAGordon County,6.30E-05,6.30E-05,6.30E-05,10
US,GA,Grady County,GAGrady County,6.30E-05,6.30E-05,6.30E-05,10
US,GA,Greene County,GAGreene County,6.30E-05,6.30E-05,6.30E-05,10
US,GA,Gwinnett County,GAGwinnett County,6.30E-05,6.30E-05,6.30E-05,10
US,GA,Habersham County,GAHabersham County,6.30E-05,6.30E-05,6.30E-05,10
US,GA,Hall County,GAHall County,6.30E-05,6.30E-05,6.30E-05,10
US,GA,Hancock County,GAHancock County,6.30E-05,6.30E-05,6.30E-05,10
US,GA,Haralson County,GAHaralson County,6.30E-05,6.30E-05,6.30E-05,10
US,GA,Harris County,GAHarris County,6.30E-05,6.30E-05,6.30E-05,10
US,GA,Hart County,GAHart County,6.30E-05,6.30E-05,6.30E-05,10
US,GA,Heard County,GAHeard County,6.30E-05,6.30E-05,6.30E-05,10
US,GA,Henry County,GAHenry County,6.30E-05,6.30E-05,6.30E-05,10
US,GA,Houston County,GAHouston County,6.30E-05,6.30E-05,6.30E-05,10
US,GA,Irwin County,GAIrwin County,6.30E-05,6.30E-05,6.30E-05,10
US,GA,Jackson County,GAJackson County,6.30E-05,6.30E-05,6.30E-05,10
US,GA,Jasper County,GAJasper County,6.30E-05,6.30E-05,6.30E-05,10
US,GA,Jeff Davis County,GAJeff Davis County,6.30E-05,6.30E-05,6.30E-05,10
US,GA,Jefferson County,GAJefferson County,6.30E-05,6.30E-05,6.30E-05,10
US,GA,Jenkins County,GAJenkins County,6.30E-05,6.30E-05,6.30E-05,10
US,GA,Johnson County,GAJohnson County,6.30E-05,6.30E-05,6.30E-05,10
US,GA,Jones County,GAJones County,6.30E-05,6.30E-05,6.30E-05,10
US,GA,Lamar County,GALamar County,6.30E-05,6.30E-05,6.30E-05,10
US,GA,Lanier County,GALanier County,6.30E-05,6.30E-05,6.30E-05,10
US,GA,Laurens County,GALaurens County,6.30E-05,6.30E-05,6.30E-05,10
US,GA,Lee County,GALee County,6.30E-05,6.30E-05,6.30E-05,10
US,GA,Liberty County,GALiberty County,6.30E-05,6.30E-05,6.30E-05,10
US,GA,Lincoln County,GALincoln County,6.30E-05,6.30E-05,6.30E-05,10
US,GA,Long County,GALong County,6.30E-05,6.30E-05,6.30E-05,10
US,GA,Lowndes County,GALowndes County,6.30E-05,6.30E-05,6.30E-05,10
US,GA,Lumpkin County,GALumpkin County,6.30E-05,6.30E-05,6.30E-05,10
US,GA,Macon County,GAMacon County,6.30E-05,6.30E-05,6.30E-05,10
US,GA,Madison County,GAMadison County,6.30E-05,6.30E-05,6.30E-05,10
US,GA,Marion County,GAMarion County,6.30E-05,6.30E-05,6.30E-05,10
US,GA,Mcduffie County,GAMcduffie County,6.30E-05,6.30E-05,6.30E-05,10
US,GA,Mcintosh County,GAMcintosh County,6.30E-05,6.30E-05,6.30E-05,10
US,GA,Meriwether County,GAMeriwether County,6.30E-05,6.30E-05,6.30E-05,10
US,GA,Miller County,GAMiller County,6.30E-05,6.30E-05,6.30E-05,10
US,GA,Mitchell County,GAMitchell County,6.30E-05,6.30E-05,6.30E-05,10
US,GA,Monroe County,GAMonroe County,6.30E-05,6.30E-05,6.30E-05,10
US,GA,Montgomery County,GAMontgomery County,6.30E-05,6.30E-05,6.30E-05,10
US,GA,Morgan County,GAMorgan County,6.30E-05,6.30E-05,6.30E-05,10
US,GA,Murray County,GAMurray County,6.30E-05,6.30E-05,6.30E-05,10
US,GA,Muscogee County,GAMuscogee County,6.30E-05,6.30E-05,6.30E-05,10
US,GA,Newton County,GANewton County,6.30E-05,6.30E-05,6.30E-05,10
US,GA,Oconee County,GAOconee County,6.30E-05,6.30E-05,6.30E-05,10
US,GA,Oglethorpe County,GAOglethorpe County,6.30E-05,6.30E-05,6.30E-05,10
US,GA,Paulding County,GAPaulding County,6.30E-05,6.30E-05,6.30E-05,10
US,GA,Peach County,GAPeach County,6.30E-05,6.30E-05,6.30E-05,10
US,GA,Pickens County,GAPickens County,6.30E-05,6.30E-05,6.30E-05,10
US,GA,Pierce County,GAPierce County,6.30E-05,6.30E-05,6.30E-05,10
US,GA,Pike County,GAPike County,6.30E-05,6.30E-05,6.30E-05,10
US,GA,Polk County,GAPolk County,6.30E-05,6.30E-05,6.30E-05,10
US,GA,Pulaski County,GAPulaski County,6.30E-05,6.30E-05,6.30E-05,10
US,GA,Putnam County,GAPutnam County,6.30E-05,6.30E-05,6.30E-05,10
US,GA,Quitman County,GAQuitman County,6.30E-05,6.30E-05,6.30E-05,10
US,GA,Rabun County,GARabun County,6.30E-05,6.30E-05,6.30E-05,10
US,GA,Randolph County,GARandolph County,6.30E-05,6.30E-05,6.30E-05,10
US,GA,Richmond County,GARichmond County,6.30E-05,6.30E-05,6.30E-05,10
US,GA,Rockdale County,GARockdale County,6.30E-05,6.30E-05,6.30E-05,10
US,GA,Schley County,GASchley County,6.30E-05,6.30E-05,6.30E-05,10
US,GA,Screven County,GAScreven County,6.30E-05,6.30E-05,6.30E-05,10
US,GA,Seminole County,GASeminole County,6.30E-05,6.30E-05,6.30E-05,10
US,GA,Spalding County,GASpalding County,6.30E-05,6.30E-05,6.30E-05,10
US,GA,Stephens County,GAStephens County,6.30E-05,6.30E-05,6.30E-05,10
US,GA,Stewart County,GAStewart County,6.30E-05,6.30E-05,6.30E-05,10
US,GA,Sumter County,GASumter County,6.30E-05,6.30E-05,6.30E-05,10
US,GA,Talbot County,GATalbot County,6.30E-05,6.30E-05,6.30E-05,10
US,GA,Taliaferro County,GATaliaferro County,6.30E-05,6.30E-05,6.30E-05,10
US,GA,Tattnall County,GATattnall County,6.30E-05,6.30E-05,6.30E-05,10
US,GA,Taylor County,GATaylor County,6.30E-05,6.30E-05,6.30E-05,10
US,GA,Telfair County,GATelfair County,6.30E-05,6.30E-05,6.30E-05,10
US,GA,Terrell County,GATerrell County,6.30E-05,6.30E-05,6.30E-05,10
US,GA,Thomas County,GAThomas County,6.30E-05,6.30E-05,6.30E-05,10
US,GA,Tift County,GATift County,6.30E-05,6.30E-05,6.30E-05,10
US,GA,Toombs County,GAToombs County,6.30E-05,6.30E-05,6.30E-05,10
US,GA,Towns County,GATowns County,6.30E-05,6.30E-05,6.30E-05,10
US,GA,Treutlen County,GATreutlen County,6.30E-05,6.30E-05,6.30E-05,10
US,GA,Troup County,GATroup County,6.30E-05,6.30E-05,6.30E-05,10
US,GA,Turner County,GATurner County,6.30E-05,6.30E-05,6.30E-05,10
US,GA,Twiggs County,GATwiggs County,6.30E-05,6.30E-05,6.30E-05,10
US,GA,Union County,GAUnion County,6.30E-05,6.30E-05,6.30E-05,10
US,GA,Upson County,GAUpson County,6.30E-05,6.30E-05,6.30E-05,10
US,GA,Walker County,GAWalker County,6.30E-05,6.30E-05,6.30E-05,10
US,GA,Walton County,GAWalton County,6.30E-05,6.30E-05,6.30E-05,10
US,GA,Ware County,GAWare County,6.30E-05,6.30E-05,6.30E-05,10
US,GA,Warren County,GAWarren County,6.30E-05,6.30E-05,6.30E-05,10
US,GA,Washington County,GAWashington County,6.30E-05,6.30E-05,6.30E-05,10
US,GA,Wayne County,GAWayne County,6.30E-05,6.30E-05,6.30E-05,10
US,GA,Webster County,GAWebster County,6.30E-05,6.30E-05,6.30E-05,10
US,GA,Wheeler County,GAWheeler County,6.30E-05,6.30E-05,6.30E-05,10
US,GA,White County,GAWhite County,6.30E-05,6.30E-05,6.30E-05,10
US,GA,Whitfield County,GAWhitfield County,6.30E-05,6.30E-05,6.30E-05,10
US,GA,Wilcox County,GAWilcox County,6.30E-05,6.30E-05,6.30E-05,10
US,GA,Wilkes County,GAWilkes County,6.30E-05,6.30E-05,6.30E-05,10
US,GA,Wilkinson County,GAWilkinson County,6.30E-05,6.30E-05,6.30E-05,10
US,GA,Worth County,GAWorth County,6.30E-05,6.30E-05,6.30E-05,10
US,HI,Hawaii County,HIHawaii County,0.000120993,0.000120993,0.000120993,10
US,HI,Honolulu County,HIHonolulu County,0.000120993,0.000120993,0.000120993,10
US,HI,Kalawao County,HIKalawao County,0.000120993,0.000120993,0.000120993,10
US,HI,Kauai County,HIKauai County,0.000120993,0.000120993,0.000120993,10
US,HI,Maui County,HIMaui County,0.000120993,0.000120993,0.000120993,10
US,IA,Adair County,IAAdair County,0.000120993,0.000120993,0.000120993,10
US,IA,Adams County,IAAdams County,0.000120993,0.000120993,0.000120993,10
US,IA,Allamakee County,IAAllamakee County,0.000120993,0.000120993,0.000120993,10
US,IA,Appanoose County,IAAppanoose County,0.000120993,0.000120993,0.000120993,10
US,IA,Audubon County,IAAudubon County,0.000120993,0.000120993,0.000120993,10
US,IA,Benton County,IABenton County,0.000120993,0.000120993,0.000120993,10
US,IA,Black Hawk County,IABlack Hawk County,0.000120993,0.000120993,0.000120993,10
US,IA,Boone County,IABoone County,0.000120993,0.000120993,0.000120993,10
US,IA,Bremer County,IABremer County,0.000120993,0.000120993,0.000120993,10
US,IA,Buchanan County,IABuchanan County,0.000120993,0.000120993,0.000120993,10
US,IA,Buena Vista County,IABuena Vista County,0.000120993,0.000120993,0.000120993,10
US,IA,Butler County,IAButler County,0.000120993,0.000120993,0.000120993,10
US,IA,Calhoun County,IACalhoun County,0.000120993,0.000120993,0.000120993,10
US,IA,Carroll County,IACarroll County,0.000120993,0.000120993,0.000120993,10
US,IA,Cass County,IACass County,0.000120993,0.000120993,0.000120993,10
US,IA,Cedar County,IACedar County,0.000120993,0.000120993,0.000120993,10
US,IA,Cerro Gordo County,IACerro Gordo County,0.000120993,0.000120993,0.000120993,10
US,IA,Cherokee County,IACherokee County,0.000120993,0.000120993,0.000120993,10
US,IA,Chickasaw County,IAChickasaw County,0.000120993,0.000120993,0.000120993,10
US,IA,Clarke County,IAClarke County,0.000120993,0.000120993,0.000120993,10
US,IA,Clay County,IAClay County,0.000120993,0.000120993,0.000120993,10
US,IA,Clayton County,IAClayton County,0.000120993,0.000120993,0.000120993,10
US,IA,Clinton County,IAClinton County,0.000120993,0.000120993,0.000120993,10
US,IA,Crawford County,IACrawford County,0.000120993,0.000120993,0.000120993,10
US,IA,Dallas County,IADallas County,0.000120993,0.000120993,0.000120993,10
US,IA,Davis County,IADavis County,0.000120993,0.000120993,0.000120993,10
US,IA,Decatur County,IADecatur County,0.000120993,0.000120993,0.000120993,10
US,IA,Delaware County,IADelaware County,0.000120993,0.000120993,0.000120993,10
US,IA,Des Moines County,IADes Moines County,0.000120993,0.000120993,0.000120993,10
US,IA,Dickinson County,IADickinson County,0.000120993,0.000120993,0.000120993,10
US,IA,Dubuque County,IADubuque County,0.000120993,0.000120993,0.000120993,10
US,IA,Emmet County,IAEmmet County,0.000120993,0.000120993,0.000120993,10
US,IA,Fayette County,IAFayette County,0.000120993,0.000120993,0.000120993,10
US,IA,Floyd County,IAFloyd County,0.000120993,0.000120993,0.000120993,10
US,IA,Franklin County,IAFranklin County,0.000120993,0.000120993,0.000120993,10
US,IA,Fremont County,IAFremont County,0.000120993,0.000120993,0.000120993,10
US,IA,Greene County,IAGreene County,0.000120993,0.000120993,0.000120993,10
US,IA,Grundy County,IAGrundy County,0.000120993,0.000120993,0.000120993,10
US,IA,Guthrie County,IAGuthrie County,0.000120993,0.000120993,0.000120993,10
US,IA,Hamilton County,IAHamilton County,0.000120993,0.000120993,0.000120993,10
US,IA,Hancock County,IAHancock County,0.000120993,0.000120993,0.000120993,10
US,IA,Hardin County,IAHardin County,0.000120993,0.000120993,0.000120993,10
US,IA,Harrison County,IAHarrison County,0.000120993,0.000120993,0.000120993,10
US,IA,Henry County,IAHenry County,0.000120993,0.000120993,0.000120993,10
US,IA,Howard County,IAHoward County,0.000120993,0.000120993,0.000120993,10
US,IA,Humboldt County,IAHumboldt County,0.000120993,0.000120993,0.000120993,10
US,IA,Ida County,IAIda County,0.000120993,0.000120993,0.000120993,10
US,IA,Iowa County,IAIowa County,0.000120993,0.000120993,0.000120993,10
US,IA,Jackson County,IAJackson County,0.000120993,0.000120993,0.000120993,10
US,IA,Jasper County,IAJasper County,0.000120993,0.000120993,0.000120993,10
US,IA,Jefferson County,IAJefferson County,0.000120993,0.000120993,0.000120993,10
US,IA,Johnson County,IAJohnson County,0.000120993,0.000120993,0.000120993,10
US,IA,Jones County,IAJones County,0.000120993,0.000120993,0.000120993,10
US,IA,Keokuk County,IAKeokuk County,0.000120993,0.000120993,0.000120993,10
US,IA,Kossuth County,IAKossuth County,0.000120993,0.000120993,0.000120993,10
US,IA,Lee County,IALee County,0.000120993,0.000120993,0.000120993,10
US,IA,Linn County,IALinn County,0.000120993,0.000120993,0.000120993,10
US,IA,Louisa County,IALouisa County,0.000120993,0.000120993,0.000120993,10
US,IA,Lucas County,IALucas County,0.000120993,0.000120993,0.000120993,10
US,IA,Lyon County,IALyon County,0.000120993,0.000120993,0.000120993,10
US,IA,Madison County,IAMadison County,0.000120993,0.000120993,0.000120993,10
US,IA,Mahaska County,IAMahaska County,0.000120993,0.000120993,0.000120993,10
US,IA,Marion County,IAMarion County,0.000120993,0.000120993,0.000120993,10
US,IA,Marshall County,IAMarshall County,0.000120993,0.000120993,0.000120993,10
US,IA,Mills County,IAMills County,0.000120993,0.000120993,0.000120993,10
US,IA,Mitchell County,IAMitchell County,0.000120993,0.000120993,0.000120993,10
US,IA,Monona County,IAMonona County,0.000120993,0.000120993,0.000120993,10
US,IA,Monroe County,IAMonroe County,0.000120993,0.000120993,0.000120993,10
US,IA,Montgomery County,IAMontgomery County,0.000120993,0.000120993,0.000120993,10
US,IA,Muscatine County,IAMuscatine County,0.000120993,0.000120993,0.000120993,10
US,IA,O'Brien County,IAO'Brien County,0.000120993,0.000120993,0.000120993,10
US,IA,Osceola County,IAOsceola County,0.000120993,0.000120993,0.000120993,10
US,IA,Page County,IAPage County,0.000120993,0.000120993,0.000120993,10
US,IA,Palo Alto County,IAPalo Alto County,0.000120993,0.000120993,0.000120993,10
US,IA,Plymouth County,IAPlymouth County,0.000120993,0.000120993,0.000120993,10
US,IA,Pocahontas County,IAPocahontas County,0.000120993,0.000120993,0.000120993,10
US,IA,Polk County,IAPolk County,0.000120993,0.000120993,0.000120993,10
US,IA,Pottawattamie County,IAPottawattamie County,0.000120993,0.000120993,0.000120993,10
US,IA,Poweshiek County,IAPoweshiek County,0.000120993,0.000120993,0.000120993,10
US,IA,Ringgold County,IARinggold County,0.000120993,0.000120993,0.000120993,10
US,IA,Sac County,IASac County,0.000120993,0.000120993,0.000120993,10
US,IA,Scott County,IAScott County,0.000120993,0.000120993,0.000120993,10
US,IA,Shelby County,IAShelby County,0.000120993,0.000120993,0.000120993,10
US,IA,Sioux County,IASioux County,0.000120993,0.000120993,0.000120993,10
US,IA,Story County,IAStory County,0.000120993,0.000120993,0.000120993,10
US,IA,Tama County,IATama County,0.000120993,0.000120993,0.000120993,10
US,IA,Taylor County,IATaylor County,0.000120993,0.000120993,0.000120993,10
US,IA,Union County,IAUnion County,0.000120993,0.000120993,0.000120993,10
US,IA,Van Buren County,IAVan Buren County,0.000120993,0.000120993,0.000120993,10
US,IA,Wapello County,IAWapello County,0.000120993,0.000120993,0.000120993,10
US,IA,Warren County,IAWarren County,0.000120993,0.000120993,0.000120993,10
US,IA,Washington County,IAWashington County,0.000120993,0.000120993,0.000120993,10
US,IA,Wayne County,IAWayne County,0.000120993,0.000120993,0.000120993,10
US,IA,Webster County,IAWebster County,0.000120993,0.000120993,0.000120993,10
US,IA,Winnebago County,IAWinnebago County,0.000120993,0.000120993,0.000120993,10
US,IA,Winneshiek County,IAWinneshiek County,0.000120993,0.000120993,0.000120993,10
US,IA,Woodbury County,IAWoodbury County,0.000120993,0.000120993,0.000120993,10
US,IA,Worth County,IAWorth County,0.000120993,0.000120993,0.000120993,10
US,IA,Wright County,IAWright County,0.000120993,0.000120993,0.000120993,10
US,ID,Ada County,IDAda County,0.000122106,0.000122106,0.000122106,10
US,ID,Adams County,IDAdams County,0.000122106,0.000122106,0.000122106,10
US,ID,Bannock County,IDBannock County,0.000122106,0.000122106,0.000122106,10
US,ID,Bear Lake County,IDBear Lake County,0.000122106,0.000122106,0.000122106,10
US,ID,Benewah County,IDBenewah County,0.000122106,0.000122106,0.000122106,10
US,ID,Bingham County,IDBingham County,0.000122106,0.000122106,0.000122106,10
US,ID,Blaine County,IDBlaine County,0.000122106,0.000122106,0.000122106,10
US,ID,Boise County,IDBoise County,0.000122106,0.000122106,0.000122106,10
US,ID,Bonner County,IDBonner County,0.000122106,0.000122106,0.000122106,10
US,ID,Bonneville County,IDBonneville County,0.000122106,0.000122106,0.000122106,10
US,ID,Boundary County,IDBoundary County,0.000122106,0.000122106,0.000122106,10
US,ID,Butte County,IDButte County,0.000122106,0.000122106,0.000122106,10
US,ID,Camas County,IDCamas County,0.000122106,0.000122106,0.000122106,10
US,ID,Canyon County,IDCanyon County,0.000122106,0.000122106,0.000122106,10
US,ID,Caribou County,IDCaribou County,0.000122106,0.000122106,0.000122106,10
US,ID,Cassia County,IDCassia County,0.000122106,0.000122106,0.000122106,10
US,ID,Clark County,IDClark County,0.000122106,0.000122106,0.000122106,10
US,ID,Clearwater County,IDClearwater County,0.000122106,0.000122106,0.000122106,10
US,ID,Custer County,IDCuster County,0.000122106,0.000122106,0.000122106,10
US,ID,Elmore County,IDElmore County,0.000122106,0.000122106,0.000122106,10
US,ID,Franklin County,IDFranklin County,0.000122106,0.000122106,0.000122106,10
US,ID,Fremont County,IDFremont County,0.000122106,0.000122106,0.000122106,10
US,ID,Gem County,IDGem County,0.000122106,0.000122106,0.000122106,10
US,ID,Gooding County,IDGooding County,0.000122106,0.000122106,0.000122106,10
US,ID,Idaho County,IDIdaho County,0.000122106,0.000122106,0.000122106,10
US,ID,Jefferson County,IDJefferson County,0.000122106,0.000122106,0.000122106,10
US,ID,Jerome County,IDJerome County,0.000122106,0.000122106,0.000122106,10
US,ID,Kootenai County,IDKootenai County,0.000122106,0.000122106,0.000122106,10
US,ID,Latah County,IDLatah County,0.000122106,0.000122106,0.000122106,10
US,ID,Lemhi County,IDLemhi County,0.000122106,0.000122106,0.000122106,10
US,ID,Lewis County,IDLewis County,0.000122106,0.000122106,0.000122106,10
US,ID,Lincoln County,IDLincoln County,0.000122106,0.000122106,0.000122106,10
US,ID,Madison County,IDMadison County,0.000122106,0.000122106,0.000122106,10
US,ID,Minidoka County,IDMinidoka County,0.000122106,0.000122106,0.000122106,10
US,ID,Nez Perce County,IDNez Perce County,0.000122106,0.000122106,0.000122106,10
US,ID,Oneida County,IDOneida County,0.000122106,0.000122106,0.000122106,10
US,ID,Owyhee County,IDOwyhee County,0.000122106,0.000122106,0.000122106,10
US,ID,Payette County,IDPayette County,0.000122106,0.000122106,0.000122106,10
US,ID,Power County,IDPower County,0.000122106,0.000122106,0.000122106,10
US,ID,Shoshone County,IDShoshone County,0.000122106,0.000122106,0.000122106,10
US,ID,Teton County,IDTeton County,0.000122106,0.000122106,0.000122106,10
US,ID,Twin Falls County,IDTwin Falls County,0.000122106,0.000122106,0.000122106,10
US,ID,Valley County,IDValley County,0.000122106,0.000122106,0.000122106,10
US,ID,Washington County,IDWashington County,0.000122106,0.000122106,0.000122106,10
US,IL,Adams County,ILAdams County,0.000120993,0.000120993,0.000120993,10
US,IL,Alexander County,ILAlexander County,0.000120993,0.000120993,0.000120993,10
US,IL,Bond County,ILBond County,0.000120993,0.000120993,0.000120993,10
US,IL,Boone County,ILBoone County,0.000120993,0.000120993,0.000120993,10
US,IL,Brown County,ILBrown County,0.000120993,0.000120993,0.000120993,10
US,IL,Bureau County,ILBureau County,0.000120993,0.000120993,0.000120993,10
US,IL,Calhoun County,ILCalhoun County,0.000120993,0.000120993,0.000120993,10
US,IL,Carroll County,ILCarroll County,0.000120993,0.000120993,0.000120993,10
US,IL,Cass County,ILCass County,0.000120993,0.000120993,0.000120993,10
US,IL,Champaign County,ILChampaign County,0.000120993,0.000120993,0.000120993,10
US,IL,Christian County,ILChristian County,0.000120993,0.000120993,0.000120993,10
US,IL,Clark County,ILClark County,0.000120993,0.000120993,0.000120993,10
US,IL,Clay County,ILClay County,0.000120993,0.000120993,0.000120993,10
US,IL,Clinton County,ILClinton County,0.000120993,0.000120993,0.000120993,10
US,IL,Coles County,ILColes County,0.000120993,0.000120993,0.000120993,10
US,IL,Cook County,ILCook County,0.000120993,0.000120993,0.000120993,10
US,IL,Crawford County,ILCrawford County,0.000120993,0.000120993,0.000120993,10
US,IL,Cumberland County,ILCumberland County,0.000120993,0.000120993,0.000120993,10
US,IL,De Witt County,ILDe Witt County,0.000120993,0.000120993,0.000120993,10
US,IL,Dekalb County,ILDekalb County,0.000120993,0.000120993,0.000120993,10
US,IL,Douglas County,ILDouglas County,0.000120993,0.000120993,0.000120993,10
US,IL,Dupage County,ILDupage County,0.000120993,0.000120993,0.000120993,10
US,IL,Edgar County,ILEdgar County,0.000120993,0.000120993,0.000120993,10
US,IL,Edwards County,ILEdwards County,0.000120993,0.000120993,0.000120993,10
US,IL,Effingham County,ILEffingham County,0.000120993,0.000120993,0.000120993,10
US,IL,Fayette County,ILFayette County,0.000120993,0.000120993,0.000120993,10
US,IL,Ford County,ILFord County,0.000120993,0.000120993,0.000120993,10
US,IL,Franklin County,ILFranklin County,0.000120993,0.000120993,0.000120993,10
US,IL,Fulton County,ILFulton County,0.000120993,0.000120993,0.000120993,10
US,IL,Gallatin County,ILGallatin County,0.000120993,0.000120993,0.000120993,10
US,IL,Greene County,ILGreene County,0.000120993,0.000120993,0.000120993,10
US,IL,Grundy County,ILGrundy County,0.000120993,0.000120993,0.000120993,10
US,IL,Hamilton County,ILHamilton County,0.000120993,0.000120993,0.000120993,10
US,IL,Hancock County,ILHancock County,0.000120993,0.000120993,0.000120993,10
US,IL,Hardin County,ILHardin County,0.000120993,0.000120993,0.000120993,10
US,IL,Henderson County,ILHenderson County,0.000120993,0.000120993,0.000120993,10
US,IL,Henry County,ILHenry County,0.000120993,0.000120993,0.000120993,10
US,IL,Iroquois County,ILIroquois County,0.000120993,0.000120993,0.000120993,10
US,IL,Jackson County,ILJackson County,0.000120993,0.000120993,0.000120993,10
US,IL,Jasper County,ILJasper County,0.000120993,0.000120993,0.000120993,10
US,IL,Jefferson County,ILJefferson County,0.000120993,0.000120993,0.000120993,10
US,IL,Jersey County,ILJersey County,0.000120993,0.000120993,0.000120993,10
US,IL,Jo Daviess County,ILJo Daviess County,0.000120993,0.000120993,0.000120993,10
US,IL,Johnson County,ILJohnson County,0.000120993,0.000120993,0.000120993,10
US,IL,Kane County,ILKane County,0.000120993,0.000120993,0.000120993,10
US,IL,Kankakee County,ILKankakee County,0.000120993,0.000120993,0.000120993,10
US,IL,Kendall County,ILKendall County,0.000120993,0.000120993,0.000120993,10
US,IL,Knox County,ILKnox County,0.000120993,0.000120993,0.000120993,10
US,IL,La Salle County,ILLa Salle County,0.000120993,0.000120993,0.000120993,10
US,IL,Lake County,ILLake County,0.000120993,0.000120993,0.000120993,10
US,IL,Lawrence County,ILLawrence County,0.000120993,0.000120993,0.000120993,10
US,IL,Lee County,ILLee County,0.000120993,0.000120993,0.000120993,10
US,IL,Livingston County,ILLivingston County,0.000120993,0.000120993,0.000120993,10
US,IL,Logan County,ILLogan County,0.000120993,0.000120993,0.000120993,10
US,IL,Macon County,ILMacon County,0.000120993,0.000120993,0.000120993,10
US,IL,Macoupin County,ILMacoupin County,0.000120993,0.000120993,0.000120993,10
US,IL,Madison County,ILMadison County,0.000120993,0.000120993,0.000120993,10
US,IL,Marion County,ILMarion County,0.000120993,0.000120993,0.000120993,10
US,IL,Marshall County,ILMarshall County,0.000120993,0.000120993,0.000120993,10
US,IL,Mason County,ILMason County,0.000120993,0.000120993,0.000120993,10
US,IL,Massac County,ILMassac County,0.000120993,0.000120993,0.000120993,10
US,IL,Mcdonough County,ILMcdonough County,0.000120993,0.000120993,0.000120993,10
US,IL,Mchenry County,ILMchenry County,0.000120993,0.000120993,0.000120993,10
US,IL,Mclean County,ILMclean County,0.000120993,0.000120993,0.000120993,10
US,IL,Menard County,ILMenard County,0.000120993,0.000120993,0.000120993,10
US,IL,Mercer County,ILMercer County,0.000120993,0.000120993,0.000120993,10
US,IL,Monroe County,ILMonroe County,0.000120993,0.000120993,0.000120993,10
US,IL,Montgomery County,ILMontgomery County,0.000120993,0.000120993,0.000120993,10
US,IL,Morgan County,ILMorgan County,0.000120993,0.000120993,0.000120993,10
US,IL,Moultrie County,ILMoultrie County,0.000120993,0.000120993,0.000120993,10
US,IL,Ogle County,ILOgle County,0.000120993,0.000120993,0.000120993,10
US,IL,Peoria County,ILPeoria County,0.000120993,0.000120993,0.000120993,10
US,IL,Perry County,ILPerry County,0.000120993,0.000120993,0.000120993,10
US,IL,Piatt County,ILPiatt County,0.000120993,0.000120993,0.000120993,10
US,IL,Pike County,ILPike County,0.000120993,0.000120993,0.000120993,10
US,IL,Pope County,ILPope County,0.000120993,0.000120993,0.000120993,10
US,IL,Pulaski County,ILPulaski County,0.000120993,0.000120993,0.000120993,10
US,IL,Putnam County,ILPutnam County,0.000120993,0.000120993,0.000120993,10
US,IL,Randolph County,ILRandolph County,0.000120993,0.000120993,0.000120993,10
US,IL,Richland County,ILRichland County,0.000120993,0.000120993,0.000120993,10
US,IL,Rock Island County,ILRock Island County,0.000120993,0.000120993,0.000120993,10
US,IL,Saline County,ILSaline County,0.000120993,0.000120993,0.000120993,10
US,IL,Sangamon County,ILSangamon County,0.000120993,0.000120993,0.000120993,10
US,IL,Schuyler County,ILSchuyler County,0.000120993,0.000120993,0.000120993,10
US,IL,Scott County,ILScott County,0.000120993,0.000120993,0.000120993,10
US,IL,Shelby County,ILShelby County,0.000120993,0.000120993,0.000120993,10
US,IL,St. Clair County,ILSt. Clair County,0.000120993,0.000120993,0.000120993,10
US,IL,Stark County,ILStark County,0.000120993,0.000120993,0.000120993,10
US,IL,Stephenson County,ILStephenson County,0.000120993,0.000120993,0.000120993,10
US,IL,Tazewell County,ILTazewell County,0.000120993,0.000120993,0.000120993,10
US,IL,Union County,ILUnion County,0.000120993,0.000120993,0.000120993,10
US,IL,Vermilion County,ILVermilion County,0.000120993,0.000120993,0.000120993,10
US,IL,Wabash County,ILWabash County,0.000120993,0.000120993,0.000120993,10
US,IL,Warren County,ILWarren County,0.000120993,0.000120993,0.000120993,10
US,IL,Washington County,ILWashington County,0.000120993,0.000120993,0.000120993,10
US,IL,Wayne County,ILWayne County,0.000120993,0.000120993,0.000120993,10
US,IL,White County,ILWhite County,0.000120993,0.000120993,0.000120993,10
US,IL,Whiteside County,ILWhiteside County,0.000120993,0.000120993,0.000120993,10
US,IL,Will County,ILWill County,0.000120993,0.000120993,0.000120993,10
US,IL,Williamson County,ILWilliamson County,0.000120993,0.000120993,0.000120993,10
US,IL,Winnebago County,ILWinnebago County,0.000120993,0.000120993,0.000120993,10
US,IL,Woodford County,ILWoodford County,0.000120993,0.000120993,0.000120993,10
US,IN,Adams County,INAdams County,0.000120993,0.000120993,0.000120993,10
US,IN,Allen County,INAllen County,0.000120993,0.000120993,0.000120993,10
US,IN,Bartholomew County,INBartholomew County,0.000120993,0.000120993,0.000120993,10
US,IN,Benton County,INBenton County,0.000120993,0.000120993,0.000120993,10
US,IN,Blackford County,INBlackford County,0.000120993,0.000120993,0.000120993,10
US,IN,Boone County,INBoone County,0.000120993,0.000120993,0.000120993,10
US,IN,Brown County,INBrown County,0.000120993,0.000120993,0.000120993,10
US,IN,Carroll County,INCarroll County,0.000120993,0.000120993,0.000120993,10
US,IN,Cass County,INCass County,0.000120993,0.000120993,0.000120993,10
US,IN,Clark County,INClark County,0.000120993,0.000120993,0.000120993,10
US,IN,Clay County,INClay County,0.000120993,0.000120993,0.000120993,10
US,IN,Clinton County,INClinton County,0.000120993,0.000120993,0.000120993,10
US,IN,Crawford County,INCrawford County,0.000120993,0.000120993,0.000120993,10
US,IN,Daviess County,INDaviess County,0.000120993,0.000120993,0.000120993,10
US,IN,Dearborn County,INDearborn County,0.000120993,0.000120993,0.000120993,10
US,IN,Decatur County,INDecatur County,0.000120993,0.000120993,0.000120993,10
US,IN,Dekalb County,INDekalb County,0.000120993,0.000120993,0.000120993,10
US,IN,Delaware County,INDelaware County,0.000120993,0.000120993,0.000120993,10
US,IN,Dubois County,INDubois County,0.000120993,0.000120993,0.000120993,10
US,IN,Elkhart County,INElkhart County,0.000120993,0.000120993,0.000120993,10
US,IN,Fayette County,INFayette County,0.000120993,0.000120993,0.000120993,10
US,IN,Floyd County,INFloyd County,0.000120993,0.000120993,0.000120993,10
US,IN,Fountain County,INFountain County,0.000120993,0.000120993,0.000120993,10
US,IN,Franklin County,INFranklin County,0.000120993,0.000120993,0.000120993,10
US,IN,Fulton County,INFulton County,0.000120993,0.000120993,0.000120993,10
US,IN,Gibson County,INGibson County,0.000120993,0.000120993,0.000120993,10
US,IN,Grant County,INGrant County,0.000120993,0.000120993,0.000120993,10
US,IN,Greene County,INGreene County,0.000120993,0.000120993,0.000120993,10
US,IN,Hamilton County,INHamilton County,0.000120993,0.000120993,0.000120993,10
US,IN,Hancock County,INHancock County,0.000120993,0.000120993,0.000120993,10
US,IN,Harrison County,INHarrison County,0.000120993,0.000120993,0.000120993,10
US,IN,Hendricks County,INHendricks County,0.000120993,0.000120993,0.000120993,10
US,IN,Henry County,INHenry County,0.000120993,0.000120993,0.000120993,10
US,IN,Howard County,INHoward County,0.000120993,0.000120993,0.000120993,10
US,IN,Huntington County,INHuntington County,0.000120993,0.000120993,0.000120993,10
US,IN,Jackson County,INJackson County,0.000120993,0.000120993,0.000120993,10
US,IN,Jasper County,INJasper County,0.000120993,0.000120993,0.000120993,10
US,IN,Jay County,INJay County,0.000120993,0.000120993,0.000120993,10
US,IN,Jefferson County,INJefferson County,0.000120993,0.000120993,0.000120993,10
US,IN,Jennings County,INJennings County,0.000120993,0.000120993,0.000120993,10
US,IN,Johnson County,INJohnson County,0.000120993,0.000120993,0.000120993,10
US,IN,Knox County,INKnox County,0.000120993,0.000120993,0.000120993,10
US,IN,Kosciusko County,INKosciusko County,0.000120993,0.000120993,0.000120993,10
US,IN,Lagrange County,INLagrange County,0.000120993,0.000120993,0.000120993,10
US,IN,Lake County,INLake County,0.000120993,0.000120993,0.000120993,10
US,IN,Laporte County,INLaporte County,0.000120993,0.000120993,0.000120993,10
US,IN,Lawrence County,INLawrence County,0.000120993,0.000120993,0.000120993,10
US,IN,Madison County,INMadison County,0.000120993,0.000120993,0.000120993,10
US,IN,Marion County,INMarion County,0.000120993,0.000120993,0.000120993,10
US,IN,Marshall County,INMarshall County,0.000120993,0.000120993,0.000120993,10
US,IN,Martin County,INMartin County,0.000120993,0.000120993,0.000120993,10
US,IN,Miami County,INMiami County,0.000120993,0.000120993,0.000120993,10
US,IN,Monroe County,INMonroe County,0.000120993,0.000120993,0.000120993,10
US,IN,Montgomery County,INMontgomery County,0.000120993,0.000120993,0.000120993,10
US,IN,Morgan County,INMorgan County,0.000120993,0.000120993,0.000120993,10
US,IN,Newton County,INNewton County,0.000120993,0.000120993,0.000120993,10
US,IN,Noble County,INNoble County,0.000120993,0.000120993,0.000120993,10
US,IN,Ohio County,INOhio County,0.000120993,0.000120993,0.000120993,10
US,IN,Orange County,INOrange County,0.000120993,0.000120993,0.000120993,10
US,IN,Owen County,INOwen County,0.000120993,0.000120993,0.000120993,10
US,IN,Parke County,INParke County,0.000120993,0.000120993,0.000120993,10
US,IN,Perry County,INPerry County,0.000120993,0.000120993,0.000120993,10
US,IN,Pike County,INPike County,0.000120993,0.000120993,0.000120993,10
US,IN,Porter County,INPorter County,0.000120993,0.000120993,0.000120993,10
US,IN,Posey County,INPosey County,0.000120993,0.000120993,0.000120993,10
US,IN,Pulaski County,INPulaski County,0.000120993,0.000120993,0.000120993,10
US,IN,Putnam County,INPutnam County,0.000120993,0.000120993,0.000120993,10
US,IN,Randolph County,INRandolph County,0.000120993,0.000120993,0.000120993,10
US,IN,Ripley County,INRipley County,0.000120993,0.000120993,0.000120993,10
US,IN,Rush County,INRush County,0.000120993,0.000120993,0.000120993,10
US,IN,Scott County,INScott County,0.000120993,0.000120993,0.000120993,10
US,IN,Shelby County,INShelby County,0.000120993,0.000120993,0.000120993,10
US,IN,Spencer County,INSpencer County,0.000120993,0.000120993,0.000120993,10
US,IN,St. Joseph County,INSt. Joseph County,0.000120993,0.000120993,0.000120993,10
US,IN,Starke County,INStarke County,0.000120993,0.000120993,0.000120993,10
US,IN,Steuben County,INSteuben County,0.000120993,0.000120993,0.000120993,10
US,IN,Sullivan County,INSullivan County,0.000120993,0.000120993,0.000120993,10
US,IN,Switzerland County,INSwitzerland County,0.000120993,0.000120993,0.000120993,10
US,IN,Tippecanoe County,INTippecanoe County,0.000120993,0.000120993,0.000120993,10
US,IN,Tipton County,INTipton County,0.000120993,0.000120993,0.000120993,10
US,IN,Union County,INUnion County,0.000120993,0.000120993,0.000120993,10
US,IN,Vanderburgh County,INVanderburgh County,0.000120993,0.000120993,0.000120993,10
US,IN,Vermillion County,INVermillion County,0.000120993,0.000120993,0.000120993,10
US,IN,Vigo County,INVigo County,0.000120993,0.000120993,0.000120993,10
US,IN,Wabash County,INWabash County,0.000120993,0.000120993,0.000120993,10
US,IN,Warren County,INWarren County,0.000120993,0.000120993,0.000120993,10
US,IN,Warrick County,INWarrick County,0.000120993,0.000120993,0.000120993,10
US,IN,Washington County,INWashington County,0.000120993,0.000120993,0.000120993,10
US,IN,Wayne County,INWayne County,0.000120993,0.000120993,0.000120993,10
US,IN,Wells County,INWells County,0.000120993,0.000120993,0.000120993,10
US,IN,White County,INWhite County,0.000120993,0.000120993,0.000120993,10
US,IN,Whitley County,INWhitley County,0.000120993,0.000120993,0.000120993,10
US,KS,Allen County,KSAllen County,0.000121163,0.000121163,0.000121163,10
US,KS,Anderson County,KSAnderson County,0.000121163,0.000121163,0.000121163,10
US,KS,Atchison County,KSAtchison County,0.000121163,0.000121163,0.000121163,10
US,KS,Barber County,KSBarber County,0.000121163,0.000121163,0.000121163,10
US,KS,Barton County,KSBarton County,0.000121163,0.000121163,0.000121163,10
US,KS,Bourbon County,KSBourbon County,0.000121163,0.000121163,0.000121163,10
US,KS,Brown County,KSBrown County,0.000121163,0.000121163,0.000121163,10
US,KS,Butler County,KSButler County,0.000121163,0.000121163,0.000121163,10
US,KS,Chase County,KSChase County,0.000121163,0.000121163,0.000121163,10
US,KS,Chautauqua County,KSChautauqua County,0.000121163,0.000121163,0.000121163,10
US,KS,Cherokee County,KSCherokee County,0.000121163,0.000121163,0.000121163,10
US,KS,Cheyenne County,KSCheyenne County,0.000121163,0.000121163,0.000121163,10
US,KS,Clark County,KSClark County,0.000121163,0.000121163,0.000121163,10
US,KS,Clay County,KSClay County,0.000121163,0.000121163,0.000121163,10
US,KS,Cloud County,KSCloud County,0.000121163,0.000121163,0.000121163,10
US,KS,Coffey County,KSCoffey County,0.000121163,0.000121163,0.000121163,10
US,KS,Comanche County,KSComanche County,0.000121163,0.000121163,0.000121163,10
US,KS,Cowley County,KSCowley County,0.000121163,0.000121163,0.000121163,10
US,KS,Crawford County,KSCrawford County,0.000121163,0.000121163,0.000121163,10
US,KS,Decatur County,KSDecatur County,0.000121163,0.000121163,0.000121163,10
US,KS,Dickinson County,KSDickinson County,0.000121163,0.000121163,0.000121163,10
US,KS,Doniphan County,KSDoniphan County,0.000121163,0.000121163,0.000121163,10
US,KS,Douglas County,KSDouglas County,0.000121163,0.000121163,0.000121163,10
US,KS,Edwards County,KSEdwards County,0.000121163,0.000121163,0.000121163,10
US,KS,Elk County,KSElk County,0.000121163,0.000121163,0.000121163,10
US,KS,Ellis County,KSEllis County,0.000121163,0.000121163,0.000121163,10
US,KS,Ellsworth County,KSEllsworth County,0.000121163,0.000121163,0.000121163,10
US,KS,Finney County,KSFinney County,0.000121163,0.000121163,0.000121163,10
US,KS,Ford County,KSFord County,0.000121163,0.000121163,0.000121163,10
US,KS,Franklin County,KSFranklin County,0.000121163,0.000121163,0.000121163,10
US,KS,Geary County,KSGeary County,0.000121163,0.000121163,0.000121163,10
US,KS,Gove County,KSGove County,0.000121163,0.000121163,0.000121163,10
US,KS,Graham County,KSGraham County,0.000121163,0.000121163,0.000121163,10
US,KS,Grant County,KSGrant County,0.000121163,0.000121163,0.000121163,10
US,KS,Gray County,KSGray County,0.000121163,0.000121163,0.000121163,10
US,KS,Greeley County,KSGreeley County,0.000121163,0.000121163,0.000121163,10
US,KS,Greenwood County,KSGreenwood County,0.000121163,0.000121163,0.000121163,10
US,KS,Hamilton County,KSHamilton County,0.000121163,0.000121163,0.000121163,10
US,KS,Harper County,KSHarper County,0.000121163,0.000121163,0.000121163,10
US,KS,Harvey County,KSHarvey County,0.000121163,0.000121163,0.000121163,10
US,KS,Haskell County,KSHaskell County,0.000121163,0.000121163,0.000121163,10
US,KS,Hodgeman County,KSHodgeman County,0.000121163,0.000121163,0.000121163,10
US,KS,Jackson County,KSJackson County,0.000121163,0.000121163,0.000121163,10
US,KS,Jefferson County,KSJefferson County,0.000121163,0.000121163,0.000121163,10
US,KS,Jewell County,KSJewell County,0.000121163,0.000121163,0.000121163,10
US,KS,Johnson County,KSJohnson County,0.000121163,0.000121163,0.000121163,10
US,KS,Kearny County,KSKearny County,0.000121163,0.000121163,0.000121163,10
US,KS,Kingman County,KSKingman County,0.000121163,0.000121163,0.000121163,10
US,KS,Kiowa County,KSKiowa County,0.000121163,0.000121163,0.000121163,10
US,KS,Labette County,KSLabette County,0.000121163,0.000121163,0.000121163,10
US,KS,Lane County,KSLane County,0.000121163,0.000121163,0.000121163,10
US,KS,Leavenworth County,KSLeavenworth County,0.000121163,0.000121163,0.000121163,10
US,KS,Lincoln County,KSLincoln County,0.000121163,0.000121163,0.000121163,10
US,KS,Linn County,KSLinn County,0.000121163,0.000121163,0.000121163,10
US,KS,Logan County,KSLogan County,0.000121163,0.000121163,0.000121163,10
US,KS,Lyon County,KSLyon County,0.000121163,0.000121163,0.000121163,10
US,KS,Marion County,KSMarion County,0.000121163,0.000121163,0.000121163,10
US,KS,Marshall County,KSMarshall County,0.000121163,0.000121163,0.000121163,10
US,KS,Mcpherson County,KSMcpherson County,0.000121163,0.000121163,0.000121163,10
US,KS,Meade County,KSMeade County,0.000121163,0.000121163,0.000121163,10
US,KS,Miami County,KSMiami County,0.000121163,0.000121163,0.000121163,10
US,KS,Mitchell County,KSMitchell County,0.000121163,0.000121163,0.000121163,10
US,KS,Montgomery County,KSMontgomery County,0.000121163,0.000121163,0.000121163,10
US,KS,Morris County,KSMorris County,0.000121163,0.000121163,0.000121163,10
US,KS,Morton County,KSMorton County,0.000121163,0.000121163,0.000121163,10
US,KS,Nemaha County,KSNemaha County,0.000121163,0.000121163,0.000121163,10
US,KS,Neosho County,KSNeosho County,0.000121163,0.000121163,0.000121163,10
US,KS,Ness County,KSNess County,0.000121163,0.000121163,0.000121163,10
US,KS,Norton County,KSNorton County,0.000121163,0.000121163,0.000121163,10
US,KS,Osage County,KSOsage County,0.000121163,0.000121163,0.000121163,10
US,KS,Osborne County,KSOsborne County,0.000121163,0.000121163,0.000121163,10
US,KS,Ottawa County,KSOttawa County,0.000121163,0.000121163,0.000121163,10
US,KS,Pawnee County,KSPawnee County,0.000121163,0.000121163,0.000121163,10
US,KS,Phillips County,KSPhillips County,0.000121163,0.000121163,0.000121163,10
US,KS,Pottawatomie County,KSPottawatomie County,0.000121163,0.000121163,0.000121163,10
US,KS,Pratt County,KSPratt County,0.000121163,0.000121163,0.000121163,10
US,KS,Rawlins County,KSRawlins County,0.000121163,0.000121163,0.000121163,10
US,KS,Reno County,KSReno County,0.000121163,0.000121163,0.000121163,10
US,KS,Republic County,KSRepublic County,0.000121163,0.000121163,0.000121163,10
US,KS,Rice County,KSRice County,0.000121163,0.000121163,0.000121163,10
US,KS,Riley County,KSRiley County,0.000121163,0.000121163,0.000121163,10
US,KS,Rooks County,KSRooks County,0.000121163,0.000121163,0.000121163,10
US,KS,Rush County,KSRush County,0.000121163,0.000121163,0.000121163,10
US,KS,Russell County,KSRussell County,0.000121163,0.000121163,0.000121163,10
US,KS,Saline County,KSSaline County,0.000121163,0.000121163,0.000121163,10
US,KS,Scott County,KSScott County,0.000121163,0.000121163,0.000121163,10
US,KS,Sedgwick County,KSSedgwick County,0.000121163,0.000121163,0.000121163,10
US,KS,Seward County,KSSeward County,0.000121163,0.000121163,0.000121163,10
US,KS,Shawnee County,KSShawnee County,0.000121163,0.000121163,0.000121163,10
US,KS,Sheridan County,KSSheridan County,0.000121163,0.000121163,0.000121163,10
US,KS,Sherman County,KSSherman County,0.000121163,0.000121163,0.000121163,10
US,KS,Smith County,KSSmith County,0.000121163,0.000121163,0.000121163,10
US,KS,Stafford County,KSStafford County,0.000121163,0.000121163,0.000121163,10
US,KS,Stanton County,KSStanton County,0.000121163,0.000121163,0.000121163,10
US,KS,Stevens County,KSStevens County,0.000121163,0.000121163,0.000121163,10
US,KS,Sumner County,KSSumner County,0.000121163,0.000121163,0.000121163,10
US,KS,Thomas County,KSThomas County,0.000121163,0.000121163,0.000121163,10
US,KS,Trego County,KSTrego County,0.000121163,0.000121163,0.000121163,10
US,KS,Wabaunsee County,KSWabaunsee County,0.000121163,0.000121163,0.000121163,10
US,KS,Wallace County,KSWallace County,0.000121163,0.000121163,0.000121163,10
US,KS,Washington County,KSWashington County,0.000121163,0.000121163,0.000121163,10
US,KS,Wichita County,KSWichita County,0.000121163,0.000121163,0.000121163,10
US,KS,Wilson County,KSWilson County,0.000121163,0.000121163,0.000121163,10
US,KS,Woodson County,KSWoodson County,0.000121163,0.000121163,0.000121163,10
US,KS,Wyandotte County,KSWyandotte County,0.000121163,0.000121163,0.000121163,10
US,KY,Adair County,KYAdair County,0.000120993,0.000120993,0.000120993,10
US,KY,Allen County,KYAllen County,0.000120993,0.000120993,0.000120993,10
US,KY,Anderson County,KYAnderson County,0.000120993,0.000120993,0.000120993,10
US,KY,Ballard County,KYBallard County,0.000120993,0.000120993,0.000120993,10
US,KY,Barren County,KYBarren County,0.000120993,0.000120993,0.000120993,10
US,KY,Bath County,KYBath County,0.000120993,0.000120993,0.000120993,10
US,KY,Bell County,KYBell County,0.000120993,0.000120993,0.000120993,10
US,KY,Boone County,KYBoone County,0.000120993,0.000120993,0.000120993,10
US,KY,Bourbon County,KYBourbon County,0.000120993,0.000120993,0.000120993,10
US,KY,Boyd County,KYBoyd County,0.000120993,0.000120993,0.000120993,10
US,KY,Boyle County,KYBoyle County,0.000120993,0.000120993,0.000120993,10
US,KY,Bracken County,KYBracken County,0.000120993,0.000120993,0.000120993,10
US,KY,Breathitt County,KYBreathitt County,0.000120993,0.000120993,0.000120993,10
US,KY,Breckinridge County,KYBreckinridge County,0.000120993,0.000120993,0.000120993,10
US,KY,Bullitt County,KYBullitt County,0.000120993,0.000120993,0.000120993,10
US,KY,Butler County,KYButler County,0.000120993,0.000120993,0.000120993,10
US,KY,Caldwell County,KYCaldwell County,0.000120993,0.000120993,0.000120993,10
US,KY,Calloway County,KYCalloway County,0.000120993,0.000120993,0.000120993,10
US,KY,Campbell County,KYCampbell County,0.000120993,0.000120993,0.000120993,10
US,KY,Carlisle County,KYCarlisle County,0.000120993,0.000120993,0.000120993,10
US,KY,Carroll County,KYCarroll County,0.000120993,0.000120993,0.000120993,10
US,KY,Carter County,KYCarter County,0.000120993,0.000120993,0.000120993,10
US,KY,Casey County,KYCasey County,0.000120993,0.000120993,0.000120993,10
US,KY,Christian County,KYChristian County,0.000120993,0.000120993,0.000120993,10
US,KY,Clark County,KYClark County,0.000120993,0.000120993,0.000120993,10
US,KY,Clay County,KYClay County,0.000120993,0.000120993,0.000120993,10
US,KY,Clinton County,KYClinton County,0.000120993,0.000120993,0.000120993,10
US,KY,Crittenden County,KYCrittenden County,0.000120993,0.000120993,0.000120993,10
US,KY,Cumberland County,KYCumberland County,0.000120993,0.000120993,0.000120993,10
US,KY,Daviess County,KYDaviess County,0.000120993,0.000120993,0.000120993,10
US,KY,Edmonson County,KYEdmonson County,0.000120993,0.000120993,0.000120993,10
US,KY,Elliott County,KYElliott County,0.000120993,0.000120993,0.000120993,10
US,KY,Estill County,KYEstill County,0.000120993,0.000120993,0.000120993,10
US,KY,Fayette County,KYFayette County,0.000120993,0.000120993,0.000120993,10
US,KY,Fleming County,KYFleming County,0.000120993,0.000120993,0.000120993,10
US,KY,Floyd County,KYFloyd County,0.000120993,0.000120993,0.000120993,10
US,KY,Franklin County,KYFranklin County,0.000120993,0.000120993,0.000120993,10
US,KY,Fulton County,KYFulton County,0.000120993,0.000120993,0.000120993,10
US,KY,Gallatin County,KYGallatin County,0.000120993,0.000120993,0.000120993,10
US,KY,Garrard County,KYGarrard County,0.000120993,0.000120993,0.000120993,10
US,KY,Grant County,KYGrant County,0.000120993,0.000120993,0.000120993,10
US,KY,Graves County,KYGraves County,0.000120993,0.000120993,0.000120993,10
US,KY,Grayson County,KYGrayson County,0.000120993,0.000120993,0.000120993,10
US,KY,Green County,KYGreen County,0.000120993,0.000120993,0.000120993,10
US,KY,Greenup County,KYGreenup County,0.000120993,0.000120993,0.000120993,10
US,KY,Hancock County,KYHancock County,0.000120993,0.000120993,0.000120993,10
US,KY,Hardin County,KYHardin County,0.000120993,0.000120993,0.000120993,10
US,KY,Harlan County,KYHarlan County,0.000120993,0.000120993,0.000120993,10
US,KY,Harrison County,KYHarrison County,0.000120993,0.000120993,0.000120993,10
US,KY,Hart County,KYHart County,0.000120993,0.000120993,0.000120993,10
US,KY,Henderson County,KYHenderson County,0.000120993,0.000120993,0.000120993,10
US,KY,Henry County,KYHenry County,0.000120993,0.000120993,0.000120993,10
US,KY,Hickman County,KYHickman County,0.000120993,0.000120993,0.000120993,10
US,KY,Hopkins County,KYHopkins County,0.000120993,0.000120993,0.000120993,10
US,KY,Jackson County,KYJackson County,0.000120993,0.000120993,0.000120993,10
US,KY,Jefferson County,KYJefferson County,0.000120993,0.000120993,0.000120993,10
US,KY,Jessamine County,KYJessamine County,0.000120993,0.000120993,0.000120993,10
US,KY,Johnson County,KYJohnson County,0.000120993,0.000120993,0.000120993,10
US,KY,Kenton County,KYKenton County,0.000120993,0.000120993,0.000120993,10
US,KY,Knott County,KYKnott County,0.000120993,0.000120993,0.000120993,10
US,KY,Knox County,KYKnox County,0.000120993,0.000120993,0.000120993,10
US,KY,Larue County,KYLarue County,0.000120993,0.000120993,0.000120993,10
US,KY,Laurel County,KYLaurel County,0.000120993,0.000120993,0.000120993,10
US,KY,Lawrence County,KYLawrence County,0.000120993,0.000120993,0.000120993,10
US,KY,Lee County,KYLee County,0.000120993,0.000120993,0.000120993,10
US,KY,Leslie County,KYLeslie County,0.000120993,0.000120993,0.000120993,10
US,KY,Letcher County,KYLetcher County,0.000120993,0.000120993,0.000120993,10
US,KY,Lewis County,KYLewis County,0.000120993,0.000120993,0.000120993,10
US,KY,Lincoln County,KYLincoln County,0.000120993,0.000120993,0.000120993,10
US,KY,Livingston County,KYLivingston County,0.000120993,0.000120993,0.000120993,10
US,KY,Logan County,KYLogan County,0.000120993,0.000120993,0.000120993,10
US,KY,Lyon County,KYLyon County,0.000120993,0.000120993,0.000120993,10
US,KY,Madison County,KYMadison County,0.000120993,0.000120993,0.000120993,10
US,KY,Magoffin County,KYMagoffin County,0.000120993,0.000120993,0.000120993,10
US,KY,Marion County,KYMarion County,0.000120993,0.000120993,0.000120993,10
US,KY,Marshall County,KYMarshall County,0.000120993,0.000120993,0.000120993,10
US,KY,Martin County,KYMartin County,0.000120993,0.000120993,0.000120993,10
US,KY,Mason County,KYMason County,0.000120993,0.000120993,0.000120993,10
US,KY,Mccracken County,KYMccracken County,0.000120993,0.000120993,0.000120993,10
US,KY,Mccreary County,KYMccreary County,0.000120993,0.000120993,0.000120993,10
US,KY,Mclean County,KYMclean County,0.000120993,0.000120993,0.000120993,10
US,KY,Meade County,KYMeade County,0.000120993,0.000120993,0.000120993,10
US,KY,Menifee County,KYMenifee County,0.000120993,0.000120993,0.000120993,10
US,KY,Mercer County,KYMercer County,0.000120993,0.000120993,0.000120993,10
US,KY,Metcalfe County,KYMetcalfe County,0.000120993,0.000120993,0.000120993,10
US,KY,Monroe County,KYMonroe County,0.000120993,0.000120993,0.000120993,10
US,KY,Montgomery County,KYMontgomery County,0.000120993,0.000120993,0.000120993,10
US,KY,Morgan County,KYMorgan County,0.000120993,0.000120993,0.000120993,10
US,KY,Muhlenberg County,KYMuhlenberg County,0.000120993,0.000120993,0.000120993,10
US,KY,Nelson County,KYNelson County,0.000120993,0.000120993,0.000120993,10
US,KY,Nicholas County,KYNicholas County,0.000120993,0.000120993,0.000120993,10
US,KY,Ohio County,KYOhio County,0.000120993,0.000120993,0.000120993,10
US,KY,Oldham County,KYOldham County,0.000120993,0.000120993,0.000120993,10
US,KY,Owen County,KYOwen County,0.000120993,0.000120993,0.000120993,10
US,KY,Owsley County,KYOwsley County,0.000120993,0.000120993,0.000120993,10
US,KY,Pendleton County,KYPendleton County,0.000120993,0.000120993,0.000120993,10
US,KY,Perry County,KYPerry County,0.000120993,0.000120993,0.000120993,10
US,KY,Pike County,KYPike County,0.000120993,0.000120993,0.000120993,10
US,KY,Powell County,KYPowell County,0.000120993,0.000120993,0.000120993,10
US,KY,Pulaski County,KYPulaski County,0.000120993,0.000120993,0.000120993,10
US,KY,Robertson County,KYRobertson County,0.000120993,0.000120993,0.000120993,10
US,KY,Rockcastle County,KYRockcastle County,0.000120993,0.000120993,0.000120993,10
US,KY,Rowan County,KYRowan County,0.000120993,0.000120993,0.000120993,10
US,KY,Russell County,KYRussell County,0.000120993,0.000120993,0.000120993,10
US,KY,Scott County,KYScott County,0.000120993,0.000120993,0.000120993,10
US,KY,Shelby County,KYShelby County,0.000120993,0.000120993,0.000120993,10
US,KY,Simpson County,KYSimpson County,0.000120993,0.000120993,0.000120993,10
US,KY,Spencer County,KYSpencer County,0.000120993,0.000120993,0.000120993,10
US,KY,Taylor County,KYTaylor County,0.000120993,0.000120993,0.000120993,10
US,KY,Todd County,KYTodd County,0.000120993,0.000120993,0.000120993,10
US,KY,Trigg County,KYTrigg County,0.000120993,0.000120993,0.000120993,10
US,KY,Trimble County,KYTrimble County,0.000120993,0.000120993,0.000120993,10
US,KY,Union County,KYUnion County,0.000120993,0.000120993,0.000120993,10
US,KY,Warren County,KYWarren County,0.000120993,0.000120993,0.000120993,10
US,KY,Washington County,KYWashington County,0.000120993,0.000120993,0.000120993,10
US,KY,Wayne County,KYWayne County,0.000120993,0.000120993,0.000120993,10
US,KY,Webster County,KYWebster County,0.000120993,0.000120993,0.000120993,10
US,KY,Whitley County,KYWhitley County,0.000120993,0.000120993,0.000120993,10
US,KY,Wolfe County,KYWolfe County,0.000120993,0.000120993,0.000120993,10
US,KY,Woodford County,KYWoodford County,0.000120993,0.000120993,0.000120993,10
US,LA,Acadia Parish,LAAcadia Parish,0.000125046,0.000125046,0.000125046,10
US,LA,Allen Parish,LAAllen Parish,0.000125046,0.000125046,0.000125046,10
US,LA,Ascension Parish,LAAscension Parish,0.000125046,0.000125046,0.000125046,10
US,LA,Assumption Parish,LAAssumption Parish,0.000125046,0.000125046,0.000125046,10
US,LA,Avoyelles Parish,LAAvoyelles Parish,0.000125046,0.000125046,0.000125046,2
US,LA,Beauregard Parish,LABeauregard Parish,0.000125046,0.000125046,0.000125046,10
US,LA,Bienville Parish,LABienville Parish,0.000125046,0.000125046,0.000125046,10
US,LA,Bossier Parish,LABossier Parish,0.000125046,0.000125046,0.000125046,10
US,LA,Caddo Parish,LACaddo Parish,0.000125046,0.000125046,0.000125046,10
US,LA,Calcasieu Parish,LACalcasieu Parish,0.000125046,0.000125046,0.000125046,10
US,LA,Caldwell Parish,LACaldwell Parish,0.000125046,0.000125046,0.000125046,2
US,LA,Cameron Parish,LACameron Parish,0.000125046,0.000125046,0.000125046,10
US,LA,Catahoula Parish,LACatahoula Parish,0.000125046,0.000125046,0.000125046,2
US,LA,Claiborne Parish,LAClaiborne Parish,0.000125046,0.000125046,0.000125046,10
US,LA,Concordia Parish,LAConcordia Parish,0.000125046,0.000125046,0.000125046,2
US,LA,De Soto Parish,LADe Soto Parish,0.000125046,0.000125046,0.000125046,10
US,LA,East Baton Rouge Parish,LAEast Baton Rouge Parish,0.000125046,0.000125046,0.000125046,2
US,LA,East Carroll Parish,LAEast Carroll Parish,0.000125046,0.000125046,0.000125046,2
US,LA,East Feliciana Parish,LAEast Feliciana Parish,0.000125046,0.000125046,0.000125046,2
US,LA,Evangeline Parish,LAEvangeline Parish,0.000125046,0.000125046,0.000125046,10
US,LA,Franklin Parish,LAFranklin Parish,0.000125046,0.000125046,0.000125046,2
US,LA,Grant Parish,LAGrant Parish,0.000125046,0.000125046,0.000125046,10
US,LA,Iberia Parish,LAIberia Parish,0.000125046,0.000125046,0.000125046,10
US,LA,Iberville Parish,LAIberville Parish,0.000125046,0.000125046,0.000125046,10
US,LA,Jackson Parish,LAJackson Parish,0.000125046,0.000125046,0.000125046,10
US,LA,Jefferson Davis Parish,LAJefferson Davis Parish,0.000125046,0.000125046,0.000125046,10
US,LA,Jefferson Parish,LAJefferson Parish,0.000125046,0.000125046,0.000125046,10
US,LA,La Salle Parish,LALa Salle Parish,0.000125046,0.000125046,0.000125046,10
US,LA,Lafayette Parish,LALafayette Parish,0.000125046,0.000125046,0.000125046,10
US,LA,Lafourche Parish,LALafourche Parish,0.000125046,0.000125046,0.000125046,10
US,LA,Lincoln Parish,LALincoln Parish,0.000125046,0.000125046,0.000125046,10
US,LA,Livingston Parish,LALivingston Parish,0.000125046,0.000125046,0.000125046,2
US,LA,Madison Parish,LAMadison Parish,0.000125046,0.000125046,0.000125046,2
US,LA,Morehouse Parish,LAMorehouse Parish,0.000125046,0.000125046,0.000125046,2
US,LA,Natchitoches Parish,LANatchitoches Parish,0.000125046,0.000125046,0.000125046,10
US,LA,Orleans Parish,LAOrleans Parish,0.000125046,0.000125046,0.000125046,10
US,LA,Ouachita Parish,LAOuachita Parish,0.000125046,0.000125046,0.000125046,10
US,LA,Plaquemines Parish,LAPlaquemines Parish,0.000125046,0.000125046,0.000125046,10
US,LA,Pointe Coupee Parish,LAPointe Coupee Parish,0.000125046,0.000125046,0.000125046,2
US,LA,Rapides Parish,LARapides Parish,0.000125046,0.000125046,0.000125046,10
US,LA,Red River Parish,LARed River Parish,0.000125046,0.000125046,0.000125046,10
US,LA,Richland Parish,LARichland Parish,0.000125046,0.000125046,0.000125046,2
US,LA,Sabine Parish,LASabine Parish,0.000125046,0.000125046,0.000125046,10
US,LA,St. Bernard Parish,LASt. Bernard Parish,0.000125046,0.000125046,0.000125046,10
US,LA,St. Charles Parish,LASt. Charles Parish,0.000125046,0.000125046,0.000125046,10
US,LA,St. Helena Parish,LASt. Helena Parish,0.000125046,0.000125046,0.000125046,2
US,LA,St. James Parish,LASt. James Parish,0.000125046,0.000125046,0.000125046,10
US,LA,St. John The Baptist Parish,LASt. John The Baptist Parish,0.000125046,0.000125046,0.000125046,10
US,LA,St. Landry Parish,LASt. Landry Parish,0.000125046,0.000125046,0.000125046,2
US,LA,St. Martin Parish,LASt. Martin Parish,0.000125046,0.000125046,0.000125046,10
US,LA,St. Mary Parish,LASt. Mary Parish,0.000125046,0.000125046,0.000125046,10
US,LA,St. Tammany Parish,LASt. Tammany Parish,0.000125046,0.000125046,0.000125046,2
US,LA,Tangipahoa Parish,LATangipahoa Parish,0.000125046,0.000125046,0.000125046,2
US,LA,Tensas Parish,LATensas Parish,0.000125046,0.000125046,0.000125046,2
US,LA,Terrebonne Parish,LATerrebonne Parish,0.000125046,0.000125046,0.000125046,10
US,LA,Union Parish,LAUnion Parish,0.000125046,0.000125046,0.000125046,10
US,LA,Vermilion Parish,LAVermilion Parish,0.000125046,0.000125046,0.000125046,10
US,LA,Vernon Parish,LAVernon Parish,0.000125046,0.000125046,0.000125046,10
US,LA,Washington Parish,LAWashington Parish,0.000125046,0.000125046,0.000125046,2
US,LA,Webster Parish,LAWebster Parish,0.000125046,0.000125046,0.000125046,10
US,LA,West Baton Rouge Parish,LAWest Baton Rouge Parish,0.000125046,0.000125046,0.000125046,2
US,LA,West Carroll Parish,LAWest Carroll Parish,0.000125046,0.000125046,0.000125046,2
US,LA,West Feliciana Parish,LAWest Feliciana Parish,0.000125046,0.000125046,0.000125046,2
US,LA,Winn Parish,LAWinn Parish,0.000125046,0.000125046,0.000125046,10
US,MA,Barnstable County,MABarnstable County,0.000120993,0.000120993,0.000120993,10
US,MA,Berkshire County,MABerkshire County,0.000120993,0.000120993,0.000120993,10
US,MA,Bristol County,MABristol County,0.000120993,0.000120993,0.000120993,10
US,MA,Dukes County,MADukes County,0.000120993,0.000120993,0.000120993,10
US,MA,Essex County,MAEssex County,0.000120993,0.000120993,0.000120993,10
US,MA,Franklin County,MAFranklin County,0.000120993,0.000120993,0.000120993,10
US,MA,Hampden County,MAHampden County,0.000120993,0.000120993,0.000120993,10
US,MA,Hampshire County,MAHampshire County,0.000120993,0.000120993,0.000120993,10
US,MA,Middlesex County,MAMiddlesex County,0.000120993,0.000120993,0.000120993,10
US,MA,Nantucket County,MANantucket County,0.000120993,0.000120993,0.000120993,10
US,MA,Norfolk County,MANorfolk County,0.000120993,0.000120993,0.000120993,10
US,MA,Plymouth County,MAPlymouth County,0.000120993,0.000120993,0.000120993,10
US,MA,Suffolk County,MASuffolk County,0.000120993,0.000120993,0.000120993,10
US,MA,Worcester County,MAWorcester County,0.000120993,0.000120993,0.000120993,10
US,MD,Allegany County,MDAllegany County,0.000120993,0.000120993,0.000120993,10
US,MD,Anne Arundel County,MDAnne Arundel County,0.000120993,0.000120993,0.000120993,10
US,MD,Baltimore City,MDBaltimore City,0.000120993,0.000120993,0.000120993,10
US,MD,Baltimore County,MDBaltimore County,0.000120993,0.000120993,0.000120993,10
US,MD,Calvert County,MDCalvert County,0.000120993,0.000120993,0.000120993,10
US,MD,Caroline County,MDCaroline County,0.000120993,0.000120993,0.000120993,10
US,MD,Carroll County,MDCarroll County,0.000120993,0.000120993,0.000120993,10
US,MD,Cecil County,MDCecil County,0.000120993,0.000120993,0.000120993,10
US,MD,Charles County,MDCharles County,0.000120993,0.000120993,0.000120993,10
US,MD,Dorchester County,MDDorchester County,0.000120993,0.000120993,0.000120993,10
US,MD,Frederick County,MDFrederick County,0.000120993,0.000120993,0.000120993,10
US,MD,Garrett County,MDGarrett County,0.000120993,0.000120993,0.000120993,10
US,MD,Harford County,MDHarford County,0.000120993,0.000120993,0.000120993,10
US,MD,Howard County,MDHoward County,0.000120993,0.000120993,0.000120993,10
US,MD,Kent County,MDKent County,0.000120993,0.000120993,0.000120993,10
US,MD,Montgomery County,MDMontgomery County,0.000120993,0.000120993,0.000120993,10
US,MD,Prince George's County,MDPrince George's County,0.000120993,0.000120993,0.000120993,10
US,MD,Queen Anne's County,MDQueen Anne's County,0.000120993,0.000120993,0.000120993,10
US,MD,Somerset County,MDSomerset County,0.000120993,0.000120993,0.000120993,10
US,MD,St. Mary's County,MDSt. Mary's County,0.000120993,0.000120993,0.000120993,10
US,MD,Talbot County,MDTalbot County,0.000120993,0.000120993,0.000120993,10
US,MD,Washington County,MDWashington County,0.000120993,0.000120993,0.000120993,10
US,MD,Wicomico County,MDWicomico County,0.000120993,0.000120993,0.000120993,10
US,MD,Worcester County,MDWorcester County,0.000120993,0.000120993,0.000120993,10
US,ME,Androscoggin County,MEAndroscoggin County,0.000120993,0.000120993,0.000120993,10
US,ME,Aroostook County,MEAroostook County,0.000120993,0.000120993,0.000120993,10
US,ME,Cumberland County,MECumberland County,0.000120993,0.000120993,0.000120993,10
US,ME,Franklin County,MEFranklin County,0.000120993,0.000120993,0.000120993,10
US,ME,Hancock County,MEHancock County,0.000120993,0.000120993,0.000120993,10
US,ME,Kennebec County,MEKennebec County,0.000120993,0.000120993,0.000120993,10
US,ME,Knox County,MEKnox County,0.000120993,0.000120993,0.000120993,10
US,ME,Lincoln County,MELincoln County,0.000120993,0.000120993,0.000120993,10
US,ME,Oxford County,MEOxford County,0.000120993,0.000120993,0.000120993,10
US,ME,Penobscot County,MEPenobscot County,0.000120993,0.000120993,0.000120993,10
US,ME,Piscataquis County,MEPiscataquis County,0.000120993,0.000120993,0.000120993,10
US,ME,Sagadahoc County,MESagadahoc County,0.000120993,0.000120993,0.000120993,10
US,ME,Somerset County,MESomerset County,0.000120993,0.000120993,0.000120993,10
US,ME,Waldo County,MEWaldo County,0.000120993,0.000120993,0.000120993,10
US,ME,Washington County,MEWashington County,0.000120993,0.000120993,0.000120993,10
US,ME,York County,MEYork County,0.000120993,0.000120993,0.000120993,10
US,MI,Alcona County,MIAlcona County,0.000127091,0.000127091,0.000127091,10
US,MI,Alger County,MIAlger County,0.000127091,0.000127091,0.000127091,10
US,MI,Allegan County,MIAllegan County,0.000127091,0.000127091,0.000127091,10
US,MI,Alpena County,MIAlpena County,0.000127091,0.000127091,0.000127091,10
US,MI,Antrim County,MIAntrim County,0.000127091,0.000127091,0.000127091,10
US,MI,Arenac County,MIArenac County,0.000127091,0.000127091,0.000127091,10
US,MI,Baraga County,MIBaraga County,0.000127091,0.000127091,0.000127091,10
US,MI,Barry County,MIBarry County,0.000127091,0.000127091,0.000127091,10
US,MI,Bay County,MIBay County,0.000127091,0.000127091,0.000127091,10
US,MI,Benzie County,MIBenzie County,0.000127091,0.000127091,0.000127091,10
US,MI,Berrien County,MIBerrien County,0.000127091,0.000127091,0.000127091,10
US,MI,Branch County,MIBranch County,0.000127091,0.000127091,0.000127091,10
US,MI,Calhoun County,MICalhoun County,0.000127091,0.000127091,0.000127091,10
US,MI,Cass County,MICass County,0.000127091,0.000127091,0.000127091,10
US,MI,Charlevoix County,MICharlevoix County,0.000127091,0.000127091,0.000127091,10
US,MI,Cheboygan County,MICheboygan County,0.000127091,0.000127091,0.000127091,10
US,MI,Chippewa County,MIChippewa County,0.000127091,0.000127091,0.000127091,10
US,MI,Clare County,MIClare County,0.000127091,0.000127091,0.000127091,10
US,MI,Clinton County,MIClinton County,0.000127091,0.000127091,0.000127091,10
US,MI,Crawford County,MICrawford County,0.000127091,0.000127091,0.000127091,10
US,MI,Delta County,MIDelta County,0.000127091,0.000127091,0.000127091,10
US,MI,Dickinson County,MIDickinson County,0.000127091,0.000127091,0.000127091,10
US,MI,Eaton County,MIEaton County,0.000127091,0.000127091,0.000127091,10
US,MI,Emmet County,MIEmmet County,0.000127091,0.000127091,0.000127091,10
US,MI,Genesee County,MIGenesee County,0.000127091,0.000127091,0.000127091,10
US,MI,Gladwin County,MIGladwin County,0.000127091,0.000127091,0.000127091,10
US,MI,Gogebic County,MIGogebic County,0.000127091,0.000127091,0.000127091,10
US,MI,Grand Traverse County,MIGrand Traverse County,0.000127091,0.000127091,0.000127091,10
US,MI,Gratiot County,MIGratiot County,0.000127091,0.000127091,0.000127091,10
US,MI,Hillsdale County,MIHillsdale County,0.000127091,0.000127091,0.000127091,10
US,MI,Houghton County,MIHoughton County,0.000127091,0.000127091,0.000127091,10
US,MI,Huron County,MIHuron County,0.000127091,0.000127091,0.000127091,10
US,MI,Ingham County,MIIngham County,0.000127091,0.000127091,0.000127091,10
US,MI,Ionia County,MIIonia County,0.000127091,0.000127091,0.000127091,10
US,MI,Iosco County,MIIosco County,0.000127091,0.000127091,0.000127091,10
US,MI,Iron County,MIIron County,0.000127091,0.000127091,0.000127091,10
US,MI,Isabella County,MIIsabella County,0.000127091,0.000127091,0.000127091,10
US,MI,Jackson County,MIJackson County,0.000127091,0.000127091,0.000127091,10
US,MI,Kalamazoo County,MIKalamazoo County,0.000127091,0.000127091,0.000127091,10
US,MI,Kalkaska County,MIKalkaska County,0.000127091,0.000127091,0.000127091,10
US,MI,Kent County,MIKent County,0.000127091,0.000127091,0.000127091,10
US,MI,Keweenaw County,MIKeweenaw County,0.000127091,0.000127091,0.000127091,10
US,MI,Lake County,MILake County,0.000127091,0.000127091,0.000127091,10
US,MI,Lapeer County,MILapeer County,0.000127091,0.000127091,0.000127091,10
US,MI,Leelanau County,MILeelanau County,0.000127091,0.000127091,0.000127091,10
US,MI,Lenawee County,MILenawee County,0.000127091,0.000127091,0.000127091,10
US,MI,Livingston County,MILivingston County,0.000127091,0.000127091,0.000127091,10
US,MI,Luce County,MILuce County,0.000127091,0.000127091,0.000127091,10
US,MI,Mackinac County,MIMackinac County,0.000127091,0.000127091,0.000127091,10
US,MI,Macomb County,MIMacomb County,0.000127091,0.000127091,0.000127091,10
US,MI,Manistee County,MIManistee County,0.000127091,0.000127091,0.000127091,10
US,MI,Marquette County,MIMarquette County,0.000127091,0.000127091,0.000127091,10
US,MI,Mason County,MIMason County,0.000127091,0.000127091,0.000127091,10
US,MI,Mecosta County,MIMecosta County,0.000127091,0.000127091,0.000127091,10
US,MI,Menominee County,MIMenominee County,0.000127091,0.000127091,0.000127091,10
US,MI,Midland County,MIMidland County,0.000127091,0.000127091,0.000127091,10
US,MI,Missaukee County,MIMissaukee County,0.000127091,0.000127091,0.000127091,10
US,MI,Monroe County,MIMonroe County,0.000127091,0.000127091,0.000127091,10
US,MI,Montcalm County,MIMontcalm County,0.000127091,0.000127091,0.000127091,10
US,MI,Montmorency County,MIMontmorency County,0.000127091,0.000127091,0.000127091,10
US,MI,Muskegon County,MIMuskegon County,0.000127091,0.000127091,0.000127091,10
US,MI,Newaygo County,MINewaygo County,0.000127091,0.000127091,0.000127091,10
US,MI,Oakland County,MIOakland County,0.000127091,0.000127091,0.000127091,10
US,MI,Oceana County,MIOceana County,0.000127091,0.000127091,0.000127091,10
US,MI,Ogemaw County,MIOgemaw County,0.000127091,0.000127091,0.000127091,10
US,MI,Ontonagon County,MIOntonagon County,0.000127091,0.000127091,0.000127091,10
US,MI,Osceola County,MIOsceola County,0.000127091,0.000127091,0.000127091,10
US,MI,Oscoda County,MIOscoda County,0.000127091,0.000127091,0.000127091,10
US,MI,Otsego County,MIOtsego County,0.000127091,0.000127091,0.000127091,10
US,MI,Ottawa County,MIOttawa County,0.000127091,0.000127091,0.000127091,10
US,MI,Presque Isle County,MIPresque Isle County,0.000127091,0.000127091,0.000127091,10
US,MI,Roscommon County,MIRoscommon County,0.000127091,0.000127091,0.000127091,10
US,MI,Saginaw County,MISaginaw County,0.000127091,0.000127091,0.000127091,10
US,MI,Sanilac County,MISanilac County,0.000127091,0.000127091,0.000127091,10
US,MI,Schoolcraft County,MISchoolcraft County,0.000127091,0.000127091,0.000127091,10
US,MI,Shiawassee County,MIShiawassee County,0.000127091,0.000127091,0.000127091,10
US,MI,St. Clair County,MISt. Clair County,0.000127091,0.000127091,0.000127091,10
US,MI,St. Joseph County,MISt. Joseph County,0.000127091,0.000127091,0.000127091,10
US,MI,Tuscola County,MITuscola County,0.000127091,0.000127091,0.000127091,10
US,MI,Van Buren County,MIVan Buren County,0.000127091,0.000127091,0.000127091,10
US,MI,Washtenaw County,MIWashtenaw County,0.000127091,0.000127091,0.000127091,10
US,MI,Wayne County,MIWayne County,0.000127091,0.000127091,0.000127091,10
US,MI,Wexford County,MIWexford County,0.000127091,0.000127091,0.000127091,10
US,MN,Aitkin County,MNAitkin County,0.00012155,0.00012155,0.00012155,10
US,MN,Anoka County,MNAnoka County,0.00012155,0.00012155,0.00012155,10
US,MN,Becker County,MNBecker County,0.00012155,0.00012155,0.00012155,10
US,MN,Beltrami County,MNBeltrami County,0.00012155,0.00012155,0.00012155,10
US,MN,Benton County,MNBenton County,0.00012155,0.00012155,0.00012155,10
US,MN,Big Stone County,MNBig Stone County,0.00012155,0.00012155,0.00012155,10
US,MN,Blue Earth County,MNBlue Earth County,0.00012155,0.00012155,0.00012155,10
US,MN,Brown County,MNBrown County,0.00012155,0.00012155,0.00012155,10
US,MN,Carlton County,MNCarlton County,0.00012155,0.00012155,0.00012155,10
US,MN,Carver County,MNCarver County,0.00012155,0.00012155,0.00012155,10
US,MN,Cass County,MNCass County,0.00012155,0.00012155,0.00012155,10
US,MN,Chippewa County,MNChippewa County,0.00012155,0.00012155,0.00012155,10
US,MN,Chisago County,MNChisago County,0.00012155,0.00012155,0.00012155,10
US,MN,Clay County,MNClay County,0.00012155,0.00012155,0.00012155,10
US,MN,Clearwater County,MNClearwater County,0.00012155,0.00012155,0.00012155,10
US,MN,Cook County,MNCook County,0.00012155,0.00012155,0.00012155,10
US,MN,Cottonwood County,MNCottonwood County,0.00012155,0.00012155,0.00012155,10
US,MN,Crow Wing County,MNCrow Wing County,0.00012155,0.00012155,0.00012155,10
US,MN,Dakota County,MNDakota County,0.00012155,0.00012155,0.00012155,10
US,MN,Dodge County,MNDodge County,0.00012155,0.00012155,0.00012155,10
US,MN,Douglas County,MNDouglas County,0.00012155,0.00012155,0.00012155,10
US,MN,Faribault County,MNFaribault County,0.00012155,0.00012155,0.00012155,10
US,MN,Fillmore County,MNFillmore County,0.00012155,0.00012155,0.00012155,10
US,MN,Freeborn County,MNFreeborn County,0.00012155,0.00012155,0.00012155,10
US,MN,Goodhue County,MNGoodhue County,0.00012155,0.00012155,0.00012155,10
US,MN,Grant County,MNGrant County,0.00012155,0.00012155,0.00012155,10
US,MN,Hennepin County,MNHennepin County,0.00012155,0.00012155,0.00012155,10
US,MN,Houston County,MNHouston County,0.00012155,0.00012155,0.00012155,10
US,MN,Hubbard County,MNHubbard County,0.00012155,0.00012155,0.00012155,10
US,MN,Isanti County,MNIsanti County,0.00012155,0.00012155,0.00012155,10
US,MN,Itasca County,MNItasca County,0.00012155,0.00012155,0.00012155,10
US,MN,Jackson County,MNJackson County,0.00012155,0.00012155,0.00012155,10
US,MN,Kanabec County,MNKanabec County,0.00012155,0.00012155,0.00012155,10
US,MN,Kandiyohi County,MNKandiyohi County,0.00012155,0.00012155,0.00012155,10
US,MN,Kittson County,MNKittson County,0.00012155,0.00012155,0.00012155,10
US,MN,Koochiching County,MNKoochiching County,0.00012155,0.00012155,0.00012155,10
US,MN,Lac Qui Parle County,MNLac Qui Parle County,0.00012155,0.00012155,0.00012155,10
US,MN,Lake County,MNLake County,0.00012155,0.00012155,0.00012155,10
US,MN,Lake Of The Woods County,MNLake Of The Woods County,0.00012155,0.00012155,0.00012155,10
US,MN,Le Sueur County,MNLe Sueur County,0.00012155,0.00012155,0.00012155,10
US,MN,Lincoln County,MNLincoln County,0.00012155,0.00012155,0.00012155,10
US,MN,Lyon County,MNLyon County,0.00012155,0.00012155,0.00012155,10
US,MN,Mahnomen County,MNMahnomen County,0.00012155,0.00012155,0.00012155,10
US,MN,Marshall County,MNMarshall County,0.00012155,0.00012155,0.00012155,10
US,MN,Martin County,MNMartin County,0.00012155,0.00012155,0.00012155,10
US,MN,Mcleod County,MNMcleod County,0.00012155,0.00012155,0.00012155,10
US,MN,Meeker County,MNMeeker County,0.00012155,0.00012155,0.00012155,10
US,MN,Mille Lacs County,MNMille Lacs County,0.00012155,0.00012155,0.00012155,10
US,MN,Morrison County,MNMorrison County,0.00012155,0.00012155,0.00012155,10
US,MN,Mower County,MNMower County,0.00012155,0.00012155,0.00012155,10
US,MN,Murray County,MNMurray County,0.00012155,0.00012155,0.00012155,10
US,MN,Nicollet County,MNNicollet County,0.00012155,0.00012155,0.00012155,10
US,MN,Nobles County,MNNobles County,0.00012155,0.00012155,0.00012155,10
US,MN,Norman County,MNNorman County,0.00012155,0.00012155,0.00012155,10
US,MN,Olmsted County,MNOlmsted County,0.00012155,0.00012155,0.00012155,10
US,MN,Otter Tail County,MNOtter Tail County,0.00012155,0.00012155,0.00012155,10
US,MN,Pennington County,MNPennington County,0.00012155,0.00012155,0.00012155,10
US,MN,Pine County,MNPine County,0.00012155,0.00012155,0.00012155,10
US,MN,Pipestone County,MNPipestone County,0.00012155,0.00012155,0.00012155,10
US,MN,Polk County,MNPolk County,0.00012155,0.00012155,0.00012155,10
US,MN,Pope County,MNPope County,0.00012155,0.00012155,0.00012155,10
US,MN,Ramsey County,MNRamsey County,0.00012155,0.00012155,0.00012155,10
US,MN,Red Lake County,MNRed Lake County,0.00012155,0.00012155,0.00012155,10
US,MN,Redwood County,MNRedwood County,0.00012155,0.00012155,0.00012155,10
US,MN,Renville County,MNRenville County,0.00012155,0.00012155,0.00012155,10
US,MN,Rice County,MNRice County,0.00012155,0.00012155,0.00012155,10
US,MN,Rock County,MNRock County,0.00012155,0.00012155,0.00012155,10
US,MN,Roseau County,MNRoseau County,0.00012155,0.00012155,0.00012155,10
US,MN,Scott County,MNScott County,0.00012155,0.00012155,0.00012155,10
US,MN,Sherburne County,MNSherburne County,0.00012155,0.00012155,0.00012155,10
US,MN,Sibley County,MNSibley County,0.00012155,0.00012155,0.00012155,10
US,MN,St. Louis County,MNSt. Louis County,0.00012155,0.00012155,0.00012155,10
US,MN,Stearns County,MNStearns County,0.00012155,0.00012155,0.00012155,10
US,MN,Steele County,MNSteele County,0.00012155,0.00012155,0.00012155,10
US,MN,Stevens County,MNStevens County,0.00012155,0.00012155,0.00012155,10
US,MN,Swift County,MNSwift County,0.00012155,0.00012155,0.00012155,10
US,MN,Todd County,MNTodd County,0.00012155,0.00012155,0.00012155,10
US,MN,Traverse County,MNTraverse County,0.00012155,0.00012155,0.00012155,10
US,MN,Wabasha County,MNWabasha County,0.00012155,0.00012155,0.00012155,10
US,MN,Wadena County,MNWadena County,0.00012155,0.00012155,0.00012155,10
US,MN,Waseca County,MNWaseca County,0.00012155,0.00012155,0.00012155,10
US,MN,Washington County,MNWashington County,0.00012155,0.00012155,0.00012155,10
US,MN,Watonwan County,MNWatonwan County,0.00012155,0.00012155,0.00012155,10
US,MN,Wilkin County,MNWilkin County,0.00012155,0.00012155,0.00012155,10
US,MN,Winona County,MNWinona County,0.00012155,0.00012155,0.00012155,10
US,MN,Wright County,MNWright County,0.00012155,0.00012155,0.00012155,10
US,MN,Yellow Medicine County,MNYellow Medicine County,0.00012155,0.00012155,0.00012155,10
US,MO,Adair County,MOAdair County,0.000120993,0.000120993,0.000120993,10
US,MO,Andrew County,MOAndrew County,0.000120993,0.000120993,0.000120993,10
US,MO,Atchison County,MOAtchison County,0.000120993,0.000120993,0.000120993,10
US,MO,Audrain County,MOAudrain County,0.000120993,0.000120993,0.000120993,10
US,MO,Barry County,MOBarry County,0.000120993,0.000120993,0.000120993,10
US,MO,Barton County,MOBarton County,0.000120993,0.000120993,0.000120993,10
US,MO,Bates County,MOBates County,0.000120993,0.000120993,0.000120993,10
US,MO,Benton County,MOBenton County,0.000120993,0.000120993,0.000120993,10
US,MO,Bollinger County,MOBollinger County,0.000120993,0.000120993,0.000120993,2
US,MO,Boone County,MOBoone County,0.000120993,0.000120993,0.000120993,10
US,MO,Buchanan County,MOBuchanan County,0.000120993,0.000120993,0.000120993,10
US,MO,Butler County,MOButler County,0.000120993,0.000120993,0.000120993,2
US,MO,Caldwell County,MOCaldwell County,0.000120993,0.000120993,0.000120993,10
US,MO,Callaway County,MOCallaway County,0.000120993,0.000120993,0.000120993,10
US,MO,Camden County,MOCamden County,0.000120993,0.000120993,0.000120993,10
US,MO,Cape Girardeau County,MOCape Girardeau County,0.000120993,0.000120993,0.000120993,2
US,MO,Carroll County,MOCarroll County,0.000120993,0.000120993,0.000120993,10
US,MO,Carter County,MOCarter County,0.000120993,0.000120993,0.000120993,2
US,MO,Cass County,MOCass County,0.000120993,0.000120993,0.000120993,10
US,MO,Cedar County,MOCedar County,0.000120993,0.000120993,0.000120993,10
US,MO,Chariton County,MOChariton County,0.000120993,0.000120993,0.000120993,10
US,MO,Christian County,MOChristian County,0.000120993,0.000120993,0.000120993,10
US,MO,Clark County,MOClark County,0.000120993,0.000120993,0.000120993,10
US,MO,Clay County,MOClay County,0.000120993,0.000120993,0.000120993,10
US,MO,Clinton County,MOClinton County,0.000120993,0.000120993,0.000120993,10
US,MO,Cole County,MOCole County,0.000120993,0.000120993,0.000120993,10
US,MO,Cooper County,MOCooper County,0.000120993,0.000120993,0.000120993,10
US,MO,Crawford County,MOCrawford County,0.000120993,0.000120993,0.000120993,10
US,MO,Dade County,MODade County,0.000120993,0.000120993,0.000120993,10
US,MO,Dallas County,MODallas County,0.000120993,0.000120993,0.000120993,10
US,MO,Daviess County,MODaviess County,0.000120993,0.000120993,0.000120993,10
US,MO,Dekalb County,MODekalb County,0.000120993,0.000120993,0.000120993,10
US,MO,Dent County,MODent County,0.000120993,0.000120993,0.000120993,2
US,MO,Douglas County,MODouglas County,0.000120993,0.000120993,0.000120993,10
US,MO,Dunklin County,MODunklin County,0.000120993,0.000120993,0.000120993,2
US,MO,Franklin County,MOFranklin County,0.000120993,0.000120993,0.000120993,10
US,MO,Gasconade County,MOGasconade County,0.000120993,0.000120993,0.000120993,10
US,MO,Gentry County,MOGentry County,0.000120993,0.000120993,0.000120993,10
US,MO,Greene County,MOGreene County,0.000120993,0.000120993,0.000120993,10
US,MO,Grundy County,MOGrundy County,0.000120993,0.000120993,0.000120993,10
US,MO,Harrison County,MOHarrison County,0.000120993,0.000120993,0.000120993,10
US,MO,Henry County,MOHenry County,0.000120993,0.000120993,0.000120993,10
US,MO,Hickory County,MOHickory County,0.000120993,0.000120993,0.000120993,10
US,MO,Holt County,MOHolt County,0.000120993,0.000120993,0.000120993,10
US,MO,Howard County,MOHoward County,0.000120993,0.000120993,0.000120993,10
US,MO,Howell County,MOHowell County,0.000120993,0.000120993,0.000120993,10
US,MO,Iron County,MOIron County,0.000120993,0.000120993,0.000120993,2
US,MO,Jackson County,MOJackson County,0.000120993,0.000120993,0.000120993,10
US,MO,Jasper County,MOJasper County,0.000120993,0.000120993,0.000120993,10
US,MO,Jefferson County,MOJefferson County,0.000120993,0.000120993,0.000120993,10
US,MO,Johnson County,MOJohnson County,0.000120993,0.000120993,0.000120993,10
US,MO,Knox County,MOKnox County,0.000120993,0.000120993,0.000120993,10
US,MO,Laclede County,MOLaclede County,0.000120993,0.000120993,0.000120993,10
US,MO,Lafayette County,MOLafayette County,0.000120993,0.000120993,0.000120993,10
US,MO,Lawrence County,MOLawrence County,0.000120993,0.000120993,0.000120993,10
US,MO,Lewis County,MOLewis County,0.000120993,0.000120993,0.000120993,10
US,MO,Lincoln County,MOLincoln County,0.000120993,0.000120993,0.000120993,10
US,MO,Linn County,MOLinn County,0.000120993,0.000120993,0.000120993,10
US,MO,Livingston County,MOLivingston County,0.000120993,0.000120993,0.000120993,10
US,MO,Macon County,MOMacon County,0.000120993,0.000120993,0.000120993,10
US,MO,Madison County,MOMadison County,0.000120993,0.000120993,0.000120993,2
US,MO,Maries County,MOMaries County,0.000120993,0.000120993,0.000120993,10
US,MO,Marion County,MOMarion County,0.000120993,0.000120993,0.000120993,10
US,MO,Mcdonald County,MOMcdonald County,0.000120993,0.000120993,0.000120993,10
US,MO,Mercer County,MOMercer County,0.000120993,0.000120993,0.000120993,10
US,MO,Miller County,MOMiller County,0.000120993,0.000120993,0.000120993,10
US,MO,Mississippi County,MOMississippi County,0.000120993,0.000120993,0.000120993,2
US,MO,Moniteau County,MOMoniteau County,0.000120993,0.000120993,0.000120993,10
US,MO,Monroe County,MOMonroe County,0.000120993,0.000120993,0.000120993,10
US,MO,Montgomery County,MOMontgomery County,0.000120993,0.000120993,0.000120993,10
US,MO,Morgan County,MOMorgan County,0.000120993,0.000120993,0.000120993,10
US,MO,New Madrid County,MONew Madrid County,0.000120993,0.000120993,0.000120993,2
US,MO,Newton County,MONewton County,0.000120993,0.000120993,0.000120993,10
US,MO,Nodaway County,MONodaway County,0.000120993,0.000120993,0.000120993,10
US,MO,Oregon County,MOOregon County,0.000120993,0.000120993,0.000120993,2
US,MO,Osage County,MOOsage County,0.000120993,0.000120993,0.000120993,10
US,MO,Ozark County,MOOzark County,0.000120993,0.000120993,0.000120993,10
US,MO,Pemiscot County,MOPemiscot County,0.000120993,0.000120993,0.000120993,2
US,MO,Perry County,MOPerry County,0.000120993,0.000120993,0.000120993,10
US,MO,Pettis County,MOPettis County,0.000120993,0.000120993,0.000120993,10
US,MO,Phelps County,MOPhelps County,0.000120993,0.000120993,0.000120993,10
US,MO,Pike County,MOPike County,0.000120993,0.000120993,0.000120993,10
US,MO,Platte County,MOPlatte County,0.000120993,0.000120993,0.000120993,10
US,MO,Polk County,MOPolk County,0.000120993,0.000120993,0.000120993,10
US,MO,Pulaski County,MOPulaski County,0.000120993,0.000120993,0.000120993,10
US,MO,Putnam County,MOPutnam County,0.000120993,0.000120993,0.000120993,10
US,MO,Ralls County,MORalls County,0.000120993,0.000120993,0.000120993,10
US,MO,Randolph County,MORandolph County,0.000120993,0.000120993,0.000120993,10
US,MO,Ray County,MORay County,0.000120993,0.000120993,0.000120993,10
US,MO,Reynolds County,MOReynolds County,0.000120993,0.000120993,0.000120993,2
US,MO,Ripley County,MORipley County,0.000120993,0.000120993,0.000120993,2
US,MO,Saline County,MOSaline County,0.000120993,0.000120993,0.000120993,10
US,MO,Schuyler County,MOSchuyler County,0.000120993,0.000120993,0.000120993,10
US,MO,Scotland County,MOScotland County,0.000120993,0.000120993,0.000120993,10
US,MO,Scott County,MOScott County,0.000120993,0.000120993,0.000120993,2
US,MO,Shannon County,MOShannon County,0.000120993,0.000120993,0.000120993,2
US,MO,Shelby County,MOShelby County,0.000120993,0.000120993,0.000120993,10
US,MO,St. Charles County,MOSt. Charles County,0.000120993,0.000120993,0.000120993,10
US,MO,St. Clair County,MOSt. Clair County,0.000120993,0.000120993,0.000120993,10
US,MO,St. Francois County,MOSt. Francois County,0.000120993,0.000120993,0.000120993,10
US,MO,St. Louis City,MOSt. Louis City,0.000120993,0.000120993,0.000120993,10
US,MO,St. Louis County,MOSt. Louis County,0.000120993,0.000120993,0.000120993,10
US,MO,Ste. Genevieve County,MOSte. Genevieve County,0.000120993,0.000120993,0.000120993,10
US,MO,Stoddard County,MOStoddard County,0.000120993,0.000120993,0.000120993,2
US,MO,Stone County,MOStone County,0.000120993,0.000120993,0.000120993,10
US,MO,Sullivan County,MOSullivan County,0.000120993,0.000120993,0.000120993,10
US,MO,Taney County,MOTaney County,0.000120993,0.000120993,0.000120993,10
US,MO,Texas County,MOTexas County,0.000120993,0.000120993,0.000120993,10
US,MO,Vernon County,MOVernon County,0.000120993,0.000120993,0.000120993,10
US,MO,Warren County,MOWarren County,0.000120993,0.000120993,0.000120993,10
US,MO,Washington County,MOWashington County,0.000120993,0.000120993,0.000120993,10
US,MO,Wayne County,MOWayne County,0.000120993,0.000120993,0.000120993,2
US,MO,Webster County,MOWebster County,0.000120993,0.000120993,0.000120993,10
US,MO,Worth County,MOWorth County,0.000120993,0.000120993,0.000120993,10
US,MO,Wright County,MOWright County,0.000120993,0.000120993,0.000120993,10
US,MS,Adams County,MSAdams County,6.25E-05,6.25E-05,6.25E-05,2
US,MS,Alcorn County,MSAlcorn County,6.25E-05,6.25E-05,6.25E-05,10
US,MS,Amite County,MSAmite County,6.25E-05,6.25E-05,6.25E-05,2
US,MS,Attala County,MSAttala County,6.25E-05,6.25E-05,6.25E-05,10
US,MS,Benton County,MSBenton County,6.25E-05,6.25E-05,6.25E-05,10
US,MS,Bolivar County,MSBolivar County,6.25E-05,6.25E-05,6.25E-05,2
US,MS,Calhoun County,MSCalhoun County,6.25E-05,6.25E-05,6.25E-05,10
US,MS,Carroll County,MSCarroll County,6.25E-05,6.25E-05,6.25E-05,10
US,MS,Chickasaw County,MSChickasaw County,6.25E-05,6.25E-05,6.25E-05,10
US,MS,Choctaw County,MSChoctaw County,6.25E-05,6.25E-05,6.25E-05,10
US,MS,Claiborne County,MSClaiborne County,6.25E-05,6.25E-05,6.25E-05,2
US,MS,Clarke County,MSClarke County,6.25E-05,6.25E-05,6.25E-05,10
US,MS,Clay County,MSClay County,6.25E-05,6.25E-05,6.25E-05,10
US,MS,Coahoma County,MSCoahoma County,6.25E-05,6.25E-05,6.25E-05,2
US,MS,Copiah County,MSCopiah County,6.25E-05,6.25E-05,6.25E-05,2
US,MS,Covington County,MSCovington County,6.25E-05,6.25E-05,6.25E-05,10
US,MS,Desoto County,MSDesoto County,6.25E-05,6.25E-05,6.25E-05,2
US,MS,Forrest County,MSForrest County,6.25E-05,6.25E-05,6.25E-05,10
US,MS,Franklin County,MSFranklin County,6.25E-05,6.25E-05,6.25E-05,2
US,MS,George County,MSGeorge County,6.25E-05,6.25E-05,6.25E-05,10
US,MS,Greene County,MSGreene County,6.25E-05,6.25E-05,6.25E-05,10
US,MS,Grenada County,MSGrenada County,6.25E-05,6.25E-05,6.25E-05,10
US,MS,Hancock County,MSHancock County,6.25E-05,6.25E-05,6.25E-05,10
US,MS,Harrison County,MSHarrison County,6.25E-05,6.25E-05,6.25E-05,10
US,MS,Hinds County,MSHinds County,6.25E-05,6.25E-05,6.25E-05,2
US,MS,Holmes County,MSHolmes County,6.25E-05,6.25E-05,6.25E-05,2
US,MS,Humphreys County,MSHumphreys County,6.25E-05,6.25E-05,6.25E-05,2
US,MS,Issaquena County,MSIssaquena County,6.25E-05,6.25E-05,6.25E-05,2
US,MS,Itawamba County,MSItawamba County,6.25E-05,6.25E-05,6.25E-05,10
US,MS,Jackson County,MSJackson County,6.25E-05,6.25E-05,6.25E-05,10
US,MS,Jasper County,MSJasper County,6.25E-05,6.25E-05,6.25E-05,10
US,MS,Jefferson County,MSJefferson County,6.25E-05,6.25E-05,6.25E-05,2
US,MS,Jefferson Davis County,MSJefferson Davis County,6.25E-05,6.25E-05,6.25E-05,10
US,MS,Jones County,MSJones County,6.25E-05,6.25E-05,6.25E-05,10
US,MS,Kemper County,MSKemper County,6.25E-05,6.25E-05,6.25E-05,10
US,MS,Lafayette County,MSLafayette County,6.25E-05,6.25E-05,6.25E-05,10
US,MS,Lamar County,MSLamar County,6.25E-05,6.25E-05,6.25E-05,10
US,MS,Lauderdale County,MSLauderdale County,6.25E-05,6.25E-05,6.25E-05,10
US,MS,Lawrence County,MSLawrence County,6.25E-05,6.25E-05,6.25E-05,2
US,MS,Leake County,MSLeake County,6.25E-05,6.25E-05,6.25E-05,10
US,MS,Lee County,MSLee County,6.25E-05,6.25E-05,6.25E-05,10
US,MS,Leflore County,MSLeflore County,6.25E-05,6.25E-05,6.25E-05,2
US,MS,Lincoln County,MSLincoln County,6.25E-05,6.25E-05,6.25E-05,2
US,MS,Lowndes County,MSLowndes County,6.25E-05,6.25E-05,6.25E-05,10
US,MS,Madison County,MSMadison County,6.25E-05,6.25E-05,6.25E-05,2
US,MS,Marion County,MSMarion County,6.25E-05,6.25E-05,6.25E-05,2
US,MS,Marshall County,MSMarshall County,6.25E-05,6.25E-05,6.25E-05,10
US,MS,Monroe County,MSMonroe County,6.25E-05,6.25E-05,6.25E-05,10
US,MS,Montgomery County,MSMontgomery County,6.25E-05,6.25E-05,6.25E-05,10
US,MS,Neshoba County,MSNeshoba County,6.25E-05,6.25E-05,6.25E-05,10
US,MS,Newton County,MSNewton County,6.25E-05,6.25E-05,6.25E-05,10
US,MS,Noxubee County,MSNoxubee County,6.25E-05,6.25E-05,6.25E-05,10
US,MS,Oktibbeha County,MSOktibbeha County,6.25E-05,6.25E-05,6.25E-05,10
US,MS,Panola County,MSPanola County,6.25E-05,6.25E-05,6.25E-05,2
US,MS,Pearl River County,MSPearl River County,6.25E-05,6.25E-05,6.25E-05,10
US,MS,Perry County,MSPerry County,6.25E-05,6.25E-05,6.25E-05,10
US,MS,Pike County,MSPike County,6.25E-05,6.25E-05,6.25E-05,2
US,MS,Pontotoc County,MSPontotoc County,6.25E-05,6.25E-05,6.25E-05,10
US,MS,Prentiss County,MSPrentiss County,6.25E-05,6.25E-05,6.25E-05,10
US,MS,Quitman County,MSQuitman County,6.25E-05,6.25E-05,6.25E-05,2
US,MS,Rankin County,MSRankin County,6.25E-05,6.25E-05,6.25E-05,10
US,MS,Scott County,MSScott County,6.25E-05,6.25E-05,6.25E-05,10
US,MS,Sharkey County,MSSharkey County,6.25E-05,6.25E-05,6.25E-05,2
US,MS,Simpson County,MSSimpson County,6.25E-05,6.25E-05,6.25E-05,10
US,MS,Smith County,MSSmith County,6.25E-05,6.25E-05,6.25E-05,10
US,MS,Stone County,MSStone County,6.25E-05,6.25E-05,6.25E-05,10
US,MS,Sunflower County,MSSunflower County,6.25E-05,6.25E-05,6.25E-05,2
US,MS,Tallahatchie County,MSTallahatchie County,6.25E-05,6.25E-05,6.25E-05,2
US,MS,Tate County,MSTate County,6.25E-05,6.25E-05,6.25E-05,2
US,MS,Tippah County,MSTippah County,6.25E-05,6.25E-05,6.25E-05,10
US,MS,Tishomingo County,MSTishomingo County,6.25E-05,6.25E-05,6.25E-05,10
US,MS,Tunica County,MSTunica County,6.25E-05,6.25E-05,6.25E-05,2
US,MS,Union County,MSUnion County,6.25E-05,6.25E-05,6.25E-05,10
US,MS,Walthall County,MSWalthall County,6.25E-05,6.25E-05,6.25E-05,2
US,MS,Warren County,MSWarren County,6.25E-05,6.25E-05,6.25E-05,2
US,MS,Washington County,MSWashington County,6.25E-05,6.25E-05,6.25E-05,2
US,MS,Wayne County,MSWayne County,6.25E-05,6.25E-05,6.25E-05,10
US,MS,Webster County,MSWebster County,6.25E-05,6.25E-05,6.25E-05,10
US,MS,Wilkinson County,MSWilkinson County,6.25E-05,6.25E-05,6.25E-05,2
US,MS,Winston County,MSWinston County,6.25E-05,6.25E-05,6.25E-05,10
US,MS,Yalobusha County,MSYalobusha County,6.25E-05,6.25E-05,6.25E-05,10
US,MS,Yazoo County,MSYazoo County,6.25E-05,6.25E-05,6.25E-05,2
US,MT,Beaverhead County,MTBeaverhead County,0.000128301,0.000128301,0.000128301,10
US,MT,Big Horn County,MTBig Horn County,0.000128301,0.000128301,0.000128301,10
US,MT,Blaine County,MTBlaine County,0.000128301,0.000128301,0.000128301,10
US,MT,Broadwater County,MTBroadwater County,0.000128301,0.000128301,0.000128301,10
US,MT,Carbon County,MTCarbon County,0.000128301,0.000128301,0.000128301,10
US,MT,Carter County,MTCarter County,0.000128301,0.000128301,0.000128301,10
US,MT,Cascade County,MTCascade County,0.000128301,0.000128301,0.000128301,10
US,MT,Chouteau County,MTChouteau County,0.000128301,0.000128301,0.000128301,10
US,MT,Custer County,MTCuster County,0.000128301,0.000128301,0.000128301,10
US,MT,Daniels County,MTDaniels County,0.000128301,0.000128301,0.000128301,10
US,MT,Dawson County,MTDawson County,0.000128301,0.000128301,0.000128301,10
US,MT,Deer Lodge County,MTDeer Lodge County,0.000128301,0.000128301,0.000128301,10
US,MT,Fallon County,MTFallon County,0.000128301,0.000128301,0.000128301,10
US,MT,Fergus County,MTFergus County,0.000128301,0.000128301,0.000128301,10
US,MT,Flathead County,MTFlathead County,0.000128301,0.000128301,0.000128301,10
US,MT,Gallatin County,MTGallatin County,0.000128301,0.000128301,0.000128301,10
US,MT,Garfield County,MTGarfield County,0.000128301,0.000128301,0.000128301,10
US,MT,Glacier County,MTGlacier County,0.000128301,0.000128301,0.000128301,10
US,MT,Golden Valley County,MTGolden Valley County,0.000128301,0.000128301,0.000128301,10
US,MT,Granite County,MTGranite County,0.000128301,0.000128301,0.000128301,10
US,MT,Hill County,MTHill County,0.000128301,0.000128301,0.000128301,10
US,MT,Jefferson County,MTJefferson County,0.000128301,0.000128301,0.000128301,10
US,MT,Judith Basin County,MTJudith Basin County,0.000128301,0.000128301,0.000128301,10
US,MT,Lake County,MTLake County,0.000128301,0.000128301,0.000128301,10
US,MT,Lewis And Clark County,MTLewis And Clark County,0.000128301,0.000128301,0.000128301,10
US,MT,Liberty County,MTLiberty County,0.000128301,0.000128301,0.000128301,10
US,MT,Lincoln County,MTLincoln County,0.000128301,0.000128301,0.000128301,10
US,MT,Madison County,MTMadison County,0.000128301,0.000128301,0.000128301,10
US,MT,Mccone County,MTMccone County,0.000128301,0.000128301,0.000128301,10
US,MT,Meagher County,MTMeagher County,0.000128301,0.000128301,0.000128301,10
US,MT,Mineral County,MTMineral County,0.000128301,0.000128301,0.000128301,10
US,MT,Missoula County,MTMissoula County,0.000128301,0.000128301,0.000128301,10
US,MT,Musselshell County,MTMusselshell County,0.000128301,0.000128301,0.000128301,10
US,MT,Park County,MTPark County,0.000128301,0.000128301,0.000128301,10
US,MT,Petroleum County,MTPetroleum County,0.000128301,0.000128301,0.000128301,10
US,MT,Phillips County,MTPhillips County,0.000128301,0.000128301,0.000128301,10
US,MT,Pondera County,MTPondera County,0.000128301,0.000128301,0.000128301,10
US,MT,Powder River County,MTPowder River County,0.000128301,0.000128301,0.000128301,10
US,MT,Powell County,MTPowell County,0.000128301,0.000128301,0.000128301,10
US,MT,Prairie County,MTPrairie County,0.000128301,0.000128301,0.000128301,10
US,MT,Ravalli County,MTRavalli County,0.000128301,0.000128301,0.000128301,10
US,MT,Richland County,MTRichland County,0.000128301,0.000128301,0.000128301,10
US,MT,Roosevelt County,MTRoosevelt County,0.000128301,0.000128301,0.000128301,10
US,MT,Rosebud County,MTRosebud County,0.000128301,0.000128301,0.000128301,10
US,MT,Sanders County,MTSanders County,0.000128301,0.000128301,0.000128301,10
US,MT,Sheridan County,MTSheridan County,0.000128301,0.000128301,0.000128301,10
US,MT,Silver Bow County,MTSilver Bow County,0.000128301,0.000128301,0.000128301,10
US,MT,Stillwater County,MTStillwater County,0.000128301,0.000128301,0.000128301,10
US,MT,Sweet Grass County,MTSweet Grass County,0.000128301,0.000128301,0.000128301,10
US,MT,Teton County,MTTeton County,0.000128301,0.000128301,0.000128301,10
US,MT,Toole County,MTToole County,0.000128301,0.000128301,0.000128301,10
US,MT,Treasure County,MTTreasure County,0.000128301,0.000128301,0.000128301,10
US,MT,Valley County,MTValley County,0.000128301,0.000128301,0.000128301,10
US,MT,Wheatland County,MTWheatland County,0.000128301,0.000128301,0.000128301,10
US,MT,Wibaux County,MTWibaux County,0.000128301,0.000128301,0.000128301,10
US,MT,Yellowstone County,MTYellowstone County,0.000128301,0.000128301,0.000128301,10
US,NC,Alamance County,NCAlamance County,0.000124889,0.000124889,0.000124889,10
US,NC,Alexander County,NCAlexander County,0.000124889,0.000124889,0.000124889,10
US,NC,Alleghany County,NCAlleghany County,0.000124889,0.000124889,0.000124889,10
US,NC,Anson County,NCAnson County,0.000124889,0.000124889,0.000124889,10
US,NC,Ashe County,NCAshe County,0.000124889,0.000124889,0.000124889,10
US,NC,Avery County,NCAvery County,0.000124889,0.000124889,0.000124889,10
US,NC,Beaufort County,NCBeaufort County,0.000124889,0.000124889,0.000124889,10
US,NC,Bertie County,NCBertie County,0.000124889,0.000124889,0.000124889,10
US,NC,Bladen County,NCBladen County,0.000124889,0.000124889,0.000124889,10
US,NC,Brunswick County,NCBrunswick County,0.000124889,0.000124889,0.000124889,10
US,NC,Buncombe County,NCBuncombe County,0.000124889,0.000124889,0.000124889,10
US,NC,Burke County,NCBurke County,0.000124889,0.000124889,0.000124889,10
US,NC,Cabarrus County,NCCabarrus County,0.000124889,0.000124889,0.000124889,10
US,NC,Caldwell County,NCCaldwell County,0.000124889,0.000124889,0.000124889,10
US,NC,Camden County,NCCamden County,0.000124889,0.000124889,0.000124889,10
US,NC,Carteret County,NCCarteret County,0.000124889,0.000124889,0.000124889,10
US,NC,Caswell County,NCCaswell County,0.000124889,0.000124889,0.000124889,10
US,NC,Catawba County,NCCatawba County,0.000124889,0.000124889,0.000124889,10
US,NC,Chatham County,NCChatham County,0.000124889,0.000124889,0.000124889,10
US,NC,Cherokee County,NCCherokee County,0.000124889,0.000124889,0.000124889,10
US,NC,Chowan County,NCChowan County,0.000124889,0.000124889,0.000124889,10
US,NC,Clay County,NCClay County,0.000124889,0.000124889,0.000124889,10
US,NC,Cleveland County,NCCleveland County,0.000124889,0.000124889,0.000124889,10
US,NC,Columbus County,NCColumbus County,0.000124889,0.000124889,0.000124889,10
US,NC,Craven County,NCCraven County,0.000124889,0.000124889,0.000124889,10
US,NC,Cumberland County,NCCumberland County,0.000124889,0.000124889,0.000124889,10
US,NC,Currituck County,NCCurrituck County,0.000124889,0.000124889,0.000124889,10
US,NC,Dare County,NCDare County,0.000124889,0.000124889,0.000124889,10
US,NC,Davidson County,NCDavidson County,0.000124889,0.000124889,0.000124889,10
US,NC,Davie County,NCDavie County,0.000124889,0.000124889,0.000124889,10
US,NC,Duplin County,NCDuplin County,0.000124889,0.000124889,0.000124889,10
US,NC,Durham County,NCDurham County,0.000124889,0.000124889,0.000124889,10
US,NC,Edgecombe County,NCEdgecombe County,0.000124889,0.000124889,0.000124889,10
US,NC,Forsyth County,NCForsyth County,0.000124889,0.000124889,0.000124889,10
US,NC,Franklin County,NCFranklin County,0.000124889,0.000124889,0.000124889,10
US,NC,Gaston County,NCGaston County,0.000124889,0.000124889,0.000124889,10
US,NC,Gates County,NCGates County,0.000124889,0.000124889,0.000124889,10
US,NC,Graham County,NCGraham County,0.000124889,0.000124889,0.000124889,10
US,NC,Granville County,NCGranville County,0.000124889,0.000124889,0.000124889,10
US,NC,Greene County,NCGreene County,0.000124889,0.000124889,0.000124889,10
US,NC,Guilford County,NCGuilford County,0.000124889,0.000124889,0.000124889,10
US,NC,Halifax County,NCHalifax County,0.000124889,0.000124889,0.000124889,10
US,NC,Harnett County,NCHarnett County,0.000124889,0.000124889,0.000124889,10
US,NC,Haywood County,NCHaywood County,0.000124889,0.000124889,0.000124889,10
US,NC,Henderson County,NCHenderson County,0.000124889,0.000124889,0.000124889,10
US,NC,Hertford County,NCHertford County,0.000124889,0.000124889,0.000124889,10
US,NC,Hoke County,NCHoke County,0.000124889,0.000124889,0.000124889,10
US,NC,Hyde County,NCHyde County,0.000124889,0.000124889,0.000124889,10
US,NC,Iredell County,NCIredell County,0.000124889,0.000124889,0.000124889,10
US,NC,Jackson County,NCJackson County,0.000124889,0.000124889,0.000124889,10
US,NC,Johnston County,NCJohnston County,0.000124889,0.000124889,0.000124889,10
US,NC,Jones County,NCJones County,0.000124889,0.000124889,0.000124889,10
US,NC,Lee County,NCLee County,0.000124889,0.000124889,0.000124889,10
US,NC,Lenoir County,NCLenoir County,0.000124889,0.000124889,0.000124889,10
US,NC,Lincoln County,NCLincoln County,0.000124889,0.000124889,0.000124889,10
US,NC,Macon County,NCMacon County,0.000124889,0.000124889,0.000124889,10
US,NC,Madison County,NCMadison County,0.000124889,0.000124889,0.000124889,10
US,NC,Martin County,NCMartin County,0.000124889,0.000124889,0.000124889,10
US,NC,Mcdowell County,NCMcdowell County,0.000124889,0.000124889,0.000124889,10
US,NC,Mecklenburg County,NCMecklenburg County,0.000124889,0.000124889,0.000124889,10
US,NC,Mitchell County,NCMitchell County,0.000124889,0.000124889,0.000124889,10
US,NC,Montgomery County,NCMontgomery County,0.000124889,0.000124889,0.000124889,10
US,NC,Moore County,NCMoore County,0.000124889,0.000124889,0.000124889,10
US,NC,Nash County,NCNash County,0.000124889,0.000124889,0.000124889,10
US,NC,New Hanover County,NCNew Hanover County,0.000124889,0.000124889,0.000124889,10
US,NC,Northampton County,NCNorthampton County,0.000124889,0.000124889,0.000124889,10
US,NC,Onslow County,NCOnslow County,0.000124889,0.000124889,0.000124889,10
US,NC,Orange County,NCOrange County,0.000124889,0.000124889,0.000124889,10
US,NC,Pamlico County,NCPamlico County,0.000124889,0.000124889,0.000124889,10
US,NC,Pasquotank County,NCPasquotank County,0.000124889,0.000124889,0.000124889,10
US,NC,Pender County,NCPender County,0.000124889,0.000124889,0.000124889,10
US,NC,Perquimans County,NCPerquimans County,0.000124889,0.000124889,0.000124889,10
US,NC,Person County,NCPerson County,0.000124889,0.000124889,0.000124889,10
US,NC,Pitt County,NCPitt County,0.000124889,0.000124889,0.000124889,10
US,NC,Polk County,NCPolk County,0.000124889,0.000124889,0.000124889,10
US,NC,Randolph County,NCRandolph County,0.000124889,0.000124889,0.000124889,10
US,NC,Richmond County,NCRichmond County,0.000124889,0.000124889,0.000124889,10
US,NC,Robeson County,NCRobeson County,0.000124889,0.000124889,0.000124889,10
US,NC,Rockingham County,NCRockingham County,0.000124889,0.000124889,0.000124889,10
US,NC,Rowan County,NCRowan County,0.000124889,0.000124889,0.000124889,10
US,NC,Rutherford County,NCRutherford County,0.000124889,0.000124889,0.000124889,10
US,NC,Sampson County,NCSampson County,0.000124889,0.000124889,0.000124889,10
US,NC,Scotland County,NCScotland County,0.000124889,0.000124889,0.000124889,10
US,NC,Stanly County,NCStanly County,0.000124889,0.000124889,0.000124889,10
US,NC,Stokes County,NCStokes County,0.000124889,0.000124889,0.000124889,10
US,NC,Surry County,NCSurry County,0.000124889,0.000124889,0.000124889,10
US,NC,Swain County,NCSwain County,0.000124889,0.000124889,0.000124889,10
US,NC,Transylvania County,NCTransylvania County,0.000124889,0.000124889,0.000124889,10
US,NC,Tyrrell County,NCTyrrell County,0.000124889,0.000124889,0.000124889,10
US,NC,Union County,NCUnion County,0.000124889,0.000124889,0.000124889,10
US,NC,Vance County,NCVance County,0.000124889,0.000124889,0.000124889,10
US,NC,Wake County,NCWake County,0.000124889,0.000124889,0.000124889,10
US,NC,Warren County,NCWarren County,0.000124889,0.000124889,0.000124889,10
US,NC,Washington County,NCWashington County,0.000124889,0.000124889,0.000124889,10
US,NC,Watauga County,NCWatauga County,0.000124889,0.000124889,0.000124889,10
US,NC,Wayne County,NCWayne County,0.000124889,0.000124889,0.000124889,10
US,NC,Wilkes County,NCWilkes County,0.000124889,0.000124889,0.000124889,10
US,NC,Wilson County,NCWilson County,0.000124889,0.000124889,0.000124889,10
US,NC,Yadkin County,NCYadkin County,0.000124889,0.000124889,0.000124889,10
US,NC,Yancey County,NCYancey County,0.000124889,0.000124889,0.000124889,10
US,ND,Adams County,NDAdams County,0.000125458,0.000125458,0.000125458,10
US,ND,Barnes County,NDBarnes County,0.000125458,0.000125458,0.000125458,10
US,ND,Benson County,NDBenson County,0.000125458,0.000125458,0.000125458,10
US,ND,Billings County,NDBillings County,0.000125458,0.000125458,0.000125458,10
US,ND,Bottineau County,NDBottineau County,0.000125458,0.000125458,0.000125458,10
US,ND,Bowman County,NDBowman County,0.000125458,0.000125458,0.000125458,10
US,ND,Burke County,NDBurke County,0.000125458,0.000125458,0.000125458,10
US,ND,Burleigh County,NDBurleigh County,0.000125458,0.000125458,0.000125458,10
US,ND,Cass County,NDCass County,0.000125458,0.000125458,0.000125458,10
US,ND,Cavalier County,NDCavalier County,0.000125458,0.000125458,0.000125458,10
US,ND,Dickey County,NDDickey County,0.000125458,0.000125458,0.000125458,10
US,ND,Divide County,NDDivide County,0.000125458,0.000125458,0.000125458,10
US,ND,Dunn County,NDDunn County,0.000125458,0.000125458,0.000125458,10
US,ND,Eddy County,NDEddy County,0.000125458,0.000125458,0.000125458,10
US,ND,Emmons County,NDEmmons County,0.000125458,0.000125458,0.000125458,10
US,ND,Foster County,NDFoster County,0.000125458,0.000125458,0.000125458,10
US,ND,Golden Valley County,NDGolden Valley County,0.000125458,0.000125458,0.000125458,10
US,ND,Grand Forks County,NDGrand Forks County,0.000125458,0.000125458,0.000125458,10
US,ND,Grant County,NDGrant County,0.000125458,0.000125458,0.000125458,10
US,ND,Griggs County,NDGriggs County,0.000125458,0.000125458,0.000125458,10
US,ND,Hettinger County,NDHettinger County,0.000125458,0.000125458,0.000125458,10
US,ND,Kidder County,NDKidder County,0.000125458,0.000125458,0.000125458,10
US,ND,Lamoure County,NDLamoure County,0.000125458,0.000125458,0.000125458,10
US,ND,Logan County,NDLogan County,0.000125458,0.000125458,0.000125458,10
US,ND,Mchenry County,NDMchenry County,0.000125458,0.000125458,0.000125458,10
US,ND,Mcintosh County,NDMcintosh County,0.000125458,0.000125458,0.000125458,10
US,ND,Mckenzie County,NDMckenzie County,0.000125458,0.000125458,0.000125458,10
US,ND,Mclean County,NDMclean County,0.000125458,0.000125458,0.000125458,10
US,ND,Mercer County,NDMercer County,0.000125458,0.000125458,0.000125458,10
US,ND,Morton County,NDMorton County,0.000125458,0.000125458,0.000125458,10
US,ND,Mountrail County,NDMountrail County,0.000125458,0.000125458,0.000125458,10
US,ND,Nelson County,NDNelson County,0.000125458,0.000125458,0.000125458,10
US,ND,Oliver County,NDOliver County,0.000125458,0.000125458,0.000125458,10
US,ND,Pembina County,NDPembina County,0.000125458,0.000125458,0.000125458,10
US,ND,Pierce County,NDPierce County,0.000125458,0.000125458,0.000125458,10
US,ND,Ramsey County,NDRamsey County,0.000125458,0.000125458,0.000125458,10
US,ND,Ransom County,NDRansom County,0.000125458,0.000125458,0.000125458,10
US,ND,Renville County,NDRenville County,0.000125458,0.000125458,0.000125458,10
US,ND,Richland County,NDRichland County,0.000125458,0.000125458,0.000125458,10
US,ND,Rolette County,NDRolette County,0.000125458,0.000125458,0.000125458,10
US,ND,Sargent County,NDSargent County,0.000125458,0.000125458,0.000125458,10
US,ND,Sheridan County,NDSheridan County,0.000125458,0.000125458,0.000125458,10
US,ND,Sioux County,NDSioux County,0.000125458,0.000125458,0.000125458,10
US,ND,Slope County,NDSlope County,0.000125458,0.000125458,0.000125458,10
US,ND,Stark County,NDStark County,0.000125458,0.000125458,0.000125458,10
US,ND,Steele County,NDSteele County,0.000125458,0.000125458,0.000125458,10
US,ND,Stutsman County,NDStutsman County,0.000125458,0.000125458,0.000125458,10
US,ND,Towner County,NDTowner County,0.000125458,0.000125458,0.000125458,10
US,ND,Traill County,NDTraill County,0.000125458,0.000125458,0.000125458,10
US,ND,Walsh County,NDWalsh County,0.000125458,0.000125458,0.000125458,10
US,ND,Ward County,NDWard County,0.000125458,0.000125458,0.000125458,10
US,ND,Wells County,NDWells County,0.000125458,0.000125458,0.000125458,10
US,ND,Williams County,NDWilliams County,0.000125458,0.000125458,0.000125458,10
US,NE,Adams County,NEAdams County,0.000120993,0.000120993,0.000120993,10
US,NE,Antelope County,NEAntelope County,0.000120993,0.000120993,0.000120993,10
US,NE,Arthur County,NEArthur County,0.000120993,0.000120993,0.000120993,10
US,NE,Banner County,NEBanner County,0.000120993,0.000120993,0.000120993,10
US,NE,Blaine County,NEBlaine County,0.000120993,0.000120993,0.000120993,10
US,NE,Boone County,NEBoone County,0.000120993,0.000120993,0.000120993,10
US,NE,Box Butte County,NEBox Butte County,0.000120993,0.000120993,0.000120993,10
US,NE,Boyd County,NEBoyd County,0.000120993,0.000120993,0.000120993,10
US,NE,Brown County,NEBrown County,0.000120993,0.000120993,0.000120993,10
US,NE,Buffalo County,NEBuffalo County,0.000120993,0.000120993,0.000120993,10
US,NE,Burt County,NEBurt County,0.000120993,0.000120993,0.000120993,10
US,NE,Butler County,NEButler County,0.000120993,0.000120993,0.000120993,10
US,NE,Cass County,NECass County,0.000120993,0.000120993,0.000120993,10
US,NE,Cedar County,NECedar County,0.000120993,0.000120993,0.000120993,10
US,NE,Chase County,NEChase County,0.000120993,0.000120993,0.000120993,10
US,NE,Cherry County,NECherry County,0.000120993,0.000120993,0.000120993,10
US,NE,Cheyenne County,NECheyenne County,0.000120993,0.000120993,0.000120993,10
US,NE,Clay County,NEClay County,0.000120993,0.000120993,0.000120993,10
US,NE,Colfax County,NEColfax County,0.000120993,0.000120993,0.000120993,10
US,NE,Cuming County,NECuming County,0.000120993,0.000120993,0.000120993,10
US,NE,Custer County,NECuster County,0.000120993,0.000120993,0.000120993,10
US,NE,Dakota County,NEDakota County,0.000120993,0.000120993,0.000120993,10
US,NE,Dawes County,NEDawes County,0.000120993,0.000120993,0.000120993,10
US,NE,Dawson County,NEDawson County,0.000120993,0.000120993,0.000120993,10
US,NE,Deuel County,NEDeuel County,0.000120993,0.000120993,0.000120993,10
US,NE,Dixon County,NEDixon County,0.000120993,0.000120993,0.000120993,10
US,NE,Dodge County,NEDodge County,0.000120993,0.000120993,0.000120993,10
US,NE,Douglas County,NEDouglas County,0.000120993,0.000120993,0.000120993,10
US,NE,Dundy County,NEDundy County,0.000120993,0.000120993,0.000120993,10
US,NE,Fillmore County,NEFillmore County,0.000120993,0.000120993,0.000120993,10
US,NE,Franklin County,NEFranklin County,0.000120993,0.000120993,0.000120993,10
US,NE,Frontier County,NEFrontier County,0.000120993,0.000120993,0.000120993,10
US,NE,Furnas County,NEFurnas County,0.000120993,0.000120993,0.000120993,10
US,NE,Gage County,NEGage County,0.000120993,0.000120993,0.000120993,10
US,NE,Garden County,NEGarden County,0.000120993,0.000120993,0.000120993,10
US,NE,Garfield County,NEGarfield County,0.000120993,0.000120993,0.000120993,10
US,NE,Gosper County,NEGosper County,0.000120993,0.000120993,0.000120993,10
US,NE,Grant County,NEGrant County,0.000120993,0.000120993,0.000120993,10
US,NE,Greeley County,NEGreeley County,0.000120993,0.000120993,0.000120993,10
US,NE,Hall County,NEHall County,0.000120993,0.000120993,0.000120993,10
US,NE,Hamilton County,NEHamilton County,0.000120993,0.000120993,0.000120993,10
US,NE,Harlan County,NEHarlan County,0.000120993,0.000120993,0.000120993,10
US,NE,Hayes County,NEHayes County,0.000120993,0.000120993,0.000120993,10
US,NE,Hitchcock County,NEHitchcock County,0.000120993,0.000120993,0.000120993,10
US,NE,Holt County,NEHolt County,0.000120993,0.000120993,0.000120993,10
US,NE,Hooker County,NEHooker County,0.000120993,0.000120993,0.000120993,10
US,NE,Howard County,NEHoward County,0.000120993,0.000120993,0.000120993,10
US,NE,Jefferson County,NEJefferson County,0.000120993,0.000120993,0.000120993,10
US,NE,Johnson County,NEJohnson County,0.000120993,0.000120993,0.000120993,10
US,NE,Kearney County,NEKearney County,0.000120993,0.000120993,0.000120993,10
US,NE,Keith County,NEKeith County,0.000120993,0.000120993,0.000120993,10
US,NE,Keya Paha County,NEKeya Paha County,0.000120993,0.000120993,0.000120993,10
US,NE,Kimball County,NEKimball County,0.000120993,0.000120993,0.000120993,10
US,NE,Knox County,NEKnox County,0.000120993,0.000120993,0.000120993,10
US,NE,Lancaster County,NELancaster County,0.000120993,0.000120993,0.000120993,10
US,NE,Lincoln County,NELincoln County,0.000120993,0.000120993,0.000120993,10
US,NE,Logan County,NELogan County,0.000120993,0.000120993,0.000120993,10
US,NE,Loup County,NELoup County,0.000120993,0.000120993,0.000120993,10
US,NE,Madison County,NEMadison County,0.000120993,0.000120993,0.000120993,10
US,NE,Mcpherson County,NEMcpherson County,0.000120993,0.000120993,0.000120993,10
US,NE,Merrick County,NEMerrick County,0.000120993,0.000120993,0.000120993,10
US,NE,Morrill County,NEMorrill County,0.000120993,0.000120993,0.000120993,10
US,NE,Nance County,NENance County,0.000120993,0.000120993,0.000120993,10
US,NE,Nemaha County,NENemaha County,0.000120993,0.000120993,0.000120993,10
US,NE,Nuckolls County,NENuckolls County,0.000120993,0.000120993,0.000120993,10
US,NE,Otoe County,NEOtoe County,0.000120993,0.000120993,0.000120993,10
US,NE,Pawnee County,NEPawnee County,0.000120993,0.000120993,0.000120993,10
US,NE,Perkins County,NEPerkins County,0.000120993,0.000120993,0.000120993,10
US,NE,Phelps County,NEPhelps County,0.000120993,0.000120993,0.000120993,10
US,NE,Pierce County,NEPierce County,0.000120993,0.000120993,0.000120993,10
US,NE,Platte County,NEPlatte County,0.000120993,0.000120993,0.000120993,10
US,NE,Polk County,NEPolk County,0.000120993,0.000120993,0.000120993,10
US,NE,Red Willow County,NERed Willow County,0.000120993,0.000120993,0.000120993,10
US,NE,Richardson County,NERichardson County,0.000120993,0.000120993,0.000120993,10
US,NE,Rock County,NERock County,0.000120993,0.000120993,0.000120993,10
US,NE,Saline County,NESaline County,0.000120993,0.000120993,0.000120993,10
US,NE,Sarpy County,NESarpy County,0.000120993,0.000120993,0.000120993,10
US,NE,Saunders County,NESaunders County,0.000120993,0.000120993,0.000120993,10
US,NE,Scotts Bluff County,NEScotts Bluff County,0.000120993,0.000120993,0.000120993,10
US,NE,Seward County,NESeward County,0.000120993,0.000120993,0.000120993,10
US,NE,Sheridan County,NESheridan County,0.000120993,0.000120993,0.000120993,10
US,NE,Sherman County,NESherman County,0.000120993,0.000120993,0.000120993,10
US,NE,Sioux County,NESioux County,0.000120993,0.000120993,0.000120993,10
US,NE,Stanton County,NEStanton County,0.000120993,0.000120993,0.000120993,10
US,NE,Thayer County,NEThayer County,0.000120993,0.000120993,0.000120993,10
US,NE,Thomas County,NEThomas County,0.000120993,0.000120993,0.000120993,10
US,NE,Thurston County,NEThurston County,0.000120993,0.000120993,0.000120993,10
US,NE,Valley County,NEValley County,0.000120993,0.000120993,0.000120993,10
US,NE,Washington County,NEWashington County,0.000120993,0.000120993,0.000120993,10
US,NE,Wayne County,NEWayne County,0.000120993,0.000120993,0.000120993,10
US,NE,Webster County,NEWebster County,0.000120993,0.000120993,0.000120993,10
US,NE,Wheeler County,NEWheeler County,0.000120993,0.000120993,0.000120993,10
US,NE,York County,NEYork County,0.000120993,0.000120993,0.000120993,10
US,NH,Belknap County,NHBelknap County,0.000120993,0.000120993,0.000120993,10
US,NH,Carroll County,NHCarroll County,0.000120993,0.000120993,0.000120993,10
US,NH,Cheshire County,NHCheshire County,0.000120993,0.000120993,0.000120993,10
US,NH,Coos County,NHCoos County,0.000120993,0.000120993,0.000120993,10
US,NH,Grafton County,NHGrafton County,0.000120993,0.000120993,0.000120993,10
US,NH,Hillsborough County,NHHillsborough County,0.000120993,0.000120993,0.000120993,10
US,NH,Merrimack County,NHMerrimack County,0.000120993,0.000120993,0.000120993,10
US,NH,Rockingham County,NHRockingham County,0.000120993,0.000120993,0.000120993,10
US,NH,Strafford County,NHStrafford County,0.000120993,0.000120993,0.000120993,10
US,NH,Sullivan County,NHSullivan County,0.000120993,0.000120993,0.000120993,10
US,NJ,Atlantic County,NJAtlantic County,0.000122627,0.000122627,0.000122627,10
US,NJ,Bergen County,NJBergen County,0.000122627,0.000122627,0.000122627,10
US,NJ,Burlington County,NJBurlington County,0.000122627,0.000122627,0.000122627,10
US,NJ,Camden County,NJCamden County,0.000122627,0.000122627,0.000122627,10
US,NJ,Cape May County,NJCape May County,0.000122627,0.000122627,0.000122627,10
US,NJ,Cumberland County,NJCumberland County,0.000122627,0.000122627,0.000122627,10
US,NJ,Essex County,NJEssex County,0.000122627,0.000122627,0.000122627,10
US,NJ,Gloucester County,NJGloucester County,0.000122627,0.000122627,0.000122627,10
US,NJ,Hudson County,NJHudson County,0.000122627,0.000122627,0.000122627,10
US,NJ,Hunterdon County,NJHunterdon County,0.000122627,0.000122627,0.000122627,10
US,NJ,Mercer County,NJMercer County,0.000122627,0.000122627,0.000122627,10
US,NJ,Middlesex County,NJMiddlesex County,0.000122627,0.000122627,0.000122627,10
US,NJ,Monmouth County,NJMonmouth County,0.000122627,0.000122627,0.000122627,10
US,NJ,Morris County,NJMorris County,0.000122627,0.000122627,0.000122627,10
US,NJ,Ocean County,NJOcean County,0.000122627,0.000122627,0.000122627,10
US,NJ,Passaic County,NJPassaic County,0.000122627,0.000122627,0.000122627,10
US,NJ,Salem County,NJSalem County,0.000122627,0.000122627,0.000122627,10
US,NJ,Somerset County,NJSomerset County,0.000122627,0.000122627,0.000122627,10
US,NJ,Sussex County,NJSussex County,0.000122627,0.000122627,0.000122627,10
US,NJ,Union County,NJUnion County,0.000122627,0.000122627,0.000122627,10
US,NJ,Warren County,NJWarren County,0.000122627,0.000122627,0.000122627,10
US,NM,Bernalillo County,NMBernalillo County,0.000131604,0.000131604,0.000131604,10
US,NM,Catron County,NMCatron County,0.000131604,0.000131604,0.000131604,10
US,NM,Chaves County,NMChaves County,0.000131604,0.000131604,0.000131604,10
US,NM,Cibola County,NMCibola County,0.000131604,0.000131604,0.000131604,10
US,NM,Colfax County,NMColfax County,0.000131604,0.000131604,0.000131604,10
US,NM,Curry County,NMCurry County,0.000131604,0.000131604,0.000131604,10
US,NM,Debaca County,NMDebaca County,0.000131604,0.000131604,0.000131604,10
US,NM,Dona Ana County,NMDona Ana County,0.000131604,0.000131604,0.000131604,10
US,NM,Eddy County,NMEddy County,0.000131604,0.000131604,0.000131604,10
US,NM,Grant County,NMGrant County,0.000131604,0.000131604,0.000131604,10
US,NM,Guadalupe County,NMGuadalupe County,0.000131604,0.000131604,0.000131604,10
US,NM,Harding County,NMHarding County,0.000131604,0.000131604,0.000131604,10
US,NM,Hidalgo County,NMHidalgo County,0.000131604,0.000131604,0.000131604,10
US,NM,Lea County,NMLea County,0.000131604,0.000131604,0.000131604,10
US,NM,Lincoln County,NMLincoln County,0.000131604,0.000131604,0.000131604,10
US,NM,Los Alamos County,NMLos Alamos County,0.000131604,0.000131604,0.000131604,10
US,NM,Luna County,NMLuna County,0.000131604,0.000131604,0.000131604,10
US,NM,Mckinley County,NMMckinley County,0.000131604,0.000131604,0.000131604,10
US,NM,Mora County,NMMora County,0.000131604,0.000131604,0.000131604,10
US,NM,Otero County,NMOtero County,0.000131604,0.000131604,0.000131604,10
US,NM,Quay County,NMQuay County,0.000131604,0.000131604,0.000131604,10
US,NM,Rio Arriba County,NMRio Arriba County,0.000131604,0.000131604,0.000131604,10
US,NM,Roosevelt County,NMRoosevelt County,0.000131604,0.000131604,0.000131604,10
US,NM,San Juan County,NMSan Juan County,0.000131604,0.000131604,0.000131604,10
US,NM,San Miguel County,NMSan Miguel County,0.000131604,0.000131604,0.000131604,10
US,NM,Sandoval County,NMSandoval County,0.000131604,0.000131604,0.000131604,10
US,NM,Santa Fe County,NMSanta Fe County,0.000131604,0.000131604,0.000131604,10
US,NM,Sierra County,NMSierra County,0.000131604,0.000131604,0.000131604,10
US,NM,Socorro County,NMSocorro County,0.000131604,0.000131604,0.000131604,10
US,NM,Taos County,NMTaos County,0.000131604,0.000131604,0.000131604,10
US,NM,Torrance County,NMTorrance County,0.000131604,0.000131604,0.000131604,10
US,NM,Union County,NMUnion County,0.000131604,0.000131604,0.000131604,10
US,NM,Valencia County,NMValencia County,0.000131604,0.000131604,0.000131604,10
US,NV,Carson City,NVCarson City,0.000131774,0.000131774,0.000131774,10
US,NV,Churchill County,NVChurchill County,0.000131774,0.000131774,0.000131774,10
US,NV,Clark County,NVClark County,0.000131774,0.000131774,0.000131774,10
US,NV,Douglas County,NVDouglas County,0.000131774,0.000131774,0.000131774,10
US,NV,Elko County,NVElko County,0.000131774,0.000131774,0.000131774,10
US,NV,Esmeralda County,NVEsmeralda County,0.000131774,0.000131774,0.000131774,10
US,NV,Eureka County,NVEureka County,0.000131774,0.000131774,0.000131774,10
US,NV,Humboldt County,NVHumboldt County,0.000131774,0.000131774,0.000131774,10
US,NV,Lander County,NVLander County,0.000131774,0.000131774,0.000131774,10
US,NV,Lincoln County,NVLincoln County,0.000131774,0.000131774,0.000131774,10
US,NV,Lyon County,NVLyon County,0.000131774,0.000131774,0.000131774,10
US,NV,Mineral County,NVMineral County,0.000131774,0.000131774,0.000131774,10
US,NV,Nye County,NVNye County,0.000131774,0.000131774,0.000131774,10
US,NV,Pershing County,NVPershing County,0.000131774,0.000131774,0.000131774,10
US,NV,Storey County,NVStorey County,0.000131774,0.000131774,0.000131774,10
US,NV,Washoe County,NVWashoe County,0.000131774,0.000131774,0.000131774,10
US,NV,White Pine County,NVWhite Pine County,0.000131774,0.000131774,0.000131774,10
US,NY,Albany County,NYAlbany County,0.000121066,0.000121066,0.000121066,10
US,NY,Allegany County,NYAllegany County,0.000121066,0.000121066,0.000121066,10
US,NY,Bronx County,NYBronx County,0.000121066,0.000121066,0.000121066,10
US,NY,Broome County,NYBroome County,0.000121066,0.000121066,0.000121066,10
US,NY,Cattaraugus County,NYCattaraugus County,0.000121066,0.000121066,0.000121066,10
US,NY,Cayuga County,NYCayuga County,0.000121066,0.000121066,0.000121066,10
US,NY,Chautauqua County,NYChautauqua County,0.000121066,0.000121066,0.000121066,10
US,NY,Chemung County,NYChemung County,0.000121066,0.000121066,0.000121066,10
US,NY,Chenango County,NYChenango County,0.000121066,0.000121066,0.000121066,10
US,NY,Clinton County,NYClinton County,0.000121066,0.000121066,0.000121066,10
US,NY,Columbia County,NYColumbia County,0.000121066,0.000121066,0.000121066,10
US,NY,Cortland County,NYCortland County,0.000121066,0.000121066,0.000121066,10
US,NY,Delaware County,NYDelaware County,0.000121066,0.000121066,0.000121066,10
US,NY,Dutchess County,NYDutchess County,0.000121066,0.000121066,0.000121066,10
US,NY,Erie County,NYErie County,0.000121066,0.000121066,0.000121066,10
US,NY,Essex County,NYEssex County,0.000121066,0.000121066,0.000121066,10
US,NY,Franklin County,NYFranklin County,0.000121066,0.000121066,0.000121066,10
US,NY,Fulton County,NYFulton County,0.000121066,0.000121066,0.000121066,10
US,NY,Genesee County,NYGenesee County,0.000121066,0.000121066,0.000121066,10
US,NY,Greene County,NYGreene County,0.000121066,0.000121066,0.000121066,10
US,NY,Hamilton County,NYHamilton County,0.000121066,0.000121066,0.000121066,10
US,NY,Herkimer County,NYHerkimer County,0.000121066,0.000121066,0.000121066,10
US,NY,Jefferson County,NYJefferson County,0.000121066,0.000121066,0.000121066,10
US,NY,Kings County,NYKings County,0.000121066,0.000121066,0.000121066,10
US,NY,Lewis County,NYLewis County,0.000121066,0.000121066,0.000121066,10
US,NY,Livingston County,NYLivingston County,0.000121066,0.000121066,0.000121066,10
US,NY,Madison County,NYMadison County,0.000121066,0.000121066,0.000121066,10
US,NY,Monroe County,NYMonroe County,0.000121066,0.000121066,0.000121066,10
US,NY,Montgomery County,NYMontgomery County,0.000121066,0.000121066,0.000121066,10
US,NY,Nassau County,NYNassau County,0.000121066,0.000121066,0.000121066,10
US,NY,New York County,NYNew York County,0.000121066,0.000121066,0.000121066,10
US,NY,Niagara County,NYNiagara County,0.000121066,0.000121066,0.000121066,10
US,NY,Oneida County,NYOneida County,0.000121066,0.000121066,0.000121066,10
US,NY,Onondaga County,NYOnondaga County,0.000121066,0.000121066,0.000121066,10
US,NY,Ontario County,NYOntario County,0.000121066,0.000121066,0.000121066,10
US,NY,Orange County,NYOrange County,0.000121066,0.000121066,0.000121066,10
US,NY,Orleans County,NYOrleans County,0.000121066,0.000121066,0.000121066,10
US,NY,Oswego County,NYOswego County,0.000121066,0.000121066,0.000121066,10
US,NY,Otsego County,NYOtsego County,0.000121066,0.000121066,0.000121066,10
US,NY,Putnam County,NYPutnam County,0.000121066,0.000121066,0.000121066,10
US,NY,Queens County,NYQueens County,0.000121066,0.000121066,0.000121066,10
US,NY,Rensselaer County,NYRensselaer County,0.000121066,0.000121066,0.000121066,10
US,NY,Richmond County,NYRichmond County,0.000121066,0.000121066,0.000121066,10
US,NY,Rockland County,NYRockland County,0.000121066,0.000121066,0.000121066,10
US,NY,Saratoga County,NYSaratoga County,0.000121066,0.000121066,0.000121066,10
US,NY,Schenectady County,NYSchenectady County,0.000121066,0.000121066,0.000121066,10
US,NY,Schoharie County,NYSchoharie County,0.000121066,0.000121066,0.000121066,10
US,NY,Schuyler County,NYSchuyler County,0.000121066,0.000121066,0.000121066,10
US,NY,Seneca County,NYSeneca County,0.000121066,0.000121066,0.000121066,10
US,NY,St. Lawrence County,NYSt. Lawrence County,0.000121066,0.000121066,0.000121066,10
US,NY,Steuben County,NYSteuben County,0.000121066,0.000121066,0.000121066,10
US,NY,Suffolk County,NYSuffolk County,0.000121066,0.000121066,0.000121066,10
US,NY,Sullivan County,NYSullivan County,0.000121066,0.000121066,0.000121066,10
US,NY,Tioga County,NYTioga County,0.000121066,0.000121066,0.000121066,10
US,NY,Tompkins County,NYTompkins County,0.000121066,0.000121066,0.000121066,10
US,NY,Ulster County,NYUlster County,0.000121066,0.000121066,0.000121066,10
US,NY,Warren County,NYWarren County,0.000121066,0.000121066,0.000121066,10
US,NY,Washington County,NYWashington County,0.000121066,0.000121066,0.000121066,10
US,NY,Wayne County,NYWayne County,0.000121066,0.000121066,0.000121066,10
US,NY,Westchester County,NYWestchester County,0.000121066,0.000121066,0.000121066,10
US,NY,Wyoming County,NYWyoming County,0.000121066,0.000121066,0.000121066,10
US,NY,Yates County,NYYates County,0.000121066,0.000121066,0.000121066,10
US,OH,Adams County,OHAdams County,0.000120993,0.000120993,0.000120993,10
US,OH,Allen County,OHAllen County,0.000120993,0.000120993,0.000120993,10
US,OH,Ashland County,OHAshland County,0.000120993,0.000120993,0.000120993,10
US,OH,Ashtabula County,OHAshtabula County,0.000120993,0.000120993,0.000120993,10
US,OH,Athens County,OHAthens County,0.000120993,0.000120993,0.000120993,10
US,OH,Auglaize County,OHAuglaize County,0.000120993,0.000120993,0.000120993,10
US,OH,Belmont County,OHBelmont County,0.000120993,0.000120993,0.000120993,10
US,OH,Brown County,OHBrown County,0.000120993,0.000120993,0.000120993,10
US,OH,Butler County,OHButler County,0.000120993,0.000120993,0.000120993,10
US,OH,Carroll County,OHCarroll County,0.000120993,0.000120993,0.000120993,10
US,OH,Champaign County,OHChampaign County,0.000120993,0.000120993,0.000120993,10
US,OH,Clark County,OHClark County,0.000120993,0.000120993,0.000120993,10
US,OH,Clermont County,OHClermont County,0.000120993,0.000120993,0.000120993,10
US,OH,Clinton County,OHClinton County,0.000120993,0.000120993,0.000120993,10
US,OH,Columbiana County,OHColumbiana County,0.000120993,0.000120993,0.000120993,10
US,OH,Coshocton County,OHCoshocton County,0.000120993,0.000120993,0.000120993,10
US,OH,Crawford County,OHCrawford County,0.000120993,0.000120993,0.000120993,10
US,OH,Cuyahoga County,OHCuyahoga County,0.000120993,0.000120993,0.000120993,10
US,OH,Darke County,OHDarke County,0.000120993,0.000120993,0.000120993,10
US,OH,Defiance County,OHDefiance County,0.000120993,0.000120993,0.000120993,10
US,OH,Delaware County,OHDelaware County,0.000120993,0.000120993,0.000120993,10
US,OH,Erie County,OHErie County,0.000120993,0.000120993,0.000120993,10
US,OH,Fairfield County,OHFairfield County,0.000120993,0.000120993,0.000120993,10
US,OH,Fayette County,OHFayette County,0.000120993,0.000120993,0.000120993,10
US,OH,Franklin County,OHFranklin County,0.000120993,0.000120993,0.000120993,10
US,OH,Fulton County,OHFulton County,0.000120993,0.000120993,0.000120993,10
US,OH,Gallia County,OHGallia County,0.000120993,0.000120993,0.000120993,10
US,OH,Geauga County,OHGeauga County,0.000120993,0.000120993,0.000120993,10
US,OH,Greene County,OHGreene County,0.000120993,0.000120993,0.000120993,10
US,OH,Guernsey County,OHGuernsey County,0.000120993,0.000120993,0.000120993,10
US,OH,Hamilton County,OHHamilton County,0.000120993,0.000120993,0.000120993,10
US,OH,Hancock County,OHHancock County,0.000120993,0.000120993,0.000120993,10
US,OH,Hardin County,OHHardin County,0.000120993,0.000120993,0.000120993,10
US,OH,Harrison County,OHHarrison County,0.000120993,0.000120993,0.000120993,10
US,OH,Henry County,OHHenry County,0.000120993,0.000120993,0.000120993,10
US,OH,Highland County,OHHighland County,0.000120993,0.000120993,0.000120993,10
US,OH,Hocking County,OHHocking County,0.000120993,0.000120993,0.000120993,10
US,OH,Holmes County,OHHolmes County,0.000120993,0.000120993,0.000120993,10
US,OH,Huron County,OHHuron County,0.000120993,0.000120993,0.000120993,10
US,OH,Jackson County,OHJackson County,0.000120993,0.000120993,0.000120993,10
US,OH,Jefferson County,OHJefferson County,0.000120993,0.000120993,0.000120993,10
US,OH,Knox County,OHKnox County,0.000120993,0.000120993,0.000120993,10
US,OH,Lake County,OHLake County,0.000120993,0.000120993,0.000120993,10
US,OH,Lawrence County,OHLawrence County,0.000120993,0.000120993,0.000120993,10
US,OH,Licking County,OHLicking County,0.000120993,0.000120993,0.000120993,10
US,OH,Logan County,OHLogan County,0.000120993,0.000120993,0.000120993,10
US,OH,Lorain County,OHLorain County,0.000120993,0.000120993,0.000120993,10
US,OH,Lucas County,OHLucas County,0.000120993,0.000120993,0.000120993,10
US,OH,Madison County,OHMadison County,0.000120993,0.000120993,0.000120993,10
US,OH,Mahoning County,OHMahoning County,0.000120993,0.000120993,0.000120993,10
US,OH,Marion County,OHMarion County,0.000120993,0.000120993,0.000120993,10
US,OH,Medina County,OHMedina County,0.000120993,0.000120993,0.000120993,10
US,OH,Meigs County,OHMeigs County,0.000120993,0.000120993,0.000120993,10
US,OH,Mercer County,OHMercer County,0.000120993,0.000120993,0.000120993,10
US,OH,Miami County,OHMiami County,0.000120993,0.000120993,0.000120993,10
US,OH,Monroe County,OHMonroe County,0.000120993,0.000120993,0.000120993,10
US,OH,Montgomery County,OHMontgomery County,0.000120993,0.000120993,0.000120993,10
US,OH,Morgan County,OHMorgan County,0.000120993,0.000120993,0.000120993,10
US,OH,Morrow County,OHMorrow County,0.000120993,0.000120993,0.000120993,10
US,OH,Muskingum County,OHMuskingum County,0.000120993,0.000120993,0.000120993,10
US,OH,Noble County,OHNoble County,0.000120993,0.000120993,0.000120993,10
US,OH,Ottawa County,OHOttawa County,0.000120993,0.000120993,0.000120993,10
US,OH,Paulding County,OHPaulding County,0.000120993,0.000120993,0.000120993,10
US,OH,Perry County,OHPerry County,0.000120993,0.000120993,0.000120993,10
US,OH,Pickaway County,OHPickaway County,0.000120993,0.000120993,0.000120993,10
US,OH,Pike County,OHPike County,0.000120993,0.000120993,0.000120993,10
US,OH,Portage County,OHPortage County,0.000120993,0.000120993,0.000120993,10
US,OH,Preble County,OHPreble County,0.000120993,0.000120993,0.000120993,10
US,OH,Putnam County,OHPutnam County,0.000120993,0.000120993,0.000120993,10
US,OH,Richland County,OHRichland County,0.000120993,0.000120993,0.000120993,10
US,OH,Ross County,OHRoss County,0.000120993,0.000120993,0.000120993,10
US,OH,Sandusky County,OHSandusky County,0.000120993,0.000120993,0.000120993,10
US,OH,Scioto County,OHScioto County,0.000120993,0.000120993,0.000120993,10
US,OH,Seneca County,OHSeneca County,0.000120993,0.000120993,0.000120993,10
US,OH,Shelby County,OHShelby County,0.000120993,0.000120993,0.000120993,10
US,OH,Stark County,OHStark County,0.000120993,0.000120993,0.000120993,10
US,OH,Summit County,OHSummit County,0.000120993,0.000120993,0.000120993,10
US,OH,Trumbull County,OHTrumbull County,0.000120993,0.000120993,0.000120993,10
US,OH,Tuscarawas County,OHTuscarawas County,0.000120993,0.000120993,0.000120993,10
US,OH,Union County,OHUnion County,0.000120993,0.000120993,0.000120993,10
US,OH,Van Wert County,OHVan Wert County,0.000120993,0.000120993,0.000120993,10
US,OH,Vinton County,OHVinton County,0.000120993,0.000120993,0.000120993,10
US,OH,Warren County,OHWarren County,0.000120993,0.000120993,0.000120993,10
US,OH,Washington County,OHWashington County,0.000120993,0.000120993,0.000120993,10
US,OH,Wayne County,OHWayne County,0.000120993,0.000120993,0.000120993,10
US,OH,Williams County,OHWilliams County,0.000120993,0.000120993,0.000120993,10
US,OH,Wood County,OHWood County,0.000120993,0.000120993,0.000120993,10
US,OH,Wyandot County,OHWyandot County,0.000120993,0.000120993,0.000120993,10
US,OK,Adair County,OKAdair County,0.000125131,0.000125131,0.000125131,10
US,OK,Alfalfa County,OKAlfalfa County,0.000125131,0.000125131,0.000125131,10
US,OK,Atoka County,OKAtoka County,0.000125131,0.000125131,0.000125131,10
US,OK,Beaver County,OKBeaver County,0.000125131,0.000125131,0.000125131,10
US,OK,Beckham County,OKBeckham County,0.000125131,0.000125131,0.000125131,10
US,OK,Blaine County,OKBlaine County,0.000125131,0.000125131,0.000125131,10
US,OK,Bryan County,OKBryan County,0.000125131,0.000125131,0.000125131,10
US,OK,Caddo County,OKCaddo County,0.000125131,0.000125131,0.000125131,10
US,OK,Canadian County,OKCanadian County,0.000125131,0.000125131,0.000125131,10
US,OK,Carter County,OKCarter County,0.000125131,0.000125131,0.000125131,10
US,OK,Cherokee County,OKCherokee County,0.000125131,0.000125131,0.000125131,10
US,OK,Choctaw County,OKChoctaw County,0.000125131,0.000125131,0.000125131,10
US,OK,Cimarron County,OKCimarron County,0.000125131,0.000125131,0.000125131,10
US,OK,Cleveland County,OKCleveland County,0.000125131,0.000125131,0.000125131,10
US,OK,Coal County,OKCoal County,0.000125131,0.000125131,0.000125131,10
US,OK,Comanche County,OKComanche County,0.000125131,0.000125131,0.000125131,10
US,OK,Cotton County,OKCotton County,0.000125131,0.000125131,0.000125131,10
US,OK,Craig County,OKCraig County,0.000125131,0.000125131,0.000125131,10
US,OK,Creek County,OKCreek County,0.000125131,0.000125131,0.000125131,10
US,OK,Custer County,OKCuster County,0.000125131,0.000125131,0.000125131,10
US,OK,Delaware County,OKDelaware County,0.000125131,0.000125131,0.000125131,10
US,OK,Dewey County,OKDewey County,0.000125131,0.000125131,0.000125131,10
US,OK,Ellis County,OKEllis County,0.000125131,0.000125131,0.000125131,10
US,OK,Garfield County,OKGarfield County,0.000125131,0.000125131,0.000125131,10
US,OK,Garvin County,OKGarvin County,0.000125131,0.000125131,0.000125131,10
US,OK,Grady County,OKGrady County,0.000125131,0.000125131,0.000125131,10
US,OK,Grant County,OKGrant County,0.000125131,0.000125131,0.000125131,10
US,OK,Greer County,OKGreer County,0.000125131,0.000125131,0.000125131,10
US,OK,Harmon County,OKHarmon County,0.000125131,0.000125131,0.000125131,10
US,OK,Harper County,OKHarper County,0.000125131,0.000125131,0.000125131,10
US,OK,Haskell County,OKHaskell County,0.000125131,0.000125131,0.000125131,10
US,OK,Hughes County,OKHughes County,0.000125131,0.000125131,0.000125131,10
US,OK,Jackson County,OKJackson County,0.000125131,0.000125131,0.000125131,10
US,OK,Jefferson County,OKJefferson County,0.000125131,0.000125131,0.000125131,10
US,OK,Johnston County,OKJohnston County,0.000125131,0.000125131,0.000125131,10
US,OK,Kay County,OKKay County,0.000125131,0.000125131,0.000125131,10
US,OK,Kingfisher County,OKKingfisher County,0.000125131,0.000125131,0.000125131,10
US,OK,Kiowa County,OKKiowa County,0.000125131,0.000125131,0.000125131,10
US,OK,Latimer County,OKLatimer County,0.000125131,0.000125131,0.000125131,10
US,OK,Le Flore County,OKLe Flore County,0.000125131,0.000125131,0.000125131,10
US,OK,Lincoln County,OKLincoln County,0.000125131,0.000125131,0.000125131,10
US,OK,Logan County,OKLogan County,0.000125131,0.000125131,0.000125131,10
US,OK,Love County,OKLove County,0.000125131,0.000125131,0.000125131,10
US,OK,Major County,OKMajor County,0.000125131,0.000125131,0.000125131,10
US,OK,Marshall County,OKMarshall County,0.000125131,0.000125131,0.000125131,10
US,OK,Mayes County,OKMayes County,0.000125131,0.000125131,0.000125131,10
US,OK,Mcclain County,OKMcclain County,0.000125131,0.000125131,0.000125131,10
US,OK,Mccurtain County,OKMccurtain County,0.000125131,0.000125131,0.000125131,10
US,OK,Mcintosh County,OKMcintosh County,0.000125131,0.000125131,0.000125131,10
US,OK,Murray County,OKMurray County,0.000125131,0.000125131,0.000125131,10
US,OK,Muskogee County,OKMuskogee County,0.000125131,0.000125131,0.000125131,10
US,OK,Noble County,OKNoble County,0.000125131,0.000125131,0.000125131,10
US,OK,Nowata County,OKNowata County,0.000125131,0.000125131,0.000125131,10
US,OK,Okfuskee County,OKOkfuskee County,0.000125131,0.000125131,0.000125131,10
US,OK,Oklahoma County,OKOklahoma County,0.000125131,0.000125131,0.000125131,10
US,OK,Okmulgee County,OKOkmulgee County,0.000125131,0.000125131,0.000125131,10
US,OK,Osage County,OKOsage County,0.000125131,0.000125131,0.000125131,10
US,OK,Ottawa County,OKOttawa County,0.000125131,0.000125131,0.000125131,10
US,OK,Pawnee County,OKPawnee County,0.000125131,0.000125131,0.000125131,10
US,OK,Payne County,OKPayne County,0.000125131,0.000125131,0.000125131,10
US,OK,Pittsburg County,OKPittsburg County,0.000125131,0.000125131,0.000125131,10
US,OK,Pontotoc County,OKPontotoc County,0.000125131,0.000125131,0.000125131,10
US,OK,Pottawatomie County,OKPottawatomie County,0.000125131,0.000125131,0.000125131,10
US,OK,Pushmataha County,OKPushmataha County,0.000125131,0.000125131,0.000125131,10
US,OK,Roger Mills County,OKRoger Mills County,0.000125131,0.000125131,0.000125131,10
US,OK,Rogers County,OKRogers County,0.000125131,0.000125131,0.000125131,10
US,OK,Seminole County,OKSeminole County,0.000125131,0.000125131,0.000125131,10
US,OK,Sequoyah County,OKSequoyah County,0.000125131,0.000125131,0.000125131,10
US,OK,Stephens County,OKStephens County,0.000125131,0.000125131,0.000125131,10
US,OK,Texas County,OKTexas County,0.000125131,0.000125131,0.000125131,10
US,OK,Tillman County,OKTillman County,0.000125131,0.000125131,0.000125131,10
US,OK,Tulsa County,OKTulsa County,0.000125131,0.000125131,0.000125131,10
US,OK,Wagoner County,OKWagoner County,0.000125131,0.000125131,0.000125131,10
US,OK,Washington County,OKWashington County,0.000125131,0.000125131,0.000125131,10
US,OK,Washita County,OKWashita County,0.000125131,0.000125131,0.000125131,10
US,OK,Woods County,OKWoods County,0.000125131,0.000125131,0.000125131,10
US,OK,Woodward County,OKWoodward County,0.000125131,0.000125131,0.000125131,10
US,OR,Baker County,ORBaker County,0.000133855,0.000133855,0.000133855,10
US,OR,Benton County,ORBenton County,0.000133855,0.000133855,0.000133855,10
US,OR,Clackamas County,ORClackamas County,0.000133855,0.000133855,0.000133855,10
US,OR,Clatsop County,ORClatsop County,0.000133855,0.000133855,0.000133855,10
US,OR,Columbia County,ORColumbia County,0.000133855,0.000133855,0.000133855,10
US,OR,Coos County,ORCoos County,0.000133855,0.000133855,0.000133855,10
US,OR,Crook County,ORCrook County,0.000133855,0.000133855,0.000133855,10
US,OR,Curry County,ORCurry County,0.000133855,0.000133855,0.000133855,10
US,OR,Deschutes County,ORDeschutes County,0.000133855,0.000133855,0.000133855,10
US,OR,Douglas County,ORDouglas County,0.000133855,0.000133855,0.000133855,10
US,OR,Gilliam County,ORGilliam County,0.000133855,0.000133855,0.000133855,10
US,OR,Grant County,ORGrant County,0.000133855,0.000133855,0.000133855,10
US,OR,Harney County,ORHarney County,0.000133855,0.000133855,0.000133855,10
US,OR,Hood River County,ORHood River County,0.000133855,0.000133855,0.000133855,10
US,OR,Jackson County,ORJackson County,0.000133855,0.000133855,0.000133855,10
US,OR,Jefferson County,ORJefferson County,0.000133855,0.000133855,0.000133855,10
US,OR,Josephine County,ORJosephine County,0.000133855,0.000133855,0.000133855,10
US,OR,Klamath County,ORKlamath County,0.000133855,0.000133855,0.000133855,10
US,OR,Lake County,ORLake County,0.000133855,0.000133855,0.000133855,10
US,OR,Lane County,ORLane County,0.000133855,0.000133855,0.000133855,10
US,OR,Lincoln County,ORLincoln County,0.000133855,0.000133855,0.000133855,10
US,OR,Linn County,ORLinn County,0.000133855,0.000133855,0.000133855,10
US,OR,Malheur County,ORMalheur County,0.000133855,0.000133855,0.000133855,10
US,OR,Marion County,ORMarion County,0.000133855,0.000133855,0.000133855,10
US,OR,Morrow County,ORMorrow County,0.000133855,0.000133855,0.000133855,10
US,OR,Multnomah County,ORMultnomah County,0.000133855,0.000133855,0.000133855,10
US,OR,Polk County,ORPolk County,0.000133855,0.000133855,0.000133855,10
US,OR,Sherman County,ORSherman County,0.000133855,0.000133855,0.000133855,10
US,OR,Tillamook County,ORTillamook County,0.000133855,0.000133855,0.000133855,10
US,OR,Umatilla County,ORUmatilla County,0.000133855,0.000133855,0.000133855,10
US,OR,Union County,ORUnion County,0.000133855,0.000133855,0.000133855,10
US,OR,Wallowa County,ORWallowa County,0.000133855,0.000133855,0.000133855,10
US,OR,Wasco County,ORWasco County,0.000133855,0.000133855,0.000133855,10
US,OR,Washington County,ORWashington County,0.000133855,0.000133855,0.000133855,10
US,OR,Wheeler County,ORWheeler County,0.000133855,0.000133855,0.000133855,10
US,OR,Yamhill County,ORYamhill County,0.000133855,0.000133855,0.000133855,10
US,PA,Adams County,PAAdams County,0.000120993,0.000120993,0.000120993,10
US,PA,Allegheny County,PAAllegheny County,0.000120993,0.000120993,0.000120993,10
US,PA,Armstrong County,PAArmstrong County,0.000120993,0.000120993,0.000120993,10
US,PA,Beaver County,PABeaver County,0.000120993,0.000120993,0.000120993,10
US,PA,Bedford County,PABedford County,0.000120993,0.000120993,0.000120993,10
US,PA,Berks County,PABerks County,0.000120993,0.000120993,0.000120993,10
US,PA,Blair County,PABlair County,0.000120993,0.000120993,0.000120993,10
US,PA,Bradford County,PABradford County,0.000120993,0.000120993,0.000120993,10
US,PA,Bucks County,PABucks County,0.000120993,0.000120993,0.000120993,10
US,PA,Butler County,PAButler County,0.000120993,0.000120993,0.000120993,10
US,PA,Cambria County,PACambria County,0.000120993,0.000120993,0.000120993,10
US,PA,Cameron County,PACameron County,0.000120993,0.000120993,0.000120993,10
US,PA,Carbon County,PACarbon County,0.000120993,0.000120993,0.000120993,10
US,PA,Centre County,PACentre County,0.000120993,0.000120993,0.000120993,10
US,PA,Chester County,PAChester County,0.000120993,0.000120993,0.000120993,10
US,PA,Clarion County,PAClarion County,0.000120993,0.000120993,0.000120993,10
US,PA,Clearfield County,PAClearfield County,0.000120993,0.000120993,0.000120993,10
US,PA,Clinton County,PAClinton County,0.000120993,0.000120993,0.000120993,10
US,PA,Columbia County,PAColumbia County,0.000120993,0.000120993,0.000120993,10
US,PA,Crawford County,PACrawford County,0.000120993,0.000120993,0.000120993,10
US,PA,Cumberland County,PACumberland County,0.000120993,0.000120993,0.000120993,10
US,PA,Dauphin County,PADauphin County,0.000120993,0.000120993,0.000120993,10
US,PA,Delaware County,PADelaware County,0.000120993,0.000120993,0.000120993,10
US,PA,Elk County,PAElk County,0.000120993,0.000120993,0.000120993,10
US,PA,Erie County,PAErie County,0.000120993,0.000120993,0.000120993,10
US,PA,Fayette County,PAFayette County,0.000120993,0.000120993,0.000120993,10
US,PA,Forest County,PAForest County,0.000120993,0.000120993,0.000120993,10
US,PA,Franklin County,PAFranklin County,0.000120993,0.000120993,0.000120993,10
US,PA,Fulton County,PAFulton County,0.000120993,0.000120993,0.000120993,10
US,PA,Greene County,PAGreene County,0.000120993,0.000120993,0.000120993,10
US,PA,Huntingdon County,PAHuntingdon County,0.000120993,0.000120993,0.000120993,10
US,PA,Indiana County,PAIndiana County,0.000120993,0.000120993,0.000120993,10
US,PA,Jefferson County,PAJefferson County,0.000120993,0.000120993,0.000120993,10
US,PA,Juniata County,PAJuniata County,0.000120993,0.000120993,0.000120993,10
US,PA,Lackawanna County,PALackawanna County,0.000120993,0.000120993,0.000120993,10
US,PA,Lancaster County,PALancaster County,0.000120993,0.000120993,0.000120993,10
US,PA,Lawrence County,PALawrence County,0.000120993,0.000120993,0.000120993,10
US,PA,Lebanon County,PALebanon County,0.000120993,0.000120993,0.000120993,10
US,PA,Lehigh County,PALehigh County,0.000120993,0.000120993,0.000120993,10
US,PA,Luzerne County,PALuzerne County,0.000120993,0.000120993,0.000120993,10
US,PA,Lycoming County,PALycoming County,0.000120993,0.000120993,0.000120993,10
US,PA,Mckean County,PAMckean County,0.000120993,0.000120993,0.000120993,10
US,PA,Mercer County,PAMercer County,0.000120993,0.000120993,0.000120993,10
US,PA,Mifflin County,PAMifflin County,0.000120993,0.000120993,0.000120993,10
US,PA,Monroe County,PAMonroe County,0.000120993,0.000120993,0.000120993,10
US,PA,Montgomery County,PAMontgomery County,0.000120993,0.000120993,0.000120993,10
US,PA,Montour County,PAMontour County,0.000120993,0.000120993,0.000120993,10
US,PA,Northampton County,PANorthampton County,0.000120993,0.000120993,0.000120993,10
US,PA,Northumberland County,PANorthumberland County,0.000120993,0.000120993,0.000120993,10
US,PA,Perry County,PAPerry County,0.000120993,0.000120993,0.000120993,10
US,PA,Philadelphia County,PAPhiladelphia County,0.000120993,0.000120993,0.000120993,10
US,PA,Pike County,PAPike County,0.000120993,0.000120993,0.000120993,10
US,PA,Potter County,PAPotter County,0.000120993,0.000120993,0.000120993,10
US,PA,Schuylkill County,PASchuylkill County,0.000120993,0.000120993,0.000120993,10
US,PA,Snyder County,PASnyder County,0.000120993,0.000120993,0.000120993,10
US,PA,Somerset County,PASomerset County,0.000120993,0.000120993,0.000120993,10
US,PA,Sullivan County,PASullivan County,0.000120993,0.000120993,0.000120993,10
US,PA,Susquehanna County,PASusquehanna County,0.000120993,0.000120993,0.000120993,10
US,PA,Tioga County,PATioga County,0.000120993,0.000120993,0.000120993,10
US,PA,Union County,PAUnion County,0.000120993,0.000120993,0.000120993,10
US,PA,Venango County,PAVenango County,0.000120993,0.000120993,0.000120993,10
US,PA,Warren County,PAWarren County,0.000120993,0.000120993,0.000120993,10
US,PA,Washington County,PAWashington County,0.000120993,0.000120993,0.000120993,10
US,PA,Wayne County,PAWayne County,0.000120993,0.000120993,0.000120993,10
US,PA,Westmoreland County,PAWestmoreland County,0.000120993,0.000120993,0.000120993,10
US,PA,Wyoming County,PAWyoming County,0.000120993,0.000120993,0.000120993,10
US,PA,York County,PAYork County,0.000120993,0.000120993,0.000120993,10
US,RI,Bristol County,RIBristol County,0.000120993,0.000120993,0.000120993,10
US,RI,Kent County,RIKent County,0.000120993,0.000120993,0.000120993,10
US,RI,Newport County,RINewport County,0.000120993,0.000120993,0.000120993,10
US,RI,Providence County,RIProvidence County,0.000120993,0.000120993,0.000120993,10
US,RI,Washington County,RIWashington County,0.000120993,0.000120993,0.000120993,10
US,SC,Abbeville County,SCAbbeville County,0.00012674,0.00012674,0.00012674,10
US,SC,Aiken County,SCAiken County,0.00012674,0.00012674,0.00012674,10
US,SC,Allendale County,SCAllendale County,0.00012674,0.00012674,0.00012674,10
US,SC,Anderson County,SCAnderson County,0.00012674,0.00012674,0.00012674,10
US,SC,Bamberg County,SCBamberg County,0.00012674,0.00012674,0.00012674,10
US,SC,Barnwell County,SCBarnwell County,0.00012674,0.00012674,0.00012674,10
US,SC,Beaufort County,SCBeaufort County,0.00012674,0.00012674,0.00012674,10
US,SC,Berkeley County,SCBerkeley County,0.00012674,0.00012674,0.00012674,10
US,SC,Calhoun County,SCCalhoun County,0.00012674,0.00012674,0.00012674,10
US,SC,Charleston County,SCCharleston County,0.00012674,0.00012674,0.00012674,10
US,SC,Cherokee County,SCCherokee County,0.00012674,0.00012674,0.00012674,10
US,SC,Chester County,SCChester County,0.00012674,0.00012674,0.00012674,10
US,SC,Chesterfield County,SCChesterfield County,0.00012674,0.00012674,0.00012674,10
US,SC,Clarendon County,SCClarendon County,0.00012674,0.00012674,0.00012674,10
US,SC,Colleton County,SCColleton County,0.00012674,0.00012674,0.00012674,10
US,SC,Darlington County,SCDarlington County,0.00012674,0.00012674,0.00012674,10
US,SC,Dillon County,SCDillon County,0.00012674,0.00012674,0.00012674,10
US,SC,Dorchester County,SCDorchester County,0.00012674,0.00012674,0.00012674,10
US,SC,Edgefield County,SCEdgefield County,0.00012674,0.00012674,0.00012674,10
US,SC,Fairfield County,SCFairfield County,0.00012674,0.00012674,0.00012674,10
US,SC,Florence County,SCFlorence County,0.00012674,0.00012674,0.00012674,10
US,SC,Georgetown County,SCGeorgetown County,0.00012674,0.00012674,0.00012674,10
US,SC,Greenville County,SCGreenville County,0.00012674,0.00012674,0.00012674,10
US,SC,Greenwood County,SCGreenwood County,0.00012674,0.00012674,0.00012674,10
US,SC,Hampton County,SCHampton County,0.00012674,0.00012674,0.00012674,10
US,SC,Horry County,SCHorry County,0.00012674,0.00012674,0.00012674,10
US,SC,Jasper County,SCJasper County,0.00012674,0.00012674,0.00012674,10
US,SC,Kershaw County,SCKershaw County,0.00012674,0.00012674,0.00012674,10
US,SC,Lancaster County,SCLancaster County,0.00012674,0.00012674,0.00012674,10
US,SC,Laurens County,SCLaurens County,0.00012674,0.00012674,0.00012674,10
US,SC,Lee County,SCLee County,0.00012674,0.00012674,0.00012674,10
US,SC,Lexington County,SCLexington County,0.00012674,0.00012674,0.00012674,10
US,SC,Marion County,SCMarion County,0.00012674,0.00012674,0.00012674,10
US,SC,Marlboro County,SCMarlboro County,0.00012674,0.00012674,0.00012674,10
US,SC,Mccormick County,SCMccormick County,0.00012674,0.00012674,0.00012674,10
US,SC,Newberry County,SCNewberry County,0.00012674,0.00012674,0.00012674,10
US,SC,Oconee County,SCOconee County,0.00012674,0.00012674,0.00012674,10
US,SC,Orangeburg County,SCOrangeburg County,0.00012674,0.00012674,0.00012674,10
US,SC,Pickens County,SCPickens County,0.00012674,0.00012674,0.00012674,10
US,SC,Richland County,SCRichland County,0.00012674,0.00012674,0.00012674,10
US,SC,Saluda County,SCSaluda County,0.00012674,0.00012674,0.00012674,10
US,SC,Spartanburg County,SCSpartanburg County,0.00012674,0.00012674,0.00012674,10
US,SC,Sumter County,SCSumter County,0.00012674,0.00012674,0.00012674,10
US,SC,Union County,SCUnion County,0.00012674,0.00012674,0.00012674,10
US,SC,Williamsburg County,SCWilliamsburg County,0.00012674,0.00012674,0.00012674,10
US,SC,York County,SCYork County,0.00012674,0.00012674,0.00012674,10
US,SD,Aurora County,SDAurora County,0.000127152,0.000127152,0.000127152,10
US,SD,Beadle County,SDBeadle County,0.000127152,0.000127152,0.000127152,10
US,SD,Bennett County,SDBennett County,0.000127152,0.000127152,0.000127152,10
US,SD,Bon Homme County,SDBon Homme County,0.000127152,0.000127152,0.000127152,10
US,SD,Brookings County,SDBrookings County,0.000127152,0.000127152,0.000127152,10
US,SD,Brown County,SDBrown County,0.000127152,0.000127152,0.000127152,10
US,SD,Brule County,SDBrule County,0.000127152,0.000127152,0.000127152,10
US,SD,Buffalo County,SDBuffalo County,0.000127152,0.000127152,0.000127152,10
US,SD,Butte County,SDButte County,0.000127152,0.000127152,0.000127152,10
US,SD,Campbell County,SDCampbell County,0.000127152,0.000127152,0.000127152,10
US,SD,Charles Mix County,SDCharles Mix County,0.000127152,0.000127152,0.000127152,10
US,SD,Clark County,SDClark County,0.000127152,0.000127152,0.000127152,10
US,SD,Clay County,SDClay County,0.000127152,0.000127152,0.000127152,10
US,SD,Codington County,SDCodington County,0.000127152,0.000127152,0.000127152,10
US,SD,Corson County,SDCorson County,0.000127152,0.000127152,0.000127152,10
US,SD,Custer County,SDCuster County,0.000127152,0.000127152,0.000127152,10
US,SD,Davison County,SDDavison County,0.000127152,0.000127152,0.000127152,10
US,SD,Day County,SDDay County,0.000127152,0.000127152,0.000127152,10
US,SD,Deuel County,SDDeuel County,0.000127152,0.000127152,0.000127152,10
US,SD,Dewey County,SDDewey County,0.000127152,0.000127152,0.000127152,10
US,SD,Douglas County,SDDouglas County,0.000127152,0.000127152,0.000127152,10
US,SD,Edmunds County,SDEdmunds County,0.000127152,0.000127152,0.000127152,10
US,SD,Fall River County,SDFall River County,0.000127152,0.000127152,0.000127152,10
US,SD,Faulk County,SDFaulk County,0.000127152,0.000127152,0.000127152,10
US,SD,Grant County,SDGrant County,0.000127152,0.000127152,0.000127152,10
US,SD,Gregory County,SDGregory County,0.000127152,0.000127152,0.000127152,10
US,SD,Haakon County,SDHaakon County,0.000127152,0.000127152,0.000127152,10
US,SD,Hamlin County,SDHamlin County,0.000127152,0.000127152,0.000127152,10
US,SD,Hand County,SDHand County,0.000127152,0.000127152,0.000127152,10
US,SD,Hanson County,SDHanson County,0.000127152,0.000127152,0.000127152,10
US,SD,Harding County,SDHarding County,0.000127152,0.000127152,0.000127152,10
US,SD,Hughes County,SDHughes County,0.000127152,0.000127152,0.000127152,10
US,SD,Hutchinson County,SDHutchinson County,0.000127152,0.000127152,0.000127152,10
US,SD,Hyde County,SDHyde County,0.000127152,0.000127152,0.000127152,10
US,SD,Jackson County,SDJackson County,0.000127152,0.000127152,0.000127152,10
US,SD,Jerauld County,SDJerauld County,0.000127152,0.000127152,0.000127152,10
US,SD,Jones County,SDJones County,0.000127152,0.000127152,0.000127152,10
US,SD,Kingsbury County,SDKingsbury County,0.000127152,0.000127152,0.000127152,10
US,SD,Lake County,SDLake County,0.000127152,0.000127152,0.000127152,10
US,SD,Lawrence County,SDLawrence County,0.000127152,0.000127152,0.000127152,10
US,SD,Lincoln County,SDLincoln County,0.000127152,0.000127152,0.000127152,10
US,SD,Lyman County,SDLyman County,0.000127152,0.000127152,0.000127152,10
US,SD,Marshall County,SDMarshall County,0.000127152,0.000127152,0.000127152,10
US,SD,Mccook County,SDMccook County,0.000127152,0.000127152,0.000127152,10
US,SD,Mcpherson County,SDMcpherson County,0.000127152,0.000127152,0.000127152,10
US,SD,Meade County,SDMeade County,0.000127152,0.000127152,0.000127152,10
US,SD,Mellette County,SDMellette County,0.000127152,0.000127152,0.000127152,10
US,SD,Miner County,SDMiner County,0.000127152,0.000127152,0.000127152,10
US,SD,Minnehaha County,SDMinnehaha County,0.000127152,0.000127152,0.000127152,10
US,SD,Moody County,SDMoody County,0.000127152,0.000127152,0.000127152,10
US,SD,Oglala Lakota County,SDOglala Lakota County,0.000127152,0.000127152,0.000127152,10
US,SD,Pennington County,SDPennington County,0.000127152,0.000127152,0.000127152,10
US,SD,Perkins County,SDPerkins County,0.000127152,0.000127152,0.000127152,10
US,SD,Potter County,SDPotter County,0.000127152,0.000127152,0.000127152,10
US,SD,Roberts County,SDRoberts County,0.000127152,0.000127152,0.000127152,10
US,SD,Sanborn County,SDSanborn County,0.000127152,0.000127152,0.000127152,10
US,SD,Spink County,SDSpink County,0.000127152,0.000127152,0.000127152,10
US,SD,Stanley County,SDStanley County,0.000127152,0.000127152,0.000127152,10
US,SD,Sully County,SDSully County,0.000127152,0.000127152,0.000127152,10
US,SD,Todd County,SDTodd County,0.000127152,0.000127152,0.000127152,10
US,SD,Tripp County,SDTripp County,0.000127152,0.000127152,0.000127152,10
US,SD,Turner County,SDTurner County,0.000127152,0.000127152,0.000127152,10
US,SD,Union County,SDUnion County,0.000127152,0.000127152,0.000127152,10
US,SD,Walworth County,SDWalworth County,0.000127152,0.000127152,0.000127152,10
US,SD,Yankton County,SDYankton County,0.000127152,0.000127152,0.000127152,10
US,SD,Ziebach County,SDZiebach County,0.000127152,0.000127152,0.000127152,10
US,TN,Anderson County,TNAnderson County,0.000120993,0.000120993,0.000120993,10
US,TN,Bedford County,TNBedford County,0.000120993,0.000120993,0.000120993,10
US,TN,Benton County,TNBenton County,0.000120993,0.000120993,0.000120993,10
US,TN,Bledsoe County,TNBledsoe County,0.000120993,0.000120993,0.000120993,10
US,TN,Blount County,TNBlount County,0.000120993,0.000120993,0.000120993,10
US,TN,Bradley County,TNBradley County,0.000120993,0.000120993,0.000120993,10
US,TN,Campbell County,TNCampbell County,0.000120993,0.000120993,0.000120993,10
US,TN,Cannon County,TNCannon County,0.000120993,0.000120993,0.000120993,10
US,TN,Carroll County,TNCarroll County,0.000120993,0.000120993,0.000120993,10
US,TN,Carter County,TNCarter County,0.000120993,0.000120993,0.000120993,10
US,TN,Cheatham County,TNCheatham County,0.000120993,0.000120993,0.000120993,10
US,TN,Chester County,TNChester County,0.000120993,0.000120993,0.000120993,10
US,TN,Claiborne County,TNClaiborne County,0.000120993,0.000120993,0.000120993,10
US,TN,Clay County,TNClay County,0.000120993,0.000120993,0.000120993,10
US,TN,Cocke County,TNCocke County,0.000120993,0.000120993,0.000120993,10
US,TN,Coffee County,TNCoffee County,0.000120993,0.000120993,0.000120993,10
US,TN,Crockett County,TNCrockett County,0.000120993,0.000120993,0.000120993,10
US,TN,Cumberland County,TNCumberland County,0.000120993,0.000120993,0.000120993,10
US,TN,Davidson County,TNDavidson County,0.000120993,0.000120993,0.000120993,10
US,TN,Decatur County,TNDecatur County,0.000120993,0.000120993,0.000120993,10
US,TN,Dekalb County,TNDekalb County,0.000120993,0.000120993,0.000120993,10
US,TN,Dickson County,TNDickson County,0.000120993,0.000120993,0.000120993,10
US,TN,Dyer County,TNDyer County,0.000120993,0.000120993,0.000120993,2
US,TN,Fayette County,TNFayette County,0.000120993,0.000120993,0.000120993,2
US,TN,Fentress County,TNFentress County,0.000120993,0.000120993,0.000120993,10
US,TN,Franklin County,TNFranklin County,0.000120993,0.000120993,0.000120993,10
US,TN,Gibson County,TNGibson County,0.000120993,0.000120993,0.000120993,10
US,TN,Giles County,TNGiles County,0.000120993,0.000120993,0.000120993,10
US,TN,Grainger County,TNGrainger County,0.000120993,0.000120993,0.000120993,10
US,TN,Greene County,TNGreene County,0.000120993,0.000120993,0.000120993,10
US,TN,Grundy County,TNGrundy County,0.000120993,0.000120993,0.000120993,10
US,TN,Hamblen County,TNHamblen County,0.000120993,0.000120993,0.000120993,10
US,TN,Hamilton County,TNHamilton County,0.000120993,0.000120993,0.000120993,10
US,TN,Hancock County,TNHancock County,0.000120993,0.000120993,0.000120993,10
US,TN,Hardeman County,TNHardeman County,0.000120993,0.000120993,0.000120993,10
US,TN,Hardin County,TNHardin County,0.000120993,0.000120993,0.000120993,10
US,TN,Hawkins County,TNHawkins County,0.000120993,0.000120993,0.000120993,10
US,TN,Haywood County,TNHaywood County,0.000120993,0.000120993,0.000120993,2
US,TN,Henderson County,TNHenderson County,0.000120993,0.000120993,0.000120993,10
US,TN,Henry County,TNHenry County,0.000120993,0.000120993,0.000120993,10
US,TN,Hickman County,TNHickman County,0.000120993,0.000120993,0.000120993,10
US,TN,Houston County,TNHouston County,0.000120993,0.000120993,0.000120993,10
US,TN,Humphreys County,TNHumphreys County,0.000120993,0.000120993,0.000120993,10
US,TN,Jackson County,TNJackson County,0.000120993,0.000120993,0.000120993,10
US,TN,Jefferson County,TNJefferson County,0.000120993,0.000120993,0.000120993,10
US,TN,Johnson County,TNJohnson County,0.000120993,0.000120993,0.000120993,10
US,TN,Knox County,TNKnox County,0.000120993,0.000120993,0.000120993,10
US,TN,Lake County,TNLake County,0.000120993,0.000120993,0.000120993,2
US,TN,Lauderdale County,TNLauderdale County,0.000120993,0.000120993,0.000120993,2
US,TN,Lawrence County,TNLawrence County,0.000120993,0.000120993,0.000120993,10
US,TN,Lewis County,TNLewis County,0.000120993,0.000120993,0.000120993,10
US,TN,Lincoln County,TNLincoln County,0.000120993,0.000120993,0.000120993,10
US,TN,Loudon County,TNLoudon County,0.000120993,0.000120993,0.000120993,10
US,TN,Macon County,TNMacon County,0.000120993,0.000120993,0.000120993,10
US,TN,Madison County,TNMadison County,0.000120993,0.000120993,0.000120993,10
US,TN,Marion County,TNMarion County,0.000120993,0.000120993,0.000120993,10
US,TN,Marshall County,TNMarshall County,0.000120993,0.000120993,0.000120993,10
US,TN,Maury County,TNMaury County,0.000120993,0.000120993,0.000120993,10
US,TN,Mcminn County,TNMcminn County,0.000120993,0.000120993,0.000120993,10
US,TN,Mcnairy County,TNMcnairy County,0.000120993,0.000120993,0.000120993,10
US,TN,Meigs County,TNMeigs County,0.000120993,0.000120993,0.000120993,10
US,TN,Monroe County,TNMonroe County,0.000120993,0.000120993,0.000120993,10
US,TN,Montgomery County,TNMontgomery County,0.000120993,0.000120993,0.000120993,10
US,TN,Moore County,TNMoore County,0.000120993,0.000120993,0.000120993,10
US,TN,Morgan County,TNMorgan County,0.000120993,0.000120993,0.000120993,10
US,TN,Obion County,TNObion County,0.000120993,0.000120993,0.000120993,10
US,TN,Overton County,TNOverton County,0.000120993,0.000120993,0.000120993,10
US,TN,Perry County,TNPerry County,0.000120993,0.000120993,0.000120993,10
US,TN,Pickett County,TNPickett County,0.000120993,0.000120993,0.000120993,10
US,TN,Polk County,TNPolk County,0.000120993,0.000120993,0.000120993,10
US,TN,Putnam County,TNPutnam County,0.000120993,0.000120993,0.000120993,10
US,TN,Rhea County,TNRhea County,0.000120993,0.000120993,0.000120993,10
US,TN,Roane County,TNRoane County,0.000120993,0.000120993,0.000120993,10
US,TN,Robertson County,TNRobertson County,0.000120993,0.000120993,0.000120993,10
US,TN,Rutherford County,TNRutherford County,0.000120993,0.000120993,0.000120993,10
US,TN,Scott County,TNScott County,0.000120993,0.000120993,0.000120993,10
US,TN,Sequatchie County,TNSequatchie County,0.000120993,0.000120993,0.000120993,10
US,TN,Sevier County,TNSevier County,0.000120993,0.000120993,0.000120993,10
US,TN,Shelby County,TNShelby County,0.000120993,0.000120993,0.000120993,2
US,TN,Smith County,TNSmith County,0.000120993,0.000120993,0.000120993,10
US,TN,Stewart County,TNStewart County,0.000120993,0.000120993,0.000120993,10
US,TN,Sullivan County,TNSullivan County,0.000120993,0.000120993,0.000120993,10
US,TN,Sumner County,TNSumner County,0.000120993,0.000120993,0.000120993,10
US,TN,Tipton County,TNTipton County,0.000120993,0.000120993,0.000120993,2
US,TN,Trousdale County,TNTrousdale County,0.000120993,0.000120993,0.000120993,10
US,TN,Unicoi County,TNUnicoi County,0.000120993,0.000120993,0.000120993,10
US,TN,Union County,TNUnion County,0.000120993,0.000120993,0.000120993,10
US,TN,Van Buren County,TNVan Buren County,0.000120993,0.000120993,0.000120993,10
US,TN,Warren County,TNWarren County,0.000120993,0.000120993,0.000120993,10
US,TN,Washington County,TNWashington County,0.000120993,0.000120993,0.000120993,10
US,TN,Wayne County,TNWayne County,0.000120993,0.000120993,0.000120993,10
US,TN,Weakley County,TNWeakley County,0.000120993,0.000120993,0.000120993,10
US,TN,White County,TNWhite County,0.000120993,0.000120993,0.000120993,10
US,TN,Williamson County,TNWilliamson County,0.000120993,0.000120993,0.000120993,10
US,TN,Wilson County,TNWilson County,0.000120993,0.000120993,0.000120993,10
US,TX,Anderson County,TXAnderson County,0.000125349,0.000125349,0.000125349,10
US,TX,Andrews County,TXAndrews County,0.000125349,0.000125349,0.000125349,10
US,TX,Angelina County,TXAngelina County,0.000125349,0.000125349,0.000125349,10
US,TX,Aransas County,TXAransas County,0.000125349,0.000125349,0.000125349,10
US,TX,Archer County,TXArcher County,0.000125349,0.000125349,0.000125349,10
US,TX,Armstrong County,TXArmstrong County,0.000125349,0.000125349,0.000125349,10
US,TX,Atascosa County,TXAtascosa County,0.000125349,0.000125349,0.000125349,10
US,TX,Austin County,TXAustin County,0.000125349,0.000125349,0.000125349,10
US,TX,Bailey County,TXBailey County,0.000125349,0.000125349,0.000125349,10
US,TX,Bandera County,TXBandera County,0.000125349,0.000125349,0.000125349,10
US,TX,Bastrop County,TXBastrop County,0.000125349,0.000125349,0.000125349,10
US,TX,Baylor County,TXBaylor County,0.000125349,0.000125349,0.000125349,10
US,TX,Bee County,TXBee County,0.000125349,0.000125349,0.000125349,10
US,TX,Bell County,TXBell County,0.000125349,0.000125349,0.000125349,10
US,TX,Bexar County,TXBexar County,0.000125349,0.000125349,0.000125349,10
US,TX,Blanco County,TXBlanco County,0.000125349,0.000125349,0.000125349,10
US,TX,Borden County,TXBorden County,0.000125349,0.000125349,0.000125349,10
US,TX,Bosque County,TXBosque County,0.000125349,0.000125349,0.000125349,10
US,TX,Bowie County,TXBowie County,0.000125349,0.000125349,0.000125349,10
US,TX,Brazoria County,TXBrazoria County,0.000125349,0.000125349,0.000125349,10
US,TX,Brazos County,TXBrazos County,0.000125349,0.000125349,0.000125349,10
US,TX,Brewster County,TXBrewster County,0.000125349,0.000125349,0.000125349,10
US,TX,Briscoe County,TXBriscoe County,0.000125349,0.000125349,0.000125349,10
US,TX,Brooks County,TXBrooks County,0.000125349,0.000125349,0.000125349,10
US,TX,Brown County,TXBrown County,0.000125349,0.000125349,0.000125349,10
US,TX,Burleson County,TXBurleson County,0.000125349,0.000125349,0.000125349,10
US,TX,Burnet County,TXBurnet County,0.000125349,0.000125349,0.000125349,10
US,TX,Caldwell County,TXCaldwell County,0.000125349,0.000125349,0.000125349,10
US,TX,Calhoun County,TXCalhoun County,0.000125349,0.000125349,0.000125349,10
US,TX,Callahan County,TXCallahan County,0.000125349,0.000125349,0.000125349,10
US,TX,Cameron County,TXCameron County,0.000125349,0.000125349,0.000125349,10
US,TX,Camp County,TXCamp County,0.000125349,0.000125349,0.000125349,10
US,TX,Carson County,TXCarson County,0.000125349,0.000125349,0.000125349,10
US,TX,Cass County,TXCass County,0.000125349,0.000125349,0.000125349,10
US,TX,Castro County,TXCastro County,0.000125349,0.000125349,0.000125349,10
US,TX,Chambers County,TXChambers County,0.000125349,0.000125349,0.000125349,10
US,TX,Cherokee County,TXCherokee County,0.000125349,0.000125349,0.000125349,10
US,TX,Childress County,TXChildress County,0.000125349,0.000125349,0.000125349,10
US,TX,Clay County,TXClay County,0.000125349,0.000125349,0.000125349,10
US,TX,Cochran County,TXCochran County,0.000125349,0.000125349,0.000125349,10
US,TX,Coke County,TXCoke County,0.000125349,0.000125349,0.000125349,10
US,TX,Coleman County,TXColeman County,0.000125349,0.000125349,0.000125349,10
US,TX,Collin County,TXCollin County,0.000125349,0.000125349,0.000125349,10
US,TX,Collingsworth County,TXCollingsworth County,0.000125349,0.000125349,0.000125349,10
US,TX,Colorado County,TXColorado County,0.000125349,0.000125349,0.000125349,10
US,TX,Comal County,TXComal County,0.000125349,0.000125349,0.000125349,10
US,TX,Comanche County,TXComanche County,0.000125349,0.000125349,0.000125349,10
US,TX,Concho County,TXConcho County,0.000125349,0.000125349,0.000125349,10
US,TX,Cooke County,TXCooke County,0.000125349,0.000125349,0.000125349,10
US,TX,Coryell County,TXCoryell County,0.000125349,0.000125349,0.000125349,10
US,TX,Cottle County,TXCottle County,0.000125349,0.000125349,0.000125349,10
US,TX,Crane County,TXCrane County,0.000125349,0.000125349,0.000125349,10
US,TX,Crockett County,TXCrockett County,0.000125349,0.000125349,0.000125349,10
US,TX,Crosby County,TXCrosby County,0.000125349,0.000125349,0.000125349,10
US,TX,Culberson County,TXCulberson County,0.000125349,0.000125349,0.000125349,10
US,TX,Dallam County,TXDallam County,0.000125349,0.000125349,0.000125349,10
US,TX,Dallas County,TXDallas County,0.000125349,0.000125349,0.000125349,10
US,TX,Dawson County,TXDawson County,0.000125349,0.000125349,0.000125349,10
US,TX,Deaf Smith County,TXDeaf Smith County,0.000125349,0.000125349,0.000125349,10
US,TX,Delta County,TXDelta County,0.000125349,0.000125349,0.000125349,10
US,TX,Denton County,TXDenton County,0.000125349,0.000125349,0.000125349,10
US,TX,Dewitt County,TXDewitt County,0.000125349,0.000125349,0.000125349,10
US,TX,Dickens County,TXDickens County,0.000125349,0.000125349,0.000125349,10
US,TX,Dimmit County,TXDimmit County,0.000125349,0.000125349,0.000125349,10
US,TX,Donley County,TXDonley County,0.000125349,0.000125349,0.000125349,10
US,TX,Duval County,TXDuval County,0.000125349,0.000125349,0.000125349,10
US,TX,Eastland County,TXEastland County,0.000125349,0.000125349,0.000125349,10
US,TX,Ector County,TXEctor County,0.000125349,0.000125349,0.000125349,10
US,TX,Edwards County,TXEdwards County,0.000125349,0.000125349,0.000125349,10
US,TX,El Paso County,TXEl Paso County,0.000125349,0.000125349,0.000125349,10
US,TX,Ellis County,TXEllis County,0.000125349,0.000125349,0.000125349,10
US,TX,Erath County,TXErath County,0.000125349,0.000125349,0.000125349,10
US,TX,Falls County,TXFalls County,0.000125349,0.000125349,0.000125349,10
US,TX,Fannin County,TXFannin County,0.000125349,0.000125349,0.000125349,10
US,TX,Fayette County,TXFayette County,0.000125349,0.000125349,0.000125349,10
US,TX,Fisher County,TXFisher County,0.000125349,0.000125349,0.000125349,10
US,TX,Floyd County,TXFloyd County,0.000125349,0.000125349,0.000125349,10
US,TX,Foard County,TXFoard County,0.000125349,0.000125349,0.000125349,10
US,TX,Fort Bend County,TXFort Bend County,0.000125349,0.000125349,0.000125349,10
US,TX,Franklin County,TXFranklin County,0.000125349,0.000125349,0.000125349,10
US,TX,Freestone County,TXFreestone County,0.000125349,0.000125349,0.000125349,10
US,TX,Frio County,TXFrio County,0.000125349,0.000125349,0.000125349,10
US,TX,Gaines County,TXGaines County,0.000125349,0.000125349,0.000125349,10
US,TX,Galveston County,TXGalveston County,0.000125349,0.000125349,0.000125349,10
US,TX,Garza County,TXGarza County,0.000125349,0.000125349,0.000125349,10
US,TX,Gillespie County,TXGillespie County,0.000125349,0.000125349,0.000125349,10
US,TX,Glasscock County,TXGlasscock County,0.000125349,0.000125349,0.000125349,10
US,TX,Goliad County,TXGoliad County,0.000125349,0.000125349,0.000125349,10
US,TX,Gonzales County,TXGonzales County,0.000125349,0.000125349,0.000125349,10
US,TX,Gray County,TXGray County,0.000125349,0.000125349,0.000125349,10
US,TX,Grayson County,TXGrayson County,0.000125349,0.000125349,0.000125349,10
US,TX,Gregg County,TXGregg County,0.000125349,0.000125349,0.000125349,10
US,TX,Grimes County,TXGrimes County,0.000125349,0.000125349,0.000125349,10
US,TX,Guadalupe County,TXGuadalupe County,0.000125349,0.000125349,0.000125349,10
US,TX,Hale County,TXHale County,0.000125349,0.000125349,0.000125349,10
US,TX,Hall County,TXHall County,0.000125349,0.000125349,0.000125349,10
US,TX,Hamilton County,TXHamilton County,0.000125349,0.000125349,0.000125349,10
US,TX,Hansford County,TXHansford County,0.000125349,0.000125349,0.000125349,10
US,TX,Hardeman County,TXHardeman County,0.000125349,0.000125349,0.000125349,10
US,TX,Hardin County,TXHardin County,0.000125349,0.000125349,0.000125349,10
US,TX,Harris County,TXHarris County,0.000125349,0.000125349,0.000125349,10
US,TX,Harrison County,TXHarrison County,0.000125349,0.000125349,0.000125349,10
US,TX,Hartley County,TXHartley County,0.000125349,0.000125349,0.000125349,10
US,TX,Haskell County,TXHaskell County,0.000125349,0.000125349,0.000125349,10
US,TX,Hays County,TXHays County,0.000125349,0.000125349,0.000125349,10
US,TX,Hemphill County,TXHemphill County,0.000125349,0.000125349,0.000125349,10
US,TX,Henderson County,TXHenderson County,0.000125349,0.000125349,0.000125349,10
US,TX,Hidalgo County,TXHidalgo County,0.000125349,0.000125349,0.000125349,10
US,TX,Hill County,TXHill County,0.000125349,0.000125349,0.000125349,10
US,TX,Hockley County,TXHockley County,0.000125349,0.000125349,0.000125349,10
US,TX,Hood County,TXHood County,0.000125349,0.000125349,0.000125349,10
US,TX,Hopkins County,TXHopkins County,0.000125349,0.000125349,0.000125349,10
US,TX,Houston County,TXHouston County,0.000125349,0.000125349,0.000125349,10
US,TX,Howard County,TXHoward County,0.000125349,0.000125349,0.000125349,10
US,TX,Hudspeth County,TXHudspeth County,0.000125349,0.000125349,0.000125349,10
US,TX,Hunt County,TXHunt County,0.000125349,0.000125349,0.000125349,10
US,TX,Hutchinson County,TXHutchinson County,0.000125349,0.000125349,0.000125349,10
US,TX,Irion County,TXIrion County,0.000125349,0.000125349,0.000125349,10
US,TX,Jack County,TXJack County,0.000125349,0.000125349,0.000125349,10
US,TX,Jackson County,TXJackson County,0.000125349,0.000125349,0.000125349,10
US,TX,Jasper County,TXJasper County,0.000125349,0.000125349,0.000125349,10
US,TX,Jeff Davis County,TXJeff Davis County,0.000125349,0.000125349,0.000125349,10
US,TX,Jefferson County,TXJefferson County,0.000125349,0.000125349,0.000125349,10
US,TX,Jim Hogg County,TXJim Hogg County,0.000125349,0.000125349,0.000125349,10
US,TX,Jim Wells County,TXJim Wells County,0.000125349,0.000125349,0.000125349,10
US,TX,Johnson County,TXJohnson County,0.000125349,0.000125349,0.000125349,10
US,TX,Jones County,TXJones County,0.000125349,0.000125349,0.000125349,10
US,TX,Karnes County,TXKarnes County,0.000125349,0.000125349,0.000125349,10
US,TX,Kaufman County,TXKaufman County,0.000125349,0.000125349,0.000125349,10
US,TX,Kendall County,TXKendall County,0.000125349,0.000125349,0.000125349,10
US,TX,Kenedy County,TXKenedy County,0.000125349,0.000125349,0.000125349,10
US,TX,Kent County,TXKent County,0.000125349,0.000125349,0.000125349,10
US,TX,Kerr County,TXKerr County,0.000125349,0.000125349,0.000125349,10
US,TX,Kimble County,TXKimble County,0.000125349,0.000125349,0.000125349,10
US,TX,King County,TXKing County,0.000125349,0.000125349,0.000125349,10
US,TX,Kinney County,TXKinney County,0.000125349,0.000125349,0.000125349,10
US,TX,Kleberg County,TXKleberg County,0.000125349,0.000125349,0.000125349,10
US,TX,Knox County,TXKnox County,0.000125349,0.000125349,0.000125349,10
US,TX,La Salle County,TXLa Salle County,0.000125349,0.000125349,0.000125349,10
US,TX,Lamar County,TXLamar County,0.000125349,0.000125349,0.000125349,10
US,TX,Lamb County,TXLamb County,0.000125349,0.000125349,0.000125349,10
US,TX,Lampasas County,TXLampasas County,0.000125349,0.000125349,0.000125349,10
US,TX,Lavaca County,TXLavaca County,0.000125349,0.000125349,0.000125349,10
US,TX,Lee County,TXLee County,0.000125349,0.000125349,0.000125349,10
US,TX,Leon County,TXLeon County,0.000125349,0.000125349,0.000125349,10
US,TX,Liberty County,TXLiberty County,0.000125349,0.000125349,0.000125349,10
US,TX,Limestone County,TXLimestone County,0.000125349,0.000125349,0.000125349,10
US,TX,Lipscomb County,TXLipscomb County,0.000125349,0.000125349,0.000125349,10
US,TX,Live Oak County,TXLive Oak County,0.000125349,0.000125349,0.000125349,10
US,TX,Llano County,TXLlano County,0.000125349,0.000125349,0.000125349,10
US,TX,Loving County,TXLoving County,0.000125349,0.000125349,0.000125349,10
US,TX,Lubbock County,TXLubbock County,0.000125349,0.000125349,0.000125349,10
US,TX,Lynn County,TXLynn County,0.000125349,0.000125349,0.000125349,10
US,TX,Madison County,TXMadison County,0.000125349,0.000125349,0.000125349,10
US,TX,Marion County,TXMarion County,0.000125349,0.000125349,0.000125349,10
US,TX,Martin County,TXMartin County,0.000125349,0.000125349,0.000125349,10
US,TX,Mason County,TXMason County,0.000125349,0.000125349,0.000125349,10
US,TX,Matagorda County,TXMatagorda County,0.000125349,0.000125349,0.000125349,10
US,TX,Maverick County,TXMaverick County,0.000125349,0.000125349,0.000125349,10
US,TX,Mcculloch County,TXMcculloch County,0.000125349,0.000125349,0.000125349,10
US,TX,Mclennan County,TXMclennan County,0.000125349,0.000125349,0.000125349,10
US,TX,Mcmullen County,TXMcmullen County,0.000125349,0.000125349,0.000125349,10
US,TX,Medina County,TXMedina County,0.000125349,0.000125349,0.000125349,10
US,TX,Menard County,TXMenard County,0.000125349,0.000125349,0.000125349,10
US,TX,Midland County,TXMidland County,0.000125349,0.000125349,0.000125349,10
US,TX,Milam County,TXMilam County,0.000125349,0.000125349,0.000125349,10
US,TX,Mills County,TXMills County,0.000125349,0.000125349,0.000125349,10
US,TX,Mitchell County,TXMitchell County,0.000125349,0.000125349,0.000125349,10
US,TX,Montague County,TXMontague County,0.000125349,0.000125349,0.000125349,10
US,TX,Montgomery County,TXMontgomery County,0.000125349,0.000125349,0.000125349,10
US,TX,Moore County,TXMoore County,0.000125349,0.000125349,0.000125349,10
US,TX,Morris County,TXMorris County,0.000125349,0.000125349,0.000125349,10
US,TX,Motley County,TXMotley County,0.000125349,0.000125349,0.000125349,10
US,TX,Nacogdoches County,TXNacogdoches County,0.000125349,0.000125349,0.000125349,10
US,TX,Navarro County,TXNavarro County,0.000125349,0.000125349,0.000125349,10
US,TX,Newton County,TXNewton County,0.000125349,0.000125349,0.000125349,10
US,TX,Nolan County,TXNolan County,0.000125349,0.000125349,0.000125349,10
US,TX,Nueces County,TXNueces County,0.000125349,0.000125349,0.000125349,10
US,TX,Ochiltree County,TXOchiltree County,0.000125349,0.000125349,0.000125349,10
US,TX,Oldham County,TXOldham County,0.000125349,0.000125349,0.000125349,10
US,TX,Orange County,TXOrange County,0.000125349,0.000125349,0.000125349,10
US,TX,Palo Pinto County,TXPalo Pinto County,0.000125349,0.000125349,0.000125349,10
US,TX,Panola County,TXPanola County,0.000125349,0.000125349,0.000125349,10
US,TX,Parker County,TXParker County,0.000125349,0.000125349,0.000125349,10
US,TX,Parmer County,TXParmer County,0.000125349,0.000125349,0.000125349,10
US,TX,Pecos County,TXPecos County,0.000125349,0.000125349,0.000125349,10
US,TX,Polk County,TXPolk County,0.000125349,0.000125349,0.000125349,10
US,TX,Potter County,TXPotter County,0.000125349,0.000125349,0.000125349,10
US,TX,Presidio County,TXPresidio County,0.000125349,0.000125349,0.000125349,10
US,TX,Rains County,TXRains County,0.000125349,0.000125349,0.000125349,10
US,TX,Randall County,TXRandall County,0.000125349,0.000125349,0.000125349,10
US,TX,Reagan County,TXReagan County,0.000125349,0.000125349,0.000125349,10
US,TX,Real County,TXReal County,0.000125349,0.000125349,0.000125349,10
US,TX,Red River County,TXRed River County,0.000125349,0.000125349,0.000125349,10
US,TX,Reeves County,TXReeves County,0.000125349,0.000125349,0.000125349,10
US,TX,Refugio County,TXRefugio County,0.000125349,0.000125349,0.000125349,10
US,TX,Roberts County,TXRoberts County,0.000125349,0.000125349,0.000125349,10
US,TX,Robertson County,TXRobertson County,0.000125349,0.000125349,0.000125349,10
US,TX,Rockwall County,TXRockwall County,0.000125349,0.000125349,0.000125349,10
US,TX,Runnels County,TXRunnels County,0.000125349,0.000125349,0.000125349,10
US,TX,Rusk County,TXRusk County,0.000125349,0.000125349,0.000125349,10
US,TX,Sabine County,TXSabine County,0.000125349,0.000125349,0.000125349,10
US,TX,San Augustine County,TXSan Augustine County,0.000125349,0.000125349,0.000125349,10
US,TX,San Jacinto County,TXSan Jacinto County,0.000125349,0.000125349,0.000125349,10
US,TX,San Patricio County,TXSan Patricio County,0.000125349,0.000125349,0.000125349,10
US,TX,San Saba County,TXSan Saba County,0.000125349,0.000125349,0.000125349,10
US,TX,Schleicher County,TXSchleicher County,0.000125349,0.000125349,0.000125349,10
US,TX,Scurry County,TXScurry County,0.000125349,0.000125349,0.000125349,10
US,TX,Shackelford County,TXShackelford County,0.000125349,0.000125349,0.000125349,10
US,TX,Shelby County,TXShelby County,0.000125349,0.000125349,0.000125349,10
US,TX,Sherman County,TXSherman County,0.000125349,0.000125349,0.000125349,10
US,TX,Smith County,TXSmith County,0.000125349,0.000125349,0.000125349,10
US,TX,Somervell County,TXSomervell County,0.000125349,0.000125349,0.000125349,10
US,TX,Starr County,TXStarr County,0.000125349,0.000125349,0.000125349,10
US,TX,Stephens County,TXStephens County,0.000125349,0.000125349,0.000125349,10
US,TX,Sterling County,TXSterling County,0.000125349,0.000125349,0.000125349,10
US,TX,Stonewall County,TXStonewall County,0.000125349,0.000125349,0.000125349,10
US,TX,Sutton County,TXSutton County,0.000125349,0.000125349,0.000125349,10
US,TX,Swisher County,TXSwisher County,0.000125349,0.000125349,0.000125349,10
US,TX,Tarrant County,TXTarrant County,0.000125349,0.000125349,0.000125349,10
US,TX,Taylor County,TXTaylor County,0.000125349,0.000125349,0.000125349,10
US,TX,Terrell County,TXTerrell County,0.000125349,0.000125349,0.000125349,10
US,TX,Terry County,TXTerry County,0.000125349,0.000125349,0.000125349,10
US,TX,Throckmorton County,TXThrockmorton County,0.000125349,0.000125349,0.000125349,10
US,TX,Titus County,TXTitus County,0.000125349,0.000125349,0.000125349,10
US,TX,Tom Green County,TXTom Green County,0.000125349,0.000125349,0.000125349,10
US,TX,Travis County,TXTravis County,0.000125349,0.000125349,0.000125349,10
US,TX,Trinity County,TXTrinity County,0.000125349,0.000125349,0.000125349,10
US,TX,Tyler County,TXTyler County,0.000125349,0.000125349,0.000125349,10
US,TX,Upshur County,TXUpshur County,0.000125349,0.000125349,0.000125349,10
US,TX,Upton County,TXUpton County,0.000125349,0.000125349,0.000125349,10
US,TX,Uvalde County,TXUvalde County,0.000125349,0.000125349,0.000125349,10
US,TX,Val Verde County,TXVal Verde County,0.000125349,0.000125349,0.000125349,10
US,TX,Van Zandt County,TXVan Zandt County,0.000125349,0.000125349,0.000125349,10
US,TX,Victoria County,TXVictoria County,0.000125349,0.000125349,0.000125349,10
US,TX,Walker County,TXWalker County,0.000125349,0.000125349,0.000125349,10
US,TX,Waller County,TXWaller County,0.000125349,0.000125349,0.000125349,10
US,TX,Ward County,TXWard County,0.000125349,0.000125349,0.000125349,10
US,TX,Washington County,TXWashington County,0.000125349,0.000125349,0.000125349,10
US,TX,Webb County,TXWebb County,0.000125349,0.000125349,0.000125349,10
US,TX,Wharton County,TXWharton County,0.000125349,0.000125349,0.000125349,10
US,TX,Wheeler County,TXWheeler County,0.000125349,0.000125349,0.000125349,10
US,TX,Wichita County,TXWichita County,0.000125349,0.000125349,0.000125349,10
US,TX,Wilbarger County,TXWilbarger County,0.000125349,0.000125349,0.000125349,10
US,TX,Willacy County,TXWillacy County,0.000125349,0.000125349,0.000125349,10
US,TX,Williamson County,TXWilliamson County,0.000125349,0.000125349,0.000125349,10
US,TX,Wilson County,TXWilson County,0.000125349,0.000125349,0.000125349,10
US,TX,Winkler County,TXWinkler County,0.000125349,0.000125349,0.000125349,10
US,TX,Wise County,TXWise County,0.000125349,0.000125349,0.000125349,10
US,TX,Wood County,TXWood County,0.000125349,0.000125349,0.000125349,10
US,TX,Yoakum County,TXYoakum County,0.000125349,0.000125349,0.000125349,10
US,TX,Young County,TXYoung County,0.000125349,0.000125349,0.000125349,10
US,TX,Zapata County,TXZapata County,0.000125349,0.000125349,0.000125349,10
US,TX,Zavala County,TXZavala County,0.000125349,0.000125349,0.000125349,10
US,UT,Beaver County,UTBeaver County,0.000138731,0.000138731,0.000138731,10
US,UT,Box Elder County,UTBox Elder County,0.000138731,0.000138731,0.000138731,10
US,UT,Cache County,UTCache County,0.000138731,0.000138731,0.000138731,10
US,UT,Carbon County,UTCarbon County,0.000138731,0.000138731,0.000138731,10
US,UT,Daggett County,UTDaggett County,0.000138731,0.000138731,0.000138731,10
US,UT,Davis County,UTDavis County,0.000138731,0.000138731,0.000138731,10
US,UT,Duchesne County,UTDuchesne County,0.000138731,0.000138731,0.000138731,10
US,UT,Emery County,UTEmery County,0.000138731,0.000138731,0.000138731,10
US,UT,Garfield County,UTGarfield County,0.000138731,0.000138731,0.000138731,10
US,UT,Grand County,UTGrand County,0.000138731,0.000138731,0.000138731,10
US,UT,Iron County,UTIron County,0.000138731,0.000138731,0.000138731,10
US,UT,Juab County,UTJuab County,0.000138731,0.000138731,0.000138731,10
US,UT,Kane County,UTKane County,0.000138731,0.000138731,0.000138731,10
US,UT,Millard County,UTMillard County,0.000138731,0.000138731,0.000138731,10
US,UT,Morgan County,UTMorgan County,0.000138731,0.000138731,0.000138731,10
US,UT,Piute County,UTPiute County,0.000138731,0.000138731,0.000138731,10
US,UT,Rich County,UTRich County,0.000138731,0.000138731,0.000138731,10
US,UT,Salt Lake County,UTSalt Lake County,0.000138731,0.000138731,0.000138731,10
US,UT,San Juan County,UTSan Juan County,0.000138731,0.000138731,0.000138731,10
US,UT,Sanpete County,UTSanpete County,0.000138731,0.000138731,0.000138731,10
US,UT,Sevier County,UTSevier County,0.000138731,0.000138731,0.000138731,10
US,UT,Summit County,UTSummit County,0.000138731,0.000138731,0.000138731,10
US,UT,Tooele County,UTTooele County,0.000138731,0.000138731,0.000138731,10
US,UT,Uintah County,UTUintah County,0.000138731,0.000138731,0.000138731,10
US,UT,Utah County,UTUtah County,0.000138731,0.000138731,0.000138731,10
US,UT,Wasatch County,UTWasatch County,0.000138731,0.000138731,0.000138731,10
US,UT,Washington County,UTWashington County,0.000138731,0.000138731,0.000138731,10
US,UT,Wayne County,UTWayne County,0.000138731,0.000138731,0.000138731,10
US,UT,Weber County,UTWeber County,0.000138731,0.000138731,0.000138731,10
US,VA,Accomack County,VAAccomack County,0.00012109,0.00012109,0.00012109,10
US,VA,Albemarle County,VAAlbemarle County,0.00012109,0.00012109,0.00012109,10
US,VA,Alexandria City,VAAlexandria City,0.00012109,0.00012109,0.00012109,10
US,VA,Alleghany County,VAAlleghany County,0.00012109,0.00012109,0.00012109,10
US,VA,Amelia County,VAAmelia County,0.00012109,0.00012109,0.00012109,10
US,VA,Amherst County,VAAmherst County,0.00012109,0.00012109,0.00012109,10
US,VA,Appomattox County,VAAppomattox County,0.00012109,0.00012109,0.00012109,10
US,VA,Arlington County,VAArlington County,0.00012109,0.00012109,0.00012109,10
US,VA,Augusta County,VAAugusta County,0.00012109,0.00012109,0.00012109,10
US,VA,Bath County,VABath County,0.00012109,0.00012109,0.00012109,10
US,VA,Bedford County,VABedford County,0.00012109,0.00012109,0.00012109,10
US,VA,Bland County,VABland County,0.00012109,0.00012109,0.00012109,10
US,VA,Botetourt County,VABotetourt County,0.00012109,0.00012109,0.00012109,10
US,VA,Bristol City,VABristol City,0.00012109,0.00012109,0.00012109,10
US,VA,Brunswick County,VABrunswick County,0.00012109,0.00012109,0.00012109,10
US,VA,Buchanan County,VABuchanan County,0.00012109,0.00012109,0.00012109,10
US,VA,Buckingham County,VABuckingham County,0.00012109,0.00012109,0.00012109,10
US,VA,Buena Vista City,VABuena Vista City,0.00012109,0.00012109,0.00012109,10
US,VA,Campbell County,VACampbell County,0.00012109,0.00012109,0.00012109,10
US,VA,Caroline County,VACaroline County,0.00012109,0.00012109,0.00012109,10
US,VA,Carroll County,VACarroll County,0.00012109,0.00012109,0.00012109,10
US,VA,Charles City County,VACharles City County,0.00012109,0.00012109,0.00012109,10
US,VA,Charlotte County,VACharlotte County,0.00012109,0.00012109,0.00012109,10
US,VA,Charlottesville City,VACharlottesville City,0.00012109,0.00012109,0.00012109,10
US,VA,Chesapeake City,VAChesapeake City,0.00012109,0.00012109,0.00012109,10
US,VA,Chesterfield County,VAChesterfield County,0.00012109,0.00012109,0.00012109,10
US,VA,Clarke County,VAClarke County,0.00012109,0.00012109,0.00012109,10
US,VA,Colonial Heights City,VAColonial Heights City,0.00012109,0.00012109,0.00012109,10
US,VA,Covington City,VACovington City,0.00012109,0.00012109,0.00012109,10
US,VA,Craig County,VACraig County,0.00012109,0.00012109,0.00012109,10
US,VA,Culpeper County,VACulpeper County,0.00012109,0.00012109,0.00012109,10
US,VA,Cumberland County,VACumberland County,0.00012109,0.00012109,0.00012109,10
US,VA,Danville City,VADanville City,0.00012109,0.00012109,0.00012109,10
US,VA,Dickenson County,VADickenson County,0.00012109,0.00012109,0.00012109,10
US,VA,Dinwiddie County,VADinwiddie County,0.00012109,0.00012109,0.00012109,10
US,VA,Essex County,VAEssex County,0.00012109,0.00012109,0.00012109,10
US,VA,Fairfax City,VAFairfax City,0.00012109,0.00012109,0.00012109,10
US,VA,Fairfax County,VAFairfax County,0.00012109,0.00012109,0.00012109,10
US,VA,Falls Church City,VAFalls Church City,0.00012109,0.00012109,0.00012109,10
US,VA,Fauquier County,VAFauquier County,0.00012109,0.00012109,0.00012109,10
US,VA,Floyd County,VAFloyd County,0.00012109,0.00012109,0.00012109,10
US,VA,Fluvanna County,VAFluvanna County,0.00012109,0.00012109,0.00012109,10
US,VA,Franklin City,VAFranklin City,0.00012109,0.00012109,0.00012109,10
US,VA,Franklin County,VAFranklin County,0.00012109,0.00012109,0.00012109,10
US,VA,Frederick County,VAFrederick County,0.00012109,0.00012109,0.00012109,10
US,VA,Fredericksburg City,VAFredericksburg City,0.00012109,0.00012109,0.00012109,10
US,VA,Galax City,VAGalax City,0.00012109,0.00012109,0.00012109,10
US,VA,Giles County,VAGiles County,0.00012109,0.00012109,0.00012109,10
US,VA,Gloucester County,VAGloucester County,0.00012109,0.00012109,0.00012109,10
US,VA,Goochland County,VAGoochland County,0.00012109,0.00012109,0.00012109,10
US,VA,Grayson County,VAGrayson County,0.00012109,0.00012109,0.00012109,10
US,VA,Greene County,VAGreene County,0.00012109,0.00012109,0.00012109,10
US,VA,Greensville County,VAGreensville County,0.00012109,0.00012109,0.00012109,10
US,VA,Halifax County,VAHalifax County,0.00012109,0.00012109,0.00012109,10
US,VA,Hampton City,VAHampton City,0.00012109,0.00012109,0.00012109,10
US,VA,Hanover County,VAHanover County,0.00012109,0.00012109,0.00012109,10
US,VA,Harrisonburg City,VAHarrisonburg City,0.00012109,0.00012109,0.00012109,10
US,VA,Henrico County,VAHenrico County,0.00012109,0.00012109,0.00012109,10
US,VA,Henry County,VAHenry County,0.00012109,0.00012109,0.00012109,10
US,VA,Highland County,VAHighland County,0.00012109,0.00012109,0.00012109,10
US,VA,Hopewell City,VAHopewell City,0.00012109,0.00012109,0.00012109,10
US,VA,Isle Of Wight County,VAIsle Of Wight County,0.00012109,0.00012109,0.00012109,10
US,VA,James City County,VAJames City County,0.00012109,0.00012109,0.00012109,10
US,VA,King And Queen County,VAKing And Queen County,0.00012109,0.00012109,0.00012109,10
US,VA,King George County,VAKing George County,0.00012109,0.00012109,0.00012109,10
US,VA,King William County,VAKing William County,0.00012109,0.00012109,0.00012109,10
US,VA,Lancaster County,VALancaster County,0.00012109,0.00012109,0.00012109,10
US,VA,Lee County,VALee County,0.00012109,0.00012109,0.00012109,10
US,VA,Loudoun County,VALoudoun County,0.00012109,0.00012109,0.00012109,10
US,VA,Louisa County,VALouisa County,0.00012109,0.00012109,0.00012109,10
US,VA,Lunenburg County,VALunenburg County,0.00012109,0.00012109,0.00012109,10
US,VA,Lynchburg City,VALynchburg City,0.00012109,0.00012109,0.00012109,10
US,VA,Madison County,VAMadison County,0.00012109,0.00012109,0.00012109,10
US,VA,Manassas City,VAManassas City,0.00012109,0.00012109,0.00012109,10
US,VA,Manassas Park City,VAManassas Park City,0.00012109,0.00012109,0.00012109,10
US,VA,Martinsville City,VAMartinsville City,0.00012109,0.00012109,0.00012109,10
US,VA,Mathews County,VAMathews County,0.00012109,0.00012109,0.00012109,10
US,VA,Mecklenburg County,VAMecklenburg County,0.00012109,0.00012109,0.00012109,10
US,VA,Middlesex County,VAMiddlesex County,0.00012109,0.00012109,0.00012109,10
US,VA,Montgomery County,VAMontgomery County,0.00012109,0.00012109,0.00012109,10
US,VA,Nelson County,VANelson County,0.00012109,0.00012109,0.00012109,10
US,VA,New Kent County,VANew Kent County,0.00012109,0.00012109,0.00012109,10
US,VA,Newport News City,VANewport News City,0.00012109,0.00012109,0.00012109,10
US,VA,Norfolk City,VANorfolk City,0.00012109,0.00012109,0.00012109,10
US,VA,Northampton County,VANorthampton County,0.00012109,0.00012109,0.00012109,10
US,VA,Northumberland County,VANorthumberland County,0.00012109,0.00012109,0.00012109,10
US,VA,Norton City,VANorton City,0.00012109,0.00012109,0.00012109,10
US,VA,Nottoway County,VANottoway County,0.00012109,0.00012109,0.00012109,10
US,VA,Orange County,VAOrange County,0.00012109,0.00012109,0.00012109,10
US,VA,Page County,VAPage County,0.00012109,0.00012109,0.00012109,10
US,VA,Patrick County,VAPatrick County,0.00012109,0.00012109,0.00012109,10
US,VA,Petersburg City,VAPetersburg City,0.00012109,0.00012109,0.00012109,10
US,VA,Pittsylvania County,VAPittsylvania County,0.00012109,0.00012109,0.00012109,10
US,VA,Poquoson City,VAPoquoson City,0.00012109,0.00012109,0.00012109,10
US,VA,Portsmouth City,VAPortsmouth City,0.00012109,0.00012109,0.00012109,10
US,VA,Powhatan County,VAPowhatan County,0.00012109,0.00012109,0.00012109,10
US,VA,Prince Edward County,VAPrince Edward County,0.00012109,0.00012109,0.00012109,10
US,VA,Prince George County,VAPrince George County,0.00012109,0.00012109,0.00012109,10
US,VA,Prince William County,VAPrince William County,0.00012109,0.00012109,0.00012109,10
US,VA,Pulaski County,VAPulaski County,0.00012109,0.00012109,0.00012109,10
US,VA,Radford City,VARadford City,0.00012109,0.00012109,0.00012109,10
US,VA,Rappahannock County,VARappahannock County,0.00012109,0.00012109,0.00012109,10
US,VA,Richmond City,VARichmond City,0.00012109,0.00012109,0.00012109,10
US,VA,Richmond County,VARichmond County,0.00012109,0.00012109,0.00012109,10
US,VA,Roanoke City,VARoanoke City,0.00012109,0.00012109,0.00012109,10
US,VA,Roanoke County,VARoanoke County,0.00012109,0.00012109,0.00012109,10
US,VA,Rockbridge County,VARockbridge County,0.00012109,0.00012109,0.00012109,10
US,VA,Rockingham County,VARockingham County,0.00012109,0.00012109,0.00012109,10
US,VA,Russell County,VARussell County,0.00012109,0.00012109,0.00012109,10
US,VA,Salem City,VASalem City,0.00012109,0.00012109,0.00012109,10
US,VA,Scott County,VAScott County,0.00012109,0.00012109,0.00012109,10
US,VA,Shenandoah County,VAShenandoah County,0.00012109,0.00012109,0.00012109,10
US,VA,Smyth County,VASmyth County,0.00012109,0.00012109,0.00012109,10
US,VA,Southampton County,VASouthampton County,0.00012109,0.00012109,0.00012109,10
US,VA,Spotsylvania County,VASpotsylvania County,0.00012109,0.00012109,0.00012109,10
US,VA,Stafford County,VAStafford County,0.00012109,0.00012109,0.00012109,10
US,VA,Staunton City,VAStaunton City,0.00012109,0.00012109,0.00012109,10
US,VA,Suffolk City,VASuffolk City,0.00012109,0.00012109,0.00012109,10
US,VA,Surry County,VASurry County,0.00012109,0.00012109,0.00012109,10
US,VA,Sussex County,VASussex County,0.00012109,0.00012109,0.00012109,10
US,VA,Tazewell County,VATazewell County,0.00012109,0.00012109,0.00012109,10
US,VA,Virginia Beach City,VAVirginia Beach City,0.00012109,0.00012109,0.00012109,10
US,VA,Warren County,VAWarren County,0.00012109,0.00012109,0.00012109,10
US,VA,Washington County,VAWashington County,0.00012109,0.00012109,0.00012109,10
US,VA,Waynesboro City,VAWaynesboro City,0.00012109,0.00012109,0.00012109,10
US,VA,Westmoreland County,VAWestmoreland County,0.00012109,0.00012109,0.00012109,10
US,VA,Williamsburg City,VAWilliamsburg City,0.00012109,0.00012109,0.00012109,10
US,VA,Winchester City,VAWinchester City,0.00012109,0.00012109,0.00012109,10
US,VA,Wise County,VAWise County,0.00012109,0.00012109,0.00012109,10
US,VA,Wythe County,VAWythe County,0.00012109,0.00012109,0.00012109,10
US,VA,York County,VAYork County,0.00012109,0.00012109,0.00012109,10
US,VT,Addison County,VTAddison County,0.000120993,0.000120993,0.000120993,10
US,VT,Bennington County,VTBennington County,0.000120993,0.000120993,0.000120993,10
US,VT,Caledonia County,VTCaledonia County,0.000120993,0.000120993,0.000120993,10
US,VT,Chittenden County,VTChittenden County,0.000120993,0.000120993,0.000120993,10
US,VT,Essex County,VTEssex County,0.000120993,0.000120993,0.000120993,10
US,VT,Franklin County,VTFranklin County,0.000120993,0.000120993,0.000120993,10
US,VT,Grand Isle County,VTGrand Isle County,0.000120993,0.000120993,0.000120993,10
US,VT,Lamoille County,VTLamoille County,0.000120993,0.000120993,0.000120993,10
US,VT,Orange County,VTOrange County,0.000120993,0.000120993,0.000120993,10
US,VT,Orleans County,VTOrleans County,0.000120993,0.000120993,0.000120993,10
US,VT,Rutland County,VTRutland County,0.000120993,0.000120993,0.000120993,10
US,VT,Washington County,VTWashington County,0.000120993,0.000120993,0.000120993,10
US,VT,Windham County,VTWindham County,0.000120993,0.000120993,0.000120993,10
US,VT,Windsor County,VTWindsor County,0.000120993,0.000120993,0.000120993,10
US,WA,Adams County,WAAdams County,0.000128192,0.000128192,0.000128192,10
US,WA,Asotin County,WAAsotin County,0.000128192,0.000128192,0.000128192,10
US,WA,Benton County,WABenton County,0.000128192,0.000128192,0.000128192,10
US,WA,Chelan County,WAChelan County,0.000128192,0.000128192,0.000128192,10
US,WA,Clallam County,WAClallam County,0.000128192,0.000128192,0.000128192,10
US,WA,Clark County,WAClark County,0.000128192,0.000128192,0.000128192,10
US,WA,Columbia County,WAColumbia County,0.000128192,0.000128192,0.000128192,10
US,WA,Cowlitz County,WACowlitz County,0.000128192,0.000128192,0.000128192,10
US,WA,Douglas County,WADouglas County,0.000128192,0.000128192,0.000128192,10
US,WA,Ferry County,WAFerry County,0.000128192,0.000128192,0.000128192,10
US,WA,Franklin County,WAFranklin County,0.000128192,0.000128192,0.000128192,10
US,WA,Garfield County,WAGarfield County,0.000128192,0.000128192,0.000128192,10
US,WA,Grant County,WAGrant County,0.000128192,0.000128192,0.000128192,10
US,WA,Grays Harbor County,WAGrays Harbor County,0.000128192,0.000128192,0.000128192,10
US,WA,Island County,WAIsland County,0.000128192,0.000128192,0.000128192,10
US,WA,Jefferson County,WAJefferson County,0.000128192,0.000128192,0.000128192,10
US,WA,King County,WAKing County,0.000128192,0.000128192,0.000128192,10
US,WA,Kitsap County,WAKitsap County,0.000128192,0.000128192,0.000128192,10
US,WA,Kittitas County,WAKittitas County,0.000128192,0.000128192,0.000128192,10
US,WA,Klickitat County,WAKlickitat County,0.000128192,0.000128192,0.000128192,10
US,WA,Lewis County,WALewis County,0.000128192,0.000128192,0.000128192,10
US,WA,Lincoln County,WALincoln County,0.000128192,0.000128192,0.000128192,10
US,WA,Mason County,WAMason County,0.000128192,0.000128192,0.000128192,10
US,WA,Okanogan County,WAOkanogan County,0.000128192,0.000128192,0.000128192,10
US,WA,Pacific County,WAPacific County,0.000128192,0.000128192,0.000128192,10
US,WA,Pend Oreille County,WAPend Oreille County,0.000128192,0.000128192,0.000128192,10
US,WA,Pierce County,WAPierce County,0.000128192,0.000128192,0.000128192,10
US,WA,San Juan County,WASan Juan County,0.000128192,0.000128192,0.000128192,10
US,WA,Skagit County,WASkagit County,0.000128192,0.000128192,0.000128192,10
US,WA,Skamania County,WASkamania County,0.000128192,0.000128192,0.000128192,10
US,WA,Snohomish County,WASnohomish County,0.000128192,0.000128192,0.000128192,10
US,WA,Spokane County,WASpokane County,0.000128192,0.000128192,0.000128192,10
US,WA,Stevens County,WAStevens County,0.000128192,0.000128192,0.000128192,10
US,WA,Thurston County,WAThurston County,0.000128192,0.000128192,0.000128192,10
US,WA,Wahkiakum County,WAWahkiakum County,0.000128192,0.000128192,0.000128192,10
US,WA,Walla Walla County,WAWalla Walla County,0.000128192,0.000128192,0.000128192,10
US,WA,Whatcom County,WAWhatcom County,0.000128192,0.000128192,0.000128192,10
US,WA,Whitman County,WAWhitman County,0.000128192,0.000128192,0.000128192,10
US,WA,Yakima County,WAYakima County,0.000128192,0.000128192,0.000128192,10
US,WI,Adams County,WIAdams County,0.000126462,0.000126462,0.000126462,10
US,WI,Ashland County,WIAshland County,0.000126462,0.000126462,0.000126462,10
US,WI,Barron County,WIBarron County,0.000126462,0.000126462,0.000126462,10
US,WI,Bayfield County,WIBayfield County,0.000126462,0.000126462,0.000126462,10
US,WI,Brown County,WIBrown County,0.000126462,0.000126462,0.000126462,10
US,WI,Buffalo County,WIBuffalo County,0.000126462,0.000126462,0.000126462,10
US,WI,Burnett County,WIBurnett County,0.000126462,0.000126462,0.000126462,10
US,WI,Calumet County,WICalumet County,0.000126462,0.000126462,0.000126462,10
US,WI,Chippewa County,WIChippewa County,0.000126462,0.000126462,0.000126462,10
US,WI,Clark County,WIClark County,0.000126462,0.000126462,0.000126462,10
US,WI,Columbia County,WIColumbia County,0.000126462,0.000126462,0.000126462,10
US,WI,Crawford County,WICrawford County,0.000126462,0.000126462,0.000126462,10
US,WI,Dane County,WIDane County,0.000126462,0.000126462,0.000126462,10
US,WI,Dodge County,WIDodge County,0.000126462,0.000126462,0.000126462,10
US,WI,Door County,WIDoor County,0.000126462,0.000126462,0.000126462,10
US,WI,Douglas County,WIDouglas County,0.000126462,0.000126462,0.000126462,10
US,WI,Dunn County,WIDunn County,0.000126462,0.000126462,0.000126462,10
US,WI,Eau Claire County,WIEau Claire County,0.000126462,0.000126462,0.000126462,10
US,WI,Florence County,WIFlorence County,0.000126462,0.000126462,0.000126462,10
US,WI,Fond Du Lac County,WIFond Du Lac County,0.000126462,0.000126462,0.000126462,10
US,WI,Forest County,WIForest County,0.000126462,0.000126462,0.000126462,10
US,WI,Grant County,WIGrant County,0.000126462,0.000126462,0.000126462,10
US,WI,Green County,WIGreen County,0.000126462,0.000126462,0.000126462,10
US,WI,Green Lake County,WIGreen Lake County,0.000126462,0.000126462,0.000126462,10
US,WI,Iowa County,WIIowa County,0.000126462,0.000126462,0.000126462,10
US,WI,Iron County,WIIron County,0.000126462,0.000126462,0.000126462,10
US,WI,Jackson County,WIJackson County,0.000126462,0.000126462,0.000126462,10
US,WI,Jefferson County,WIJefferson County,0.000126462,0.000126462,0.000126462,10
US,WI,Juneau County,WIJuneau County,0.000126462,0.000126462,0.000126462,10
US,WI,Kenosha County,WIKenosha County,0.000126462,0.000126462,0.000126462,10
US,WI,Kewaunee County,WIKewaunee County,0.000126462,0.000126462,0.000126462,10
US,WI,La Crosse County,WILa Crosse County,0.000126462,0.000126462,0.000126462,10
US,WI,Lafayette County,WILafayette County,0.000126462,0.000126462,0.000126462,10
US,WI,Langlade County,WILanglade County,0.000126462,0.000126462,0.000126462,10
US,WI,Lincoln County,WILincoln County,0.000126462,0.000126462,0.000126462,10
US,WI,Manitowoc County,WIManitowoc County,0.000126462,0.000126462,0.000126462,10
US,WI,Marathon County,WIMarathon County,0.000126462,0.000126462,0.000126462,10
US,WI,Marinette County,WIMarinette County,0.000126462,0.000126462,0.000126462,10
US,WI,Marquette County,WIMarquette County,0.000126462,0.000126462,0.000126462,10
US,WI,Menominee County,WIMenominee County,0.000126462,0.000126462,0.000126462,10
US,WI,Milwaukee County,WIMilwaukee County,0.000126462,0.000126462,0.000126462,10
US,WI,Monroe County,WIMonroe County,0.000126462,0.000126462,0.000126462,10
US,WI,Oconto County,WIOconto County,0.000126462,0.000126462,0.000126462,10
US,WI,Oneida County,WIOneida County,0.000126462,0.000126462,0.000126462,10
US,WI,Outagamie County,WIOutagamie County,0.000126462,0.000126462,0.000126462,10
US,WI,Ozaukee County,WIOzaukee County,0.000126462,0.000126462,0.000126462,10
US,WI,Pepin County,WIPepin County,0.000126462,0.000126462,0.000126462,10
US,WI,Pierce County,WIPierce County,0.000126462,0.000126462,0.000126462,10
US,WI,Polk County,WIPolk County,0.000126462,0.000126462,0.000126462,10
US,WI,Portage County,WIPortage County,0.000126462,0.000126462,0.000126462,10
US,WI,Price County,WIPrice County,0.000126462,0.000126462,0.000126462,10
US,WI,Racine County,WIRacine County,0.000126462,0.000126462,0.000126462,10
US,WI,Richland County,WIRichland County,0.000126462,0.000126462,0.000126462,10
US,WI,Rock County,WIRock County,0.000126462,0.000126462,0.000126462,10
US,WI,Rusk County,WIRusk County,0.000126462,0.000126462,0.000126462,10
US,WI,Sauk County,WISauk County,0.000126462,0.000126462,0.000126462,10
US,WI,Sawyer County,WISawyer County,0.000126462,0.000126462,0.000126462,10
US,WI,Shawano County,WIShawano County,0.000126462,0.000126462,0.000126462,10
US,WI,Sheboygan County,WISheboygan County,0.000126462,0.000126462,0.000126462,10
US,WI,St. Croix County,WISt. Croix County,0.000126462,0.000126462,0.000126462,10
US,WI,Taylor County,WITaylor County,0.000126462,0.000126462,0.000126462,10
US,WI,Trempealeau County,WITrempealeau County,0.000126462,0.000126462,0.000126462,10
US,WI,Vernon County,WIVernon County,0.000126462,0.000126462,0.000126462,10
US,WI,Vilas County,WIVilas County,0.000126462,0.000126462,0.000126462,10
US,WI,Walworth County,WIWalworth County,0.000126462,0.000126462,0.000126462,10
US,WI,Washburn County,WIWashburn County,0.000126462,0.000126462,0.000126462,10
US,WI,Washington County,WIWashington County,0.000126462,0.000126462,0.000126462,10
US,WI,Waukesha County,WIWaukesha County,0.000126462,0.000126462,0.000126462,10
US,WI,Waupaca County,WIWaupaca County,0.000126462,0.000126462,0.000126462,10
US,WI,Waushara County,WIWaushara County,0.000126462,0.000126462,0.000126462,10
US,WI,Winnebago County,WIWinnebago County,0.000126462,0.000126462,0.000126462,10
US,WI,Wood County,WIWood County,0.000126462,0.000126462,0.000126462,10
US,WV,Barbour County,WVBarbour County,0.000121211,0.000121211,0.000121211,10
US,WV,Berkeley County,WVBerkeley County,0.000121211,0.000121211,0.000121211,10
US,WV,Boone County,WVBoone County,0.000121211,0.000121211,0.000121211,10
US,WV,Braxton County,WVBraxton County,0.000121211,0.000121211,0.000121211,10
US,WV,Brooke County,WVBrooke County,0.000121211,0.000121211,0.000121211,10
US,WV,Cabell County,WVCabell County,0.000121211,0.000121211,0.000121211,10
US,WV,Calhoun County,WVCalhoun County,0.000121211,0.000121211,0.000121211,10
US,WV,Clay County,WVClay County,0.000121211,0.000121211,0.000121211,10
US,WV,Doddridge County,WVDoddridge County,0.000121211,0.000121211,0.000121211,10
US,WV,Fayette County,WVFayette County,0.000121211,0.000121211,0.000121211,10
US,WV,Gilmer County,WVGilmer County,0.000121211,0.000121211,0.000121211,10
US,WV,Grant County,WVGrant County,0.000121211,0.000121211,0.000121211,10
US,WV,Greenbrier County,WVGreenbrier County,0.000121211,0.000121211,0.000121211,10
US,WV,Hampshire County,WVHampshire County,0.000121211,0.000121211,0.000121211,10
US,WV,Hancock County,WVHancock County,0.000121211,0.000121211,0.000121211,10
US,WV,Hardy County,WVHardy County,0.000121211,0.000121211,0.000121211,10
US,WV,Harrison County,WVHarrison County,0.000121211,0.000121211,0.000121211,10
US,WV,Jackson County,WVJackson County,0.000121211,0.000121211,0.000121211,10
US,WV,Jefferson County,WVJefferson County,0.000121211,0.000121211,0.000121211,10
US,WV,Kanawha County,WVKanawha County,0.000121211,0.000121211,0.000121211,10
US,WV,Lewis County,WVLewis County,0.000121211,0.000121211,0.000121211,10
US,WV,Lincoln County,WVLincoln County,0.000121211,0.000121211,0.000121211,10
US,WV,Logan County,WVLogan County,0.000121211,0.000121211,0.000121211,10
US,WV,Marion County,WVMarion County,0.000121211,0.000121211,0.000121211,10
US,WV,Marshall County,WVMarshall County,0.000121211,0.000121211,0.000121211,10
US,WV,Mason County,WVMason County,0.000121211,0.000121211,0.000121211,10
US,WV,Mcdowell County,WVMcdowell County,0.000121211,0.000121211,0.000121211,10
US,WV,Mercer County,WVMercer County,0.000121211,0.000121211,0.000121211,10
US,WV,Mineral County,WVMineral County,0.000121211,0.000121211,0.000121211,10
US,WV,Mingo County,WVMingo County,0.000121211,0.000121211,0.000121211,10
US,WV,Monongalia County,WVMonongalia County,0.000121211,0.000121211,0.000121211,10
US,WV,Monroe County,WVMonroe County,0.000121211,0.000121211,0.000121211,10
US,WV,Morgan County,WVMorgan County,0.000121211,0.000121211,0.000121211,10
US,WV,Nicholas County,WVNicholas County,0.000121211,0.000121211,0.000121211,10
US,WV,Ohio County,WVOhio County,0.000121211,0.000121211,0.000121211,10
US,WV,Pendleton County,WVPendleton County,0.000121211,0.000121211,0.000121211,10
US,WV,Pleasants County,WVPleasants County,0.000121211,0.000121211,0.000121211,10
US,WV,Pocahontas County,WVPocahontas County,0.000121211,0.000121211,0.000121211,10
US,WV,Preston County,WVPreston County,0.000121211,0.000121211,0.000121211,10
US,WV,Putnam County,WVPutnam County,0.000121211,0.000121211,0.000121211,10
US,WV,Raleigh County,WVRaleigh County,0.000121211,0.000121211,0.000121211,10
US,WV,Randolph County,WVRandolph County,0.000121211,0.000121211,0.000121211,10
US,WV,Ritchie County,WVRitchie County,0.000121211,0.000121211,0.000121211,10
US,WV,Roane County,WVRoane County,0.000121211,0.000121211,0.000121211,10
US,WV,Summers County,WVSummers County,0.000121211,0.000121211,0.000121211,10
US,WV,Taylor County,WVTaylor County,0.000121211,0.000121211,0.000121211,10
US,WV,Tucker County,WVTucker County,0.000121211,0.000121211,0.000121211,10
US,WV,Tyler County,WVTyler County,0.000121211,0.000121211,0.000121211,10
US,WV,Upshur County,WVUpshur County,0.000121211,0.000121211,0.000121211,10
US,WV,Wayne County,WVWayne County,0.000121211,0.000121211,0.000121211,10
US,WV,Webster County,WVWebster County,0.000121211,0.000121211,0.000121211,10
US,WV,Wetzel County,WVWetzel County,0.000121211,0.000121211,0.000121211,10
US,WV,Wirt County,WVWirt County,0.000121211,0.000121211,0.000121211,10
US,WV,Wood County,WVWood County,0.000121211,0.000121211,0.000121211,10
US,WV,Wyoming County,WVWyoming County,0.000121211,0.000121211,0.000121211,10
US,WY,Albany County,WYAlbany County,0.000128761,0.000128761,0.000128761,10
US,WY,Big Horn County,WYBig Horn County,0.000128761,0.000128761,0.000128761,10
US,WY,Campbell County,WYCampbell County,0.000128761,0.000128761,0.000128761,10
US,WY,Carbon County,WYCarbon County,0.000128761,0.000128761,0.000128761,10
US,WY,Converse County,WYConverse County,0.000128761,0.000128761,0.000128761,10
US,WY,Crook County,WYCrook County,0.000128761,0.000128761,0.000128761,10
US,WY,Fremont County,WYFremont County,0.000128761,0.000128761,0.000128761,10
US,WY,Goshen County,WYGoshen County,0.000128761,0.000128761,0.000128761,10
US,WY,Hot Springs County,WYHot Springs County,0.000128761,0.000128761,0.000128761,10
US,WY,Johnson County,WYJohnson County,0.000128761,0.000128761,0.000128761,10
US,WY,Laramie County,WYLaramie County,0.000128761,0.000128761,0.000128761,10
US,WY,Lincoln County,WYLincoln County,0.000128761,0.000128761,0.000128761,10
US,WY,Natrona County,WYNatrona County,0.000128761,0.000128761,0.000128761,10
US,WY,Niobrara County,WYNiobrara County,0.000128761,0.000128761,0.000128761,10
US,WY,Park County,WYPark County,0.000128761,0.000128761,0.000128761,10
US,WY,Platte County,WYPlatte County,0.000128761,0.000128761,0.000128761,10
US,WY,Sheridan County,WYSheridan County,0.000128761,0.000128761,0.000128761,10
US,WY,Sublette County,WYSublette County,0.000128761,0.000128761,0.000128761,10
US,WY,Sweetwater County,WYSweetwater County,0.000128761,0.000128761,0.000128761,10
US,WY,Teton County,WYTeton County,0.000128761,0.000128761,0.000128761,10
US,WY,Uinta County,WYUinta County,0.000128761,0.000128761,0.000128761,10
US,WY,Washakie County,WYWashakie County,0.000128761,0.000128761,0.000128761,10
US,WY,Weston County,WYWeston County,0.000128761,0.000128761,0.000128761,10
Int,Int,Int,IntInt,0,0,0,10
