StateCounty,Contents,BI
AKAleutians East Borough,0.000000000000000000,0.000000000000000000
AKAleutians West Census Area,0.000000000000000000,0.000000000000000000
AKAnchorage Municipality,0.000000000000000000,0.000000000000000000
AKBethel Census Area,0.000000000000000000,0.000000000000000000
AKBristol Bay Borough,0.000000000000000000,0.000000000000000000
AKDenali Borough,0.000000000000000000,0.000000000000000000
AKDillingham Census Area,0.000000000000000000,0.000000000000000000
AKFairbanks North Star Borough,0.000000000000000000,0.000000000000000000
AKHaines Borough,0.000000000000000000,0.000000000000000000
AKHoonah-Angoon Census Area,0.000000000000000000,0.000000000000000000
AKJuneau Borough,0.000000000000000000,0.000000000000000000
AKKenai Peninsula Borough,0.000000000000000000,0.000000000000000000
AKKetchikan Gateway Borough,0.000000000000000000,0.000000000000000000
AKKodiak Island Borough,0.000000000000000000,0.000000000000000000
AKKusilvak,0.000000000000000000,0.000000000000000000
AKMatanuska-Susitna Borough,0.000000000000000000,0.000000000000000000
AKNome Census Area,0.000000000000000000,0.000000000000000000
AKNorth Slope Borough,0.000000000000000000,0.000000000000000000
AKNorthwest Arctic Borough,0.000000000000000000,0.000000000000000000
AKPeninsula And Lake Borough,0.000000000000000000,0.000000000000000000
AKPetersburg Census Area,0.000000000000000000,0.000000000000000000
AKPrince Of Wales-Hyder Census Area,0.000000000000000000,0.000000000000000000
AKSitka Borough,0.000000000000000000,0.000000000000000000
AKSkagway Municipality,0.000000000000000000,0.000000000000000000
AKSoutheast Fairbanks Census Area,0.000000000000000000,0.000000000000000000
AKValdez-Cordova Census Area,0.000000000000000000,0.000000000000000000
AKWrangell City And Borough,0.000000000000000000,0.000000000000000000
AKYakutat Borough,0.000000000000000000,0.000000000000000000
AKYukon-Koyukuk Census Area,0.000000000000000000,0.000000000000000000
ALAutauga County,-0.735697745714843000,0.264696936732378000
ALBaldwin County,-0.442053142279366000,-0.189793963606410000
ALBarbour County,-0.679547785183824000,0.111190614412904000
ALBibb County,-0.748251032254829000,0.268916540445994000
ALBlount County,-0.784671678560975000,0.503964878389255000
ALBullock County,-0.714851250403340000,0.202900944809692000
ALButler County,-0.689855585585767000,0.129774479107370000
ALCalhoun County,-0.797605087377478000,0.574154571104346000
ALChambers County,-0.751090077100094000,0.339558574780585000
ALCherokee County,-0.777526925081234000,0.489396681853599000
ALChilton County,-0.750204637087008000,0.282450243617904000
ALChoctaw County,-0.690109043425471000,0.072475261464296100
ALClarke County,-0.651905425440860000,-0.031062534492433600
ALClay County,-0.779541140753887000,0.474066390029011000
ALCleburne County,-0.785840554515304000,0.514311664651891000
ALCoffee County,-0.652030225796586000,0.060725194134634500
ALColbert County,-0.761263453477815000,0.385110924524986000
ALConecuh County,-0.651223475198594000,0.006856817223064970
ALCoosa County,-0.772057910993388000,0.428193638973864000
ALCovington County,-0.618642413772361000,-0.018877040317791500
ALCrenshaw County,-0.704335149499111000,0.185287533014842000
ALCullman County,-0.775312590727457000,0.470749331378434000
ALDale County,-0.655960977674072000,0.068643281263012900
ALDallas County,-0.700084864887275000,0.105760865756954000
ALDekalb County,-0.782228976458904000,0.519523198198547000
ALElmore County,-0.738244198997228000,0.290608099164301000
ALEscambia County,-0.579182495314860000,-0.121039117162168000
ALEtowah County,-0.792193170156938000,0.556692782581451000
ALFayette County,-0.765596376645409000,0.426610219088175000
ALFranklin County,-0.769035470126896000,0.421594320276540000
ALGeneva County,-0.603975972743879000,-0.055904611999386100
ALGreene County,-0.726033098637237000,0.222512223254944000
ALHale County,-0.715443021779419000,0.167865006899916000
ALHenry County,-0.660457968305286000,0.083032655153653300
ALHouston County,-0.629120780622115000,0.015178699755408400
ALJackson County,-0.776195636060707000,0.494071396934666000
ALJefferson County,-0.777630339209350000,0.447168793234499000
ALLamar County,-0.758332067739922000,0.384613871663110000
ALLauderdale County,-0.761755760349743000,0.388323745022802000
ALLawrence County,-0.763397834111786000,0.419766783671102000
ALLee County,-0.740737711362591000,0.299259424372546000
ALLimestone County,-0.772530221395639000,0.454410610674570000
ALLowndes County,-0.712071453623762000,0.196475402418623000
ALMacon County,-0.734616547436106000,0.270404245372654000
ALMadison County,-0.786580690565324000,0.509443373285270000
ALMarengo County,-0.690862185776037000,0.068809797759476200
ALMarion County,-0.767927541420200000,0.420112879737313000
ALMarshall County,-0.777213905768198000,0.484826014088777000
ALMobile County,-0.447898181981135000,-0.223034352917889000
ALMonroe County,-0.650153833771067000,-0.004163280863242800
ALMontgomery County,-0.727018140691301000,0.255334591856800000
ALMorgan County,-0.772532448473152000,0.458723018193894000
ALPerry County,-0.686799974072898000,0.052151457551216300
ALPickens County,-0.743194642049118000,0.321004828481048000
ALPike County,-0.691950468440941000,0.148496904117589000
ALRandolph County,-0.767839236421473000,0.427497830890447000
ALRussell County,-0.725340933356495000,0.246745685986965000
ALShelby County,-0.763646840217849000,0.353599130250779000
ALSt. Clair County,-0.786513279332661000,0.509417178209878000
ALSumter County,-0.708758436751932000,0.156828534802776000
ALTalladega County,-0.780414239330393000,0.463285663463508000
ALTallapoosa County,-0.754490992269503000,0.358588304512642000
ALTuscaloosa County,-0.754144183987123000,0.353020155860375000
ALWalker County,-0.774356880334811000,0.471396996736476000
ALWashington County,-0.629091922523562000,-0.093346039672642700
ALWilcox County,-0.688537712282204000,0.076623188731808500
ALWinston County,-0.769412227366270000,0.449630464441331000
ARArkansas County,0.000000000000000000,0.000000000000000000
ARAshley County,0.000000000000000000,0.000000000000000000
ARBaxter County,0.000000000000000000,0.000000000000000000
ARBenton County,0.000000000000000000,0.000000000000000000
ARBoone County,0.000000000000000000,0.000000000000000000
ARBradley County,0.000000000000000000,0.000000000000000000
ARCalhoun County,0.000000000000000000,0.000000000000000000
ARCarroll County,0.000000000000000000,0.000000000000000000
ARChicot County,0.000000000000000000,0.000000000000000000
ARClark County,0.000000000000000000,0.000000000000000000
ARClay County,0.000000000000000000,0.000000000000000000
ARCleburne County,0.000000000000000000,0.000000000000000000
ARCleveland County,0.000000000000000000,0.000000000000000000
ARColumbia County,0.000000000000000000,0.000000000000000000
ARConway County,0.000000000000000000,0.000000000000000000
ARCraighead County,0.000000000000000000,0.000000000000000000
ARCrawford County,0.000000000000000000,0.000000000000000000
ARCrittenden County,0.000000000000000000,0.000000000000000000
ARCross County,0.000000000000000000,0.000000000000000000
ARDallas County,0.000000000000000000,0.000000000000000000
ARDesha County,0.000000000000000000,0.000000000000000000
ARDrew County,0.000000000000000000,0.000000000000000000
ARFaulkner County,0.000000000000000000,0.000000000000000000
ARFranklin County,0.000000000000000000,0.000000000000000000
ARFulton County,0.000000000000000000,0.000000000000000000
ARGarland County,0.000000000000000000,0.000000000000000000
ARGrant County,0.000000000000000000,0.000000000000000000
ARGreene County,0.000000000000000000,0.000000000000000000
ARHempstead County,0.000000000000000000,0.000000000000000000
ARHot Spring County,0.000000000000000000,0.000000000000000000
ARHoward County,0.000000000000000000,0.000000000000000000
ARIndependence County,0.000000000000000000,0.000000000000000000
ARIzard County,0.000000000000000000,0.000000000000000000
ARJackson County,0.000000000000000000,0.000000000000000000
ARJefferson County,0.000000000000000000,0.000000000000000000
ARJohnson County,0.000000000000000000,0.000000000000000000
ARLafayette County,0.000000000000000000,0.000000000000000000
ARLawrence County,0.000000000000000000,0.000000000000000000
ARLee County,0.000000000000000000,0.000000000000000000
ARLincoln County,0.000000000000000000,0.000000000000000000
ARLittle River County,0.000000000000000000,0.000000000000000000
ARLogan County,0.000000000000000000,0.000000000000000000
ARLonoke County,0.000000000000000000,0.000000000000000000
ARMadison County,0.000000000000000000,0.000000000000000000
ARMarion County,0.000000000000000000,0.000000000000000000
ARMiller County,0.000000000000000000,0.000000000000000000
ARMississippi County,0.000000000000000000,0.000000000000000000
ARMonroe County,0.000000000000000000,0.000000000000000000
ARMontgomery County,0.000000000000000000,0.000000000000000000
ARNevada County,0.000000000000000000,0.000000000000000000
ARNewton County,0.000000000000000000,0.000000000000000000
AROuachita County,0.000000000000000000,0.000000000000000000
ARPerry County,0.000000000000000000,0.000000000000000000
ARPhillips County,0.000000000000000000,0.000000000000000000
ARPike County,0.000000000000000000,0.000000000000000000
ARPoinsett County,0.000000000000000000,0.000000000000000000
ARPolk County,0.000000000000000000,0.000000000000000000
ARPope County,0.000000000000000000,0.000000000000000000
ARPrairie County,0.000000000000000000,0.000000000000000000
ARPulaski County,0.000000000000000000,0.000000000000000000
ARRandolph County,0.000000000000000000,0.000000000000000000
ARSaline County,0.000000000000000000,0.000000000000000000
ARScott County,0.000000000000000000,0.000000000000000000
ARSearcy County,0.000000000000000000,0.000000000000000000
ARSebastian County,0.000000000000000000,0.000000000000000000
ARSevier County,0.000000000000000000,0.000000000000000000
ARSharp County,0.000000000000000000,0.000000000000000000
ARSt. Francis County,0.000000000000000000,0.000000000000000000
ARStone County,0.000000000000000000,0.000000000000000000
ARUnion County,0.000000000000000000,0.000000000000000000
ARVan Buren County,0.000000000000000000,0.000000000000000000
ARWashington County,0.000000000000000000,0.000000000000000000
ARWhite County,0.000000000000000000,0.000000000000000000
ARWoodruff County,0.000000000000000000,0.000000000000000000
ARYell County,0.000000000000000000,0.000000000000000000
AZApache County,0.000000000000000000,0.000000000000000000
AZCochise County,0.000000000000000000,0.000000000000000000
AZCoconino County,0.000000000000000000,0.000000000000000000
AZGila County,0.000000000000000000,0.000000000000000000
AZGraham County,0.000000000000000000,0.000000000000000000
AZGreenlee County,0.000000000000000000,0.000000000000000000
AZLa Paz County,0.000000000000000000,0.000000000000000000
AZMaricopa County,0.000000000000000000,0.000000000000000000
AZMohave County,0.000000000000000000,0.000000000000000000
AZNavajo County,0.000000000000000000,0.000000000000000000
AZPima County,0.000000000000000000,0.000000000000000000
AZPinal County,0.000000000000000000,0.000000000000000000
AZSanta Cruz County,0.000000000000000000,0.000000000000000000
AZYavapai County,0.000000000000000000,0.000000000000000000
AZYuma County,0.000000000000000000,0.000000000000000000
CAAlameda County,0.000000000000000000,0.000000000000000000
CAAlpine County,0.000000000000000000,0.000000000000000000
CAAmador County,0.000000000000000000,0.000000000000000000
CAButte County,0.000000000000000000,0.000000000000000000
CACalaveras County,0.000000000000000000,0.000000000000000000
CAColusa County,0.000000000000000000,0.000000000000000000
CAContra Costa County,0.000000000000000000,0.000000000000000000
CADel Norte County,0.000000000000000000,0.000000000000000000
CAEl Dorado County,0.000000000000000000,0.000000000000000000
CAFresno County,0.000000000000000000,0.000000000000000000
CAGlenn County,0.000000000000000000,0.000000000000000000
CAHumboldt County,0.000000000000000000,0.000000000000000000
CAImperial County,0.000000000000000000,0.000000000000000000
CAInyo County,0.000000000000000000,0.000000000000000000
CAKern County,0.000000000000000000,0.000000000000000000
CAKings County,0.000000000000000000,0.000000000000000000
CALake County,0.000000000000000000,0.000000000000000000
CALassen County,0.000000000000000000,0.000000000000000000
CALos Angeles County,0.000000000000000000,0.000000000000000000
CAMadera County,0.000000000000000000,0.000000000000000000
CAMarin County,0.000000000000000000,0.000000000000000000
CAMariposa County,0.000000000000000000,0.000000000000000000
CAMendocino County,0.000000000000000000,0.000000000000000000
CAMerced County,0.000000000000000000,0.000000000000000000
CAModoc County,0.000000000000000000,0.000000000000000000
CAMono County,0.000000000000000000,0.000000000000000000
CAMonterey County,0.000000000000000000,0.000000000000000000
CANapa County,0.000000000000000000,0.000000000000000000
CANevada County,0.000000000000000000,0.000000000000000000
CAOrange County,0.000000000000000000,0.000000000000000000
CAPlacer County,0.000000000000000000,0.000000000000000000
CAPlumas County,0.000000000000000000,0.000000000000000000
CARiverside County,0.000000000000000000,0.000000000000000000
CASacramento County,0.000000000000000000,0.000000000000000000
CASan Benito County,0.000000000000000000,0.000000000000000000
CASan Bernardino County,0.000000000000000000,0.000000000000000000
CASan Diego County,0.000000000000000000,0.000000000000000000
CASan Francisco County,0.000000000000000000,0.000000000000000000
CASan Joaquin County,0.000000000000000000,0.000000000000000000
CASan Luis Obispo County,0.000000000000000000,0.000000000000000000
CASan Mateo County,0.000000000000000000,0.000000000000000000
CASanta Barbara County,0.000000000000000000,0.000000000000000000
CASanta Clara County,0.000000000000000000,0.000000000000000000
CASanta Cruz County,0.000000000000000000,0.000000000000000000
CAShasta County,0.000000000000000000,0.000000000000000000
CASierra County,0.000000000000000000,0.000000000000000000
CASiskiyou County,0.000000000000000000,0.000000000000000000
CASolano County,0.000000000000000000,0.000000000000000000
CASonoma County,0.000000000000000000,0.000000000000000000
CAStanislaus County,0.000000000000000000,0.000000000000000000
CASutter County,0.000000000000000000,0.000000000000000000
CATehama County,0.000000000000000000,0.000000000000000000
CATrinity County,0.000000000000000000,0.000000000000000000
CATulare County,0.000000000000000000,0.000000000000000000
CATuolumne County,0.000000000000000000,0.000000000000000000
CAVentura County,0.000000000000000000,0.000000000000000000
CAYolo County,0.000000000000000000,0.000000000000000000
CAYuba County,0.000000000000000000,0.000000000000000000
COAdams County,0.000000000000000000,0.000000000000000000
COAlamosa County,0.000000000000000000,0.000000000000000000
COArapahoe County,0.000000000000000000,0.000000000000000000
COArchuleta County,0.000000000000000000,0.000000000000000000
COBaca County,0.000000000000000000,0.000000000000000000
COBent County,0.000000000000000000,0.000000000000000000
COBoulder County,0.000000000000000000,0.000000000000000000
COBroomfield County,0.000000000000000000,0.000000000000000000
COChaffee County,0.000000000000000000,0.000000000000000000
COCheyenne County,0.000000000000000000,0.000000000000000000
COClear Creek County,0.000000000000000000,0.000000000000000000
COConejos County,0.000000000000000000,0.000000000000000000
COCostilla County,0.000000000000000000,0.000000000000000000
COCrowley County,0.000000000000000000,0.000000000000000000
COCuster County,0.000000000000000000,0.000000000000000000
CODelta County,0.000000000000000000,0.000000000000000000
CODenver County,0.000000000000000000,0.000000000000000000
CODolores County,0.000000000000000000,0.000000000000000000
CODouglas County,0.000000000000000000,0.000000000000000000
COEagle County,0.000000000000000000,0.000000000000000000
COEl Paso County,0.000000000000000000,0.000000000000000000
COElbert County,0.000000000000000000,0.000000000000000000
COFremont County,0.000000000000000000,0.000000000000000000
COGarfield County,0.000000000000000000,0.000000000000000000
COGilpin County,0.000000000000000000,0.000000000000000000
COGrand County,0.000000000000000000,0.000000000000000000
COGunnison County,0.000000000000000000,0.000000000000000000
COHinsdale County,0.000000000000000000,0.000000000000000000
COHuerfano County,0.000000000000000000,0.000000000000000000
COJackson County,0.000000000000000000,0.000000000000000000
COJefferson County,0.000000000000000000,0.000000000000000000
COKiowa County,0.000000000000000000,0.000000000000000000
COKit Carson County,0.000000000000000000,0.000000000000000000
COLa Plata County,0.000000000000000000,0.000000000000000000
COLake County,0.000000000000000000,0.000000000000000000
COLarimer County,0.000000000000000000,0.000000000000000000
COLas Animas County,0.000000000000000000,0.000000000000000000
COLincoln County,0.000000000000000000,0.000000000000000000
COLogan County,0.000000000000000000,0.000000000000000000
COMesa County,0.000000000000000000,0.000000000000000000
COMineral County,0.000000000000000000,0.000000000000000000
COMoffat County,0.000000000000000000,0.000000000000000000
COMontezuma County,0.000000000000000000,0.000000000000000000
COMontrose County,0.000000000000000000,0.000000000000000000
COMorgan County,0.000000000000000000,0.000000000000000000
COOtero County,0.000000000000000000,0.000000000000000000
COOuray County,0.000000000000000000,0.000000000000000000
COPark County,0.000000000000000000,0.000000000000000000
COPhillips County,0.000000000000000000,0.000000000000000000
COPitkin County,0.000000000000000000,0.000000000000000000
COProwers County,0.000000000000000000,0.000000000000000000
COPueblo County,0.000000000000000000,0.000000000000000000
CORio Blanco County,0.000000000000000000,0.000000000000000000
CORio Grande County,0.000000000000000000,0.000000000000000000
CORoutt County,0.000000000000000000,0.000000000000000000
COSaguache County,0.000000000000000000,0.000000000000000000
COSan Juan County,0.000000000000000000,0.000000000000000000
COSan Miguel County,0.000000000000000000,0.000000000000000000
COSedgwick County,0.000000000000000000,0.000000000000000000
COSummit County,0.000000000000000000,0.000000000000000000
COTeller County,0.000000000000000000,0.000000000000000000
COWashington County,0.000000000000000000,0.000000000000000000
COWeld County,0.000000000000000000,0.000000000000000000
COYuma County,0.000000000000000000,0.000000000000000000
CTFairfield County,-0.312980046586284000,-0.266736632515385000
CTHartford County,-0.701315088763173000,0.092959258374068800
CTLitchfield County,-0.736868953348982000,0.230214654530203000
CTMiddlesex County,-0.631356684708985000,0.019247556448009500
CTNew Haven County,-0.641292619601097000,0.060635614216838300
CTNew London County,-0.566669554938982000,-0.058237208158592000
CTTolland County,-0.716339190753979000,0.146800777081008000
CTWindham County,-0.708065586410665000,0.115348639045939000
DCDistrict Of Columbia,-0.619467583546658000,0.322571575848664000
DEKent County,-0.401933497565018000,-0.084407946761443500
DENew Castle County,-0.349813483338090000,-0.113744336950872000
DESussex County,-0.455029372404654000,-0.058895166166251500
FLAlachua County,-0.660682884231010000,0.205555875157155000
FLBaker County,-0.707834975086957000,0.336970906830504000
FLBay County,-0.486314025154030000,0.014075710689962700
FLBradford County,-0.690755817936959000,0.293736369105370000
FLBrevard County,-0.454958410400480000,-0.134086861811496000
FLBroward County,-0.550986970390265000,-0.026713048373363700
FLCalhoun County,-0.638848582153019000,0.283270820619652000
FLCharlotte County,-0.262436664362197000,-0.376241070078404000
FLCitrus County,-0.255583909066188000,-0.319060547495903000
FLClay County,-0.673800994616544000,0.262862000071014000
FLCollier County,-0.259029534055555000,-0.338257347333967000
FLColumbia County,-0.670588010281799000,0.251817329738672000
FLDesoto County,-0.629928691668997000,0.030339833849092300
FLDixie County,-0.133821577999006000,-0.415398093425711000
FLDuval County,-0.469646190152126000,-0.036827950313892100
FLEscambia County,-0.473969086105111000,-0.049868356709042000
FLFlagler County,-0.480387259518491000,-0.035723841211752300
FLFranklin County,-0.328549732657411000,-0.207206662908801000
FLGadsden County,-0.659946843988089000,0.300314239631666000
FLGilchrist County,-0.617008937580413000,0.066367639196420300
FLGlades County,-0.583067791973496000,-0.069901699995794700
FLGulf County,-0.479096352898672000,0.053827725061528000
FLHamilton County,-0.691738305771939000,0.304735510654306000
FLHardee County,-0.642886375647760000,0.068548788622622800
FLHendry County,-0.581623650090578000,-0.063815596694571500
FLHernando County,-0.400185779865036000,-0.156361396079060000
FLHighlands County,-0.602514522690626000,-0.009474593259950810
FLHillsborough County,-0.306507888189106000,-0.291114884900541000
FLHolmes County,-0.636351691741399000,0.198341715590871000
FLIndian River County,-0.461899164390181000,-0.139222577685192000
FLJackson County,-0.654907572156042000,0.273438639039751000
FLJefferson County,-0.408998275190834000,-0.038394917749913800
FLLafayette County,-0.650100195710906000,0.204089069281094000
FLLake County,-0.655059621149498000,0.122527807691628000
FLLee County,-0.299425007815014000,-0.317950033650384000
FLLeon County,-0.616713318215679000,0.227932597666461000
FLLevy County,-0.176465465370539000,-0.391613253758127000
FLLiberty County,-0.640308424439137000,0.250050001073585000
FLMadison County,-0.662564279082350000,0.284402633887699000
FLManatee County,-0.390544853662999000,-0.235092785134032000
FLMarion County,-0.663357068762751000,0.168377119689807000
FLMartin County,-0.493440101347530000,-0.115181897046064000
FLMiami-Dade County,-0.467640524538013000,-0.120343006994558000
FLMonroe County,-0.257473049426006000,-0.275446841800244000
FLNassau County,-0.510239350164674000,0.036626213368119400
FLOkaloosa County,-0.487568718198164000,-0.012136590702397700
FLOkeechobee County,-0.555034183845366000,-0.090451598906386400
FLOrange County,-0.657285537548591000,0.124953022270206000
FLOsceola County,-0.638615235440975000,0.082656143553762900
FLPalm Beach County,-0.550655232142446000,-0.038066577333415600
FLPasco County,-0.355973949969783000,-0.235193270546965000
FLPinellas County,-0.311998881700352000,-0.290426977138659000
FLPolk County,-0.639891979299269000,0.062550021745084900
FLPutnam County,-0.663657790080123000,0.242564795863845000
FLSanta Rosa County,-0.465174277763418000,-0.039877223265783700
FLSarasota County,-0.418753642366543000,-0.198886582501728000
FLSeminole County,-0.662118228754055000,0.162762278883546000
FLSt. Johns County,-0.250089410857617000,-0.315135517829013000
FLSt. Lucie County,-0.505431981425452000,-0.094791175986261900
FLSumter County,-0.667905300407277000,0.152243582194322000
FLSuwannee County,-0.644951360194326000,0.180393365037648000
FLTaylor County,-0.475684932232642000,0.119812160021755000
FLUnion County,-0.682278847734998000,0.278517401453923000
FLVolusia County,-0.392411104938556000,-0.135914149462469000
FLWakulla County,-0.096554640738745900,-0.457083540644572000
FLWalton County,-0.466935295958400000,-0.021816504931981600
FLWashington County,-0.597994534624766000,0.131190992881018000
GAAppling County,-0.668279173859959000,0.039990155026540000
GAAtkinson County,-0.683361378887021000,0.127755404741867000
GABacon County,-0.666123504448308000,0.035842429774869800
GABaker County,-0.652245372359761000,0.095991899560574900
GABaldwin County,-0.751108601293091000,0.317452333784372000
GABanks County,-0.768546118955431000,0.381554816296294000
GABarrow County,-0.757372739428805000,0.327908759139616000
GABartow County,-0.767650235199207000,0.376229686986892000
GABen Hill County,-0.704947640541821000,0.182227434450980000
GABerrien County,-0.679503873432414000,0.118961700136324000
GABibb County,-0.746266077828908000,0.304705591577576000
GABleckley County,-0.721618384446767000,0.245307884050648000
GABrantley County,-0.625678812384875000,0.031071766054540100
GABrooks County,-0.623328052875342000,0.024208606776203100
GABryan County,-0.488610437239811000,-0.106195497889821000
GABulloch County,-0.650694416392280000,0.004121862098717570
GABurke County,-0.688097370523023000,0.070842641934489400
GAButts County,-0.765181202737310000,0.366423575293725000
GACalhoun County,-0.661062739290608000,0.105014735917440000
GACamden County,-0.376129046139401000,-0.200575558927509000
GACandler County,-0.658891642382167000,0.030440010830221000
GACarroll County,-0.775520122847012000,0.435423439935603000
GACatoosa County,-0.759851939550322000,0.402304194983478000
GACharlton County,-0.627339637846345000,0.001572778603147860
GAChatham County,-0.316656244683602000,-0.300239204309724000
GAChattahoochee County,-0.738431517153122000,0.301745436180271000
GAChattooga County,-0.789544792845797000,0.521796814071224000
GACherokee County,-0.773255469247260000,0.393171548735870000
GAClarke County,-0.753962053614202000,0.317892379826600000
GAClay County,-0.661434462888037000,0.089094428485953400
GAClayton County,-0.783220583302116000,0.437522722376223000
GAClinch County,-0.675436163543914000,0.078186593245681800
GACobb County,-0.779892624394637000,0.434906407341080000
GACoffee County,-0.689739055673364000,0.135506986178729000
GAColquitt County,-0.651945869653959000,0.104386572367622000
GAColumbia County,-0.716977435001163000,0.192406142823688000
GACook County,-0.663895289528463000,0.087187745038132900
GACoweta County,-0.771205388922851000,0.401848524710133000
GACrawford County,-0.745335497620559000,0.306604695377476000
GACrisp County,-0.704004264461549000,0.213270430980832000
GADade County,-0.776085680659705000,0.454639270313897000
GADawson County,-0.775629819174776000,0.399505842484616000
GADecatur County,-0.618087064790843000,0.028294286003577800
GADekalb County,-0.780760463974497000,0.432074948326518000
GADodge County,-0.728161827972802000,0.278769395095256000
GADooly County,-0.701612572197087000,0.198247642213665000
GADougherty County,-0.687138497224000000,0.193100024231220000
GADouglas County,-0.783830356741324000,0.458035207037556000
GAEarly County,-0.639273441670954000,0.049371290527098000
GAEchols County,-0.677374767193513000,0.086483722289687500
GAEffingham County,-0.623636441463005000,-0.020075573606125700
GAElbert County,-0.748546487253961000,0.306788944432450000
GAEmanuel County,-0.693617861165135000,0.119056398504982000
GAEvans County,-0.650818793129848000,0.014735860819050900
GAFannin County,-0.789534037342045000,0.470517243479110000
GAFayette County,-0.773218325191292000,0.405234802349288000
GAFloyd County,-0.781403552875403000,0.447237282751414000
GAForsyth County,-0.764387453191433000,0.371233021930827000
GAFranklin County,-0.754404445405913000,0.333007308454543000
GAFulton County,-0.783288103540179000,0.442139666670183000
GAGilmer County,-0.782596933377136000,0.427371136168320000
GAGlascock County,-0.747480141914439000,0.306923050344979000
GAGlynn County,-0.231162724555316000,-0.397648883506389000
GAGordon County,-0.767272723899871000,0.384206582742604000
GAGrady County,-0.607542451454322000,0.021649203999410700
GAGreene County,-0.755880558321531000,0.331360545179282000
GAGwinnett County,-0.772585529256310000,0.393951994760983000
GAHabersham County,-0.780576536029968000,0.427519845335828000
GAHall County,-0.763428179177042000,0.369844044873096000
GAHancock County,-0.754314264963630000,0.329540336877387000
GAHaralson County,-0.783341940727408000,0.472345486881271000
GAHarris County,-0.748445625193136000,0.330787384178479000
GAHart County,-0.749320139674266000,0.311806269745532000
GAHeard County,-0.769230852392097000,0.407282161669135000
GAHenry County,-0.768962762832744000,0.381868787922908000
GAHouston County,-0.731083653964187000,0.268073059205020000
GAIrwin County,-0.691674858844411000,0.147891270573616000
GAJackson County,-0.761054109812817000,0.351978926909265000
GAJasper County,-0.762245978124132000,0.347340797594772000
GAJeff Davis County,-0.695552459746850000,0.144439128335149000
GAJefferson County,-0.723067710174113000,0.199094705131817000
GAJenkins County,-0.688315469436189000,0.065254820122175000
GAJohnson County,-0.726081289052963000,0.228668820865102000
GAJones County,-0.753811940258301000,0.320461836336430000
GALamar County,-0.753045065524811000,0.325334556669577000
GALanier County,-0.674535196360908000,0.093909318089065300
GALaurens County,-0.729360524237316000,0.260868980047731000
GALee County,-0.686189875813700000,0.174858507640537000
GALiberty County,-0.481162113916722000,-0.139726818996960000
GALincoln County,-0.720490555491035000,0.210437095910441000
GALong County,-0.635351514533926000,0.012291124629580000
GALowndes County,-0.657322020066746000,0.048487398220660200
GALumpkin County,-0.787700871391080000,0.449025964070642000
GAMacon County,-0.719320633836139000,0.249380768087977000
GAMadison County,-0.749737787163854000,0.318728939406990000
GAMarion County,-0.734237555692778000,0.292821696854546000
GAMcduffie County,-0.726570985295909000,0.219828154061922000
GAMcintosh County,-0.124126843935131000,-0.428230408021790000
GAMeriwether County,-0.758957571172781000,0.356913749226901000
GAMiller County,-0.638125736135141000,0.060608931118633300
GAMitchell County,-0.646653225332170000,0.090523286521084300
GAMonroe County,-0.750956342963943000,0.311838480640800000
GAMontgomery County,-0.691816065981993000,0.110903555402326000
GAMorgan County,-0.757776787830056000,0.333197493919041000
GAMurray County,-0.759496167652813000,0.377956559816243000
GAMuscogee County,-0.735366995553428000,0.280251685258363000
GANewton County,-0.766204723343257000,0.365249462820043000
GAOconee County,-0.754914609569568000,0.318051342900254000
GAOglethorpe County,-0.747795401758079000,0.312790603566024000
GAPaulding County,-0.780809283862999000,0.446208991677591000
GAPeach County,-0.724159701480214000,0.244885424196285000
GAPickens County,-0.782419960320594000,0.415112294731599000
GAPierce County,-0.632796412385726000,-0.039086658088655000
GAPike County,-0.756232031390488000,0.339755648250612000
GAPolk County,-0.779018174376653000,0.442368967013401000
GAPulaski County,-0.721067447103071000,0.254776851641580000
GAPutnam County,-0.751674380401551000,0.314911359916041000
GAQuitman County,-0.698339938887063000,0.172932762552225000
GARabun County,-0.799826140681325000,0.524744834370901000
GARandolph County,-0.679349458089816000,0.135917981668136000
GARichmond County,-0.709014998867478000,0.160929219811565000
GARockdale County,-0.774916456375080000,0.400763237408192000
GASchley County,-0.725539017704914000,0.268081321799939000
GAScreven County,-0.654902312833569000,-0.009056018555385510
GASeminole County,-0.622843153664736000,0.013055982735210100
GASpalding County,-0.763081427813109000,0.359390507917505000
GAStephens County,-0.769975413774929000,0.389355813586224000
GAStewart County,-0.718364228171903000,0.232276294918846000
GASumter County,-0.695463383481779000,0.183120707303813000
GATalbot County,-0.748520088419824000,0.335434900982580000
GATaliaferro County,-0.754326485490986000,0.324814092067105000
GATattnall County,-0.652752535231681000,-0.001983906489530060
GATaylor County,-0.733834019123659000,0.287844119668880000
GATelfair County,-0.722179936762540000,0.249218014918275000
GATerrell County,-0.683653404254750000,0.155836426200071000
GAThomas County,-0.618415722859527000,0.032411654580107600
GATift County,-0.676055774608819000,0.130777174725547000
GAToombs County,-0.675730307545651000,0.054862006617852700
GATowns County,-0.797611532462379000,0.515731323388041000
GATreutlen County,-0.707061305098380000,0.165790330527569000
GATroup County,-0.752700388826292000,0.336900732844007000
GATurner County,-0.691178039533374000,0.173695400589834000
GATwiggs County,-0.742623612147337000,0.306690795875323000
GAUnion County,-0.798479505500281000,0.503574031698865000
GAUpson County,-0.753909764828788000,0.332835666689603000
GAWalker County,-0.766298852172661000,0.430709465561247000
GAWalton County,-0.762643567994888000,0.347092011690209000
GAWare County,-0.647225433837120000,0.017478111128464100
GAWarren County,-0.740376928200973000,0.273556534661233000
GAWashington County,-0.747759508347250000,0.313468618724991000
GAWayne County,-0.634937580509248000,0.008540777651978140
GAWebster County,-0.703661367879191000,0.199544286551761000
GAWheeler County,-0.722792018351180000,0.241037579528957000
GAWhite County,-0.791561754776951000,0.482060868743965000
GAWhitfield County,-0.757983012018230000,0.390038100027296000
GAWilcox County,-0.714024619275059000,0.234395627759800000
GAWilkes County,-0.737767284902989000,0.280985075538285000
GAWilkinson County,-0.744369036678632000,0.304962327255521000
GAWorth County,-0.683770253509503000,0.181509451087134000
HIHawaii County,-0.503020405123560000,-0.183613196724326000
HIHonolulu County,-0.521499113527474000,-0.075889616453864700
HIKalawao County,-0.504570058730780000,-0.242920593610105000
HIKauai County,-0.438837443993449000,-0.205099569174313000
HIMaui County,-0.474484641607914000,-0.203103911192860000
IAAdair County,0.000000000000000000,0.000000000000000000
IAAdams County,0.000000000000000000,0.000000000000000000
IAAllamakee County,0.000000000000000000,0.000000000000000000
IAAppanoose County,0.000000000000000000,0.000000000000000000
IAAudubon County,0.000000000000000000,0.000000000000000000
IABenton County,0.000000000000000000,0.000000000000000000
IABlack Hawk County,0.000000000000000000,0.000000000000000000
IABoone County,0.000000000000000000,0.000000000000000000
IABremer County,0.000000000000000000,0.000000000000000000
IABuchanan County,0.000000000000000000,0.000000000000000000
IABuena Vista County,0.000000000000000000,0.000000000000000000
IAButler County,0.000000000000000000,0.000000000000000000
IACalhoun County,0.000000000000000000,0.000000000000000000
IACarroll County,0.000000000000000000,0.000000000000000000
IACass County,0.000000000000000000,0.000000000000000000
IACedar County,0.000000000000000000,0.000000000000000000
IACerro Gordo County,0.000000000000000000,0.000000000000000000
IACherokee County,0.000000000000000000,0.000000000000000000
IAChickasaw County,0.000000000000000000,0.000000000000000000
IAClarke County,0.000000000000000000,0.000000000000000000
IAClay County,0.000000000000000000,0.000000000000000000
IAClayton County,0.000000000000000000,0.000000000000000000
IAClinton County,0.000000000000000000,0.000000000000000000
IACrawford County,0.000000000000000000,0.000000000000000000
IADallas County,0.000000000000000000,0.000000000000000000
IADavis County,0.000000000000000000,0.000000000000000000
IADecatur County,0.000000000000000000,0.000000000000000000
IADelaware County,0.000000000000000000,0.000000000000000000
IADes Moines County,0.000000000000000000,0.000000000000000000
IADickinson County,0.000000000000000000,0.000000000000000000
IADubuque County,0.000000000000000000,0.000000000000000000
IAEmmet County,0.000000000000000000,0.000000000000000000
IAFayette County,0.000000000000000000,0.000000000000000000
IAFloyd County,0.000000000000000000,0.000000000000000000
IAFranklin County,0.000000000000000000,0.000000000000000000
IAFremont County,0.000000000000000000,0.000000000000000000
IAGreene County,0.000000000000000000,0.000000000000000000
IAGrundy County,0.000000000000000000,0.000000000000000000
IAGuthrie County,0.000000000000000000,0.000000000000000000
IAHamilton County,0.000000000000000000,0.000000000000000000
IAHancock County,0.000000000000000000,0.000000000000000000
IAHardin County,0.000000000000000000,0.000000000000000000
IAHarrison County,0.000000000000000000,0.000000000000000000
IAHenry County,0.000000000000000000,0.000000000000000000
IAHoward County,0.000000000000000000,0.000000000000000000
IAHumboldt County,0.000000000000000000,0.000000000000000000
IAIda County,0.000000000000000000,0.000000000000000000
IAIowa County,0.000000000000000000,0.000000000000000000
IAJackson County,0.000000000000000000,0.000000000000000000
IAJasper County,0.000000000000000000,0.000000000000000000
IAJefferson County,0.000000000000000000,0.000000000000000000
IAJohnson County,0.000000000000000000,0.000000000000000000
IAJones County,0.000000000000000000,0.000000000000000000
IAKeokuk County,0.000000000000000000,0.000000000000000000
IAKossuth County,0.000000000000000000,0.000000000000000000
IALee County,0.000000000000000000,0.000000000000000000
IALinn County,0.000000000000000000,0.000000000000000000
IALouisa County,0.000000000000000000,0.000000000000000000
IALucas County,0.000000000000000000,0.000000000000000000
IALyon County,0.000000000000000000,0.000000000000000000
IAMadison County,0.000000000000000000,0.000000000000000000
IAMahaska County,0.000000000000000000,0.000000000000000000
IAMarion County,0.000000000000000000,0.000000000000000000
IAMarshall County,0.000000000000000000,0.000000000000000000
IAMills County,0.000000000000000000,0.000000000000000000
IAMitchell County,0.000000000000000000,0.000000000000000000
IAMonona County,0.000000000000000000,0.000000000000000000
IAMonroe County,0.000000000000000000,0.000000000000000000
IAMontgomery County,0.000000000000000000,0.000000000000000000
IAMuscatine County,0.000000000000000000,0.000000000000000000
IAO'Brien County,0.000000000000000000,0.000000000000000000
IAOsceola County,0.000000000000000000,0.000000000000000000
IAPage County,0.000000000000000000,0.000000000000000000
IAPalo Alto County,0.000000000000000000,0.000000000000000000
IAPlymouth County,0.000000000000000000,0.000000000000000000
IAPocahontas County,0.000000000000000000,0.000000000000000000
IAPolk County,0.000000000000000000,0.000000000000000000
IAPottawattamie County,0.000000000000000000,0.000000000000000000
IAPoweshiek County,0.000000000000000000,0.000000000000000000
IARinggold County,0.000000000000000000,0.000000000000000000
IASac County,0.000000000000000000,0.000000000000000000
IAScott County,0.000000000000000000,0.000000000000000000
IAShelby County,0.000000000000000000,0.000000000000000000
IASioux County,0.000000000000000000,0.000000000000000000
IAStory County,0.000000000000000000,0.000000000000000000
IATama County,0.000000000000000000,0.000000000000000000
IATaylor County,0.000000000000000000,0.000000000000000000
IAUnion County,0.000000000000000000,0.000000000000000000
IAVan Buren County,0.000000000000000000,0.000000000000000000
IAWapello County,0.000000000000000000,0.000000000000000000
IAWarren County,0.000000000000000000,0.000000000000000000
IAWashington County,0.000000000000000000,0.000000000000000000
IAWayne County,0.000000000000000000,0.000000000000000000
IAWebster County,0.000000000000000000,0.000000000000000000
IAWinnebago County,0.000000000000000000,0.000000000000000000
IAWinneshiek County,0.000000000000000000,0.000000000000000000
IAWoodbury County,0.000000000000000000,0.000000000000000000
IAWorth County,0.000000000000000000,0.000000000000000000
IAWright County,0.000000000000000000,0.000000000000000000
IDAda County,0.000000000000000000,0.000000000000000000
IDAdams County,0.000000000000000000,0.000000000000000000
IDBannock County,0.000000000000000000,0.000000000000000000
IDBear Lake County,0.000000000000000000,0.000000000000000000
IDBenewah County,0.000000000000000000,0.000000000000000000
IDBingham County,0.000000000000000000,0.000000000000000000
IDBlaine County,0.000000000000000000,0.000000000000000000
IDBoise County,0.000000000000000000,0.000000000000000000
IDBonner County,0.000000000000000000,0.000000000000000000
IDBonneville County,0.000000000000000000,0.000000000000000000
IDBoundary County,0.000000000000000000,0.000000000000000000
IDButte County,0.000000000000000000,0.000000000000000000
IDCamas County,0.000000000000000000,0.000000000000000000
IDCanyon County,0.000000000000000000,0.000000000000000000
IDCaribou County,0.000000000000000000,0.000000000000000000
IDCassia County,0.000000000000000000,0.000000000000000000
IDClark County,0.000000000000000000,0.000000000000000000
IDClearwater County,0.000000000000000000,0.000000000000000000
IDCuster County,0.000000000000000000,0.000000000000000000
IDElmore County,0.000000000000000000,0.000000000000000000
IDFranklin County,0.000000000000000000,0.000000000000000000
IDFremont County,0.000000000000000000,0.000000000000000000
IDGem County,0.000000000000000000,0.000000000000000000
IDGooding County,0.000000000000000000,0.000000000000000000
IDIdaho County,0.000000000000000000,0.000000000000000000
IDJefferson County,0.000000000000000000,0.000000000000000000
IDJerome County,0.000000000000000000,0.000000000000000000
IDKootenai County,0.000000000000000000,0.000000000000000000
IDLatah County,0.000000000000000000,0.000000000000000000
IDLemhi County,0.000000000000000000,0.000000000000000000
IDLewis County,0.000000000000000000,0.000000000000000000
IDLincoln County,0.000000000000000000,0.000000000000000000
IDMadison County,0.000000000000000000,0.000000000000000000
IDMinidoka County,0.000000000000000000,0.000000000000000000
IDNez Perce County,0.000000000000000000,0.000000000000000000
IDOneida County,0.000000000000000000,0.000000000000000000
IDOwyhee County,0.000000000000000000,0.000000000000000000
IDPayette County,0.000000000000000000,0.000000000000000000
IDPower County,0.000000000000000000,0.000000000000000000
IDShoshone County,0.000000000000000000,0.000000000000000000
IDTeton County,0.000000000000000000,0.000000000000000000
IDTwin Falls County,0.000000000000000000,0.000000000000000000
IDValley County,0.000000000000000000,0.000000000000000000
IDWashington County,0.000000000000000000,0.000000000000000000
ILAdams County,0.000000000000000000,0.000000000000000000
ILAlexander County,0.000000000000000000,0.000000000000000000
ILBond County,0.000000000000000000,0.000000000000000000
ILBoone County,0.000000000000000000,0.000000000000000000
ILBrown County,0.000000000000000000,0.000000000000000000
ILBureau County,0.000000000000000000,0.000000000000000000
ILCalhoun County,0.000000000000000000,0.000000000000000000
ILCarroll County,0.000000000000000000,0.000000000000000000
ILCass County,0.000000000000000000,0.000000000000000000
ILChampaign County,0.000000000000000000,0.000000000000000000
ILChristian County,0.000000000000000000,0.000000000000000000
ILClark County,0.000000000000000000,0.000000000000000000
ILClay County,0.000000000000000000,0.000000000000000000
ILClinton County,0.000000000000000000,0.000000000000000000
ILColes County,0.000000000000000000,0.000000000000000000
ILCook County,0.000000000000000000,0.000000000000000000
ILCrawford County,0.000000000000000000,0.000000000000000000
ILCumberland County,0.000000000000000000,0.000000000000000000
ILDe Witt County,0.000000000000000000,0.000000000000000000
ILDekalb County,0.000000000000000000,0.000000000000000000
ILDouglas County,0.000000000000000000,0.000000000000000000
ILDupage County,0.000000000000000000,0.000000000000000000
ILEdgar County,0.000000000000000000,0.000000000000000000
ILEdwards County,0.000000000000000000,0.000000000000000000
ILEffingham County,0.000000000000000000,0.000000000000000000
ILFayette County,0.000000000000000000,0.000000000000000000
ILFord County,0.000000000000000000,0.000000000000000000
ILFranklin County,0.000000000000000000,0.000000000000000000
ILFulton County,0.000000000000000000,0.000000000000000000
ILGallatin County,0.000000000000000000,0.000000000000000000
ILGreene County,0.000000000000000000,0.000000000000000000
ILGrundy County,0.000000000000000000,0.000000000000000000
ILHamilton County,0.000000000000000000,0.000000000000000000
ILHancock County,0.000000000000000000,0.000000000000000000
ILHardin County,0.000000000000000000,0.000000000000000000
ILHenderson County,0.000000000000000000,0.000000000000000000
ILHenry County,0.000000000000000000,0.000000000000000000
ILIroquois County,0.000000000000000000,0.000000000000000000
ILJackson County,0.000000000000000000,0.000000000000000000
ILJasper County,0.000000000000000000,0.000000000000000000
ILJefferson County,0.000000000000000000,0.000000000000000000
ILJersey County,0.000000000000000000,0.000000000000000000
ILJo Daviess County,0.000000000000000000,0.000000000000000000
ILJohnson County,0.000000000000000000,0.000000000000000000
ILKane County,0.000000000000000000,0.000000000000000000
ILKankakee County,0.000000000000000000,0.000000000000000000
ILKendall County,0.000000000000000000,0.000000000000000000
ILKnox County,0.000000000000000000,0.000000000000000000
ILLa Salle County,0.000000000000000000,0.000000000000000000
ILLake County,0.000000000000000000,0.000000000000000000
ILLawrence County,0.000000000000000000,0.000000000000000000
ILLee County,0.000000000000000000,0.000000000000000000
ILLivingston County,0.000000000000000000,0.000000000000000000
ILLogan County,0.000000000000000000,0.000000000000000000
ILMacon County,0.000000000000000000,0.000000000000000000
ILMacoupin County,0.000000000000000000,0.000000000000000000
ILMadison County,0.000000000000000000,0.000000000000000000
ILMarion County,0.000000000000000000,0.000000000000000000
ILMarshall County,0.000000000000000000,0.000000000000000000
ILMason County,0.000000000000000000,0.000000000000000000
ILMassac County,0.000000000000000000,0.000000000000000000
ILMcdonough County,0.000000000000000000,0.000000000000000000
ILMchenry County,0.000000000000000000,0.000000000000000000
ILMclean County,0.000000000000000000,0.000000000000000000
ILMenard County,0.000000000000000000,0.000000000000000000
ILMercer County,0.000000000000000000,0.000000000000000000
ILMonroe County,0.000000000000000000,0.000000000000000000
ILMontgomery County,0.000000000000000000,0.000000000000000000
ILMorgan County,0.000000000000000000,0.000000000000000000
ILMoultrie County,0.000000000000000000,0.000000000000000000
ILOgle County,0.000000000000000000,0.000000000000000000
ILPeoria County,0.000000000000000000,0.000000000000000000
ILPerry County,0.000000000000000000,0.000000000000000000
ILPiatt County,0.000000000000000000,0.000000000000000000
ILPike County,0.000000000000000000,0.000000000000000000
ILPope County,0.000000000000000000,0.000000000000000000
ILPulaski County,0.000000000000000000,0.000000000000000000
ILPutnam County,0.000000000000000000,0.000000000000000000
ILRandolph County,0.000000000000000000,0.000000000000000000
ILRichland County,0.000000000000000000,0.000000000000000000
ILRock Island County,0.000000000000000000,0.000000000000000000
ILSaline County,0.000000000000000000,0.000000000000000000
ILSangamon County,0.000000000000000000,0.000000000000000000
ILSchuyler County,0.000000000000000000,0.000000000000000000
ILScott County,0.000000000000000000,0.000000000000000000
ILShelby County,0.000000000000000000,0.000000000000000000
ILSt. Clair County,0.000000000000000000,0.000000000000000000
ILStark County,0.000000000000000000,0.000000000000000000
ILStephenson County,0.000000000000000000,0.000000000000000000
ILTazewell County,0.000000000000000000,0.000000000000000000
ILUnion County,0.000000000000000000,0.000000000000000000
ILVermilion County,0.000000000000000000,0.000000000000000000
ILWabash County,0.000000000000000000,0.000000000000000000
ILWarren County,0.000000000000000000,0.000000000000000000
ILWashington County,0.000000000000000000,0.000000000000000000
ILWayne County,0.000000000000000000,0.000000000000000000
ILWhite County,0.000000000000000000,0.000000000000000000
ILWhiteside County,0.000000000000000000,0.000000000000000000
ILWill County,0.000000000000000000,0.000000000000000000
ILWilliamson County,0.000000000000000000,0.000000000000000000
ILWinnebago County,0.000000000000000000,0.000000000000000000
ILWoodford County,0.000000000000000000,0.000000000000000000
INAdams County,0.000000000000000000,0.000000000000000000
INAllen County,0.000000000000000000,0.000000000000000000
INBartholomew County,0.000000000000000000,0.000000000000000000
INBenton County,0.000000000000000000,0.000000000000000000
INBlackford County,0.000000000000000000,0.000000000000000000
INBoone County,0.000000000000000000,0.000000000000000000
INBrown County,0.000000000000000000,0.000000000000000000
INCarroll County,0.000000000000000000,0.000000000000000000
INCass County,0.000000000000000000,0.000000000000000000
INClark County,0.000000000000000000,0.000000000000000000
INClay County,0.000000000000000000,0.000000000000000000
INClinton County,0.000000000000000000,0.000000000000000000
INCrawford County,0.000000000000000000,0.000000000000000000
INDaviess County,0.000000000000000000,0.000000000000000000
INDearborn County,0.000000000000000000,0.000000000000000000
INDecatur County,0.000000000000000000,0.000000000000000000
INDekalb County,0.000000000000000000,0.000000000000000000
INDelaware County,0.000000000000000000,0.000000000000000000
INDubois County,0.000000000000000000,0.000000000000000000
INElkhart County,0.000000000000000000,0.000000000000000000
INFayette County,0.000000000000000000,0.000000000000000000
INFloyd County,0.000000000000000000,0.000000000000000000
INFountain County,0.000000000000000000,0.000000000000000000
INFranklin County,0.000000000000000000,0.000000000000000000
INFulton County,0.000000000000000000,0.000000000000000000
INGibson County,0.000000000000000000,0.000000000000000000
INGrant County,0.000000000000000000,0.000000000000000000
INGreene County,0.000000000000000000,0.000000000000000000
INHamilton County,0.000000000000000000,0.000000000000000000
INHancock County,0.000000000000000000,0.000000000000000000
INHarrison County,0.000000000000000000,0.000000000000000000
INHendricks County,0.000000000000000000,0.000000000000000000
INHenry County,0.000000000000000000,0.000000000000000000
INHoward County,0.000000000000000000,0.000000000000000000
INHuntington County,0.000000000000000000,0.000000000000000000
INJackson County,0.000000000000000000,0.000000000000000000
INJasper County,0.000000000000000000,0.000000000000000000
INJay County,0.000000000000000000,0.000000000000000000
INJefferson County,0.000000000000000000,0.000000000000000000
INJennings County,0.000000000000000000,0.000000000000000000
INJohnson County,0.000000000000000000,0.000000000000000000
INKnox County,0.000000000000000000,0.000000000000000000
INKosciusko County,0.000000000000000000,0.000000000000000000
INLagrange County,0.000000000000000000,0.000000000000000000
INLake County,0.000000000000000000,0.000000000000000000
INLaporte County,0.000000000000000000,0.000000000000000000
INLawrence County,0.000000000000000000,0.000000000000000000
INMadison County,0.000000000000000000,0.000000000000000000
INMarion County,0.000000000000000000,0.000000000000000000
INMarshall County,0.000000000000000000,0.000000000000000000
INMartin County,0.000000000000000000,0.000000000000000000
INMiami County,0.000000000000000000,0.000000000000000000
INMonroe County,0.000000000000000000,0.000000000000000000
INMontgomery County,0.000000000000000000,0.000000000000000000
INMorgan County,0.000000000000000000,0.000000000000000000
INNewton County,0.000000000000000000,0.000000000000000000
INNoble County,0.000000000000000000,0.000000000000000000
INOhio County,0.000000000000000000,0.000000000000000000
INOrange County,0.000000000000000000,0.000000000000000000
INOwen County,0.000000000000000000,0.000000000000000000
INParke County,0.000000000000000000,0.000000000000000000
INPerry County,0.000000000000000000,0.000000000000000000
INPike County,0.000000000000000000,0.000000000000000000
INPorter County,0.000000000000000000,0.000000000000000000
INPosey County,0.000000000000000000,0.000000000000000000
INPulaski County,0.000000000000000000,0.000000000000000000
INPutnam County,0.000000000000000000,0.000000000000000000
INRandolph County,0.000000000000000000,0.000000000000000000
INRipley County,0.000000000000000000,0.000000000000000000
INRush County,0.000000000000000000,0.000000000000000000
INScott County,0.000000000000000000,0.000000000000000000
INShelby County,0.000000000000000000,0.000000000000000000
INSpencer County,0.000000000000000000,0.000000000000000000
INSt. Joseph County,0.000000000000000000,0.000000000000000000
INStarke County,0.000000000000000000,0.000000000000000000
INSteuben County,0.000000000000000000,0.000000000000000000
INSullivan County,0.000000000000000000,0.000000000000000000
INSwitzerland County,0.000000000000000000,0.000000000000000000
INTippecanoe County,0.000000000000000000,0.000000000000000000
INTipton County,0.000000000000000000,0.000000000000000000
INUnion County,0.000000000000000000,0.000000000000000000
INVanderburgh County,0.000000000000000000,0.000000000000000000
INVermillion County,0.000000000000000000,0.000000000000000000
INVigo County,0.000000000000000000,0.000000000000000000
INWabash County,0.000000000000000000,0.000000000000000000
INWarren County,0.000000000000000000,0.000000000000000000
INWarrick County,0.000000000000000000,0.000000000000000000
INWashington County,0.000000000000000000,0.000000000000000000
INWayne County,0.000000000000000000,0.000000000000000000
INWells County,0.000000000000000000,0.000000000000000000
INWhite County,0.000000000000000000,0.000000000000000000
INWhitley County,0.000000000000000000,0.000000000000000000
KSAllen County,0.000000000000000000,0.000000000000000000
KSAnderson County,0.000000000000000000,0.000000000000000000
KSAtchison County,0.000000000000000000,0.000000000000000000
KSBarber County,0.000000000000000000,0.000000000000000000
KSBarton County,0.000000000000000000,0.000000000000000000
KSBourbon County,0.000000000000000000,0.000000000000000000
KSBrown County,0.000000000000000000,0.000000000000000000
KSButler County,0.000000000000000000,0.000000000000000000
KSChase County,0.000000000000000000,0.000000000000000000
KSChautauqua County,0.000000000000000000,0.000000000000000000
KSCherokee County,0.000000000000000000,0.000000000000000000
KSCheyenne County,0.000000000000000000,0.000000000000000000
KSClark County,0.000000000000000000,0.000000000000000000
KSClay County,0.000000000000000000,0.000000000000000000
KSCloud County,0.000000000000000000,0.000000000000000000
KSCoffey County,0.000000000000000000,0.000000000000000000
KSComanche County,0.000000000000000000,0.000000000000000000
KSCowley County,0.000000000000000000,0.000000000000000000
KSCrawford County,0.000000000000000000,0.000000000000000000
KSDecatur County,0.000000000000000000,0.000000000000000000
KSDickinson County,0.000000000000000000,0.000000000000000000
KSDoniphan County,0.000000000000000000,0.000000000000000000
KSDouglas County,0.000000000000000000,0.000000000000000000
KSEdwards County,0.000000000000000000,0.000000000000000000
KSElk County,0.000000000000000000,0.000000000000000000
KSEllis County,0.000000000000000000,0.000000000000000000
KSEllsworth County,0.000000000000000000,0.000000000000000000
KSFinney County,0.000000000000000000,0.000000000000000000
KSFord County,0.000000000000000000,0.000000000000000000
KSFranklin County,0.000000000000000000,0.000000000000000000
KSGeary County,0.000000000000000000,0.000000000000000000
KSGove County,0.000000000000000000,0.000000000000000000
KSGraham County,0.000000000000000000,0.000000000000000000
KSGrant County,0.000000000000000000,0.000000000000000000
KSGray County,0.000000000000000000,0.000000000000000000
KSGreeley County,0.000000000000000000,0.000000000000000000
KSGreenwood County,0.000000000000000000,0.000000000000000000
KSHamilton County,0.000000000000000000,0.000000000000000000
KSHarper County,0.000000000000000000,0.000000000000000000
KSHarvey County,0.000000000000000000,0.000000000000000000
KSHaskell County,0.000000000000000000,0.000000000000000000
KSHodgeman County,0.000000000000000000,0.000000000000000000
KSJackson County,0.000000000000000000,0.000000000000000000
KSJefferson County,0.000000000000000000,0.000000000000000000
KSJewell County,0.000000000000000000,0.000000000000000000
KSJohnson County,0.000000000000000000,0.000000000000000000
KSKearny County,0.000000000000000000,0.000000000000000000
KSKingman County,0.000000000000000000,0.000000000000000000
KSKiowa County,0.000000000000000000,0.000000000000000000
KSLabette County,0.000000000000000000,0.000000000000000000
KSLane County,0.000000000000000000,0.000000000000000000
KSLeavenworth County,0.000000000000000000,0.000000000000000000
KSLincoln County,0.000000000000000000,0.000000000000000000
KSLinn County,0.000000000000000000,0.000000000000000000
KSLogan County,0.000000000000000000,0.000000000000000000
KSLyon County,0.000000000000000000,0.000000000000000000
KSMarion County,0.000000000000000000,0.000000000000000000
KSMarshall County,0.000000000000000000,0.000000000000000000
KSMcpherson County,0.000000000000000000,0.000000000000000000
KSMeade County,0.000000000000000000,0.000000000000000000
KSMiami County,0.000000000000000000,0.000000000000000000
KSMitchell County,0.000000000000000000,0.000000000000000000
KSMontgomery County,0.000000000000000000,0.000000000000000000
KSMorris County,0.000000000000000000,0.000000000000000000
KSMorton County,0.000000000000000000,0.000000000000000000
KSNemaha County,0.000000000000000000,0.000000000000000000
KSNeosho County,0.000000000000000000,0.000000000000000000
KSNess County,0.000000000000000000,0.000000000000000000
KSNorton County,0.000000000000000000,0.000000000000000000
KSOsage County,0.000000000000000000,0.000000000000000000
KSOsborne County,0.000000000000000000,0.000000000000000000
KSOttawa County,0.000000000000000000,0.000000000000000000
KSPawnee County,0.000000000000000000,0.000000000000000000
KSPhillips County,0.000000000000000000,0.000000000000000000
KSPottawatomie County,0.000000000000000000,0.000000000000000000
KSPratt County,0.000000000000000000,0.000000000000000000
KSRawlins County,0.000000000000000000,0.000000000000000000
KSReno County,0.000000000000000000,0.000000000000000000
KSRepublic County,0.000000000000000000,0.000000000000000000
KSRice County,0.000000000000000000,0.000000000000000000
KSRiley County,0.000000000000000000,0.000000000000000000
KSRooks County,0.000000000000000000,0.000000000000000000
KSRush County,0.000000000000000000,0.000000000000000000
KSRussell County,0.000000000000000000,0.000000000000000000
KSSaline County,0.000000000000000000,0.000000000000000000
KSScott County,0.000000000000000000,0.000000000000000000
KSSedgwick County,0.000000000000000000,0.000000000000000000
KSSeward County,0.000000000000000000,0.000000000000000000
KSShawnee County,0.000000000000000000,0.000000000000000000
KSSheridan County,0.000000000000000000,0.000000000000000000
KSSherman County,0.000000000000000000,0.000000000000000000
KSSmith County,0.000000000000000000,0.000000000000000000
KSStafford County,0.000000000000000000,0.000000000000000000
KSStanton County,0.000000000000000000,0.000000000000000000
KSStevens County,0.000000000000000000,0.000000000000000000
KSSumner County,0.000000000000000000,0.000000000000000000
KSThomas County,0.000000000000000000,0.000000000000000000
KSTrego County,0.000000000000000000,0.000000000000000000
KSWabaunsee County,0.000000000000000000,0.000000000000000000
KSWallace County,0.000000000000000000,0.000000000000000000
KSWashington County,0.000000000000000000,0.000000000000000000
KSWichita County,0.000000000000000000,0.000000000000000000
KSWilson County,0.000000000000000000,0.000000000000000000
KSWoodson County,0.000000000000000000,0.000000000000000000
KSWyandotte County,0.000000000000000000,0.000000000000000000
KYAdair County,0.000000000000000000,0.000000000000000000
KYAllen County,0.000000000000000000,0.000000000000000000
KYAnderson County,0.000000000000000000,0.000000000000000000
KYBallard County,0.000000000000000000,0.000000000000000000
KYBarren County,0.000000000000000000,0.000000000000000000
KYBath County,0.000000000000000000,0.000000000000000000
KYBell County,0.000000000000000000,0.000000000000000000
KYBoone County,0.000000000000000000,0.000000000000000000
KYBourbon County,0.000000000000000000,0.000000000000000000
KYBoyd County,0.000000000000000000,0.000000000000000000
KYBoyle County,0.000000000000000000,0.000000000000000000
KYBracken County,0.000000000000000000,0.000000000000000000
KYBreathitt County,0.000000000000000000,0.000000000000000000
KYBreckinridge County,0.000000000000000000,0.000000000000000000
KYBullitt County,0.000000000000000000,0.000000000000000000
KYButler County,0.000000000000000000,0.000000000000000000
KYCaldwell County,0.000000000000000000,0.000000000000000000
KYCalloway County,0.000000000000000000,0.000000000000000000
KYCampbell County,0.000000000000000000,0.000000000000000000
KYCarlisle County,0.000000000000000000,0.000000000000000000
KYCarroll County,0.000000000000000000,0.000000000000000000
KYCarter County,0.000000000000000000,0.000000000000000000
KYCasey County,0.000000000000000000,0.000000000000000000
KYChristian County,0.000000000000000000,0.000000000000000000
KYClark County,0.000000000000000000,0.000000000000000000
KYClay County,0.000000000000000000,0.000000000000000000
KYClinton County,0.000000000000000000,0.000000000000000000
KYCrittenden County,0.000000000000000000,0.000000000000000000
KYCumberland County,0.000000000000000000,0.000000000000000000
KYDaviess County,0.000000000000000000,0.000000000000000000
KYEdmonson County,0.000000000000000000,0.000000000000000000
KYElliott County,0.000000000000000000,0.000000000000000000
KYEstill County,0.000000000000000000,0.000000000000000000
KYFayette County,0.000000000000000000,0.000000000000000000
KYFleming County,0.000000000000000000,0.000000000000000000
KYFloyd County,0.000000000000000000,0.000000000000000000
KYFranklin County,0.000000000000000000,0.000000000000000000
KYFulton County,0.000000000000000000,0.000000000000000000
KYGallatin County,0.000000000000000000,0.000000000000000000
KYGarrard County,0.000000000000000000,0.000000000000000000
KYGrant County,0.000000000000000000,0.000000000000000000
KYGraves County,0.000000000000000000,0.000000000000000000
KYGrayson County,0.000000000000000000,0.000000000000000000
KYGreen County,0.000000000000000000,0.000000000000000000
KYGreenup County,0.000000000000000000,0.000000000000000000
KYHancock County,0.000000000000000000,0.000000000000000000
KYHardin County,0.000000000000000000,0.000000000000000000
KYHarlan County,0.000000000000000000,0.000000000000000000
KYHarrison County,0.000000000000000000,0.000000000000000000
KYHart County,0.000000000000000000,0.000000000000000000
KYHenderson County,0.000000000000000000,0.000000000000000000
KYHenry County,0.000000000000000000,0.000000000000000000
KYHickman County,0.000000000000000000,0.000000000000000000
KYHopkins County,0.000000000000000000,0.000000000000000000
KYJackson County,0.000000000000000000,0.000000000000000000
KYJefferson County,0.000000000000000000,0.000000000000000000
KYJessamine County,0.000000000000000000,0.000000000000000000
KYJohnson County,0.000000000000000000,0.000000000000000000
KYKenton County,0.000000000000000000,0.000000000000000000
KYKnott County,0.000000000000000000,0.000000000000000000
KYKnox County,0.000000000000000000,0.000000000000000000
KYLarue County,0.000000000000000000,0.000000000000000000
KYLaurel County,0.000000000000000000,0.000000000000000000
KYLawrence County,0.000000000000000000,0.000000000000000000
KYLee County,0.000000000000000000,0.000000000000000000
KYLeslie County,0.000000000000000000,0.000000000000000000
KYLetcher County,0.000000000000000000,0.000000000000000000
KYLewis County,0.000000000000000000,0.000000000000000000
KYLincoln County,0.000000000000000000,0.000000000000000000
KYLivingston County,0.000000000000000000,0.000000000000000000
KYLogan County,0.000000000000000000,0.000000000000000000
KYLyon County,0.000000000000000000,0.000000000000000000
KYMadison County,0.000000000000000000,0.000000000000000000
KYMagoffin County,0.000000000000000000,0.000000000000000000
KYMarion County,0.000000000000000000,0.000000000000000000
KYMarshall County,0.000000000000000000,0.000000000000000000
KYMartin County,0.000000000000000000,0.000000000000000000
KYMason County,0.000000000000000000,0.000000000000000000
KYMccracken County,0.000000000000000000,0.000000000000000000
KYMccreary County,0.000000000000000000,0.000000000000000000
KYMclean County,0.000000000000000000,0.000000000000000000
KYMeade County,0.000000000000000000,0.000000000000000000
KYMenifee County,0.000000000000000000,0.000000000000000000
KYMercer County,0.000000000000000000,0.000000000000000000
KYMetcalfe County,0.000000000000000000,0.000000000000000000
KYMonroe County,0.000000000000000000,0.000000000000000000
KYMontgomery County,0.000000000000000000,0.000000000000000000
KYMorgan County,0.000000000000000000,0.000000000000000000
KYMuhlenberg County,0.000000000000000000,0.000000000000000000
KYNelson County,0.000000000000000000,0.000000000000000000
KYNicholas County,0.000000000000000000,0.000000000000000000
KYOhio County,0.000000000000000000,0.000000000000000000
KYOldham County,0.000000000000000000,0.000000000000000000
KYOwen County,0.000000000000000000,0.000000000000000000
KYOwsley County,0.000000000000000000,0.000000000000000000
KYPendleton County,0.000000000000000000,0.000000000000000000
KYPerry County,0.000000000000000000,0.000000000000000000
KYPike County,0.000000000000000000,0.000000000000000000
KYPowell County,0.000000000000000000,0.000000000000000000
KYPulaski County,0.000000000000000000,0.000000000000000000
KYRobertson County,0.000000000000000000,0.000000000000000000
KYRockcastle County,0.000000000000000000,0.000000000000000000
KYRowan County,0.000000000000000000,0.000000000000000000
KYRussell County,0.000000000000000000,0.000000000000000000
KYScott County,0.000000000000000000,0.000000000000000000
KYShelby County,0.000000000000000000,0.000000000000000000
KYSimpson County,0.000000000000000000,0.000000000000000000
KYSpencer County,0.000000000000000000,0.000000000000000000
KYTaylor County,0.000000000000000000,0.000000000000000000
KYTodd County,0.000000000000000000,0.000000000000000000
KYTrigg County,0.000000000000000000,0.000000000000000000
KYTrimble County,0.000000000000000000,0.000000000000000000
KYUnion County,0.000000000000000000,0.000000000000000000
KYWarren County,0.000000000000000000,0.000000000000000000
KYWashington County,0.000000000000000000,0.000000000000000000
KYWayne County,0.000000000000000000,0.000000000000000000
KYWebster County,0.000000000000000000,0.000000000000000000
KYWhitley County,0.000000000000000000,0.000000000000000000
KYWolfe County,0.000000000000000000,0.000000000000000000
KYWoodford County,0.000000000000000000,0.000000000000000000
LAAcadia Parish,-0.534387130165591000,-0.205235868217698000
LAAllen Parish,-0.604392470199046000,-0.115609041750563000
LAAscension Parish,-0.543419712655680000,-0.246078487470588000
LAAssumption Parish,-0.538403440343115000,-0.234546452204588000
LAAvoyelles Parish,-0.618675270491865000,-0.123325280960263000
LABeauregard Parish,-0.603317394058224000,-0.117124579771279000
LABienville Parish,-0.737298187764561000,0.257757375160126000
LABossier Parish,-0.724183099455348000,0.207839841909512000
LACaddo Parish,-0.730636502864259000,0.227227413166621000
LACalcasieu Parish,-0.497241822490899000,-0.209714323355208000
LACaldwell Parish,-0.719859386301489000,0.133612797824633000
LACameron Parish,-0.175070383784120000,-0.413368854915608000
LACatahoula Parish,-0.685860637195170000,0.005916505495080270
LAClaiborne Parish,-0.755928008912759000,0.338768881142571000
LAConcordia Parish,-0.668039779251715000,-0.042061595297382100
LADe Soto Parish,-0.723815154091740000,0.207823388408797000
LAEast Baton Rouge Parish,-0.595440260363598000,-0.179499448850557000
LAEast Carroll Parish,-0.676028646060049000,-0.005535299231779980
LAEast Feliciana Parish,-0.625595850670465000,-0.120936050295708000
LAEvangeline Parish,-0.595062818405658000,-0.147031570931501000
LAFranklin Parish,-0.676445174333502000,-0.005617400574961070
LAGrant Parish,-0.698211250969120000,0.062947338180505000
LAIberia Parish,-0.273568273288143000,-0.343002311067543000
LAIberville Parish,-0.563926443719579000,-0.223034440406646000
LAJackson Parish,-0.737187940926686000,0.241205154490969000
LAJefferson Davis Parish,-0.478177199162434000,-0.235964245743078000
LAJefferson Parish,-0.435892729681623000,-0.242199922652315000
LALa Salle Parish,-0.719772393164713000,0.123977344966644000
LALafayette Parish,-0.538254179961696000,-0.179168433516460000
LALafourche Parish,-0.383954550675963000,-0.240603775497073000
LALincoln Parish,-0.746908378557120000,0.271326278742951000
LALivingston Parish,-0.545004276075343000,-0.213650003825503000
LAMadison Parish,-0.677146915466549000,-0.013624179803599600
LAMorehouse Parish,-0.716509643161059000,0.138152592041671000
LANatchitoches Parish,-0.675250338581651000,0.034229794494361700
LAOrleans Parish,-0.463712348533740000,-0.236316696099506000
LAOuachita Parish,-0.725878471486764000,0.184122205797417000
LAPlaquemines Parish,-0.249902916046310000,-0.329499802845738000
LAPointe Coupee Parish,-0.594194174794549000,-0.163028318441508000
LARapides Parish,-0.656665184649351000,-0.042726702710389300
LARed River Parish,-0.700923874556355000,0.125676408732160000
LARichland Parish,-0.688705749439304000,0.033153936245526900
LASabine Parish,-0.686823602859242000,0.093219080975983000
LASt. Bernard Parish,-0.389206402678359000,-0.255944227067011000
LASt. Charles Parish,-0.388323000432939000,-0.307076089517228000
LASt. Helena Parish,-0.618749864424260000,-0.131539876897370000
LASt. James Parish,-0.518341413391927000,-0.241266441002796000
LASt. John The Baptist Parish,-0.495709630989408000,-0.241356216393296000
LASt. Landry Parish,-0.579344306078904000,-0.163654261292114000
LASt. Martin Parish,-0.531817243978781000,-0.194682551929727000
LASt. Mary Parish,-0.366439624998253000,-0.315737014011805000
LASt. Tammany Parish,-0.367601118742560000,-0.329178176022574000
LATangipahoa Parish,-0.584859207015808000,-0.185621800978996000
LATensas Parish,-0.670254641074538000,-0.016461238421554300
LATerrebonne Parish,-0.340853467954903000,-0.299425333532196000
LAUnion Parish,-0.753607588591462000,0.307106158862692000
LAVermilion Parish,-0.311027194092658000,-0.343024219793065000
LAVernon Parish,-0.659864488402513000,0.004349022321177950
LAWashington Parish,-0.600000291833053000,-0.154639055916758000
LAWebster Parish,-0.736495760261720000,0.251593772852850000
LAWest Baton Rouge Parish,-0.575896074598109000,-0.201975450347549000
LAWest Carroll Parish,-0.696200160483665000,0.060420020500606000
LAWest Feliciana Parish,-0.637835010727720000,-0.097042478032029800
LAWinn Parish,-0.717671983864475000,0.169058379350979000
MABarnstable County,-0.566070250397346000,-0.087556087097800400
MABerkshire County,-0.773255805548443000,0.424735511645582000
MABristol County,-0.569838048512001000,-0.038224010767031100
MADukes County,-0.520925477065494000,-0.192805523053007000
MAEssex County,-0.651805504103278000,0.074319176190662300
MAFranklin County,-0.763084019615159000,0.374694511514500000
MAHampden County,-0.725785981405763000,0.182902906331465000
MAHampshire County,-0.749686762855441000,0.298984558392859000
MAMiddlesex County,-0.711985102123077000,0.153189082856200000
MANantucket County,-0.524533908785769000,-0.096757898861335600
MANorfolk County,-0.686086637664965000,0.183658531225964000
MAPlymouth County,-0.542817031410974000,-0.055901197361110900
MASuffolk County,-0.457733870855342000,-0.131184933215458000
MAWorcester County,-0.726708801998082000,0.198604041033220000
MDAllegany County,-0.827533661089705000,0.766121187499916000
MDAnne Arundel County,-0.540994979589203000,0.168075583798574000
MDBaltimore City,-0.714248637890437000,0.445945529061936000
MDBaltimore County,-0.743221917906335000,0.445877984315250000
MDCalvert County,-0.491313726722847000,0.167141238898563000
MDCaroline County,-0.718707715220727000,0.233012564881052000
MDCarroll County,-0.781380942002609000,0.508340287305368000
MDCecil County,-0.380366496958276000,-0.039105877585380300
MDCharles County,-0.574287521343102000,0.245813376193137000
MDDorchester County,-0.309452000591595000,-0.198123460810656000
MDFrederick County,-0.789460170826922000,0.555366596646223000
MDGarrett County,-0.823349146074095000,0.760199074727294000
MDHarford County,-0.681059780469063000,0.350341368352293000
MDHoward County,-0.783733546444622000,0.521652918713562000
MDKent County,-0.694280116302635000,0.240076683840168000
MDMontgomery County,-0.796032978059009000,0.586653532721236000
MDPrince George's County,-0.766867679646026000,0.533387848015523000
MDQueen Anne's County,-0.569955514737235000,0.123076375079832000
MDSomerset County,-0.429042566463363000,-0.126005167451759000
MDSt. Mary's County,-0.610829631919416000,0.225257915741424000
MDTalbot County,-0.498389642920852000,0.028499442144619200
MDWashington County,-0.798269460093885000,0.616826453008849000
MDWicomico County,-0.557628446053937000,0.093424177236917500
MDWorcester County,-0.440560452524467000,-0.111078893848338000
MEAndroscoggin County,-0.754415918304421000,0.503634330681148000
MEAroostook County,-0.789272626791410000,0.619374186103777000
MECumberland County,-0.460565389228520000,-0.048036066013750800
MEFranklin County,-0.788499613119924000,0.552177992274140000
MEHancock County,-0.597481196591854000,0.047010175980035000
MEKennebec County,-0.754319225817377000,0.515968047265914000
MEKnox County,-0.602613113430300000,0.032883090458028800
MELincoln County,-0.590608414476663000,0.037534195920768900
MEOxford County,-0.783341897690666000,0.523311848892735000
MEPenobscot County,-0.766090621541488000,0.478576296742206000
MEPiscataquis County,-0.779709568696827000,0.534620507575655000
MESagadahoc County,-0.643843592955643000,0.129553452483690000
MESomerset County,-0.774772082744033000,0.499566387227169000
MEWaldo County,-0.673670995956297000,0.326894171187207000
MEWashington County,-0.584057618035089000,0.231148916376018000
MEYork County,-0.379631039353195000,-0.086885826699567100
MIAlcona County,0.000000000000000000,0.000000000000000000
MIAlger County,0.000000000000000000,0.000000000000000000
MIAllegan County,0.000000000000000000,0.000000000000000000
MIAlpena County,0.000000000000000000,0.000000000000000000
MIAntrim County,0.000000000000000000,0.000000000000000000
MIArenac County,0.000000000000000000,0.000000000000000000
MIBaraga County,0.000000000000000000,0.000000000000000000
MIBarry County,0.000000000000000000,0.000000000000000000
MIBay County,0.000000000000000000,0.000000000000000000
MIBenzie County,0.000000000000000000,0.000000000000000000
MIBerrien County,0.000000000000000000,0.000000000000000000
MIBranch County,0.000000000000000000,0.000000000000000000
MICalhoun County,0.000000000000000000,0.000000000000000000
MICass County,0.000000000000000000,0.000000000000000000
MICharlevoix County,0.000000000000000000,0.000000000000000000
MICheboygan County,0.000000000000000000,0.000000000000000000
MIChippewa County,0.000000000000000000,0.000000000000000000
MIClare County,0.000000000000000000,0.000000000000000000
MIClinton County,0.000000000000000000,0.000000000000000000
MICrawford County,0.000000000000000000,0.000000000000000000
MIDelta County,0.000000000000000000,0.000000000000000000
MIDickinson County,0.000000000000000000,0.000000000000000000
MIEaton County,0.000000000000000000,0.000000000000000000
MIEmmet County,0.000000000000000000,0.000000000000000000
MIGenesee County,0.000000000000000000,0.000000000000000000
MIGladwin County,0.000000000000000000,0.000000000000000000
MIGogebic County,0.000000000000000000,0.000000000000000000
MIGrand Traverse County,0.000000000000000000,0.000000000000000000
MIGratiot County,0.000000000000000000,0.000000000000000000
MIHillsdale County,0.000000000000000000,0.000000000000000000
MIHoughton County,0.000000000000000000,0.000000000000000000
MIHuron County,0.000000000000000000,0.000000000000000000
MIIngham County,0.000000000000000000,0.000000000000000000
MIIonia County,0.000000000000000000,0.000000000000000000
MIIosco County,0.000000000000000000,0.000000000000000000
MIIron County,0.000000000000000000,0.000000000000000000
MIIsabella County,0.000000000000000000,0.000000000000000000
MIJackson County,0.000000000000000000,0.000000000000000000
MIKalamazoo County,0.000000000000000000,0.000000000000000000
MIKalkaska County,0.000000000000000000,0.000000000000000000
MIKent County,0.000000000000000000,0.000000000000000000
MIKeweenaw County,0.000000000000000000,0.000000000000000000
MILake County,0.000000000000000000,0.000000000000000000
MILapeer County,0.000000000000000000,0.000000000000000000
MILeelanau County,0.000000000000000000,0.000000000000000000
MILenawee County,0.000000000000000000,0.000000000000000000
MILivingston County,0.000000000000000000,0.000000000000000000
MILuce County,0.000000000000000000,0.000000000000000000
MIMackinac County,0.000000000000000000,0.000000000000000000
MIMacomb County,0.000000000000000000,0.000000000000000000
MIManistee County,0.000000000000000000,0.000000000000000000
MIMarquette County,0.000000000000000000,0.000000000000000000
MIMason County,0.000000000000000000,0.000000000000000000
MIMecosta County,0.000000000000000000,0.000000000000000000
MIMenominee County,0.000000000000000000,0.000000000000000000
MIMidland County,0.000000000000000000,0.000000000000000000
MIMissaukee County,0.000000000000000000,0.000000000000000000
MIMonroe County,0.000000000000000000,0.000000000000000000
MIMontcalm County,0.000000000000000000,0.000000000000000000
MIMontmorency County,0.000000000000000000,0.000000000000000000
MIMuskegon County,0.000000000000000000,0.000000000000000000
MINewaygo County,0.000000000000000000,0.000000000000000000
MIOakland County,0.000000000000000000,0.000000000000000000
MIOceana County,0.000000000000000000,0.000000000000000000
MIOgemaw County,0.000000000000000000,0.000000000000000000
MIOntonagon County,0.000000000000000000,0.000000000000000000
MIOsceola County,0.000000000000000000,0.000000000000000000
MIOscoda County,0.000000000000000000,0.000000000000000000
MIOtsego County,0.000000000000000000,0.000000000000000000
MIOttawa County,0.000000000000000000,0.000000000000000000
MIPresque Isle County,0.000000000000000000,0.000000000000000000
MIRoscommon County,0.000000000000000000,0.000000000000000000
MISaginaw County,0.000000000000000000,0.000000000000000000
MISanilac County,0.000000000000000000,0.000000000000000000
MISchoolcraft County,0.000000000000000000,0.000000000000000000
MIShiawassee County,0.000000000000000000,0.000000000000000000
MISt. Clair County,0.000000000000000000,0.000000000000000000
MISt. Joseph County,0.000000000000000000,0.000000000000000000
MITuscola County,0.000000000000000000,0.000000000000000000
MIVan Buren County,0.000000000000000000,0.000000000000000000
MIWashtenaw County,0.000000000000000000,0.000000000000000000
MIWayne County,0.000000000000000000,0.000000000000000000
MIWexford County,0.000000000000000000,0.000000000000000000
MNAitkin County,0.000000000000000000,0.000000000000000000
MNAnoka County,0.000000000000000000,0.000000000000000000
MNBecker County,0.000000000000000000,0.000000000000000000
MNBeltrami County,0.000000000000000000,0.000000000000000000
MNBenton County,0.000000000000000000,0.000000000000000000
MNBig Stone County,0.000000000000000000,0.000000000000000000
MNBlue Earth County,0.000000000000000000,0.000000000000000000
MNBrown County,0.000000000000000000,0.000000000000000000
MNCarlton County,0.000000000000000000,0.000000000000000000
MNCarver County,0.000000000000000000,0.000000000000000000
MNCass County,0.000000000000000000,0.000000000000000000
MNChippewa County,0.000000000000000000,0.000000000000000000
MNChisago County,0.000000000000000000,0.000000000000000000
MNClay County,0.000000000000000000,0.000000000000000000
MNClearwater County,0.000000000000000000,0.000000000000000000
MNCook County,0.000000000000000000,0.000000000000000000
MNCottonwood County,0.000000000000000000,0.000000000000000000
MNCrow Wing County,0.000000000000000000,0.000000000000000000
MNDakota County,0.000000000000000000,0.000000000000000000
MNDodge County,0.000000000000000000,0.000000000000000000
MNDouglas County,0.000000000000000000,0.000000000000000000
MNFaribault County,0.000000000000000000,0.000000000000000000
MNFillmore County,0.000000000000000000,0.000000000000000000
MNFreeborn County,0.000000000000000000,0.000000000000000000
MNGoodhue County,0.000000000000000000,0.000000000000000000
MNGrant County,0.000000000000000000,0.000000000000000000
MNHennepin County,0.000000000000000000,0.000000000000000000
MNHouston County,0.000000000000000000,0.000000000000000000
MNHubbard County,0.000000000000000000,0.000000000000000000
MNIsanti County,0.000000000000000000,0.000000000000000000
MNItasca County,0.000000000000000000,0.000000000000000000
MNJackson County,0.000000000000000000,0.000000000000000000
MNKanabec County,0.000000000000000000,0.000000000000000000
MNKandiyohi County,0.000000000000000000,0.000000000000000000
MNKittson County,0.000000000000000000,0.000000000000000000
MNKoochiching County,0.000000000000000000,0.000000000000000000
MNLac Qui Parle County,0.000000000000000000,0.000000000000000000
MNLake County,0.000000000000000000,0.000000000000000000
MNLake Of The Woods County,0.000000000000000000,0.000000000000000000
MNLe Sueur County,0.000000000000000000,0.000000000000000000
MNLincoln County,0.000000000000000000,0.000000000000000000
MNLyon County,0.000000000000000000,0.000000000000000000
MNMahnomen County,0.000000000000000000,0.000000000000000000
MNMarshall County,0.000000000000000000,0.000000000000000000
MNMartin County,0.000000000000000000,0.000000000000000000
MNMcleod County,0.000000000000000000,0.000000000000000000
MNMeeker County,0.000000000000000000,0.000000000000000000
MNMille Lacs County,0.000000000000000000,0.000000000000000000
MNMorrison County,0.000000000000000000,0.000000000000000000
MNMower County,0.000000000000000000,0.000000000000000000
MNMurray County,0.000000000000000000,0.000000000000000000
MNNicollet County,0.000000000000000000,0.000000000000000000
MNNobles County,0.000000000000000000,0.000000000000000000
MNNorman County,0.000000000000000000,0.000000000000000000
MNOlmsted County,0.000000000000000000,0.000000000000000000
MNOtter Tail County,0.000000000000000000,0.000000000000000000
MNPennington County,0.000000000000000000,0.000000000000000000
MNPine County,0.000000000000000000,0.000000000000000000
MNPipestone County,0.000000000000000000,0.000000000000000000
MNPolk County,0.000000000000000000,0.000000000000000000
MNPope County,0.000000000000000000,0.000000000000000000
MNRamsey County,0.000000000000000000,0.000000000000000000
MNRed Lake County,0.000000000000000000,0.000000000000000000
MNRedwood County,0.000000000000000000,0.000000000000000000
MNRenville County,0.000000000000000000,0.000000000000000000
MNRice County,0.000000000000000000,0.000000000000000000
MNRock County,0.000000000000000000,0.000000000000000000
MNRoseau County,0.000000000000000000,0.000000000000000000
MNScott County,0.000000000000000000,0.000000000000000000
MNSherburne County,0.000000000000000000,0.000000000000000000
MNSibley County,0.000000000000000000,0.000000000000000000
MNSt. Louis County,0.000000000000000000,0.000000000000000000
MNStearns County,0.000000000000000000,0.000000000000000000
MNSteele County,0.000000000000000000,0.000000000000000000
MNStevens County,0.000000000000000000,0.000000000000000000
MNSwift County,0.000000000000000000,0.000000000000000000
MNTodd County,0.000000000000000000,0.000000000000000000
MNTraverse County,0.000000000000000000,0.000000000000000000
MNWabasha County,0.000000000000000000,0.000000000000000000
MNWadena County,0.000000000000000000,0.000000000000000000
MNWaseca County,0.000000000000000000,0.000000000000000000
MNWashington County,0.000000000000000000,0.000000000000000000
MNWatonwan County,0.000000000000000000,0.000000000000000000
MNWilkin County,0.000000000000000000,0.000000000000000000
MNWinona County,0.000000000000000000,0.000000000000000000
MNWright County,0.000000000000000000,0.000000000000000000
MNYellow Medicine County,0.000000000000000000,0.000000000000000000
MOAdair County,0.000000000000000000,0.000000000000000000
MOAndrew County,0.000000000000000000,0.000000000000000000
MOAtchison County,0.000000000000000000,0.000000000000000000
MOAudrain County,0.000000000000000000,0.000000000000000000
MOBarry County,0.000000000000000000,0.000000000000000000
MOBarton County,0.000000000000000000,0.000000000000000000
MOBates County,0.000000000000000000,0.000000000000000000
MOBenton County,0.000000000000000000,0.000000000000000000
MOBollinger County,0.000000000000000000,0.000000000000000000
MOBoone County,0.000000000000000000,0.000000000000000000
MOBuchanan County,0.000000000000000000,0.000000000000000000
MOButler County,0.000000000000000000,0.000000000000000000
MOCaldwell County,0.000000000000000000,0.000000000000000000
MOCallaway County,0.000000000000000000,0.000000000000000000
MOCamden County,0.000000000000000000,0.000000000000000000
MOCape Girardeau County,0.000000000000000000,0.000000000000000000
MOCarroll County,0.000000000000000000,0.000000000000000000
MOCarter County,0.000000000000000000,0.000000000000000000
MOCass County,0.000000000000000000,0.000000000000000000
MOCedar County,0.000000000000000000,0.000000000000000000
MOChariton County,0.000000000000000000,0.000000000000000000
MOChristian County,0.000000000000000000,0.000000000000000000
MOClark County,0.000000000000000000,0.000000000000000000
MOClay County,0.000000000000000000,0.000000000000000000
MOClinton County,0.000000000000000000,0.000000000000000000
MOCole County,0.000000000000000000,0.000000000000000000
MOCooper County,0.000000000000000000,0.000000000000000000
MOCrawford County,0.000000000000000000,0.000000000000000000
MODade County,0.000000000000000000,0.000000000000000000
MODallas County,0.000000000000000000,0.000000000000000000
MODaviess County,0.000000000000000000,0.000000000000000000
MODekalb County,0.000000000000000000,0.000000000000000000
MODent County,0.000000000000000000,0.000000000000000000
MODouglas County,0.000000000000000000,0.000000000000000000
MODunklin County,0.000000000000000000,0.000000000000000000
MOFranklin County,0.000000000000000000,0.000000000000000000
MOGasconade County,0.000000000000000000,0.000000000000000000
MOGentry County,0.000000000000000000,0.000000000000000000
MOGreene County,0.000000000000000000,0.000000000000000000
MOGrundy County,0.000000000000000000,0.000000000000000000
MOHarrison County,0.000000000000000000,0.000000000000000000
MOHenry County,0.000000000000000000,0.000000000000000000
MOHickory County,0.000000000000000000,0.000000000000000000
MOHolt County,0.000000000000000000,0.000000000000000000
MOHoward County,0.000000000000000000,0.000000000000000000
MOHowell County,0.000000000000000000,0.000000000000000000
MOIron County,0.000000000000000000,0.000000000000000000
MOJackson County,0.000000000000000000,0.000000000000000000
MOJasper County,0.000000000000000000,0.000000000000000000
MOJefferson County,0.000000000000000000,0.000000000000000000
MOJohnson County,0.000000000000000000,0.000000000000000000
MOKnox County,0.000000000000000000,0.000000000000000000
MOLaclede County,0.000000000000000000,0.000000000000000000
MOLafayette County,0.000000000000000000,0.000000000000000000
MOLawrence County,0.000000000000000000,0.000000000000000000
MOLewis County,0.000000000000000000,0.000000000000000000
MOLincoln County,0.000000000000000000,0.000000000000000000
MOLinn County,0.000000000000000000,0.000000000000000000
MOLivingston County,0.000000000000000000,0.000000000000000000
MOMacon County,0.000000000000000000,0.000000000000000000
MOMadison County,0.000000000000000000,0.000000000000000000
MOMaries County,0.000000000000000000,0.000000000000000000
MOMarion County,0.000000000000000000,0.000000000000000000
MOMcdonald County,0.000000000000000000,0.000000000000000000
MOMercer County,0.000000000000000000,0.000000000000000000
MOMiller County,0.000000000000000000,0.000000000000000000
MOMississippi County,0.000000000000000000,0.000000000000000000
MOMoniteau County,0.000000000000000000,0.000000000000000000
MOMonroe County,0.000000000000000000,0.000000000000000000
MOMontgomery County,0.000000000000000000,0.000000000000000000
MOMorgan County,0.000000000000000000,0.000000000000000000
MONew Madrid County,0.000000000000000000,0.000000000000000000
MONewton County,0.000000000000000000,0.000000000000000000
MONodaway County,0.000000000000000000,0.000000000000000000
MOOregon County,0.000000000000000000,0.000000000000000000
MOOsage County,0.000000000000000000,0.000000000000000000
MOOzark County,0.000000000000000000,0.000000000000000000
MOPemiscot County,0.000000000000000000,0.000000000000000000
MOPerry County,0.000000000000000000,0.000000000000000000
MOPettis County,0.000000000000000000,0.000000000000000000
MOPhelps County,0.000000000000000000,0.000000000000000000
MOPike County,0.000000000000000000,0.000000000000000000
MOPlatte County,0.000000000000000000,0.000000000000000000
MOPolk County,0.000000000000000000,0.000000000000000000
MOPulaski County,0.000000000000000000,0.000000000000000000
MOPutnam County,0.000000000000000000,0.000000000000000000
MORalls County,0.000000000000000000,0.000000000000000000
MORandolph County,0.000000000000000000,0.000000000000000000
MORay County,0.000000000000000000,0.000000000000000000
MOReynolds County,0.000000000000000000,0.000000000000000000
MORipley County,0.000000000000000000,0.000000000000000000
MOSaline County,0.000000000000000000,0.000000000000000000
MOSchuyler County,0.000000000000000000,0.000000000000000000
MOScotland County,0.000000000000000000,0.000000000000000000
MOScott County,0.000000000000000000,0.000000000000000000
MOShannon County,0.000000000000000000,0.000000000000000000
MOShelby County,0.000000000000000000,0.000000000000000000
MOSt. Charles County,0.000000000000000000,0.000000000000000000
MOSt. Clair County,0.000000000000000000,0.000000000000000000
MOSt. Francois County,0.000000000000000000,0.000000000000000000
MOSt. Louis City,0.000000000000000000,0.000000000000000000
MOSt. Louis County,0.000000000000000000,0.000000000000000000
MOSte. Genevieve County,0.000000000000000000,0.000000000000000000
MOStoddard County,0.000000000000000000,0.000000000000000000
MOStone County,0.000000000000000000,0.000000000000000000
MOSullivan County,0.000000000000000000,0.000000000000000000
MOTaney County,0.000000000000000000,0.000000000000000000
MOTexas County,0.000000000000000000,0.000000000000000000
MOVernon County,0.000000000000000000,0.000000000000000000
MOWarren County,0.000000000000000000,0.000000000000000000
MOWashington County,0.000000000000000000,0.000000000000000000
MOWayne County,0.000000000000000000,0.000000000000000000
MOWebster County,0.000000000000000000,0.000000000000000000
MOWorth County,0.000000000000000000,0.000000000000000000
MOWright County,0.000000000000000000,0.000000000000000000
MSAdams County,-0.678914063540069000,-0.005218095932950750
MSAlcorn County,-0.779006672558201000,0.462649633455445000
MSAmite County,-0.663533383493749000,-0.065049004760675700
MSAttala County,-0.738443967508971000,0.236497590474896000
MSBenton County,-0.769581154515604000,0.386254184343137000
MSBolivar County,-0.730627048789726000,0.220284414910958000
MSCalhoun County,-0.747870271767641000,0.292242482653960000
MSCarroll County,-0.756209592808715000,0.294407707593700000
MSChickasaw County,-0.737414685634153000,0.252536632829198000
MSChoctaw County,-0.753033654475812000,0.319735174938778000
MSClaiborne County,-0.708540509467566000,0.088120104435295300
MSClarke County,-0.690815616087474000,0.089852389720555400
MSClay County,-0.729713177292899000,0.252805147607737000
MSCoahoma County,-0.749623050164762000,0.254028547198877000
MSCopiah County,-0.679886047835755000,0.004802376159961150
MSCovington County,-0.657787293073820000,-0.042352614362437100
MSDesoto County,-0.761669357715859000,0.316857553914709000
MSForrest County,-0.632280851463800000,-0.107450159598365000
MSFranklin County,-0.689435065206070000,0.019169074904902500
MSGeorge County,-0.570007366614029000,-0.186775421909078000
MSGreene County,-0.624115675491055000,-0.137243576639550000
MSGrenada County,-0.758502977575615000,0.315806149407204000
MSHancock County,-0.291104266561878000,-0.390946306173039000
MSHarrison County,-0.361562557544989000,-0.309410701303087000
MSHinds County,-0.693482509428564000,0.060479273797727800
MSHolmes County,-0.721886311199711000,0.148732604016093000
MSHumphreys County,-0.701757250007152000,0.082750362783312400
MSIssaquena County,-0.695008210739408000,0.041576603454220400
MSItawamba County,-0.763849561578790000,0.374155181725310000
MSJackson County,-0.341161738441266000,-0.302506835523598000
MSJasper County,-0.684303399584637000,0.061962289464134700
MSJefferson County,-0.704836023580213000,0.074926441219795200
MSJefferson Davis County,-0.655002063786320000,-0.057535526581111900
MSJones County,-0.653633306490606000,-0.037743234941319600
MSKemper County,-0.720434533268564000,0.220966319870095000
MSLafayette County,-0.765350161420486000,0.352804404669232000
MSLamar County,-0.624342018998723000,-0.130924462592037000
MSLauderdale County,-0.703743847026747000,0.157478239050097000
MSLawrence County,-0.663951300756382000,-0.032963728676437700
MSLeake County,-0.712629166348518000,0.154314751436398000
MSLee County,-0.737262744259890000,0.254753247455944000
MSLeflore County,-0.728941993717331000,0.188023342309661000
MSLincoln County,-0.660167054506753000,-0.052189806617312300
MSLowndes County,-0.734787197941937000,0.287513393912462000
MSMadison County,-0.681185151785566000,0.028256150512382200
MSMarion County,-0.624576255471646000,-0.133310217076187000
MSMarshall County,-0.763401463541410000,0.358573385046913000
MSMonroe County,-0.749990470335233000,0.329906471673314000
MSMontgomery County,-0.751166482938370000,0.291642684810400000
MSNeshoba County,-0.712786940134854000,0.187995605286211000
MSNewton County,-0.701103983219478000,0.143359252352258000
MSNoxubee County,-0.716064481749570000,0.215321422492390000
MSOktibbeha County,-0.735511147616035000,0.272118638694468000
MSPanola County,-0.755525016028905000,0.313108905650241000
MSPearl River County,-0.560137506725378000,-0.196375109387083000
MSPerry County,-0.636474041827074000,-0.097437297021803100
MSPike County,-0.629467353129113000,-0.140659652485203000
MSPontotoc County,-0.743829201745274000,0.289297604506173000
MSPrentiss County,-0.760843641514237000,0.375759480583900000
MSQuitman County,-0.742307908390753000,0.228475286430617000
MSRankin County,-0.685836410846323000,0.042743146673254000
MSScott County,-0.692405716615759000,0.076279569428217000
MSSharkey County,-0.704492498810213000,0.081834873358253500
MSSimpson County,-0.672832930399643000,0.002843379166645340
MSSmith County,-0.675643058947948000,0.011980918885051500
MSStone County,-0.585761289411488000,-0.160222394159249000
MSSunflower County,-0.717057373251596000,0.161141999557046000
MSTallahatchie County,-0.734765164365536000,0.221098264057304000
MSTate County,-0.754600333159926000,0.289933221839547000
MSTippah County,-0.762039996576908000,0.354850538137878000
MSTishomingo County,-0.773761410537160000,0.425109999518434000
MSTunica County,-0.744847330128224000,0.227956602687293000
MSUnion County,-0.747178592779030000,0.299860011947916000
MSWalthall County,-0.626417787293892000,-0.126456488330504000
MSWarren County,-0.709734506730046000,0.080138860600483100
MSWashington County,-0.713638503118498000,0.150146125008279000
MSWayne County,-0.654683985855885000,-0.047952618749766100
MSWebster County,-0.753002396499283000,0.310009335412219000
MSWilkinson County,-0.670524502353809000,-0.042949834797317500
MSWinston County,-0.729670163862545000,0.250571819625262000
MSYalobusha County,-0.759428165248701000,0.327384730728071000
MSYazoo County,-0.708730175974491000,0.104444858045535000
MTBeaverhead County,0.000000000000000000,0.000000000000000000
MTBig Horn County,0.000000000000000000,0.000000000000000000
MTBlaine County,0.000000000000000000,0.000000000000000000
MTBroadwater County,0.000000000000000000,0.000000000000000000
MTCarbon County,0.000000000000000000,0.000000000000000000
MTCarter County,0.000000000000000000,0.000000000000000000
MTCascade County,0.000000000000000000,0.000000000000000000
MTChouteau County,0.000000000000000000,0.000000000000000000
MTCuster County,0.000000000000000000,0.000000000000000000
MTDaniels County,0.000000000000000000,0.000000000000000000
MTDawson County,0.000000000000000000,0.000000000000000000
MTDeer Lodge County,0.000000000000000000,0.000000000000000000
MTFallon County,0.000000000000000000,0.000000000000000000
MTFergus County,0.000000000000000000,0.000000000000000000
MTFlathead County,0.000000000000000000,0.000000000000000000
MTGallatin County,0.000000000000000000,0.000000000000000000
MTGarfield County,0.000000000000000000,0.000000000000000000
MTGlacier County,0.000000000000000000,0.000000000000000000
MTGolden Valley County,0.000000000000000000,0.000000000000000000
MTGranite County,0.000000000000000000,0.000000000000000000
MTHill County,0.000000000000000000,0.000000000000000000
MTJefferson County,0.000000000000000000,0.000000000000000000
MTJudith Basin County,0.000000000000000000,0.000000000000000000
MTLake County,0.000000000000000000,0.000000000000000000
MTLewis And Clark County,0.000000000000000000,0.000000000000000000
MTLiberty County,0.000000000000000000,0.000000000000000000
MTLincoln County,0.000000000000000000,0.000000000000000000
MTMadison County,0.000000000000000000,0.000000000000000000
MTMccone County,0.000000000000000000,0.000000000000000000
MTMeagher County,0.000000000000000000,0.000000000000000000
MTMineral County,0.000000000000000000,0.000000000000000000
MTMissoula County,0.000000000000000000,0.000000000000000000
MTMusselshell County,0.000000000000000000,0.000000000000000000
MTPark County,0.000000000000000000,0.000000000000000000
MTPetroleum County,0.000000000000000000,0.000000000000000000
MTPhillips County,0.000000000000000000,0.000000000000000000
MTPondera County,0.000000000000000000,0.000000000000000000
MTPowder River County,0.000000000000000000,0.000000000000000000
MTPowell County,0.000000000000000000,0.000000000000000000
MTPrairie County,0.000000000000000000,0.000000000000000000
MTRavalli County,0.000000000000000000,0.000000000000000000
MTRichland County,0.000000000000000000,0.000000000000000000
MTRoosevelt County,0.000000000000000000,0.000000000000000000
MTRosebud County,0.000000000000000000,0.000000000000000000
MTSanders County,0.000000000000000000,0.000000000000000000
MTSheridan County,0.000000000000000000,0.000000000000000000
MTSilver Bow County,0.000000000000000000,0.000000000000000000
MTStillwater County,0.000000000000000000,0.000000000000000000
MTSweet Grass County,0.000000000000000000,0.000000000000000000
MTTeton County,0.000000000000000000,0.000000000000000000
MTToole County,0.000000000000000000,0.000000000000000000
MTTreasure County,0.000000000000000000,0.000000000000000000
MTValley County,0.000000000000000000,0.000000000000000000
MTWheatland County,0.000000000000000000,0.000000000000000000
MTWibaux County,0.000000000000000000,0.000000000000000000
MTYellowstone County,0.000000000000000000,0.000000000000000000
NCAlamance County,-0.760278168749154000,0.381060135908047000
NCAlexander County,-0.785407867463454000,0.515942908905699000
NCAlleghany County,-0.794331957394992000,0.566329403149007000
NCAnson County,-0.738882507230844000,0.314535525977302000
NCAshe County,-0.803226568005371000,0.641105967797200000
NCAvery County,-0.807424398532123000,0.629024960925459000
NCBeaufort County,-0.404685157150505000,-0.170025957091303000
NCBertie County,-0.673919800566032000,0.185709838473954000
NCBladen County,-0.648448865339440000,0.001760491821873430
NCBrunswick County,-0.422874807221101000,-0.213067237349011000
NCBuncombe County,-0.798861896123846000,0.578751212761126000
NCBurke County,-0.801558288754054000,0.598519918726452000
NCCabarrus County,-0.753473183045060000,0.401429837490621000
NCCaldwell County,-0.802294032853145000,0.612914487881399000
NCCamden County,-0.486073507308914000,-0.016076896631776800
NCCarteret County,-0.335032511852281000,-0.281615405881296000
NCCaswell County,-0.770693268129550000,0.443740592393498000
NCCatawba County,-0.773636814319904000,0.458599053471306000
NCChatham County,-0.756009530780126000,0.380709642592431000
NCCherokee County,-0.810585019706986000,0.619140935402662000
NCChowan County,-0.579378957494518000,0.096353463831744300
NCClay County,-0.809395316924855000,0.611937300882398000
NCCleveland County,-0.786235633969107000,0.512462280093931000
NCColumbus County,-0.603857527364465000,-0.085267263809250400
NCCraven County,-0.406065925998426000,-0.185265396141395000
NCCumberland County,-0.710008864041782000,0.186748971195263000
NCCurrituck County,-0.424249175871107000,-0.154991458401826000
NCDare County,-0.371237867138434000,-0.241449209687079000
NCDavidson County,-0.747245157607552000,0.372395824134634000
NCDavie County,-0.758630862227081000,0.393819341540792000
NCDuplin County,-0.637942387813989000,0.005733658207663470
NCDurham County,-0.761045302128900000,0.400407466746473000
NCEdgecombe County,-0.697022297432281000,0.167813918403209000
NCForsyth County,-0.764316385118503000,0.409236931300641000
NCFranklin County,-0.740949455784858000,0.318928776657677000
NCGaston County,-0.784989819513727000,0.498024994106498000
NCGates County,-0.554940432366550000,0.077855214904885500
NCGraham County,-0.813503259511274000,0.642746308461518000
NCGranville County,-0.755577099320263000,0.374390515623482000
NCGreene County,-0.670232046798129000,0.082733663727536700
NCGuilford County,-0.754081762954020000,0.376069732884842000
NCHalifax County,-0.719872338490672000,0.256083712401963000
NCHarnett County,-0.711408522216613000,0.194558217680407000
NCHaywood County,-0.805146140161736000,0.600368099396148000
NCHenderson County,-0.799518711360195000,0.568321188426821000
NCHertford County,-0.700283874186087000,0.216536478325528000
NCHoke County,-0.709294878644069000,0.204138326269137000
NCHyde County,-0.340315080043607000,-0.268135711454488000
NCIredell County,-0.769431649263380000,0.437960690179912000
NCJackson County,-0.806788630364967000,0.611040280565747000
NCJohnston County,-0.701251140578107000,0.169798463234258000
NCJones County,-0.641447167696596000,0.090842414629115600
NCLee County,-0.739684765661352000,0.309405028483138000
NCLenoir County,-0.657200280508407000,0.046705440153677700
NCLincoln County,-0.777751669174670000,0.471827136503283000
NCMacon County,-0.805519389176661000,0.600915477731147000
NCMadison County,-0.804264080906891000,0.632657892977295000
NCMartin County,-0.602223640927554000,0.063432071866100300
NCMcdowell County,-0.803681048027037000,0.594225884086570000
NCMecklenburg County,-0.768324971039812000,0.426837609112962000
NCMitchell County,-0.806405152125148000,0.622587836722756000
NCMontgomery County,-0.738013512972543000,0.351146444067917000
NCMoore County,-0.727734050035605000,0.284928748554009000
NCNash County,-0.715237136850360000,0.224351092110434000
NCNew Hanover County,-0.401727265251351000,-0.223122907971422000
NCNorthampton County,-0.727173408335000000,0.287420416396299000
NCOnslow County,-0.432511872152278000,-0.190876935717289000
NCOrange County,-0.765657913615705000,0.417511992340104000
NCPamlico County,-0.236663688107490000,-0.380456147888013000
NCPasquotank County,-0.598041530743925000,0.054811041649589100
NCPender County,-0.577627767505429000,-0.023046798399320600
NCPerquimans County,-0.582467360346079000,0.051852157595943600
NCPerson County,-0.761240306309498000,0.397060291770891000
NCPitt County,-0.668794200416588000,0.089208345938709900
NCPolk County,-0.804258942264979000,0.592503165234568000
NCRandolph County,-0.743970311879470000,0.361699853521253000
NCRichmond County,-0.724337660295199000,0.268118389207174000
NCRobeson County,-0.664647812512160000,0.052977009422021700
NCRockingham County,-0.769861585037440000,0.429231618526760000
NCRowan County,-0.754237608144198000,0.398435720193778000
NCRutherford County,-0.794016861674904000,0.550014466507873000
NCSampson County,-0.661617831373484000,0.048595282781533000
NCScotland County,-0.697053211477831000,0.177326330654773000
NCStanly County,-0.740570647595704000,0.356033222276587000
NCStokes County,-0.777337291911720000,0.470216542342473000
NCSurry County,-0.783628896984150000,0.501904225217328000
NCSwain County,-0.812689705266022000,0.641570122168651000
NCTransylvania County,-0.806783459600602000,0.604050487594511000
NCTyrrell County,-0.498602093696765000,0.035786825980657100
NCUnion County,-0.748533675664476000,0.363666069906801000
NCVance County,-0.749877116347085000,0.361155048663506000
NCWake County,-0.744812879385083000,0.328831265421131000
NCWarren County,-0.750887291606289000,0.366973538404064000
NCWashington County,-0.567056683453452000,0.058232122074462200
NCWatauga County,-0.805958672907434000,0.644437271946132000
NCWayne County,-0.669140874539541000,0.083494775788091900
NCWilkes County,-0.796095105648502000,0.575041617943570000
NCWilson County,-0.694528979004589000,0.159121522668872000
NCYadkin County,-0.772313893820794000,0.454018189583170000
NCYancey County,-0.805369114144382000,0.621105592438348000
NDAdams County,0.000000000000000000,0.000000000000000000
NDBarnes County,0.000000000000000000,0.000000000000000000
NDBenson County,0.000000000000000000,0.000000000000000000
NDBillings County,0.000000000000000000,0.000000000000000000
NDBottineau County,0.000000000000000000,0.000000000000000000
NDBowman County,0.000000000000000000,0.000000000000000000
NDBurke County,0.000000000000000000,0.000000000000000000
NDBurleigh County,0.000000000000000000,0.000000000000000000
NDCass County,0.000000000000000000,0.000000000000000000
NDCavalier County,0.000000000000000000,0.000000000000000000
NDDickey County,0.000000000000000000,0.000000000000000000
NDDivide County,0.000000000000000000,0.000000000000000000
NDDunn County,0.000000000000000000,0.000000000000000000
NDEddy County,0.000000000000000000,0.000000000000000000
NDEmmons County,0.000000000000000000,0.000000000000000000
NDFoster County,0.000000000000000000,0.000000000000000000
NDGolden Valley County,0.000000000000000000,0.000000000000000000
NDGrand Forks County,0.000000000000000000,0.000000000000000000
NDGrant County,0.000000000000000000,0.000000000000000000
NDGriggs County,0.000000000000000000,0.000000000000000000
NDHettinger County,0.000000000000000000,0.000000000000000000
NDKidder County,0.000000000000000000,0.000000000000000000
NDLamoure County,0.000000000000000000,0.000000000000000000
NDLogan County,0.000000000000000000,0.000000000000000000
NDMchenry County,0.000000000000000000,0.000000000000000000
NDMcintosh County,0.000000000000000000,0.000000000000000000
NDMckenzie County,0.000000000000000000,0.000000000000000000
NDMclean County,0.000000000000000000,0.000000000000000000
NDMercer County,0.000000000000000000,0.000000000000000000
NDMorton County,0.000000000000000000,0.000000000000000000
NDMountrail County,0.000000000000000000,0.000000000000000000
NDNelson County,0.000000000000000000,0.000000000000000000
NDOliver County,0.000000000000000000,0.000000000000000000
NDPembina County,0.000000000000000000,0.000000000000000000
NDPierce County,0.000000000000000000,0.000000000000000000
NDRamsey County,0.000000000000000000,0.000000000000000000
NDRansom County,0.000000000000000000,0.000000000000000000
NDRenville County,0.000000000000000000,0.000000000000000000
NDRichland County,0.000000000000000000,0.000000000000000000
NDRolette County,0.000000000000000000,0.000000000000000000
NDSargent County,0.000000000000000000,0.000000000000000000
NDSheridan County,0.000000000000000000,0.000000000000000000
NDSioux County,0.000000000000000000,0.000000000000000000
NDSlope County,0.000000000000000000,0.000000000000000000
NDStark County,0.000000000000000000,0.000000000000000000
NDSteele County,0.000000000000000000,0.000000000000000000
NDStutsman County,0.000000000000000000,0.000000000000000000
NDTowner County,0.000000000000000000,0.000000000000000000
NDTraill County,0.000000000000000000,0.000000000000000000
NDWalsh County,0.000000000000000000,0.000000000000000000
NDWard County,0.000000000000000000,0.000000000000000000
NDWells County,0.000000000000000000,0.000000000000000000
NDWilliams County,0.000000000000000000,0.000000000000000000
NEAdams County,0.000000000000000000,0.000000000000000000
NEAntelope County,0.000000000000000000,0.000000000000000000
NEArthur County,0.000000000000000000,0.000000000000000000
NEBanner County,0.000000000000000000,0.000000000000000000
NEBlaine County,0.000000000000000000,0.000000000000000000
NEBoone County,0.000000000000000000,0.000000000000000000
NEBox Butte County,0.000000000000000000,0.000000000000000000
NEBoyd County,0.000000000000000000,0.000000000000000000
NEBrown County,0.000000000000000000,0.000000000000000000
NEBuffalo County,0.000000000000000000,0.000000000000000000
NEBurt County,0.000000000000000000,0.000000000000000000
NEButler County,0.000000000000000000,0.000000000000000000
NECass County,0.000000000000000000,0.000000000000000000
NECedar County,0.000000000000000000,0.000000000000000000
NEChase County,0.000000000000000000,0.000000000000000000
NECherry County,0.000000000000000000,0.000000000000000000
NECheyenne County,0.000000000000000000,0.000000000000000000
NEClay County,0.000000000000000000,0.000000000000000000
NEColfax County,0.000000000000000000,0.000000000000000000
NECuming County,0.000000000000000000,0.000000000000000000
NECuster County,0.000000000000000000,0.000000000000000000
NEDakota County,0.000000000000000000,0.000000000000000000
NEDawes County,0.000000000000000000,0.000000000000000000
NEDawson County,0.000000000000000000,0.000000000000000000
NEDeuel County,0.000000000000000000,0.000000000000000000
NEDixon County,0.000000000000000000,0.000000000000000000
NEDodge County,0.000000000000000000,0.000000000000000000
NEDouglas County,0.000000000000000000,0.000000000000000000
NEDundy County,0.000000000000000000,0.000000000000000000
NEFillmore County,0.000000000000000000,0.000000000000000000
NEFranklin County,0.000000000000000000,0.000000000000000000
NEFrontier County,0.000000000000000000,0.000000000000000000
NEFurnas County,0.000000000000000000,0.000000000000000000
NEGage County,0.000000000000000000,0.000000000000000000
NEGarden County,0.000000000000000000,0.000000000000000000
NEGarfield County,0.000000000000000000,0.000000000000000000
NEGosper County,0.000000000000000000,0.000000000000000000
NEGrant County,0.000000000000000000,0.000000000000000000
NEGreeley County,0.000000000000000000,0.000000000000000000
NEHall County,0.000000000000000000,0.000000000000000000
NEHamilton County,0.000000000000000000,0.000000000000000000
NEHarlan County,0.000000000000000000,0.000000000000000000
NEHayes County,0.000000000000000000,0.000000000000000000
NEHitchcock County,0.000000000000000000,0.000000000000000000
NEHolt County,0.000000000000000000,0.000000000000000000
NEHooker County,0.000000000000000000,0.000000000000000000
NEHoward County,0.000000000000000000,0.000000000000000000
NEJefferson County,0.000000000000000000,0.000000000000000000
NEJohnson County,0.000000000000000000,0.000000000000000000
NEKearney County,0.000000000000000000,0.000000000000000000
NEKeith County,0.000000000000000000,0.000000000000000000
NEKeya Paha County,0.000000000000000000,0.000000000000000000
NEKimball County,0.000000000000000000,0.000000000000000000
NEKnox County,0.000000000000000000,0.000000000000000000
NELancaster County,0.000000000000000000,0.000000000000000000
NELincoln County,0.000000000000000000,0.000000000000000000
NELogan County,0.000000000000000000,0.000000000000000000
NELoup County,0.000000000000000000,0.000000000000000000
NEMadison County,0.000000000000000000,0.000000000000000000
NEMcpherson County,0.000000000000000000,0.000000000000000000
NEMerrick County,0.000000000000000000,0.000000000000000000
NEMorrill County,0.000000000000000000,0.000000000000000000
NENance County,0.000000000000000000,0.000000000000000000
NENemaha County,0.000000000000000000,0.000000000000000000
NENuckolls County,0.000000000000000000,0.000000000000000000
NEOtoe County,0.000000000000000000,0.000000000000000000
NEPawnee County,0.000000000000000000,0.000000000000000000
NEPerkins County,0.000000000000000000,0.000000000000000000
NEPhelps County,0.000000000000000000,0.000000000000000000
NEPierce County,0.000000000000000000,0.000000000000000000
NEPlatte County,0.000000000000000000,0.000000000000000000
NEPolk County,0.000000000000000000,0.000000000000000000
NERed Willow County,0.000000000000000000,0.000000000000000000
NERichardson County,0.000000000000000000,0.000000000000000000
NERock County,0.000000000000000000,0.000000000000000000
NESaline County,0.000000000000000000,0.000000000000000000
NESarpy County,0.000000000000000000,0.000000000000000000
NESaunders County,0.000000000000000000,0.000000000000000000
NEScotts Bluff County,0.000000000000000000,0.000000000000000000
NESeward County,0.000000000000000000,0.000000000000000000
NESheridan County,0.000000000000000000,0.000000000000000000
NESherman County,0.000000000000000000,0.000000000000000000
NESioux County,0.000000000000000000,0.000000000000000000
NEStanton County,0.000000000000000000,0.000000000000000000
NEThayer County,0.000000000000000000,0.000000000000000000
NEThomas County,0.000000000000000000,0.000000000000000000
NEThurston County,0.000000000000000000,0.000000000000000000
NEValley County,0.000000000000000000,0.000000000000000000
NEWashington County,0.000000000000000000,0.000000000000000000
NEWayne County,0.000000000000000000,0.000000000000000000
NEWebster County,0.000000000000000000,0.000000000000000000
NEWheeler County,0.000000000000000000,0.000000000000000000
NEYork County,0.000000000000000000,0.000000000000000000
NHBelknap County,-0.752309229486077000,0.341982772338189000
NHCarroll County,-0.761021796060004000,0.393624924274862000
NHCheshire County,-0.771892586047841000,0.427623481385521000
NHCoos County,-0.798771815244509000,0.598711656861479000
NHGrafton County,-0.772016124039790000,0.440522813976607000
NHHillsborough County,-0.750301628922959000,0.328221483418016000
NHMerrimack County,-0.763456495513944000,0.398250916911150000
NHRockingham County,-0.693119775198264000,0.250614385437196000
NHStrafford County,-0.743808526163317000,0.423612062406427000
NHSullivan County,-0.772579142001483000,0.432627102820282000
NJAtlantic County,-0.473454375724659000,-0.092750816890106700
NJBergen County,-0.571864909715761000,0.147634273729693000
NJBurlington County,-0.681640450284267000,0.267333427383556000
NJCamden County,-0.732885604359592000,0.293095701761744000
NJCape May County,-0.333964754197460000,-0.226759611381670000
NJCumberland County,-0.270154284242228000,-0.252645303810616000
NJEssex County,-0.715164326227977000,0.315912470216915000
NJGloucester County,-0.566506246462448000,0.108218976445374000
NJHudson County,-0.223430636308519000,-0.280332044945321000
NJHunterdon County,-0.755578291763639000,0.353163626151010000
NJMercer County,-0.745232082475634000,0.308370272405213000
NJMiddlesex County,-0.555869221860398000,0.180461141622623000
NJMonmouth County,-0.455872485784712000,-0.093261323053287000
NJMorris County,-0.767613370780575000,0.405161980476808000
NJOcean County,-0.481261139411889000,-0.094088956302423400
NJPassaic County,-0.740640961086624000,0.394850465910547000
NJSalem County,-0.268152162928048000,-0.253227311082050000
NJSomerset County,-0.756970608458417000,0.359923844302656000
NJSussex County,-0.773221180905977000,0.436063464563546000
NJUnion County,-0.715563780598398000,0.349752548653395000
NJWarren County,-0.776186875885684000,0.451848729461542000
NMBernalillo County,0.000000000000000000,0.000000000000000000
NMCatron County,0.000000000000000000,0.000000000000000000
NMChaves County,0.000000000000000000,0.000000000000000000
NMCibola County,0.000000000000000000,0.000000000000000000
NMColfax County,0.000000000000000000,0.000000000000000000
NMCurry County,0.000000000000000000,0.000000000000000000
NMDebaca County,0.000000000000000000,0.000000000000000000
NMDona Ana County,0.000000000000000000,0.000000000000000000
NMEddy County,0.000000000000000000,0.000000000000000000
NMGrant County,0.000000000000000000,0.000000000000000000
NMGuadalupe County,0.000000000000000000,0.000000000000000000
NMHarding County,0.000000000000000000,0.000000000000000000
NMHidalgo County,0.000000000000000000,0.000000000000000000
NMLea County,0.000000000000000000,0.000000000000000000
NMLincoln County,0.000000000000000000,0.000000000000000000
NMLos Alamos County,0.000000000000000000,0.000000000000000000
NMLuna County,0.000000000000000000,0.000000000000000000
NMMckinley County,0.000000000000000000,0.000000000000000000
NMMora County,0.000000000000000000,0.000000000000000000
NMOtero County,0.000000000000000000,0.000000000000000000
NMQuay County,0.000000000000000000,0.000000000000000000
NMRio Arriba County,0.000000000000000000,0.000000000000000000
NMRoosevelt County,0.000000000000000000,0.000000000000000000
NMSan Juan County,0.000000000000000000,0.000000000000000000
NMSan Miguel County,0.000000000000000000,0.000000000000000000
NMSandoval County,0.000000000000000000,0.000000000000000000
NMSanta Fe County,0.000000000000000000,0.000000000000000000
NMSierra County,0.000000000000000000,0.000000000000000000
NMSocorro County,0.000000000000000000,0.000000000000000000
NMTaos County,0.000000000000000000,0.000000000000000000
NMTorrance County,0.000000000000000000,0.000000000000000000
NMUnion County,0.000000000000000000,0.000000000000000000
NMValencia County,0.000000000000000000,0.000000000000000000
NVCarson City,0.000000000000000000,0.000000000000000000
NVChurchill County,0.000000000000000000,0.000000000000000000
NVClark County,0.000000000000000000,0.000000000000000000
NVDouglas County,0.000000000000000000,0.000000000000000000
NVElko County,0.000000000000000000,0.000000000000000000
NVEsmeralda County,0.000000000000000000,0.000000000000000000
NVEureka County,0.000000000000000000,0.000000000000000000
NVHumboldt County,0.000000000000000000,0.000000000000000000
NVLander County,0.000000000000000000,0.000000000000000000
NVLincoln County,0.000000000000000000,0.000000000000000000
NVLyon County,0.000000000000000000,0.000000000000000000
NVMineral County,0.000000000000000000,0.000000000000000000
NVNye County,0.000000000000000000,0.000000000000000000
NVPershing County,0.000000000000000000,0.000000000000000000
NVStorey County,0.000000000000000000,0.000000000000000000
NVWashoe County,0.000000000000000000,0.000000000000000000
NVWhite Pine County,0.000000000000000000,0.000000000000000000
NYAlbany County,-0.772332411727038000,0.421543204082548000
NYAllegany County,-0.826430011579787000,0.847113351364752000
NYBronx County,-0.171307654226620000,-0.342302409225304000
NYBroome County,-0.813234484049146000,0.738783239661066000
NYCattaraugus County,-0.834151767244295000,0.861179284221846000
NYCayuga County,-0.798007439765536000,0.677940965963309000
NYChautauqua County,-0.818993422362442000,0.806976327298914000
NYChemung County,-0.817109034774195000,0.781474257140553000
NYChenango County,-0.812492087356459000,0.720764710970151000
NYClinton County,-0.782429725645340000,0.545160681332325000
NYColumbia County,-0.755100842541944000,0.333614822704490000
NYCortland County,-0.803862380858398000,0.703269417516762000
NYDelaware County,-0.802416515011170000,0.611103338384442000
NYDutchess County,-0.735152401145758000,0.220955501603515000
NYErie County,-0.834576272898626000,0.883661124013756000
NYEssex County,-0.784300546111337000,0.535819326952672000
NYFranklin County,-0.798275038735836000,0.628676781150349000
NYFulton County,-0.793007316233807000,0.564007675800414000
NYGenesee County,-0.821418190909146000,0.837573995754035000
NYGreene County,-0.785614029923292000,0.491220902909550000
NYHamilton County,-0.812115890126610000,0.699020992849062000
NYHerkimer County,-0.800643843512963000,0.634194918317118000
NYJefferson County,-0.776766170920869000,0.536120240853987000
NYKings County,-0.399224279757396000,-0.109699637628266000
NYLewis County,-0.799264853027615000,0.619175846617140000
NYLivingston County,-0.816325696065263000,0.797862797890973000
NYMadison County,-0.800811862106685000,0.667949242051545000
NYMonroe County,-0.821736910619108000,0.795952730534200000
NYMontgomery County,-0.781630416389555000,0.488912123824671000
NYNassau County,-0.316146009569869000,-0.257222518010626000
NYNew York County,-0.269053748384028000,-0.249028060660249000
NYNiagara County,-0.814718059377809000,0.784789154778045000
NYOneida County,-0.805887302694971000,0.678797497379060000
NYOnondaga County,-0.805339432473192000,0.688535125418200000
NYOntario County,-0.810484969370241000,0.752392972457848000
NYOrange County,-0.756571642704988000,0.325754686112199000
NYOrleans County,-0.817531209259489000,0.786990208737525000
NYOswego County,-0.795072957291658000,0.635891841520250000
NYOtsego County,-0.802669639747745000,0.632715764279396000
NYPutnam County,-0.726919686162055000,0.173081000228002000
NYQueens County,-0.371747732242956000,-0.176376075890046000
NYRensselaer County,-0.764397366675299000,0.386713002410198000
NYRichmond County,-0.520879570658890000,0.109691802867686000
NYRockland County,-0.488668901433029000,0.020206101773861500
NYSaratoga County,-0.777395550989812000,0.458353060660995000
NYSchenectady County,-0.784423282256932000,0.490511846542470000
NYSchoharie County,-0.793525862934908000,0.553844468012370000
NYSchuyler County,-0.807962802417555000,0.733415494289173000
NYSeneca County,-0.793437010436033000,0.670945823717349000
NYSt. Lawrence County,-0.792099537053296000,0.578647876073691000
NYSteuben County,-0.818125115977405000,0.805091581208464000
NYSuffolk County,-0.429659648816638000,-0.218783637345892000
NYSullivan County,-0.800409480611431000,0.579504909713732000
NYTioga County,-0.808825721550723000,0.729696730465455000
NYTompkins County,-0.803440900544847000,0.703905381579977000
NYUlster County,-0.761623615418747000,0.363373421713546000
NYWarren County,-0.794920924162003000,0.578752985380557000
NYWashington County,-0.769247852436686000,0.432780445151467000
NYWayne County,-0.809644410913822000,0.736642783884722000
NYWestchester County,-0.527780617640393000,0.003817189423735550
NYWyoming County,-0.821340237929751000,0.839265161591585000
NYYates County,-0.797459591109576000,0.695025154501251000
OHAdams County,0.000000000000000000,0.000000000000000000
OHAllen County,0.000000000000000000,0.000000000000000000
OHAshland County,0.000000000000000000,0.000000000000000000
OHAshtabula County,0.000000000000000000,0.000000000000000000
OHAthens County,0.000000000000000000,0.000000000000000000
OHAuglaize County,0.000000000000000000,0.000000000000000000
OHBelmont County,0.000000000000000000,0.000000000000000000
OHBrown County,0.000000000000000000,0.000000000000000000
OHButler County,0.000000000000000000,0.000000000000000000
OHCarroll County,0.000000000000000000,0.000000000000000000
OHChampaign County,0.000000000000000000,0.000000000000000000
OHClark County,0.000000000000000000,0.000000000000000000
OHClermont County,0.000000000000000000,0.000000000000000000
OHClinton County,0.000000000000000000,0.000000000000000000
OHColumbiana County,0.000000000000000000,0.000000000000000000
OHCoshocton County,0.000000000000000000,0.000000000000000000
OHCrawford County,0.000000000000000000,0.000000000000000000
OHCuyahoga County,0.000000000000000000,0.000000000000000000
OHDarke County,0.000000000000000000,0.000000000000000000
OHDefiance County,0.000000000000000000,0.000000000000000000
OHDelaware County,0.000000000000000000,0.000000000000000000
OHErie County,0.000000000000000000,0.000000000000000000
OHFairfield County,0.000000000000000000,0.000000000000000000
OHFayette County,0.000000000000000000,0.000000000000000000
OHFranklin County,0.000000000000000000,0.000000000000000000
OHFulton County,0.000000000000000000,0.000000000000000000
OHGallia County,0.000000000000000000,0.000000000000000000
OHGeauga County,0.000000000000000000,0.000000000000000000
OHGreene County,0.000000000000000000,0.000000000000000000
OHGuernsey County,0.000000000000000000,0.000000000000000000
OHHamilton County,0.000000000000000000,0.000000000000000000
OHHancock County,0.000000000000000000,0.000000000000000000
OHHardin County,0.000000000000000000,0.000000000000000000
OHHarrison County,0.000000000000000000,0.000000000000000000
OHHenry County,0.000000000000000000,0.000000000000000000
OHHighland County,0.000000000000000000,0.000000000000000000
OHHocking County,0.000000000000000000,0.000000000000000000
OHHolmes County,0.000000000000000000,0.000000000000000000
OHHuron County,0.000000000000000000,0.000000000000000000
OHJackson County,0.000000000000000000,0.000000000000000000
OHJefferson County,0.000000000000000000,0.000000000000000000
OHKnox County,0.000000000000000000,0.000000000000000000
OHLake County,0.000000000000000000,0.000000000000000000
OHLawrence County,0.000000000000000000,0.000000000000000000
OHLicking County,0.000000000000000000,0.000000000000000000
OHLogan County,0.000000000000000000,0.000000000000000000
OHLorain County,0.000000000000000000,0.000000000000000000
OHLucas County,0.000000000000000000,0.000000000000000000
OHMadison County,0.000000000000000000,0.000000000000000000
OHMahoning County,0.000000000000000000,0.000000000000000000
OHMarion County,0.000000000000000000,0.000000000000000000
OHMedina County,0.000000000000000000,0.000000000000000000
OHMeigs County,0.000000000000000000,0.000000000000000000
OHMercer County,0.000000000000000000,0.000000000000000000
OHMiami County,0.000000000000000000,0.000000000000000000
OHMonroe County,0.000000000000000000,0.000000000000000000
OHMontgomery County,0.000000000000000000,0.000000000000000000
OHMorgan County,0.000000000000000000,0.000000000000000000
OHMorrow County,0.000000000000000000,0.000000000000000000
OHMuskingum County,0.000000000000000000,0.000000000000000000
OHNoble County,0.000000000000000000,0.000000000000000000
OHOttawa County,0.000000000000000000,0.000000000000000000
OHPaulding County,0.000000000000000000,0.000000000000000000
OHPerry County,0.000000000000000000,0.000000000000000000
OHPickaway County,0.000000000000000000,0.000000000000000000
OHPike County,0.000000000000000000,0.000000000000000000
OHPortage County,0.000000000000000000,0.000000000000000000
OHPreble County,0.000000000000000000,0.000000000000000000
OHPutnam County,0.000000000000000000,0.000000000000000000
OHRichland County,0.000000000000000000,0.000000000000000000
OHRoss County,0.000000000000000000,0.000000000000000000
OHSandusky County,0.000000000000000000,0.000000000000000000
OHScioto County,0.000000000000000000,0.000000000000000000
OHSeneca County,0.000000000000000000,0.000000000000000000
OHShelby County,0.000000000000000000,0.000000000000000000
OHStark County,0.000000000000000000,0.000000000000000000
OHSummit County,0.000000000000000000,0.000000000000000000
OHTrumbull County,0.000000000000000000,0.000000000000000000
OHTuscarawas County,0.000000000000000000,0.000000000000000000
OHUnion County,0.000000000000000000,0.000000000000000000
OHVan Wert County,0.000000000000000000,0.000000000000000000
OHVinton County,0.000000000000000000,0.000000000000000000
OHWarren County,0.000000000000000000,0.000000000000000000
OHWashington County,0.000000000000000000,0.000000000000000000
OHWayne County,0.000000000000000000,0.000000000000000000
OHWilliams County,0.000000000000000000,0.000000000000000000
OHWood County,0.000000000000000000,0.000000000000000000
OHWyandot County,0.000000000000000000,0.000000000000000000
OKAdair County,0.000000000000000000,0.000000000000000000
OKAlfalfa County,0.000000000000000000,0.000000000000000000
OKAtoka County,0.000000000000000000,0.000000000000000000
OKBeaver County,0.000000000000000000,0.000000000000000000
OKBeckham County,0.000000000000000000,0.000000000000000000
OKBlaine County,0.000000000000000000,0.000000000000000000
OKBryan County,0.000000000000000000,0.000000000000000000
OKCaddo County,0.000000000000000000,0.000000000000000000
OKCanadian County,0.000000000000000000,0.000000000000000000
OKCarter County,0.000000000000000000,0.000000000000000000
OKCherokee County,0.000000000000000000,0.000000000000000000
OKChoctaw County,0.000000000000000000,0.000000000000000000
OKCimarron County,0.000000000000000000,0.000000000000000000
OKCleveland County,0.000000000000000000,0.000000000000000000
OKCoal County,0.000000000000000000,0.000000000000000000
OKComanche County,0.000000000000000000,0.000000000000000000
OKCotton County,0.000000000000000000,0.000000000000000000
OKCraig County,0.000000000000000000,0.000000000000000000
OKCreek County,0.000000000000000000,0.000000000000000000
OKCuster County,0.000000000000000000,0.000000000000000000
OKDelaware County,0.000000000000000000,0.000000000000000000
OKDewey County,0.000000000000000000,0.000000000000000000
OKEllis County,0.000000000000000000,0.000000000000000000
OKGarfield County,0.000000000000000000,0.000000000000000000
OKGarvin County,0.000000000000000000,0.000000000000000000
OKGrady County,0.000000000000000000,0.000000000000000000
OKGrant County,0.000000000000000000,0.000000000000000000
OKGreer County,0.000000000000000000,0.000000000000000000
OKHarmon County,0.000000000000000000,0.000000000000000000
OKHarper County,0.000000000000000000,0.000000000000000000
OKHaskell County,0.000000000000000000,0.000000000000000000
OKHughes County,0.000000000000000000,0.000000000000000000
OKJackson County,0.000000000000000000,0.000000000000000000
OKJefferson County,0.000000000000000000,0.000000000000000000
OKJohnston County,0.000000000000000000,0.000000000000000000
OKKay County,0.000000000000000000,0.000000000000000000
OKKingfisher County,0.000000000000000000,0.000000000000000000
OKKiowa County,0.000000000000000000,0.000000000000000000
OKLatimer County,0.000000000000000000,0.000000000000000000
OKLe Flore County,0.000000000000000000,0.000000000000000000
OKLincoln County,0.000000000000000000,0.000000000000000000
OKLogan County,0.000000000000000000,0.000000000000000000
OKLove County,0.000000000000000000,0.000000000000000000
OKMajor County,0.000000000000000000,0.000000000000000000
OKMarshall County,0.000000000000000000,0.000000000000000000
OKMayes County,0.000000000000000000,0.000000000000000000
OKMcclain County,0.000000000000000000,0.000000000000000000
OKMccurtain County,0.000000000000000000,0.000000000000000000
OKMcintosh County,0.000000000000000000,0.000000000000000000
OKMurray County,0.000000000000000000,0.000000000000000000
OKMuskogee County,0.000000000000000000,0.000000000000000000
OKNoble County,0.000000000000000000,0.000000000000000000
OKNowata County,0.000000000000000000,0.000000000000000000
OKOkfuskee County,0.000000000000000000,0.000000000000000000
OKOklahoma County,0.000000000000000000,0.000000000000000000
OKOkmulgee County,0.000000000000000000,0.000000000000000000
OKOsage County,0.000000000000000000,0.000000000000000000
OKOttawa County,0.000000000000000000,0.000000000000000000
OKPawnee County,0.000000000000000000,0.000000000000000000
OKPayne County,0.000000000000000000,0.000000000000000000
OKPittsburg County,0.000000000000000000,0.000000000000000000
OKPontotoc County,0.000000000000000000,0.000000000000000000
OKPottawatomie County,0.000000000000000000,0.000000000000000000
OKPushmataha County,0.000000000000000000,0.000000000000000000
OKRoger Mills County,0.000000000000000000,0.000000000000000000
OKRogers County,0.000000000000000000,0.000000000000000000
OKSeminole County,0.000000000000000000,0.000000000000000000
OKSequoyah County,0.000000000000000000,0.000000000000000000
OKStephens County,0.000000000000000000,0.000000000000000000
OKTexas County,0.000000000000000000,0.000000000000000000
OKTillman County,0.000000000000000000,0.000000000000000000
OKTulsa County,0.000000000000000000,0.000000000000000000
OKWagoner County,0.000000000000000000,0.000000000000000000
OKWashington County,0.000000000000000000,0.000000000000000000
OKWashita County,0.000000000000000000,0.000000000000000000
OKWoods County,0.000000000000000000,0.000000000000000000
OKWoodward County,0.000000000000000000,0.000000000000000000
ORBaker County,0.000000000000000000,0.000000000000000000
ORBenton County,0.000000000000000000,0.000000000000000000
ORClackamas County,0.000000000000000000,0.000000000000000000
ORClatsop County,0.000000000000000000,0.000000000000000000
ORColumbia County,0.000000000000000000,0.000000000000000000
ORCoos County,0.000000000000000000,0.000000000000000000
ORCrook County,0.000000000000000000,0.000000000000000000
ORCurry County,0.000000000000000000,0.000000000000000000
ORDeschutes County,0.000000000000000000,0.000000000000000000
ORDouglas County,0.000000000000000000,0.000000000000000000
ORGilliam County,0.000000000000000000,0.000000000000000000
ORGrant County,0.000000000000000000,0.000000000000000000
ORHarney County,0.000000000000000000,0.000000000000000000
ORHood River County,0.000000000000000000,0.000000000000000000
ORJackson County,0.000000000000000000,0.000000000000000000
ORJefferson County,0.000000000000000000,0.000000000000000000
ORJosephine County,0.000000000000000000,0.000000000000000000
ORKlamath County,0.000000000000000000,0.000000000000000000
ORLake County,0.000000000000000000,0.000000000000000000
ORLane County,0.000000000000000000,0.000000000000000000
ORLincoln County,0.000000000000000000,0.000000000000000000
ORLinn County,0.000000000000000000,0.000000000000000000
ORMalheur County,0.000000000000000000,0.000000000000000000
ORMarion County,0.000000000000000000,0.000000000000000000
ORMorrow County,0.000000000000000000,0.000000000000000000
ORMultnomah County,0.000000000000000000,0.000000000000000000
ORPolk County,0.000000000000000000,0.000000000000000000
ORSherman County,0.000000000000000000,0.000000000000000000
ORTillamook County,0.000000000000000000,0.000000000000000000
ORUmatilla County,0.000000000000000000,0.000000000000000000
ORUnion County,0.000000000000000000,0.000000000000000000
ORWallowa County,0.000000000000000000,0.000000000000000000
ORWasco County,0.000000000000000000,0.000000000000000000
ORWashington County,0.000000000000000000,0.000000000000000000
ORWheeler County,0.000000000000000000,0.000000000000000000
ORYamhill County,0.000000000000000000,0.000000000000000000
PAAdams County,-0.795453908841526000,0.584275667881522000
PAAllegheny County,-0.824429627340345000,0.764482712852864000
PAArmstrong County,-0.835820047774391000,0.798249141223018000
PABeaver County,-0.815630879386190000,0.732472184691249000
PABedford County,-0.824310421522641000,0.746329874745516000
PABerks County,-0.779674495699576000,0.481805436089146000
PABlair County,-0.826949123023818000,0.743688165234186000
PABradford County,-0.812447779026079000,0.661950838601655000
PABucks County,-0.747856841527318000,0.339169415191578000
PAButler County,-0.831633491347705000,0.796207947868332000
PACambria County,-0.831394200097896000,0.773638832530219000
PACameron County,-0.832140009381762000,0.766943943417375000
PACarbon County,-0.808449370037636000,0.618285872959692000
PACentre County,-0.815829820665783000,0.669274764710699000
PAChester County,-0.764462955106541000,0.411191592956508000
PAClarion County,-0.840881368296757000,0.820496264042536000
PAClearfield County,-0.825456815173197000,0.725260349676804000
PAClinton County,-0.819878920491205000,0.691499713082932000
PAColumbia County,-0.805213401888978000,0.638963459147400000
PACrawford County,-0.813440807440048000,0.699561259614634000
PACumberland County,-0.798550655123465000,0.603410603837970000
PADauphin County,-0.796101383777801000,0.586863876514938000
PADelaware County,-0.720474943763213000,0.341875077989922000
PAElk County,-0.825373285226356000,0.718734652977356000
PAErie County,-0.790115094346525000,0.601857845791505000
PAFayette County,-0.826682412759209000,0.771262775129888000
PAForest County,-0.845641176015541000,0.811451755171096000
PAFranklin County,-0.807771071111719000,0.654061753468846000
PAFulton County,-0.823121011385262000,0.732525140022892000
PAGreene County,-0.820182305283792000,0.749891775704546000
PAHuntingdon County,-0.827124989498863000,0.735606056686164000
PAIndiana County,-0.833743508005433000,0.776077991675465000
PAJefferson County,-0.835719801125405000,0.771941057873274000
PAJuniata County,-0.811977689957538000,0.665386357451193000
PALackawanna County,-0.816000713056271000,0.661436064610902000
PALancaster County,-0.764778593421465000,0.427772663981079000
PALawrence County,-0.808802407726551000,0.697129523006449000
PALebanon County,-0.781027788150177000,0.511860853837060000
PALehigh County,-0.777181387299307000,0.452956670252256000
PALuzerne County,-0.813320127226228000,0.654265156559500000
PALycoming County,-0.820819112394870000,0.720364901395964000
PAMckean County,-0.838120091728268000,0.761157994011686000
PAMercer County,-0.805825498567614000,0.682258252377672000
PAMifflin County,-0.819594883101992000,0.685358506568406000
PAMonroe County,-0.806985934994720000,0.583362132983657000
PAMontgomery County,-0.768943509797565000,0.410526051961655000
PAMontour County,-0.798582776958313000,0.610046108905820000
PANorthampton County,-0.772763003379047000,0.425639577659701000
PANorthumberland County,-0.802173310604732000,0.630985028367705000
PAPerry County,-0.808406677146323000,0.645761987994367000
PAPhiladelphia County,-0.742279558051376000,0.323932148157854000
PAPike County,-0.802371546920525000,0.567955461873249000
PAPotter County,-0.829112791179291000,0.760009885776711000
PASchuylkill County,-0.809031949881354000,0.641622521723495000
PASnyder County,-0.799425678765644000,0.612253488130044000
PASomerset County,-0.820533087914351000,0.739260233109306000
PASullivan County,-0.829683604945508000,0.750469199159753000
PASusquehanna County,-0.814728469234503000,0.665032277353653000
PATioga County,-0.824637398938218000,0.739156922874155000
PAUnion County,-0.803605093817273000,0.630688798112212000
PAVenango County,-0.846748510492595000,0.837342134354037000
PAWarren County,-0.819841138273426000,0.671757225359716000
PAWashington County,-0.817511920435751000,0.732127323692536000
PAWayne County,-0.811976346345061000,0.639151434978022000
PAWestmoreland County,-0.827904887509786000,0.765393203749486000
PAWyoming County,-0.808566746712501000,0.633304049058438000
PAYork County,-0.780199446981558000,0.500832826691656000
RIBristol County,-0.585695908397321000,-0.088045554638935900
RIKent County,-0.640389343720401000,0.042225767280495300
RINewport County,-0.558621973472105000,-0.165352937726620000
RIProvidence County,-0.636695482021602000,0.097852016765583900
RIWashington County,-0.603720434900972000,-0.051698373674629900
SCAbbeville County,-0.744007304460270000,0.298164584634009000
SCAiken County,-0.687621816083851000,0.119098850657223000
SCAllendale County,-0.623391973980920000,-0.070670732121131500
SCAnderson County,-0.749291437251103000,0.321640645227623000
SCBamberg County,-0.632568751705466000,-0.034214705596131200
SCBarnwell County,-0.656241716999685000,0.026083538610043800
SCBeaufort County,-0.331335786046162000,-0.306478554512683000
SCBerkeley County,-0.527622125084820000,-0.173859360939462000
SCCalhoun County,-0.645215626714886000,0.011267118916547200
SCCharleston County,-0.356058195750237000,-0.277770845787564000
SCCherokee County,-0.766947707096269000,0.390830034337894000
SCChester County,-0.749549265269953000,0.314350756989075000
SCChesterfield County,-0.698707715667722000,0.147701810523092000
SCClarendon County,-0.630748764705484000,-0.054278051240965100
SCColleton County,-0.546677147501292000,-0.127585906098664000
SCDarlington County,-0.666611335039499000,0.035412048325967000
SCDillon County,-0.621508878329390000,-0.061643969243286000
SCDorchester County,-0.574788662330214000,-0.113148678844091000
SCEdgefield County,-0.707136175206602000,0.174337300117515000
SCFairfield County,-0.743555957633788000,0.288079953501124000
SCFlorence County,-0.629497484056044000,-0.065664087824208700
SCGeorgetown County,-0.416436797378139000,-0.286951466688647000
SCGreenville County,-0.766404610397159000,0.398416012679831000
SCGreenwood County,-0.748173143438648000,0.316047726246717000
SCHampton County,-0.589078428931675000,-0.111467401382707000
SCHorry County,-0.467024920741206000,-0.210780667564803000
SCJasper County,-0.487174322560741000,-0.163524568782951000
SCKershaw County,-0.708019398710410000,0.166580691282196000
SCLancaster County,-0.740775514463886000,0.282810181283674000
SCLaurens County,-0.754606029900896000,0.350988469812848000
SCLee County,-0.665118471457575000,0.034203340129159700
SCLexington County,-0.696159813148562000,0.128753361440416000
SCMarion County,-0.594103477011251000,-0.102965891119984000
SCMarlboro County,-0.657144125291746000,0.031922675798085500
SCMccormick County,-0.700082293779460000,0.161965334827453000
SCNewberry County,-0.741291616858041000,0.282790825611425000
SCOconee County,-0.753893405968124000,0.350515496409466000
SCOrangeburg County,-0.628200058600754000,-0.035911967828987500
SCPickens County,-0.760086363759724000,0.376734209867005000
SCRichland County,-0.708763976622798000,0.162575146066188000
SCSaluda County,-0.714926311637281000,0.197503218212286000
SCSpartanburg County,-0.764414727866550000,0.391589963137304000
SCSumter County,-0.667191245020878000,0.051041983071140200
SCUnion County,-0.762756139586965000,0.374332481489859000
SCWilliamsburg County,-0.596969376635058000,-0.120193405579955000
SCYork County,-0.754670635234176000,0.337625970599013000
SDAurora County,0.000000000000000000,0.000000000000000000
SDBeadle County,0.000000000000000000,0.000000000000000000
SDBennett County,0.000000000000000000,0.000000000000000000
SDBon Homme County,0.000000000000000000,0.000000000000000000
SDBrookings County,0.000000000000000000,0.000000000000000000
SDBrown County,0.000000000000000000,0.000000000000000000
SDBrule County,0.000000000000000000,0.000000000000000000
SDBuffalo County,0.000000000000000000,0.000000000000000000
SDButte County,0.000000000000000000,0.000000000000000000
SDCampbell County,0.000000000000000000,0.000000000000000000
SDCharles Mix County,0.000000000000000000,0.000000000000000000
SDClark County,0.000000000000000000,0.000000000000000000
SDClay County,0.000000000000000000,0.000000000000000000
SDCodington County,0.000000000000000000,0.000000000000000000
SDCorson County,0.000000000000000000,0.000000000000000000
SDCuster County,0.000000000000000000,0.000000000000000000
SDDavison County,0.000000000000000000,0.000000000000000000
SDDay County,0.000000000000000000,0.000000000000000000
SDDeuel County,0.000000000000000000,0.000000000000000000
SDDewey County,0.000000000000000000,0.000000000000000000
SDDouglas County,0.000000000000000000,0.000000000000000000
SDEdmunds County,0.000000000000000000,0.000000000000000000
SDFall River County,0.000000000000000000,0.000000000000000000
SDFaulk County,0.000000000000000000,0.000000000000000000
SDGrant County,0.000000000000000000,0.000000000000000000
SDGregory County,0.000000000000000000,0.000000000000000000
SDHaakon County,0.000000000000000000,0.000000000000000000
SDHamlin County,0.000000000000000000,0.000000000000000000
SDHand County,0.000000000000000000,0.000000000000000000
SDHanson County,0.000000000000000000,0.000000000000000000
SDHarding County,0.000000000000000000,0.000000000000000000
SDHughes County,0.000000000000000000,0.000000000000000000
SDHutchinson County,0.000000000000000000,0.000000000000000000
SDHyde County,0.000000000000000000,0.000000000000000000
SDJackson County,0.000000000000000000,0.000000000000000000
SDJerauld County,0.000000000000000000,0.000000000000000000
SDJones County,0.000000000000000000,0.000000000000000000
SDKingsbury County,0.000000000000000000,0.000000000000000000
SDLake County,0.000000000000000000,0.000000000000000000
SDLawrence County,0.000000000000000000,0.000000000000000000
SDLincoln County,0.000000000000000000,0.000000000000000000
SDLyman County,0.000000000000000000,0.000000000000000000
SDMarshall County,0.000000000000000000,0.000000000000000000
SDMccook County,0.000000000000000000,0.000000000000000000
SDMcpherson County,0.000000000000000000,0.000000000000000000
SDMeade County,0.000000000000000000,0.000000000000000000
SDMellette County,0.000000000000000000,0.000000000000000000
SDMiner County,0.000000000000000000,0.000000000000000000
SDMinnehaha County,0.000000000000000000,0.000000000000000000
SDMoody County,0.000000000000000000,0.000000000000000000
SDOglala Lakota County,0.000000000000000000,0.000000000000000000
SDPennington County,0.000000000000000000,0.000000000000000000
SDPerkins County,0.000000000000000000,0.000000000000000000
SDPotter County,0.000000000000000000,0.000000000000000000
SDRoberts County,0.000000000000000000,0.000000000000000000
SDSanborn County,0.000000000000000000,0.000000000000000000
SDSpink County,0.000000000000000000,0.000000000000000000
SDStanley County,0.000000000000000000,0.000000000000000000
SDSully County,0.000000000000000000,0.000000000000000000
SDTodd County,0.000000000000000000,0.000000000000000000
SDTripp County,0.000000000000000000,0.000000000000000000
SDTurner County,0.000000000000000000,0.000000000000000000
SDUnion County,0.000000000000000000,0.000000000000000000
SDWalworth County,0.000000000000000000,0.000000000000000000
SDYankton County,0.000000000000000000,0.000000000000000000
SDZiebach County,0.000000000000000000,0.000000000000000000
TNAnderson County,0.000000000000000000,0.000000000000000000
TNBedford County,0.000000000000000000,0.000000000000000000
TNBenton County,0.000000000000000000,0.000000000000000000
TNBledsoe County,0.000000000000000000,0.000000000000000000
TNBlount County,0.000000000000000000,0.000000000000000000
TNBradley County,0.000000000000000000,0.000000000000000000
TNCampbell County,0.000000000000000000,0.000000000000000000
TNCannon County,0.000000000000000000,0.000000000000000000
TNCarroll County,0.000000000000000000,0.000000000000000000
TNCarter County,0.000000000000000000,0.000000000000000000
TNCheatham County,0.000000000000000000,0.000000000000000000
TNChester County,0.000000000000000000,0.000000000000000000
TNClaiborne County,0.000000000000000000,0.000000000000000000
TNClay County,0.000000000000000000,0.000000000000000000
TNCocke County,0.000000000000000000,0.000000000000000000
TNCoffee County,0.000000000000000000,0.000000000000000000
TNCrockett County,0.000000000000000000,0.000000000000000000
TNCumberland County,0.000000000000000000,0.000000000000000000
TNDavidson County,0.000000000000000000,0.000000000000000000
TNDecatur County,0.000000000000000000,0.000000000000000000
TNDekalb County,0.000000000000000000,0.000000000000000000
TNDickson County,0.000000000000000000,0.000000000000000000
TNDyer County,0.000000000000000000,0.000000000000000000
TNFayette County,0.000000000000000000,0.000000000000000000
TNFentress County,0.000000000000000000,0.000000000000000000
TNFranklin County,0.000000000000000000,0.000000000000000000
TNGibson County,0.000000000000000000,0.000000000000000000
TNGiles County,0.000000000000000000,0.000000000000000000
TNGrainger County,0.000000000000000000,0.000000000000000000
TNGreene County,0.000000000000000000,0.000000000000000000
TNGrundy County,0.000000000000000000,0.000000000000000000
TNHamblen County,0.000000000000000000,0.000000000000000000
TNHamilton County,0.000000000000000000,0.000000000000000000
TNHancock County,0.000000000000000000,0.000000000000000000
TNHardeman County,0.000000000000000000,0.000000000000000000
TNHardin County,0.000000000000000000,0.000000000000000000
TNHawkins County,0.000000000000000000,0.000000000000000000
TNHaywood County,0.000000000000000000,0.000000000000000000
TNHenderson County,0.000000000000000000,0.000000000000000000
TNHenry County,0.000000000000000000,0.000000000000000000
TNHickman County,0.000000000000000000,0.000000000000000000
TNHouston County,0.000000000000000000,0.000000000000000000
TNHumphreys County,0.000000000000000000,0.000000000000000000
TNJackson County,0.000000000000000000,0.000000000000000000
TNJefferson County,0.000000000000000000,0.000000000000000000
TNJohnson County,0.000000000000000000,0.000000000000000000
TNKnox County,0.000000000000000000,0.000000000000000000
TNLake County,0.000000000000000000,0.000000000000000000
TNLauderdale County,0.000000000000000000,0.000000000000000000
TNLawrence County,0.000000000000000000,0.000000000000000000
TNLewis County,0.000000000000000000,0.000000000000000000
TNLincoln County,0.000000000000000000,0.000000000000000000
TNLoudon County,0.000000000000000000,0.000000000000000000
TNMacon County,0.000000000000000000,0.000000000000000000
TNMadison County,0.000000000000000000,0.000000000000000000
TNMarion County,0.000000000000000000,0.000000000000000000
TNMarshall County,0.000000000000000000,0.000000000000000000
TNMaury County,0.000000000000000000,0.000000000000000000
TNMcminn County,0.000000000000000000,0.000000000000000000
TNMcnairy County,0.000000000000000000,0.000000000000000000
TNMeigs County,0.000000000000000000,0.000000000000000000
TNMonroe County,0.000000000000000000,0.000000000000000000
TNMontgomery County,0.000000000000000000,0.000000000000000000
TNMoore County,0.000000000000000000,0.000000000000000000
TNMorgan County,0.000000000000000000,0.000000000000000000
TNObion County,0.000000000000000000,0.000000000000000000
TNOverton County,0.000000000000000000,0.000000000000000000
TNPerry County,0.000000000000000000,0.000000000000000000
TNPickett County,0.000000000000000000,0.000000000000000000
TNPolk County,0.000000000000000000,0.000000000000000000
TNPutnam County,0.000000000000000000,0.000000000000000000
TNRhea County,0.000000000000000000,0.000000000000000000
TNRoane County,0.000000000000000000,0.000000000000000000
TNRobertson County,0.000000000000000000,0.000000000000000000
TNRutherford County,0.000000000000000000,0.000000000000000000
TNScott County,0.000000000000000000,0.000000000000000000
TNSequatchie County,0.000000000000000000,0.000000000000000000
TNSevier County,0.000000000000000000,0.000000000000000000
TNShelby County,0.000000000000000000,0.000000000000000000
TNSmith County,0.000000000000000000,0.000000000000000000
TNStewart County,0.000000000000000000,0.000000000000000000
TNSullivan County,0.000000000000000000,0.000000000000000000
TNSumner County,0.000000000000000000,0.000000000000000000
TNTipton County,0.000000000000000000,0.000000000000000000
TNTrousdale County,0.000000000000000000,0.000000000000000000
TNUnicoi County,0.000000000000000000,0.000000000000000000
TNUnion County,0.000000000000000000,0.000000000000000000
TNVan Buren County,0.000000000000000000,0.000000000000000000
TNWarren County,0.000000000000000000,0.000000000000000000
TNWashington County,0.000000000000000000,0.000000000000000000
TNWayne County,0.000000000000000000,0.000000000000000000
TNWeakley County,0.000000000000000000,0.000000000000000000
TNWhite County,0.000000000000000000,0.000000000000000000
TNWilliamson County,0.000000000000000000,0.000000000000000000
TNWilson County,0.000000000000000000,0.000000000000000000
TXAnderson County,-0.728888581568939000,0.203031538414642000
TXAndrews County,-0.811332533567466000,0.618058055104069000
TXAngelina County,-0.675634239367841000,0.066733448240156000
TXAransas County,-0.388787981446171000,-0.248169622944120000
TXArcher County,-0.774473763592648000,0.431454521744881000
TXArmstrong County,-0.823248051120447000,0.584617335026637000
TXAtascosa County,-0.621814280618938000,-0.063946058402607300
TXAustin County,-0.598936157578411000,-0.153914397167951000
TXBailey County,-0.863433279170977000,0.812454865114577000
TXBandera County,-0.718989412221514000,0.263477258844280000
TXBastrop County,-0.672035694939851000,0.005597014993387050
TXBaylor County,-0.769043162267202000,0.370537065534726000
TXBee County,-0.521521411822284000,-0.226609437135998000
TXBell County,-0.706455839954479000,0.133406814945481000
TXBexar County,-0.678665077654446000,0.114931471571375000
TXBlanco County,-0.714680121742209000,0.191482283854704000
TXBorden County,-0.821053281872847000,0.707298769185246000
TXBosque County,-0.738449475452539000,0.239062210844460000
TXBowie County,-0.757321149572198000,0.388583145452700000
TXBrazoria County,-0.374029225159953000,-0.306506163512170000
TXBrazos County,-0.678584412575845000,0.023894339044045600
TXBrewster County,-0.792979804188722000,0.571451124035102000
TXBriscoe County,-0.827265784071384000,0.703859797638354000
TXBrooks County,-0.470869824974690000,-0.226093120970446000
TXBrown County,-0.765018950617762000,0.355967361008700000
TXBurleson County,-0.655018210101488000,-0.026724109945588600
TXBurnet County,-0.730411548397561000,0.203995451814007000
TXCaldwell County,-0.648554526497272000,-0.045319889022643900
TXCalhoun County,-0.353526192619459000,-0.271584985067108000
TXCallahan County,-0.771450062969833000,0.393606067497551000
TXCameron County,-0.376308972833918000,-0.252155616495825000
TXCamp County,-0.754664385579648000,0.367803221620439000
TXCarson County,-0.843052378599395000,0.760361587010983000
TXCass County,-0.757893683723986000,0.387436570588048000
TXCastro County,-0.861554760702844000,0.800145629361371000
TXChambers County,-0.414048940125584000,-0.276035589399988000
TXCherokee County,-0.725012479097648000,0.207951558201215000
TXChildress County,-0.821236186232826000,0.671004796433341000
TXClay County,-0.768094301113221000,0.438545332255615000
TXCochran County,-0.850072431818421000,0.794637148244431000
TXCoke County,-0.791929828137952000,0.524509280042516000
TXColeman County,-0.774703948773947000,0.417478146399079000
TXCollin County,-0.772437457525277000,0.427882181975352000
TXCollingsworth County,-0.835417646984070000,0.741603318050555000
TXColorado County,-0.586449329201949000,-0.172136014876321000
TXComal County,-0.677020064831199000,0.062129166128462000
TXComanche County,-0.746777393484030000,0.267591739735197000
TXConcho County,-0.775108868086648000,0.457935855189334000
TXCooke County,-0.750676778194932000,0.348390243496178000
TXCoryell County,-0.727702213857113000,0.183560247811218000
TXCottle County,-0.807255676976440000,0.592511002690663000
TXCrane County,-0.761617722775932000,0.395089967384803000
TXCrockett County,-0.787132474198984000,0.520604268896945000
TXCrosby County,-0.818776857084691000,0.673883436773790000
TXCulberson County,-0.845477991404189000,0.792478808189467000
TXDallam County,-0.863070570544985000,0.804336724851334000
TXDallas County,-0.781519106668884000,0.440477495656116000
TXDawson County,-0.828862024639016000,0.735057053747316000
TXDeaf Smith County,-0.867023593739160000,0.793690026129343000
TXDelta County,-0.746761929105441000,0.304407538056324000
TXDenton County,-0.760870386448964000,0.379798908950273000
TXDewitt County,-0.553203133745295000,-0.191602936632814000
TXDickens County,-0.813878371808646000,0.629331674095041000
TXDimmit County,-0.618985847092532000,-0.050217479782448800
TXDonley County,-0.840215086048729000,0.776033361240881000
TXDuval County,-0.523872886613184000,-0.202375507402805000
TXEastland County,-0.752377877400097000,0.302942719422939000
TXEctor County,-0.808027378994201000,0.603157051871345000
TXEdwards County,-0.752802756625497000,0.367286326628749000
TXEl Paso County,-0.890450703396016000,0.708846364795315000
TXEllis County,-0.736240257010910000,0.228965222780200000
TXErath County,-0.756979402564017000,0.300681142175268000
TXFalls County,-0.693739174628606000,0.113274684407060000
TXFannin County,-0.757564662311675000,0.351684026435712000
TXFayette County,-0.630876314043099000,-0.092277799314575800
TXFisher County,-0.805370835154811000,0.554897769152230000
TXFloyd County,-0.829950367771761000,0.712211290978638000
TXFoard County,-0.780205518982474000,0.423374745954155000
TXFort Bend County,-0.551885685982482000,-0.229493853034626000
TXFranklin County,-0.753321903078815000,0.351289715251467000
TXFreestone County,-0.712043365365365000,0.149429192435366000
TXFrio County,-0.655459047260505000,0.013100277477535700
TXGaines County,-0.827029172141905000,0.717860350825904000
TXGalveston County,-0.306776949051069000,-0.329801502272675000
TXGarza County,-0.815727977931577000,0.680489462185472000
TXGillespie County,-0.720985475419292000,0.246982175652843000
TXGlasscock County,-0.793347162070849000,0.558999887521799000
TXGoliad County,-0.515470815204153000,-0.251488916376226000
TXGonzales County,-0.606542693206249000,-0.107438721072465000
TXGray County,-0.847341463558765000,0.802403662092170000
TXGrayson County,-0.761284643570155000,0.397203724987273000
TXGregg County,-0.746052864764058000,0.326072456304134000
TXGrimes County,-0.645354618484405000,-0.074307374103832700
TXGuadalupe County,-0.645727242751865000,-0.033661412393137900
TXHale County,-0.848764636666926000,0.803145275703588000
TXHall County,-0.827548725030020000,0.704237424608857000
TXHamilton County,-0.750522894353262000,0.267285331938921000
TXHansford County,-0.851906524067990000,0.871577589421976000
TXHardeman County,-0.804070674288497000,0.589726560225557000
TXHardin County,-0.597328342023028000,-0.140144032476346000
TXHarris County,-0.557761898654638000,-0.214468483688295000
TXHarrison County,-0.751064864090047000,0.353180385042039000
TXHartley County,-0.878873803979253000,0.767285232732429000
TXHaskell County,-0.777645390937432000,0.404737453066413000
TXHays County,-0.683846083306947000,0.058829256580350300
TXHemphill County,-0.850705639623835000,0.837872873120137000
TXHenderson County,-0.730300496847422000,0.218500841566968000
TXHidalgo County,-0.524457174551690000,-0.192285106283196000
TXHill County,-0.718320275435969000,0.185121987951899000
TXHockley County,-0.845162951651338000,0.772351936512634000
TXHood County,-0.755868139537203000,0.299890131729037000
TXHopkins County,-0.761040453381526000,0.373299242863020000
TXHouston County,-0.698876713805718000,0.094210914782585600
TXHoward County,-0.817140941500132000,0.646310875332539000
TXHudspeth County,-0.861681526715197000,0.861291988973345000
TXHunt County,-0.756826314599454000,0.357254377660040000
TXHutchinson County,-0.856000871838918000,0.803790856201753000
TXIrion County,-0.791557356376173000,0.561358298758811000
TXJack County,-0.760842579773284000,0.359208730692289000
TXJackson County,-0.453509060307325000,-0.238347546584705000
TXJasper County,-0.604472971831730000,-0.104545497188269000
TXJeff Davis County,-0.829628713799842000,0.783061093456002000
TXJefferson County,-0.399345130242624000,-0.267434963114951000
TXJim Hogg County,-0.533919595543846000,-0.173122097678469000
TXJim Wells County,-0.487486995788321000,-0.226548620443186000
TXJohnson County,-0.739131423589075000,0.253721732353037000
TXJones County,-0.790656245862270000,0.473712696791466000
TXKarnes County,-0.576300858236212000,-0.169957704127245000
TXKaufman County,-0.748442316288830000,0.286998389854892000
TXKendall County,-0.702256825490043000,0.171057980200376000
TXKenedy County,-0.413331578420584000,-0.219760540237388000
TXKent County,-0.808904193066605000,0.587011667626707000
TXKerr County,-0.725268858038076000,0.276479361997454000
TXKimble County,-0.762498543239428000,0.420302236423391000
TXKing County,-0.806078779557483000,0.558771898576498000
TXKinney County,-0.704126173340824000,0.172593262329820000
TXKleberg County,-0.279578282234039000,-0.292554020942902000
TXKnox County,-0.759891221417294000,0.324903104938527000
TXLa Salle County,-0.608472593075715000,-0.078173981945905300
TXLamar County,-0.755675464372607000,0.339238972924572000
TXLamb County,-0.863313252588180000,0.813988067459671000
TXLampasas County,-0.741181696330091000,0.234635073828747000
TXLavaca County,-0.583671022081703000,-0.160856296711027000
TXLee County,-0.658467546100538000,-0.017281349629076300
TXLeon County,-0.698402303922065000,0.093191599147772300
TXLiberty County,-0.561848757112342000,-0.192171549900527000
TXLimestone County,-0.700078901005918000,0.122953976116646000
TXLipscomb County,-0.846045271049886000,0.809129264936148000
TXLive Oak County,-0.550684553234780000,-0.184057063863272000
TXLlano County,-0.729882651230357000,0.224869329914983000
TXLoving County,-0.756253895245552000,0.346088079550577000
TXLubbock County,-0.838351159796953000,0.759641138105338000
TXLynn County,-0.829534790187684000,0.743023057973109000
TXMadison County,-0.674683864921095000,0.008691886456748900
TXMarion County,-0.755897709621155000,0.377233377443698000
TXMartin County,-0.814210712627356000,0.638850478127480000
TXMason County,-0.749643868890824000,0.353983152880468000
TXMatagorda County,-0.388310022284220000,-0.275003105534745000
TXMaverick County,-0.667000210010915000,0.023016670385451700
TXMcculloch County,-0.763916702294532000,0.402889566094274000
TXMclennan County,-0.717507268588030000,0.182338636414766000
TXMcmullen County,-0.583455623068169000,-0.133915247085174000
TXMedina County,-0.684539123993904000,0.131371159556192000
TXMenard County,-0.762642528749609000,0.398149141190927000
TXMidland County,-0.811196053981638000,0.627240895069053000
TXMilam County,-0.689017600376363000,0.072259611904653500
TXMills County,-0.747615653174245000,0.260968839331074000
TXMitchell County,-0.809322765046244000,0.602512522595081000
TXMontague County,-0.758930597315998000,0.381707397261610000
TXMontgomery County,-0.622682269524013000,-0.132950775262995000
TXMoore County,-0.853267278135497000,0.794120463382109000
TXMorris County,-0.761068109164366000,0.392872369382805000
TXMotley County,-0.823039213548744000,0.716125796062103000
TXNacogdoches County,-0.698696458015114000,0.131600519319174000
TXNavarro County,-0.716882345367260000,0.163500972034943000
TXNewton County,-0.607565054583075000,-0.092501736075616100
TXNolan County,-0.801426853653682000,0.548042285871336000
TXNueces County,-0.397237265184288000,-0.241633792455822000
TXOchiltree County,-0.857017412787702000,0.831302896323137000
TXOldham County,-0.868668426370242000,0.867979395503874000
TXOrange County,-0.405892480710993000,-0.274504359138758000
TXPalo Pinto County,-0.764865970876809000,0.366462111473013000
TXPanola County,-0.732883961947940000,0.279836444311585000
TXParker County,-0.751876561497863000,0.310056890941482000
TXParmer County,-0.869805416260657000,0.793500251352410000
TXPecos County,-0.769904093960203000,0.450470050091937000
TXPolk County,-0.650728737715302000,-0.024180258706082300
TXPotter County,-0.840061747511236000,0.659159100119869000
TXPresidio County,-0.842854571768600000,0.802350301761052000
TXRains County,-0.754166627322490000,0.343263419122926000
TXRandall County,-0.845848387601841000,0.729931566891758000
TXReagan County,-0.798106905268585000,0.565453514127422000
TXReal County,-0.747428008383908000,0.342026485312424000
TXRed River County,-0.760599492730170000,0.383826281829101000
TXReeves County,-0.817554044638937000,0.664805045820633000
TXRefugio County,-0.402162135050925000,-0.249160543474707000
TXRoberts County,-0.850024277891324000,0.842366976955259000
TXRobertson County,-0.692092036010456000,0.085729917904257900
TXRockwall County,-0.761056883104443000,0.365512172496472000
TXRunnels County,-0.789555983048505000,0.509728198271770000
TXRusk County,-0.734532534979663000,0.270518300022444000
TXSabine County,-0.664206694652602000,0.034424527497076000
TXSan Augustine County,-0.667108794643228000,0.025700086221537700
TXSan Jacinto County,-0.636622095345558000,-0.079258336066287300
TXSan Patricio County,-0.391371133842040000,-0.249809478723018000
TXSan Saba County,-0.750435413332764000,0.311908444128679000
TXSchleicher County,-0.783688924312062000,0.524527403709409000
TXScurry County,-0.814270044604510000,0.621532331218572000
TXShackelford County,-0.749900540759531000,0.281093422105203000
TXShelby County,-0.704766956439152000,0.159459323389896000
TXSherman County,-0.860696707667710000,0.851088049456922000
TXSmith County,-0.751543308733375000,0.338234355561540000
TXSomervell County,-0.761317523367063000,0.319007949725097000
TXStarr County,-0.544802146834036000,-0.154937436415987000
TXStephens County,-0.739890815798076000,0.269210375073835000
TXSterling County,-0.792716056808929000,0.559923050380663000
TXStonewall County,-0.803614097733302000,0.547601758994015000
TXSutton County,-0.780850909360998000,0.504892709837454000
TXSwisher County,-0.833939570969317000,0.711894539192363000
TXTarrant County,-0.760375909431731000,0.341459757885123000
TXTaylor County,-0.801079930952285000,0.530597017896357000
TXTerrell County,-0.779431606360631000,0.482316397090268000
TXTerry County,-0.829752378432621000,0.716922607443030000
TXThrockmorton County,-0.731609597582704000,0.243265317887827000
TXTitus County,-0.754305151536371000,0.353710534713803000
TXTom Green County,-0.788736568069553000,0.527963421890202000
TXTravis County,-0.702554965256623000,0.107697276252699000
TXTrinity County,-0.690585373207495000,0.074366550338772300
TXTyler County,-0.629386860304821000,-0.071938525803219000
TXUpshur County,-0.754213068731258000,0.366872039128649000
TXUpton County,-0.785776263752864000,0.484312387264337000
TXUvalde County,-0.704681398074909000,0.168254260328083000
TXVal Verde County,-0.734594954347272000,0.317625394211878000
TXVan Zandt County,-0.751374213533144000,0.323833199458964000
TXVictoria County,-0.483695536663786000,-0.245999260093225000
TXWalker County,-0.663594713851504000,-0.023286162910648900
TXWaller County,-0.589286378412265000,-0.177380942689210000
TXWard County,-0.761943005678117000,0.397426423033149000
TXWashington County,-0.630607944806163000,-0.096179567899309800
TXWebb County,-0.562094855966770000,-0.115267354705930000
TXWharton County,-0.522061957692090000,-0.232790549675276000
TXWheeler County,-0.837362493847587000,0.792809474964505000
TXWichita County,-0.790281169024973000,0.527806177224393000
TXWilbarger County,-0.796047883206537000,0.544768088006564000
TXWillacy County,-0.354233166405509000,-0.261484407388634000
TXWilliamson County,-0.694865864715701000,0.078134590560384700
TXWilson County,-0.617226966965909000,-0.079627287324864800
TXWinkler County,-0.759136869276516000,0.384661906027483000
TXWise County,-0.746774623597882000,0.315223964042193000
TXWood County,-0.759213828638329000,0.385276870045425000
TXYoakum County,-0.819818321464051000,0.738600462663521000
TXYoung County,-0.768128412148184000,0.393257338848398000
TXZapata County,-0.581200902539682000,-0.116210132060822000
TXZavala County,-0.674322818529378000,0.030905488704125600
UTBeaver County,0.000000000000000000,0.000000000000000000
UTBox Elder County,0.000000000000000000,0.000000000000000000
UTCache County,0.000000000000000000,0.000000000000000000
UTCarbon County,0.000000000000000000,0.000000000000000000
UTDaggett County,0.000000000000000000,0.000000000000000000
UTDavis County,0.000000000000000000,0.000000000000000000
UTDuchesne County,0.000000000000000000,0.000000000000000000
UTEmery County,0.000000000000000000,0.000000000000000000
UTGarfield County,0.000000000000000000,0.000000000000000000
UTGrand County,0.000000000000000000,0.000000000000000000
UTIron County,0.000000000000000000,0.000000000000000000
UTJuab County,0.000000000000000000,0.000000000000000000
UTKane County,0.000000000000000000,0.000000000000000000
UTMillard County,0.000000000000000000,0.000000000000000000
UTMorgan County,0.000000000000000000,0.000000000000000000
UTPiute County,0.000000000000000000,0.000000000000000000
UTRich County,0.000000000000000000,0.000000000000000000
UTSalt Lake County,0.000000000000000000,0.000000000000000000
UTSan Juan County,0.000000000000000000,0.000000000000000000
UTSanpete County,0.000000000000000000,0.000000000000000000
UTSevier County,0.000000000000000000,0.000000000000000000
UTSummit County,0.000000000000000000,0.000000000000000000
UTTooele County,0.000000000000000000,0.000000000000000000
UTUintah County,0.000000000000000000,0.000000000000000000
UTUtah County,0.000000000000000000,0.000000000000000000
UTWasatch County,0.000000000000000000,0.000000000000000000
UTWashington County,0.000000000000000000,0.000000000000000000
UTWayne County,0.000000000000000000,0.000000000000000000
UTWeber County,0.000000000000000000,0.000000000000000000
VAAccomack County,-0.494584585440213000,-0.058142160045498700
VAAlbemarle County,-0.785186462557902000,0.551633160605965000
VAAlexandria City,-0.736857802842381000,0.480912172375826000
VAAlleghany County,-0.812910203905602000,0.739697007421976000
VAAmelia County,-0.767687146861898000,0.474480089460535000
VAAmherst County,-0.790609069507696000,0.582414224244144000
VAAppomattox County,-0.769819532730379000,0.494972001233695000
VAArlington County,-0.781334557525389000,0.541864542862363000
VAAugusta County,-0.775209386299622000,0.508974936635033000
VABath County,-0.815018387280177000,0.754066722422560000
VABedford County,-0.786657903871317000,0.588981623734788000
VABland County,-0.804601258673125000,0.694501199596648000
VABotetourt County,-0.797344780011081000,0.652101195346981000
VABristol City,-0.806360749400428000,0.722451451850727000
VABrunswick County,-0.755474810432089000,0.443363767712303000
VABuchanan County,-0.825266620338354000,0.830350390696832000
VABuckingham County,-0.776550830445289000,0.517664173632472000
VABuena Vista City,-0.797084829938090000,0.623223776362438000
VACampbell County,-0.779277001673081000,0.549054949654709000
VACaroline County,-0.777273491673935000,0.499222263397611000
VACarroll County,-0.790960763950699000,0.632151707610170000
VACharles City County,-0.700327208705281000,0.382200173088544000
VACharlotte County,-0.764649897044562000,0.479370904211540000
VACharlottesville City,-0.785825445483457000,0.547532486750735000
VAChesapeake City,-0.613965033188663000,0.162052703044901000
VAChesterfield County,-0.762028020540149000,0.459081769617226000
VAClarke County,-0.793856522539435000,0.576050110538735000
VAColonial Heights City,-0.757342688723716000,0.433967663704345000
VACovington City,-0.813449543265061000,0.753020009715960000
VACraig County,-0.815250933020726000,0.770024942032300000
VACulpeper County,-0.783775756498327000,0.537777952206144000
VACumberland County,-0.777798640682281000,0.523263323579212000
VADanville City,-0.773787567956285000,0.543687415303589000
VADickenson County,-0.826824649964998000,0.835296505573403000
VADinwiddie County,-0.765723854269971000,0.471376796308270000
VAEssex County,-0.680947177905145000,0.304027743119072000
VAFairfax City,-0.802001454720438000,0.612713093933788000
VAFairfax County,-0.757468256991460000,0.546416469793160000
VAFalls Church City,-0.801590021084403000,0.618016894145282000
VAFauquier County,-0.785892133991851000,0.536125328044760000
VAFloyd County,-0.800359544735556000,0.686666845105001000
VAFluvanna County,-0.788514935760059000,0.576941991235979000
VAFranklin City,-0.719532022532118000,0.292812394609941000
VAFranklin County,-0.782966754565929000,0.587812089028502000
VAFrederick County,-0.802785267166680000,0.636367970879338000
VAFredericksburg City,-0.786941887043703000,0.545351250467631000
VAGalax City,-0.789939766589323000,0.634148430224261000
VAGiles County,-0.812528249069782000,0.745989619140824000
VAGloucester County,-0.347238481703793000,-0.148950561022746000
VAGoochland County,-0.774571403976931000,0.497950353506770000
VAGrayson County,-0.801683574244410000,0.696416294913602000
VAGreene County,-0.794879319127214000,0.607137011904343000
VAGreensville County,-0.753234217601023000,0.427097128361531000
VAHalifax County,-0.767708311454342000,0.500055925748036000
VAHampton City,-0.202437216574773000,-0.329428473280308000
VAHanover County,-0.773581843618012000,0.490534146827484000
VAHarrisonburg City,-0.773032407258305000,0.494841408244456000
VAHenrico County,-0.772386640082921000,0.483828414349393000
VAHenry County,-0.787838283910173000,0.616861923220738000
VAHighland County,-0.807660791816785000,0.684139278849020000
VAHopewell City,-0.729451227360717000,0.356068239384346000
VAIsle Of Wight County,-0.675973433424794000,0.196163873736624000
VAJames City County,-0.178429845244109000,-0.359437522033229000
VAKing And Queen County,-0.676769352088336000,0.323463870085766000
VAKing George County,-0.717864912784422000,0.380739292364795000
VAKing William County,-0.740776939633652000,0.379182311655625000
VALancaster County,-0.615770461209068000,0.203868248891496000
VALee County,-0.822600780671521000,0.804006823122556000
VALoudoun County,-0.795301591207798000,0.578223904072504000
VALouisa County,-0.784004407744914000,0.548199730487329000
VALunenburg County,-0.760948859505829000,0.456660099042628000
VALynchburg City,-0.787070749507273000,0.579197198756133000
VAMadison County,-0.794426070248473000,0.603575271552023000
VAManassas City,-0.801047468847175000,0.611109866010634000
VAManassas Park City,-0.802275710012620000,0.615237927966843000
VAMartinsville City,-0.786974131691474000,0.600777494829827000
VAMathews County,-0.416377431110572000,-0.084295427624175000
VAMecklenburg County,-0.750638592624876000,0.425294141426061000
VAMiddlesex County,-0.600730289626181000,0.138118359148421000
VAMontgomery County,-0.805765689460307000,0.711307424556674000
VANelson County,-0.788854349514682000,0.571050351982529000
VANew Kent County,-0.712921999553572000,0.394733833440918000
VANewport News City,-0.616073264846467000,0.211144155874514000
VANorfolk City,-0.468533778880905000,-0.019887302078563800
VANorthampton County,-0.256482147866354000,-0.272243086487820000
VANorthumberland County,-0.643716963976925000,0.178836202307623000
VANorton City,-0.823274034413712000,0.824560201600727000
VANottoway County,-0.764088715519788000,0.463768998318187000
VAOrange County,-0.786672888862615000,0.555870422707167000
VAPage County,-0.804176348827283000,0.662787077342824000
VAPatrick County,-0.793449520170741000,0.650661674681438000
VAPetersburg City,-0.759207614726384000,0.440920487379168000
VAPittsylvania County,-0.775113621258165000,0.537779403021485000
VAPoquoson City,-0.183274797211951000,-0.359855768945167000
VAPortsmouth City,-0.261742386711347000,-0.236994688880649000
VAPowhatan County,-0.775050730442599000,0.505377930436059000
VAPrince Edward County,-0.767815862461798000,0.476921444605798000
VAPrince George County,-0.755441894866948000,0.424703562762059000
VAPrince William County,-0.759584445543635000,0.535820565430795000
VAPulaski County,-0.791180553209851000,0.630720198903545000
VARadford City,-0.795903219115606000,0.637303535733023000
VARappahannock County,-0.803778278892081000,0.639216807281007000
VARichmond City,-0.767332523816139000,0.461832462173885000
VARichmond County,-0.714836008293493000,0.286088415994247000
VARoanoke City,-0.796464178009336000,0.651762782705254000
VARoanoke County,-0.798125368812669000,0.659785678527071000
VARockbridge County,-0.792402401655954000,0.601496066811906000
VARockingham County,-0.775667113169509000,0.516463115594520000
VARussell County,-0.808782491106275000,0.746054457516491000
VASalem City,-0.801299768734995000,0.676551309771835000
VAScott County,-0.817665104767642000,0.787573941725676000
VAShenandoah County,-0.804373918448211000,0.662006995195325000
VASmyth County,-0.800366842390690000,0.677404092665742000
VASouthampton County,-0.730855931602001000,0.339380570146363000
VASpotsylvania County,-0.786678601348821000,0.543810774707418000
VAStafford County,-0.782215763727919000,0.571309270180621000
VAStaunton City,-0.774674394769817000,0.496137563787481000
VASuffolk City,-0.574726803856173000,0.096262962939094100
VASurry County,-0.685016433382878000,0.230115453208910000
VASussex County,-0.748255472228053000,0.401351035360255000
VATazewell County,-0.805590929610679000,0.703082897267045000
VAVirginia Beach City,-0.561247557533688000,0.032171462641255000
VAWarren County,-0.808130628252998000,0.664495866084914000
VAWashington County,-0.800751165257488000,0.697704203446241000
VAWaynesboro City,-0.776349892378508000,0.515922683487850000
VAWestmoreland County,-0.361715768435841000,-0.181819093552257000
VAWilliamsburg City,-0.737852468579195000,0.338404627772988000
VAWinchester City,-0.802885974494926000,0.631016600868796000
VAWise County,-0.824892326619432000,0.824723562541205000
VAWythe County,-0.792207381229674000,0.636340396392669000
VAYork County,-0.442477473859922000,-0.010276083530707900
VTAddison County,-0.770415429625902000,0.445932399218937000
VTBennington County,-0.790278135183117000,0.530866522039624000
VTCaledonia County,-0.782031881474172000,0.499811047777632000
VTChittenden County,-0.765602641563186000,0.442138065411745000
VTEssex County,-0.797017371392124000,0.588631514780250000
VTFranklin County,-0.777369788647586000,0.508188522135711000
VTGrand Isle County,-0.721530821098218000,0.245096774760552000
VTLamoille County,-0.793160159470432000,0.571335296414507000
VTOrange County,-0.782397121751952000,0.497341850313976000
VTOrleans County,-0.781024297002269000,0.500912029797868000
VTRutland County,-0.790708965244376000,0.546929689663458000
VTWashington County,-0.786424251325888000,0.521155606026596000
VTWindham County,-0.785303341102630000,0.500172078798320000
VTWindsor County,-0.786944742765487000,0.523145717377299000
WAAdams County,0.000000000000000000,0.000000000000000000
WAAsotin County,0.000000000000000000,0.000000000000000000
WABenton County,0.000000000000000000,0.000000000000000000
WAChelan County,0.000000000000000000,0.000000000000000000
WAClallam County,0.000000000000000000,0.000000000000000000
WAClark County,0.000000000000000000,0.000000000000000000
WAColumbia County,0.000000000000000000,0.000000000000000000
WACowlitz County,0.000000000000000000,0.000000000000000000
WADouglas County,0.000000000000000000,0.000000000000000000
WAFerry County,0.000000000000000000,0.000000000000000000
WAFranklin County,0.000000000000000000,0.000000000000000000
WAGarfield County,0.000000000000000000,0.000000000000000000
WAGrant County,0.000000000000000000,0.000000000000000000
WAGrays Harbor County,0.000000000000000000,0.000000000000000000
WAIsland County,0.000000000000000000,0.000000000000000000
WAJefferson County,0.000000000000000000,0.000000000000000000
WAKing County,0.000000000000000000,0.000000000000000000
WAKitsap County,0.000000000000000000,0.000000000000000000
WAKittitas County,0.000000000000000000,0.000000000000000000
WAKlickitat County,0.000000000000000000,0.000000000000000000
WALewis County,0.000000000000000000,0.000000000000000000
WALincoln County,0.000000000000000000,0.000000000000000000
WAMason County,0.000000000000000000,0.000000000000000000
WAOkanogan County,0.000000000000000000,0.000000000000000000
WAPacific County,0.000000000000000000,0.000000000000000000
WAPend Oreille County,0.000000000000000000,0.000000000000000000
WAPierce County,0.000000000000000000,0.000000000000000000
WASan Juan County,0.000000000000000000,0.000000000000000000
WASkagit County,0.000000000000000000,0.000000000000000000
WASkamania County,0.000000000000000000,0.000000000000000000
WASnohomish County,0.000000000000000000,0.000000000000000000
WASpokane County,0.000000000000000000,0.000000000000000000
WAStevens County,0.000000000000000000,0.000000000000000000
WAThurston County,0.000000000000000000,0.000000000000000000
WAWahkiakum County,0.000000000000000000,0.000000000000000000
WAWalla Walla County,0.000000000000000000,0.000000000000000000
WAWhatcom County,0.000000000000000000,0.000000000000000000
WAWhitman County,0.000000000000000000,0.000000000000000000
WAYakima County,0.000000000000000000,0.000000000000000000
WIAdams County,0.000000000000000000,0.000000000000000000
WIAshland County,0.000000000000000000,0.000000000000000000
WIBarron County,0.000000000000000000,0.000000000000000000
WIBayfield County,0.000000000000000000,0.000000000000000000
WIBrown County,0.000000000000000000,0.000000000000000000
WIBuffalo County,0.000000000000000000,0.000000000000000000
WIBurnett County,0.000000000000000000,0.000000000000000000
WICalumet County,0.000000000000000000,0.000000000000000000
WIChippewa County,0.000000000000000000,0.000000000000000000
WIClark County,0.000000000000000000,0.000000000000000000
WIColumbia County,0.000000000000000000,0.000000000000000000
WICrawford County,0.000000000000000000,0.000000000000000000
WIDane County,0.000000000000000000,0.000000000000000000
WIDodge County,0.000000000000000000,0.000000000000000000
WIDoor County,0.000000000000000000,0.000000000000000000
WIDouglas County,0.000000000000000000,0.000000000000000000
WIDunn County,0.000000000000000000,0.000000000000000000
WIEau Claire County,0.000000000000000000,0.000000000000000000
WIFlorence County,0.000000000000000000,0.000000000000000000
WIFond Du Lac County,0.000000000000000000,0.000000000000000000
WIForest County,0.000000000000000000,0.000000000000000000
WIGrant County,0.000000000000000000,0.000000000000000000
WIGreen County,0.000000000000000000,0.000000000000000000
WIGreen Lake County,0.000000000000000000,0.000000000000000000
WIIowa County,0.000000000000000000,0.000000000000000000
WIIron County,0.000000000000000000,0.000000000000000000
WIJackson County,0.000000000000000000,0.000000000000000000
WIJefferson County,0.000000000000000000,0.000000000000000000
WIJuneau County,0.000000000000000000,0.000000000000000000
WIKenosha County,0.000000000000000000,0.000000000000000000
WIKewaunee County,0.000000000000000000,0.000000000000000000
WILa Crosse County,0.000000000000000000,0.000000000000000000
WILafayette County,0.000000000000000000,0.000000000000000000
WILanglade County,0.000000000000000000,0.000000000000000000
WILincoln County,0.000000000000000000,0.000000000000000000
WIManitowoc County,0.000000000000000000,0.000000000000000000
WIMarathon County,0.000000000000000000,0.000000000000000000
WIMarinette County,0.000000000000000000,0.000000000000000000
WIMarquette County,0.000000000000000000,0.000000000000000000
WIMenominee County,0.000000000000000000,0.000000000000000000
WIMilwaukee County,0.000000000000000000,0.000000000000000000
WIMonroe County,0.000000000000000000,0.000000000000000000
WIOconto County,0.000000000000000000,0.000000000000000000
WIOneida County,0.000000000000000000,0.000000000000000000
WIOutagamie County,0.000000000000000000,0.000000000000000000
WIOzaukee County,0.000000000000000000,0.000000000000000000
WIPepin County,0.000000000000000000,0.000000000000000000
WIPierce County,0.000000000000000000,0.000000000000000000
WIPolk County,0.000000000000000000,0.000000000000000000
WIPortage County,0.000000000000000000,0.000000000000000000
WIPrice County,0.000000000000000000,0.000000000000000000
WIRacine County,0.000000000000000000,0.000000000000000000
WIRichland County,0.000000000000000000,0.000000000000000000
WIRock County,0.000000000000000000,0.000000000000000000
WIRusk County,0.000000000000000000,0.000000000000000000
WISauk County,0.000000000000000000,0.000000000000000000
WISawyer County,0.000000000000000000,0.000000000000000000
WIShawano County,0.000000000000000000,0.000000000000000000
WISheboygan County,0.000000000000000000,0.000000000000000000
WISt. Croix County,0.000000000000000000,0.000000000000000000
WITaylor County,0.000000000000000000,0.000000000000000000
WITrempealeau County,0.000000000000000000,0.000000000000000000
WIVernon County,0.000000000000000000,0.000000000000000000
WIVilas County,0.000000000000000000,0.000000000000000000
WIWalworth County,0.000000000000000000,0.000000000000000000
WIWashburn County,0.000000000000000000,0.000000000000000000
WIWashington County,0.000000000000000000,0.000000000000000000
WIWaukesha County,0.000000000000000000,0.000000000000000000
WIWaupaca County,0.000000000000000000,0.000000000000000000
WIWaushara County,0.000000000000000000,0.000000000000000000
WIWinnebago County,0.000000000000000000,0.000000000000000000
WIWood County,0.000000000000000000,0.000000000000000000
WVBarbour County,-0.803749415600689000,0.668987954710483000
WVBerkeley County,-0.800639038573242000,0.626728822508240000
WVBoone County,-0.837240672084504000,0.849540564946741000
WVBraxton County,-0.831987723438899000,0.828139331363956000
WVBrooke County,-0.829147425456282000,0.776079128110467000
WVCabell County,-0.836708181004198000,0.840726972632536000
WVCalhoun County,-0.833525322393426000,0.813239199783802000
WVClay County,-0.834021027235587000,0.824996287785443000
WVDoddridge County,-0.837313958106280000,0.828674200479552000
WVFayette County,-0.824490382998649000,0.781652123940105000
WVGilmer County,-0.839677938795599000,0.854199660243875000
WVGrant County,-0.813907109602402000,0.705785262216079000
WVGreenbrier County,-0.818338505202975000,0.779342785976686000
WVHampshire County,-0.828412080767422000,0.779681460055804000
WVHancock County,-0.828309040443768000,0.766490781050065000
WVHardy County,-0.816145302723933000,0.724111968791431000
WVHarrison County,-0.808307085243949000,0.698691428499489000
WVJackson County,-0.835186364077318000,0.821223414989882000
WVJefferson County,-0.794165825519805000,0.581494104290765000
WVKanawha County,-0.836915899293703000,0.830494466381678000
WVLewis County,-0.815202693821162000,0.740514392860967000
WVLincoln County,-0.839740246330619000,0.867657195226221000
WVLogan County,-0.836094415817793000,0.859204116267381000
WVMarion County,-0.806830350439902000,0.706894896674346000
WVMarshall County,-0.831769500092505000,0.813299783856955000
WVMason County,-0.841079905301307000,0.861402529343832000
WVMcdowell County,-0.824688993067272000,0.806890569223344000
WVMercer County,-0.810955000620831000,0.725706840099406000
WVMineral County,-0.824958925699593000,0.763121445063180000
WVMingo County,-0.833617152668820000,0.857192740890590000
WVMonongalia County,-0.817983413001222000,0.743286004116731000
WVMonroe County,-0.813066149877260000,0.754041590422098000
WVMorgan County,-0.828960697101670000,0.776023545257646000
WVNicholas County,-0.828565199532829000,0.814729085247682000
WVOhio County,-0.826290218549387000,0.785601691520573000
WVPendleton County,-0.808073977236794000,0.680529947833737000
WVPleasants County,-0.826773422752541000,0.786013231487291000
WVPocahontas County,-0.815566282074077000,0.755936692606265000
WVPreston County,-0.824756117862869000,0.782795768989820000
WVPutnam County,-0.842305372257363000,0.870712466235900000
WVRaleigh County,-0.818896007278526000,0.765398617494919000
WVRandolph County,-0.812237176936447000,0.726247611969520000
WVRitchie County,-0.836328463283813000,0.838828625300760000
WVRoane County,-0.832164122266823000,0.807576677486645000
WVSummers County,-0.816853405179797000,0.763486287275392000
WVTaylor County,-0.804158498443133000,0.673096267566255000
WVTucker County,-0.817448680951031000,0.750120267495568000
WVTyler County,-0.839459894707303000,0.840798232754389000
WVUpshur County,-0.814364340563215000,0.744074485093142000
WVWayne County,-0.839927956936665000,0.865358742194354000
WVWebster County,-0.829612954304308000,0.817509142241183000
WVWetzel County,-0.835521169543085000,0.822786509537370000
WVWirt County,-0.829191698978849000,0.792063881273603000
WVWood County,-0.825039670839920000,0.760846234792168000
WVWyoming County,-0.828625947287007000,0.817179850328062000
WYAlbany County,0.000000000000000000,0.000000000000000000
WYBig Horn County,0.000000000000000000,0.000000000000000000
WYCampbell County,0.000000000000000000,0.000000000000000000
WYCarbon County,0.000000000000000000,0.000000000000000000
WYConverse County,0.000000000000000000,0.000000000000000000
WYCrook County,0.000000000000000000,0.000000000000000000
WYFremont County,0.000000000000000000,0.000000000000000000
WYGoshen County,0.000000000000000000,0.000000000000000000
WYHot Springs County,0.000000000000000000,0.000000000000000000
WYJohnson County,0.000000000000000000,0.000000000000000000
WYLaramie County,0.000000000000000000,0.000000000000000000
WYLincoln County,0.000000000000000000,0.000000000000000000
WYNatrona County,0.000000000000000000,0.000000000000000000
WYNiobrara County,0.000000000000000000,0.000000000000000000
WYPark County,0.000000000000000000,0.000000000000000000
WYPlatte County,0.000000000000000000,0.000000000000000000
WYSheridan County,0.000000000000000000,0.000000000000000000
WYSublette County,0.000000000000000000,0.000000000000000000
WYSweetwater County,0.000000000000000000,0.000000000000000000
WYTeton County,0.000000000000000000,0.000000000000000000
WYUinta County,0.000000000000000000,0.000000000000000000
WYWashakie County,0.000000000000000000,0.000000000000000000
WYWeston County,0.000000000000000000,0.000000000000000000
IntInt,0.000000000000000000,0.000000000000000000
