StateCounty,Unknown,0-5 years,6-10 years,11+ years,Obvious signs of deterioration or distress
AKAleutians East Borough,0.000000000000000,0.000000000000000,0.000000000000000,0.000000000000000,0.000000000000000
AKAleutians West Census Area,0.000000000000000,0.000000000000000,0.000000000000000,0.000000000000000,0.000000000000000
AKAnchorage Municipality,0.000000000000000,0.000000000000000,0.000000000000000,0.000000000000000,0.000000000000000
AKBethel Census Area,0.000000000000000,0.000000000000000,0.000000000000000,0.000000000000000,0.000000000000000
AKBristol Bay Borough,0.000000000000000,0.000000000000000,0.000000000000000,0.000000000000000,0.000000000000000
AKDenali Borough,0.000000000000000,0.000000000000000,0.000000000000000,0.000000000000000,0.000000000000000
AKDillingham Census Area,0.000000000000000,0.000000000000000,0.000000000000000,0.000000000000000,0.000000000000000
AKFairbanks North Star Borough,0.000000000000000,0.000000000000000,0.000000000000000,0.000000000000000,0.000000000000000
AKHaines Borough,0.000000000000000,0.000000000000000,0.000000000000000,0.000000000000000,0.000000000000000
AKHoonah-Angoon Census Area,0.000000000000000,0.000000000000000,0.000000000000000,0.000000000000000,0.000000000000000
AKJuneau Borough,0.000000000000000,0.000000000000000,0.000000000000000,0.000000000000000,0.000000000000000
AKKenai Peninsula Borough,0.000000000000000,0.000000000000000,0.000000000000000,0.000000000000000,0.000000000000000
AKKetchikan Gateway Borough,0.000000000000000,0.000000000000000,0.000000000000000,0.000000000000000,0.000000000000000
AKKodiak Island Borough,0.000000000000000,0.000000000000000,0.000000000000000,0.000000000000000,0.000000000000000
AKKusilvak,0.000000000000000,0.000000000000000,0.000000000000000,0.000000000000000,0.000000000000000
AKMatanuska-Susitna Borough,0.000000000000000,0.000000000000000,0.000000000000000,0.000000000000000,0.000000000000000
AKNome Census Area,0.000000000000000,0.000000000000000,0.000000000000000,0.000000000000000,0.000000000000000
AKNorth Slope Borough,0.000000000000000,0.000000000000000,0.000000000000000,0.000000000000000,0.000000000000000
AKNorthwest Arctic Borough,0.000000000000000,0.000000000000000,0.000000000000000,0.000000000000000,0.000000000000000
AKPeninsula And Lake Borough,0.000000000000000,0.000000000000000,0.000000000000000,0.000000000000000,0.000000000000000
AKPetersburg Census Area,0.000000000000000,0.000000000000000,0.000000000000000,0.000000000000000,0.000000000000000
AKPrince Of Wales-Hyder Census Area,0.000000000000000,0.000000000000000,0.000000000000000,0.000000000000000,0.000000000000000
AKSitka Borough,0.000000000000000,0.000000000000000,0.000000000000000,0.000000000000000,0.000000000000000
AKSkagway Municipality,0.000000000000000,0.000000000000000,0.000000000000000,0.000000000000000,0.000000000000000
AKSoutheast Fairbanks Census Area,0.000000000000000,0.000000000000000,0.000000000000000,0.000000000000000,0.000000000000000
AKValdez-Cordova Census Area,0.000000000000000,0.000000000000000,0.000000000000000,0.000000000000000,0.000000000000000
AKWrangell City And Borough,0.000000000000000,0.000000000000000,0.000000000000000,0.000000000000000,0.000000000000000
AKYakutat Borough,0.000000000000000,0.000000000000000,0.000000000000000,0.000000000000000,0.000000000000000
AKYukon-Koyukuk Census Area,0.000000000000000,0.000000000000000,0.000000000000000,0.000000000000000,0.000000000000000
ALAutauga County,0.000000000000000,-0.378218028845100,-0.228659388267914,0.190994752095452,0.390384584449847
ALBaldwin County,0.000000000000000,-0.182931758043815,-0.088163192191188,0.073387299998346,0.203091121958697
ALBarbour County,0.000000000000000,-0.354349253058681,-0.206362384055382,0.172696991668927,0.370181775352292
ALBibb County,0.000000000000000,-0.383491024636772,-0.234008119098129,0.195457162475182,0.394681520783146
ALBlount County,0.000000000000000,-0.402197701924905,-0.252197701924906,0.209465967002011,0.409465967002012
ALBullock County,0.000000000000000,-0.370176345162998,-0.220820172288467,0.184461726761651,0.383634121635946
ALButler County,0.000000000000000,-0.353115399267063,-0.206614375300068,0.172878276143775,0.368500712942372
ALCalhoun County,0.000000000000000,-0.412980184476296,-0.262980184476296,0.218312496475970,0.418312496475970
ALChambers County,0.000000000000000,-0.388999340073260,-0.239171406797525,0.199654177029867,0.399396076943469
ALCherokee County,0.000000000000000,-0.404143415403238,-0.254143415403238,0.211352686063051,0.411352686063051
ALChilton County,0.000000000000000,-0.385107035767551,-0.235150510243310,0.196494768047233,0.396429556333594
ALChoctaw County,0.000000000000000,-0.344445336480025,-0.199454583202654,0.166951016355792,0.361185509183412
ALClarke County,0.000000000000000,-0.327946728306575,-0.181639302606837,0.151654566610814,0.347176381045865
ALClay County,0.000000000000000,-0.402388080854856,-0.252394024130770,0.210016782884463,0.410007867970591
ALCleburne County,0.000000000000000,-0.407507812599619,-0.257507812599619,0.214072534455379,0.414072534455380
ALCoffee County,0.000000000000000,-0.335958599475586,-0.191967258989217,0.160577322554674,0.353313167311134
ALColbert County,0.000000000000000,-0.390159354785805,-0.240159354785805,0.199673253107336,0.399673253107337
ALConecuh County,0.000000000000000,-0.329337026498262,-0.185733305626397,0.155295936999099,0.347307077164540
ALCoosa County,0.000000000000000,-0.397501730485602,-0.247557189101255,0.206218115412299,0.406134927488820
ALCovington County,0.000000000000000,-0.315950528515988,-0.175254854045970,0.146537397729432,0.335686033209331
ALCrenshaw County,0.000000000000000,-0.362999776202096,-0.214656426510648,0.179173649742793,0.377062761764080
ALCullman County,0.000000000000000,-0.397720437942939,-0.247987520057473,0.206065176119575,0.405664552947773
ALDale County,0.000000000000000,-0.340555530893896,-0.195233304179933,0.163404882183724,0.357948053186404
ALDallas County,0.000000000000000,-0.357155944201033,-0.208087810526137,0.173944047900026,0.372763654076246
ALDekalb County,0.000000000000000,-0.406085494551468,-0.256085494551468,0.212620225287111,0.412620225287112
ALElmore County,0.000000000000000,-0.380193010600215,-0.230654999016823,0.192403521219525,0.391816281340455
ALEscambia County,0.000000000000000,-0.284023885875490,-0.150439650268965,0.125650948664344,0.306272381883816
ALEtowah County,0.000000000000000,-0.409362870434612,-0.259362870434612,0.215403027603444,0.415403027603444
ALFayette County,0.000000000000000,-0.387123672168513,-0.238784759680624,0.198706497748113,0.396214866479948
ALFranklin County,0.000000000000000,-0.392298426596954,-0.242298426596955,0.201503997885050,0.401503997885050
ALGeneva County,0.000000000000000,-0.311287953482012,-0.171827018033146,0.143991832054660,0.330953515529096
ALGreene County,0.000000000000000,-0.365385372019754,-0.218465080951151,0.182100379208241,0.379315043667316
ALHale County,0.000000000000000,-0.360831532415175,-0.214073395662921,0.179089560909988,0.375634731174580
ALHenry County,0.000000000000000,-0.343891722933135,-0.197633007513379,0.165295485344405,0.360956142240305
ALHouston County,0.000000000000000,-0.327979974233725,-0.184652678322707,0.154377819820478,0.346827931664306
ALJackson County,0.000000000000000,-0.401006979625577,-0.251006979625577,0.208429002304005,0.408429002304006
ALJefferson County,0.000000000000000,-0.399146198283620,-0.249219179660134,0.207054194054880,0.406944721990107
ALLamar County,0.000000000000000,-0.385647206953468,-0.236922349210023,0.197316705072366,0.395403991687534
ALLauderdale County,0.000000000000000,-0.390776130570730,-0.240776130570730,0.200284748065862,0.400284748065862
ALLawrence County,0.000000000000000,-0.389215023014782,-0.240065896897393,0.199708748957956,0.398432438134040
ALLee County,0.000000000000000,-0.383546787227322,-0.233975318779060,0.195383961253890,0.394895126604778
ALLimestone County,0.000000000000000,-0.397876111343079,-0.247876111343079,0.205865491459127,0.405865491459127
ALLowndes County,0.000000000000000,-0.364135840567858,-0.216064087759995,0.180516002473841,0.378485979060060
ALMacon County,0.000000000000000,-0.378237407163377,-0.228680978459728,0.191013551397971,0.390431892546822
ALMadison County,0.000000000000000,-0.403647602154182,-0.253647602154182,0.210604459533096,0.410604459533096
ALMarengo County,0.000000000000000,-0.347108730010692,-0.199967926980796,0.167232378596157,0.364269469388640
ALMarion County,0.000000000000000,-0.391233536909463,-0.241769262133216,0.201128570016690,0.400324982181060
ALMarshall County,0.000000000000000,-0.400207143797837,-0.250207143797837,0.207660727045765,0.407660727045766
ALMobile County,0.000000000000000,-0.186579428620148,-0.089711374677315,0.074629178923891,0.207197001582524
ALMonroe County,0.000000000000000,-0.327252270365032,-0.183926602522666,0.153962648023438,0.345745451189542
ALMontgomery County,0.000000000000000,-0.374683716353945,-0.225402750423454,0.188095716119353,0.387176590996563
ALMorgan County,0.000000000000000,-0.395899991432939,-0.246427973916290,0.204814185566624,0.404022211841599
ALPerry County,0.000000000000000,-0.346608104942883,-0.198368464329398,0.165765234167209,0.363868409729826
ALPickens County,0.000000000000000,-0.376027402138450,-0.228007077347484,0.189922234578285,0.387568860196087
ALPike County,0.000000000000000,-0.357316205401236,-0.209617465756532,0.175208030293125,0.372356401815347
ALRandolph County,0.000000000000000,-0.398211702075672,-0.248214537528670,0.206775464594868,0.406771211415371
ALRussell County,0.000000000000000,-0.376781011087073,-0.227295883858502,0.189891397419142,0.389317909041288
ALShelby County,0.000000000000000,-0.392340189873707,-0.242392234137370,0.202065759468421,0.401987693072926
ALSt. Clair County,0.000000000000000,-0.405296471201572,-0.255296471201572,0.212191109819484,0.412191109819483
ALSumter County,0.000000000000000,-0.355730932775348,-0.209609654410294,0.175100634680142,0.371068280350847
ALTalladega County,0.000000000000000,-0.402586950217692,-0.252603571412631,0.210245800109943,0.410220868317537
ALTallapoosa County,0.000000000000000,-0.389620003965668,-0.239817553643685,0.199952703046113,0.399683019121997
ALTuscaloosa County,0.000000000000000,-0.383784840566757,-0.235125138411164,0.196004810458179,0.394110310728174
ALWalker County,0.000000000000000,-0.394319601537307,-0.245526778215311,0.204045064390065,0.402234299373059
ALWashington County,0.000000000000000,-0.310104981103045,-0.167676057127474,0.140266767426883,0.330801120661286
ALWilcox County,0.000000000000000,-0.349896427995952,-0.201807498419717,0.168631925828258,0.366387081674426
ALWinston County,0.000000000000000,-0.391896652226298,-0.242653936548916,0.201708217568308,0.400572291084381
ARArkansas County,0.000000000000000,0.000000000000000,0.000000000000000,0.000000000000000,0.000000000000000
ARAshley County,0.000000000000000,0.000000000000000,0.000000000000000,0.000000000000000,0.000000000000000
ARBaxter County,0.000000000000000,0.000000000000000,0.000000000000000,0.000000000000000,0.000000000000000
ARBenton County,0.000000000000000,0.000000000000000,0.000000000000000,0.000000000000000,0.000000000000000
ARBoone County,0.000000000000000,0.000000000000000,0.000000000000000,0.000000000000000,0.000000000000000
ARBradley County,0.000000000000000,0.000000000000000,0.000000000000000,0.000000000000000,0.000000000000000
ARCalhoun County,0.000000000000000,0.000000000000000,0.000000000000000,0.000000000000000,0.000000000000000
ARCarroll County,0.000000000000000,0.000000000000000,0.000000000000000,0.000000000000000,0.000000000000000
ARChicot County,0.000000000000000,0.000000000000000,0.000000000000000,0.000000000000000,0.000000000000000
ARClark County,0.000000000000000,0.000000000000000,0.000000000000000,0.000000000000000,0.000000000000000
ARClay County,0.000000000000000,0.000000000000000,0.000000000000000,0.000000000000000,0.000000000000000
ARCleburne County,0.000000000000000,0.000000000000000,0.000000000000000,0.000000000000000,0.000000000000000
ARCleveland County,0.000000000000000,0.000000000000000,0.000000000000000,0.000000000000000,0.000000000000000
ARColumbia County,0.000000000000000,0.000000000000000,0.000000000000000,0.000000000000000,0.000000000000000
ARConway County,0.000000000000000,0.000000000000000,0.000000000000000,0.000000000000000,0.000000000000000
ARCraighead County,0.000000000000000,0.000000000000000,0.000000000000000,0.000000000000000,0.000000000000000
ARCrawford County,0.000000000000000,0.000000000000000,0.000000000000000,0.000000000000000,0.000000000000000
ARCrittenden County,0.000000000000000,0.000000000000000,0.000000000000000,0.000000000000000,0.000000000000000
ARCross County,0.000000000000000,0.000000000000000,0.000000000000000,0.000000000000000,0.000000000000000
ARDallas County,0.000000000000000,0.000000000000000,0.000000000000000,0.000000000000000,0.000000000000000
ARDesha County,0.000000000000000,0.000000000000000,0.000000000000000,0.000000000000000,0.000000000000000
ARDrew County,0.000000000000000,0.000000000000000,0.000000000000000,0.000000000000000,0.000000000000000
ARFaulkner County,0.000000000000000,0.000000000000000,0.000000000000000,0.000000000000000,0.000000000000000
ARFranklin County,0.000000000000000,0.000000000000000,0.000000000000000,0.000000000000000,0.000000000000000
ARFulton County,0.000000000000000,0.000000000000000,0.000000000000000,0.000000000000000,0.000000000000000
ARGarland County,0.000000000000000,0.000000000000000,0.000000000000000,0.000000000000000,0.000000000000000
ARGrant County,0.000000000000000,0.000000000000000,0.000000000000000,0.000000000000000,0.000000000000000
ARGreene County,0.000000000000000,0.000000000000000,0.000000000000000,0.000000000000000,0.000000000000000
ARHempstead County,0.000000000000000,0.000000000000000,0.000000000000000,0.000000000000000,0.000000000000000
ARHot Spring County,0.000000000000000,0.000000000000000,0.000000000000000,0.000000000000000,0.000000000000000
ARHoward County,0.000000000000000,0.000000000000000,0.000000000000000,0.000000000000000,0.000000000000000
ARIndependence County,0.000000000000000,0.000000000000000,0.000000000000000,0.000000000000000,0.000000000000000
ARIzard County,0.000000000000000,0.000000000000000,0.000000000000000,0.000000000000000,0.000000000000000
ARJackson County,0.000000000000000,0.000000000000000,0.000000000000000,0.000000000000000,0.000000000000000
ARJefferson County,0.000000000000000,0.000000000000000,0.000000000000000,0.000000000000000,0.000000000000000
ARJohnson County,0.000000000000000,0.000000000000000,0.000000000000000,0.000000000000000,0.000000000000000
ARLafayette County,0.000000000000000,0.000000000000000,0.000000000000000,0.000000000000000,0.000000000000000
ARLawrence County,0.000000000000000,0.000000000000000,0.000000000000000,0.000000000000000,0.000000000000000
ARLee County,0.000000000000000,0.000000000000000,0.000000000000000,0.000000000000000,0.000000000000000
ARLincoln County,0.000000000000000,0.000000000000000,0.000000000000000,0.000000000000000,0.000000000000000
ARLittle River County,0.000000000000000,0.000000000000000,0.000000000000000,0.000000000000000,0.000000000000000
ARLogan County,0.000000000000000,0.000000000000000,0.000000000000000,0.000000000000000,0.000000000000000
ARLonoke County,0.000000000000000,0.000000000000000,0.000000000000000,0.000000000000000,0.000000000000000
ARMadison County,0.000000000000000,0.000000000000000,0.000000000000000,0.000000000000000,0.000000000000000
ARMarion County,0.000000000000000,0.000000000000000,0.000000000000000,0.000000000000000,0.000000000000000
ARMiller County,0.000000000000000,0.000000000000000,0.000000000000000,0.000000000000000,0.000000000000000
ARMississippi County,0.000000000000000,0.000000000000000,0.000000000000000,0.000000000000000,0.000000000000000
ARMonroe County,0.000000000000000,0.000000000000000,0.000000000000000,0.000000000000000,0.000000000000000
ARMontgomery County,0.000000000000000,0.000000000000000,0.000000000000000,0.000000000000000,0.000000000000000
ARNevada County,0.000000000000000,0.000000000000000,0.000000000000000,0.000000000000000,0.000000000000000
ARNewton County,0.000000000000000,0.000000000000000,0.000000000000000,0.000000000000000,0.000000000000000
AROuachita County,0.000000000000000,0.000000000000000,0.000000000000000,0.000000000000000,0.000000000000000
ARPerry County,0.000000000000000,0.000000000000000,0.000000000000000,0.000000000000000,0.000000000000000
ARPhillips County,0.000000000000000,0.000000000000000,0.000000000000000,0.000000000000000,0.000000000000000
ARPike County,0.000000000000000,0.000000000000000,0.000000000000000,0.000000000000000,0.000000000000000
ARPoinsett County,0.000000000000000,0.000000000000000,0.000000000000000,0.000000000000000,0.000000000000000
ARPolk County,0.000000000000000,0.000000000000000,0.000000000000000,0.000000000000000,0.000000000000000
ARPope County,0.000000000000000,0.000000000000000,0.000000000000000,0.000000000000000,0.000000000000000
ARPrairie County,0.000000000000000,0.000000000000000,0.000000000000000,0.000000000000000,0.000000000000000
ARPulaski County,0.000000000000000,0.000000000000000,0.000000000000000,0.000000000000000,0.000000000000000
ARRandolph County,0.000000000000000,0.000000000000000,0.000000000000000,0.000000000000000,0.000000000000000
ARSaline County,0.000000000000000,0.000000000000000,0.000000000000000,0.000000000000000,0.000000000000000
ARScott County,0.000000000000000,0.000000000000000,0.000000000000000,0.000000000000000,0.000000000000000
ARSearcy County,0.000000000000000,0.000000000000000,0.000000000000000,0.000000000000000,0.000000000000000
ARSebastian County,0.000000000000000,0.000000000000000,0.000000000000000,0.000000000000000,0.000000000000000
ARSevier County,0.000000000000000,0.000000000000000,0.000000000000000,0.000000000000000,0.000000000000000
ARSharp County,0.000000000000000,0.000000000000000,0.000000000000000,0.000000000000000,0.000000000000000
ARSt. Francis County,0.000000000000000,0.000000000000000,0.000000000000000,0.000000000000000,0.000000000000000
ARStone County,0.000000000000000,0.000000000000000,0.000000000000000,0.000000000000000,0.000000000000000
ARUnion County,0.000000000000000,0.000000000000000,0.000000000000000,0.000000000000000,0.000000000000000
ARVan Buren County,0.000000000000000,0.000000000000000,0.000000000000000,0.000000000000000,0.000000000000000
ARWashington County,0.000000000000000,0.000000000000000,0.000000000000000,0.000000000000000,0.000000000000000
ARWhite County,0.000000000000000,0.000000000000000,0.000000000000000,0.000000000000000,0.000000000000000
ARWoodruff County,0.000000000000000,0.000000000000000,0.000000000000000,0.000000000000000,0.000000000000000
ARYell County,0.000000000000000,0.000000000000000,0.000000000000000,0.000000000000000,0.000000000000000
AZApache County,0.000000000000000,0.000000000000000,0.000000000000000,0.000000000000000,0.000000000000000
AZCochise County,0.000000000000000,0.000000000000000,0.000000000000000,0.000000000000000,0.000000000000000
AZCoconino County,0.000000000000000,0.000000000000000,0.000000000000000,0.000000000000000,0.000000000000000
AZGila County,0.000000000000000,0.000000000000000,0.000000000000000,0.000000000000000,0.000000000000000
AZGraham County,0.000000000000000,0.000000000000000,0.000000000000000,0.000000000000000,0.000000000000000
AZGreenlee County,0.000000000000000,0.000000000000000,0.000000000000000,0.000000000000000,0.000000000000000
AZLa Paz County,0.000000000000000,0.000000000000000,0.000000000000000,0.000000000000000,0.000000000000000
AZMaricopa County,0.000000000000000,0.000000000000000,0.000000000000000,0.000000000000000,0.000000000000000
AZMohave County,0.000000000000000,0.000000000000000,0.000000000000000,0.000000000000000,0.000000000000000
AZNavajo County,0.000000000000000,0.000000000000000,0.000000000000000,0.000000000000000,0.000000000000000
AZPima County,0.000000000000000,0.000000000000000,0.000000000000000,0.000000000000000,0.000000000000000
AZPinal County,0.000000000000000,0.000000000000000,0.000000000000000,0.000000000000000,0.000000000000000
AZSanta Cruz County,0.000000000000000,0.000000000000000,0.000000000000000,0.000000000000000,0.000000000000000
AZYavapai County,0.000000000000000,0.000000000000000,0.000000000000000,0.000000000000000,0.000000000000000
AZYuma County,0.000000000000000,0.000000000000000,0.000000000000000,0.000000000000000,0.000000000000000
CAAlameda County,0.000000000000000,0.000000000000000,0.000000000000000,0.000000000000000,0.000000000000000
CAAlpine County,0.000000000000000,0.000000000000000,0.000000000000000,0.000000000000000,0.000000000000000
CAAmador County,0.000000000000000,0.000000000000000,0.000000000000000,0.000000000000000,0.000000000000000
CAButte County,0.000000000000000,0.000000000000000,0.000000000000000,0.000000000000000,0.000000000000000
CACalaveras County,0.000000000000000,0.000000000000000,0.000000000000000,0.000000000000000,0.000000000000000
CAColusa County,0.000000000000000,0.000000000000000,0.000000000000000,0.000000000000000,0.000000000000000
CAContra Costa County,0.000000000000000,0.000000000000000,0.000000000000000,0.000000000000000,0.000000000000000
CADel Norte County,0.000000000000000,0.000000000000000,0.000000000000000,0.000000000000000,0.000000000000000
CAEl Dorado County,0.000000000000000,0.000000000000000,0.000000000000000,0.000000000000000,0.000000000000000
CAFresno County,0.000000000000000,0.000000000000000,0.000000000000000,0.000000000000000,0.000000000000000
CAGlenn County,0.000000000000000,0.000000000000000,0.000000000000000,0.000000000000000,0.000000000000000
CAHumboldt County,0.000000000000000,0.000000000000000,0.000000000000000,0.000000000000000,0.000000000000000
CAImperial County,0.000000000000000,0.000000000000000,0.000000000000000,0.000000000000000,0.000000000000000
CAInyo County,0.000000000000000,0.000000000000000,0.000000000000000,0.000000000000000,0.000000000000000
CAKern County,0.000000000000000,0.000000000000000,0.000000000000000,0.000000000000000,0.000000000000000
CAKings County,0.000000000000000,0.000000000000000,0.000000000000000,0.000000000000000,0.000000000000000
CALake County,0.000000000000000,0.000000000000000,0.000000000000000,0.000000000000000,0.000000000000000
CALassen County,0.000000000000000,0.000000000000000,0.000000000000000,0.000000000000000,0.000000000000000
CALos Angeles County,0.000000000000000,0.000000000000000,0.000000000000000,0.000000000000000,0.000000000000000
CAMadera County,0.000000000000000,0.000000000000000,0.000000000000000,0.000000000000000,0.000000000000000
CAMarin County,0.000000000000000,0.000000000000000,0.000000000000000,0.000000000000000,0.000000000000000
CAMariposa County,0.000000000000000,0.000000000000000,0.000000000000000,0.000000000000000,0.000000000000000
CAMendocino County,0.000000000000000,0.000000000000000,0.000000000000000,0.000000000000000,0.000000000000000
CAMerced County,0.000000000000000,0.000000000000000,0.000000000000000,0.000000000000000,0.000000000000000
CAModoc County,0.000000000000000,0.000000000000000,0.000000000000000,0.000000000000000,0.000000000000000
CAMono County,0.000000000000000,0.000000000000000,0.000000000000000,0.000000000000000,0.000000000000000
CAMonterey County,0.000000000000000,0.000000000000000,0.000000000000000,0.000000000000000,0.000000000000000
CANapa County,0.000000000000000,0.000000000000000,0.000000000000000,0.000000000000000,0.000000000000000
CANevada County,0.000000000000000,0.000000000000000,0.000000000000000,0.000000000000000,0.000000000000000
CAOrange County,0.000000000000000,0.000000000000000,0.000000000000000,0.000000000000000,0.000000000000000
CAPlacer County,0.000000000000000,0.000000000000000,0.000000000000000,0.000000000000000,0.000000000000000
CAPlumas County,0.000000000000000,0.000000000000000,0.000000000000000,0.000000000000000,0.000000000000000
CARiverside County,0.000000000000000,0.000000000000000,0.000000000000000,0.000000000000000,0.000000000000000
CASacramento County,0.000000000000000,0.000000000000000,0.000000000000000,0.000000000000000,0.000000000000000
CASan Benito County,0.000000000000000,0.000000000000000,0.000000000000000,0.000000000000000,0.000000000000000
CASan Bernardino County,0.000000000000000,0.000000000000000,0.000000000000000,0.000000000000000,0.000000000000000
CASan Diego County,0.000000000000000,0.000000000000000,0.000000000000000,0.000000000000000,0.000000000000000
CASan Francisco County,0.000000000000000,0.000000000000000,0.000000000000000,0.000000000000000,0.000000000000000
CASan Joaquin County,0.000000000000000,0.000000000000000,0.000000000000000,0.000000000000000,0.000000000000000
CASan Luis Obispo County,0.000000000000000,0.000000000000000,0.000000000000000,0.000000000000000,0.000000000000000
CASan Mateo County,0.000000000000000,0.000000000000000,0.000000000000000,0.000000000000000,0.000000000000000
CASanta Barbara County,0.000000000000000,0.000000000000000,0.000000000000000,0.000000000000000,0.000000000000000
CASanta Clara County,0.000000000000000,0.000000000000000,0.000000000000000,0.000000000000000,0.000000000000000
CASanta Cruz County,0.000000000000000,0.000000000000000,0.000000000000000,0.000000000000000,0.000000000000000
CAShasta County,0.000000000000000,0.000000000000000,0.000000000000000,0.000000000000000,0.000000000000000
CASierra County,0.000000000000000,0.000000000000000,0.000000000000000,0.000000000000000,0.000000000000000
CASiskiyou County,0.000000000000000,0.000000000000000,0.000000000000000,0.000000000000000,0.000000000000000
CASolano County,0.000000000000000,0.000000000000000,0.000000000000000,0.000000000000000,0.000000000000000
CASonoma County,0.000000000000000,0.000000000000000,0.000000000000000,0.000000000000000,0.000000000000000
CAStanislaus County,0.000000000000000,0.000000000000000,0.000000000000000,0.000000000000000,0.000000000000000
CASutter County,0.000000000000000,0.000000000000000,0.000000000000000,0.000000000000000,0.000000000000000
CATehama County,0.000000000000000,0.000000000000000,0.000000000000000,0.000000000000000,0.000000000000000
CATrinity County,0.000000000000000,0.000000000000000,0.000000000000000,0.000000000000000,0.000000000000000
CATulare County,0.000000000000000,0.000000000000000,0.000000000000000,0.000000000000000,0.000000000000000
CATuolumne County,0.000000000000000,0.000000000000000,0.000000000000000,0.000000000000000,0.000000000000000
CAVentura County,0.000000000000000,0.000000000000000,0.000000000000000,0.000000000000000,0.000000000000000
CAYolo County,0.000000000000000,0.000000000000000,0.000000000000000,0.000000000000000,0.000000000000000
CAYuba County,0.000000000000000,0.000000000000000,0.000000000000000,0.000000000000000,0.000000000000000
COAdams County,0.000000000000000,0.000000000000000,0.000000000000000,0.000000000000000,0.000000000000000
COAlamosa County,0.000000000000000,0.000000000000000,0.000000000000000,0.000000000000000,0.000000000000000
COArapahoe County,0.000000000000000,0.000000000000000,0.000000000000000,0.000000000000000,0.000000000000000
COArchuleta County,0.000000000000000,0.000000000000000,0.000000000000000,0.000000000000000,0.000000000000000
COBaca County,0.000000000000000,0.000000000000000,0.000000000000000,0.000000000000000,0.000000000000000
COBent County,0.000000000000000,0.000000000000000,0.000000000000000,0.000000000000000,0.000000000000000
COBoulder County,0.000000000000000,0.000000000000000,0.000000000000000,0.000000000000000,0.000000000000000
COBroomfield County,0.000000000000000,0.000000000000000,0.000000000000000,0.000000000000000,0.000000000000000
COChaffee County,0.000000000000000,0.000000000000000,0.000000000000000,0.000000000000000,0.000000000000000
COCheyenne County,0.000000000000000,0.000000000000000,0.000000000000000,0.000000000000000,0.000000000000000
COClear Creek County,0.000000000000000,0.000000000000000,0.000000000000000,0.000000000000000,0.000000000000000
COConejos County,0.000000000000000,0.000000000000000,0.000000000000000,0.000000000000000,0.000000000000000
COCostilla County,0.000000000000000,0.000000000000000,0.000000000000000,0.000000000000000,0.000000000000000
COCrowley County,0.000000000000000,0.000000000000000,0.000000000000000,0.000000000000000,0.000000000000000
COCuster County,0.000000000000000,0.000000000000000,0.000000000000000,0.000000000000000,0.000000000000000
CODelta County,0.000000000000000,0.000000000000000,0.000000000000000,0.000000000000000,0.000000000000000
CODenver County,0.000000000000000,0.000000000000000,0.000000000000000,0.000000000000000,0.000000000000000
CODolores County,0.000000000000000,0.000000000000000,0.000000000000000,0.000000000000000,0.000000000000000
CODouglas County,0.000000000000000,0.000000000000000,0.000000000000000,0.000000000000000,0.000000000000000
COEagle County,0.000000000000000,0.000000000000000,0.000000000000000,0.000000000000000,0.000000000000000
COEl Paso County,0.000000000000000,0.000000000000000,0.000000000000000,0.000000000000000,0.000000000000000
COElbert County,0.000000000000000,0.000000000000000,0.000000000000000,0.000000000000000,0.000000000000000
COFremont County,0.000000000000000,0.000000000000000,0.000000000000000,0.000000000000000,0.000000000000000
COGarfield County,0.000000000000000,0.000000000000000,0.000000000000000,0.000000000000000,0.000000000000000
COGilpin County,0.000000000000000,0.000000000000000,0.000000000000000,0.000000000000000,0.000000000000000
COGrand County,0.000000000000000,0.000000000000000,0.000000000000000,0.000000000000000,0.000000000000000
COGunnison County,0.000000000000000,0.000000000000000,0.000000000000000,0.000000000000000,0.000000000000000
COHinsdale County,0.000000000000000,0.000000000000000,0.000000000000000,0.000000000000000,0.000000000000000
COHuerfano County,0.000000000000000,0.000000000000000,0.000000000000000,0.000000000000000,0.000000000000000
COJackson County,0.000000000000000,0.000000000000000,0.000000000000000,0.000000000000000,0.000000000000000
COJefferson County,0.000000000000000,0.000000000000000,0.000000000000000,0.000000000000000,0.000000000000000
COKiowa County,0.000000000000000,0.000000000000000,0.000000000000000,0.000000000000000,0.000000000000000
COKit Carson County,0.000000000000000,0.000000000000000,0.000000000000000,0.000000000000000,0.000000000000000
COLa Plata County,0.000000000000000,0.000000000000000,0.000000000000000,0.000000000000000,0.000000000000000
COLake County,0.000000000000000,0.000000000000000,0.000000000000000,0.000000000000000,0.000000000000000
COLarimer County,0.000000000000000,0.000000000000000,0.000000000000000,0.000000000000000,0.000000000000000
COLas Animas County,0.000000000000000,0.000000000000000,0.000000000000000,0.000000000000000,0.000000000000000
COLincoln County,0.000000000000000,0.000000000000000,0.000000000000000,0.000000000000000,0.000000000000000
COLogan County,0.000000000000000,0.000000000000000,0.000000000000000,0.000000000000000,0.000000000000000
COMesa County,0.000000000000000,0.000000000000000,0.000000000000000,0.000000000000000,0.000000000000000
COMineral County,0.000000000000000,0.000000000000000,0.000000000000000,0.000000000000000,0.000000000000000
COMoffat County,0.000000000000000,0.000000000000000,0.000000000000000,0.000000000000000,0.000000000000000
COMontezuma County,0.000000000000000,0.000000000000000,0.000000000000000,0.000000000000000,0.000000000000000
COMontrose County,0.000000000000000,0.000000000000000,0.000000000000000,0.000000000000000,0.000000000000000
COMorgan County,0.000000000000000,0.000000000000000,0.000000000000000,0.000000000000000,0.000000000000000
COOtero County,0.000000000000000,0.000000000000000,0.000000000000000,0.000000000000000,0.000000000000000
COOuray County,0.000000000000000,0.000000000000000,0.000000000000000,0.000000000000000,0.000000000000000
COPark County,0.000000000000000,0.000000000000000,0.000000000000000,0.000000000000000,0.000000000000000
COPhillips County,0.000000000000000,0.000000000000000,0.000000000000000,0.000000000000000,0.000000000000000
COPitkin County,0.000000000000000,0.000000000000000,0.000000000000000,0.000000000000000,0.000000000000000
COProwers County,0.000000000000000,0.000000000000000,0.000000000000000,0.000000000000000,0.000000000000000
COPueblo County,0.000000000000000,0.000000000000000,0.000000000000000,0.000000000000000,0.000000000000000
CORio Blanco County,0.000000000000000,0.000000000000000,0.000000000000000,0.000000000000000,0.000000000000000
CORio Grande County,0.000000000000000,0.000000000000000,0.000000000000000,0.000000000000000,0.000000000000000
CORoutt County,0.000000000000000,0.000000000000000,0.000000000000000,0.000000000000000,0.000000000000000
COSaguache County,0.000000000000000,0.000000000000000,0.000000000000000,0.000000000000000,0.000000000000000
COSan Juan County,0.000000000000000,0.000000000000000,0.000000000000000,0.000000000000000,0.000000000000000
COSan Miguel County,0.000000000000000,0.000000000000000,0.000000000000000,0.000000000000000,0.000000000000000
COSedgwick County,0.000000000000000,0.000000000000000,0.000000000000000,0.000000000000000,0.000000000000000
COSummit County,0.000000000000000,0.000000000000000,0.000000000000000,0.000000000000000,0.000000000000000
COTeller County,0.000000000000000,0.000000000000000,0.000000000000000,0.000000000000000,0.000000000000000
COWashington County,0.000000000000000,0.000000000000000,0.000000000000000,0.000000000000000,0.000000000000000
COWeld County,0.000000000000000,0.000000000000000,0.000000000000000,0.000000000000000,0.000000000000000
COYuma County,0.000000000000000,0.000000000000000,0.000000000000000,0.000000000000000,0.000000000000000
CTFairfield County,0.000000000000000,-0.146387880753083,-0.078936438269536,0.066281529825797,0.156370290049479
CTHartford County,0.000000000000000,-0.343024239088697,-0.194688229155480,0.163497078281674,0.361525334758378
CTLitchfield County,0.000000000000000,-0.361765018120964,-0.212017544143241,0.177709617578198,0.377330828544781
CTMiddlesex County,0.000000000000000,-0.303672199432836,-0.163280789132530,0.137247151109814,0.325085159919422
CTNew Haven County,0.000000000000000,-0.306299911635217,-0.166836512168301,0.140045046935482,0.326419600376626
CTNew London County,0.000000000000000,-0.269853061326392,-0.143193437100791,0.120488913979049,0.289964179517896
CTTolland County,0.000000000000000,-0.354410602613699,-0.205096898138467,0.172499640808291,0.371707371403002
CTWindham County,0.000000000000000,-0.351807888037655,-0.202550370067355,0.170528828664307,0.369739805919899
DCDistrict Of Columbia,0.000000000000000,-0.313132370717733,-0.195031479163915,0.162416474069867,0.319883002103412
DEKent County,0.000000000000000,-0.196067794812830,-0.112072933787063,0.093684129377926,0.205806159686426
DENew Castle County,0.000000000000000,-0.178834205206661,-0.107092095557612,0.089455658696861,0.185109736531346
DESussex County,0.000000000000000,-0.211362389375758,-0.113891484930086,0.095110975103391,0.226021799816517
FLAlachua County,0.000000000000000,-0.289316083136616,-0.153562754836929,0.128201329352953,0.311286289954064
FLBaker County,0.000000000000000,-0.320540866640074,-0.177505448218678,0.148562444257885,0.339531600413066
FLBay County,0.000000000000000,-0.188706020232668,-0.094617290778303,0.078796659967159,0.206912948008540
FLBradford County,0.000000000000000,-0.307231893365889,-0.167871779514053,0.140466226027516,0.327949550761667
FLBrevard County,0.000000000000000,-0.148192503542690,-0.069666501495607,0.057892003659590,0.166045035451312
FLBroward County,0.000000000000000,-0.159918268102701,-0.070145429262675,0.058136584253390,0.183282690006953
FLCalhoun County,0.000000000000000,-0.282659884023379,-0.155055185332592,0.129858307819482,0.301755392725957
FLCharlotte County,0.000000000000000,-0.078241302001693,-0.035644651903506,0.029605439759230,0.087623181276905
FLCitrus County,0.000000000000000,-0.090184098711564,-0.044580842972932,0.037257971571206,0.098691579206496
FLClay County,0.000000000000000,-0.294785102732651,-0.160052606937118,0.133598048117983,0.315581290839439
FLCollier County,0.000000000000000,-0.071161019615697,-0.031542465353379,0.026101198235957,0.081557887168571
FLColumbia County,0.000000000000000,-0.295970621161861,-0.159617291169992,0.133453849735323,0.316463457858402
FLDesoto County,0.000000000000000,-0.253262245595241,-0.123401391224525,0.103002799819008,0.278725004475028
FLDixie County,0.000000000000000,-0.035912794066502,-0.017512156210003,0.014537980195221,0.039688252585388
FLDuval County,0.000000000000000,-0.186006251719823,-0.098244972136819,0.081951227509683,0.200876909602555
FLEscambia County,0.000000000000000,-0.180760851048280,-0.087006095364726,0.072337740503913,0.201074218650965
FLFlagler County,0.000000000000000,-0.173904187099616,-0.088399543186879,0.073688838586149,0.190215901157052
FLFranklin County,0.000000000000000,-0.107032380848267,-0.051324169164178,0.042639753725616,0.119128258712715
FLGadsden County,0.000000000000000,-0.294136136024862,-0.162345437089380,0.135147244651635,0.314462266148003
FLGilchrist County,0.000000000000000,-0.263221694732664,-0.132008222488310,0.110131484369653,0.286416044393308
FLGlades County,0.000000000000000,-0.217108335003726,-0.100076853749543,0.083358960897039,0.243244586577577
FLGulf County,0.000000000000000,-0.183176718507730,-0.094869024775924,0.079232827118488,0.199715698344031
FLHamilton County,0.000000000000000,-0.308905130019717,-0.169671674461476,0.142243920338470,0.328635129314517
FLHardee County,0.000000000000000,-0.258901428012964,-0.128509621448325,0.107279327509793,0.284167811403477
FLHendry County,0.000000000000000,-0.217263311093069,-0.100394182197155,0.083592157304123,0.243713822745762
FLHernando County,0.000000000000000,-0.163519456023053,-0.082357011331983,0.068843198834923,0.178068143160327
FLHighlands County,0.000000000000000,-0.230063985091348,-0.109693081999052,0.091359825937193,0.255979648414317
FLHillsborough County,0.000000000000000,-0.110201287410207,-0.053926583516367,0.045024610406912,0.120899234141041
FLHolmes County,0.000000000000000,-0.278755710337675,-0.148386499557982,0.124055374810010,0.299154820584252
FLIndian River County,0.000000000000000,-0.142602530589709,-0.065431016326808,0.054290490609571,0.161298425396356
FLJackson County,0.000000000000000,-0.291423267547684,-0.158799993891761,0.132699663953243,0.310933663009501
FLJefferson County,0.000000000000000,-0.148013618244156,-0.080326330643520,0.066898451980356,0.159546552932405
FLLafayette County,0.000000000000000,-0.284209157224428,-0.152172963796941,0.126840447818410,0.304563110473707
FLLake County,0.000000000000000,-0.272135120891233,-0.138403595518592,0.115773073454396,0.296085794409660
FLLee County,0.000000000000000,-0.093225034433269,-0.042286610668455,0.035099039546824,0.105071736973961
FLLeon County,0.000000000000000,-0.264002793126987,-0.142889035087256,0.118909233187021,0.284909516219159
FLLevy County,0.000000000000000,-0.055933564580343,-0.027626042020150,0.023022025975505,0.061559146521051
FLLiberty County,0.000000000000000,-0.279487656161163,-0.151629075030953,0.126485459704689,0.299730904784034
FLMadison County,0.000000000000000,-0.293106554853438,-0.161138113099356,0.134562068445579,0.312310630012130
FLManatee County,0.000000000000000,-0.128754087845955,-0.058831121273743,0.048785001236940,0.144782483571833
FLMarion County,0.000000000000000,-0.286476057366222,-0.149663391063387,0.125561990672374,0.309235744590386
FLMartin County,0.000000000000000,-0.154907756040919,-0.068013772370562,0.056325929309158,0.177606751202664
FLMiami-Dade County,0.000000000000000,-0.124872979457579,-0.053519800554319,0.044211813928456,0.144079975617703
FLMonroe County,0.000000000000000,-0.053096226268253,-0.022394824362737,0.018499469044300,0.062078901686757
FLNassau County,0.000000000000000,-0.201280880074181,-0.104865098504202,0.087571295403948,0.217785087535616
FLOkaloosa County,0.000000000000000,-0.184097924684790,-0.088399530067783,0.073328728611835,0.206242898049711
FLOkeechobee County,0.000000000000000,-0.195554069115687,-0.088653286367472,0.073683075533925,0.220552258083117
FLOrange County,0.000000000000000,-0.272211021261575,-0.138640863823302,0.115854874406594,0.296474957829703
FLOsceola County,0.000000000000000,-0.255841897465433,-0.127950284601562,0.106757505692413,0.280531781443132
FLPalm Beach County,0.000000000000000,-0.164831718052841,-0.072363238705679,0.059832348207160,0.189325647307141
FLPasco County,0.000000000000000,-0.128927498027833,-0.063270728737785,0.052843021360315,0.141180166397183
FLPinellas County,0.000000000000000,-0.104798747496618,-0.048958895632474,0.040700809635583,0.116655893808189
FLPolk County,0.000000000000000,-0.257402965787321,-0.127598494475735,0.106465466930521,0.282826672582277
FLPutnam County,0.000000000000000,-0.287197917448301,-0.154743818820563,0.129311088688791,0.308122501990103
FLSanta Rosa County,0.000000000000000,-0.171094298634707,-0.080778308343642,0.067095451027356,0.191107457614670
FLSarasota County,0.000000000000000,-0.143973440504958,-0.066932678681217,0.055546955357707,0.161423636607189
FLSeminole County,0.000000000000000,-0.277498373670279,-0.143604643896712,0.120277958723960,0.300470036844572
FLSt. Johns County,0.000000000000000,-0.077999794870216,-0.041067417051166,0.034266051332790,0.084260585321389
FLSt. Lucie County,0.000000000000000,-0.164291208873540,-0.074985615203238,0.062232447378848,0.185954495824679
FLSumter County,0.000000000000000,-0.282191579092075,-0.144954552198019,0.121318515729202,0.305701707822131
FLSuwannee County,0.000000000000000,-0.281337594677092,-0.147941535480061,0.123524001830219,0.302871806094557
FLTaylor County,0.000000000000000,-0.178278826491081,-0.095527965685884,0.079758651185936,0.191171907169312
FLUnion County,0.000000000000000,-0.302280896172480,-0.164310834980428,0.137841105449247,0.322198373245722
FLVolusia County,0.000000000000000,-0.138167897635128,-0.070124547218016,0.058602005795481,0.150717673609686
FLWakulla County,0.000000000000000,-0.027460849900543,-0.014141487052214,0.011785487752000,0.029933894162465
FLWalton County,0.000000000000000,-0.173371313945149,-0.083849438261215,0.069803406248584,0.193454749351369
FLWashington County,0.000000000000000,-0.254573453525642,-0.132302097686238,0.110496833858981,0.275325197402931
GAAppling County,0.000000000000000,-0.342817743064113,-0.196123061636882,0.164180442960813,0.360024463496290
GAAtkinson County,0.000000000000000,-0.354979055993700,-0.207215707805182,0.173171822600003,0.370623928752580
GABacon County,0.000000000000000,-0.341642088230425,-0.194840996460694,0.163180078832610,0.359281574046176
GABaker County,0.000000000000000,-0.339187767600921,-0.195004368270563,0.162803508411410,0.355995989002423
GABaldwin County,0.000000000000000,-0.386916274586263,-0.236916274586263,0.197624858634517,0.397624858634516
GABanks County,0.000000000000000,-0.392861245126760,-0.242861245126760,0.202350683628594,0.402350683628594
GABarrow County,0.000000000000000,-0.385479042396317,-0.235479042396318,0.195956263475214,0.395956263475215
GABartow County,0.000000000000000,-0.394181262922992,-0.244181262922993,0.203347036671950,0.403347036671949
GABen Hill County,0.000000000000000,-0.366726050949922,-0.218236445646120,0.182031281824157,0.380138187711089
GABerrien County,0.000000000000000,-0.353938404640551,-0.207338084277914,0.173359929412026,0.369311986961756
GABibb County,0.000000000000000,-0.385407601922382,-0.235438931545957,0.196234403506739,0.396187409071376
GABleckley County,0.000000000000000,-0.372262882109846,-0.223873309154787,0.186899480399760,0.384642068192948
GABrantley County,0.000000000000000,-0.316759380806947,-0.175965075549334,0.147196518828051,0.336218973941563
GABrooks County,0.000000000000000,-0.321693026289162,-0.182132111108457,0.152515393937448,0.339197708142264
GABryan County,0.000000000000000,-0.224225511853825,-0.120493839575096,0.100671245270707,0.240144673559377
GABulloch County,0.000000000000000,-0.328119963168083,-0.183903400590292,0.153582882803347,0.347428197167780
GABurke County,0.000000000000000,-0.350688009178987,-0.202582342368902,0.169319152273290,0.367370663189772
GAButts County,0.000000000000000,-0.394057542047147,-0.244076169969651,0.203806035519955,0.403778093636200
GACalhoun County,0.000000000000000,-0.345398245732233,-0.199015405048932,0.166214389030357,0.361881146322356
GACamden County,0.000000000000000,-0.159210539595982,-0.084210212673159,0.070431251930942,0.171593588046264
GACandler County,0.000000000000000,-0.333193910975264,-0.188836707860058,0.157524934402780,0.351877849388916
GACarroll County,0.000000000000000,-0.402158595210980,-0.252167821936960,0.210053320979508,0.410039480890537
GACatoosa County,0.000000000000000,-0.390232196513904,-0.240232196513904,0.199506630045233,0.399506630045233
GACharlton County,0.000000000000000,-0.325917548509595,-0.180792647413096,0.151499320779677,0.345353253106924
GAChatham County,0.000000000000000,-0.136368313203905,-0.070067985899743,0.058485917362419,0.148857906113390
GAChattahoochee County,0.000000000000000,-0.385787157898175,-0.236283071077741,0.197258613777753,0.396803404851628
GAChattooga County,0.000000000000000,-0.405581747218830,-0.255581747218830,0.212234282564477,0.412234282564476
GACherokee County,0.000000000000000,-0.395518149452891,-0.245518149452891,0.204371247148614,0.404371247148614
GAClarke County,0.000000000000000,-0.383541733956899,-0.233554223439242,0.194401345946242,0.394382611722728
GAClay County,0.000000000000000,-0.346609515418054,-0.199560374808959,0.166607878828293,0.363054749895242
GAClayton County,0.000000000000000,-0.402574742083280,-0.252584894106796,0.210652190763661,0.410636962728388
GAClinch County,0.000000000000000,-0.353292321878305,-0.205076307768422,0.171603354350869,0.369292592280692
GACobb County,0.000000000000000,-0.401125075745504,-0.251125075745504,0.209399068407649,0.409399068407648
GACoffee County,0.000000000000000,-0.358155341618512,-0.210304348615273,0.175658626787423,0.373073327556964
GAColquitt County,0.000000000000000,-0.337631237408090,-0.195106357613030,0.162935707982513,0.353534273750371
GAColumbia County,0.000000000000000,-0.366490891374866,-0.217791121329508,0.181598179292288,0.379784570901064
GACook County,0.000000000000000,-0.344679614173460,-0.199768400469897,0.166912405886224,0.361014419301848
GACoweta County,0.000000000000000,-0.398580018913115,-0.248590238208005,0.207314307295093,0.407298978352758
GACrawford County,0.000000000000000,-0.384239799863129,-0.234395846869014,0.195623110896862,0.395389040388034
GACrisp County,0.000000000000000,-0.365564488496937,-0.218113758243800,0.181888108778504,0.378902172267175
GADade County,0.000000000000000,-0.396756396139521,-0.246756396139521,0.205128808340402,0.405128808340402
GADawson County,0.000000000000000,-0.395999718365449,-0.245999718365449,0.204655929857777,0.404655929857775
GADecatur County,0.000000000000000,-0.321749041451715,-0.181223240138982,0.151422159624022,0.340601354837309
GADekalb County,0.000000000000000,-0.401321055123656,-0.251321055123656,0.209649345101024,0.409649345101024
GADodge County,0.000000000000000,-0.375819724352502,-0.227097830409342,0.189285597620835,0.387603121418141
GADooly County,0.000000000000000,-0.363384698640949,-0.215820539395911,0.180232416797615,0.377177142587717
GADougherty County,0.000000000000000,-0.357623192208779,-0.211802544738478,0.176578378403975,0.372028443789777
GADouglas County,0.000000000000000,-0.404654781609535,-0.254654781609535,0.212144309643642,0.412144309643641
GAEarly County,0.000000000000000,-0.335763553734044,-0.191314411680200,0.159892906961116,0.353325698128297
GAEchols County,0.000000000000000,-0.354874435418716,-0.206998043040321,0.173263595785142,0.370761989982821
GAEffingham County,0.000000000000000,-0.312431339484467,-0.169698277241704,0.141462712847418,0.333499346522612
GAElbert County,0.000000000000000,-0.381395509183593,-0.231443919538820,0.192523350599282,0.392450735066443
GAEmanuel County,0.000000000000000,-0.353747812583552,-0.206155388313123,0.172035159750438,0.369526375768691
GAEvans County,0.000000000000000,-0.330205771685888,-0.185791710071133,0.154842647568582,0.349220459384768
GAFannin County,0.000000000000000,-0.404731461720404,-0.254731461720404,0.212432584972243,0.412432584972243
GAFayette County,0.000000000000000,-0.398876411050989,-0.248891660442109,0.207563833232919,0.407540959146239
GAFloyd County,0.000000000000000,-0.402846555599354,-0.252846555599354,0.210647774513970,0.410647774513970
GAForsyth County,0.000000000000000,-0.391650149415639,-0.241717745719187,0.201396198581328,0.401294804126006
GAFranklin County,0.000000000000000,-0.385816190427979,-0.236065608754835,0.196669047362345,0.396294919872060
GAFulton County,0.000000000000000,-0.402059373175844,-0.252059373175844,0.210188333286394,0.410188333286392
GAGilmer County,0.000000000000000,-0.398301967509473,-0.248301967509473,0.206444564088790,0.406444564088790
GAGlascock County,0.000000000000000,-0.383148076682521,-0.233402898324256,0.194763213574784,0.394380981112182
GAGlynn County,0.000000000000000,-0.090135666318237,-0.044952854236535,0.037554779652567,0.098905471222224
GAGordon County,0.000000000000000,-0.393590808238430,-0.243590808238430,0.202584069814727,0.402584069814726
GAGrady County,0.000000000000000,-0.315160698371635,-0.176724633295961,0.147625834386370,0.334620724362670
GAGreene County,0.000000000000000,-0.387495262978219,-0.237495262978218,0.197979754380437,0.397979754380437
GAGwinnett County,0.000000000000000,-0.396053122007805,-0.246063265757977,0.205141455220208,0.405126239594951
GAHabersham County,0.000000000000000,-0.400953437514245,-0.250953437514245,0.209046041061889,0.409046041061889
GAHall County,0.000000000000000,-0.389857989476543,-0.239912709019173,0.199825990974853,0.399743911660908
GAHancock County,0.000000000000000,-0.386467271001145,-0.236568810441806,0.197313487336256,0.397161178175264
GAHaralson County,0.000000000000000,-0.405996809387597,-0.255996809387597,0.212969964940169,0.412969964940169
GAHarris County,0.000000000000000,-0.388633565061636,-0.239031034033297,0.199579243604658,0.399187207034755
GAHart County,0.000000000000000,-0.384113806279780,-0.234333008025939,0.195195261598695,0.394866458979457
GAHeard County,0.000000000000000,-0.398556846579966,-0.248556846579965,0.207230925779751,0.407230925779750
GAHenry County,0.000000000000000,-0.396158529634849,-0.246178378908120,0.205540816963913,0.405511043054008
GAHouston County,0.000000000000000,-0.377163243736454,-0.227749416013939,0.189869437538054,0.389132105745632
GAIrwin County,0.000000000000000,-0.359623283428544,-0.212190115724416,0.177177436121043,0.374269443416920
GAJackson County,0.000000000000000,-0.388207494163320,-0.238207494163320,0.198348911724629,0.398348911724629
GAJasper County,0.000000000000000,-0.392118949062668,-0.242122852962157,0.202137260362559,0.402131404513326
GAJeff Davis County,0.000000000000000,-0.357888752318530,-0.210133569264978,0.175653664256179,0.372729024162021
GAJefferson County,0.000000000000000,-0.370535985664364,-0.221196744317478,0.184629783399804,0.383731700678707
GAJenkins County,0.000000000000000,-0.350290295816488,-0.202499438242944,0.169270817416063,0.367150909638437
GAJohnson County,0.000000000000000,-0.371716708603199,-0.222736345628497,0.185935596317385,0.384455233926521
GAJones County,0.000000000000000,-0.389148789332797,-0.239157036558889,0.199570936732922,0.399558565893784
GALamar County,0.000000000000000,-0.387606448312054,-0.237623830337170,0.198163492680716,0.398137419643041
GALanier County,0.000000000000000,-0.352747745633113,-0.205212617071745,0.171809773378348,0.368607828635992
GALaurens County,0.000000000000000,-0.375066705133190,-0.225895225020030,0.188377500537839,0.387197123884072
GALee County,0.000000000000000,-0.356837268261117,-0.209544627242932,0.174942904386536,0.371898405906885
GALiberty County,0.000000000000000,-0.226337826820258,-0.121799371812498,0.101727726109719,0.242190518077810
GALincoln County,0.000000000000000,-0.365215773583391,-0.216480502598375,0.180392637636666,0.378495544114191
GALong County,0.000000000000000,-0.323347623176426,-0.178842215548967,0.149672174058577,0.342641802927591
GALowndes County,0.000000000000000,-0.343945151457894,-0.198461215937973,0.166335938806326,0.360588439945391
GALumpkin County,0.000000000000000,-0.404282398559939,-0.254282398559939,0.212031467548335,0.412031467548334
GAMacon County,0.000000000000000,-0.372014049758681,-0.223451356784570,0.186509864410592,0.384682932114304
GAMadison County,0.000000000000000,-0.383457718222444,-0.233584305415730,0.194199620615052,0.394009739825124
GAMarion County,0.000000000000000,-0.379500002388732,-0.230378649221761,0.192267399445482,0.391218024747036
GAMcduffie County,0.000000000000000,-0.370816804034908,-0.221656927673323,0.184833102245257,0.383572916787634
GAMcintosh County,0.000000000000000,-0.046596741927067,-0.023491717089385,0.019617597701764,0.051091434862382
GAMeriwether County,0.000000000000000,-0.392570642634572,-0.242618652909626,0.202416801510067,0.402344786097484
GAMiller County,0.000000000000000,-0.335123695531063,-0.190903716784425,0.159609629711801,0.352529922910539
GAMitchell County,0.000000000000000,-0.334865515913703,-0.193322251307845,0.161387683326064,0.351971706691795
GAMonroe County,0.000000000000000,-0.385414133088965,-0.235449933032775,0.196264054481135,0.396210354565420
GAMontgomery County,0.000000000000000,-0.354266723242372,-0.206055484001462,0.172174679553444,0.369728469938327
GAMorgan County,0.000000000000000,-0.388330594557024,-0.238330594557024,0.198719037813688,0.398719037813688
GAMurray County,0.000000000000000,-0.388456660049692,-0.238456660049692,0.198199532778032,0.398199532778031
GAMuscogee County,0.000000000000000,-0.384404429415611,-0.235002740339848,0.196328806092107,0.395752653772720
GANewton County,0.000000000000000,-0.395234497880936,-0.245234497880936,0.204597762514657,0.404597762514657
GAOconee County,0.000000000000000,-0.385084500342332,-0.235084500342332,0.195749597392060,0.395749597392059
GAOglethorpe County,0.000000000000000,-0.381465406914464,-0.231541972708201,0.192540169768958,0.392425321078352
GAPaulding County,0.000000000000000,-0.401339033255026,-0.251339033255026,0.209398661680485,0.409398661680485
GAPeach County,0.000000000000000,-0.372663067415228,-0.223315068054445,0.186284905331826,0.385482057832503
GAPickens County,0.000000000000000,-0.398340520379380,-0.248340520379380,0.206715422861096,0.406715422861096
GAPierce County,0.000000000000000,-0.323634177317584,-0.179949717505743,0.150613677296084,0.342732146117210
GAPike County,0.000000000000000,-0.389798311935452,-0.239815539064329,0.200062477673117,0.400036636979801
GAPolk County,0.000000000000000,-0.401965907161624,-0.251965907161624,0.209888424755447,0.409888424755448
GAPulaski County,0.000000000000000,-0.372034987080436,-0.223845330902625,0.186588982286980,0.384143048078105
GAPutnam County,0.000000000000000,-0.385451984160708,-0.235451984160708,0.196194431796348,0.396194431796348
GAQuitman County,0.000000000000000,-0.366868528569223,-0.217524108467745,0.181776619368499,0.380985724130611
GARabun County,0.000000000000000,-0.411318392093043,-0.261318392093043,0.217374591125112,0.417374591125112
GARandolph County,0.000000000000000,-0.355904172888366,-0.207709344298309,0.173462607732908,0.371115041749951
GARichmond County,0.000000000000000,-0.360476446204813,-0.212240257568413,0.177225329158243,0.374937500744716
GARockdale County,0.000000000000000,-0.399381026335054,-0.249381026335054,0.208043939606629,0.408043939606630
GASchley County,0.000000000000000,-0.378060561501060,-0.228695283934664,0.190902124308770,0.390249605809833
GAScreven County,0.000000000000000,-0.331103289597230,-0.185547794747275,0.155079398069011,0.350226126928386
GASeminole County,0.000000000000000,-0.327268378527777,-0.185032288734671,0.154918942869993,0.345512328626189
GASpalding County,0.000000000000000,-0.393968948574306,-0.243987420131801,0.203659093568362,0.403631386232120
GAStephens County,0.000000000000000,-0.394642031340462,-0.244832050291454,0.204105613507750,0.403820585081262
GAStewart County,0.000000000000000,-0.374092846221756,-0.224481125566710,0.187553832837870,0.387114616264854
GASumter County,0.000000000000000,-0.361814159749923,-0.213842073307549,0.178575308229045,0.376149755147059
GATalbot County,0.000000000000000,-0.388627687838277,-0.239438624578641,0.199781526363753,0.398782696202987
GATaliaferro County,0.000000000000000,-0.384513536441202,-0.234513536441202,0.195221020169262,0.395221020169262
GATattnall County,0.000000000000000,-0.331402979806350,-0.186475136743988,0.155753037878272,0.350468925328391
GATaylor County,0.000000000000000,-0.380513067344766,-0.231588231269828,0.193187858276902,0.391790605772309
GATelfair County,0.000000000000000,-0.372393118638964,-0.223854251036351,0.186786671740369,0.384857017581349
GATerrell County,0.000000000000000,-0.357643347439499,-0.209480336305076,0.174849440108626,0.372655685302571
GAThomas County,0.000000000000000,-0.317553913586393,-0.179991069556304,0.150417029877784,0.336119099376575
GATift County,0.000000000000000,-0.350752714728145,-0.205088569978759,0.171191657312009,0.366442605682214
GAToombs County,0.000000000000000,-0.343132658725430,-0.196489835741605,0.164014314428347,0.360444534887316
GATowns County,0.000000000000000,-0.408762435399493,-0.258762435399493,0.215418810021963,0.415418810021963
GATreutlen County,0.000000000000000,-0.361448949975450,-0.212738303905285,0.177608648756970,0.375738225344544
GATroup County,0.000000000000000,-0.389203115994882,-0.239284890859665,0.199810160221644,0.399687497924471
GATurner County,0.000000000000000,-0.358022425844087,-0.211723109282781,0.176503081194888,0.372553303654920
GATwiggs County,0.000000000000000,-0.382920591145046,-0.233245717970414,0.194396911419544,0.393909221181492
GAUnion County,0.000000000000000,-0.409013962009255,-0.259013962009255,0.215775615399946,0.415775615399947
GAUpson County,0.000000000000000,-0.387830700180648,-0.237906255866574,0.198446705234635,0.398333371705745
GAWalker County,0.000000000000000,-0.393280217027254,-0.243280217027254,0.201935281217251,0.401935281217251
GAWalton County,0.000000000000000,-0.390762427606879,-0.240762427606878,0.200712853058077,0.400712853058077
GAWare County,0.000000000000000,-0.334068500250609,-0.189467218532792,0.158675994082583,0.352011173255215
GAWarren County,0.000000000000000,-0.377524598772391,-0.227854010151293,0.189912258617231,0.389418141548879
GAWashington County,0.000000000000000,-0.384409494602063,-0.234558116829696,0.195412161115891,0.395189227774442
GAWayne County,0.000000000000000,-0.323339045944013,-0.179540632602092,0.150330384872377,0.342556585239886
GAWebster County,0.000000000000000,-0.367385539933875,-0.218050461366289,0.182070572691183,0.381367267415407
GAWheeler County,0.000000000000000,-0.370352378786189,-0.221566653286421,0.185062827423293,0.383362565369274
GAWhite County,0.000000000000000,-0.405423818688845,-0.255423818688845,0.212829551446415,0.412829551446416
GAWhitfield County,0.000000000000000,-0.387361233018125,-0.238139075226059,0.198001372856017,0.396834609544115
GAWilcox County,0.000000000000000,-0.370694803423774,-0.222519382297887,0.185622494693433,0.383327382469260
GAWilkes County,0.000000000000000,-0.374029651823557,-0.225445974604146,0.187607378683759,0.385482894512878
GAWilkinson County,0.000000000000000,-0.383304876833497,-0.233529207016733,0.194680694268865,0.394344198994012
GAWorth County,0.000000000000000,-0.354569204852791,-0.209075661767443,0.174423699178020,0.369299789304931
HIHawaii County,0.000000000000000,-0.198078513861553,-0.091003810993367,0.075526728400009,0.224130759494951
HIHonolulu County,0.000000000000000,-0.159132141569891,-0.069616405535012,0.057643149900810,0.182702635215017
HIKalawao County,0.000000000000000,-0.184020112225324,-0.083952987210809,0.069701145050583,0.207372101039327
HIKauai County,0.000000000000000,-0.148114840471241,-0.064573135416845,0.053479980684884,0.170749179338692
HIMaui County,0.000000000000000,-0.155147456042241,-0.067924614817257,0.056236127318562,0.177900954503500
IAAdair County,0.000000000000000,0.000000000000000,0.000000000000000,0.000000000000000,0.000000000000000
IAAdams County,0.000000000000000,0.000000000000000,0.000000000000000,0.000000000000000,0.000000000000000
IAAllamakee County,0.000000000000000,0.000000000000000,0.000000000000000,0.000000000000000,0.000000000000000
IAAppanoose County,0.000000000000000,0.000000000000000,0.000000000000000,0.000000000000000,0.000000000000000
IAAudubon County,0.000000000000000,0.000000000000000,0.000000000000000,0.000000000000000,0.000000000000000
IABenton County,0.000000000000000,0.000000000000000,0.000000000000000,0.000000000000000,0.000000000000000
IABlack Hawk County,0.000000000000000,0.000000000000000,0.000000000000000,0.000000000000000,0.000000000000000
IABoone County,0.000000000000000,0.000000000000000,0.000000000000000,0.000000000000000,0.000000000000000
IABremer County,0.000000000000000,0.000000000000000,0.000000000000000,0.000000000000000,0.000000000000000
IABuchanan County,0.000000000000000,0.000000000000000,0.000000000000000,0.000000000000000,0.000000000000000
IABuena Vista County,0.000000000000000,0.000000000000000,0.000000000000000,0.000000000000000,0.000000000000000
IAButler County,0.000000000000000,0.000000000000000,0.000000000000000,0.000000000000000,0.000000000000000
IACalhoun County,0.000000000000000,0.000000000000000,0.000000000000000,0.000000000000000,0.000000000000000
IACarroll County,0.000000000000000,0.000000000000000,0.000000000000000,0.000000000000000,0.000000000000000
IACass County,0.000000000000000,0.000000000000000,0.000000000000000,0.000000000000000,0.000000000000000
IACedar County,0.000000000000000,0.000000000000000,0.000000000000000,0.000000000000000,0.000000000000000
IACerro Gordo County,0.000000000000000,0.000000000000000,0.000000000000000,0.000000000000000,0.000000000000000
IACherokee County,0.000000000000000,0.000000000000000,0.000000000000000,0.000000000000000,0.000000000000000
IAChickasaw County,0.000000000000000,0.000000000000000,0.000000000000000,0.000000000000000,0.000000000000000
IAClarke County,0.000000000000000,0.000000000000000,0.000000000000000,0.000000000000000,0.000000000000000
IAClay County,0.000000000000000,0.000000000000000,0.000000000000000,0.000000000000000,0.000000000000000
IAClayton County,0.000000000000000,0.000000000000000,0.000000000000000,0.000000000000000,0.000000000000000
IAClinton County,0.000000000000000,0.000000000000000,0.000000000000000,0.000000000000000,0.000000000000000
IACrawford County,0.000000000000000,0.000000000000000,0.000000000000000,0.000000000000000,0.000000000000000
IADallas County,0.000000000000000,0.000000000000000,0.000000000000000,0.000000000000000,0.000000000000000
IADavis County,0.000000000000000,0.000000000000000,0.000000000000000,0.000000000000000,0.000000000000000
IADecatur County,0.000000000000000,0.000000000000000,0.000000000000000,0.000000000000000,0.000000000000000
IADelaware County,0.000000000000000,0.000000000000000,0.000000000000000,0.000000000000000,0.000000000000000
IADes Moines County,0.000000000000000,0.000000000000000,0.000000000000000,0.000000000000000,0.000000000000000
IADickinson County,0.000000000000000,0.000000000000000,0.000000000000000,0.000000000000000,0.000000000000000
IADubuque County,0.000000000000000,0.000000000000000,0.000000000000000,0.000000000000000,0.000000000000000
IAEmmet County,0.000000000000000,0.000000000000000,0.000000000000000,0.000000000000000,0.000000000000000
IAFayette County,0.000000000000000,0.000000000000000,0.000000000000000,0.000000000000000,0.000000000000000
IAFloyd County,0.000000000000000,0.000000000000000,0.000000000000000,0.000000000000000,0.000000000000000
IAFranklin County,0.000000000000000,0.000000000000000,0.000000000000000,0.000000000000000,0.000000000000000
IAFremont County,0.000000000000000,0.000000000000000,0.000000000000000,0.000000000000000,0.000000000000000
IAGreene County,0.000000000000000,0.000000000000000,0.000000000000000,0.000000000000000,0.000000000000000
IAGrundy County,0.000000000000000,0.000000000000000,0.000000000000000,0.000000000000000,0.000000000000000
IAGuthrie County,0.000000000000000,0.000000000000000,0.000000000000000,0.000000000000000,0.000000000000000
IAHamilton County,0.000000000000000,0.000000000000000,0.000000000000000,0.000000000000000,0.000000000000000
IAHancock County,0.000000000000000,0.000000000000000,0.000000000000000,0.000000000000000,0.000000000000000
IAHardin County,0.000000000000000,0.000000000000000,0.000000000000000,0.000000000000000,0.000000000000000
IAHarrison County,0.000000000000000,0.000000000000000,0.000000000000000,0.000000000000000,0.000000000000000
IAHenry County,0.000000000000000,0.000000000000000,0.000000000000000,0.000000000000000,0.000000000000000
IAHoward County,0.000000000000000,0.000000000000000,0.000000000000000,0.000000000000000,0.000000000000000
IAHumboldt County,0.000000000000000,0.000000000000000,0.000000000000000,0.000000000000000,0.000000000000000
IAIda County,0.000000000000000,0.000000000000000,0.000000000000000,0.000000000000000,0.000000000000000
IAIowa County,0.000000000000000,0.000000000000000,0.000000000000000,0.000000000000000,0.000000000000000
IAJackson County,0.000000000000000,0.000000000000000,0.000000000000000,0.000000000000000,0.000000000000000
IAJasper County,0.000000000000000,0.000000000000000,0.000000000000000,0.000000000000000,0.000000000000000
IAJefferson County,0.000000000000000,0.000000000000000,0.000000000000000,0.000000000000000,0.000000000000000
IAJohnson County,0.000000000000000,0.000000000000000,0.000000000000000,0.000000000000000,0.000000000000000
IAJones County,0.000000000000000,0.000000000000000,0.000000000000000,0.000000000000000,0.000000000000000
IAKeokuk County,0.000000000000000,0.000000000000000,0.000000000000000,0.000000000000000,0.000000000000000
IAKossuth County,0.000000000000000,0.000000000000000,0.000000000000000,0.000000000000000,0.000000000000000
IALee County,0.000000000000000,0.000000000000000,0.000000000000000,0.000000000000000,0.000000000000000
IALinn County,0.000000000000000,0.000000000000000,0.000000000000000,0.000000000000000,0.000000000000000
IALouisa County,0.000000000000000,0.000000000000000,0.000000000000000,0.000000000000000,0.000000000000000
IALucas County,0.000000000000000,0.000000000000000,0.000000000000000,0.000000000000000,0.000000000000000
IALyon County,0.000000000000000,0.000000000000000,0.000000000000000,0.000000000000000,0.000000000000000
IAMadison County,0.000000000000000,0.000000000000000,0.000000000000000,0.000000000000000,0.000000000000000
IAMahaska County,0.000000000000000,0.000000000000000,0.000000000000000,0.000000000000000,0.000000000000000
IAMarion County,0.000000000000000,0.000000000000000,0.000000000000000,0.000000000000000,0.000000000000000
IAMarshall County,0.000000000000000,0.000000000000000,0.000000000000000,0.000000000000000,0.000000000000000
IAMills County,0.000000000000000,0.000000000000000,0.000000000000000,0.000000000000000,0.000000000000000
IAMitchell County,0.000000000000000,0.000000000000000,0.000000000000000,0.000000000000000,0.000000000000000
IAMonona County,0.000000000000000,0.000000000000000,0.000000000000000,0.000000000000000,0.000000000000000
IAMonroe County,0.000000000000000,0.000000000000000,0.000000000000000,0.000000000000000,0.000000000000000
IAMontgomery County,0.000000000000000,0.000000000000000,0.000000000000000,0.000000000000000,0.000000000000000
IAMuscatine County,0.000000000000000,0.000000000000000,0.000000000000000,0.000000000000000,0.000000000000000
IAO'Brien County,0.000000000000000,0.000000000000000,0.000000000000000,0.000000000000000,0.000000000000000
IAOsceola County,0.000000000000000,0.000000000000000,0.000000000000000,0.000000000000000,0.000000000000000
IAPage County,0.000000000000000,0.000000000000000,0.000000000000000,0.000000000000000,0.000000000000000
IAPalo Alto County,0.000000000000000,0.000000000000000,0.000000000000000,0.000000000000000,0.000000000000000
IAPlymouth County,0.000000000000000,0.000000000000000,0.000000000000000,0.000000000000000,0.000000000000000
IAPocahontas County,0.000000000000000,0.000000000000000,0.000000000000000,0.000000000000000,0.000000000000000
IAPolk County,0.000000000000000,0.000000000000000,0.000000000000000,0.000000000000000,0.000000000000000
IAPottawattamie County,0.000000000000000,0.000000000000000,0.000000000000000,0.000000000000000,0.000000000000000
IAPoweshiek County,0.000000000000000,0.000000000000000,0.000000000000000,0.000000000000000,0.000000000000000
IARinggold County,0.000000000000000,0.000000000000000,0.000000000000000,0.000000000000000,0.000000000000000
IASac County,0.000000000000000,0.000000000000000,0.000000000000000,0.000000000000000,0.000000000000000
IAScott County,0.000000000000000,0.000000000000000,0.000000000000000,0.000000000000000,0.000000000000000
IAShelby County,0.000000000000000,0.000000000000000,0.000000000000000,0.000000000000000,0.000000000000000
IASioux County,0.000000000000000,0.000000000000000,0.000000000000000,0.000000000000000,0.000000000000000
IAStory County,0.000000000000000,0.000000000000000,0.000000000000000,0.000000000000000,0.000000000000000
IATama County,0.000000000000000,0.000000000000000,0.000000000000000,0.000000000000000,0.000000000000000
IATaylor County,0.000000000000000,0.000000000000000,0.000000000000000,0.000000000000000,0.000000000000000
IAUnion County,0.000000000000000,0.000000000000000,0.000000000000000,0.000000000000000,0.000000000000000
IAVan Buren County,0.000000000000000,0.000000000000000,0.000000000000000,0.000000000000000,0.000000000000000
IAWapello County,0.000000000000000,0.000000000000000,0.000000000000000,0.000000000000000,0.000000000000000
IAWarren County,0.000000000000000,0.000000000000000,0.000000000000000,0.000000000000000,0.000000000000000
IAWashington County,0.000000000000000,0.000000000000000,0.000000000000000,0.000000000000000,0.000000000000000
IAWayne County,0.000000000000000,0.000000000000000,0.000000000000000,0.000000000000000,0.000000000000000
IAWebster County,0.000000000000000,0.000000000000000,0.000000000000000,0.000000000000000,0.000000000000000
IAWinnebago County,0.000000000000000,0.000000000000000,0.000000000000000,0.000000000000000,0.000000000000000
IAWinneshiek County,0.000000000000000,0.000000000000000,0.000000000000000,0.000000000000000,0.000000000000000
IAWoodbury County,0.000000000000000,0.000000000000000,0.000000000000000,0.000000000000000,0.000000000000000
IAWorth County,0.000000000000000,0.000000000000000,0.000000000000000,0.000000000000000,0.000000000000000
IAWright County,0.000000000000000,0.000000000000000,0.000000000000000,0.000000000000000,0.000000000000000
IDAda County,0.000000000000000,0.000000000000000,0.000000000000000,0.000000000000000,0.000000000000000
IDAdams County,0.000000000000000,0.000000000000000,0.000000000000000,0.000000000000000,0.000000000000000
IDBannock County,0.000000000000000,0.000000000000000,0.000000000000000,0.000000000000000,0.000000000000000
IDBear Lake County,0.000000000000000,0.000000000000000,0.000000000000000,0.000000000000000,0.000000000000000
IDBenewah County,0.000000000000000,0.000000000000000,0.000000000000000,0.000000000000000,0.000000000000000
IDBingham County,0.000000000000000,0.000000000000000,0.000000000000000,0.000000000000000,0.000000000000000
IDBlaine County,0.000000000000000,0.000000000000000,0.000000000000000,0.000000000000000,0.000000000000000
IDBoise County,0.000000000000000,0.000000000000000,0.000000000000000,0.000000000000000,0.000000000000000
IDBonner County,0.000000000000000,0.000000000000000,0.000000000000000,0.000000000000000,0.000000000000000
IDBonneville County,0.000000000000000,0.000000000000000,0.000000000000000,0.000000000000000,0.000000000000000
IDBoundary County,0.000000000000000,0.000000000000000,0.000000000000000,0.000000000000000,0.000000000000000
IDButte County,0.000000000000000,0.000000000000000,0.000000000000000,0.000000000000000,0.000000000000000
IDCamas County,0.000000000000000,0.000000000000000,0.000000000000000,0.000000000000000,0.000000000000000
IDCanyon County,0.000000000000000,0.000000000000000,0.000000000000000,0.000000000000000,0.000000000000000
IDCaribou County,0.000000000000000,0.000000000000000,0.000000000000000,0.000000000000000,0.000000000000000
IDCassia County,0.000000000000000,0.000000000000000,0.000000000000000,0.000000000000000,0.000000000000000
IDClark County,0.000000000000000,0.000000000000000,0.000000000000000,0.000000000000000,0.000000000000000
IDClearwater County,0.000000000000000,0.000000000000000,0.000000000000000,0.000000000000000,0.000000000000000
IDCuster County,0.000000000000000,0.000000000000000,0.000000000000000,0.000000000000000,0.000000000000000
IDElmore County,0.000000000000000,0.000000000000000,0.000000000000000,0.000000000000000,0.000000000000000
IDFranklin County,0.000000000000000,0.000000000000000,0.000000000000000,0.000000000000000,0.000000000000000
IDFremont County,0.000000000000000,0.000000000000000,0.000000000000000,0.000000000000000,0.000000000000000
IDGem County,0.000000000000000,0.000000000000000,0.000000000000000,0.000000000000000,0.000000000000000
IDGooding County,0.000000000000000,0.000000000000000,0.000000000000000,0.000000000000000,0.000000000000000
IDIdaho County,0.000000000000000,0.000000000000000,0.000000000000000,0.000000000000000,0.000000000000000
IDJefferson County,0.000000000000000,0.000000000000000,0.000000000000000,0.000000000000000,0.000000000000000
IDJerome County,0.000000000000000,0.000000000000000,0.000000000000000,0.000000000000000,0.000000000000000
IDKootenai County,0.000000000000000,0.000000000000000,0.000000000000000,0.000000000000000,0.000000000000000
IDLatah County,0.000000000000000,0.000000000000000,0.000000000000000,0.000000000000000,0.000000000000000
IDLemhi County,0.000000000000000,0.000000000000000,0.000000000000000,0.000000000000000,0.000000000000000
IDLewis County,0.000000000000000,0.000000000000000,0.000000000000000,0.000000000000000,0.000000000000000
IDLincoln County,0.000000000000000,0.000000000000000,0.000000000000000,0.000000000000000,0.000000000000000
IDMadison County,0.000000000000000,0.000000000000000,0.000000000000000,0.000000000000000,0.000000000000000
IDMinidoka County,0.000000000000000,0.000000000000000,0.000000000000000,0.000000000000000,0.000000000000000
IDNez Perce County,0.000000000000000,0.000000000000000,0.000000000000000,0.000000000000000,0.000000000000000
IDOneida County,0.000000000000000,0.000000000000000,0.000000000000000,0.000000000000000,0.000000000000000
IDOwyhee County,0.000000000000000,0.000000000000000,0.000000000000000,0.000000000000000,0.000000000000000
IDPayette County,0.000000000000000,0.000000000000000,0.000000000000000,0.000000000000000,0.000000000000000
IDPower County,0.000000000000000,0.000000000000000,0.000000000000000,0.000000000000000,0.000000000000000
IDShoshone County,0.000000000000000,0.000000000000000,0.000000000000000,0.000000000000000,0.000000000000000
IDTeton County,0.000000000000000,0.000000000000000,0.000000000000000,0.000000000000000,0.000000000000000
IDTwin Falls County,0.000000000000000,0.000000000000000,0.000000000000000,0.000000000000000,0.000000000000000
IDValley County,0.000000000000000,0.000000000000000,0.000000000000000,0.000000000000000,0.000000000000000
IDWashington County,0.000000000000000,0.000000000000000,0.000000000000000,0.000000000000000,0.000000000000000
ILAdams County,0.000000000000000,0.000000000000000,0.000000000000000,0.000000000000000,0.000000000000000
ILAlexander County,0.000000000000000,0.000000000000000,0.000000000000000,0.000000000000000,0.000000000000000
ILBond County,0.000000000000000,0.000000000000000,0.000000000000000,0.000000000000000,0.000000000000000
ILBoone County,0.000000000000000,0.000000000000000,0.000000000000000,0.000000000000000,0.000000000000000
ILBrown County,0.000000000000000,0.000000000000000,0.000000000000000,0.000000000000000,0.000000000000000
ILBureau County,0.000000000000000,0.000000000000000,0.000000000000000,0.000000000000000,0.000000000000000
ILCalhoun County,0.000000000000000,0.000000000000000,0.000000000000000,0.000000000000000,0.000000000000000
ILCarroll County,0.000000000000000,0.000000000000000,0.000000000000000,0.000000000000000,0.000000000000000
ILCass County,0.000000000000000,0.000000000000000,0.000000000000000,0.000000000000000,0.000000000000000
ILChampaign County,0.000000000000000,0.000000000000000,0.000000000000000,0.000000000000000,0.000000000000000
ILChristian County,0.000000000000000,0.000000000000000,0.000000000000000,0.000000000000000,0.000000000000000
ILClark County,0.000000000000000,0.000000000000000,0.000000000000000,0.000000000000000,0.000000000000000
ILClay County,0.000000000000000,0.000000000000000,0.000000000000000,0.000000000000000,0.000000000000000
ILClinton County,0.000000000000000,0.000000000000000,0.000000000000000,0.000000000000000,0.000000000000000
ILColes County,0.000000000000000,0.000000000000000,0.000000000000000,0.000000000000000,0.000000000000000
ILCook County,0.000000000000000,0.000000000000000,0.000000000000000,0.000000000000000,0.000000000000000
ILCrawford County,0.000000000000000,0.000000000000000,0.000000000000000,0.000000000000000,0.000000000000000
ILCumberland County,0.000000000000000,0.000000000000000,0.000000000000000,0.000000000000000,0.000000000000000
ILDe Witt County,0.000000000000000,0.000000000000000,0.000000000000000,0.000000000000000,0.000000000000000
ILDekalb County,0.000000000000000,0.000000000000000,0.000000000000000,0.000000000000000,0.000000000000000
ILDouglas County,0.000000000000000,0.000000000000000,0.000000000000000,0.000000000000000,0.000000000000000
ILDupage County,0.000000000000000,0.000000000000000,0.000000000000000,0.000000000000000,0.000000000000000
ILEdgar County,0.000000000000000,0.000000000000000,0.000000000000000,0.000000000000000,0.000000000000000
ILEdwards County,0.000000000000000,0.000000000000000,0.000000000000000,0.000000000000000,0.000000000000000
ILEffingham County,0.000000000000000,0.000000000000000,0.000000000000000,0.000000000000000,0.000000000000000
ILFayette County,0.000000000000000,0.000000000000000,0.000000000000000,0.000000000000000,0.000000000000000
ILFord County,0.000000000000000,0.000000000000000,0.000000000000000,0.000000000000000,0.000000000000000
ILFranklin County,0.000000000000000,0.000000000000000,0.000000000000000,0.000000000000000,0.000000000000000
ILFulton County,0.000000000000000,0.000000000000000,0.000000000000000,0.000000000000000,0.000000000000000
ILGallatin County,0.000000000000000,0.000000000000000,0.000000000000000,0.000000000000000,0.000000000000000
ILGreene County,0.000000000000000,0.000000000000000,0.000000000000000,0.000000000000000,0.000000000000000
ILGrundy County,0.000000000000000,0.000000000000000,0.000000000000000,0.000000000000000,0.000000000000000
ILHamilton County,0.000000000000000,0.000000000000000,0.000000000000000,0.000000000000000,0.000000000000000
ILHancock County,0.000000000000000,0.000000000000000,0.000000000000000,0.000000000000000,0.000000000000000
ILHardin County,0.000000000000000,0.000000000000000,0.000000000000000,0.000000000000000,0.000000000000000
ILHenderson County,0.000000000000000,0.000000000000000,0.000000000000000,0.000000000000000,0.000000000000000
ILHenry County,0.000000000000000,0.000000000000000,0.000000000000000,0.000000000000000,0.000000000000000
ILIroquois County,0.000000000000000,0.000000000000000,0.000000000000000,0.000000000000000,0.000000000000000
ILJackson County,0.000000000000000,0.000000000000000,0.000000000000000,0.000000000000000,0.000000000000000
ILJasper County,0.000000000000000,0.000000000000000,0.000000000000000,0.000000000000000,0.000000000000000
ILJefferson County,0.000000000000000,0.000000000000000,0.000000000000000,0.000000000000000,0.000000000000000
ILJersey County,0.000000000000000,0.000000000000000,0.000000000000000,0.000000000000000,0.000000000000000
ILJo Daviess County,0.000000000000000,0.000000000000000,0.000000000000000,0.000000000000000,0.000000000000000
ILJohnson County,0.000000000000000,0.000000000000000,0.000000000000000,0.000000000000000,0.000000000000000
ILKane County,0.000000000000000,0.000000000000000,0.000000000000000,0.000000000000000,0.000000000000000
ILKankakee County,0.000000000000000,0.000000000000000,0.000000000000000,0.000000000000000,0.000000000000000
ILKendall County,0.000000000000000,0.000000000000000,0.000000000000000,0.000000000000000,0.000000000000000
ILKnox County,0.000000000000000,0.000000000000000,0.000000000000000,0.000000000000000,0.000000000000000
ILLa Salle County,0.000000000000000,0.000000000000000,0.000000000000000,0.000000000000000,0.000000000000000
ILLake County,0.000000000000000,0.000000000000000,0.000000000000000,0.000000000000000,0.000000000000000
ILLawrence County,0.000000000000000,0.000000000000000,0.000000000000000,0.000000000000000,0.000000000000000
ILLee County,0.000000000000000,0.000000000000000,0.000000000000000,0.000000000000000,0.000000000000000
ILLivingston County,0.000000000000000,0.000000000000000,0.000000000000000,0.000000000000000,0.000000000000000
ILLogan County,0.000000000000000,0.000000000000000,0.000000000000000,0.000000000000000,0.000000000000000
ILMacon County,0.000000000000000,0.000000000000000,0.000000000000000,0.000000000000000,0.000000000000000
ILMacoupin County,0.000000000000000,0.000000000000000,0.000000000000000,0.000000000000000,0.000000000000000
ILMadison County,0.000000000000000,0.000000000000000,0.000000000000000,0.000000000000000,0.000000000000000
ILMarion County,0.000000000000000,0.000000000000000,0.000000000000000,0.000000000000000,0.000000000000000
ILMarshall County,0.000000000000000,0.000000000000000,0.000000000000000,0.000000000000000,0.000000000000000
ILMason County,0.000000000000000,0.000000000000000,0.000000000000000,0.000000000000000,0.000000000000000
ILMassac County,0.000000000000000,0.000000000000000,0.000000000000000,0.000000000000000,0.000000000000000
ILMcdonough County,0.000000000000000,0.000000000000000,0.000000000000000,0.000000000000000,0.000000000000000
ILMchenry County,0.000000000000000,0.000000000000000,0.000000000000000,0.000000000000000,0.000000000000000
ILMclean County,0.000000000000000,0.000000000000000,0.000000000000000,0.000000000000000,0.000000000000000
ILMenard County,0.000000000000000,0.000000000000000,0.000000000000000,0.000000000000000,0.000000000000000
ILMercer County,0.000000000000000,0.000000000000000,0.000000000000000,0.000000000000000,0.000000000000000
ILMonroe County,0.000000000000000,0.000000000000000,0.000000000000000,0.000000000000000,0.000000000000000
ILMontgomery County,0.000000000000000,0.000000000000000,0.000000000000000,0.000000000000000,0.000000000000000
ILMorgan County,0.000000000000000,0.000000000000000,0.000000000000000,0.000000000000000,0.000000000000000
ILMoultrie County,0.000000000000000,0.000000000000000,0.000000000000000,0.000000000000000,0.000000000000000
ILOgle County,0.000000000000000,0.000000000000000,0.000000000000000,0.000000000000000,0.000000000000000
ILPeoria County,0.000000000000000,0.000000000000000,0.000000000000000,0.000000000000000,0.000000000000000
ILPerry County,0.000000000000000,0.000000000000000,0.000000000000000,0.000000000000000,0.000000000000000
ILPiatt County,0.000000000000000,0.000000000000000,0.000000000000000,0.000000000000000,0.000000000000000
ILPike County,0.000000000000000,0.000000000000000,0.000000000000000,0.000000000000000,0.000000000000000
ILPope County,0.000000000000000,0.000000000000000,0.000000000000000,0.000000000000000,0.000000000000000
ILPulaski County,0.000000000000000,0.000000000000000,0.000000000000000,0.000000000000000,0.000000000000000
ILPutnam County,0.000000000000000,0.000000000000000,0.000000000000000,0.000000000000000,0.000000000000000
ILRandolph County,0.000000000000000,0.000000000000000,0.000000000000000,0.000000000000000,0.000000000000000
ILRichland County,0.000000000000000,0.000000000000000,0.000000000000000,0.000000000000000,0.000000000000000
ILRock Island County,0.000000000000000,0.000000000000000,0.000000000000000,0.000000000000000,0.000000000000000
ILSaline County,0.000000000000000,0.000000000000000,0.000000000000000,0.000000000000000,0.000000000000000
ILSangamon County,0.000000000000000,0.000000000000000,0.000000000000000,0.000000000000000,0.000000000000000
ILSchuyler County,0.000000000000000,0.000000000000000,0.000000000000000,0.000000000000000,0.000000000000000
ILScott County,0.000000000000000,0.000000000000000,0.000000000000000,0.000000000000000,0.000000000000000
ILShelby County,0.000000000000000,0.000000000000000,0.000000000000000,0.000000000000000,0.000000000000000
ILSt. Clair County,0.000000000000000,0.000000000000000,0.000000000000000,0.000000000000000,0.000000000000000
ILStark County,0.000000000000000,0.000000000000000,0.000000000000000,0.000000000000000,0.000000000000000
ILStephenson County,0.000000000000000,0.000000000000000,0.000000000000000,0.000000000000000,0.000000000000000
ILTazewell County,0.000000000000000,0.000000000000000,0.000000000000000,0.000000000000000,0.000000000000000
ILUnion County,0.000000000000000,0.000000000000000,0.000000000000000,0.000000000000000,0.000000000000000
ILVermilion County,0.000000000000000,0.000000000000000,0.000000000000000,0.000000000000000,0.000000000000000
ILWabash County,0.000000000000000,0.000000000000000,0.000000000000000,0.000000000000000,0.000000000000000
ILWarren County,0.000000000000000,0.000000000000000,0.000000000000000,0.000000000000000,0.000000000000000
ILWashington County,0.000000000000000,0.000000000000000,0.000000000000000,0.000000000000000,0.000000000000000
ILWayne County,0.000000000000000,0.000000000000000,0.000000000000000,0.000000000000000,0.000000000000000
ILWhite County,0.000000000000000,0.000000000000000,0.000000000000000,0.000000000000000,0.000000000000000
ILWhiteside County,0.000000000000000,0.000000000000000,0.000000000000000,0.000000000000000,0.000000000000000
ILWill County,0.000000000000000,0.000000000000000,0.000000000000000,0.000000000000000,0.000000000000000
ILWilliamson County,0.000000000000000,0.000000000000000,0.000000000000000,0.000000000000000,0.000000000000000
ILWinnebago County,0.000000000000000,0.000000000000000,0.000000000000000,0.000000000000000,0.000000000000000
ILWoodford County,0.000000000000000,0.000000000000000,0.000000000000000,0.000000000000000,0.000000000000000
INAdams County,0.000000000000000,0.000000000000000,0.000000000000000,0.000000000000000,0.000000000000000
INAllen County,0.000000000000000,0.000000000000000,0.000000000000000,0.000000000000000,0.000000000000000
INBartholomew County,0.000000000000000,0.000000000000000,0.000000000000000,0.000000000000000,0.000000000000000
INBenton County,0.000000000000000,0.000000000000000,0.000000000000000,0.000000000000000,0.000000000000000
INBlackford County,0.000000000000000,0.000000000000000,0.000000000000000,0.000000000000000,0.000000000000000
INBoone County,0.000000000000000,0.000000000000000,0.000000000000000,0.000000000000000,0.000000000000000
INBrown County,0.000000000000000,0.000000000000000,0.000000000000000,0.000000000000000,0.000000000000000
INCarroll County,0.000000000000000,0.000000000000000,0.000000000000000,0.000000000000000,0.000000000000000
INCass County,0.000000000000000,0.000000000000000,0.000000000000000,0.000000000000000,0.000000000000000
INClark County,0.000000000000000,0.000000000000000,0.000000000000000,0.000000000000000,0.000000000000000
INClay County,0.000000000000000,0.000000000000000,0.000000000000000,0.000000000000000,0.000000000000000
INClinton County,0.000000000000000,0.000000000000000,0.000000000000000,0.000000000000000,0.000000000000000
INCrawford County,0.000000000000000,0.000000000000000,0.000000000000000,0.000000000000000,0.000000000000000
INDaviess County,0.000000000000000,0.000000000000000,0.000000000000000,0.000000000000000,0.000000000000000
INDearborn County,0.000000000000000,0.000000000000000,0.000000000000000,0.000000000000000,0.000000000000000
INDecatur County,0.000000000000000,0.000000000000000,0.000000000000000,0.000000000000000,0.000000000000000
INDekalb County,0.000000000000000,0.000000000000000,0.000000000000000,0.000000000000000,0.000000000000000
INDelaware County,0.000000000000000,0.000000000000000,0.000000000000000,0.000000000000000,0.000000000000000
INDubois County,0.000000000000000,0.000000000000000,0.000000000000000,0.000000000000000,0.000000000000000
INElkhart County,0.000000000000000,0.000000000000000,0.000000000000000,0.000000000000000,0.000000000000000
INFayette County,0.000000000000000,0.000000000000000,0.000000000000000,0.000000000000000,0.000000000000000
INFloyd County,0.000000000000000,0.000000000000000,0.000000000000000,0.000000000000000,0.000000000000000
INFountain County,0.000000000000000,0.000000000000000,0.000000000000000,0.000000000000000,0.000000000000000
INFranklin County,0.000000000000000,0.000000000000000,0.000000000000000,0.000000000000000,0.000000000000000
INFulton County,0.000000000000000,0.000000000000000,0.000000000000000,0.000000000000000,0.000000000000000
INGibson County,0.000000000000000,0.000000000000000,0.000000000000000,0.000000000000000,0.000000000000000
INGrant County,0.000000000000000,0.000000000000000,0.000000000000000,0.000000000000000,0.000000000000000
INGreene County,0.000000000000000,0.000000000000000,0.000000000000000,0.000000000000000,0.000000000000000
INHamilton County,0.000000000000000,0.000000000000000,0.000000000000000,0.000000000000000,0.000000000000000
INHancock County,0.000000000000000,0.000000000000000,0.000000000000000,0.000000000000000,0.000000000000000
INHarrison County,0.000000000000000,0.000000000000000,0.000000000000000,0.000000000000000,0.000000000000000
INHendricks County,0.000000000000000,0.000000000000000,0.000000000000000,0.000000000000000,0.000000000000000
INHenry County,0.000000000000000,0.000000000000000,0.000000000000000,0.000000000000000,0.000000000000000
INHoward County,0.000000000000000,0.000000000000000,0.000000000000000,0.000000000000000,0.000000000000000
INHuntington County,0.000000000000000,0.000000000000000,0.000000000000000,0.000000000000000,0.000000000000000
INJackson County,0.000000000000000,0.000000000000000,0.000000000000000,0.000000000000000,0.000000000000000
INJasper County,0.000000000000000,0.000000000000000,0.000000000000000,0.000000000000000,0.000000000000000
INJay County,0.000000000000000,0.000000000000000,0.000000000000000,0.000000000000000,0.000000000000000
INJefferson County,0.000000000000000,0.000000000000000,0.000000000000000,0.000000000000000,0.000000000000000
INJennings County,0.000000000000000,0.000000000000000,0.000000000000000,0.000000000000000,0.000000000000000
INJohnson County,0.000000000000000,0.000000000000000,0.000000000000000,0.000000000000000,0.000000000000000
INKnox County,0.000000000000000,0.000000000000000,0.000000000000000,0.000000000000000,0.000000000000000
INKosciusko County,0.000000000000000,0.000000000000000,0.000000000000000,0.000000000000000,0.000000000000000
INLagrange County,0.000000000000000,0.000000000000000,0.000000000000000,0.000000000000000,0.000000000000000
INLake County,0.000000000000000,0.000000000000000,0.000000000000000,0.000000000000000,0.000000000000000
INLaporte County,0.000000000000000,0.000000000000000,0.000000000000000,0.000000000000000,0.000000000000000
INLawrence County,0.000000000000000,0.000000000000000,0.000000000000000,0.000000000000000,0.000000000000000
INMadison County,0.000000000000000,0.000000000000000,0.000000000000000,0.000000000000000,0.000000000000000
INMarion County,0.000000000000000,0.000000000000000,0.000000000000000,0.000000000000000,0.000000000000000
INMarshall County,0.000000000000000,0.000000000000000,0.000000000000000,0.000000000000000,0.000000000000000
INMartin County,0.000000000000000,0.000000000000000,0.000000000000000,0.000000000000000,0.000000000000000
INMiami County,0.000000000000000,0.000000000000000,0.000000000000000,0.000000000000000,0.000000000000000
INMonroe County,0.000000000000000,0.000000000000000,0.000000000000000,0.000000000000000,0.000000000000000
INMontgomery County,0.000000000000000,0.000000000000000,0.000000000000000,0.000000000000000,0.000000000000000
INMorgan County,0.000000000000000,0.000000000000000,0.000000000000000,0.000000000000000,0.000000000000000
INNewton County,0.000000000000000,0.000000000000000,0.000000000000000,0.000000000000000,0.000000000000000
INNoble County,0.000000000000000,0.000000000000000,0.000000000000000,0.000000000000000,0.000000000000000
INOhio County,0.000000000000000,0.000000000000000,0.000000000000000,0.000000000000000,0.000000000000000
INOrange County,0.000000000000000,0.000000000000000,0.000000000000000,0.000000000000000,0.000000000000000
INOwen County,0.000000000000000,0.000000000000000,0.000000000000000,0.000000000000000,0.000000000000000
INParke County,0.000000000000000,0.000000000000000,0.000000000000000,0.000000000000000,0.000000000000000
INPerry County,0.000000000000000,0.000000000000000,0.000000000000000,0.000000000000000,0.000000000000000
INPike County,0.000000000000000,0.000000000000000,0.000000000000000,0.000000000000000,0.000000000000000
INPorter County,0.000000000000000,0.000000000000000,0.000000000000000,0.000000000000000,0.000000000000000
INPosey County,0.000000000000000,0.000000000000000,0.000000000000000,0.000000000000000,0.000000000000000
INPulaski County,0.000000000000000,0.000000000000000,0.000000000000000,0.000000000000000,0.000000000000000
INPutnam County,0.000000000000000,0.000000000000000,0.000000000000000,0.000000000000000,0.000000000000000
INRandolph County,0.000000000000000,0.000000000000000,0.000000000000000,0.000000000000000,0.000000000000000
INRipley County,0.000000000000000,0.000000000000000,0.000000000000000,0.000000000000000,0.000000000000000
INRush County,0.000000000000000,0.000000000000000,0.000000000000000,0.000000000000000,0.000000000000000
INScott County,0.000000000000000,0.000000000000000,0.000000000000000,0.000000000000000,0.000000000000000
INShelby County,0.000000000000000,0.000000000000000,0.000000000000000,0.000000000000000,0.000000000000000
INSpencer County,0.000000000000000,0.000000000000000,0.000000000000000,0.000000000000000,0.000000000000000
INSt. Joseph County,0.000000000000000,0.000000000000000,0.000000000000000,0.000000000000000,0.000000000000000
INStarke County,0.000000000000000,0.000000000000000,0.000000000000000,0.000000000000000,0.000000000000000
INSteuben County,0.000000000000000,0.000000000000000,0.000000000000000,0.000000000000000,0.000000000000000
INSullivan County,0.000000000000000,0.000000000000000,0.000000000000000,0.000000000000000,0.000000000000000
INSwitzerland County,0.000000000000000,0.000000000000000,0.000000000000000,0.000000000000000,0.000000000000000
INTippecanoe County,0.000000000000000,0.000000000000000,0.000000000000000,0.000000000000000,0.000000000000000
INTipton County,0.000000000000000,0.000000000000000,0.000000000000000,0.000000000000000,0.000000000000000
INUnion County,0.000000000000000,0.000000000000000,0.000000000000000,0.000000000000000,0.000000000000000
INVanderburgh County,0.000000000000000,0.000000000000000,0.000000000000000,0.000000000000000,0.000000000000000
INVermillion County,0.000000000000000,0.000000000000000,0.000000000000000,0.000000000000000,0.000000000000000
INVigo County,0.000000000000000,0.000000000000000,0.000000000000000,0.000000000000000,0.000000000000000
INWabash County,0.000000000000000,0.000000000000000,0.000000000000000,0.000000000000000,0.000000000000000
INWarren County,0.000000000000000,0.000000000000000,0.000000000000000,0.000000000000000,0.000000000000000
INWarrick County,0.000000000000000,0.000000000000000,0.000000000000000,0.000000000000000,0.000000000000000
INWashington County,0.000000000000000,0.000000000000000,0.000000000000000,0.000000000000000,0.000000000000000
INWayne County,0.000000000000000,0.000000000000000,0.000000000000000,0.000000000000000,0.000000000000000
INWells County,0.000000000000000,0.000000000000000,0.000000000000000,0.000000000000000,0.000000000000000
INWhite County,0.000000000000000,0.000000000000000,0.000000000000000,0.000000000000000,0.000000000000000
INWhitley County,0.000000000000000,0.000000000000000,0.000000000000000,0.000000000000000,0.000000000000000
KSAllen County,0.000000000000000,0.000000000000000,0.000000000000000,0.000000000000000,0.000000000000000
KSAnderson County,0.000000000000000,0.000000000000000,0.000000000000000,0.000000000000000,0.000000000000000
KSAtchison County,0.000000000000000,0.000000000000000,0.000000000000000,0.000000000000000,0.000000000000000
KSBarber County,0.000000000000000,0.000000000000000,0.000000000000000,0.000000000000000,0.000000000000000
KSBarton County,0.000000000000000,0.000000000000000,0.000000000000000,0.000000000000000,0.000000000000000
KSBourbon County,0.000000000000000,0.000000000000000,0.000000000000000,0.000000000000000,0.000000000000000
KSBrown County,0.000000000000000,0.000000000000000,0.000000000000000,0.000000000000000,0.000000000000000
KSButler County,0.000000000000000,0.000000000000000,0.000000000000000,0.000000000000000,0.000000000000000
KSChase County,0.000000000000000,0.000000000000000,0.000000000000000,0.000000000000000,0.000000000000000
KSChautauqua County,0.000000000000000,0.000000000000000,0.000000000000000,0.000000000000000,0.000000000000000
KSCherokee County,0.000000000000000,0.000000000000000,0.000000000000000,0.000000000000000,0.000000000000000
KSCheyenne County,0.000000000000000,0.000000000000000,0.000000000000000,0.000000000000000,0.000000000000000
KSClark County,0.000000000000000,0.000000000000000,0.000000000000000,0.000000000000000,0.000000000000000
KSClay County,0.000000000000000,0.000000000000000,0.000000000000000,0.000000000000000,0.000000000000000
KSCloud County,0.000000000000000,0.000000000000000,0.000000000000000,0.000000000000000,0.000000000000000
KSCoffey County,0.000000000000000,0.000000000000000,0.000000000000000,0.000000000000000,0.000000000000000
KSComanche County,0.000000000000000,0.000000000000000,0.000000000000000,0.000000000000000,0.000000000000000
KSCowley County,0.000000000000000,0.000000000000000,0.000000000000000,0.000000000000000,0.000000000000000
KSCrawford County,0.000000000000000,0.000000000000000,0.000000000000000,0.000000000000000,0.000000000000000
KSDecatur County,0.000000000000000,0.000000000000000,0.000000000000000,0.000000000000000,0.000000000000000
KSDickinson County,0.000000000000000,0.000000000000000,0.000000000000000,0.000000000000000,0.000000000000000
KSDoniphan County,0.000000000000000,0.000000000000000,0.000000000000000,0.000000000000000,0.000000000000000
KSDouglas County,0.000000000000000,0.000000000000000,0.000000000000000,0.000000000000000,0.000000000000000
KSEdwards County,0.000000000000000,0.000000000000000,0.000000000000000,0.000000000000000,0.000000000000000
KSElk County,0.000000000000000,0.000000000000000,0.000000000000000,0.000000000000000,0.000000000000000
KSEllis County,0.000000000000000,0.000000000000000,0.000000000000000,0.000000000000000,0.000000000000000
KSEllsworth County,0.000000000000000,0.000000000000000,0.000000000000000,0.000000000000000,0.000000000000000
KSFinney County,0.000000000000000,0.000000000000000,0.000000000000000,0.000000000000000,0.000000000000000
KSFord County,0.000000000000000,0.000000000000000,0.000000000000000,0.000000000000000,0.000000000000000
KSFranklin County,0.000000000000000,0.000000000000000,0.000000000000000,0.000000000000000,0.000000000000000
KSGeary County,0.000000000000000,0.000000000000000,0.000000000000000,0.000000000000000,0.000000000000000
KSGove County,0.000000000000000,0.000000000000000,0.000000000000000,0.000000000000000,0.000000000000000
KSGraham County,0.000000000000000,0.000000000000000,0.000000000000000,0.000000000000000,0.000000000000000
KSGrant County,0.000000000000000,0.000000000000000,0.000000000000000,0.000000000000000,0.000000000000000
KSGray County,0.000000000000000,0.000000000000000,0.000000000000000,0.000000000000000,0.000000000000000
KSGreeley County,0.000000000000000,0.000000000000000,0.000000000000000,0.000000000000000,0.000000000000000
KSGreenwood County,0.000000000000000,0.000000000000000,0.000000000000000,0.000000000000000,0.000000000000000
KSHamilton County,0.000000000000000,0.000000000000000,0.000000000000000,0.000000000000000,0.000000000000000
KSHarper County,0.000000000000000,0.000000000000000,0.000000000000000,0.000000000000000,0.000000000000000
KSHarvey County,0.000000000000000,0.000000000000000,0.000000000000000,0.000000000000000,0.000000000000000
KSHaskell County,0.000000000000000,0.000000000000000,0.000000000000000,0.000000000000000,0.000000000000000
KSHodgeman County,0.000000000000000,0.000000000000000,0.000000000000000,0.000000000000000,0.000000000000000
KSJackson County,0.000000000000000,0.000000000000000,0.000000000000000,0.000000000000000,0.000000000000000
KSJefferson County,0.000000000000000,0.000000000000000,0.000000000000000,0.000000000000000,0.000000000000000
KSJewell County,0.000000000000000,0.000000000000000,0.000000000000000,0.000000000000000,0.000000000000000
KSJohnson County,0.000000000000000,0.000000000000000,0.000000000000000,0.000000000000000,0.000000000000000
KSKearny County,0.000000000000000,0.000000000000000,0.000000000000000,0.000000000000000,0.000000000000000
KSKingman County,0.000000000000000,0.000000000000000,0.000000000000000,0.000000000000000,0.000000000000000
KSKiowa County,0.000000000000000,0.000000000000000,0.000000000000000,0.000000000000000,0.000000000000000
KSLabette County,0.000000000000000,0.000000000000000,0.000000000000000,0.000000000000000,0.000000000000000
KSLane County,0.000000000000000,0.000000000000000,0.000000000000000,0.000000000000000,0.000000000000000
KSLeavenworth County,0.000000000000000,0.000000000000000,0.000000000000000,0.000000000000000,0.000000000000000
KSLincoln County,0.000000000000000,0.000000000000000,0.000000000000000,0.000000000000000,0.000000000000000
KSLinn County,0.000000000000000,0.000000000000000,0.000000000000000,0.000000000000000,0.000000000000000
KSLogan County,0.000000000000000,0.000000000000000,0.000000000000000,0.000000000000000,0.000000000000000
KSLyon County,0.000000000000000,0.000000000000000,0.000000000000000,0.000000000000000,0.000000000000000
KSMarion County,0.000000000000000,0.000000000000000,0.000000000000000,0.000000000000000,0.000000000000000
KSMarshall County,0.000000000000000,0.000000000000000,0.000000000000000,0.000000000000000,0.000000000000000
KSMcpherson County,0.000000000000000,0.000000000000000,0.000000000000000,0.000000000000000,0.000000000000000
KSMeade County,0.000000000000000,0.000000000000000,0.000000000000000,0.000000000000000,0.000000000000000
KSMiami County,0.000000000000000,0.000000000000000,0.000000000000000,0.000000000000000,0.000000000000000
KSMitchell County,0.000000000000000,0.000000000000000,0.000000000000000,0.000000000000000,0.000000000000000
KSMontgomery County,0.000000000000000,0.000000000000000,0.000000000000000,0.000000000000000,0.000000000000000
KSMorris County,0.000000000000000,0.000000000000000,0.000000000000000,0.000000000000000,0.000000000000000
KSMorton County,0.000000000000000,0.000000000000000,0.000000000000000,0.000000000000000,0.000000000000000
KSNemaha County,0.000000000000000,0.000000000000000,0.000000000000000,0.000000000000000,0.000000000000000
KSNeosho County,0.000000000000000,0.000000000000000,0.000000000000000,0.000000000000000,0.000000000000000
KSNess County,0.000000000000000,0.000000000000000,0.000000000000000,0.000000000000000,0.000000000000000
KSNorton County,0.000000000000000,0.000000000000000,0.000000000000000,0.000000000000000,0.000000000000000
KSOsage County,0.000000000000000,0.000000000000000,0.000000000000000,0.000000000000000,0.000000000000000
KSOsborne County,0.000000000000000,0.000000000000000,0.000000000000000,0.000000000000000,0.000000000000000
KSOttawa County,0.000000000000000,0.000000000000000,0.000000000000000,0.000000000000000,0.000000000000000
KSPawnee County,0.000000000000000,0.000000000000000,0.000000000000000,0.000000000000000,0.000000000000000
KSPhillips County,0.000000000000000,0.000000000000000,0.000000000000000,0.000000000000000,0.000000000000000
KSPottawatomie County,0.000000000000000,0.000000000000000,0.000000000000000,0.000000000000000,0.000000000000000
KSPratt County,0.000000000000000,0.000000000000000,0.000000000000000,0.000000000000000,0.000000000000000
KSRawlins County,0.000000000000000,0.000000000000000,0.000000000000000,0.000000000000000,0.000000000000000
KSReno County,0.000000000000000,0.000000000000000,0.000000000000000,0.000000000000000,0.000000000000000
KSRepublic County,0.000000000000000,0.000000000000000,0.000000000000000,0.000000000000000,0.000000000000000
KSRice County,0.000000000000000,0.000000000000000,0.000000000000000,0.000000000000000,0.000000000000000
KSRiley County,0.000000000000000,0.000000000000000,0.000000000000000,0.000000000000000,0.000000000000000
KSRooks County,0.000000000000000,0.000000000000000,0.000000000000000,0.000000000000000,0.000000000000000
KSRush County,0.000000000000000,0.000000000000000,0.000000000000000,0.000000000000000,0.000000000000000
KSRussell County,0.000000000000000,0.000000000000000,0.000000000000000,0.000000000000000,0.000000000000000
KSSaline County,0.000000000000000,0.000000000000000,0.000000000000000,0.000000000000000,0.000000000000000
KSScott County,0.000000000000000,0.000000000000000,0.000000000000000,0.000000000000000,0.000000000000000
KSSedgwick County,0.000000000000000,0.000000000000000,0.000000000000000,0.000000000000000,0.000000000000000
KSSeward County,0.000000000000000,0.000000000000000,0.000000000000000,0.000000000000000,0.000000000000000
KSShawnee County,0.000000000000000,0.000000000000000,0.000000000000000,0.000000000000000,0.000000000000000
KSSheridan County,0.000000000000000,0.000000000000000,0.000000000000000,0.000000000000000,0.000000000000000
KSSherman County,0.000000000000000,0.000000000000000,0.000000000000000,0.000000000000000,0.000000000000000
KSSmith County,0.000000000000000,0.000000000000000,0.000000000000000,0.000000000000000,0.000000000000000
KSStafford County,0.000000000000000,0.000000000000000,0.000000000000000,0.000000000000000,0.000000000000000
KSStanton County,0.000000000000000,0.000000000000000,0.000000000000000,0.000000000000000,0.000000000000000
KSStevens County,0.000000000000000,0.000000000000000,0.000000000000000,0.000000000000000,0.000000000000000
KSSumner County,0.000000000000000,0.000000000000000,0.000000000000000,0.000000000000000,0.000000000000000
KSThomas County,0.000000000000000,0.000000000000000,0.000000000000000,0.000000000000000,0.000000000000000
KSTrego County,0.000000000000000,0.000000000000000,0.000000000000000,0.000000000000000,0.000000000000000
KSWabaunsee County,0.000000000000000,0.000000000000000,0.000000000000000,0.000000000000000,0.000000000000000
KSWallace County,0.000000000000000,0.000000000000000,0.000000000000000,0.000000000000000,0.000000000000000
KSWashington County,0.000000000000000,0.000000000000000,0.000000000000000,0.000000000000000,0.000000000000000
KSWichita County,0.000000000000000,0.000000000000000,0.000000000000000,0.000000000000000,0.000000000000000
KSWilson County,0.000000000000000,0.000000000000000,0.000000000000000,0.000000000000000,0.000000000000000
KSWoodson County,0.000000000000000,0.000000000000000,0.000000000000000,0.000000000000000,0.000000000000000
KSWyandotte County,0.000000000000000,0.000000000000000,0.000000000000000,0.000000000000000,0.000000000000000
KYAdair County,0.000000000000000,0.000000000000000,0.000000000000000,0.000000000000000,0.000000000000000
KYAllen County,0.000000000000000,0.000000000000000,0.000000000000000,0.000000000000000,0.000000000000000
KYAnderson County,0.000000000000000,0.000000000000000,0.000000000000000,0.000000000000000,0.000000000000000
KYBallard County,0.000000000000000,0.000000000000000,0.000000000000000,0.000000000000000,0.000000000000000
KYBarren County,0.000000000000000,0.000000000000000,0.000000000000000,0.000000000000000,0.000000000000000
KYBath County,0.000000000000000,0.000000000000000,0.000000000000000,0.000000000000000,0.000000000000000
KYBell County,0.000000000000000,0.000000000000000,0.000000000000000,0.000000000000000,0.000000000000000
KYBoone County,0.000000000000000,0.000000000000000,0.000000000000000,0.000000000000000,0.000000000000000
KYBourbon County,0.000000000000000,0.000000000000000,0.000000000000000,0.000000000000000,0.000000000000000
KYBoyd County,0.000000000000000,0.000000000000000,0.000000000000000,0.000000000000000,0.000000000000000
KYBoyle County,0.000000000000000,0.000000000000000,0.000000000000000,0.000000000000000,0.000000000000000
KYBracken County,0.000000000000000,0.000000000000000,0.000000000000000,0.000000000000000,0.000000000000000
KYBreathitt County,0.000000000000000,0.000000000000000,0.000000000000000,0.000000000000000,0.000000000000000
KYBreckinridge County,0.000000000000000,0.000000000000000,0.000000000000000,0.000000000000000,0.000000000000000
KYBullitt County,0.000000000000000,0.000000000000000,0.000000000000000,0.000000000000000,0.000000000000000
KYButler County,0.000000000000000,0.000000000000000,0.000000000000000,0.000000000000000,0.000000000000000
KYCaldwell County,0.000000000000000,0.000000000000000,0.000000000000000,0.000000000000000,0.000000000000000
KYCalloway County,0.000000000000000,0.000000000000000,0.000000000000000,0.000000000000000,0.000000000000000
KYCampbell County,0.000000000000000,0.000000000000000,0.000000000000000,0.000000000000000,0.000000000000000
KYCarlisle County,0.000000000000000,0.000000000000000,0.000000000000000,0.000000000000000,0.000000000000000
KYCarroll County,0.000000000000000,0.000000000000000,0.000000000000000,0.000000000000000,0.000000000000000
KYCarter County,0.000000000000000,0.000000000000000,0.000000000000000,0.000000000000000,0.000000000000000
KYCasey County,0.000000000000000,0.000000000000000,0.000000000000000,0.000000000000000,0.000000000000000
KYChristian County,0.000000000000000,0.000000000000000,0.000000000000000,0.000000000000000,0.000000000000000
KYClark County,0.000000000000000,0.000000000000000,0.000000000000000,0.000000000000000,0.000000000000000
KYClay County,0.000000000000000,0.000000000000000,0.000000000000000,0.000000000000000,0.000000000000000
KYClinton County,0.000000000000000,0.000000000000000,0.000000000000000,0.000000000000000,0.000000000000000
KYCrittenden County,0.000000000000000,0.000000000000000,0.000000000000000,0.000000000000000,0.000000000000000
KYCumberland County,0.000000000000000,0.000000000000000,0.000000000000000,0.000000000000000,0.000000000000000
KYDaviess County,0.000000000000000,0.000000000000000,0.000000000000000,0.000000000000000,0.000000000000000
KYEdmonson County,0.000000000000000,0.000000000000000,0.000000000000000,0.000000000000000,0.000000000000000
KYElliott County,0.000000000000000,0.000000000000000,0.000000000000000,0.000000000000000,0.000000000000000
KYEstill County,0.000000000000000,0.000000000000000,0.000000000000000,0.000000000000000,0.000000000000000
KYFayette County,0.000000000000000,0.000000000000000,0.000000000000000,0.000000000000000,0.000000000000000
KYFleming County,0.000000000000000,0.000000000000000,0.000000000000000,0.000000000000000,0.000000000000000
KYFloyd County,0.000000000000000,0.000000000000000,0.000000000000000,0.000000000000000,0.000000000000000
KYFranklin County,0.000000000000000,0.000000000000000,0.000000000000000,0.000000000000000,0.000000000000000
KYFulton County,0.000000000000000,0.000000000000000,0.000000000000000,0.000000000000000,0.000000000000000
KYGallatin County,0.000000000000000,0.000000000000000,0.000000000000000,0.000000000000000,0.000000000000000
KYGarrard County,0.000000000000000,0.000000000000000,0.000000000000000,0.000000000000000,0.000000000000000
KYGrant County,0.000000000000000,0.000000000000000,0.000000000000000,0.000000000000000,0.000000000000000
KYGraves County,0.000000000000000,0.000000000000000,0.000000000000000,0.000000000000000,0.000000000000000
KYGrayson County,0.000000000000000,0.000000000000000,0.000000000000000,0.000000000000000,0.000000000000000
KYGreen County,0.000000000000000,0.000000000000000,0.000000000000000,0.000000000000000,0.000000000000000
KYGreenup County,0.000000000000000,0.000000000000000,0.000000000000000,0.000000000000000,0.000000000000000
KYHancock County,0.000000000000000,0.000000000000000,0.000000000000000,0.000000000000000,0.000000000000000
KYHardin County,0.000000000000000,0.000000000000000,0.000000000000000,0.000000000000000,0.000000000000000
KYHarlan County,0.000000000000000,0.000000000000000,0.000000000000000,0.000000000000000,0.000000000000000
KYHarrison County,0.000000000000000,0.000000000000000,0.000000000000000,0.000000000000000,0.000000000000000
KYHart County,0.000000000000000,0.000000000000000,0.000000000000000,0.000000000000000,0.000000000000000
KYHenderson County,0.000000000000000,0.000000000000000,0.000000000000000,0.000000000000000,0.000000000000000
KYHenry County,0.000000000000000,0.000000000000000,0.000000000000000,0.000000000000000,0.000000000000000
KYHickman County,0.000000000000000,0.000000000000000,0.000000000000000,0.000000000000000,0.000000000000000
KYHopkins County,0.000000000000000,0.000000000000000,0.000000000000000,0.000000000000000,0.000000000000000
KYJackson County,0.000000000000000,0.000000000000000,0.000000000000000,0.000000000000000,0.000000000000000
KYJefferson County,0.000000000000000,0.000000000000000,0.000000000000000,0.000000000000000,0.000000000000000
KYJessamine County,0.000000000000000,0.000000000000000,0.000000000000000,0.000000000000000,0.000000000000000
KYJohnson County,0.000000000000000,0.000000000000000,0.000000000000000,0.000000000000000,0.000000000000000
KYKenton County,0.000000000000000,0.000000000000000,0.000000000000000,0.000000000000000,0.000000000000000
KYKnott County,0.000000000000000,0.000000000000000,0.000000000000000,0.000000000000000,0.000000000000000
KYKnox County,0.000000000000000,0.000000000000000,0.000000000000000,0.000000000000000,0.000000000000000
KYLarue County,0.000000000000000,0.000000000000000,0.000000000000000,0.000000000000000,0.000000000000000
KYLaurel County,0.000000000000000,0.000000000000000,0.000000000000000,0.000000000000000,0.000000000000000
KYLawrence County,0.000000000000000,0.000000000000000,0.000000000000000,0.000000000000000,0.000000000000000
KYLee County,0.000000000000000,0.000000000000000,0.000000000000000,0.000000000000000,0.000000000000000
KYLeslie County,0.000000000000000,0.000000000000000,0.000000000000000,0.000000000000000,0.000000000000000
KYLetcher County,0.000000000000000,0.000000000000000,0.000000000000000,0.000000000000000,0.000000000000000
KYLewis County,0.000000000000000,0.000000000000000,0.000000000000000,0.000000000000000,0.000000000000000
KYLincoln County,0.000000000000000,0.000000000000000,0.000000000000000,0.000000000000000,0.000000000000000
KYLivingston County,0.000000000000000,0.000000000000000,0.000000000000000,0.000000000000000,0.000000000000000
KYLogan County,0.000000000000000,0.000000000000000,0.000000000000000,0.000000000000000,0.000000000000000
KYLyon County,0.000000000000000,0.000000000000000,0.000000000000000,0.000000000000000,0.000000000000000
KYMadison County,0.000000000000000,0.000000000000000,0.000000000000000,0.000000000000000,0.000000000000000
KYMagoffin County,0.000000000000000,0.000000000000000,0.000000000000000,0.000000000000000,0.000000000000000
KYMarion County,0.000000000000000,0.000000000000000,0.000000000000000,0.000000000000000,0.000000000000000
KYMarshall County,0.000000000000000,0.000000000000000,0.000000000000000,0.000000000000000,0.000000000000000
KYMartin County,0.000000000000000,0.000000000000000,0.000000000000000,0.000000000000000,0.000000000000000
KYMason County,0.000000000000000,0.000000000000000,0.000000000000000,0.000000000000000,0.000000000000000
KYMccracken County,0.000000000000000,0.000000000000000,0.000000000000000,0.000000000000000,0.000000000000000
KYMccreary County,0.000000000000000,0.000000000000000,0.000000000000000,0.000000000000000,0.000000000000000
KYMclean County,0.000000000000000,0.000000000000000,0.000000000000000,0.000000000000000,0.000000000000000
KYMeade County,0.000000000000000,0.000000000000000,0.000000000000000,0.000000000000000,0.000000000000000
KYMenifee County,0.000000000000000,0.000000000000000,0.000000000000000,0.000000000000000,0.000000000000000
KYMercer County,0.000000000000000,0.000000000000000,0.000000000000000,0.000000000000000,0.000000000000000
KYMetcalfe County,0.000000000000000,0.000000000000000,0.000000000000000,0.000000000000000,0.000000000000000
KYMonroe County,0.000000000000000,0.000000000000000,0.000000000000000,0.000000000000000,0.000000000000000
KYMontgomery County,0.000000000000000,0.000000000000000,0.000000000000000,0.000000000000000,0.000000000000000
KYMorgan County,0.000000000000000,0.000000000000000,0.000000000000000,0.000000000000000,0.000000000000000
KYMuhlenberg County,0.000000000000000,0.000000000000000,0.000000000000000,0.000000000000000,0.000000000000000
KYNelson County,0.000000000000000,0.000000000000000,0.000000000000000,0.000000000000000,0.000000000000000
KYNicholas County,0.000000000000000,0.000000000000000,0.000000000000000,0.000000000000000,0.000000000000000
KYOhio County,0.000000000000000,0.000000000000000,0.000000000000000,0.000000000000000,0.000000000000000
KYOldham County,0.000000000000000,0.000000000000000,0.000000000000000,0.000000000000000,0.000000000000000
KYOwen County,0.000000000000000,0.000000000000000,0.000000000000000,0.000000000000000,0.000000000000000
KYOwsley County,0.000000000000000,0.000000000000000,0.000000000000000,0.000000000000000,0.000000000000000
KYPendleton County,0.000000000000000,0.000000000000000,0.000000000000000,0.000000000000000,0.000000000000000
KYPerry County,0.000000000000000,0.000000000000000,0.000000000000000,0.000000000000000,0.000000000000000
KYPike County,0.000000000000000,0.000000000000000,0.000000000000000,0.000000000000000,0.000000000000000
KYPowell County,0.000000000000000,0.000000000000000,0.000000000000000,0.000000000000000,0.000000000000000
KYPulaski County,0.000000000000000,0.000000000000000,0.000000000000000,0.000000000000000,0.000000000000000
KYRobertson County,0.000000000000000,0.000000000000000,0.000000000000000,0.000000000000000,0.000000000000000
KYRockcastle County,0.000000000000000,0.000000000000000,0.000000000000000,0.000000000000000,0.000000000000000
KYRowan County,0.000000000000000,0.000000000000000,0.000000000000000,0.000000000000000,0.000000000000000
KYRussell County,0.000000000000000,0.000000000000000,0.000000000000000,0.000000000000000,0.000000000000000
KYScott County,0.000000000000000,0.000000000000000,0.000000000000000,0.000000000000000,0.000000000000000
KYShelby County,0.000000000000000,0.000000000000000,0.000000000000000,0.000000000000000,0.000000000000000
KYSimpson County,0.000000000000000,0.000000000000000,0.000000000000000,0.000000000000000,0.000000000000000
KYSpencer County,0.000000000000000,0.000000000000000,0.000000000000000,0.000000000000000,0.000000000000000
KYTaylor County,0.000000000000000,0.000000000000000,0.000000000000000,0.000000000000000,0.000000000000000
KYTodd County,0.000000000000000,0.000000000000000,0.000000000000000,0.000000000000000,0.000000000000000
KYTrigg County,0.000000000000000,0.000000000000000,0.000000000000000,0.000000000000000,0.000000000000000
KYTrimble County,0.000000000000000,0.000000000000000,0.000000000000000,0.000000000000000,0.000000000000000
KYUnion County,0.000000000000000,0.000000000000000,0.000000000000000,0.000000000000000,0.000000000000000
KYWarren County,0.000000000000000,0.000000000000000,0.000000000000000,0.000000000000000,0.000000000000000
KYWashington County,0.000000000000000,0.000000000000000,0.000000000000000,0.000000000000000,0.000000000000000
KYWayne County,0.000000000000000,0.000000000000000,0.000000000000000,0.000000000000000,0.000000000000000
KYWebster County,0.000000000000000,0.000000000000000,0.000000000000000,0.000000000000000,0.000000000000000
KYWhitley County,0.000000000000000,0.000000000000000,0.000000000000000,0.000000000000000,0.000000000000000
KYWolfe County,0.000000000000000,0.000000000000000,0.000000000000000,0.000000000000000,0.000000000000000
KYWoodford County,0.000000000000000,0.000000000000000,0.000000000000000,0.000000000000000,0.000000000000000
LAAcadia Parish,0.000000000000000,-0.257772296539315,-0.129844392522377,0.108521770286986,0.281829636756865
LAAllen Parish,0.000000000000000,-0.304556205959580,-0.164153079999993,0.137494794981472,0.326579987796932
LAAscension Parish,0.000000000000000,-0.246395968505156,-0.123322327728312,0.103034017466845,0.270527604391347
LAAssumption Parish,0.000000000000000,-0.248042917901351,-0.121142493438461,0.100991424272113,0.272808353779843
LAAvoyelles Parish,0.000000000000000,-0.304490568192651,-0.162289913749575,0.135820386886899,0.325868978519641
LABeauregard Parish,0.000000000000000,-0.306895512274628,-0.166466948047487,0.139579599393143,0.328021306669762
LABienville Parish,0.000000000000000,-0.381455593529926,-0.231630709044659,0.193544948071452,0.393295816814897
LABossier Parish,0.000000000000000,-0.376211937429768,-0.226265101201812,0.189364999111957,0.389285253453890
LACaddo Parish,0.000000000000000,-0.380613033496095,-0.230619532178546,0.192929174712960,0.392919426689284
LACalcasieu Parish,0.000000000000000,-0.242624647929166,-0.123231976761876,0.103054080280415,0.264362550260589
LACaldwell Parish,0.000000000000000,-0.366773642872108,-0.217085799709644,0.181645197700939,0.381246253055193
LACameron Parish,0.000000000000000,-0.069285163022635,-0.031946329730354,0.026570581484862,0.077870593764682
LACatahoula Parish,0.000000000000000,-0.346406593356351,-0.197827285955436,0.165854205862948,0.364166051097065
LAClaiborne Parish,0.000000000000000,-0.389413514768703,-0.239426436953164,0.199504571860416,0.399485188583724
LAConcordia Parish,0.000000000000000,-0.334967978396142,-0.187658925461587,0.157166201398095,0.353923699011336
LADe Soto Parish,0.000000000000000,-0.375307435523280,-0.225740573593481,0.188794895701962,0.388229123060315
LAEast Baton Rouge Parish,0.000000000000000,-0.281258108421595,-0.146000744872432,0.122233885925952,0.304899305221306
LAEast Carroll Parish,0.000000000000000,-0.341334103510294,-0.193133431956214,0.161639066252567,0.359192167331235
LAEast Feliciana Parish,0.000000000000000,-0.299320295488751,-0.160105695324186,0.134028880922345,0.321153581192581
LAEvangeline Parish,0.000000000000000,-0.294179780480426,-0.155700688873065,0.130354049837875,0.316658167371750
LAFranklin Parish,0.000000000000000,-0.341983200852813,-0.193691587162375,0.162229778597170,0.359989872947593
LAGrant Parish,0.000000000000000,-0.357160185320151,-0.208013528293373,0.174352487885247,0.373373954024606
LAIberia Parish,0.000000000000000,-0.113688025942415,-0.054217994091033,0.045201869650043,0.126420694524862
LAIberville Parish,0.000000000000000,-0.262525509881703,-0.132345074597718,0.110699525718706,0.287164874008639
LAJackson Parish,0.000000000000000,-0.378314498401987,-0.228502993120942,0.191075893817115,0.390793151738683
LAJefferson Davis Parish,0.000000000000000,-0.230374700355062,-0.115021745923265,0.095930835846446,0.252356899492069
LAJefferson Parish,0.000000000000000,-0.167917733827244,-0.078306635976794,0.065104463244063,0.188281640382841
LALa Salle Parish,0.000000000000000,-0.367822986654750,-0.218094912801744,0.182617965633527,0.382270043611797
LALafayette Parish,0.000000000000000,-0.253749388806936,-0.127919625272015,0.106934878382653,0.277689236529301
LALafourche Parish,0.000000000000000,-0.141215649914298,-0.064305806530628,0.053402731202043,0.159902202607170
LALincoln Parish,0.000000000000000,-0.385175516819466,-0.235327146545048,0.196558039195521,0.396330594607147
LALivingston Parish,0.000000000000000,-0.243887316688231,-0.125451746852836,0.104893087829460,0.265928722955346
LAMadison Parish,0.000000000000000,-0.341060308604928,-0.193589787991677,0.162100193976599,0.358659487228625
LAMorehouse Parish,0.000000000000000,-0.364870060581976,-0.215213595254624,0.179938087941102,0.379461216600568
LANatchitoches Parish,0.000000000000000,-0.345623539239279,-0.198195934551798,0.165888014156588,0.362743128233243
LAOrleans Parish,0.000000000000000,-0.184863479690288,-0.087443761259662,0.072742897617880,0.206020591708154
LAOuachita Parish,0.000000000000000,-0.368091819161581,-0.218437545368697,0.182474399641778,0.381977402382009
LAPlaquemines Parish,0.000000000000000,-0.068539179426645,-0.030391486447007,0.025188647652881,0.078245348258810
LAPointe Coupee Parish,0.000000000000000,-0.282885848136598,-0.147482435697271,0.123389997232807,0.306038366537699
LARapides Parish,0.000000000000000,-0.330727367441875,-0.184558823822889,0.154361456738494,0.350106406200774
LARed River Parish,0.000000000000000,-0.362735541166370,-0.213059706187672,0.178414612754330,0.378024015077088
LARichland Parish,0.000000000000000,-0.350079077889318,-0.201184224513466,0.168381847200403,0.366930058579924
LASabine Parish,0.000000000000000,-0.354028967278738,-0.205572715995542,0.172007752839722,0.369803234416847
LASt. Bernard Parish,0.000000000000000,-0.136515112859036,-0.061350436071464,0.050955932446760,0.154665244600291
LASt. Charles Parish,0.000000000000000,-0.147573999508229,-0.069107506510933,0.057540859886521,0.164743281368007
LASt. Helena Parish,0.000000000000000,-0.295661394979845,-0.156366436568351,0.130865444420107,0.317534341742372
LASt. James Parish,0.000000000000000,-0.229899828243339,-0.111135627374309,0.092624589344869,0.253951988252371
LASt. John The Baptist Parish,0.000000000000000,-0.209697351414972,-0.100250943840532,0.083605564695966,0.232832525045067
LASt. Landry Parish,0.000000000000000,-0.278798440172971,-0.145209849300781,0.121420198344530,0.301996845038444
LASt. Martin Parish,0.000000000000000,-0.247345357120167,-0.123610232073936,0.103305360509468,0.271188994659299
LASt. Mary Parish,0.000000000000000,-0.150119059647199,-0.070588597020811,0.058708924531432,0.167277473654277
LASt. Tammany Parish,0.000000000000000,-0.137649693510593,-0.068401467369517,0.057172648897365,0.151115006766416
LATangipahoa Parish,0.000000000000000,-0.271143111954685,-0.138832709244544,0.116178772088224,0.294492968662305
LATensas Parish,0.000000000000000,-0.335594141271938,-0.188873159265647,0.158192611784758,0.354027634857070
LATerrebonne Parish,0.000000000000000,-0.126805028201284,-0.058106579519775,0.048245875730301,0.143193087805124
LAUnion Parish,0.000000000000000,-0.387623986253783,-0.237637118787522,0.198030474804383,0.398010776003776
LAVermilion Parish,0.000000000000000,-0.127245792430652,-0.061425687491561,0.051198278069707,0.141370854161561
LAVernon Parish,0.000000000000000,-0.337259058054890,-0.191544971797090,0.160419124821468,0.355686969222942
LAWashington Parish,0.000000000000000,-0.283708634848348,-0.148623793175120,0.124755110104519,0.306399958294206
LAWebster Parish,0.000000000000000,-0.381762201565689,-0.231817730812526,0.193773635017835,0.393690341147580
LAWest Baton Rouge Parish,0.000000000000000,-0.269145249746468,-0.137381934118913,0.115003509591242,0.293456554738307
LAWest Carroll Parish,0.000000000000000,-0.351547162999043,-0.202366074883017,0.169055018105428,0.368214514574332
LAWest Feliciana Parish,0.000000000000000,-0.311432265288492,-0.169084841939059,0.141487173402267,0.331571409021550
LAWinn Parish,0.000000000000000,-0.368065427393850,-0.218753635964865,0.183004732433796,0.382105507533583
MABarnstable County,0.000000000000000,-0.281241182475219,-0.144889901103145,0.121500761630355,0.303761507569285
MABerkshire County,0.000000000000000,-0.384158339227098,-0.234158339227099,0.195701664060516,0.395701664060516
MABristol County,0.000000000000000,-0.277481493811001,-0.148719515500912,0.125079474847913,0.297071305274626
MADukes County,0.000000000000000,-0.251620409233365,-0.119533071185890,0.099604244226986,0.278334933159052
MAEssex County,0.000000000000000,-0.319570408254944,-0.174621003743470,0.146789044031221,0.340363690045598
MAFranklin County,0.000000000000000,-0.378580096038392,-0.228580096038391,0.191419387583390,0.391419387583391
MAHampden County,0.000000000000000,-0.357385310704038,-0.207468884699842,0.173831714546386,0.373706353552680
MAHampshire County,0.000000000000000,-0.370347712623887,-0.220347712623887,0.184531688692311,0.384531688692311
MAMiddlesex County,0.000000000000000,-0.353832949837888,-0.204985624374150,0.172307585542355,0.370714989621898
MANantucket County,0.000000000000000,-0.255051947333050,-0.129475284541312,0.108385562654347,0.279326626473733
MANorfolk County,0.000000000000000,-0.340069167784734,-0.193330794176269,0.162750389711332,0.358342520313116
MAPlymouth County,0.000000000000000,-0.268328508447690,-0.145139715057083,0.121940559573139,0.286580648869400
MASuffolk County,0.000000000000000,-0.234397044962995,-0.126825414306754,0.106865801636382,0.250423161925060
MAWorcester County,0.000000000000000,-0.361608060980090,-0.211830215619955,0.177971589144197,0.377638357184399
MDAllegany County,0.000000000000000,-0.421020927454678,-0.271020927454678,0.225003838978489,0.425003838978489
MDAnne Arundel County,0.000000000000000,-0.255414229462752,-0.153602344083372,0.128232715006379,0.263994458059360
MDBaltimore City,0.000000000000000,-0.350778550626264,-0.216673889736127,0.180572922065124,0.359371982950216
MDBaltimore County,0.000000000000000,-0.369583892150189,-0.227279615225263,0.189466620070006,0.379217120225282
MDCalvert County,0.000000000000000,-0.219930228083307,-0.128305876462888,0.107208704394769,0.229891823182256
MDCaroline County,0.000000000000000,-0.356382870210374,-0.208218124101839,0.174098221887875,0.371790906065885
MDCarroll County,0.000000000000000,-0.393348212468546,-0.243352801511411,0.202870977342951,0.402864093778653
MDCecil County,0.000000000000000,-0.184971334258329,-0.110484333129321,0.092317361214166,0.191645590206249
MDCharles County,0.000000000000000,-0.273602773299651,-0.165582207896634,0.138129433610581,0.282169598919445
MDDorchester County,0.000000000000000,-0.135760020687191,-0.074741773128194,0.062541009639563,0.144480186938245
MDFrederick County,0.000000000000000,-0.398270514689860,-0.248305520950227,0.206734585819651,0.406693575985614
MDGarrett County,0.000000000000000,-0.420619456499046,-0.270619456499046,0.224538431571972,0.424538431571972
MDHarford County,0.000000000000000,-0.331219573275145,-0.201248488285627,0.167961742768838,0.341247375732610
MDHoward County,0.000000000000000,-0.394786446468910,-0.244795554346497,0.203971716132817,0.403958054316437
MDKent County,0.000000000000000,-0.341195032027726,-0.200479871583015,0.167577393876349,0.355305738226117
MDMontgomery County,0.000000000000000,-0.400965422756760,-0.250988755638425,0.208944642413317,0.408911646109705
MDPrince George's County,0.000000000000000,-0.384048236027025,-0.239549584932723,0.199434892824337,0.392097469370051
MDQueen Anne's County,0.000000000000000,-0.273006418537693,-0.159721255594308,0.133563404248491,0.284617816312611
MDSomerset County,0.000000000000000,-0.201509147002667,-0.107551447025968,0.089941069337294,0.216601884995770
MDSt. Mary's County,0.000000000000000,-0.292420900645359,-0.167572834845911,0.140103410936015,0.307175598404350
MDTalbot County,0.000000000000000,-0.231668032524420,-0.132799880061535,0.111167091775882,0.243562985522358
MDWashington County,0.000000000000000,-0.405030344805266,-0.255059308418958,0.212069099616539,0.412025654196001
MDWicomico County,0.000000000000000,-0.264640301044461,-0.147673679884349,0.123474259041798,0.279984523998283
MDWorcester County,0.000000000000000,-0.203744662695985,-0.105742999653120,0.088294585989548,0.221000077869187
MEAndroscoggin County,0.000000000000000,-0.378239302046807,-0.228266792877786,0.191063098180494,0.391021861934027
MEAroostook County,0.000000000000000,-0.399245888610321,-0.249247974511966,0.207478905841092,0.407475776988625
MECumberland County,0.000000000000000,-0.231776069031216,-0.126623044549186,0.106182578242948,0.246469856183687
MEFranklin County,0.000000000000000,-0.396109375130669,-0.246109375130670,0.205132244998972,0.405132244998972
MEHancock County,0.000000000000000,-0.296164867078162,-0.161356556867310,0.135686346540532,0.315679872904435
MEKennebec County,0.000000000000000,-0.379640953478823,-0.229680869428839,0.192018560818514,0.391958686893489
MEKnox County,0.000000000000000,-0.296749357442107,-0.159025252065833,0.133432336677749,0.317236056430027
MELincoln County,0.000000000000000,-0.285580703914043,-0.154171010705042,0.129578073645153,0.305226692312780
MEOxford County,0.000000000000000,-0.392332253427933,-0.242332253427933,0.202132579114446,0.402132579114446
MEPenobscot County,0.000000000000000,-0.386494543199655,-0.236508129157496,0.197491319042202,0.397470940105441
MEPiscataquis County,0.000000000000000,-0.394260014190134,-0.244265290623856,0.203611734253761,0.403603819603179
MESagadahoc County,0.000000000000000,-0.317785918640225,-0.176894330674678,0.148662595183446,0.336736901603953
MESomerset County,0.000000000000000,-0.390362760290559,-0.240374133745305,0.200580003414680,0.400562943232560
MEWaldo County,0.000000000000000,-0.332888912823986,-0.193482181303665,0.162021500633478,0.347913436183805
MEWashington County,0.000000000000000,-0.284576720320051,-0.164752479683884,0.137902330072919,0.297826469795343
MEYork County,0.000000000000000,-0.184598047174446,-0.101963561023140,0.085451103214408,0.196194571364125
MIAlcona County,0.000000000000000,0.000000000000000,0.000000000000000,0.000000000000000,0.000000000000000
MIAlger County,0.000000000000000,0.000000000000000,0.000000000000000,0.000000000000000,0.000000000000000
MIAllegan County,0.000000000000000,0.000000000000000,0.000000000000000,0.000000000000000,0.000000000000000
MIAlpena County,0.000000000000000,0.000000000000000,0.000000000000000,0.000000000000000,0.000000000000000
MIAntrim County,0.000000000000000,0.000000000000000,0.000000000000000,0.000000000000000,0.000000000000000
MIArenac County,0.000000000000000,0.000000000000000,0.000000000000000,0.000000000000000,0.000000000000000
MIBaraga County,0.000000000000000,0.000000000000000,0.000000000000000,0.000000000000000,0.000000000000000
MIBarry County,0.000000000000000,0.000000000000000,0.000000000000000,0.000000000000000,0.000000000000000
MIBay County,0.000000000000000,0.000000000000000,0.000000000000000,0.000000000000000,0.000000000000000
MIBenzie County,0.000000000000000,0.000000000000000,0.000000000000000,0.000000000000000,0.000000000000000
MIBerrien County,0.000000000000000,0.000000000000000,0.000000000000000,0.000000000000000,0.000000000000000
MIBranch County,0.000000000000000,0.000000000000000,0.000000000000000,0.000000000000000,0.000000000000000
MICalhoun County,0.000000000000000,0.000000000000000,0.000000000000000,0.000000000000000,0.000000000000000
MICass County,0.000000000000000,0.000000000000000,0.000000000000000,0.000000000000000,0.000000000000000
MICharlevoix County,0.000000000000000,0.000000000000000,0.000000000000000,0.000000000000000,0.000000000000000
MICheboygan County,0.000000000000000,0.000000000000000,0.000000000000000,0.000000000000000,0.000000000000000
MIChippewa County,0.000000000000000,0.000000000000000,0.000000000000000,0.000000000000000,0.000000000000000
MIClare County,0.000000000000000,0.000000000000000,0.000000000000000,0.000000000000000,0.000000000000000
MIClinton County,0.000000000000000,0.000000000000000,0.000000000000000,0.000000000000000,0.000000000000000
MICrawford County,0.000000000000000,0.000000000000000,0.000000000000000,0.000000000000000,0.000000000000000
MIDelta County,0.000000000000000,0.000000000000000,0.000000000000000,0.000000000000000,0.000000000000000
MIDickinson County,0.000000000000000,0.000000000000000,0.000000000000000,0.000000000000000,0.000000000000000
MIEaton County,0.000000000000000,0.000000000000000,0.000000000000000,0.000000000000000,0.000000000000000
MIEmmet County,0.000000000000000,0.000000000000000,0.000000000000000,0.000000000000000,0.000000000000000
MIGenesee County,0.000000000000000,0.000000000000000,0.000000000000000,0.000000000000000,0.000000000000000
MIGladwin County,0.000000000000000,0.000000000000000,0.000000000000000,0.000000000000000,0.000000000000000
MIGogebic County,0.000000000000000,0.000000000000000,0.000000000000000,0.000000000000000,0.000000000000000
MIGrand Traverse County,0.000000000000000,0.000000000000000,0.000000000000000,0.000000000000000,0.000000000000000
MIGratiot County,0.000000000000000,0.000000000000000,0.000000000000000,0.000000000000000,0.000000000000000
MIHillsdale County,0.000000000000000,0.000000000000000,0.000000000000000,0.000000000000000,0.000000000000000
MIHoughton County,0.000000000000000,0.000000000000000,0.000000000000000,0.000000000000000,0.000000000000000
MIHuron County,0.000000000000000,0.000000000000000,0.000000000000000,0.000000000000000,0.000000000000000
MIIngham County,0.000000000000000,0.000000000000000,0.000000000000000,0.000000000000000,0.000000000000000
MIIonia County,0.000000000000000,0.000000000000000,0.000000000000000,0.000000000000000,0.000000000000000
MIIosco County,0.000000000000000,0.000000000000000,0.000000000000000,0.000000000000000,0.000000000000000
MIIron County,0.000000000000000,0.000000000000000,0.000000000000000,0.000000000000000,0.000000000000000
MIIsabella County,0.000000000000000,0.000000000000000,0.000000000000000,0.000000000000000,0.000000000000000
MIJackson County,0.000000000000000,0.000000000000000,0.000000000000000,0.000000000000000,0.000000000000000
MIKalamazoo County,0.000000000000000,0.000000000000000,0.000000000000000,0.000000000000000,0.000000000000000
MIKalkaska County,0.000000000000000,0.000000000000000,0.000000000000000,0.000000000000000,0.000000000000000
MIKent County,0.000000000000000,0.000000000000000,0.000000000000000,0.000000000000000,0.000000000000000
MIKeweenaw County,0.000000000000000,0.000000000000000,0.000000000000000,0.000000000000000,0.000000000000000
MILake County,0.000000000000000,0.000000000000000,0.000000000000000,0.000000000000000,0.000000000000000
MILapeer County,0.000000000000000,0.000000000000000,0.000000000000000,0.000000000000000,0.000000000000000
MILeelanau County,0.000000000000000,0.000000000000000,0.000000000000000,0.000000000000000,0.000000000000000
MILenawee County,0.000000000000000,0.000000000000000,0.000000000000000,0.000000000000000,0.000000000000000
MILivingston County,0.000000000000000,0.000000000000000,0.000000000000000,0.000000000000000,0.000000000000000
MILuce County,0.000000000000000,0.000000000000000,0.000000000000000,0.000000000000000,0.000000000000000
MIMackinac County,0.000000000000000,0.000000000000000,0.000000000000000,0.000000000000000,0.000000000000000
MIMacomb County,0.000000000000000,0.000000000000000,0.000000000000000,0.000000000000000,0.000000000000000
MIManistee County,0.000000000000000,0.000000000000000,0.000000000000000,0.000000000000000,0.000000000000000
MIMarquette County,0.000000000000000,0.000000000000000,0.000000000000000,0.000000000000000,0.000000000000000
MIMason County,0.000000000000000,0.000000000000000,0.000000000000000,0.000000000000000,0.000000000000000
MIMecosta County,0.000000000000000,0.000000000000000,0.000000000000000,0.000000000000000,0.000000000000000
MIMenominee County,0.000000000000000,0.000000000000000,0.000000000000000,0.000000000000000,0.000000000000000
MIMidland County,0.000000000000000,0.000000000000000,0.000000000000000,0.000000000000000,0.000000000000000
MIMissaukee County,0.000000000000000,0.000000000000000,0.000000000000000,0.000000000000000,0.000000000000000
MIMonroe County,0.000000000000000,0.000000000000000,0.000000000000000,0.000000000000000,0.000000000000000
MIMontcalm County,0.000000000000000,0.000000000000000,0.000000000000000,0.000000000000000,0.000000000000000
MIMontmorency County,0.000000000000000,0.000000000000000,0.000000000000000,0.000000000000000,0.000000000000000
MIMuskegon County,0.000000000000000,0.000000000000000,0.000000000000000,0.000000000000000,0.000000000000000
MINewaygo County,0.000000000000000,0.000000000000000,0.000000000000000,0.000000000000000,0.000000000000000
MIOakland County,0.000000000000000,0.000000000000000,0.000000000000000,0.000000000000000,0.000000000000000
MIOceana County,0.000000000000000,0.000000000000000,0.000000000000000,0.000000000000000,0.000000000000000
MIOgemaw County,0.000000000000000,0.000000000000000,0.000000000000000,0.000000000000000,0.000000000000000
MIOntonagon County,0.000000000000000,0.000000000000000,0.000000000000000,0.000000000000000,0.000000000000000
MIOsceola County,0.000000000000000,0.000000000000000,0.000000000000000,0.000000000000000,0.000000000000000
MIOscoda County,0.000000000000000,0.000000000000000,0.000000000000000,0.000000000000000,0.000000000000000
MIOtsego County,0.000000000000000,0.000000000000000,0.000000000000000,0.000000000000000,0.000000000000000
MIOttawa County,0.000000000000000,0.000000000000000,0.000000000000000,0.000000000000000,0.000000000000000
MIPresque Isle County,0.000000000000000,0.000000000000000,0.000000000000000,0.000000000000000,0.000000000000000
MIRoscommon County,0.000000000000000,0.000000000000000,0.000000000000000,0.000000000000000,0.000000000000000
MISaginaw County,0.000000000000000,0.000000000000000,0.000000000000000,0.000000000000000,0.000000000000000
MISanilac County,0.000000000000000,0.000000000000000,0.000000000000000,0.000000000000000,0.000000000000000
MISchoolcraft County,0.000000000000000,0.000000000000000,0.000000000000000,0.000000000000000,0.000000000000000
MIShiawassee County,0.000000000000000,0.000000000000000,0.000000000000000,0.000000000000000,0.000000000000000
MISt. Clair County,0.000000000000000,0.000000000000000,0.000000000000000,0.000000000000000,0.000000000000000
MISt. Joseph County,0.000000000000000,0.000000000000000,0.000000000000000,0.000000000000000,0.000000000000000
MITuscola County,0.000000000000000,0.000000000000000,0.000000000000000,0.000000000000000,0.000000000000000
MIVan Buren County,0.000000000000000,0.000000000000000,0.000000000000000,0.000000000000000,0.000000000000000
MIWashtenaw County,0.000000000000000,0.000000000000000,0.000000000000000,0.000000000000000,0.000000000000000
MIWayne County,0.000000000000000,0.000000000000000,0.000000000000000,0.000000000000000,0.000000000000000
MIWexford County,0.000000000000000,0.000000000000000,0.000000000000000,0.000000000000000,0.000000000000000
MNAitkin County,0.000000000000000,0.000000000000000,0.000000000000000,0.000000000000000,0.000000000000000
MNAnoka County,0.000000000000000,0.000000000000000,0.000000000000000,0.000000000000000,0.000000000000000
MNBecker County,0.000000000000000,0.000000000000000,0.000000000000000,0.000000000000000,0.000000000000000
MNBeltrami County,0.000000000000000,0.000000000000000,0.000000000000000,0.000000000000000,0.000000000000000
MNBenton County,0.000000000000000,0.000000000000000,0.000000000000000,0.000000000000000,0.000000000000000
MNBig Stone County,0.000000000000000,0.000000000000000,0.000000000000000,0.000000000000000,0.000000000000000
MNBlue Earth County,0.000000000000000,0.000000000000000,0.000000000000000,0.000000000000000,0.000000000000000
MNBrown County,0.000000000000000,0.000000000000000,0.000000000000000,0.000000000000000,0.000000000000000
MNCarlton County,0.000000000000000,0.000000000000000,0.000000000000000,0.000000000000000,0.000000000000000
MNCarver County,0.000000000000000,0.000000000000000,0.000000000000000,0.000000000000000,0.000000000000000
MNCass County,0.000000000000000,0.000000000000000,0.000000000000000,0.000000000000000,0.000000000000000
MNChippewa County,0.000000000000000,0.000000000000000,0.000000000000000,0.000000000000000,0.000000000000000
MNChisago County,0.000000000000000,0.000000000000000,0.000000000000000,0.000000000000000,0.000000000000000
MNClay County,0.000000000000000,0.000000000000000,0.000000000000000,0.000000000000000,0.000000000000000
MNClearwater County,0.000000000000000,0.000000000000000,0.000000000000000,0.000000000000000,0.000000000000000
MNCook County,0.000000000000000,0.000000000000000,0.000000000000000,0.000000000000000,0.000000000000000
MNCottonwood County,0.000000000000000,0.000000000000000,0.000000000000000,0.000000000000000,0.000000000000000
MNCrow Wing County,0.000000000000000,0.000000000000000,0.000000000000000,0.000000000000000,0.000000000000000
MNDakota County,0.000000000000000,0.000000000000000,0.000000000000000,0.000000000000000,0.000000000000000
MNDodge County,0.000000000000000,0.000000000000000,0.000000000000000,0.000000000000000,0.000000000000000
MNDouglas County,0.000000000000000,0.000000000000000,0.000000000000000,0.000000000000000,0.000000000000000
MNFaribault County,0.000000000000000,0.000000000000000,0.000000000000000,0.000000000000000,0.000000000000000
MNFillmore County,0.000000000000000,0.000000000000000,0.000000000000000,0.000000000000000,0.000000000000000
MNFreeborn County,0.000000000000000,0.000000000000000,0.000000000000000,0.000000000000000,0.000000000000000
MNGoodhue County,0.000000000000000,0.000000000000000,0.000000000000000,0.000000000000000,0.000000000000000
MNGrant County,0.000000000000000,0.000000000000000,0.000000000000000,0.000000000000000,0.000000000000000
MNHennepin County,0.000000000000000,0.000000000000000,0.000000000000000,0.000000000000000,0.000000000000000
MNHouston County,0.000000000000000,0.000000000000000,0.000000000000000,0.000000000000000,0.000000000000000
MNHubbard County,0.000000000000000,0.000000000000000,0.000000000000000,0.000000000000000,0.000000000000000
MNIsanti County,0.000000000000000,0.000000000000000,0.000000000000000,0.000000000000000,0.000000000000000
MNItasca County,0.000000000000000,0.000000000000000,0.000000000000000,0.000000000000000,0.000000000000000
MNJackson County,0.000000000000000,0.000000000000000,0.000000000000000,0.000000000000000,0.000000000000000
MNKanabec County,0.000000000000000,0.000000000000000,0.000000000000000,0.000000000000000,0.000000000000000
MNKandiyohi County,0.000000000000000,0.000000000000000,0.000000000000000,0.000000000000000,0.000000000000000
MNKittson County,0.000000000000000,0.000000000000000,0.000000000000000,0.000000000000000,0.000000000000000
MNKoochiching County,0.000000000000000,0.000000000000000,0.000000000000000,0.000000000000000,0.000000000000000
MNLac Qui Parle County,0.000000000000000,0.000000000000000,0.000000000000000,0.000000000000000,0.000000000000000
MNLake County,0.000000000000000,0.000000000000000,0.000000000000000,0.000000000000000,0.000000000000000
MNLake Of The Woods County,0.000000000000000,0.000000000000000,0.000000000000000,0.000000000000000,0.000000000000000
MNLe Sueur County,0.000000000000000,0.000000000000000,0.000000000000000,0.000000000000000,0.000000000000000
MNLincoln County,0.000000000000000,0.000000000000000,0.000000000000000,0.000000000000000,0.000000000000000
MNLyon County,0.000000000000000,0.000000000000000,0.000000000000000,0.000000000000000,0.000000000000000
MNMahnomen County,0.000000000000000,0.000000000000000,0.000000000000000,0.000000000000000,0.000000000000000
MNMarshall County,0.000000000000000,0.000000000000000,0.000000000000000,0.000000000000000,0.000000000000000
MNMartin County,0.000000000000000,0.000000000000000,0.000000000000000,0.000000000000000,0.000000000000000
MNMcleod County,0.000000000000000,0.000000000000000,0.000000000000000,0.000000000000000,0.000000000000000
MNMeeker County,0.000000000000000,0.000000000000000,0.000000000000000,0.000000000000000,0.000000000000000
MNMille Lacs County,0.000000000000000,0.000000000000000,0.000000000000000,0.000000000000000,0.000000000000000
MNMorrison County,0.000000000000000,0.000000000000000,0.000000000000000,0.000000000000000,0.000000000000000
MNMower County,0.000000000000000,0.000000000000000,0.000000000000000,0.000000000000000,0.000000000000000
MNMurray County,0.000000000000000,0.000000000000000,0.000000000000000,0.000000000000000,0.000000000000000
MNNicollet County,0.000000000000000,0.000000000000000,0.000000000000000,0.000000000000000,0.000000000000000
MNNobles County,0.000000000000000,0.000000000000000,0.000000000000000,0.000000000000000,0.000000000000000
MNNorman County,0.000000000000000,0.000000000000000,0.000000000000000,0.000000000000000,0.000000000000000
MNOlmsted County,0.000000000000000,0.000000000000000,0.000000000000000,0.000000000000000,0.000000000000000
MNOtter Tail County,0.000000000000000,0.000000000000000,0.000000000000000,0.000000000000000,0.000000000000000
MNPennington County,0.000000000000000,0.000000000000000,0.000000000000000,0.000000000000000,0.000000000000000
MNPine County,0.000000000000000,0.000000000000000,0.000000000000000,0.000000000000000,0.000000000000000
MNPipestone County,0.000000000000000,0.000000000000000,0.000000000000000,0.000000000000000,0.000000000000000
MNPolk County,0.000000000000000,0.000000000000000,0.000000000000000,0.000000000000000,0.000000000000000
MNPope County,0.000000000000000,0.000000000000000,0.000000000000000,0.000000000000000,0.000000000000000
MNRamsey County,0.000000000000000,0.000000000000000,0.000000000000000,0.000000000000000,0.000000000000000
MNRed Lake County,0.000000000000000,0.000000000000000,0.000000000000000,0.000000000000000,0.000000000000000
MNRedwood County,0.000000000000000,0.000000000000000,0.000000000000000,0.000000000000000,0.000000000000000
MNRenville County,0.000000000000000,0.000000000000000,0.000000000000000,0.000000000000000,0.000000000000000
MNRice County,0.000000000000000,0.000000000000000,0.000000000000000,0.000000000000000,0.000000000000000
MNRock County,0.000000000000000,0.000000000000000,0.000000000000000,0.000000000000000,0.000000000000000
MNRoseau County,0.000000000000000,0.000000000000000,0.000000000000000,0.000000000000000,0.000000000000000
MNScott County,0.000000000000000,0.000000000000000,0.000000000000000,0.000000000000000,0.000000000000000
MNSherburne County,0.000000000000000,0.000000000000000,0.000000000000000,0.000000000000000,0.000000000000000
MNSibley County,0.000000000000000,0.000000000000000,0.000000000000000,0.000000000000000,0.000000000000000
MNSt. Louis County,0.000000000000000,0.000000000000000,0.000000000000000,0.000000000000000,0.000000000000000
MNStearns County,0.000000000000000,0.000000000000000,0.000000000000000,0.000000000000000,0.000000000000000
MNSteele County,0.000000000000000,0.000000000000000,0.000000000000000,0.000000000000000,0.000000000000000
MNStevens County,0.000000000000000,0.000000000000000,0.000000000000000,0.000000000000000,0.000000000000000
MNSwift County,0.000000000000000,0.000000000000000,0.000000000000000,0.000000000000000,0.000000000000000
MNTodd County,0.000000000000000,0.000000000000000,0.000000000000000,0.000000000000000,0.000000000000000
MNTraverse County,0.000000000000000,0.000000000000000,0.000000000000000,0.000000000000000,0.000000000000000
MNWabasha County,0.000000000000000,0.000000000000000,0.000000000000000,0.000000000000000,0.000000000000000
MNWadena County,0.000000000000000,0.000000000000000,0.000000000000000,0.000000000000000,0.000000000000000
MNWaseca County,0.000000000000000,0.000000000000000,0.000000000000000,0.000000000000000,0.000000000000000
MNWashington County,0.000000000000000,0.000000000000000,0.000000000000000,0.000000000000000,0.000000000000000
MNWatonwan County,0.000000000000000,0.000000000000000,0.000000000000000,0.000000000000000,0.000000000000000
MNWilkin County,0.000000000000000,0.000000000000000,0.000000000000000,0.000000000000000,0.000000000000000
MNWinona County,0.000000000000000,0.000000000000000,0.000000000000000,0.000000000000000,0.000000000000000
MNWright County,0.000000000000000,0.000000000000000,0.000000000000000,0.000000000000000,0.000000000000000
MNYellow Medicine County,0.000000000000000,0.000000000000000,0.000000000000000,0.000000000000000,0.000000000000000
MOAdair County,0.000000000000000,0.000000000000000,0.000000000000000,0.000000000000000,0.000000000000000
MOAndrew County,0.000000000000000,0.000000000000000,0.000000000000000,0.000000000000000,0.000000000000000
MOAtchison County,0.000000000000000,0.000000000000000,0.000000000000000,0.000000000000000,0.000000000000000
MOAudrain County,0.000000000000000,0.000000000000000,0.000000000000000,0.000000000000000,0.000000000000000
MOBarry County,0.000000000000000,0.000000000000000,0.000000000000000,0.000000000000000,0.000000000000000
MOBarton County,0.000000000000000,0.000000000000000,0.000000000000000,0.000000000000000,0.000000000000000
MOBates County,0.000000000000000,0.000000000000000,0.000000000000000,0.000000000000000,0.000000000000000
MOBenton County,0.000000000000000,0.000000000000000,0.000000000000000,0.000000000000000,0.000000000000000
MOBollinger County,0.000000000000000,0.000000000000000,0.000000000000000,0.000000000000000,0.000000000000000
MOBoone County,0.000000000000000,0.000000000000000,0.000000000000000,0.000000000000000,0.000000000000000
MOBuchanan County,0.000000000000000,0.000000000000000,0.000000000000000,0.000000000000000,0.000000000000000
MOButler County,0.000000000000000,0.000000000000000,0.000000000000000,0.000000000000000,0.000000000000000
MOCaldwell County,0.000000000000000,0.000000000000000,0.000000000000000,0.000000000000000,0.000000000000000
MOCallaway County,0.000000000000000,0.000000000000000,0.000000000000000,0.000000000000000,0.000000000000000
MOCamden County,0.000000000000000,0.000000000000000,0.000000000000000,0.000000000000000,0.000000000000000
MOCape Girardeau County,0.000000000000000,0.000000000000000,0.000000000000000,0.000000000000000,0.000000000000000
MOCarroll County,0.000000000000000,0.000000000000000,0.000000000000000,0.000000000000000,0.000000000000000
MOCarter County,0.000000000000000,0.000000000000000,0.000000000000000,0.000000000000000,0.000000000000000
MOCass County,0.000000000000000,0.000000000000000,0.000000000000000,0.000000000000000,0.000000000000000
MOCedar County,0.000000000000000,0.000000000000000,0.000000000000000,0.000000000000000,0.000000000000000
MOChariton County,0.000000000000000,0.000000000000000,0.000000000000000,0.000000000000000,0.000000000000000
MOChristian County,0.000000000000000,0.000000000000000,0.000000000000000,0.000000000000000,0.000000000000000
MOClark County,0.000000000000000,0.000000000000000,0.000000000000000,0.000000000000000,0.000000000000000
MOClay County,0.000000000000000,0.000000000000000,0.000000000000000,0.000000000000000,0.000000000000000
MOClinton County,0.000000000000000,0.000000000000000,0.000000000000000,0.000000000000000,0.000000000000000
MOCole County,0.000000000000000,0.000000000000000,0.000000000000000,0.000000000000000,0.000000000000000
MOCooper County,0.000000000000000,0.000000000000000,0.000000000000000,0.000000000000000,0.000000000000000
MOCrawford County,0.000000000000000,0.000000000000000,0.000000000000000,0.000000000000000,0.000000000000000
MODade County,0.000000000000000,0.000000000000000,0.000000000000000,0.000000000000000,0.000000000000000
MODallas County,0.000000000000000,0.000000000000000,0.000000000000000,0.000000000000000,0.000000000000000
MODaviess County,0.000000000000000,0.000000000000000,0.000000000000000,0.000000000000000,0.000000000000000
MODekalb County,0.000000000000000,0.000000000000000,0.000000000000000,0.000000000000000,0.000000000000000
MODent County,0.000000000000000,0.000000000000000,0.000000000000000,0.000000000000000,0.000000000000000
MODouglas County,0.000000000000000,0.000000000000000,0.000000000000000,0.000000000000000,0.000000000000000
MODunklin County,0.000000000000000,0.000000000000000,0.000000000000000,0.000000000000000,0.000000000000000
MOFranklin County,0.000000000000000,0.000000000000000,0.000000000000000,0.000000000000000,0.000000000000000
MOGasconade County,0.000000000000000,0.000000000000000,0.000000000000000,0.000000000000000,0.000000000000000
MOGentry County,0.000000000000000,0.000000000000000,0.000000000000000,0.000000000000000,0.000000000000000
MOGreene County,0.000000000000000,0.000000000000000,0.000000000000000,0.000000000000000,0.000000000000000
MOGrundy County,0.000000000000000,0.000000000000000,0.000000000000000,0.000000000000000,0.000000000000000
MOHarrison County,0.000000000000000,0.000000000000000,0.000000000000000,0.000000000000000,0.000000000000000
MOHenry County,0.000000000000000,0.000000000000000,0.000000000000000,0.000000000000000,0.000000000000000
MOHickory County,0.000000000000000,0.000000000000000,0.000000000000000,0.000000000000000,0.000000000000000
MOHolt County,0.000000000000000,0.000000000000000,0.000000000000000,0.000000000000000,0.000000000000000
MOHoward County,0.000000000000000,0.000000000000000,0.000000000000000,0.000000000000000,0.000000000000000
MOHowell County,0.000000000000000,0.000000000000000,0.000000000000000,0.000000000000000,0.000000000000000
MOIron County,0.000000000000000,0.000000000000000,0.000000000000000,0.000000000000000,0.000000000000000
MOJackson County,0.000000000000000,0.000000000000000,0.000000000000000,0.000000000000000,0.000000000000000
MOJasper County,0.000000000000000,0.000000000000000,0.000000000000000,0.000000000000000,0.000000000000000
MOJefferson County,0.000000000000000,0.000000000000000,0.000000000000000,0.000000000000000,0.000000000000000
MOJohnson County,0.000000000000000,0.000000000000000,0.000000000000000,0.000000000000000,0.000000000000000
MOKnox County,0.000000000000000,0.000000000000000,0.000000000000000,0.000000000000000,0.000000000000000
MOLaclede County,0.000000000000000,0.000000000000000,0.000000000000000,0.000000000000000,0.000000000000000
MOLafayette County,0.000000000000000,0.000000000000000,0.000000000000000,0.000000000000000,0.000000000000000
MOLawrence County,0.000000000000000,0.000000000000000,0.000000000000000,0.000000000000000,0.000000000000000
MOLewis County,0.000000000000000,0.000000000000000,0.000000000000000,0.000000000000000,0.000000000000000
MOLincoln County,0.000000000000000,0.000000000000000,0.000000000000000,0.000000000000000,0.000000000000000
MOLinn County,0.000000000000000,0.000000000000000,0.000000000000000,0.000000000000000,0.000000000000000
MOLivingston County,0.000000000000000,0.000000000000000,0.000000000000000,0.000000000000000,0.000000000000000
MOMacon County,0.000000000000000,0.000000000000000,0.000000000000000,0.000000000000000,0.000000000000000
MOMadison County,0.000000000000000,0.000000000000000,0.000000000000000,0.000000000000000,0.000000000000000
MOMaries County,0.000000000000000,0.000000000000000,0.000000000000000,0.000000000000000,0.000000000000000
MOMarion County,0.000000000000000,0.000000000000000,0.000000000000000,0.000000000000000,0.000000000000000
MOMcdonald County,0.000000000000000,0.000000000000000,0.000000000000000,0.000000000000000,0.000000000000000
MOMercer County,0.000000000000000,0.000000000000000,0.000000000000000,0.000000000000000,0.000000000000000
MOMiller County,0.000000000000000,0.000000000000000,0.000000000000000,0.000000000000000,0.000000000000000
MOMississippi County,0.000000000000000,0.000000000000000,0.000000000000000,0.000000000000000,0.000000000000000
MOMoniteau County,0.000000000000000,0.000000000000000,0.000000000000000,0.000000000000000,0.000000000000000
MOMonroe County,0.000000000000000,0.000000000000000,0.000000000000000,0.000000000000000,0.000000000000000
MOMontgomery County,0.000000000000000,0.000000000000000,0.000000000000000,0.000000000000000,0.000000000000000
MOMorgan County,0.000000000000000,0.000000000000000,0.000000000000000,0.000000000000000,0.000000000000000
MONew Madrid County,0.000000000000000,0.000000000000000,0.000000000000000,0.000000000000000,0.000000000000000
MONewton County,0.000000000000000,0.000000000000000,0.000000000000000,0.000000000000000,0.000000000000000
MONodaway County,0.000000000000000,0.000000000000000,0.000000000000000,0.000000000000000,0.000000000000000
MOOregon County,0.000000000000000,0.000000000000000,0.000000000000000,0.000000000000000,0.000000000000000
MOOsage County,0.000000000000000,0.000000000000000,0.000000000000000,0.000000000000000,0.000000000000000
MOOzark County,0.000000000000000,0.000000000000000,0.000000000000000,0.000000000000000,0.000000000000000
MOPemiscot County,0.000000000000000,0.000000000000000,0.000000000000000,0.000000000000000,0.000000000000000
MOPerry County,0.000000000000000,0.000000000000000,0.000000000000000,0.000000000000000,0.000000000000000
MOPettis County,0.000000000000000,0.000000000000000,0.000000000000000,0.000000000000000,0.000000000000000
MOPhelps County,0.000000000000000,0.000000000000000,0.000000000000000,0.000000000000000,0.000000000000000
MOPike County,0.000000000000000,0.000000000000000,0.000000000000000,0.000000000000000,0.000000000000000
MOPlatte County,0.000000000000000,0.000000000000000,0.000000000000000,0.000000000000000,0.000000000000000
MOPolk County,0.000000000000000,0.000000000000000,0.000000000000000,0.000000000000000,0.000000000000000
MOPulaski County,0.000000000000000,0.000000000000000,0.000000000000000,0.000000000000000,0.000000000000000
MOPutnam County,0.000000000000000,0.000000000000000,0.000000000000000,0.000000000000000,0.000000000000000
MORalls County,0.000000000000000,0.000000000000000,0.000000000000000,0.000000000000000,0.000000000000000
MORandolph County,0.000000000000000,0.000000000000000,0.000000000000000,0.000000000000000,0.000000000000000
MORay County,0.000000000000000,0.000000000000000,0.000000000000000,0.000000000000000,0.000000000000000
MOReynolds County,0.000000000000000,0.000000000000000,0.000000000000000,0.000000000000000,0.000000000000000
MORipley County,0.000000000000000,0.000000000000000,0.000000000000000,0.000000000000000,0.000000000000000
MOSaline County,0.000000000000000,0.000000000000000,0.000000000000000,0.000000000000000,0.000000000000000
MOSchuyler County,0.000000000000000,0.000000000000000,0.000000000000000,0.000000000000000,0.000000000000000
MOScotland County,0.000000000000000,0.000000000000000,0.000000000000000,0.000000000000000,0.000000000000000
MOScott County,0.000000000000000,0.000000000000000,0.000000000000000,0.000000000000000,0.000000000000000
MOShannon County,0.000000000000000,0.000000000000000,0.000000000000000,0.000000000000000,0.000000000000000
MOShelby County,0.000000000000000,0.000000000000000,0.000000000000000,0.000000000000000,0.000000000000000
MOSt. Charles County,0.000000000000000,0.000000000000000,0.000000000000000,0.000000000000000,0.000000000000000
MOSt. Clair County,0.000000000000000,0.000000000000000,0.000000000000000,0.000000000000000,0.000000000000000
MOSt. Francois County,0.000000000000000,0.000000000000000,0.000000000000000,0.000000000000000,0.000000000000000
MOSt. Louis City,0.000000000000000,0.000000000000000,0.000000000000000,0.000000000000000,0.000000000000000
MOSt. Louis County,0.000000000000000,0.000000000000000,0.000000000000000,0.000000000000000,0.000000000000000
MOSte. Genevieve County,0.000000000000000,0.000000000000000,0.000000000000000,0.000000000000000,0.000000000000000
MOStoddard County,0.000000000000000,0.000000000000000,0.000000000000000,0.000000000000000,0.000000000000000
MOStone County,0.000000000000000,0.000000000000000,0.000000000000000,0.000000000000000,0.000000000000000
MOSullivan County,0.000000000000000,0.000000000000000,0.000000000000000,0.000000000000000,0.000000000000000
MOTaney County,0.000000000000000,0.000000000000000,0.000000000000000,0.000000000000000,0.000000000000000
MOTexas County,0.000000000000000,0.000000000000000,0.000000000000000,0.000000000000000,0.000000000000000
MOVernon County,0.000000000000000,0.000000000000000,0.000000000000000,0.000000000000000,0.000000000000000
MOWarren County,0.000000000000000,0.000000000000000,0.000000000000000,0.000000000000000,0.000000000000000
MOWashington County,0.000000000000000,0.000000000000000,0.000000000000000,0.000000000000000,0.000000000000000
MOWayne County,0.000000000000000,0.000000000000000,0.000000000000000,0.000000000000000,0.000000000000000
MOWebster County,0.000000000000000,0.000000000000000,0.000000000000000,0.000000000000000,0.000000000000000
MOWorth County,0.000000000000000,0.000000000000000,0.000000000000000,0.000000000000000,0.000000000000000
MOWright County,0.000000000000000,0.000000000000000,0.000000000000000,0.000000000000000,0.000000000000000
MSAdams County,0.000000000000000,-0.339099769673918,-0.192434275303705,0.161147724623353,0.357319240457314
MSAlcorn County,0.000000000000000,-0.397589169963173,-0.247589169963173,0.205536840783004,0.405536840783005
MSAmite County,0.000000000000000,-0.325263791335641,-0.181338331899712,0.151916980209196,0.344404397100272
MSAttala County,0.000000000000000,-0.372713322149362,-0.223789895450076,0.186796653349104,0.385193753710671
MSBenton County,0.000000000000000,-0.394589384389601,-0.244589384389601,0.203823690101568,0.403823690101569
MSBolivar County,0.000000000000000,-0.373443114611737,-0.223739979468648,0.186768608974665,0.386323311689300
MSCalhoun County,0.000000000000000,-0.379403375977771,-0.229985879417298,0.191560064785722,0.390686309626431
MSCarroll County,0.000000000000000,-0.384805114662805,-0.234972152436281,0.196055543108535,0.395804986448321
MSChickasaw County,0.000000000000000,-0.374893388522974,-0.226210640169128,0.188755183244327,0.386779305775095
MSChoctaw County,0.000000000000000,-0.381689395334444,-0.232746315569525,0.193809556970705,0.392228798135054
MSClaiborne County,0.000000000000000,-0.356435922091397,-0.208607458027086,0.174523562763059,0.371814994347675
MSClarke County,0.000000000000000,-0.341865475526471,-0.199203190234606,0.166622814913402,0.357769598758122
MSClay County,0.000000000000000,-0.366931566529876,-0.220750096862142,0.183924678684333,0.380117243563086
MSCoahoma County,0.000000000000000,-0.385407456341312,-0.235407456341312,0.196857146570649,0.396857146570649
MSCopiah County,0.000000000000000,-0.335810337145988,-0.190922120533610,0.160117195579370,0.354012922305691
MSCovington County,0.000000000000000,-0.323134033362892,-0.179272070045072,0.149718894035937,0.342261905632106
MSDesoto County,0.000000000000000,-0.389817856731396,-0.239817856731396,0.200018022934882,0.400018022934882
MSForrest County,0.000000000000000,-0.308411557576408,-0.167994541659057,0.140854013423846,0.329203977636906
MSFranklin County,0.000000000000000,-0.341403656500280,-0.196004404193169,0.164392297158053,0.358508595415180
MSGeorge County,0.000000000000000,-0.269763138573975,-0.136334435370635,0.114079364346945,0.293934700247076
MSGreene County,0.000000000000000,-0.302719184057826,-0.162625959905272,0.136238797306237,0.323944648844430
MSGrenada County,0.000000000000000,-0.387881961031963,-0.238046515091044,0.198377073619544,0.398130242530923
MSHancock County,0.000000000000000,-0.093275413916962,-0.044229602354549,0.036851708654183,0.104030965660741
MSHarrison County,0.000000000000000,-0.134526666070952,-0.063009684525945,0.052483076776324,0.150689820297501
MSHinds County,0.000000000000000,-0.346790749123621,-0.200002642060366,0.167457060465223,0.363628128869800
MSHolmes County,0.000000000000000,-0.364872153995153,-0.215743515236956,0.180343727752631,0.379036685889928
MSHumphreys County,0.000000000000000,-0.354869850195892,-0.206487935868845,0.172832988752052,0.370558201788509
MSIssaquena County,0.000000000000000,-0.350549853873014,-0.202529323699197,0.169657513944732,0.367161113437908
MSItawamba County,0.000000000000000,-0.391180536166957,-0.241201132879319,0.200497200409604,0.400466305341060
MSJackson County,0.000000000000000,-0.120757954494151,-0.055651062233378,0.046206773088663,0.136391326139254
MSJasper County,0.000000000000000,-0.338531967478135,-0.195083653950653,0.163072537852142,0.355180324869472
MSJefferson County,0.000000000000000,-0.353196930546625,-0.206088416666777,0.172647599020545,0.369164833129699
MSJefferson Davis County,0.000000000000000,-0.321303461350712,-0.178402767762850,0.149463501284312,0.341172267652380
MSJones County,0.000000000000000,-0.321303346863619,-0.180014012911070,0.150838177957252,0.340175856150985
MSKemper County,0.000000000000000,-0.360979181942393,-0.215260949392000,0.179314662889421,0.374956712975854
MSLafayette County,0.000000000000000,-0.391277923274375,-0.241277923274375,0.200640544611003,0.400640544611003
MSLamar County,0.000000000000000,-0.303070391529983,-0.163446929392057,0.137051141902875,0.324380254632659
MSLauderdale County,0.000000000000000,-0.350268174941082,-0.206748795028026,0.172419795187106,0.365407977302421
MSLawrence County,0.000000000000000,-0.324866421113859,-0.182134414122573,0.152496458760831,0.343923222786725
MSLeake County,0.000000000000000,-0.355950315733874,-0.209750963743378,0.175168768506117,0.371270279966396
MSLee County,0.000000000000000,-0.375549939571337,-0.226905302193106,0.189158761677057,0.387125717744404
MSLeflore County,0.000000000000000,-0.371260677509340,-0.221564685407357,0.184983693326668,0.384527681479641
MSLincoln County,0.000000000000000,-0.322746549263618,-0.181381485674364,0.152213514243706,0.341272087280590
MSLowndes County,0.000000000000000,-0.369554390239235,-0.223076962339833,0.185792225690783,0.382168209387459
MSMadison County,0.000000000000000,-0.342050404920964,-0.195496946852929,0.163616253733552,0.359704867298414
MSMarion County,0.000000000000000,-0.302169675650963,-0.162783804762196,0.136592761521792,0.323917159508223
MSMarshall County,0.000000000000000,-0.392769089131547,-0.242769089131547,0.202093361314626,0.402093361314626
MSMonroe County,0.000000000000000,-0.381276364397806,-0.232868283153100,0.193980348474159,0.391592470341217
MSMontgomery County,0.000000000000000,-0.380519224212327,-0.231133353622929,0.192685951242895,0.391764757126992
MSNeshoba County,0.000000000000000,-0.354160308214220,-0.209044907998894,0.174227580340477,0.369403602182849
MSNewton County,0.000000000000000,-0.348549453404735,-0.204241798569312,0.170342649558521,0.363602945346483
MSNoxubee County,0.000000000000000,-0.359619141155534,-0.214726187868539,0.178987198552264,0.374190913239025
MSOktibbeha County,0.000000000000000,-0.371767545073123,-0.223947369139537,0.186551992966441,0.383888127475571
MSPanola County,0.000000000000000,-0.385142297607573,-0.235142297607573,0.196161945206151,0.396161945206152
MSPearl River County,0.000000000000000,-0.258916626228989,-0.130371915033560,0.108983762027573,0.283075974282609
MSPerry County,0.000000000000000,-0.309058013436543,-0.168464888242777,0.141183247113931,0.329387513248170
MSPike County,0.000000000000000,-0.304464605405305,-0.164241405649380,0.137761760237926,0.325315034842736
MSPontotoc County,0.000000000000000,-0.378957710325226,-0.229326683302796,0.190828780325346,0.390275320858990
MSPrentiss County,0.000000000000000,-0.389612514012270,-0.239627663896224,0.199028312914130,0.399005588088200
MSQuitman County,0.000000000000000,-0.380355206251561,-0.230355206251561,0.192724546345580,0.392724546345579
MSRankin County,0.000000000000000,-0.342490834092990,-0.196591205485483,0.164653396184156,0.360051318625449
MSScott County,0.000000000000000,-0.347089902227094,-0.201087272513917,0.168249923477443,0.363876205865834
MSSharkey County,0.000000000000000,-0.356906531725581,-0.208599024675760,0.174602594879345,0.372604159021980
MSSimpson County,0.000000000000000,-0.332681032322743,-0.188349416561887,0.157468033533018,0.351043390981257
MSSmith County,0.000000000000000,-0.335043441441527,-0.190188791436023,0.158823246746292,0.352777430697512
MSStone County,0.000000000000000,-0.276894295229386,-0.143236491551822,0.119882970347399,0.299921951782262
MSSunflower County,0.000000000000000,-0.366215170522948,-0.216637503036245,0.181057159175608,0.380423660405663
MSTallahatchie County,0.000000000000000,-0.375923002720724,-0.225923002720724,0.188490063605762,0.388490063605762
MSTate County,0.000000000000000,-0.385112784671491,-0.235112784671491,0.196410394776872,0.396410394776872
MSTippah County,0.000000000000000,-0.388035261271206,-0.238035261271206,0.198347921334372,0.398347921334372
MSTishomingo County,0.000000000000000,-0.395970377356226,-0.245970377356227,0.204339110397269,0.404339110397269
MSTunica County,0.000000000000000,-0.381094986462168,-0.231094986462169,0.193319860279144,0.393319860279143
MSUnion County,0.000000000000000,-0.379532245917788,-0.229532245917788,0.190912291746599,0.390912291746599
MSWalthall County,0.000000000000000,-0.300119652669455,-0.161305083665038,0.135273106789483,0.321749922473112
MSWarren County,0.000000000000000,-0.359664271298409,-0.211052030614167,0.176694121662095,0.375204144903653
MSWashington County,0.000000000000000,-0.364310435892819,-0.215239016743970,0.179741689496961,0.378622967927115
MSWayne County,0.000000000000000,-0.322176322601210,-0.180621035025494,0.151467775332536,0.340604280807308
MSWebster County,0.000000000000000,-0.382400345873936,-0.233074069237393,0.194211810562340,0.393201225517155
MSWilkinson County,0.000000000000000,-0.330921809668206,-0.185672451026269,0.155536709572383,0.349686134255090
MSWinston County,0.000000000000000,-0.365905191164156,-0.219146811264477,0.182732977645408,0.378980673311569
MSYalobusha County,0.000000000000000,-0.388366281952117,-0.238366281952117,0.198552598906859,0.398552598906859
MSYazoo County,0.000000000000000,-0.357999906351288,-0.208816067698308,0.174729549090709,0.373505307070181
MTBeaverhead County,0.000000000000000,0.000000000000000,0.000000000000000,0.000000000000000,0.000000000000000
MTBig Horn County,0.000000000000000,0.000000000000000,0.000000000000000,0.000000000000000,0.000000000000000
MTBlaine County,0.000000000000000,0.000000000000000,0.000000000000000,0.000000000000000,0.000000000000000
MTBroadwater County,0.000000000000000,0.000000000000000,0.000000000000000,0.000000000000000,0.000000000000000
MTCarbon County,0.000000000000000,0.000000000000000,0.000000000000000,0.000000000000000,0.000000000000000
MTCarter County,0.000000000000000,0.000000000000000,0.000000000000000,0.000000000000000,0.000000000000000
MTCascade County,0.000000000000000,0.000000000000000,0.000000000000000,0.000000000000000,0.000000000000000
MTChouteau County,0.000000000000000,0.000000000000000,0.000000000000000,0.000000000000000,0.000000000000000
MTCuster County,0.000000000000000,0.000000000000000,0.000000000000000,0.000000000000000,0.000000000000000
MTDaniels County,0.000000000000000,0.000000000000000,0.000000000000000,0.000000000000000,0.000000000000000
MTDawson County,0.000000000000000,0.000000000000000,0.000000000000000,0.000000000000000,0.000000000000000
MTDeer Lodge County,0.000000000000000,0.000000000000000,0.000000000000000,0.000000000000000,0.000000000000000
MTFallon County,0.000000000000000,0.000000000000000,0.000000000000000,0.000000000000000,0.000000000000000
MTFergus County,0.000000000000000,0.000000000000000,0.000000000000000,0.000000000000000,0.000000000000000
MTFlathead County,0.000000000000000,0.000000000000000,0.000000000000000,0.000000000000000,0.000000000000000
MTGallatin County,0.000000000000000,0.000000000000000,0.000000000000000,0.000000000000000,0.000000000000000
MTGarfield County,0.000000000000000,0.000000000000000,0.000000000000000,0.000000000000000,0.000000000000000
MTGlacier County,0.000000000000000,0.000000000000000,0.000000000000000,0.000000000000000,0.000000000000000
MTGolden Valley County,0.000000000000000,0.000000000000000,0.000000000000000,0.000000000000000,0.000000000000000
MTGranite County,0.000000000000000,0.000000000000000,0.000000000000000,0.000000000000000,0.000000000000000
MTHill County,0.000000000000000,0.000000000000000,0.000000000000000,0.000000000000000,0.000000000000000
MTJefferson County,0.000000000000000,0.000000000000000,0.000000000000000,0.000000000000000,0.000000000000000
MTJudith Basin County,0.000000000000000,0.000000000000000,0.000000000000000,0.000000000000000,0.000000000000000
MTLake County,0.000000000000000,0.000000000000000,0.000000000000000,0.000000000000000,0.000000000000000
MTLewis And Clark County,0.000000000000000,0.000000000000000,0.000000000000000,0.000000000000000,0.000000000000000
MTLiberty County,0.000000000000000,0.000000000000000,0.000000000000000,0.000000000000000,0.000000000000000
MTLincoln County,0.000000000000000,0.000000000000000,0.000000000000000,0.000000000000000,0.000000000000000
MTMadison County,0.000000000000000,0.000000000000000,0.000000000000000,0.000000000000000,0.000000000000000
MTMccone County,0.000000000000000,0.000000000000000,0.000000000000000,0.000000000000000,0.000000000000000
MTMeagher County,0.000000000000000,0.000000000000000,0.000000000000000,0.000000000000000,0.000000000000000
MTMineral County,0.000000000000000,0.000000000000000,0.000000000000000,0.000000000000000,0.000000000000000
MTMissoula County,0.000000000000000,0.000000000000000,0.000000000000000,0.000000000000000,0.000000000000000
MTMusselshell County,0.000000000000000,0.000000000000000,0.000000000000000,0.000000000000000,0.000000000000000
MTPark County,0.000000000000000,0.000000000000000,0.000000000000000,0.000000000000000,0.000000000000000
MTPetroleum County,0.000000000000000,0.000000000000000,0.000000000000000,0.000000000000000,0.000000000000000
MTPhillips County,0.000000000000000,0.000000000000000,0.000000000000000,0.000000000000000,0.000000000000000
MTPondera County,0.000000000000000,0.000000000000000,0.000000000000000,0.000000000000000,0.000000000000000
MTPowder River County,0.000000000000000,0.000000000000000,0.000000000000000,0.000000000000000,0.000000000000000
MTPowell County,0.000000000000000,0.000000000000000,0.000000000000000,0.000000000000000,0.000000000000000
MTPrairie County,0.000000000000000,0.000000000000000,0.000000000000000,0.000000000000000,0.000000000000000
MTRavalli County,0.000000000000000,0.000000000000000,0.000000000000000,0.000000000000000,0.000000000000000
MTRichland County,0.000000000000000,0.000000000000000,0.000000000000000,0.000000000000000,0.000000000000000
MTRoosevelt County,0.000000000000000,0.000000000000000,0.000000000000000,0.000000000000000,0.000000000000000
MTRosebud County,0.000000000000000,0.000000000000000,0.000000000000000,0.000000000000000,0.000000000000000
MTSanders County,0.000000000000000,0.000000000000000,0.000000000000000,0.000000000000000,0.000000000000000
MTSheridan County,0.000000000000000,0.000000000000000,0.000000000000000,0.000000000000000,0.000000000000000
MTSilver Bow County,0.000000000000000,0.000000000000000,0.000000000000000,0.000000000000000,0.000000000000000
MTStillwater County,0.000000000000000,0.000000000000000,0.000000000000000,0.000000000000000,0.000000000000000
MTSweet Grass County,0.000000000000000,0.000000000000000,0.000000000000000,0.000000000000000,0.000000000000000
MTTeton County,0.000000000000000,0.000000000000000,0.000000000000000,0.000000000000000,0.000000000000000
MTToole County,0.000000000000000,0.000000000000000,0.000000000000000,0.000000000000000,0.000000000000000
MTTreasure County,0.000000000000000,0.000000000000000,0.000000000000000,0.000000000000000,0.000000000000000
MTValley County,0.000000000000000,0.000000000000000,0.000000000000000,0.000000000000000,0.000000000000000
MTWheatland County,0.000000000000000,0.000000000000000,0.000000000000000,0.000000000000000,0.000000000000000
MTWibaux County,0.000000000000000,0.000000000000000,0.000000000000000,0.000000000000000,0.000000000000000
MTYellowstone County,0.000000000000000,0.000000000000000,0.000000000000000,0.000000000000000,0.000000000000000
NCAlamance County,0.000000000000000,-0.385564211130426,-0.235841162248633,0.196960969699490,0.396545543022179
NCAlexander County,0.000000000000000,-0.396872351712733,-0.247409895865657,0.206189064504599,0.405609986112285
NCAlleghany County,0.000000000000000,-0.403229378179555,-0.253517460327343,0.210836538559780,0.410404415338098
NCAnson County,0.000000000000000,-0.372437306103724,-0.223294011501098,0.186132123570480,0.385006783384330
NCAshe County,0.000000000000000,-0.407823847768265,-0.258380628182725,0.214524276069928,0.413689105448239
NCAvery County,0.000000000000000,-0.411439127917921,-0.261757934931172,0.217295854066000,0.416817643546122
NCBeaufort County,0.000000000000000,-0.180162409571060,-0.097530521444531,0.081650191633946,0.192804426497878
NCBertie County,0.000000000000000,-0.339537978170432,-0.198541320892059,0.165985896529653,0.354206700435402
NCBladen County,0.000000000000000,-0.320633299666538,-0.177784775668705,0.148932666323304,0.340230609894084
NCBrunswick County,0.000000000000000,-0.184443121518273,-0.091790021271700,0.076686045367534,0.202878416780955
NCBuncombe County,0.000000000000000,-0.404691936569049,-0.255123937552963,0.212136947852306,0.411488946376437
NCBurke County,0.000000000000000,-0.407427418631376,-0.257747467863250,0.214431101933029,0.413951028085217
NCCabarrus County,0.000000000000000,-0.378417467531764,-0.230023881039083,0.191695755185129,0.389286134924150
NCCaldwell County,0.000000000000000,-0.407981317711704,-0.258323953275815,0.214814322695894,0.414300369349727
NCCamden County,0.000000000000000,-0.224428163157184,-0.122720859895886,0.102820572406036,0.239834346833915
NCCarteret County,0.000000000000000,-0.149409244927623,-0.071227072660115,0.059519244346291,0.166119636209553
NCCaswell County,0.000000000000000,-0.391120801565086,-0.241202414280774,0.201185092908924,0.401062673835391
NCCatawba County,0.000000000000000,-0.391232774390004,-0.241825381783061,0.201564107924813,0.400942132972526
NCChatham County,0.000000000000000,-0.382492944030143,-0.233030503845822,0.194514031063793,0.393829065570859
NCCherokee County,0.000000000000000,-0.411767407713121,-0.261767407713121,0.217935963466410,0.417935963466410
NCChowan County,0.000000000000000,-0.283213667841665,-0.157000760998441,0.131553481768978,0.300532413165646
NCClay County,0.000000000000000,-0.410312421597684,-0.260312421597684,0.216664116358578,0.416664116358578
NCCleveland County,0.000000000000000,-0.399442924392959,-0.249650082364517,0.207928513566654,0.407617776609317
NCColumbus County,0.000000000000000,-0.295320057223607,-0.156251489585217,0.130650934014698,0.317639919354378
NCCraven County,0.000000000000000,-0.191702357141428,-0.103349185721489,0.086519087233121,0.205229759503610
NCCumberland County,0.000000000000000,-0.357118869889936,-0.208749776426390,0.174583719858755,0.372714510650157
NCCurrituck County,0.000000000000000,-0.193992949601543,-0.098462982076621,0.082355425589455,0.211706903125013
NCDare County,0.000000000000000,-0.166939269158083,-0.077992888247165,0.065101083085920,0.186774406789374
NCDavidson County,0.000000000000000,-0.375400162881953,-0.226811170365528,0.189044488778146,0.386992979095928
NCDavie County,0.000000000000000,-0.384224858773798,-0.234559903171173,0.195266658820423,0.394764092224360
NCDuplin County,0.000000000000000,-0.316056173768812,-0.174379641807909,0.145811689642381,0.335798822485575
NCDurham County,0.000000000000000,-0.386041948856179,-0.236362806404964,0.197171686998046,0.396724183839318
NCEdgecombe County,0.000000000000000,-0.352655013485511,-0.205608035138110,0.171980086061104,0.368329294754329
NCForsyth County,0.000000000000000,-0.386655695565608,-0.236694687397191,0.196965789077158,0.396907301329784
NCFranklin County,0.000000000000000,-0.375488578265982,-0.225986718968587,0.188639992843110,0.388140775884789
NCGaston County,0.000000000000000,-0.397711897499518,-0.247884652885580,0.206515383603220,0.406256250524126
NCGates County,0.000000000000000,-0.262236842822143,-0.154257768719854,0.128994102127922,0.273225588038588
NCGraham County,0.000000000000000,-0.413476812124625,-0.263476812124625,0.219124854806105,0.419124854806106
NCGranville County,0.000000000000000,-0.384685599891331,-0.234872653455412,0.195937008566980,0.395656428220858
NCGreene County,0.000000000000000,-0.337957181510586,-0.192187320741814,0.160876074898902,0.355669923632503
NCGuilford County,0.000000000000000,-0.381829650458655,-0.232017796122811,0.193132862474382,0.392850643978148
NCHalifax County,0.000000000000000,-0.366621196097334,-0.217927167434415,0.182121290375841,0.380710201713710
NCHarnett County,0.000000000000000,-0.358746521650929,-0.210430744078005,0.175927549366197,0.373910561761936
NCHaywood County,0.000000000000000,-0.407902847833949,-0.258251060914277,0.214685706094192,0.414163386473701
NCHenderson County,0.000000000000000,-0.404860472321698,-0.255231655032624,0.212406399099887,0.411849625033498
NCHertford County,0.000000000000000,-0.356067105442766,-0.210007124927844,0.175534664357410,0.370658621564925
NCHoke County,0.000000000000000,-0.354441348843162,-0.207547072168292,0.173381455779178,0.370084404071689
NCHyde County,0.000000000000000,-0.150729644223330,-0.073465613158239,0.061458074765317,0.166316962192231
NCIredell County,0.000000000000000,-0.388277267829442,-0.238828082266950,0.199085438508054,0.398534109464302
NCJackson County,0.000000000000000,-0.410159711761183,-0.260159711761183,0.216182505070395,0.416182505070395
NCJohnston County,0.000000000000000,-0.352718521684479,-0.205121797880677,0.171545319506485,0.368542595946894
NCJones County,0.000000000000000,-0.320569026461989,-0.177440664121473,0.148562903837812,0.340051612772426
NCLee County,0.000000000000000,-0.373436451601686,-0.224322952013734,0.187332314352720,0.386385822214371
NCLenoir County,0.000000000000000,-0.330243751791300,-0.185488968187803,0.155229064676559,0.348617491877369
NCLincoln County,0.000000000000000,-0.393522945458353,-0.243859114462634,0.203337661228955,0.402937405335125
NCMacon County,0.000000000000000,-0.409270442715308,-0.259270442715308,0.215681668761716,0.415681668761716
NCMadison County,0.000000000000000,-0.406017687846961,-0.256490097740022,0.213038665025509,0.412330050185918
NCMartin County,0.000000000000000,-0.298206657491326,-0.172487417632897,0.144304834789854,0.312182230348464
NCMcdowell County,0.000000000000000,-0.407675290169121,-0.257983298560006,0.214508382556307,0.414046369969979
NCMecklenburg County,0.000000000000000,-0.388503924127707,-0.238667515033762,0.198996977682528,0.398763290933864
NCMitchell County,0.000000000000000,-0.410154838827637,-0.260370685839890,0.216093988987694,0.415770218469315
NCMontgomery County,0.000000000000000,-0.368223710331460,-0.221956543801721,0.184928600956052,0.381162244380957
NCMoore County,0.000000000000000,-0.364513708766996,-0.217408910351369,0.181553922120218,0.378603645016526
NCNash County,0.000000000000000,-0.362070154654326,-0.213347504315517,0.178213740698188,0.376717354746981
NCNew Hanover County,0.000000000000000,-0.178568957970510,-0.088445507154684,0.073974304902926,0.197081725316720
NCNorthampton County,0.000000000000000,-0.371581996855651,-0.222659916450875,0.185964342045216,0.384879497336330
NCOnslow County,0.000000000000000,-0.201788146212176,-0.105090420654572,0.088055575680525,0.218997881959235
NCOrange County,0.000000000000000,-0.387603095871731,-0.237895274572971,0.198465732697657,0.398027464645796
NCPamlico County,0.000000000000000,-0.109332744152849,-0.056316869380656,0.047169159945870,0.118836625813799
NCPasquotank County,0.000000000000000,-0.297726726422098,-0.162812073381998,0.136459099352745,0.318044873029841
NCPender County,0.000000000000000,-0.277534693918438,-0.147474648261441,0.123430349484528,0.299167991756694
NCPerquimans County,0.000000000000000,-0.288653920880308,-0.157883445308169,0.132231585824328,0.307921933470401
NCPerson County,0.000000000000000,-0.386998942898319,-0.237173148279551,0.197807172949654,0.397545864877806
NCPitt County,0.000000000000000,-0.338355973861458,-0.192574431437704,0.161123930380893,0.355821855521144
NCPolk County,0.000000000000000,-0.407413001142752,-0.257485365773195,0.214139724640816,0.414031177695153
NCRandolph County,0.000000000000000,-0.373378616827323,-0.225275298765409,0.187731582497184,0.385215994357173
NCRichmond County,0.000000000000000,-0.363520282717309,-0.215741188373665,0.180146398776602,0.377512859102574
NCRobeson County,0.000000000000000,-0.328640705914263,-0.184856820047950,0.154662288436477,0.347452513460974
NCRockingham County,0.000000000000000,-0.389920238797879,-0.239920238797879,0.199940576515744,0.399940576515744
NCRowan County,0.000000000000000,-0.379663682893065,-0.231054409284423,0.192481535251039,0.390420575816549
NCRutherford County,0.000000000000000,-0.403390702701486,-0.253629048000813,0.211136275631379,0.410778757682389
NCSampson County,0.000000000000000,-0.329024112640761,-0.184592898756353,0.154459531413911,0.347466813699105
NCScotland County,0.000000000000000,-0.346673936164956,-0.200621827747179,0.167569689706710,0.363060331139879
NCStanly County,0.000000000000000,-0.372996497993623,-0.224562666397818,0.187185414579273,0.384836161972981
NCStokes County,0.000000000000000,-0.394077770368217,-0.244077770368217,0.203285235393434,0.403285235393434
NCSurry County,0.000000000000000,-0.397708208460157,-0.247809516270242,0.206351111383280,0.406199149668153
NCSwain County,0.000000000000000,-0.411116330794089,-0.261116330794089,0.216948592990096,0.416948592990095
NCTransylvania County,0.000000000000000,-0.409567585315004,-0.259693600442976,0.215845650854879,0.415656628162922
NCTyrrell County,0.000000000000000,-0.229686948300753,-0.125259356907782,0.104934577689181,0.245300965800807
NCUnion County,0.000000000000000,-0.376734285379797,-0.227718426048140,0.189934231068972,0.388458020066458
NCVance County,0.000000000000000,-0.381273813969239,-0.231356865201793,0.193076754308388,0.392952177459557
NCWake County,0.000000000000000,-0.377488069834247,-0.228330531398473,0.190519799003922,0.389727081196134
NCWarren County,0.000000000000000,-0.381418303706053,-0.231489659765197,0.193325006047785,0.393217971959071
NCWashington County,0.000000000000000,-0.276442530154600,-0.151638025257210,0.127004773324880,0.294761580971919
NCWatauga County,0.000000000000000,-0.408897078261450,-0.259292074304910,0.215283183841630,0.414690689776440
NCWayne County,0.000000000000000,-0.333609231340954,-0.188929675922224,0.158013273959709,0.351296907740639
NCWilkes County,0.000000000000000,-0.404511236756960,-0.254900368327553,0.211978235192265,0.411394537836374
NCWilson County,0.000000000000000,-0.349259714829588,-0.202581868420836,0.169337079049052,0.365285499731594
NCYadkin County,0.000000000000000,-0.391429505348023,-0.241663995647037,0.201524803170928,0.401173067722408
NCYancey County,0.000000000000000,-0.408178779454428,-0.258403022871493,0.214524921817167,0.414188556691570
NDAdams County,0.000000000000000,0.000000000000000,0.000000000000000,0.000000000000000,0.000000000000000
NDBarnes County,0.000000000000000,0.000000000000000,0.000000000000000,0.000000000000000,0.000000000000000
NDBenson County,0.000000000000000,0.000000000000000,0.000000000000000,0.000000000000000,0.000000000000000
NDBillings County,0.000000000000000,0.000000000000000,0.000000000000000,0.000000000000000,0.000000000000000
NDBottineau County,0.000000000000000,0.000000000000000,0.000000000000000,0.000000000000000,0.000000000000000
NDBowman County,0.000000000000000,0.000000000000000,0.000000000000000,0.000000000000000,0.000000000000000
NDBurke County,0.000000000000000,0.000000000000000,0.000000000000000,0.000000000000000,0.000000000000000
NDBurleigh County,0.000000000000000,0.000000000000000,0.000000000000000,0.000000000000000,0.000000000000000
NDCass County,0.000000000000000,0.000000000000000,0.000000000000000,0.000000000000000,0.000000000000000
NDCavalier County,0.000000000000000,0.000000000000000,0.000000000000000,0.000000000000000,0.000000000000000
NDDickey County,0.000000000000000,0.000000000000000,0.000000000000000,0.000000000000000,0.000000000000000
NDDivide County,0.000000000000000,0.000000000000000,0.000000000000000,0.000000000000000,0.000000000000000
NDDunn County,0.000000000000000,0.000000000000000,0.000000000000000,0.000000000000000,0.000000000000000
NDEddy County,0.000000000000000,0.000000000000000,0.000000000000000,0.000000000000000,0.000000000000000
NDEmmons County,0.000000000000000,0.000000000000000,0.000000000000000,0.000000000000000,0.000000000000000
NDFoster County,0.000000000000000,0.000000000000000,0.000000000000000,0.000000000000000,0.000000000000000
NDGolden Valley County,0.000000000000000,0.000000000000000,0.000000000000000,0.000000000000000,0.000000000000000
NDGrand Forks County,0.000000000000000,0.000000000000000,0.000000000000000,0.000000000000000,0.000000000000000
NDGrant County,0.000000000000000,0.000000000000000,0.000000000000000,0.000000000000000,0.000000000000000
NDGriggs County,0.000000000000000,0.000000000000000,0.000000000000000,0.000000000000000,0.000000000000000
NDHettinger County,0.000000000000000,0.000000000000000,0.000000000000000,0.000000000000000,0.000000000000000
NDKidder County,0.000000000000000,0.000000000000000,0.000000000000000,0.000000000000000,0.000000000000000
NDLamoure County,0.000000000000000,0.000000000000000,0.000000000000000,0.000000000000000,0.000000000000000
NDLogan County,0.000000000000000,0.000000000000000,0.000000000000000,0.000000000000000,0.000000000000000
NDMchenry County,0.000000000000000,0.000000000000000,0.000000000000000,0.000000000000000,0.000000000000000
NDMcintosh County,0.000000000000000,0.000000000000000,0.000000000000000,0.000000000000000,0.000000000000000
NDMckenzie County,0.000000000000000,0.000000000000000,0.000000000000000,0.000000000000000,0.000000000000000
NDMclean County,0.000000000000000,0.000000000000000,0.000000000000000,0.000000000000000,0.000000000000000
NDMercer County,0.000000000000000,0.000000000000000,0.000000000000000,0.000000000000000,0.000000000000000
NDMorton County,0.000000000000000,0.000000000000000,0.000000000000000,0.000000000000000,0.000000000000000
NDMountrail County,0.000000000000000,0.000000000000000,0.000000000000000,0.000000000000000,0.000000000000000
NDNelson County,0.000000000000000,0.000000000000000,0.000000000000000,0.000000000000000,0.000000000000000
NDOliver County,0.000000000000000,0.000000000000000,0.000000000000000,0.000000000000000,0.000000000000000
NDPembina County,0.000000000000000,0.000000000000000,0.000000000000000,0.000000000000000,0.000000000000000
NDPierce County,0.000000000000000,0.000000000000000,0.000000000000000,0.000000000000000,0.000000000000000
NDRamsey County,0.000000000000000,0.000000000000000,0.000000000000000,0.000000000000000,0.000000000000000
NDRansom County,0.000000000000000,0.000000000000000,0.000000000000000,0.000000000000000,0.000000000000000
NDRenville County,0.000000000000000,0.000000000000000,0.000000000000000,0.000000000000000,0.000000000000000
NDRichland County,0.000000000000000,0.000000000000000,0.000000000000000,0.000000000000000,0.000000000000000
NDRolette County,0.000000000000000,0.000000000000000,0.000000000000000,0.000000000000000,0.000000000000000
NDSargent County,0.000000000000000,0.000000000000000,0.000000000000000,0.000000000000000,0.000000000000000
NDSheridan County,0.000000000000000,0.000000000000000,0.000000000000000,0.000000000000000,0.000000000000000
NDSioux County,0.000000000000000,0.000000000000000,0.000000000000000,0.000000000000000,0.000000000000000
NDSlope County,0.000000000000000,0.000000000000000,0.000000000000000,0.000000000000000,0.000000000000000
NDStark County,0.000000000000000,0.000000000000000,0.000000000000000,0.000000000000000,0.000000000000000
NDSteele County,0.000000000000000,0.000000000000000,0.000000000000000,0.000000000000000,0.000000000000000
NDStutsman County,0.000000000000000,0.000000000000000,0.000000000000000,0.000000000000000,0.000000000000000
NDTowner County,0.000000000000000,0.000000000000000,0.000000000000000,0.000000000000000,0.000000000000000
NDTraill County,0.000000000000000,0.000000000000000,0.000000000000000,0.000000000000000,0.000000000000000
NDWalsh County,0.000000000000000,0.000000000000000,0.000000000000000,0.000000000000000,0.000000000000000
NDWard County,0.000000000000000,0.000000000000000,0.000000000000000,0.000000000000000,0.000000000000000
NDWells County,0.000000000000000,0.000000000000000,0.000000000000000,0.000000000000000,0.000000000000000
NDWilliams County,0.000000000000000,0.000000000000000,0.000000000000000,0.000000000000000,0.000000000000000
NEAdams County,0.000000000000000,0.000000000000000,0.000000000000000,0.000000000000000,0.000000000000000
NEAntelope County,0.000000000000000,0.000000000000000,0.000000000000000,0.000000000000000,0.000000000000000
NEArthur County,0.000000000000000,0.000000000000000,0.000000000000000,0.000000000000000,0.000000000000000
NEBanner County,0.000000000000000,0.000000000000000,0.000000000000000,0.000000000000000,0.000000000000000
NEBlaine County,0.000000000000000,0.000000000000000,0.000000000000000,0.000000000000000,0.000000000000000
NEBoone County,0.000000000000000,0.000000000000000,0.000000000000000,0.000000000000000,0.000000000000000
NEBox Butte County,0.000000000000000,0.000000000000000,0.000000000000000,0.000000000000000,0.000000000000000
NEBoyd County,0.000000000000000,0.000000000000000,0.000000000000000,0.000000000000000,0.000000000000000
NEBrown County,0.000000000000000,0.000000000000000,0.000000000000000,0.000000000000000,0.000000000000000
NEBuffalo County,0.000000000000000,0.000000000000000,0.000000000000000,0.000000000000000,0.000000000000000
NEBurt County,0.000000000000000,0.000000000000000,0.000000000000000,0.000000000000000,0.000000000000000
NEButler County,0.000000000000000,0.000000000000000,0.000000000000000,0.000000000000000,0.000000000000000
NECass County,0.000000000000000,0.000000000000000,0.000000000000000,0.000000000000000,0.000000000000000
NECedar County,0.000000000000000,0.000000000000000,0.000000000000000,0.000000000000000,0.000000000000000
NEChase County,0.000000000000000,0.000000000000000,0.000000000000000,0.000000000000000,0.000000000000000
NECherry County,0.000000000000000,0.000000000000000,0.000000000000000,0.000000000000000,0.000000000000000
NECheyenne County,0.000000000000000,0.000000000000000,0.000000000000000,0.000000000000000,0.000000000000000
NEClay County,0.000000000000000,0.000000000000000,0.000000000000000,0.000000000000000,0.000000000000000
NEColfax County,0.000000000000000,0.000000000000000,0.000000000000000,0.000000000000000,0.000000000000000
NECuming County,0.000000000000000,0.000000000000000,0.000000000000000,0.000000000000000,0.000000000000000
NECuster County,0.000000000000000,0.000000000000000,0.000000000000000,0.000000000000000,0.000000000000000
NEDakota County,0.000000000000000,0.000000000000000,0.000000000000000,0.000000000000000,0.000000000000000
NEDawes County,0.000000000000000,0.000000000000000,0.000000000000000,0.000000000000000,0.000000000000000
NEDawson County,0.000000000000000,0.000000000000000,0.000000000000000,0.000000000000000,0.000000000000000
NEDeuel County,0.000000000000000,0.000000000000000,0.000000000000000,0.000000000000000,0.000000000000000
NEDixon County,0.000000000000000,0.000000000000000,0.000000000000000,0.000000000000000,0.000000000000000
NEDodge County,0.000000000000000,0.000000000000000,0.000000000000000,0.000000000000000,0.000000000000000
NEDouglas County,0.000000000000000,0.000000000000000,0.000000000000000,0.000000000000000,0.000000000000000
NEDundy County,0.000000000000000,0.000000000000000,0.000000000000000,0.000000000000000,0.000000000000000
NEFillmore County,0.000000000000000,0.000000000000000,0.000000000000000,0.000000000000000,0.000000000000000
NEFranklin County,0.000000000000000,0.000000000000000,0.000000000000000,0.000000000000000,0.000000000000000
NEFrontier County,0.000000000000000,0.000000000000000,0.000000000000000,0.000000000000000,0.000000000000000
NEFurnas County,0.000000000000000,0.000000000000000,0.000000000000000,0.000000000000000,0.000000000000000
NEGage County,0.000000000000000,0.000000000000000,0.000000000000000,0.000000000000000,0.000000000000000
NEGarden County,0.000000000000000,0.000000000000000,0.000000000000000,0.000000000000000,0.000000000000000
NEGarfield County,0.000000000000000,0.000000000000000,0.000000000000000,0.000000000000000,0.000000000000000
NEGosper County,0.000000000000000,0.000000000000000,0.000000000000000,0.000000000000000,0.000000000000000
NEGrant County,0.000000000000000,0.000000000000000,0.000000000000000,0.000000000000000,0.000000000000000
NEGreeley County,0.000000000000000,0.000000000000000,0.000000000000000,0.000000000000000,0.000000000000000
NEHall County,0.000000000000000,0.000000000000000,0.000000000000000,0.000000000000000,0.000000000000000
NEHamilton County,0.000000000000000,0.000000000000000,0.000000000000000,0.000000000000000,0.000000000000000
NEHarlan County,0.000000000000000,0.000000000000000,0.000000000000000,0.000000000000000,0.000000000000000
NEHayes County,0.000000000000000,0.000000000000000,0.000000000000000,0.000000000000000,0.000000000000000
NEHitchcock County,0.000000000000000,0.000000000000000,0.000000000000000,0.000000000000000,0.000000000000000
NEHolt County,0.000000000000000,0.000000000000000,0.000000000000000,0.000000000000000,0.000000000000000
NEHooker County,0.000000000000000,0.000000000000000,0.000000000000000,0.000000000000000,0.000000000000000
NEHoward County,0.000000000000000,0.000000000000000,0.000000000000000,0.000000000000000,0.000000000000000
NEJefferson County,0.000000000000000,0.000000000000000,0.000000000000000,0.000000000000000,0.000000000000000
NEJohnson County,0.000000000000000,0.000000000000000,0.000000000000000,0.000000000000000,0.000000000000000
NEKearney County,0.000000000000000,0.000000000000000,0.000000000000000,0.000000000000000,0.000000000000000
NEKeith County,0.000000000000000,0.000000000000000,0.000000000000000,0.000000000000000,0.000000000000000
NEKeya Paha County,0.000000000000000,0.000000000000000,0.000000000000000,0.000000000000000,0.000000000000000
NEKimball County,0.000000000000000,0.000000000000000,0.000000000000000,0.000000000000000,0.000000000000000
NEKnox County,0.000000000000000,0.000000000000000,0.000000000000000,0.000000000000000,0.000000000000000
NELancaster County,0.000000000000000,0.000000000000000,0.000000000000000,0.000000000000000,0.000000000000000
NELincoln County,0.000000000000000,0.000000000000000,0.000000000000000,0.000000000000000,0.000000000000000
NELogan County,0.000000000000000,0.000000000000000,0.000000000000000,0.000000000000000,0.000000000000000
NELoup County,0.000000000000000,0.000000000000000,0.000000000000000,0.000000000000000,0.000000000000000
NEMadison County,0.000000000000000,0.000000000000000,0.000000000000000,0.000000000000000,0.000000000000000
NEMcpherson County,0.000000000000000,0.000000000000000,0.000000000000000,0.000000000000000,0.000000000000000
NEMerrick County,0.000000000000000,0.000000000000000,0.000000000000000,0.000000000000000,0.000000000000000
NEMorrill County,0.000000000000000,0.000000000000000,0.000000000000000,0.000000000000000,0.000000000000000
NENance County,0.000000000000000,0.000000000000000,0.000000000000000,0.000000000000000,0.000000000000000
NENemaha County,0.000000000000000,0.000000000000000,0.000000000000000,0.000000000000000,0.000000000000000
NENuckolls County,0.000000000000000,0.000000000000000,0.000000000000000,0.000000000000000,0.000000000000000
NEOtoe County,0.000000000000000,0.000000000000000,0.000000000000000,0.000000000000000,0.000000000000000
NEPawnee County,0.000000000000000,0.000000000000000,0.000000000000000,0.000000000000000,0.000000000000000
NEPerkins County,0.000000000000000,0.000000000000000,0.000000000000000,0.000000000000000,0.000000000000000
NEPhelps County,0.000000000000000,0.000000000000000,0.000000000000000,0.000000000000000,0.000000000000000
NEPierce County,0.000000000000000,0.000000000000000,0.000000000000000,0.000000000000000,0.000000000000000
NEPlatte County,0.000000000000000,0.000000000000000,0.000000000000000,0.000000000000000,0.000000000000000
NEPolk County,0.000000000000000,0.000000000000000,0.000000000000000,0.000000000000000,0.000000000000000
NERed Willow County,0.000000000000000,0.000000000000000,0.000000000000000,0.000000000000000,0.000000000000000
NERichardson County,0.000000000000000,0.000000000000000,0.000000000000000,0.000000000000000,0.000000000000000
NERock County,0.000000000000000,0.000000000000000,0.000000000000000,0.000000000000000,0.000000000000000
NESaline County,0.000000000000000,0.000000000000000,0.000000000000000,0.000000000000000,0.000000000000000
NESarpy County,0.000000000000000,0.000000000000000,0.000000000000000,0.000000000000000,0.000000000000000
NESaunders County,0.000000000000000,0.000000000000000,0.000000000000000,0.000000000000000,0.000000000000000
NEScotts Bluff County,0.000000000000000,0.000000000000000,0.000000000000000,0.000000000000000,0.000000000000000
NESeward County,0.000000000000000,0.000000000000000,0.000000000000000,0.000000000000000,0.000000000000000
NESheridan County,0.000000000000000,0.000000000000000,0.000000000000000,0.000000000000000,0.000000000000000
NESherman County,0.000000000000000,0.000000000000000,0.000000000000000,0.000000000000000,0.000000000000000
NESioux County,0.000000000000000,0.000000000000000,0.000000000000000,0.000000000000000,0.000000000000000
NEStanton County,0.000000000000000,0.000000000000000,0.000000000000000,0.000000000000000,0.000000000000000
NEThayer County,0.000000000000000,0.000000000000000,0.000000000000000,0.000000000000000,0.000000000000000
NEThomas County,0.000000000000000,0.000000000000000,0.000000000000000,0.000000000000000,0.000000000000000
NEThurston County,0.000000000000000,0.000000000000000,0.000000000000000,0.000000000000000,0.000000000000000
NEValley County,0.000000000000000,0.000000000000000,0.000000000000000,0.000000000000000,0.000000000000000
NEWashington County,0.000000000000000,0.000000000000000,0.000000000000000,0.000000000000000,0.000000000000000
NEWayne County,0.000000000000000,0.000000000000000,0.000000000000000,0.000000000000000,0.000000000000000
NEWebster County,0.000000000000000,0.000000000000000,0.000000000000000,0.000000000000000,0.000000000000000
NEWheeler County,0.000000000000000,0.000000000000000,0.000000000000000,0.000000000000000,0.000000000000000
NEYork County,0.000000000000000,0.000000000000000,0.000000000000000,0.000000000000000,0.000000000000000
NHBelknap County,0.000000000000000,-0.374126678362336,-0.224130933384080,0.187512023213768,0.387505640681153
NHCarroll County,0.000000000000000,-0.379553128709332,-0.229629476542197,0.191995666854297,0.391881145105000
NHCheshire County,0.000000000000000,-0.384304251471191,-0.234304251471191,0.195931349508656,0.395931349508656
NHCoos County,0.000000000000000,-0.399391461830713,-0.249391461830713,0.207634281021216,0.407634281021216
NHGrafton County,0.000000000000000,-0.385509443499211,-0.235509443499211,0.196668675854274,0.396668675854274
NHHillsborough County,0.000000000000000,-0.373404668468805,-0.223642455503573,0.187280667532467,0.386923986980316
NHMerrimack County,0.000000000000000,-0.380473955259910,-0.230473955259911,0.192662469735194,0.392662469735194
NHRockingham County,0.000000000000000,-0.341534198811913,-0.196187854980375,0.164596147930329,0.358517985619532
NHStrafford County,0.000000000000000,-0.369911627338799,-0.219928799034083,0.184072835581671,0.384047707983541
NHSullivan County,0.000000000000000,-0.384620217005383,-0.234620217005382,0.196018951636548,0.396018951636548
NJAtlantic County,0.000000000000000,-0.221815569626921,-0.117351631979031,0.098173208680039,0.238570749408245
NJBergen County,0.000000000000000,-0.281849791722365,-0.164778774188775,0.138272125110828,0.294368762875204
NJBurlington County,0.000000000000000,-0.334906842690581,-0.194848984239394,0.163087892755164,0.349924954895439
NJCamden County,0.000000000000000,-0.361872997856863,-0.215095061911575,0.179882994661249,0.375590314918879
NJCape May County,0.000000000000000,-0.160597148241786,-0.084722236673609,0.070856305961328,0.173219459486466
NJCumberland County,0.000000000000000,-0.131715961095853,-0.074132888403588,0.061995758609657,0.139161217939629
NJEssex County,0.000000000000000,-0.356528284006273,-0.209089670852193,0.175283476492466,0.371864814145254
NJGloucester County,0.000000000000000,-0.270608499649668,-0.159763693557632,0.133538616917322,0.281354027066580
NJHudson County,0.000000000000000,-0.102746962129651,-0.058088678242439,0.048725560366290,0.108335221700035
NJHunterdon County,0.000000000000000,-0.375817882516388,-0.225978269001492,0.188823514651669,0.388600226315789
NJMercer County,0.000000000000000,-0.370542523778829,-0.220900111982190,0.184784669932020,0.384293775565810
NJMiddlesex County,0.000000000000000,-0.259424897458165,-0.151971602326319,0.127289775908465,0.270576306102652
NJMonmouth County,0.000000000000000,-0.224320534344882,-0.122883222028469,0.103060659343881,0.238718290490795
NJMorris County,0.000000000000000,-0.384518625148096,-0.234547410355158,0.196070683651277,0.396031470839784
NJOcean County,0.000000000000000,-0.221759171506181,-0.115422523513244,0.096622994698581,0.239894352426954
NJPassaic County,0.000000000000000,-0.371351261477754,-0.221488764469989,0.185718777128424,0.385538886164497
NJSalem County,0.000000000000000,-0.123813045170938,-0.072778785408659,0.060795641418682,0.128876955568153
NJSomerset County,0.000000000000000,-0.377294444452077,-0.227418525714594,0.190095345543065,0.389912070220367
NJSussex County,0.000000000000000,-0.386737057198779,-0.236764929997957,0.197814457934019,0.397780188451601
NJUnion County,0.000000000000000,-0.354117900740822,-0.208835260785363,0.175035211373669,0.368736106857983
NJWarren County,0.000000000000000,-0.388022884766175,-0.238041673469083,0.198738858047713,0.398710674993352
NMBernalillo County,0.000000000000000,0.000000000000000,0.000000000000000,0.000000000000000,0.000000000000000
NMCatron County,0.000000000000000,0.000000000000000,0.000000000000000,0.000000000000000,0.000000000000000
NMChaves County,0.000000000000000,0.000000000000000,0.000000000000000,0.000000000000000,0.000000000000000
NMCibola County,0.000000000000000,0.000000000000000,0.000000000000000,0.000000000000000,0.000000000000000
NMColfax County,0.000000000000000,0.000000000000000,0.000000000000000,0.000000000000000,0.000000000000000
NMCurry County,0.000000000000000,0.000000000000000,0.000000000000000,0.000000000000000,0.000000000000000
NMDebaca County,0.000000000000000,0.000000000000000,0.000000000000000,0.000000000000000,0.000000000000000
NMDona Ana County,0.000000000000000,0.000000000000000,0.000000000000000,0.000000000000000,0.000000000000000
NMEddy County,0.000000000000000,0.000000000000000,0.000000000000000,0.000000000000000,0.000000000000000
NMGrant County,0.000000000000000,0.000000000000000,0.000000000000000,0.000000000000000,0.000000000000000
NMGuadalupe County,0.000000000000000,0.000000000000000,0.000000000000000,0.000000000000000,0.000000000000000
NMHarding County,0.000000000000000,0.000000000000000,0.000000000000000,0.000000000000000,0.000000000000000
NMHidalgo County,0.000000000000000,0.000000000000000,0.000000000000000,0.000000000000000,0.000000000000000
NMLea County,0.000000000000000,0.000000000000000,0.000000000000000,0.000000000000000,0.000000000000000
NMLincoln County,0.000000000000000,0.000000000000000,0.000000000000000,0.000000000000000,0.000000000000000
NMLos Alamos County,0.000000000000000,0.000000000000000,0.000000000000000,0.000000000000000,0.000000000000000
NMLuna County,0.000000000000000,0.000000000000000,0.000000000000000,0.000000000000000,0.000000000000000
NMMckinley County,0.000000000000000,0.000000000000000,0.000000000000000,0.000000000000000,0.000000000000000
NMMora County,0.000000000000000,0.000000000000000,0.000000000000000,0.000000000000000,0.000000000000000
NMOtero County,0.000000000000000,0.000000000000000,0.000000000000000,0.000000000000000,0.000000000000000
NMQuay County,0.000000000000000,0.000000000000000,0.000000000000000,0.000000000000000,0.000000000000000
NMRio Arriba County,0.000000000000000,0.000000000000000,0.000000000000000,0.000000000000000,0.000000000000000
NMRoosevelt County,0.000000000000000,0.000000000000000,0.000000000000000,0.000000000000000,0.000000000000000
NMSan Juan County,0.000000000000000,0.000000000000000,0.000000000000000,0.000000000000000,0.000000000000000
NMSan Miguel County,0.000000000000000,0.000000000000000,0.000000000000000,0.000000000000000,0.000000000000000
NMSandoval County,0.000000000000000,0.000000000000000,0.000000000000000,0.000000000000000,0.000000000000000
NMSanta Fe County,0.000000000000000,0.000000000000000,0.000000000000000,0.000000000000000,0.000000000000000
NMSierra County,0.000000000000000,0.000000000000000,0.000000000000000,0.000000000000000,0.000000000000000
NMSocorro County,0.000000000000000,0.000000000000000,0.000000000000000,0.000000000000000,0.000000000000000
NMTaos County,0.000000000000000,0.000000000000000,0.000000000000000,0.000000000000000,0.000000000000000
NMTorrance County,0.000000000000000,0.000000000000000,0.000000000000000,0.000000000000000,0.000000000000000
NMUnion County,0.000000000000000,0.000000000000000,0.000000000000000,0.000000000000000,0.000000000000000
NMValencia County,0.000000000000000,0.000000000000000,0.000000000000000,0.000000000000000,0.000000000000000
NVCarson City,0.000000000000000,0.000000000000000,0.000000000000000,0.000000000000000,0.000000000000000
NVChurchill County,0.000000000000000,0.000000000000000,0.000000000000000,0.000000000000000,0.000000000000000
NVClark County,0.000000000000000,0.000000000000000,0.000000000000000,0.000000000000000,0.000000000000000
NVDouglas County,0.000000000000000,0.000000000000000,0.000000000000000,0.000000000000000,0.000000000000000
NVElko County,0.000000000000000,0.000000000000000,0.000000000000000,0.000000000000000,0.000000000000000
NVEsmeralda County,0.000000000000000,0.000000000000000,0.000000000000000,0.000000000000000,0.000000000000000
NVEureka County,0.000000000000000,0.000000000000000,0.000000000000000,0.000000000000000,0.000000000000000
NVHumboldt County,0.000000000000000,0.000000000000000,0.000000000000000,0.000000000000000,0.000000000000000
NVLander County,0.000000000000000,0.000000000000000,0.000000000000000,0.000000000000000,0.000000000000000
NVLincoln County,0.000000000000000,0.000000000000000,0.000000000000000,0.000000000000000,0.000000000000000
NVLyon County,0.000000000000000,0.000000000000000,0.000000000000000,0.000000000000000,0.000000000000000
NVMineral County,0.000000000000000,0.000000000000000,0.000000000000000,0.000000000000000,0.000000000000000
NVNye County,0.000000000000000,0.000000000000000,0.000000000000000,0.000000000000000,0.000000000000000
NVPershing County,0.000000000000000,0.000000000000000,0.000000000000000,0.000000000000000,0.000000000000000
NVStorey County,0.000000000000000,0.000000000000000,0.000000000000000,0.000000000000000,0.000000000000000
NVWashoe County,0.000000000000000,0.000000000000000,0.000000000000000,0.000000000000000,0.000000000000000
NVWhite Pine County,0.000000000000000,0.000000000000000,0.000000000000000,0.000000000000000,0.000000000000000
NYAlbany County,0.000000000000000,-0.382635586900530,-0.232635586900531,0.194693708512523,0.394693708512522
NYAllegany County,0.000000000000000,-0.421270749754742,-0.271270749754742,0.225136050972865,0.425136050972865
NYBronx County,0.000000000000000,-0.087186209956684,-0.048466695866763,0.040712554125462,0.092352717706331
NYBroome County,0.000000000000000,-0.412508956571396,-0.262508956571396,0.218220036570619,0.418220036570621
NYCattaraugus County,0.000000000000000,-0.427330251250351,-0.277330251250351,0.230261686933017,0.430261686933017
NYCayuga County,0.000000000000000,-0.405887890938526,-0.255887890938526,0.212661987826644,0.412661987826644
NYChautauqua County,0.000000000000000,-0.419935800855932,-0.269935800855932,0.224298369440272,0.424298369440272
NYChemung County,0.000000000000000,-0.416852097554457,-0.266852097554457,0.221965077313527,0.421965077313527
NYChenango County,0.000000000000000,-0.411186925222693,-0.261186925222693,0.217081558729540,0.417081558729540
NYClinton County,0.000000000000000,-0.389680534127493,-0.239999665136654,0.199851444157666,0.399372747643925
NYColumbia County,0.000000000000000,-0.373307931023599,-0.223307931023599,0.186798176056439,0.386798176056439
NYCortland County,0.000000000000000,-0.409285509199766,-0.259285509199767,0.215433046643118,0.415433046643118
NYDelaware County,0.000000000000000,-0.402498154257677,-0.252498154257677,0.210424962809512,0.410424962809513
NYDutchess County,0.000000000000000,-0.360609578048811,-0.210615528929412,0.176419798096097,0.376410871775196
NYErie County,0.000000000000000,-0.426701152022537,-0.276701152022537,0.229541126287639,0.429541126287639
NYEssex County,0.000000000000000,-0.391103506879989,-0.241378331787670,0.201147138303223,0.400734900941700
NYFranklin County,0.000000000000000,-0.398913831425945,-0.248913831425945,0.207067521156196,0.407067521156196
NYFulton County,0.000000000000000,-0.394803933000990,-0.244803933000991,0.203942556592393,0.403942556592393
NYGenesee County,0.000000000000000,-0.418675365406098,-0.268675365406098,0.222878594335579,0.422878594335579
NYGreene County,0.000000000000000,-0.390489048690994,-0.240489048690994,0.200747034265115,0.400747034265115
NYHamilton County,0.000000000000000,-0.405008365641813,-0.255008365641813,0.212080601151877,0.412080601151876
NYHerkimer County,0.000000000000000,-0.401406376403258,-0.251406376403258,0.209396110591030,0.409396110591030
NYJefferson County,0.000000000000000,-0.389642447295331,-0.239690530945359,0.199805774239004,0.399733648763964
NYKings County,0.000000000000000,-0.182823054077414,-0.103859981258671,0.087278374480938,0.192651552097487
NYLewis County,0.000000000000000,-0.399667937704879,-0.249667937704879,0.208100030781749,0.408100030781750
NYLivingston County,0.000000000000000,-0.417293898972156,-0.267293898972156,0.221891428626612,0.421891428626612
NYMadison County,0.000000000000000,-0.404631347998296,-0.254631347998297,0.212024248174745,0.412024248174746
NYMonroe County,0.000000000000000,-0.417887577402730,-0.267887577402730,0.222558529960117,0.422558529960118
NYMontgomery County,0.000000000000000,-0.390176789736184,-0.240176789736184,0.200273121101027,0.400273121101027
NYNassau County,0.000000000000000,-0.153855960923290,-0.082921362804667,0.069666040667367,0.164443753486636
NYNew York County,0.000000000000000,-0.137941280743100,-0.078290432571640,0.065779246458290,0.145371505755272
NYNiagara County,0.000000000000000,-0.416070309705509,-0.266070309705509,0.220799035737487,0.420799035737487
NYOneida County,0.000000000000000,-0.405957855200839,-0.255957855200838,0.213231260785343,0.413231260785343
NYOnondaga County,0.000000000000000,-0.410411730490704,-0.260411730490704,0.216553293840448,0.416553293840447
NYOntario County,0.000000000000000,-0.413483414690185,-0.263483414690185,0.218904038494022,0.418904038494021
NYOrange County,0.000000000000000,-0.373609864062705,-0.223648860875622,0.187487305784980,0.387437052770472
NYOrleans County,0.000000000000000,-0.416972607306306,-0.266972607306306,0.221758927962105,0.421758927962106
NYOswego County,0.000000000000000,-0.402808336398198,-0.252808336398198,0.210484751071092,0.410484751071092
NYOtsego County,0.000000000000000,-0.401952127929594,-0.251952127929594,0.209939907096172,0.409939907096172
NYPutnam County,0.000000000000000,-0.355636424256404,-0.205646943018364,0.172630662185819,0.372614884042879
NYQueens County,0.000000000000000,-0.176434836260152,-0.097392380470267,0.081860295118152,0.187378375280879
NYRensselaer County,0.000000000000000,-0.378901647461460,-0.228901647461461,0.191668565540072,0.391668565540072
NYRichmond County,0.000000000000000,-0.225688150196627,-0.126803919131179,0.106356640453514,0.238349634365839
NYRockland County,0.000000000000000,-0.220762414288876,-0.125443593544501,0.105240477351609,0.232320084678648
NYSaratoga County,0.000000000000000,-0.385742031861588,-0.235742031861588,0.197015951083087,0.397015951083087
NYSchenectady County,0.000000000000000,-0.390522879120313,-0.240522879120314,0.200906873008256,0.400906873008256
NYSchoharie County,0.000000000000000,-0.395972525631631,-0.245972525631631,0.205137209989139,0.405137209989139
NYSchuyler County,0.000000000000000,-0.412129160418772,-0.262129160418772,0.217979608330368,0.417979608330368
NYSeneca County,0.000000000000000,-0.403162366962575,-0.253162366962575,0.210236164478109,0.410236164478109
NYSt. Lawrence County,0.000000000000000,-0.393816527169198,-0.243816527169198,0.203287781772423,0.403287781772423
NYSteuben County,0.000000000000000,-0.416919747056310,-0.266919747056310,0.221749805670391,0.421749805670392
NYSuffolk County,0.000000000000000,-0.194808724045192,-0.096162113342804,0.080444112403022,0.213186423006234
NYSullivan County,0.000000000000000,-0.400115688776227,-0.250131506569528,0.208527148975949,0.408503422285996
NYTioga County,0.000000000000000,-0.411384989287520,-0.261384989287520,0.217474487955278,0.417474487955278
NYTompkins County,0.000000000000000,-0.408811111807912,-0.258811111807912,0.215074580165176,0.415074580165176
NYUlster County,0.000000000000000,-0.376674072863814,-0.226674738470379,0.189743276136874,0.389742277727029
NYWarren County,0.000000000000000,-0.395607100784716,-0.245607100784716,0.204677067588707,0.404677067588707
NYWashington County,0.000000000000000,-0.382114547823507,-0.232114547823507,0.193980228259543,0.393980228259543
NYWayne County,0.000000000000000,-0.412504680012109,-0.262504680012109,0.218295948102138,0.418295948102138
NYWestchester County,0.000000000000000,-0.244253189623771,-0.137941661486170,0.115832853833735,0.257587808835553
NYWyoming County,0.000000000000000,-0.419292670109444,-0.269292670109444,0.223429309757776,0.423429309757777
NYYates County,0.000000000000000,-0.405850451463746,-0.255889591717305,0.212574877042018,0.412516166661679
OHAdams County,0.000000000000000,0.000000000000000,0.000000000000000,0.000000000000000,0.000000000000000
OHAllen County,0.000000000000000,0.000000000000000,0.000000000000000,0.000000000000000,0.000000000000000
OHAshland County,0.000000000000000,0.000000000000000,0.000000000000000,0.000000000000000,0.000000000000000
OHAshtabula County,0.000000000000000,0.000000000000000,0.000000000000000,0.000000000000000,0.000000000000000
OHAthens County,0.000000000000000,0.000000000000000,0.000000000000000,0.000000000000000,0.000000000000000
OHAuglaize County,0.000000000000000,0.000000000000000,0.000000000000000,0.000000000000000,0.000000000000000
OHBelmont County,0.000000000000000,0.000000000000000,0.000000000000000,0.000000000000000,0.000000000000000
OHBrown County,0.000000000000000,0.000000000000000,0.000000000000000,0.000000000000000,0.000000000000000
OHButler County,0.000000000000000,0.000000000000000,0.000000000000000,0.000000000000000,0.000000000000000
OHCarroll County,0.000000000000000,0.000000000000000,0.000000000000000,0.000000000000000,0.000000000000000
OHChampaign County,0.000000000000000,0.000000000000000,0.000000000000000,0.000000000000000,0.000000000000000
OHClark County,0.000000000000000,0.000000000000000,0.000000000000000,0.000000000000000,0.000000000000000
OHClermont County,0.000000000000000,0.000000000000000,0.000000000000000,0.000000000000000,0.000000000000000
OHClinton County,0.000000000000000,0.000000000000000,0.000000000000000,0.000000000000000,0.000000000000000
OHColumbiana County,0.000000000000000,0.000000000000000,0.000000000000000,0.000000000000000,0.000000000000000
OHCoshocton County,0.000000000000000,0.000000000000000,0.000000000000000,0.000000000000000,0.000000000000000
OHCrawford County,0.000000000000000,0.000000000000000,0.000000000000000,0.000000000000000,0.000000000000000
OHCuyahoga County,0.000000000000000,0.000000000000000,0.000000000000000,0.000000000000000,0.000000000000000
OHDarke County,0.000000000000000,0.000000000000000,0.000000000000000,0.000000000000000,0.000000000000000
OHDefiance County,0.000000000000000,0.000000000000000,0.000000000000000,0.000000000000000,0.000000000000000
OHDelaware County,0.000000000000000,0.000000000000000,0.000000000000000,0.000000000000000,0.000000000000000
OHErie County,0.000000000000000,0.000000000000000,0.000000000000000,0.000000000000000,0.000000000000000
OHFairfield County,0.000000000000000,0.000000000000000,0.000000000000000,0.000000000000000,0.000000000000000
OHFayette County,0.000000000000000,0.000000000000000,0.000000000000000,0.000000000000000,0.000000000000000
OHFranklin County,0.000000000000000,0.000000000000000,0.000000000000000,0.000000000000000,0.000000000000000
OHFulton County,0.000000000000000,0.000000000000000,0.000000000000000,0.000000000000000,0.000000000000000
OHGallia County,0.000000000000000,0.000000000000000,0.000000000000000,0.000000000000000,0.000000000000000
OHGeauga County,0.000000000000000,0.000000000000000,0.000000000000000,0.000000000000000,0.000000000000000
OHGreene County,0.000000000000000,0.000000000000000,0.000000000000000,0.000000000000000,0.000000000000000
OHGuernsey County,0.000000000000000,0.000000000000000,0.000000000000000,0.000000000000000,0.000000000000000
OHHamilton County,0.000000000000000,0.000000000000000,0.000000000000000,0.000000000000000,0.000000000000000
OHHancock County,0.000000000000000,0.000000000000000,0.000000000000000,0.000000000000000,0.000000000000000
OHHardin County,0.000000000000000,0.000000000000000,0.000000000000000,0.000000000000000,0.000000000000000
OHHarrison County,0.000000000000000,0.000000000000000,0.000000000000000,0.000000000000000,0.000000000000000
OHHenry County,0.000000000000000,0.000000000000000,0.000000000000000,0.000000000000000,0.000000000000000
OHHighland County,0.000000000000000,0.000000000000000,0.000000000000000,0.000000000000000,0.000000000000000
OHHocking County,0.000000000000000,0.000000000000000,0.000000000000000,0.000000000000000,0.000000000000000
OHHolmes County,0.000000000000000,0.000000000000000,0.000000000000000,0.000000000000000,0.000000000000000
OHHuron County,0.000000000000000,0.000000000000000,0.000000000000000,0.000000000000000,0.000000000000000
OHJackson County,0.000000000000000,0.000000000000000,0.000000000000000,0.000000000000000,0.000000000000000
OHJefferson County,0.000000000000000,0.000000000000000,0.000000000000000,0.000000000000000,0.000000000000000
OHKnox County,0.000000000000000,0.000000000000000,0.000000000000000,0.000000000000000,0.000000000000000
OHLake County,0.000000000000000,0.000000000000000,0.000000000000000,0.000000000000000,0.000000000000000
OHLawrence County,0.000000000000000,0.000000000000000,0.000000000000000,0.000000000000000,0.000000000000000
OHLicking County,0.000000000000000,0.000000000000000,0.000000000000000,0.000000000000000,0.000000000000000
OHLogan County,0.000000000000000,0.000000000000000,0.000000000000000,0.000000000000000,0.000000000000000
OHLorain County,0.000000000000000,0.000000000000000,0.000000000000000,0.000000000000000,0.000000000000000
OHLucas County,0.000000000000000,0.000000000000000,0.000000000000000,0.000000000000000,0.000000000000000
OHMadison County,0.000000000000000,0.000000000000000,0.000000000000000,0.000000000000000,0.000000000000000
OHMahoning County,0.000000000000000,0.000000000000000,0.000000000000000,0.000000000000000,0.000000000000000
OHMarion County,0.000000000000000,0.000000000000000,0.000000000000000,0.000000000000000,0.000000000000000
OHMedina County,0.000000000000000,0.000000000000000,0.000000000000000,0.000000000000000,0.000000000000000
OHMeigs County,0.000000000000000,0.000000000000000,0.000000000000000,0.000000000000000,0.000000000000000
OHMercer County,0.000000000000000,0.000000000000000,0.000000000000000,0.000000000000000,0.000000000000000
OHMiami County,0.000000000000000,0.000000000000000,0.000000000000000,0.000000000000000,0.000000000000000
OHMonroe County,0.000000000000000,0.000000000000000,0.000000000000000,0.000000000000000,0.000000000000000
OHMontgomery County,0.000000000000000,0.000000000000000,0.000000000000000,0.000000000000000,0.000000000000000
OHMorgan County,0.000000000000000,0.000000000000000,0.000000000000000,0.000000000000000,0.000000000000000
OHMorrow County,0.000000000000000,0.000000000000000,0.000000000000000,0.000000000000000,0.000000000000000
OHMuskingum County,0.000000000000000,0.000000000000000,0.000000000000000,0.000000000000000,0.000000000000000
OHNoble County,0.000000000000000,0.000000000000000,0.000000000000000,0.000000000000000,0.000000000000000
OHOttawa County,0.000000000000000,0.000000000000000,0.000000000000000,0.000000000000000,0.000000000000000
OHPaulding County,0.000000000000000,0.000000000000000,0.000000000000000,0.000000000000000,0.000000000000000
OHPerry County,0.000000000000000,0.000000000000000,0.000000000000000,0.000000000000000,0.000000000000000
OHPickaway County,0.000000000000000,0.000000000000000,0.000000000000000,0.000000000000000,0.000000000000000
OHPike County,0.000000000000000,0.000000000000000,0.000000000000000,0.000000000000000,0.000000000000000
OHPortage County,0.000000000000000,0.000000000000000,0.000000000000000,0.000000000000000,0.000000000000000
OHPreble County,0.000000000000000,0.000000000000000,0.000000000000000,0.000000000000000,0.000000000000000
OHPutnam County,0.000000000000000,0.000000000000000,0.000000000000000,0.000000000000000,0.000000000000000
OHRichland County,0.000000000000000,0.000000000000000,0.000000000000000,0.000000000000000,0.000000000000000
OHRoss County,0.000000000000000,0.000000000000000,0.000000000000000,0.000000000000000,0.000000000000000
OHSandusky County,0.000000000000000,0.000000000000000,0.000000000000000,0.000000000000000,0.000000000000000
OHScioto County,0.000000000000000,0.000000000000000,0.000000000000000,0.000000000000000,0.000000000000000
OHSeneca County,0.000000000000000,0.000000000000000,0.000000000000000,0.000000000000000,0.000000000000000
OHShelby County,0.000000000000000,0.000000000000000,0.000000000000000,0.000000000000000,0.000000000000000
OHStark County,0.000000000000000,0.000000000000000,0.000000000000000,0.000000000000000,0.000000000000000
OHSummit County,0.000000000000000,0.000000000000000,0.000000000000000,0.000000000000000,0.000000000000000
OHTrumbull County,0.000000000000000,0.000000000000000,0.000000000000000,0.000000000000000,0.000000000000000
OHTuscarawas County,0.000000000000000,0.000000000000000,0.000000000000000,0.000000000000000,0.000000000000000
OHUnion County,0.000000000000000,0.000000000000000,0.000000000000000,0.000000000000000,0.000000000000000
OHVan Wert County,0.000000000000000,0.000000000000000,0.000000000000000,0.000000000000000,0.000000000000000
OHVinton County,0.000000000000000,0.000000000000000,0.000000000000000,0.000000000000000,0.000000000000000
OHWarren County,0.000000000000000,0.000000000000000,0.000000000000000,0.000000000000000,0.000000000000000
OHWashington County,0.000000000000000,0.000000000000000,0.000000000000000,0.000000000000000,0.000000000000000
OHWayne County,0.000000000000000,0.000000000000000,0.000000000000000,0.000000000000000,0.000000000000000
OHWilliams County,0.000000000000000,0.000000000000000,0.000000000000000,0.000000000000000,0.000000000000000
OHWood County,0.000000000000000,0.000000000000000,0.000000000000000,0.000000000000000,0.000000000000000
OHWyandot County,0.000000000000000,0.000000000000000,0.000000000000000,0.000000000000000,0.000000000000000
OKAdair County,0.000000000000000,0.000000000000000,0.000000000000000,0.000000000000000,0.000000000000000
OKAlfalfa County,0.000000000000000,0.000000000000000,0.000000000000000,0.000000000000000,0.000000000000000
OKAtoka County,0.000000000000000,0.000000000000000,0.000000000000000,0.000000000000000,0.000000000000000
OKBeaver County,0.000000000000000,0.000000000000000,0.000000000000000,0.000000000000000,0.000000000000000
OKBeckham County,0.000000000000000,0.000000000000000,0.000000000000000,0.000000000000000,0.000000000000000
OKBlaine County,0.000000000000000,0.000000000000000,0.000000000000000,0.000000000000000,0.000000000000000
OKBryan County,0.000000000000000,0.000000000000000,0.000000000000000,0.000000000000000,0.000000000000000
OKCaddo County,0.000000000000000,0.000000000000000,0.000000000000000,0.000000000000000,0.000000000000000
OKCanadian County,0.000000000000000,0.000000000000000,0.000000000000000,0.000000000000000,0.000000000000000
OKCarter County,0.000000000000000,0.000000000000000,0.000000000000000,0.000000000000000,0.000000000000000
OKCherokee County,0.000000000000000,0.000000000000000,0.000000000000000,0.000000000000000,0.000000000000000
OKChoctaw County,0.000000000000000,0.000000000000000,0.000000000000000,0.000000000000000,0.000000000000000
OKCimarron County,0.000000000000000,0.000000000000000,0.000000000000000,0.000000000000000,0.000000000000000
OKCleveland County,0.000000000000000,0.000000000000000,0.000000000000000,0.000000000000000,0.000000000000000
OKCoal County,0.000000000000000,0.000000000000000,0.000000000000000,0.000000000000000,0.000000000000000
OKComanche County,0.000000000000000,0.000000000000000,0.000000000000000,0.000000000000000,0.000000000000000
OKCotton County,0.000000000000000,0.000000000000000,0.000000000000000,0.000000000000000,0.000000000000000
OKCraig County,0.000000000000000,0.000000000000000,0.000000000000000,0.000000000000000,0.000000000000000
OKCreek County,0.000000000000000,0.000000000000000,0.000000000000000,0.000000000000000,0.000000000000000
OKCuster County,0.000000000000000,0.000000000000000,0.000000000000000,0.000000000000000,0.000000000000000
OKDelaware County,0.000000000000000,0.000000000000000,0.000000000000000,0.000000000000000,0.000000000000000
OKDewey County,0.000000000000000,0.000000000000000,0.000000000000000,0.000000000000000,0.000000000000000
OKEllis County,0.000000000000000,0.000000000000000,0.000000000000000,0.000000000000000,0.000000000000000
OKGarfield County,0.000000000000000,0.000000000000000,0.000000000000000,0.000000000000000,0.000000000000000
OKGarvin County,0.000000000000000,0.000000000000000,0.000000000000000,0.000000000000000,0.000000000000000
OKGrady County,0.000000000000000,0.000000000000000,0.000000000000000,0.000000000000000,0.000000000000000
OKGrant County,0.000000000000000,0.000000000000000,0.000000000000000,0.000000000000000,0.000000000000000
OKGreer County,0.000000000000000,0.000000000000000,0.000000000000000,0.000000000000000,0.000000000000000
OKHarmon County,0.000000000000000,0.000000000000000,0.000000000000000,0.000000000000000,0.000000000000000
OKHarper County,0.000000000000000,0.000000000000000,0.000000000000000,0.000000000000000,0.000000000000000
OKHaskell County,0.000000000000000,0.000000000000000,0.000000000000000,0.000000000000000,0.000000000000000
OKHughes County,0.000000000000000,0.000000000000000,0.000000000000000,0.000000000000000,0.000000000000000
OKJackson County,0.000000000000000,0.000000000000000,0.000000000000000,0.000000000000000,0.000000000000000
OKJefferson County,0.000000000000000,0.000000000000000,0.000000000000000,0.000000000000000,0.000000000000000
OKJohnston County,0.000000000000000,0.000000000000000,0.000000000000000,0.000000000000000,0.000000000000000
OKKay County,0.000000000000000,0.000000000000000,0.000000000000000,0.000000000000000,0.000000000000000
OKKingfisher County,0.000000000000000,0.000000000000000,0.000000000000000,0.000000000000000,0.000000000000000
OKKiowa County,0.000000000000000,0.000000000000000,0.000000000000000,0.000000000000000,0.000000000000000
OKLatimer County,0.000000000000000,0.000000000000000,0.000000000000000,0.000000000000000,0.000000000000000
OKLe Flore County,0.000000000000000,0.000000000000000,0.000000000000000,0.000000000000000,0.000000000000000
OKLincoln County,0.000000000000000,0.000000000000000,0.000000000000000,0.000000000000000,0.000000000000000
OKLogan County,0.000000000000000,0.000000000000000,0.000000000000000,0.000000000000000,0.000000000000000
OKLove County,0.000000000000000,0.000000000000000,0.000000000000000,0.000000000000000,0.000000000000000
OKMajor County,0.000000000000000,0.000000000000000,0.000000000000000,0.000000000000000,0.000000000000000
OKMarshall County,0.000000000000000,0.000000000000000,0.000000000000000,0.000000000000000,0.000000000000000
OKMayes County,0.000000000000000,0.000000000000000,0.000000000000000,0.000000000000000,0.000000000000000
OKMcclain County,0.000000000000000,0.000000000000000,0.000000000000000,0.000000000000000,0.000000000000000
OKMccurtain County,0.000000000000000,0.000000000000000,0.000000000000000,0.000000000000000,0.000000000000000
OKMcintosh County,0.000000000000000,0.000000000000000,0.000000000000000,0.000000000000000,0.000000000000000
OKMurray County,0.000000000000000,0.000000000000000,0.000000000000000,0.000000000000000,0.000000000000000
OKMuskogee County,0.000000000000000,0.000000000000000,0.000000000000000,0.000000000000000,0.000000000000000
OKNoble County,0.000000000000000,0.000000000000000,0.000000000000000,0.000000000000000,0.000000000000000
OKNowata County,0.000000000000000,0.000000000000000,0.000000000000000,0.000000000000000,0.000000000000000
OKOkfuskee County,0.000000000000000,0.000000000000000,0.000000000000000,0.000000000000000,0.000000000000000
OKOklahoma County,0.000000000000000,0.000000000000000,0.000000000000000,0.000000000000000,0.000000000000000
OKOkmulgee County,0.000000000000000,0.000000000000000,0.000000000000000,0.000000000000000,0.000000000000000
OKOsage County,0.000000000000000,0.000000000000000,0.000000000000000,0.000000000000000,0.000000000000000
OKOttawa County,0.000000000000000,0.000000000000000,0.000000000000000,0.000000000000000,0.000000000000000
OKPawnee County,0.000000000000000,0.000000000000000,0.000000000000000,0.000000000000000,0.000000000000000
OKPayne County,0.000000000000000,0.000000000000000,0.000000000000000,0.000000000000000,0.000000000000000
OKPittsburg County,0.000000000000000,0.000000000000000,0.000000000000000,0.000000000000000,0.000000000000000
OKPontotoc County,0.000000000000000,0.000000000000000,0.000000000000000,0.000000000000000,0.000000000000000
OKPottawatomie County,0.000000000000000,0.000000000000000,0.000000000000000,0.000000000000000,0.000000000000000
OKPushmataha County,0.000000000000000,0.000000000000000,0.000000000000000,0.000000000000000,0.000000000000000
OKRoger Mills County,0.000000000000000,0.000000000000000,0.000000000000000,0.000000000000000,0.000000000000000
OKRogers County,0.000000000000000,0.000000000000000,0.000000000000000,0.000000000000000,0.000000000000000
OKSeminole County,0.000000000000000,0.000000000000000,0.000000000000000,0.000000000000000,0.000000000000000
OKSequoyah County,0.000000000000000,0.000000000000000,0.000000000000000,0.000000000000000,0.000000000000000
OKStephens County,0.000000000000000,0.000000000000000,0.000000000000000,0.000000000000000,0.000000000000000
OKTexas County,0.000000000000000,0.000000000000000,0.000000000000000,0.000000000000000,0.000000000000000
OKTillman County,0.000000000000000,0.000000000000000,0.000000000000000,0.000000000000000,0.000000000000000
OKTulsa County,0.000000000000000,0.000000000000000,0.000000000000000,0.000000000000000,0.000000000000000
OKWagoner County,0.000000000000000,0.000000000000000,0.000000000000000,0.000000000000000,0.000000000000000
OKWashington County,0.000000000000000,0.000000000000000,0.000000000000000,0.000000000000000,0.000000000000000
OKWashita County,0.000000000000000,0.000000000000000,0.000000000000000,0.000000000000000,0.000000000000000
OKWoods County,0.000000000000000,0.000000000000000,0.000000000000000,0.000000000000000,0.000000000000000
OKWoodward County,0.000000000000000,0.000000000000000,0.000000000000000,0.000000000000000,0.000000000000000
ORBaker County,0.000000000000000,0.000000000000000,0.000000000000000,0.000000000000000,0.000000000000000
ORBenton County,0.000000000000000,0.000000000000000,0.000000000000000,0.000000000000000,0.000000000000000
ORClackamas County,0.000000000000000,0.000000000000000,0.000000000000000,0.000000000000000,0.000000000000000
ORClatsop County,0.000000000000000,0.000000000000000,0.000000000000000,0.000000000000000,0.000000000000000
ORColumbia County,0.000000000000000,0.000000000000000,0.000000000000000,0.000000000000000,0.000000000000000
ORCoos County,0.000000000000000,0.000000000000000,0.000000000000000,0.000000000000000,0.000000000000000
ORCrook County,0.000000000000000,0.000000000000000,0.000000000000000,0.000000000000000,0.000000000000000
ORCurry County,0.000000000000000,0.000000000000000,0.000000000000000,0.000000000000000,0.000000000000000
ORDeschutes County,0.000000000000000,0.000000000000000,0.000000000000000,0.000000000000000,0.000000000000000
ORDouglas County,0.000000000000000,0.000000000000000,0.000000000000000,0.000000000000000,0.000000000000000
ORGilliam County,0.000000000000000,0.000000000000000,0.000000000000000,0.000000000000000,0.000000000000000
ORGrant County,0.000000000000000,0.000000000000000,0.000000000000000,0.000000000000000,0.000000000000000
ORHarney County,0.000000000000000,0.000000000000000,0.000000000000000,0.000000000000000,0.000000000000000
ORHood River County,0.000000000000000,0.000000000000000,0.000000000000000,0.000000000000000,0.000000000000000
ORJackson County,0.000000000000000,0.000000000000000,0.000000000000000,0.000000000000000,0.000000000000000
ORJefferson County,0.000000000000000,0.000000000000000,0.000000000000000,0.000000000000000,0.000000000000000
ORJosephine County,0.000000000000000,0.000000000000000,0.000000000000000,0.000000000000000,0.000000000000000
ORKlamath County,0.000000000000000,0.000000000000000,0.000000000000000,0.000000000000000,0.000000000000000
ORLake County,0.000000000000000,0.000000000000000,0.000000000000000,0.000000000000000,0.000000000000000
ORLane County,0.000000000000000,0.000000000000000,0.000000000000000,0.000000000000000,0.000000000000000
ORLincoln County,0.000000000000000,0.000000000000000,0.000000000000000,0.000000000000000,0.000000000000000
ORLinn County,0.000000000000000,0.000000000000000,0.000000000000000,0.000000000000000,0.000000000000000
ORMalheur County,0.000000000000000,0.000000000000000,0.000000000000000,0.000000000000000,0.000000000000000
ORMarion County,0.000000000000000,0.000000000000000,0.000000000000000,0.000000000000000,0.000000000000000
ORMorrow County,0.000000000000000,0.000000000000000,0.000000000000000,0.000000000000000,0.000000000000000
ORMultnomah County,0.000000000000000,0.000000000000000,0.000000000000000,0.000000000000000,0.000000000000000
ORPolk County,0.000000000000000,0.000000000000000,0.000000000000000,0.000000000000000,0.000000000000000
ORSherman County,0.000000000000000,0.000000000000000,0.000000000000000,0.000000000000000,0.000000000000000
ORTillamook County,0.000000000000000,0.000000000000000,0.000000000000000,0.000000000000000,0.000000000000000
ORUmatilla County,0.000000000000000,0.000000000000000,0.000000000000000,0.000000000000000,0.000000000000000
ORUnion County,0.000000000000000,0.000000000000000,0.000000000000000,0.000000000000000,0.000000000000000
ORWallowa County,0.000000000000000,0.000000000000000,0.000000000000000,0.000000000000000,0.000000000000000
ORWasco County,0.000000000000000,0.000000000000000,0.000000000000000,0.000000000000000,0.000000000000000
ORWashington County,0.000000000000000,0.000000000000000,0.000000000000000,0.000000000000000,0.000000000000000
ORWheeler County,0.000000000000000,0.000000000000000,0.000000000000000,0.000000000000000,0.000000000000000
ORYamhill County,0.000000000000000,0.000000000000000,0.000000000000000,0.000000000000000,0.000000000000000
PAAdams County,0.000000000000000,-0.401835728743914,-0.251835728743914,0.209532980841786,0.409532980841785
PAAllegheny County,0.000000000000000,-0.420547366133959,-0.270547366133960,0.224585369918804,0.424585369918806
PAArmstrong County,0.000000000000000,-0.425061072948130,-0.275061072948130,0.228279407119174,0.428279407119173
PABeaver County,0.000000000000000,-0.415015699582914,-0.265015699582914,0.220657349086095,0.420657349086095
PABedford County,0.000000000000000,-0.417755882368761,-0.267755882368761,0.222418485702859,0.422418485702859
PABerks County,0.000000000000000,-0.390335502638940,-0.240540423914798,0.200482213940282,0.400174832026495
PABlair County,0.000000000000000,-0.418276455705283,-0.268276455705283,0.222874411900360,0.422874411900360
PABradford County,0.000000000000000,-0.409071779790694,-0.259071779790694,0.215299872142638,0.415299872142638
PABucks County,0.000000000000000,-0.370772664749055,-0.222870163285674,0.186374224632449,0.383550648612640
PAButler County,0.000000000000000,-0.424466122108822,-0.274466122108822,0.227862427751279,0.427862427751279
PACambria County,0.000000000000000,-0.420476439176123,-0.270476439176123,0.224645393535014,0.424645393535014
PACameron County,0.000000000000000,-0.421087814100055,-0.271087814100056,0.225175339341144,0.425175339341144
PACarbon County,0.000000000000000,-0.404960926952676,-0.254962858724607,0.212075885197230,0.412072987539334
PACentre County,0.000000000000000,-0.412967210399310,-0.262967210399310,0.218752391424495,0.418752391424495
PAChester County,0.000000000000000,-0.381357469511032,-0.231793506521930,0.193444338088105,0.392841298109295
PAClarion County,0.000000000000000,-0.426729920321276,-0.276729920321277,0.229877932644986,0.429877932644986
PAClearfield County,0.000000000000000,-0.416306212516840,-0.266306212516841,0.221329733953293,0.421329733953293
PAClinton County,0.000000000000000,-0.415521210460713,-0.265521210460713,0.220691400567846,0.420691400567846
PAColumbia County,0.000000000000000,-0.406959305614273,-0.256959305614273,0.213272426634489,0.413272426634489
PACrawford County,0.000000000000000,-0.414935165357920,-0.264935165357920,0.220395934066079,0.420395934066079
PACumberland County,0.000000000000000,-0.403289412607599,-0.253289412607599,0.210575502310455,0.410575502310454
PADauphin County,0.000000000000000,-0.401533303807822,-0.251533303807822,0.209147145317525,0.409147145317526
PADelaware County,0.000000000000000,-0.354023013737409,-0.213781531910626,0.178561966476183,0.365575866123701
PAElk County,0.000000000000000,-0.417096188097471,-0.267096188097471,0.222141257884888,0.422141257884888
PAErie County,0.000000000000000,-0.401485133857832,-0.251485133857832,0.209554077874591,0.409554077874591
PAFayette County,0.000000000000000,-0.420713312220397,-0.270713312220397,0.224714930640675,0.424714930640675
PAForest County,0.000000000000000,-0.428602530053880,-0.278602530053880,0.231612814072045,0.431612814072046
PAFranklin County,0.000000000000000,-0.409057837167578,-0.259071576678053,0.215455393841339,0.415434784575626
PAFulton County,0.000000000000000,-0.417412338110248,-0.267412338110248,0.222252486117215,0.422252486117215
PAGreene County,0.000000000000000,-0.419629709816840,-0.269629709816841,0.223886200847128,0.423886200847128
PAHuntingdon County,0.000000000000000,-0.418546507802420,-0.268546507802420,0.223165937763276,0.423165937763276
PAIndiana County,0.000000000000000,-0.422916614859446,-0.272916614859446,0.226556880353429,0.426556880353429
PAJefferson County,0.000000000000000,-0.423037267890652,-0.273037267890652,0.226887694237118,0.426887694237118
PAJuniata County,0.000000000000000,-0.410168478376529,-0.260168478376530,0.216134773186536,0.416134773186536
PALackawanna County,0.000000000000000,-0.410856162788616,-0.260856162788616,0.216928287147590,0.416928287147590
PALancaster County,0.000000000000000,-0.382374928165287,-0.232839266448321,0.194297739668452,0.393601232243902
PALawrence County,0.000000000000000,-0.413319689567939,-0.263319689567939,0.219323912849198,0.419323912849199
PALebanon County,0.000000000000000,-0.392034247010801,-0.242454921893879,0.202105413780359,0.401474401455743
PALehigh County,0.000000000000000,-0.388547053031392,-0.238563966093553,0.199048547171703,0.399023177578462
PALuzerne County,0.000000000000000,-0.409606544864627,-0.259606544864627,0.215773495250047,0.415773495250047
PALycoming County,0.000000000000000,-0.414260442034921,-0.264260442034920,0.219299109343685,0.419299109343685
PAMckean County,0.000000000000000,-0.425255689516462,-0.275255689516462,0.228778074951215,0.428778074951215
PAMercer County,0.000000000000000,-0.412472541788086,-0.262472541788087,0.218485689951297,0.418485689951297
PAMifflin County,0.000000000000000,-0.415491519659268,-0.265491519659269,0.220845004176929,0.420845004176930
PAMonroe County,0.000000000000000,-0.403960050176195,-0.253972030120591,0.211548676898729,0.411530706982137
PAMontgomery County,0.000000000000000,-0.382959434901624,-0.233106434681710,0.194670720663369,0.394450220993240
PAMontour County,0.000000000000000,-0.403938651654020,-0.253938651654020,0.210868238667383,0.410868238667383
PANorthampton County,0.000000000000000,-0.385288527849793,-0.235308183666910,0.196501513958370,0.396473688780674
PANorthumberland County,0.000000000000000,-0.403956331977470,-0.253956331977470,0.210898060133088,0.410898060133088
PAPerry County,0.000000000000000,-0.407486555416893,-0.257486555416893,0.213947170017828,0.413947170017829
PAPhiladelphia County,0.000000000000000,-0.367652183305893,-0.220877873976815,0.184759193747127,0.380470994234007
PAPike County,0.000000000000000,-0.402960970973493,-0.252987068935330,0.210700554595358,0.410661407652601
PAPotter County,0.000000000000000,-0.418261050906659,-0.268261050906659,0.222772557213916,0.422772557213916
PASchuylkill County,0.000000000000000,-0.407336181642935,-0.257336181642935,0.213696466162526,0.413696466162525
PASnyder County,0.000000000000000,-0.402421462091337,-0.252421462091337,0.209867168454685,0.409867168454686
PASomerset County,0.000000000000000,-0.416342825498772,-0.266342825498772,0.221223912160977,0.421223912160977
PASullivan County,0.000000000000000,-0.418477267296016,-0.268477267296016,0.223399202441985,0.423399202441985
PASusquehanna County,0.000000000000000,-0.410104999892518,-0.260104999892518,0.216155965368623,0.416155965368624
PATioga County,0.000000000000000,-0.416268374972831,-0.266268374972831,0.221276641227403,0.421276641227403
PAUnion County,0.000000000000000,-0.404728110297114,-0.254728110297114,0.211651312506479,0.411651312506479
PAVenango County,0.000000000000000,-0.430715612535000,-0.280715612535000,0.233039640312293,0.433039640312292
PAWarren County,0.000000000000000,-0.416463640658249,-0.266463640658248,0.222121519125928,0.422121519125929
PAWashington County,0.000000000000000,-0.417429210127388,-0.267429210127388,0.222188483596236,0.422188483596237
PAWayne County,0.000000000000000,-0.408590573965759,-0.258609888416242,0.215077738193885,0.415048766518159
PAWestmoreland County,0.000000000000000,-0.421495155887574,-0.271495155887574,0.225313148540470,0.425313148540470
PAWyoming County,0.000000000000000,-0.406256262478397,-0.256256262478397,0.212993535959487,0.412993535959487
PAYork County,0.000000000000000,-0.392329460904059,-0.242514349933063,0.202168857559828,0.401891524016322
RIBristol County,0.000000000000000,-0.281352639554866,-0.145322640118089,0.122035696874192,0.303936786591799
RIKent County,0.000000000000000,-0.313355078488955,-0.170449671134165,0.143673699964986,0.334785232187684
RINewport County,0.000000000000000,-0.269577600813851,-0.132830114475790,0.111497841157841,0.294657774714485
RIProvidence County,0.000000000000000,-0.312844865102489,-0.175518338127734,0.148037830374871,0.331516831566255
RIWashington County,0.000000000000000,-0.294094905450355,-0.154277590335127,0.129839768633889,0.317010025351559
SCAbbeville County,0.000000000000000,-0.388054457413005,-0.238202574227380,0.198534896725202,0.398312721503639
SCAiken County,0.000000000000000,-0.359003612334269,-0.211167372820446,0.176256381916077,0.373505931765626
SCAllendale County,0.000000000000000,-0.327006651552678,-0.180887421651089,0.151066502809702,0.346336555351071
SCAnderson County,0.000000000000000,-0.392738993714399,-0.242772723095302,0.202216822013391,0.402166227942036
SCBamberg County,0.000000000000000,-0.328795831935976,-0.183228167815843,0.152903370962905,0.347774371949140
SCBarnwell County,0.000000000000000,-0.341976824871779,-0.195388736469867,0.163180817930398,0.359417278270279
SCBeaufort County,0.000000000000000,-0.152715154646133,-0.074186088227825,0.061893832346608,0.169557146189700
SCBerkeley County,0.000000000000000,-0.265693079874973,-0.136806389241623,0.114479121824175,0.288150925389213
SCCalhoun County,0.000000000000000,-0.334922160565212,-0.190443251403364,0.158876136000923,0.352786294927692
SCCharleston County,0.000000000000000,-0.162642678767241,-0.078464767698287,0.065454582776181,0.181177877034801
SCCherokee County,0.000000000000000,-0.402051687723054,-0.252051687723054,0.209816222115515,0.409816222115514
SCChester County,0.000000000000000,-0.392239072952161,-0.242260151774321,0.201958628799277,0.401927010566037
SCChesterfield County,0.000000000000000,-0.365384067389877,-0.216738559665239,0.180838169275283,0.379129977201713
SCClarendon County,0.000000000000000,-0.329027564067183,-0.184225303092504,0.154051349815278,0.347867545825682
SCColleton County,0.000000000000000,-0.276454060656049,-0.146844171537149,0.122666058230468,0.296613818036275
SCDarlington County,0.000000000000000,-0.349067242342398,-0.201418616932826,0.168281369356596,0.365508492970725
SCDillon County,0.000000000000000,-0.323724376016016,-0.180512936633656,0.151033138904248,0.343080859979109
SCDorchester County,0.000000000000000,-0.296675537444147,-0.156678504740035,0.130857725275386,0.318788010323443
SCEdgefield County,0.000000000000000,-0.368417365039238,-0.219601883724849,0.183087837653232,0.381651620661800
SCFairfield County,0.000000000000000,-0.388786859551515,-0.238931142401454,0.199244743527675,0.399028319252765
SCFlorence County,0.000000000000000,-0.329505496745572,-0.184115552203836,0.154086884510838,0.348364420135151
SCGeorgetown County,0.000000000000000,-0.198644638414723,-0.099166699744583,0.082927667868250,0.217805107129518
SCGreenville County,0.000000000000000,-0.401660680356697,-0.251660680356697,0.209491580928979,0.409491580928980
SCGreenwood County,0.000000000000000,-0.390484425683957,-0.240733318700807,0.200704894348503,0.400331554823229
SCHampton County,0.000000000000000,-0.305453187538704,-0.164721639256577,0.137571970679095,0.326196274646555
SCHorry County,0.000000000000000,-0.231769734722370,-0.116045194031151,0.096834940780082,0.254227400562818
SCJasper County,0.000000000000000,-0.238290160997430,-0.125070696606438,0.104362967451384,0.257099033260207
SCKershaw County,0.000000000000000,-0.370092904245231,-0.220978769174953,0.184261173777252,0.383231179506269
SCLancaster County,0.000000000000000,-0.387512545301009,-0.237854661204137,0.198345305115859,0.397975117230537
SCLaurens County,0.000000000000000,-0.395506920751963,-0.245637585021974,0.204617464515854,0.404421468110837
SCLee County,0.000000000000000,-0.349524230271223,-0.201228994267666,0.167983535071629,0.366064690718130
SCLexington County,0.000000000000000,-0.363335459666998,-0.214875296265499,0.179434290550871,0.377632051610263
SCMarion County,0.000000000000000,-0.310069705575825,-0.168196847555374,0.140702336317295,0.330813210371015
SCMarlboro County,0.000000000000000,-0.343197017141927,-0.196573221127487,0.164315045240246,0.359987231354884
SCMccormick County,0.000000000000000,-0.364383558999459,-0.216216797301081,0.180266087386415,0.378244007814000
SCNewberry County,0.000000000000000,-0.387925096288149,-0.238175115686509,0.198607942200893,0.398232913103354
SCOconee County,0.000000000000000,-0.394911500074636,-0.245055786721070,0.204115127053235,0.403898697083585
SCOrangeburg County,0.000000000000000,-0.325515889569725,-0.181649526063966,0.151664183065275,0.344559355631934
SCPickens County,0.000000000000000,-0.398025762392587,-0.248041502637718,0.206504904676709,0.406481294309013
SCRichland County,0.000000000000000,-0.371254110135168,-0.222127192935446,0.185369001086090,0.384316120334745
SCSaluda County,0.000000000000000,-0.372409907862645,-0.223567465693125,0.186560502043086,0.385235361243167
SCSpartanburg County,0.000000000000000,-0.400510074169330,-0.250514341003849,0.208611934751346,0.408605534499565
SCSumter County,0.000000000000000,-0.349651382041743,-0.201845932205284,0.168410012020201,0.365788980600230
SCUnion County,0.000000000000000,-0.399103005636001,-0.249103005636001,0.207567861809603,0.407567861809604
SCWilliamsburg County,0.000000000000000,-0.311776477229740,-0.169184544275406,0.141739373347902,0.332780192237198
SCYork County,0.000000000000000,-0.394813634766886,-0.244820909212104,0.203954818147722,0.403943906479896
SDAurora County,0.000000000000000,0.000000000000000,0.000000000000000,0.000000000000000,0.000000000000000
SDBeadle County,0.000000000000000,0.000000000000000,0.000000000000000,0.000000000000000,0.000000000000000
SDBennett County,0.000000000000000,0.000000000000000,0.000000000000000,0.000000000000000,0.000000000000000
SDBon Homme County,0.000000000000000,0.000000000000000,0.000000000000000,0.000000000000000,0.000000000000000
SDBrookings County,0.000000000000000,0.000000000000000,0.000000000000000,0.000000000000000,0.000000000000000
SDBrown County,0.000000000000000,0.000000000000000,0.000000000000000,0.000000000000000,0.000000000000000
SDBrule County,0.000000000000000,0.000000000000000,0.000000000000000,0.000000000000000,0.000000000000000
SDBuffalo County,0.000000000000000,0.000000000000000,0.000000000000000,0.000000000000000,0.000000000000000
SDButte County,0.000000000000000,0.000000000000000,0.000000000000000,0.000000000000000,0.000000000000000
SDCampbell County,0.000000000000000,0.000000000000000,0.000000000000000,0.000000000000000,0.000000000000000
SDCharles Mix County,0.000000000000000,0.000000000000000,0.000000000000000,0.000000000000000,0.000000000000000
SDClark County,0.000000000000000,0.000000000000000,0.000000000000000,0.000000000000000,0.000000000000000
SDClay County,0.000000000000000,0.000000000000000,0.000000000000000,0.000000000000000,0.000000000000000
SDCodington County,0.000000000000000,0.000000000000000,0.000000000000000,0.000000000000000,0.000000000000000
SDCorson County,0.000000000000000,0.000000000000000,0.000000000000000,0.000000000000000,0.000000000000000
SDCuster County,0.000000000000000,0.000000000000000,0.000000000000000,0.000000000000000,0.000000000000000
SDDavison County,0.000000000000000,0.000000000000000,0.000000000000000,0.000000000000000,0.000000000000000
SDDay County,0.000000000000000,0.000000000000000,0.000000000000000,0.000000000000000,0.000000000000000
SDDeuel County,0.000000000000000,0.000000000000000,0.000000000000000,0.000000000000000,0.000000000000000
SDDewey County,0.000000000000000,0.000000000000000,0.000000000000000,0.000000000000000,0.000000000000000
SDDouglas County,0.000000000000000,0.000000000000000,0.000000000000000,0.000000000000000,0.000000000000000
SDEdmunds County,0.000000000000000,0.000000000000000,0.000000000000000,0.000000000000000,0.000000000000000
SDFall River County,0.000000000000000,0.000000000000000,0.000000000000000,0.000000000000000,0.000000000000000
SDFaulk County,0.000000000000000,0.000000000000000,0.000000000000000,0.000000000000000,0.000000000000000
SDGrant County,0.000000000000000,0.000000000000000,0.000000000000000,0.000000000000000,0.000000000000000
SDGregory County,0.000000000000000,0.000000000000000,0.000000000000000,0.000000000000000,0.000000000000000
SDHaakon County,0.000000000000000,0.000000000000000,0.000000000000000,0.000000000000000,0.000000000000000
SDHamlin County,0.000000000000000,0.000000000000000,0.000000000000000,0.000000000000000,0.000000000000000
SDHand County,0.000000000000000,0.000000000000000,0.000000000000000,0.000000000000000,0.000000000000000
SDHanson County,0.000000000000000,0.000000000000000,0.000000000000000,0.000000000000000,0.000000000000000
SDHarding County,0.000000000000000,0.000000000000000,0.000000000000000,0.000000000000000,0.000000000000000
SDHughes County,0.000000000000000,0.000000000000000,0.000000000000000,0.000000000000000,0.000000000000000
SDHutchinson County,0.000000000000000,0.000000000000000,0.000000000000000,0.000000000000000,0.000000000000000
SDHyde County,0.000000000000000,0.000000000000000,0.000000000000000,0.000000000000000,0.000000000000000
SDJackson County,0.000000000000000,0.000000000000000,0.000000000000000,0.000000000000000,0.000000000000000
SDJerauld County,0.000000000000000,0.000000000000000,0.000000000000000,0.000000000000000,0.000000000000000
SDJones County,0.000000000000000,0.000000000000000,0.000000000000000,0.000000000000000,0.000000000000000
SDKingsbury County,0.000000000000000,0.000000000000000,0.000000000000000,0.000000000000000,0.000000000000000
SDLake County,0.000000000000000,0.000000000000000,0.000000000000000,0.000000000000000,0.000000000000000
SDLawrence County,0.000000000000000,0.000000000000000,0.000000000000000,0.000000000000000,0.000000000000000
SDLincoln County,0.000000000000000,0.000000000000000,0.000000000000000,0.000000000000000,0.000000000000000
SDLyman County,0.000000000000000,0.000000000000000,0.000000000000000,0.000000000000000,0.000000000000000
SDMarshall County,0.000000000000000,0.000000000000000,0.000000000000000,0.000000000000000,0.000000000000000
SDMccook County,0.000000000000000,0.000000000000000,0.000000000000000,0.000000000000000,0.000000000000000
SDMcpherson County,0.000000000000000,0.000000000000000,0.000000000000000,0.000000000000000,0.000000000000000
SDMeade County,0.000000000000000,0.000000000000000,0.000000000000000,0.000000000000000,0.000000000000000
SDMellette County,0.000000000000000,0.000000000000000,0.000000000000000,0.000000000000000,0.000000000000000
SDMiner County,0.000000000000000,0.000000000000000,0.000000000000000,0.000000000000000,0.000000000000000
SDMinnehaha County,0.000000000000000,0.000000000000000,0.000000000000000,0.000000000000000,0.000000000000000
SDMoody County,0.000000000000000,0.000000000000000,0.000000000000000,0.000000000000000,0.000000000000000
SDOglala Lakota County,0.000000000000000,0.000000000000000,0.000000000000000,0.000000000000000,0.000000000000000
SDPennington County,0.000000000000000,0.000000000000000,0.000000000000000,0.000000000000000,0.000000000000000
SDPerkins County,0.000000000000000,0.000000000000000,0.000000000000000,0.000000000000000,0.000000000000000
SDPotter County,0.000000000000000,0.000000000000000,0.000000000000000,0.000000000000000,0.000000000000000
SDRoberts County,0.000000000000000,0.000000000000000,0.000000000000000,0.000000000000000,0.000000000000000
SDSanborn County,0.000000000000000,0.000000000000000,0.000000000000000,0.000000000000000,0.000000000000000
SDSpink County,0.000000000000000,0.000000000000000,0.000000000000000,0.000000000000000,0.000000000000000
SDStanley County,0.000000000000000,0.000000000000000,0.000000000000000,0.000000000000000,0.000000000000000
SDSully County,0.000000000000000,0.000000000000000,0.000000000000000,0.000000000000000,0.000000000000000
SDTodd County,0.000000000000000,0.000000000000000,0.000000000000000,0.000000000000000,0.000000000000000
SDTripp County,0.000000000000000,0.000000000000000,0.000000000000000,0.000000000000000,0.000000000000000
SDTurner County,0.000000000000000,0.000000000000000,0.000000000000000,0.000000000000000,0.000000000000000
SDUnion County,0.000000000000000,0.000000000000000,0.000000000000000,0.000000000000000,0.000000000000000
SDWalworth County,0.000000000000000,0.000000000000000,0.000000000000000,0.000000000000000,0.000000000000000
SDYankton County,0.000000000000000,0.000000000000000,0.000000000000000,0.000000000000000,0.000000000000000
SDZiebach County,0.000000000000000,0.000000000000000,0.000000000000000,0.000000000000000,0.000000000000000
TNAnderson County,0.000000000000000,0.000000000000000,0.000000000000000,0.000000000000000,0.000000000000000
TNBedford County,0.000000000000000,0.000000000000000,0.000000000000000,0.000000000000000,0.000000000000000
TNBenton County,0.000000000000000,0.000000000000000,0.000000000000000,0.000000000000000,0.000000000000000
TNBledsoe County,0.000000000000000,0.000000000000000,0.000000000000000,0.000000000000000,0.000000000000000
TNBlount County,0.000000000000000,0.000000000000000,0.000000000000000,0.000000000000000,0.000000000000000
TNBradley County,0.000000000000000,0.000000000000000,0.000000000000000,0.000000000000000,0.000000000000000
TNCampbell County,0.000000000000000,0.000000000000000,0.000000000000000,0.000000000000000,0.000000000000000
TNCannon County,0.000000000000000,0.000000000000000,0.000000000000000,0.000000000000000,0.000000000000000
TNCarroll County,0.000000000000000,0.000000000000000,0.000000000000000,0.000000000000000,0.000000000000000
TNCarter County,0.000000000000000,0.000000000000000,0.000000000000000,0.000000000000000,0.000000000000000
TNCheatham County,0.000000000000000,0.000000000000000,0.000000000000000,0.000000000000000,0.000000000000000
TNChester County,0.000000000000000,0.000000000000000,0.000000000000000,0.000000000000000,0.000000000000000
TNClaiborne County,0.000000000000000,0.000000000000000,0.000000000000000,0.000000000000000,0.000000000000000
TNClay County,0.000000000000000,0.000000000000000,0.000000000000000,0.000000000000000,0.000000000000000
TNCocke County,0.000000000000000,0.000000000000000,0.000000000000000,0.000000000000000,0.000000000000000
TNCoffee County,0.000000000000000,0.000000000000000,0.000000000000000,0.000000000000000,0.000000000000000
TNCrockett County,0.000000000000000,0.000000000000000,0.000000000000000,0.000000000000000,0.000000000000000
TNCumberland County,0.000000000000000,0.000000000000000,0.000000000000000,0.000000000000000,0.000000000000000
TNDavidson County,0.000000000000000,0.000000000000000,0.000000000000000,0.000000000000000,0.000000000000000
TNDecatur County,0.000000000000000,0.000000000000000,0.000000000000000,0.000000000000000,0.000000000000000
TNDekalb County,0.000000000000000,0.000000000000000,0.000000000000000,0.000000000000000,0.000000000000000
TNDickson County,0.000000000000000,0.000000000000000,0.000000000000000,0.000000000000000,0.000000000000000
TNDyer County,0.000000000000000,0.000000000000000,0.000000000000000,0.000000000000000,0.000000000000000
TNFayette County,0.000000000000000,0.000000000000000,0.000000000000000,0.000000000000000,0.000000000000000
TNFentress County,0.000000000000000,0.000000000000000,0.000000000000000,0.000000000000000,0.000000000000000
TNFranklin County,0.000000000000000,0.000000000000000,0.000000000000000,0.000000000000000,0.000000000000000
TNGibson County,0.000000000000000,0.000000000000000,0.000000000000000,0.000000000000000,0.000000000000000
TNGiles County,0.000000000000000,0.000000000000000,0.000000000000000,0.000000000000000,0.000000000000000
TNGrainger County,0.000000000000000,0.000000000000000,0.000000000000000,0.000000000000000,0.000000000000000
TNGreene County,0.000000000000000,0.000000000000000,0.000000000000000,0.000000000000000,0.000000000000000
TNGrundy County,0.000000000000000,0.000000000000000,0.000000000000000,0.000000000000000,0.000000000000000
TNHamblen County,0.000000000000000,0.000000000000000,0.000000000000000,0.000000000000000,0.000000000000000
TNHamilton County,0.000000000000000,0.000000000000000,0.000000000000000,0.000000000000000,0.000000000000000
TNHancock County,0.000000000000000,0.000000000000000,0.000000000000000,0.000000000000000,0.000000000000000
TNHardeman County,0.000000000000000,0.000000000000000,0.000000000000000,0.000000000000000,0.000000000000000
TNHardin County,0.000000000000000,0.000000000000000,0.000000000000000,0.000000000000000,0.000000000000000
TNHawkins County,0.000000000000000,0.000000000000000,0.000000000000000,0.000000000000000,0.000000000000000
TNHaywood County,0.000000000000000,0.000000000000000,0.000000000000000,0.000000000000000,0.000000000000000
TNHenderson County,0.000000000000000,0.000000000000000,0.000000000000000,0.000000000000000,0.000000000000000
TNHenry County,0.000000000000000,0.000000000000000,0.000000000000000,0.000000000000000,0.000000000000000
TNHickman County,0.000000000000000,0.000000000000000,0.000000000000000,0.000000000000000,0.000000000000000
TNHouston County,0.000000000000000,0.000000000000000,0.000000000000000,0.000000000000000,0.000000000000000
TNHumphreys County,0.000000000000000,0.000000000000000,0.000000000000000,0.000000000000000,0.000000000000000
TNJackson County,0.000000000000000,0.000000000000000,0.000000000000000,0.000000000000000,0.000000000000000
TNJefferson County,0.000000000000000,0.000000000000000,0.000000000000000,0.000000000000000,0.000000000000000
TNJohnson County,0.000000000000000,0.000000000000000,0.000000000000000,0.000000000000000,0.000000000000000
TNKnox County,0.000000000000000,0.000000000000000,0.000000000000000,0.000000000000000,0.000000000000000
TNLake County,0.000000000000000,0.000000000000000,0.000000000000000,0.000000000000000,0.000000000000000
TNLauderdale County,0.000000000000000,0.000000000000000,0.000000000000000,0.000000000000000,0.000000000000000
TNLawrence County,0.000000000000000,0.000000000000000,0.000000000000000,0.000000000000000,0.000000000000000
TNLewis County,0.000000000000000,0.000000000000000,0.000000000000000,0.000000000000000,0.000000000000000
TNLincoln County,0.000000000000000,0.000000000000000,0.000000000000000,0.000000000000000,0.000000000000000
TNLoudon County,0.000000000000000,0.000000000000000,0.000000000000000,0.000000000000000,0.000000000000000
TNMacon County,0.000000000000000,0.000000000000000,0.000000000000000,0.000000000000000,0.000000000000000
TNMadison County,0.000000000000000,0.000000000000000,0.000000000000000,0.000000000000000,0.000000000000000
TNMarion County,0.000000000000000,0.000000000000000,0.000000000000000,0.000000000000000,0.000000000000000
TNMarshall County,0.000000000000000,0.000000000000000,0.000000000000000,0.000000000000000,0.000000000000000
TNMaury County,0.000000000000000,0.000000000000000,0.000000000000000,0.000000000000000,0.000000000000000
TNMcminn County,0.000000000000000,0.000000000000000,0.000000000000000,0.000000000000000,0.000000000000000
TNMcnairy County,0.000000000000000,0.000000000000000,0.000000000000000,0.000000000000000,0.000000000000000
TNMeigs County,0.000000000000000,0.000000000000000,0.000000000000000,0.000000000000000,0.000000000000000
TNMonroe County,0.000000000000000,0.000000000000000,0.000000000000000,0.000000000000000,0.000000000000000
TNMontgomery County,0.000000000000000,0.000000000000000,0.000000000000000,0.000000000000000,0.000000000000000
TNMoore County,0.000000000000000,0.000000000000000,0.000000000000000,0.000000000000000,0.000000000000000
TNMorgan County,0.000000000000000,0.000000000000000,0.000000000000000,0.000000000000000,0.000000000000000
TNObion County,0.000000000000000,0.000000000000000,0.000000000000000,0.000000000000000,0.000000000000000
TNOverton County,0.000000000000000,0.000000000000000,0.000000000000000,0.000000000000000,0.000000000000000
TNPerry County,0.000000000000000,0.000000000000000,0.000000000000000,0.000000000000000,0.000000000000000
TNPickett County,0.000000000000000,0.000000000000000,0.000000000000000,0.000000000000000,0.000000000000000
TNPolk County,0.000000000000000,0.000000000000000,0.000000000000000,0.000000000000000,0.000000000000000
TNPutnam County,0.000000000000000,0.000000000000000,0.000000000000000,0.000000000000000,0.000000000000000
TNRhea County,0.000000000000000,0.000000000000000,0.000000000000000,0.000000000000000,0.000000000000000
TNRoane County,0.000000000000000,0.000000000000000,0.000000000000000,0.000000000000000,0.000000000000000
TNRobertson County,0.000000000000000,0.000000000000000,0.000000000000000,0.000000000000000,0.000000000000000
TNRutherford County,0.000000000000000,0.000000000000000,0.000000000000000,0.000000000000000,0.000000000000000
TNScott County,0.000000000000000,0.000000000000000,0.000000000000000,0.000000000000000,0.000000000000000
TNSequatchie County,0.000000000000000,0.000000000000000,0.000000000000000,0.000000000000000,0.000000000000000
TNSevier County,0.000000000000000,0.000000000000000,0.000000000000000,0.000000000000000,0.000000000000000
TNShelby County,0.000000000000000,0.000000000000000,0.000000000000000,0.000000000000000,0.000000000000000
TNSmith County,0.000000000000000,0.000000000000000,0.000000000000000,0.000000000000000,0.000000000000000
TNStewart County,0.000000000000000,0.000000000000000,0.000000000000000,0.000000000000000,0.000000000000000
TNSullivan County,0.000000000000000,0.000000000000000,0.000000000000000,0.000000000000000,0.000000000000000
TNSumner County,0.000000000000000,0.000000000000000,0.000000000000000,0.000000000000000,0.000000000000000
TNTipton County,0.000000000000000,0.000000000000000,0.000000000000000,0.000000000000000,0.000000000000000
TNTrousdale County,0.000000000000000,0.000000000000000,0.000000000000000,0.000000000000000,0.000000000000000
TNUnicoi County,0.000000000000000,0.000000000000000,0.000000000000000,0.000000000000000,0.000000000000000
TNUnion County,0.000000000000000,0.000000000000000,0.000000000000000,0.000000000000000,0.000000000000000
TNVan Buren County,0.000000000000000,0.000000000000000,0.000000000000000,0.000000000000000,0.000000000000000
TNWarren County,0.000000000000000,0.000000000000000,0.000000000000000,0.000000000000000,0.000000000000000
TNWashington County,0.000000000000000,0.000000000000000,0.000000000000000,0.000000000000000,0.000000000000000
TNWayne County,0.000000000000000,0.000000000000000,0.000000000000000,0.000000000000000,0.000000000000000
TNWeakley County,0.000000000000000,0.000000000000000,0.000000000000000,0.000000000000000,0.000000000000000
TNWhite County,0.000000000000000,0.000000000000000,0.000000000000000,0.000000000000000,0.000000000000000
TNWilliamson County,0.000000000000000,0.000000000000000,0.000000000000000,0.000000000000000,0.000000000000000
TNWilson County,0.000000000000000,0.000000000000000,0.000000000000000,0.000000000000000,0.000000000000000
TXAnderson County,0.000000000000000,-0.370650388580602,-0.221183821662750,0.184841188682725,0.384225685982927
TXAndrews County,0.000000000000000,-0.418249294998569,-0.268249294998570,0.223306451330912,0.423306451330912
TXAngelina County,0.000000000000000,-0.344601931550179,-0.197222937287759,0.164935997282634,0.361715777999879
TXAransas County,0.000000000000000,-0.168770431356325,-0.074763541740063,0.062029200365610,0.192304715149066
TXArcher County,0.000000000000000,-0.395568914557355,-0.245568914557355,0.204018070522735,0.404018070522735
TXArmstrong County,0.000000000000000,-0.419012255967405,-0.269012255967405,0.223790352516324,0.423790352516324
TXAtascosa County,0.000000000000000,-0.317323517000345,-0.174359144780843,0.146014539231402,0.337702648559601
TXAustin County,0.000000000000000,-0.287859015992311,-0.150644760665610,0.126093515021374,0.311231879071448
TXBailey County,0.000000000000000,-0.442020027110062,-0.292020027110062,0.242930413051159,0.442930413051159
TXBandera County,0.000000000000000,-0.368447531768383,-0.220622369309395,0.183946921774532,0.381336113028302
TXBastrop County,0.000000000000000,-0.339583787014635,-0.191477179616325,0.160315833517472,0.357956657944107
TXBaylor County,0.000000000000000,-0.391420033533530,-0.241420033533530,0.201620728185962,0.401620728185963
TXBee County,0.000000000000000,-0.256963295032129,-0.128041200627841,0.107201971214429,0.281435418292982
TXBell County,0.000000000000000,-0.355632874715619,-0.207002384266092,0.172847321851539,0.370894392162697
TXBexar County,0.000000000000000,-0.345439019358806,-0.200247080338439,0.167168918331814,0.362096699104477
TXBlanco County,0.000000000000000,-0.363593002428678,-0.216181052219931,0.180637974905966,0.378128033904118
TXBorden County,0.000000000000000,-0.423143046215532,-0.273143046215532,0.226363316238078,0.426363316238077
TXBosque County,0.000000000000000,-0.374445846334596,-0.224827205442791,0.187752293713501,0.387180255051209
TXBowie County,0.000000000000000,-0.395070067735292,-0.245070067735292,0.204453845394593,0.404453845394592
TXBrazoria County,0.000000000000000,-0.155117075103235,-0.072346305969661,0.060178046245390,0.173688292263516
TXBrazos County,0.000000000000000,-0.336792817484701,-0.190768710957032,0.159417149247052,0.355311856838594
TXBrewster County,0.000000000000000,-0.412590787733911,-0.262590787733911,0.218065519165460,0.418065519165460
TXBriscoe County,0.000000000000000,-0.423211346279503,-0.273211346279503,0.226911357690688,0.426911357690688
TXBrooks County,0.000000000000000,-0.231212288567518,-0.110284267115666,0.091954565510686,0.255418181439255
TXBrown County,0.000000000000000,-0.390954866946397,-0.240974778418851,0.201192940522307,0.401163073313627
TXBurleson County,0.000000000000000,-0.322107014236187,-0.178800614926464,0.149676116831427,0.342002065310334
TXBurnet County,0.000000000000000,-0.370398926898372,-0.220954676727357,0.184695547773495,0.383916553576926
TXCaldwell County,0.000000000000000,-0.327917759608737,-0.182494750986183,0.152766799997239,0.347531734833955
TXCalhoun County,0.000000000000000,-0.144980680599821,-0.063164895625538,0.052363907736088,0.165557168239898
TXCallahan County,0.000000000000000,-0.394493010310808,-0.244493010310808,0.203934652121235,0.403934652121235
TXCameron County,0.000000000000000,-0.176309121804096,-0.083440437920311,0.069444634061482,0.196863679336830
TXCamp County,0.000000000000000,-0.388377105693695,-0.238377105693696,0.198396398309377,0.398396398309377
TXCarson County,0.000000000000000,-0.432516165963673,-0.282516165963673,0.234927282647243,0.434927282647244
TXCass County,0.000000000000000,-0.392946842200641,-0.242946842200641,0.202707055207323,0.402707055207324
TXCastro County,0.000000000000000,-0.439837684687928,-0.289837684687928,0.240871130375887,0.440871130375887
TXChambers County,0.000000000000000,-0.165793824961679,-0.077265546539396,0.064248303944430,0.185817606647832
TXCherokee County,0.000000000000000,-0.371250393807303,-0.222241348999249,0.185706149947716,0.384633307257711
TXChildress County,0.000000000000000,-0.418981729637421,-0.268981729637421,0.223293704835771,0.423293704835770
TXClay County,0.000000000000000,-0.392734548045849,-0.242734548045849,0.201318607254972,0.401318607254972
TXCochran County,0.000000000000000,-0.438382075128636,-0.288382075128636,0.239030451034328,0.439030451034328
TXCoke County,0.000000000000000,-0.406363192572592,-0.256363192572592,0.213241907310910,0.413241907310910
TXColeman County,0.000000000000000,-0.397452941632172,-0.247452941632172,0.206239896483756,0.406239896483757
TXCollin County,0.000000000000000,-0.393631352320432,-0.244327177802135,0.203401823912576,0.402775613369585
TXCollingsworth County,0.000000000000000,-0.431142149014746,-0.281142149014747,0.233095451090441,0.433095451090441
TXColorado County,0.000000000000000,-0.287394263356300,-0.148976957414106,0.124638389768206,0.310900791835296
TXComal County,0.000000000000000,-0.344386592969415,-0.198186007252542,0.165961734403458,0.361489008564654
TXComanche County,0.000000000000000,-0.380287688398848,-0.230287688398848,0.192040935506567,0.392040935506568
TXConcho County,0.000000000000000,-0.395836033068634,-0.246306138041651,0.204918909789570,0.404213752330044
TXCooke County,0.000000000000000,-0.382630250441945,-0.232630250441944,0.193265571675466,0.393265571675466
TXCoryell County,0.000000000000000,-0.369182626681076,-0.219449075898764,0.183485848646515,0.383156381590884
TXCottle County,0.000000000000000,-0.414982760145901,-0.264982760145901,0.220156201867414,0.420156201867414
TXCrane County,0.000000000000000,-0.394761690224707,-0.244761690224707,0.204732323594061,0.404732323594061
TXCrockett County,0.000000000000000,-0.406696658638782,-0.256696658638782,0.213695587949458,0.413695587949459
TXCrosby County,0.000000000000000,-0.423823130436622,-0.273823130436622,0.226907380989434,0.426907380989435
TXCulberson County,0.000000000000000,-0.429772537558116,-0.279772537558116,0.232481607205312,0.432481607205312
TXDallam County,0.000000000000000,-0.438744161905452,-0.288744161905452,0.238744161905452,0.438744161905452
TXDallas County,0.000000000000000,-0.397678457832365,-0.247748540116699,0.206406235217430,0.406313537878995
TXDawson County,0.000000000000000,-0.427540614615350,-0.277540614615350,0.230399147439439,0.430399147439439
TXDeaf Smith County,0.000000000000000,-0.442031803121708,-0.292031803121708,0.242031803121708,0.442031803121709
TXDelta County,0.000000000000000,-0.382100748859439,-0.232169288824151,0.193660137210882,0.393557327263814
TXDenton County,0.000000000000000,-0.386973610922844,-0.237012881892951,0.197087943581530,0.397029037126370
TXDewitt County,0.000000000000000,-0.270724496058357,-0.139122312272201,0.116466168118741,0.294000594110817
TXDickens County,0.000000000000000,-0.418636617689857,-0.268636617689857,0.223288371711382,0.423288371711383
TXDimmit County,0.000000000000000,-0.323798886216338,-0.178148713822110,0.149169195763425,0.344287663419290
TXDonley County,0.000000000000000,-0.431682283698670,-0.281682283698671,0.233678124146056,0.433678124146056
TXDuval County,0.000000000000000,-0.261591333911073,-0.130991810809239,0.109503649665477,0.286256698561951
TXEastland County,0.000000000000000,-0.382198999858455,-0.232198999858455,0.193500220602131,0.393500220602131
TXEctor County,0.000000000000000,-0.418584396488017,-0.268584396488017,0.223345257773360,0.423345257773360
TXEdwards County,0.000000000000000,-0.388614280137952,-0.238691121424344,0.199029549570996,0.398914287641409
TXEl Paso County,0.000000000000000,-0.449999999999998,-0.300000000000001,0.250000000000001,0.449999999999994
TXEllis County,0.000000000000000,-0.373513151624097,-0.224400094943325,0.187548188796854,0.386424932955236
TXErath County,0.000000000000000,-0.384187645040296,-0.234187645040296,0.195497478257282,0.395497478257281
TXFalls County,0.000000000000000,-0.347152933774304,-0.200196757269575,0.167383182985932,0.363397114769377
TXFannin County,0.000000000000000,-0.386219996919998,-0.236270685539177,0.196786387428581,0.396710354499813
TXFayette County,0.000000000000000,-0.314653832547031,-0.170605202304187,0.142813131565377,0.336301038388190
TXFisher County,0.000000000000000,-0.413637224800949,-0.263637224800949,0.219198560159922,0.419198560159922
TXFloyd County,0.000000000000000,-0.426650568680301,-0.276650568680301,0.229505703520921,0.429505703520921
TXFoard County,0.000000000000000,-0.399090180560828,-0.249090180560828,0.207553605256694,0.407553605256693
TXFort Bend County,0.000000000000000,-0.254553660241874,-0.124476724419100,0.103860393518276,0.280349809943743
TXFranklin County,0.000000000000000,-0.388441825935780,-0.238441825935780,0.198890897283163,0.398890897283161
TXFreestone County,0.000000000000000,-0.359308819848586,-0.210859465902439,0.176323346352393,0.374176609732956
TXFrio County,0.000000000000000,-0.337926939018649,-0.190966805575384,0.160083859516104,0.356663392588912
TXGaines County,0.000000000000000,-0.425877651986358,-0.275877651986358,0.229040215713976,0.429040215713976
TXGalveston County,0.000000000000000,-0.104545970974515,-0.046818450966962,0.038821765223474,0.118861497037927
TXGarza County,0.000000000000000,-0.418439620041337,-0.268439620041338,0.222698928739048,0.422698928739049
TXGillespie County,0.000000000000000,-0.367491475107312,-0.220149916957444,0.183620798091624,0.380656069579252
TXGlasscock County,0.000000000000000,-0.407622343830443,-0.257622343830444,0.213818295564037,0.413818295564037
TXGoliad County,0.000000000000000,-0.251789224987885,-0.124005802882535,0.103944731316787,0.277283388107853
TXGonzales County,0.000000000000000,-0.303303653844978,-0.163000971021367,0.136292406414878,0.324578506807361
TXGray County,0.000000000000000,-0.435915144947977,-0.285915144947977,0.237077471139300,0.437077471139300
TXGrayson County,0.000000000000000,-0.385854950367331,-0.237252653694837,0.197328108369486,0.396012362375370
TXGregg County,0.000000000000000,-0.385554818325792,-0.235767136663479,0.196610405301323,0.396366434173486
TXGrimes County,0.000000000000000,-0.315458830325917,-0.171958300133696,0.143972985920466,0.336388224751916
TXGuadalupe County,0.000000000000000,-0.327518615349803,-0.182813849896635,0.153132292886704,0.346466655534553
TXHale County,0.000000000000000,-0.435549698328335,-0.285549698328335,0.236628782375931,0.436628782375931
TXHall County,0.000000000000000,-0.425466806966856,-0.275466806966856,0.228568996308877,0.428568996308877
TXHamilton County,0.000000000000000,-0.381344842651507,-0.231344842651506,0.193199619928984,0.393199619928984
TXHansford County,0.000000000000000,-0.438443960952177,-0.288443960952177,0.238443960952177,0.438443960952177
TXHardeman County,0.000000000000000,-0.409992244699515,-0.259992244699515,0.216384037653417,0.416384037653418
TXHardin County,0.000000000000000,-0.293189945949032,-0.154348197787896,0.129246447525943,0.315962723656399
TXHarris County,0.000000000000000,-0.254332854707733,-0.125462795117355,0.104769735585769,0.279350082332688
TXHarrison County,0.000000000000000,-0.389921536400306,-0.239941487611364,0.200187594669841,0.400157667853253
TXHartley County,0.000000000000000,-0.445682112579527,-0.295682112579527,0.245682112579527,0.445682112579527
TXHaskell County,0.000000000000000,-0.397485992743043,-0.247485992743043,0.206615266585137,0.406615266585137
TXHays County,0.000000000000000,-0.347955068912317,-0.200605944033584,0.167967973553449,0.365143267890871
TXHemphill County,0.000000000000000,-0.440279678827247,-0.290279678827247,0.240279678827247,0.440279678827247
TXHenderson County,0.000000000000000,-0.369940088227555,-0.221449129935064,0.185183116354570,0.383310382817371
TXHidalgo County,0.000000000000000,-0.266561920249839,-0.134422503887170,0.112197095312393,0.290935952724218
TXHill County,0.000000000000000,-0.362702734590552,-0.214017170726922,0.178853135293608,0.376961738548916
TXHockley County,0.000000000000000,-0.434931872668665,-0.284931872668665,0.236623493201433,0.436623493201433
TXHood County,0.000000000000000,-0.384328249928078,-0.234328249928078,0.195760665041887,0.395760665041888
TXHopkins County,0.000000000000000,-0.390897953621718,-0.240897953621718,0.200978341797050,0.400978341797050
TXHouston County,0.000000000000000,-0.354413402984836,-0.205805941854871,0.172210383008921,0.370492818758158
TXHoward County,0.000000000000000,-0.420948741158624,-0.270948741158624,0.225197744238468,0.425197744238468
TXHudspeth County,0.000000000000000,-0.446424276365920,-0.296424276365920,0.246424276365919,0.446424276365919
TXHunt County,0.000000000000000,-0.387560943715833,-0.238065125938808,0.198439251323209,0.397883802857366
TXHutchinson County,0.000000000000000,-0.441013003330740,-0.291013003330740,0.241593330070707,0.441593330070707
TXIrion County,0.000000000000000,-0.409207289774067,-0.259207289774067,0.215434377911521,0.415434377911521
TXJack County,0.000000000000000,-0.388659375958211,-0.238659375958211,0.198602576693060,0.398602576693060
TXJackson County,0.000000000000000,-0.208198776927742,-0.096732693811571,0.080359852812010,0.233989931275346
TXJasper County,0.000000000000000,-0.304162532056563,-0.163219274767896,0.136471620816517,0.325625116777068
TXJeff Davis County,0.000000000000000,-0.432029276623027,-0.282029276623027,0.233130132443747,0.433130132443747
TXJefferson County,0.000000000000000,-0.170426282074970,-0.082184949792377,0.068529425192524,0.188937847202153
TXJim Hogg County,0.000000000000000,-0.273685931423269,-0.138265575439423,0.115070962303933,0.296973436942454
TXJim Wells County,0.000000000000000,-0.238635302219260,-0.115517869985543,0.096008372178930,0.264478138994966
TXJohnson County,0.000000000000000,-0.375005476728710,-0.225790116998524,0.188547203673724,0.387370243269004
TXJones County,0.000000000000000,-0.402994113508530,-0.252994113508530,0.210830458233784,0.410830458233784
TXKarnes County,0.000000000000000,-0.287664507360216,-0.151331234416339,0.126955325688918,0.310594269130876
TXKaufman County,0.000000000000000,-0.380896028868994,-0.231868535564089,0.193677957956758,0.392710131354275
TXKendall County,0.000000000000000,-0.357812578022286,-0.211296952195372,0.176665287807588,0.373008822593867
TXKenedy County,0.000000000000000,-0.192322779952305,-0.088454106868809,0.073451758779331,0.216807053888264
TXKent County,0.000000000000000,-0.417389447284812,-0.267389447284812,0.222207824591110,0.422207824591111
TXKerr County,0.000000000000000,-0.371745296376597,-0.223551572872894,0.186340624704357,0.384172076590921
TXKimble County,0.000000000000000,-0.393096616156888,-0.243174910349372,0.202031686706893,0.401914245418169
TXKing County,0.000000000000000,-0.414067428356752,-0.264067428356752,0.219874795761244,0.419874795761245
TXKinney County,0.000000000000000,-0.366990209458012,-0.217239985228119,0.181936691268231,0.381562027613071
TXKleberg County,0.000000000000000,-0.112527698004484,-0.049484961306577,0.040908570007533,0.128663086121077
TXKnox County,0.000000000000000,-0.387563704596773,-0.237563704596774,0.198722094102732,0.398722094102732
TXLa Salle County,0.000000000000000,-0.314412175081485,-0.170895173877875,0.142962920839649,0.335842364539303
TXLamar County,0.000000000000000,-0.387194225551167,-0.237194225551167,0.197761051191716,0.397761051191717
TXLamb County,0.000000000000000,-0.441868164110975,-0.291868164110975,0.242811015176328,0.442811015176328
TXLampasas County,0.000000000000000,-0.378406655849531,-0.228508774068401,0.190885751699012,0.390732574370706
TXLavaca County,0.000000000000000,-0.289749733000775,-0.151118807520863,0.126427368041140,0.313050463221606
TXLee County,0.000000000000000,-0.328413920281638,-0.182392489032481,0.152523257769976,0.348088764528133
TXLeon County,0.000000000000000,-0.350077143565030,-0.202365455572462,0.169242979473540,0.366226087797960
TXLiberty County,0.000000000000000,-0.264484942902562,-0.133941899738879,0.111994852846300,0.288347923175279
TXLimestone County,0.000000000000000,-0.352019826257589,-0.204217813719640,0.170823139054140,0.367781373818703
TXLipscomb County,0.000000000000000,-0.438477156716555,-0.288477156716555,0.239271658871942,0.439271658871942
TXLive Oak County,0.000000000000000,-0.273443363419669,-0.140501442234084,0.117691558031601,0.297189680405148
TXLlano County,0.000000000000000,-0.371761449097242,-0.222905519054859,0.186336964741253,0.384849340391880
TXLoving County,0.000000000000000,-0.396767628287824,-0.246767628287823,0.206300397308148,0.406300397308150
TXLubbock County,0.000000000000000,-0.430572759459067,-0.280572759459068,0.232808109830067,0.432808109830067
TXLynn County,0.000000000000000,-0.426348231414669,-0.276348231414669,0.229280107100203,0.429280107100203
TXMadison County,0.000000000000000,-0.335280780691397,-0.188847263383500,0.157917622276048,0.353749433367013
TXMarion County,0.000000000000000,-0.391343398469572,-0.241343398469572,0.201260189123837,0.401260189123837
TXMartin County,0.000000000000000,-0.417714159821670,-0.267714159821670,0.222259750405472,0.422259750405472
TXMason County,0.000000000000000,-0.381556522476209,-0.233019170998313,0.194126267253731,0.392103354646941
TXMatagorda County,0.000000000000000,-0.168038642189672,-0.076884926500831,0.063859103689709,0.189924435966255
TXMaverick County,0.000000000000000,-0.352300635912353,-0.202598735630969,0.170412595189972,0.370040905776094
TXMcculloch County,0.000000000000000,-0.389603892981329,-0.240049909742806,0.199752893841833,0.399083868699618
TXMclennan County,0.000000000000000,-0.361503966222345,-0.212964933546094,0.177797106237160,0.375731825811014
TXMcmullen County,0.000000000000000,-0.295639855164231,-0.156990393834708,0.131649780715349,0.318166190194385
TXMedina County,0.000000000000000,-0.350353388542374,-0.203943189131275,0.170210542610491,0.366212930583532
TXMenard County,0.000000000000000,-0.391295797302096,-0.241588280106638,0.200885800404674,0.400447076197861
TXMidland County,0.000000000000000,-0.418816061873755,-0.268816061873755,0.223338525030487,0.423338525030487
TXMilam County,0.000000000000000,-0.345575629907619,-0.197907000201073,0.165600661167823,0.362598785383307
TXMills County,0.000000000000000,-0.380014108734896,-0.230142562553945,0.192310621378421,0.392117940649847
TXMitchell County,0.000000000000000,-0.416724074775861,-0.266724074775861,0.221609554639270,0.421609554639270
TXMontague County,0.000000000000000,-0.385903655932224,-0.235903655932224,0.196046239536260,0.396046239536260
TXMontgomery County,0.000000000000000,-0.300359568356587,-0.159071131296534,0.133186136505828,0.322582881626500
TXMoore County,0.000000000000000,-0.440069466738808,-0.290069466738809,0.240069466738809,0.440069466738809
TXMorris County,0.000000000000000,-0.393499963234811,-0.243499963234811,0.202915559317683,0.402915559317683
TXMotley County,0.000000000000000,-0.424051736964245,-0.274051736964245,0.227330344763262,0.427330344763263
TXNacogdoches County,0.000000000000000,-0.359306923248335,-0.210459418778141,0.176027406949952,0.374612766314148
TXNavarro County,0.000000000000000,-0.361540962063511,-0.212728783322880,0.177828072423911,0.376264447993969
TXNewton County,0.000000000000000,-0.307405330386545,-0.166426409727024,0.139264248510534,0.328392788132238
TXNolan County,0.000000000000000,-0.410717094114495,-0.260717094114495,0.216860802857848,0.416860802857848
TXNueces County,0.000000000000000,-0.175144100900328,-0.079415450714260,0.065989178382198,0.198278802126845
TXOchiltree County,0.000000000000000,-0.442301595631861,-0.292301595631861,0.242301595631861,0.442301595631861
TXOldham County,0.000000000000000,-0.446232259693192,-0.296232259693192,0.246232259693192,0.446232259693192
TXOrange County,0.000000000000000,-0.173299904609551,-0.086222829711344,0.072047167466341,0.190006812646163
TXPalo Pinto County,0.000000000000000,-0.388709383257671,-0.238709383257671,0.199019064542531,0.399019064542532
TXPanola County,0.000000000000000,-0.378705170705887,-0.229333570392946,0.191428876652760,0.390651135587015
TXParker County,0.000000000000000,-0.383326307805721,-0.233509601545481,0.194748678380783,0.394473737771143
TXParmer County,0.000000000000000,-0.443437160809401,-0.293437160809401,0.243924234108255,0.443924234108255
TXPecos County,0.000000000000000,-0.402476435635277,-0.252476435635277,0.210657435922029,0.410657435922030
TXPolk County,0.000000000000000,-0.325181669402977,-0.180673989499558,0.151150611738486,0.344922333674293
TXPotter County,0.000000000000000,-0.425625090155591,-0.275625090155591,0.229324589269698,0.429324589269697
TXPresidio County,0.000000000000000,-0.435488333166844,-0.285488333166844,0.236639994136667,0.436639994136667
TXRains County,0.000000000000000,-0.386193029686348,-0.236497381667151,0.197325732007433,0.396869204036229
TXRandall County,0.000000000000000,-0.430827508554213,-0.280827508554213,0.233236093596658,0.433236093596658
TXReagan County,0.000000000000000,-0.411115030495195,-0.261115030495195,0.217356871823634,0.417356871823634
TXReal County,0.000000000000000,-0.385899249658426,-0.235899249658425,0.196597640442278,0.396597640442277
TXRed River County,0.000000000000000,-0.391312210335294,-0.241312210335294,0.201365622220862,0.401365622220861
TXReeves County,0.000000000000000,-0.423925142718981,-0.273925142718981,0.227556301597749,0.427556301597748
TXRefugio County,0.000000000000000,-0.177517156050994,-0.079179291345310,0.065562891613441,0.202076246315737
TXRoberts County,0.000000000000000,-0.440864186335775,-0.290864186335775,0.241090406431929,0.441090406431930
TXRobertson County,0.000000000000000,-0.345679592717377,-0.198932997308742,0.166228766745333,0.362536101236941
TXRockwall County,0.000000000000000,-0.389205599754291,-0.240133709347619,0.200175749823893,0.399210703981003
TXRunnels County,0.000000000000000,-0.404977344994928,-0.255048169453566,0.212150158666945,0.412043921978989
TXRusk County,0.000000000000000,-0.377362280460477,-0.228289352964543,0.190480233523679,0.389308444858896
TXSabine County,0.000000000000000,-0.343896214219816,-0.196061438927962,0.164349673181146,0.361643332860816
TXSan Augustine County,0.000000000000000,-0.343149319011152,-0.195153736794682,0.163593901622524,0.361405036873609
TXSan Jacinto County,0.000000000000000,-0.311483006677603,-0.169399197544151,0.141838312487421,0.332204107689538
TXSan Patricio County,0.000000000000000,-0.172356045821691,-0.078285350714519,0.065097772384900,0.194883044068676
TXSan Saba County,0.000000000000000,-0.383964052397540,-0.234106455066421,0.195265598009197,0.395051994005876
TXSchleicher County,0.000000000000000,-0.404076316682652,-0.254076316682652,0.211550075027375,0.411550075027374
TXScurry County,0.000000000000000,-0.417189919286606,-0.267189919286606,0.221952754022067,0.421952754022067
TXShackelford County,0.000000000000000,-0.379394165538781,-0.229394165538781,0.190955202232639,0.390955202232639
TXShelby County,0.000000000000000,-0.365853550526494,-0.216621967155764,0.181275690399983,0.380261211362838
TXSherman County,0.000000000000000,-0.441472018960854,-0.291472018960854,0.241472018960854,0.441472018960854
TXSmith County,0.000000000000000,-0.383826794322866,-0.235185447586593,0.196194740134521,0.394527998232962
TXSomervell County,0.000000000000000,-0.386068733449618,-0.236068733449618,0.197039474158095,0.397039474158094
TXStarr County,0.000000000000000,-0.281027393820951,-0.144858175219422,0.120845472126945,0.304271592536012
TXStephens County,0.000000000000000,-0.376311047807469,-0.226311047807470,0.188730382232636,0.388730382232637
TXSterling County,0.000000000000000,-0.408966410896456,-0.258966410896456,0.214593274124490,0.414593274124490
TXStonewall County,0.000000000000000,-0.412919384092444,-0.262919384092444,0.218659659578307,0.418659659578307
TXSutton County,0.000000000000000,-0.401143643503086,-0.251388626168891,0.209137265926349,0.408769791927640
TXSwisher County,0.000000000000000,-0.428303567319178,-0.278303567319178,0.230826765712254,0.430826765712254
TXTarrant County,0.000000000000000,-0.385195541731948,-0.235239907449862,0.195779701795881,0.395713153219011
TXTaylor County,0.000000000000000,-0.410153486613122,-0.260153486613122,0.216597201701449,0.416597201701449
TXTerrell County,0.000000000000000,-0.404127025476481,-0.254127025476481,0.211736120510105,0.411736120510105
TXTerry County,0.000000000000000,-0.428867822382116,-0.278867822382116,0.231343262073311,0.431343262073312
TXThrockmorton County,0.000000000000000,-0.371142264297635,-0.221142264297635,0.183665814733832,0.383665814733832
TXTitus County,0.000000000000000,-0.388399579573099,-0.238399579573099,0.198671237968549,0.398671237968548
TXTom Green County,0.000000000000000,-0.404749625789986,-0.255096007586923,0.211897403754843,0.411377831059438
TXTravis County,0.000000000000000,-0.357589447473460,-0.208704828260667,0.174764244895433,0.373325924346499
TXTrinity County,0.000000000000000,-0.349438407610478,-0.201601794555158,0.168670604725722,0.365936871184855
TXTyler County,0.000000000000000,-0.317508810820182,-0.172897473929181,0.144599346928705,0.338111670464994
TXUpshur County,0.000000000000000,-0.388893717099553,-0.238951618570652,0.199045843170800,0.398958990964152
TXUpton County,0.000000000000000,-0.407515115823790,-0.257515115823789,0.214782163611119,0.414782163611119
TXUvalde County,0.000000000000000,-0.364700097874247,-0.215576328125860,0.180200798417356,0.379122962187252
TXVal Verde County,0.000000000000000,-0.383414166848367,-0.233581130470606,0.195034122084519,0.394783676651161
TXVan Zandt County,0.000000000000000,-0.383454018252568,-0.234768824779232,0.195941481169277,0.394477062417118
TXVictoria County,0.000000000000000,-0.229819792731016,-0.109496025406798,0.091239876658567,0.255131299380285
TXWalker County,0.000000000000000,-0.329599677637810,-0.183360517163524,0.153510907866444,0.348691520560759
TXWaller County,0.000000000000000,-0.277937010489064,-0.142879247446638,0.119472784377454,0.302131614304417
TXWard County,0.000000000000000,-0.394587588839042,-0.244587588839042,0.204464549750083,0.404464549750083
TXWashington County,0.000000000000000,-0.306880979890360,-0.165547703181758,0.138631134229014,0.329361411219490
TXWebb County,0.000000000000000,-0.286460038524649,-0.152613951468647,0.127933289983469,0.308434114120741
TXWharton County,0.000000000000000,-0.245792017894888,-0.119113968795753,0.099407028401115,0.271696409537599
TXWheeler County,0.000000000000000,-0.433325927941640,-0.283325927941640,0.234539835470566,0.434539835470565
TXWichita County,0.000000000000000,-0.403465011688189,-0.253465011688189,0.210149734540039,0.410149734540039
TXWilbarger County,0.000000000000000,-0.407502577725497,-0.257502577725497,0.214432305417089,0.414432305417089
TXWillacy County,0.000000000000000,-0.164984926408063,-0.077985292186106,0.064921562847389,0.184538319949323
TXWilliamson County,0.000000000000000,-0.352684863971745,-0.203655034898146,0.170409977055122,0.369013397569684
TXWilson County,0.000000000000000,-0.311011067453686,-0.170184325886718,0.142465016913053,0.331543045297175
TXWinkler County,0.000000000000000,-0.393365452641347,-0.243365452641347,0.203345281818010,0.403345281818010
TXWise County,0.000000000000000,-0.379517577983981,-0.230080229507112,0.191561503820447,0.390717526535751
TXWood County,0.000000000000000,-0.389753848147326,-0.239991003055738,0.200024369472466,0.399668637109849
TXYoakum County,0.000000000000000,-0.421689139937666,-0.271689139937667,0.225339002366155,0.425339002366155
TXYoung County,0.000000000000000,-0.392300538756387,-0.242300538756387,0.201614045133536,0.401614045133535
TXZapata County,0.000000000000000,-0.303896440588453,-0.161513916222759,0.134936718548508,0.325864683801722
TXZavala County,0.000000000000000,-0.353126419521901,-0.203706822965190,0.170879406340665,0.370227916848440
UTBeaver County,0.000000000000000,0.000000000000000,0.000000000000000,0.000000000000000,0.000000000000000
UTBox Elder County,0.000000000000000,0.000000000000000,0.000000000000000,0.000000000000000,0.000000000000000
UTCache County,0.000000000000000,0.000000000000000,0.000000000000000,0.000000000000000,0.000000000000000
UTCarbon County,0.000000000000000,0.000000000000000,0.000000000000000,0.000000000000000,0.000000000000000
UTDaggett County,0.000000000000000,0.000000000000000,0.000000000000000,0.000000000000000,0.000000000000000
UTDavis County,0.000000000000000,0.000000000000000,0.000000000000000,0.000000000000000,0.000000000000000
UTDuchesne County,0.000000000000000,0.000000000000000,0.000000000000000,0.000000000000000,0.000000000000000
UTEmery County,0.000000000000000,0.000000000000000,0.000000000000000,0.000000000000000,0.000000000000000
UTGarfield County,0.000000000000000,0.000000000000000,0.000000000000000,0.000000000000000,0.000000000000000
UTGrand County,0.000000000000000,0.000000000000000,0.000000000000000,0.000000000000000,0.000000000000000
UTIron County,0.000000000000000,0.000000000000000,0.000000000000000,0.000000000000000,0.000000000000000
UTJuab County,0.000000000000000,0.000000000000000,0.000000000000000,0.000000000000000,0.000000000000000
UTKane County,0.000000000000000,0.000000000000000,0.000000000000000,0.000000000000000,0.000000000000000
UTMillard County,0.000000000000000,0.000000000000000,0.000000000000000,0.000000000000000,0.000000000000000
UTMorgan County,0.000000000000000,0.000000000000000,0.000000000000000,0.000000000000000,0.000000000000000
UTPiute County,0.000000000000000,0.000000000000000,0.000000000000000,0.000000000000000,0.000000000000000
UTRich County,0.000000000000000,0.000000000000000,0.000000000000000,0.000000000000000,0.000000000000000
UTSalt Lake County,0.000000000000000,0.000000000000000,0.000000000000000,0.000000000000000,0.000000000000000
UTSan Juan County,0.000000000000000,0.000000000000000,0.000000000000000,0.000000000000000,0.000000000000000
UTSanpete County,0.000000000000000,0.000000000000000,0.000000000000000,0.000000000000000,0.000000000000000
UTSevier County,0.000000000000000,0.000000000000000,0.000000000000000,0.000000000000000,0.000000000000000
UTSummit County,0.000000000000000,0.000000000000000,0.000000000000000,0.000000000000000,0.000000000000000
UTTooele County,0.000000000000000,0.000000000000000,0.000000000000000,0.000000000000000,0.000000000000000
UTUintah County,0.000000000000000,0.000000000000000,0.000000000000000,0.000000000000000,0.000000000000000
UTUtah County,0.000000000000000,0.000000000000000,0.000000000000000,0.000000000000000,0.000000000000000
UTWasatch County,0.000000000000000,0.000000000000000,0.000000000000000,0.000000000000000,0.000000000000000
UTWashington County,0.000000000000000,0.000000000000000,0.000000000000000,0.000000000000000,0.000000000000000
UTWayne County,0.000000000000000,0.000000000000000,0.000000000000000,0.000000000000000,0.000000000000000
UTWeber County,0.000000000000000,0.000000000000000,0.000000000000000,0.000000000000000,0.000000000000000
VAAccomack County,0.000000000000000,-0.236061756888096,-0.126056571035473,0.105503755783632,0.253573827755832
VAAlbemarle County,0.000000000000000,-0.400672404493274,-0.250672404493274,0.208907314024707,0.408907314024707
VAAlexandria City,0.000000000000000,-0.367653611021364,-0.228446985963291,0.190271273740531,0.375882000763193
VAAlleghany County,0.000000000000000,-0.416306475407411,-0.266306475407411,0.221144216058088,0.421144216058088
VAAmelia County,0.000000000000000,-0.393127899931881,-0.243166510065118,0.202746584151396,0.402688668951540
VAAmherst County,0.000000000000000,-0.404022020588136,-0.254022020588136,0.211631363886098,0.411631363886098
VAAppomattox County,0.000000000000000,-0.392902313674250,-0.242902313674250,0.202797416201399,0.402797416201399
VAArlington County,0.000000000000000,-0.394147302586519,-0.245766873547049,0.204623157807527,0.402460836482706
VAAugusta County,0.000000000000000,-0.395580002620186,-0.245580002620186,0.204925678867921,0.404925678867921
VABath County,0.000000000000000,-0.416697149669004,-0.266697149669003,0.221472233055245,0.421472233055246
VABedford County,0.000000000000000,-0.401381102219556,-0.251381102219556,0.209460865465520,0.409460865465520
VABland County,0.000000000000000,-0.412337918848640,-0.262337918848640,0.218044734611732,0.418044734611732
VABotetourt County,0.000000000000000,-0.407994652453314,-0.257994652453314,0.214614698053901,0.414614698053901
VABristol City,0.000000000000000,-0.415096202273808,-0.265096202273808,0.219874232844134,0.419874232844134
VABrunswick County,0.000000000000000,-0.385665240701872,-0.235745487865054,0.196648279416410,0.396527908671639
VABuchanan County,0.000000000000000,-0.422885438984693,-0.272885438984693,0.226204709250177,0.426204709250177
VABuckingham County,0.000000000000000,-0.396258695576475,-0.246258695576475,0.205488066437798,0.405488066437798
VABuena Vista City,0.000000000000000,-0.408340243813281,-0.258340243813281,0.214917894260898,0.414917894260899
VACampbell County,0.000000000000000,-0.397180311878894,-0.247180311878894,0.206158089902989,0.406158089902989
VACaroline County,0.000000000000000,-0.394421749090765,-0.244443411607011,0.203728556021564,0.403696062247196
VACarroll County,0.000000000000000,-0.405283313861687,-0.255283313861687,0.212346852173132,0.412346852173132
VACharles City County,0.000000000000000,-0.347669704110362,-0.210923228889978,0.175982973793514,0.358306223123881
VACharlotte County,0.000000000000000,-0.390461433899802,-0.240461433899802,0.200634791679204,0.400634791679204
VACharlottesville City,0.000000000000000,-0.400638514360574,-0.250638514360574,0.208894982662096,0.408894982662097
VAChesapeake City,0.000000000000000,-0.298406091834758,-0.167168318336879,0.139893802902169,0.317140077762476
VAChesterfield County,0.000000000000000,-0.387881673913953,-0.238796098454656,0.199122664478407,0.397899329970351
VAClarke County,0.000000000000000,-0.402602584461443,-0.252608104611676,0.210423160995749,0.410414880770400
VAColonial Heights City,0.000000000000000,-0.384351741404731,-0.234457351819185,0.195772429089268,0.395614013467587
VACovington City,0.000000000000000,-0.417373129913854,-0.267373129913854,0.221974372049209,0.421974372049209
VACraig County,0.000000000000000,-0.418089210637996,-0.268089210637996,0.222404951840527,0.422404951840527
VACulpeper County,0.000000000000000,-0.397501919438007,-0.247501919438007,0.206320744454944,0.406320744454945
VACumberland County,0.000000000000000,-0.397159094459148,-0.247159094459148,0.205903398879445,0.405903398879446
VADanville City,0.000000000000000,-0.395217505044862,-0.245217505044861,0.204402470929858,0.404402470929858
VADickenson County,0.000000000000000,-0.423147759086708,-0.273147759086708,0.226447703673478,0.426447703673478
VADinwiddie County,0.000000000000000,-0.391861291911346,-0.241910325111159,0.201652045903216,0.401578496103498
VAEssex County,0.000000000000000,-0.335708621554581,-0.200751881689499,0.167774303628433,0.347697889995869
VAFairfax City,0.000000000000000,-0.403670820243712,-0.253688604840822,0.211395261270131,0.411368584374467
VAFairfax County,0.000000000000000,-0.378158328714792,-0.236796846572493,0.197254624824778,0.385733803220084
VAFalls Church City,0.000000000000000,-0.403941516527502,-0.253960417079828,0.211478489255605,0.411450138427116
VAFauquier County,0.000000000000000,-0.398928135941389,-0.248932776993343,0.207422915844204,0.407415954266272
VAFloyd County,0.000000000000000,-0.410279566102560,-0.260279566102560,0.216372701974962,0.416372701974962
VAFluvanna County,0.000000000000000,-0.400785935514732,-0.250785935514732,0.208892918091580,0.408892918091580
VAFranklin City,0.000000000000000,-0.365952065017413,-0.217262746812369,0.181544274496046,0.380257561932314
VAFranklin County,0.000000000000000,-0.399690032537577,-0.249690032537577,0.207943063036669,0.407943063036668
VAFrederick County,0.000000000000000,-0.407280846400731,-0.257288118133530,0.214087531595498,0.414076623996298
VAFredericksburg City,0.000000000000000,-0.399801546328533,-0.249801546328533,0.208039599391764,0.408039599391765
VAGalax City,0.000000000000000,-0.404322967321964,-0.254322967321964,0.211439066601552,0.411439066601552
VAGiles County,0.000000000000000,-0.416515499665896,-0.266515499665896,0.221364567062447,0.421364567062447
VAGloucester County,0.000000000000000,-0.172503413327669,-0.098602849092687,0.082483227618033,0.181326642243609
VAGoochland County,0.000000000000000,-0.395166408989445,-0.245166408989445,0.204363017545393,0.404363017545393
VAGrayson County,0.000000000000000,-0.411431532453718,-0.261431532453719,0.217039498534660,0.417039498534660
VAGreene County,0.000000000000000,-0.404574587401278,-0.254574587401279,0.211874532459905,0.411874532459905
VAGreensville County,0.000000000000000,-0.382983865682436,-0.233104569860510,0.194684079027853,0.394503022760741
VAHalifax County,0.000000000000000,-0.392908254438616,-0.242908254438616,0.202593308421459,0.402593308421459
VAHampton City,0.000000000000000,-0.111566409050678,-0.061618126276576,0.051617859922012,0.118643227265410
VAHanover County,0.000000000000000,-0.394742375940607,-0.244742375940608,0.204034853081206,0.404034853081206
VAHarrisonburg City,0.000000000000000,-0.395448429822532,-0.245448429822532,0.204871278458607,0.404871278458607
VAHenrico County,0.000000000000000,-0.394202692214978,-0.244259385045772,0.203664651720147,0.403589061279089
VAHenry County,0.000000000000000,-0.403966890076373,-0.253966890076373,0.211344683949865,0.411344683949864
VAHighland County,0.000000000000000,-0.410283080226524,-0.260283080226524,0.216631800574173,0.416631800574172
VAHopewell City,0.000000000000000,-0.366510667061523,-0.219320216088342,0.183180924795883,0.379364778661534
VAIsle Of Wight County,0.000000000000000,-0.337748837594371,-0.195585797003913,0.163594678499105,0.353748583995415
VAJames City County,0.000000000000000,-0.103323168402741,-0.061168476173886,0.051113082931986,0.107326930022659
VAKing And Queen County,0.000000000000000,-0.332619029836578,-0.200358703813602,0.167387793266305,0.343793550888776
VAKing George County,0.000000000000000,-0.358246035272315,-0.217842593375490,0.181876543812461,0.369135921250973
VAKing William County,0.000000000000000,-0.375421450222236,-0.227392530088398,0.189877068191830,0.387225496829916
VALancaster County,0.000000000000000,-0.298559125115183,-0.168932255221744,0.141043333063490,0.314924151134337
VALee County,0.000000000000000,-0.421084136733193,-0.271084136733193,0.224983365664891,0.424983365664891
VALoudoun County,0.000000000000000,-0.401154593906553,-0.251174856600864,0.209110481839458,0.409080087797992
VALouisa County,0.000000000000000,-0.398306722707856,-0.248306722707856,0.206836125333447,0.406836125333447
VALunenburg County,0.000000000000000,-0.388810131942402,-0.238829184873013,0.199082874489762,0.399054295093845
VALynchburg City,0.000000000000000,-0.401123639849128,-0.251123639849128,0.209401882305395,0.409401882305395
VAMadison County,0.000000000000000,-0.403963011408647,-0.253963011408647,0.211364842429995,0.411364842429996
VAManassas City,0.000000000000000,-0.404801586865619,-0.254801586865619,0.212223402998064,0.412223402998064
VAManassas Park City,0.000000000000000,-0.405858346754683,-0.255858346754683,0.213065027668654,0.413065027668654
VAMartinsville City,0.000000000000000,-0.405405968578237,-0.255405968578236,0.212548549177124,0.412548549177124
VAMathews County,0.000000000000000,-0.192663874570709,-0.104903607539867,0.087740813610994,0.205858597181430
VAMecklenburg County,0.000000000000000,-0.383294905484839,-0.233366590743264,0.194634921840017,0.394527393952380
VAMiddlesex County,0.000000000000000,-0.290764778262706,-0.161201428289904,0.134709575860380,0.308925928263460
VAMontgomery County,0.000000000000000,-0.413205622694267,-0.263205622694267,0.218717603453912,0.418717603453912
VANelson County,0.000000000000000,-0.402703729292181,-0.252703729292181,0.210558854033035,0.410558854033035
VANew Kent County,0.000000000000000,-0.354907519048456,-0.216048910107172,0.180329893761057,0.365492786281512
VANewport News City,0.000000000000000,-0.300518183402422,-0.171771132721300,0.143681477995347,0.316173515807750
VANorfolk City,0.000000000000000,-0.222759433598159,-0.123511907016885,0.103347188387281,0.237499347904720
VANorthampton County,0.000000000000000,-0.139497986263830,-0.073929562778052,0.061875385977526,0.150184746851302
VANorthumberland County,0.000000000000000,-0.314969214902030,-0.176256230077956,0.147420446254694,0.333564149888155
VANorton City,0.000000000000000,-0.420685179166942,-0.270685179166942,0.224645432905235,0.424645432905235
VANottoway County,0.000000000000000,-0.391373056730850,-0.241417670999136,0.201297176928395,0.401230255525964
VAOrange County,0.000000000000000,-0.399541975134320,-0.249541975134321,0.207949362422161,0.407949362422162
VAPage County,0.000000000000000,-0.408784417066881,-0.258784417066881,0.215126939556055,0.415126939556054
VAPatrick County,0.000000000000000,-0.407287907531182,-0.257287907531182,0.213951292857862,0.413951292857862
VAPetersburg City,0.000000000000000,-0.387144344325323,-0.237207565393771,0.198015914428128,0.397921082825455
VAPittsylvania County,0.000000000000000,-0.395098631918115,-0.245098631918115,0.204392128812192,0.404392128812192
VAPoquoson City,0.000000000000000,-0.093522981582992,-0.051439101802791,0.043049107193792,0.099631473515709
VAPortsmouth City,0.000000000000000,-0.129446378278801,-0.072863784084651,0.060940581554849,0.137429575275793
VAPowhatan County,0.000000000000000,-0.396461286079732,-0.246461286079732,0.205303703903899,0.405303703903899
VAPrince Edward County,0.000000000000000,-0.392431872661685,-0.242431872661685,0.202267609362559,0.402267609362558
VAPrince George County,0.000000000000000,-0.383414606577350,-0.233549134676508,0.195098329766637,0.394902355901187
VAPrince William County,0.000000000000000,-0.380435527100626,-0.237671972271680,0.197944251341708,0.388293761272876
VAPulaski County,0.000000000000000,-0.405957720956452,-0.255957720956452,0.212929796488670,0.412929796488670
VARadford City,0.000000000000000,-0.408464024315255,-0.258464024315255,0.214968515500971,0.414968515500970
VARappahannock County,0.000000000000000,-0.407954361051175,-0.257954361051175,0.214606155386051,0.414606155386051
VARichmond City,0.000000000000000,-0.391358413929650,-0.241358413929650,0.201394378127333,0.401394378127333
VARichmond County,0.000000000000000,-0.358291573434782,-0.212016128204001,0.177103350650305,0.372248377501650
VARoanoke City,0.000000000000000,-0.408323565199427,-0.258323565199427,0.214932697652913,0.414932697652914
VARoanoke County,0.000000000000000,-0.409146256636451,-0.259146256636451,0.215484062786254,0.415484062786253
VARockbridge County,0.000000000000000,-0.404819229069377,-0.254819229069377,0.212166683355189,0.412166683355189
VARockingham County,0.000000000000000,-0.395249170134333,-0.245249170134333,0.204601701262964,0.404601701262964
VARussell County,0.000000000000000,-0.415219819194181,-0.265219819194181,0.220031295745905,0.420031295745905
VASalem City,0.000000000000000,-0.410626965256970,-0.260626965256969,0.216623117237781,0.416623117237781
VAScott County,0.000000000000000,-0.418178483755027,-0.268178483755027,0.222534713584164,0.422534713584164
VAShenandoah County,0.000000000000000,-0.408542684455874,-0.258542684455874,0.215016098666076,0.415016098666077
VASmyth County,0.000000000000000,-0.410037997694802,-0.260037997694801,0.216033531203748,0.416033531203748
VASouthampton County,0.000000000000000,-0.370739973648226,-0.221753106530126,0.185298443503103,0.384188921744648
VASpotsylvania County,0.000000000000000,-0.398931884772129,-0.248931884772129,0.207399940492916,0.407399940492916
VAStafford County,0.000000000000000,-0.395104727503858,-0.247731848681983,0.206227511698119,0.402724683460619
VAStaunton City,0.000000000000000,-0.394819497824058,-0.244819497824058,0.204394972389462,0.404394972389463
VASuffolk City,0.000000000000000,-0.275896306292447,-0.158318085423366,0.132546484264137,0.289890142980781
VASurry County,0.000000000000000,-0.342112370354538,-0.199334727132311,0.166661476392743,0.357214744049292
VASussex County,0.000000000000000,-0.379713076098473,-0.230007803277903,0.192171712984568,0.391729622215423
VATazewell County,0.000000000000000,-0.413852331700770,-0.263852331700770,0.219106493546287,0.419106493546287
VAVirginia Beach City,0.000000000000000,-0.271025085924359,-0.146827479658594,0.122917103815743,0.290784666884286
VAWarren County,0.000000000000000,-0.410742005659570,-0.260742005659570,0.216802656167667,0.416802656167668
VAWashington County,0.000000000000000,-0.410569625254721,-0.260569625254721,0.216329071942678,0.416329071942678
VAWaynesboro City,0.000000000000000,-0.394674922941877,-0.244674922941878,0.204147836189725,0.404147836189726
VAWestmoreland County,0.000000000000000,-0.180024102811144,-0.103847534409920,0.086756773792748,0.188732718532388
VAWilliamsburg City,0.000000000000000,-0.371890340715227,-0.222246723663321,0.185617010082803,0.385082435660663
VAWinchester City,0.000000000000000,-0.409185510606708,-0.259185510606708,0.215615200100751,0.415615200100750
VAWise County,0.000000000000000,-0.420808902453089,-0.270808902453089,0.224820928048418,0.424820928048418
VAWythe County,0.000000000000000,-0.406137338641378,-0.256137338641378,0.213008950557715,0.413008950557715
VAYork County,0.000000000000000,-0.215541887553224,-0.122886060703619,0.102827608954336,0.226831822970636
VTAddison County,0.000000000000000,-0.383745508244141,-0.233799917527132,0.195231774266727,0.395150160342241
VTBennington County,0.000000000000000,-0.392387895711715,-0.242387895711716,0.202212666607673,0.402212666607674
VTCaledonia County,0.000000000000000,-0.392391721550422,-0.242391721550422,0.202067852977990,0.402067852977991
VTChittenden County,0.000000000000000,-0.382161853984053,-0.232467756721976,0.193954747565404,0.393495893458521
VTEssex County,0.000000000000000,-0.400947169071626,-0.250947169071626,0.208907726753626,0.408907726753627
VTFranklin County,0.000000000000000,-0.390246763883641,-0.240484181688856,0.200209054611617,0.399852927903794
VTGrand Isle County,0.000000000000000,-0.355246963387324,-0.207578147302274,0.173653695193718,0.371396814030319
VTLamoille County,0.000000000000000,-0.398342428414417,-0.248342428414417,0.206646300503521,0.406646300503521
VTOrange County,0.000000000000000,-0.390723159255431,-0.240723159255430,0.200703335748309,0.400703335748310
VTOrleans County,0.000000000000000,-0.392233014263929,-0.242233014263929,0.202051952525938,0.402051952525939
VTRutland County,0.000000000000000,-0.394506620158756,-0.244506620158756,0.203754640441272,0.403754640441272
VTWashington County,0.000000000000000,-0.394455238929048,-0.244455238929048,0.203675039366267,0.403675039366267
VTWindham County,0.000000000000000,-0.391323972865746,-0.241323972865746,0.201384230763513,0.401384230763513
VTWindsor County,0.000000000000000,-0.392762965595664,-0.242762965595664,0.202341635751055,0.402341635751055
WAAdams County,0.000000000000000,0.000000000000000,0.000000000000000,0.000000000000000,0.000000000000000
WAAsotin County,0.000000000000000,0.000000000000000,0.000000000000000,0.000000000000000,0.000000000000000
WABenton County,0.000000000000000,0.000000000000000,0.000000000000000,0.000000000000000,0.000000000000000
WAChelan County,0.000000000000000,0.000000000000000,0.000000000000000,0.000000000000000,0.000000000000000
WAClallam County,0.000000000000000,0.000000000000000,0.000000000000000,0.000000000000000,0.000000000000000
WAClark County,0.000000000000000,0.000000000000000,0.000000000000000,0.000000000000000,0.000000000000000
WAColumbia County,0.000000000000000,0.000000000000000,0.000000000000000,0.000000000000000,0.000000000000000
WACowlitz County,0.000000000000000,0.000000000000000,0.000000000000000,0.000000000000000,0.000000000000000
WADouglas County,0.000000000000000,0.000000000000000,0.000000000000000,0.000000000000000,0.000000000000000
WAFerry County,0.000000000000000,0.000000000000000,0.000000000000000,0.000000000000000,0.000000000000000
WAFranklin County,0.000000000000000,0.000000000000000,0.000000000000000,0.000000000000000,0.000000000000000
WAGarfield County,0.000000000000000,0.000000000000000,0.000000000000000,0.000000000000000,0.000000000000000
WAGrant County,0.000000000000000,0.000000000000000,0.000000000000000,0.000000000000000,0.000000000000000
WAGrays Harbor County,0.000000000000000,0.000000000000000,0.000000000000000,0.000000000000000,0.000000000000000
WAIsland County,0.000000000000000,0.000000000000000,0.000000000000000,0.000000000000000,0.000000000000000
WAJefferson County,0.000000000000000,0.000000000000000,0.000000000000000,0.000000000000000,0.000000000000000
WAKing County,0.000000000000000,0.000000000000000,0.000000000000000,0.000000000000000,0.000000000000000
WAKitsap County,0.000000000000000,0.000000000000000,0.000000000000000,0.000000000000000,0.000000000000000
WAKittitas County,0.000000000000000,0.000000000000000,0.000000000000000,0.000000000000000,0.000000000000000
WAKlickitat County,0.000000000000000,0.000000000000000,0.000000000000000,0.000000000000000,0.000000000000000
WALewis County,0.000000000000000,0.000000000000000,0.000000000000000,0.000000000000000,0.000000000000000
WALincoln County,0.000000000000000,0.000000000000000,0.000000000000000,0.000000000000000,0.000000000000000
WAMason County,0.000000000000000,0.000000000000000,0.000000000000000,0.000000000000000,0.000000000000000
WAOkanogan County,0.000000000000000,0.000000000000000,0.000000000000000,0.000000000000000,0.000000000000000
WAPacific County,0.000000000000000,0.000000000000000,0.000000000000000,0.000000000000000,0.000000000000000
WAPend Oreille County,0.000000000000000,0.000000000000000,0.000000000000000,0.000000000000000,0.000000000000000
WAPierce County,0.000000000000000,0.000000000000000,0.000000000000000,0.000000000000000,0.000000000000000
WASan Juan County,0.000000000000000,0.000000000000000,0.000000000000000,0.000000000000000,0.000000000000000
WASkagit County,0.000000000000000,0.000000000000000,0.000000000000000,0.000000000000000,0.000000000000000
WASkamania County,0.000000000000000,0.000000000000000,0.000000000000000,0.000000000000000,0.000000000000000
WASnohomish County,0.000000000000000,0.000000000000000,0.000000000000000,0.000000000000000,0.000000000000000
WASpokane County,0.000000000000000,0.000000000000000,0.000000000000000,0.000000000000000,0.000000000000000
WAStevens County,0.000000000000000,0.000000000000000,0.000000000000000,0.000000000000000,0.000000000000000
WAThurston County,0.000000000000000,0.000000000000000,0.000000000000000,0.000000000000000,0.000000000000000
WAWahkiakum County,0.000000000000000,0.000000000000000,0.000000000000000,0.000000000000000,0.000000000000000
WAWalla Walla County,0.000000000000000,0.000000000000000,0.000000000000000,0.000000000000000,0.000000000000000
WAWhatcom County,0.000000000000000,0.000000000000000,0.000000000000000,0.000000000000000,0.000000000000000
WAWhitman County,0.000000000000000,0.000000000000000,0.000000000000000,0.000000000000000,0.000000000000000
WAYakima County,0.000000000000000,0.000000000000000,0.000000000000000,0.000000000000000,0.000000000000000
WIAdams County,0.000000000000000,0.000000000000000,0.000000000000000,0.000000000000000,0.000000000000000
WIAshland County,0.000000000000000,0.000000000000000,0.000000000000000,0.000000000000000,0.000000000000000
WIBarron County,0.000000000000000,0.000000000000000,0.000000000000000,0.000000000000000,0.000000000000000
WIBayfield County,0.000000000000000,0.000000000000000,0.000000000000000,0.000000000000000,0.000000000000000
WIBrown County,0.000000000000000,0.000000000000000,0.000000000000000,0.000000000000000,0.000000000000000
WIBuffalo County,0.000000000000000,0.000000000000000,0.000000000000000,0.000000000000000,0.000000000000000
WIBurnett County,0.000000000000000,0.000000000000000,0.000000000000000,0.000000000000000,0.000000000000000
WICalumet County,0.000000000000000,0.000000000000000,0.000000000000000,0.000000000000000,0.000000000000000
WIChippewa County,0.000000000000000,0.000000000000000,0.000000000000000,0.000000000000000,0.000000000000000
WIClark County,0.000000000000000,0.000000000000000,0.000000000000000,0.000000000000000,0.000000000000000
WIColumbia County,0.000000000000000,0.000000000000000,0.000000000000000,0.000000000000000,0.000000000000000
WICrawford County,0.000000000000000,0.000000000000000,0.000000000000000,0.000000000000000,0.000000000000000
WIDane County,0.000000000000000,0.000000000000000,0.000000000000000,0.000000000000000,0.000000000000000
WIDodge County,0.000000000000000,0.000000000000000,0.000000000000000,0.000000000000000,0.000000000000000
WIDoor County,0.000000000000000,0.000000000000000,0.000000000000000,0.000000000000000,0.000000000000000
WIDouglas County,0.000000000000000,0.000000000000000,0.000000000000000,0.000000000000000,0.000000000000000
WIDunn County,0.000000000000000,0.000000000000000,0.000000000000000,0.000000000000000,0.000000000000000
WIEau Claire County,0.000000000000000,0.000000000000000,0.000000000000000,0.000000000000000,0.000000000000000
WIFlorence County,0.000000000000000,0.000000000000000,0.000000000000000,0.000000000000000,0.000000000000000
WIFond Du Lac County,0.000000000000000,0.000000000000000,0.000000000000000,0.000000000000000,0.000000000000000
WIForest County,0.000000000000000,0.000000000000000,0.000000000000000,0.000000000000000,0.000000000000000
WIGrant County,0.000000000000000,0.000000000000000,0.000000000000000,0.000000000000000,0.000000000000000
WIGreen County,0.000000000000000,0.000000000000000,0.000000000000000,0.000000000000000,0.000000000000000
WIGreen Lake County,0.000000000000000,0.000000000000000,0.000000000000000,0.000000000000000,0.000000000000000
WIIowa County,0.000000000000000,0.000000000000000,0.000000000000000,0.000000000000000,0.000000000000000
WIIron County,0.000000000000000,0.000000000000000,0.000000000000000,0.000000000000000,0.000000000000000
WIJackson County,0.000000000000000,0.000000000000000,0.000000000000000,0.000000000000000,0.000000000000000
WIJefferson County,0.000000000000000,0.000000000000000,0.000000000000000,0.000000000000000,0.000000000000000
WIJuneau County,0.000000000000000,0.000000000000000,0.000000000000000,0.000000000000000,0.000000000000000
WIKenosha County,0.000000000000000,0.000000000000000,0.000000000000000,0.000000000000000,0.000000000000000
WIKewaunee County,0.000000000000000,0.000000000000000,0.000000000000000,0.000000000000000,0.000000000000000
WILa Crosse County,0.000000000000000,0.000000000000000,0.000000000000000,0.000000000000000,0.000000000000000
WILafayette County,0.000000000000000,0.000000000000000,0.000000000000000,0.000000000000000,0.000000000000000
WILanglade County,0.000000000000000,0.000000000000000,0.000000000000000,0.000000000000000,0.000000000000000
WILincoln County,0.000000000000000,0.000000000000000,0.000000000000000,0.000000000000000,0.000000000000000
WIManitowoc County,0.000000000000000,0.000000000000000,0.000000000000000,0.000000000000000,0.000000000000000
WIMarathon County,0.000000000000000,0.000000000000000,0.000000000000000,0.000000000000000,0.000000000000000
WIMarinette County,0.000000000000000,0.000000000000000,0.000000000000000,0.000000000000000,0.000000000000000
WIMarquette County,0.000000000000000,0.000000000000000,0.000000000000000,0.000000000000000,0.000000000000000
WIMenominee County,0.000000000000000,0.000000000000000,0.000000000000000,0.000000000000000,0.000000000000000
WIMilwaukee County,0.000000000000000,0.000000000000000,0.000000000000000,0.000000000000000,0.000000000000000
WIMonroe County,0.000000000000000,0.000000000000000,0.000000000000000,0.000000000000000,0.000000000000000
WIOconto County,0.000000000000000,0.000000000000000,0.000000000000000,0.000000000000000,0.000000000000000
WIOneida County,0.000000000000000,0.000000000000000,0.000000000000000,0.000000000000000,0.000000000000000
WIOutagamie County,0.000000000000000,0.000000000000000,0.000000000000000,0.000000000000000,0.000000000000000
WIOzaukee County,0.000000000000000,0.000000000000000,0.000000000000000,0.000000000000000,0.000000000000000
WIPepin County,0.000000000000000,0.000000000000000,0.000000000000000,0.000000000000000,0.000000000000000
WIPierce County,0.000000000000000,0.000000000000000,0.000000000000000,0.000000000000000,0.000000000000000
WIPolk County,0.000000000000000,0.000000000000000,0.000000000000000,0.000000000000000,0.000000000000000
WIPortage County,0.000000000000000,0.000000000000000,0.000000000000000,0.000000000000000,0.000000000000000
WIPrice County,0.000000000000000,0.000000000000000,0.000000000000000,0.000000000000000,0.000000000000000
WIRacine County,0.000000000000000,0.000000000000000,0.000000000000000,0.000000000000000,0.000000000000000
WIRichland County,0.000000000000000,0.000000000000000,0.000000000000000,0.000000000000000,0.000000000000000
WIRock County,0.000000000000000,0.000000000000000,0.000000000000000,0.000000000000000,0.000000000000000
WIRusk County,0.000000000000000,0.000000000000000,0.000000000000000,0.000000000000000,0.000000000000000
WISauk County,0.000000000000000,0.000000000000000,0.000000000000000,0.000000000000000,0.000000000000000
WISawyer County,0.000000000000000,0.000000000000000,0.000000000000000,0.000000000000000,0.000000000000000
WIShawano County,0.000000000000000,0.000000000000000,0.000000000000000,0.000000000000000,0.000000000000000
WISheboygan County,0.000000000000000,0.000000000000000,0.000000000000000,0.000000000000000,0.000000000000000
WISt. Croix County,0.000000000000000,0.000000000000000,0.000000000000000,0.000000000000000,0.000000000000000
WITaylor County,0.000000000000000,0.000000000000000,0.000000000000000,0.000000000000000,0.000000000000000
WITrempealeau County,0.000000000000000,0.000000000000000,0.000000000000000,0.000000000000000,0.000000000000000
WIVernon County,0.000000000000000,0.000000000000000,0.000000000000000,0.000000000000000,0.000000000000000
WIVilas County,0.000000000000000,0.000000000000000,0.000000000000000,0.000000000000000,0.000000000000000
WIWalworth County,0.000000000000000,0.000000000000000,0.000000000000000,0.000000000000000,0.000000000000000
WIWashburn County,0.000000000000000,0.000000000000000,0.000000000000000,0.000000000000000,0.000000000000000
WIWashington County,0.000000000000000,0.000000000000000,0.000000000000000,0.000000000000000,0.000000000000000
WIWaukesha County,0.000000000000000,0.000000000000000,0.000000000000000,0.000000000000000,0.000000000000000
WIWaupaca County,0.000000000000000,0.000000000000000,0.000000000000000,0.000000000000000,0.000000000000000
WIWaushara County,0.000000000000000,0.000000000000000,0.000000000000000,0.000000000000000,0.000000000000000
WIWinnebago County,0.000000000000000,0.000000000000000,0.000000000000000,0.000000000000000,0.000000000000000
WIWood County,0.000000000000000,0.000000000000000,0.000000000000000,0.000000000000000,0.000000000000000
WVBarbour County,0.000000000000000,-0.411607319086302,-0.261607319086302,0.217640298038469,0.417640298038469
WVBerkeley County,0.000000000000000,-0.406544964360391,-0.256567573959042,0.213413903235977,0.413379988838002
WVBoone County,0.000000000000000,-0.428668961162357,-0.278668961162357,0.231368416887220,0.431368416887220
WVBraxton County,0.000000000000000,-0.424488489794685,-0.274488489794685,0.227742737502211,0.427742737502211
WVBrooke County,0.000000000000000,-0.420785652396680,-0.270785652396681,0.225334521338775,0.425334521338775
WVCabell County,0.000000000000000,-0.428649655657774,-0.278649655657773,0.231308168934018,0.431308168934018
WVCalhoun County,0.000000000000000,-0.426201539456616,-0.276201539456616,0.229425160441675,0.429425160441674
WVClay County,0.000000000000000,-0.427154546551927,-0.277154546551927,0.230127190488765,0.430127190488765
WVDoddridge County,0.000000000000000,-0.424689825101550,-0.274689825101550,0.228070600334596,0.428070600334596
WVFayette County,0.000000000000000,-0.423438348597149,-0.273438348597149,0.227018453769963,0.427018453769963
WVGilmer County,0.000000000000000,-0.429509934635447,-0.279509934635447,0.231844661925657,0.431844661925657
WVGrant County,0.000000000000000,-0.415720680439127,-0.265720680439127,0.220748106601706,0.420748106601706
WVGreenbrier County,0.000000000000000,-0.418753498181470,-0.268753498181470,0.223097667682251,0.423097667682251
WVHampshire County,0.000000000000000,-0.419717598756877,-0.269717598756877,0.224021942188772,0.424021942188771
WVHancock County,0.000000000000000,-0.419755295722052,-0.269755295722052,0.224493266776668,0.424493266776669
WVHardy County,0.000000000000000,-0.414777391393196,-0.264777391393196,0.220112449200943,0.420112449200942
WVHarrison County,0.000000000000000,-0.412838020687641,-0.262838020687641,0.218748163651266,0.418748163651267
WVJackson County,0.000000000000000,-0.426665231585625,-0.276665231585625,0.229892684935722,0.429892684935722
WVJefferson County,0.000000000000000,-0.401930324301933,-0.251955284833205,0.209647450801884,0.409610010004975
WVKanawha County,0.000000000000000,-0.427655300844768,-0.277655300844768,0.230686143472000,0.430686143471998
WVLewis County,0.000000000000000,-0.416913681797117,-0.266913681797117,0.221803485123233,0.421803485123233
WVLincoln County,0.000000000000000,-0.428888548099959,-0.278888548099960,0.231553922836463,0.431553922836463
WVLogan County,0.000000000000000,-0.428125078213331,-0.278125078213331,0.230900892646143,0.430900892646142
WVMarion County,0.000000000000000,-0.411411655295356,-0.261411655295356,0.217574687857236,0.417574687857236
WVMarshall County,0.000000000000000,-0.425982603930202,-0.275982603930203,0.229014646174218,0.429014646174218
WVMason County,0.000000000000000,-0.430740181491121,-0.280740181491121,0.233031056382845,0.433031056382845
WVMcdowell County,0.000000000000000,-0.422094652613795,-0.272094652613795,0.225880065144404,0.425880065144405
WVMercer County,0.000000000000000,-0.415661792312965,-0.265661792312965,0.220797732516576,0.420797732516576
WVMineral County,0.000000000000000,-0.420560638934729,-0.270560638934730,0.224603382315914,0.424603382315914
WVMingo County,0.000000000000000,-0.427237925119169,-0.277237925119169,0.230090263873652,0.430090263873652
WVMonongalia County,0.000000000000000,-0.417507903111699,-0.267507903111699,0.222265356420495,0.422265356420496
WVMonroe County,0.000000000000000,-0.416665698679564,-0.266665698679565,0.221432616629294,0.421432616629294
WVMorgan County,0.000000000000000,-0.418960236627164,-0.268960236627164,0.223418370219676,0.423418370219677
WVNicholas County,0.000000000000000,-0.422412980611666,-0.272412980611666,0.226193111156041,0.426193111156041
WVOhio County,0.000000000000000,-0.422807193849682,-0.272807193849682,0.226673016385350,0.426673016385350
WVPendleton County,0.000000000000000,-0.411815953228615,-0.261815953228615,0.217878363000766,0.417878363000766
WVPleasants County,0.000000000000000,-0.424645167232685,-0.274645167232686,0.227961972743595,0.427961972743595
WVPocahontas County,0.000000000000000,-0.416862669576272,-0.266862669576272,0.221667452208071,0.421667452208071
WVPreston County,0.000000000000000,-0.421098509744354,-0.271098509744354,0.224905449179754,0.424905449179754
WVPutnam County,0.000000000000000,-0.431837472409006,-0.281837472409006,0.233917133117112,0.433917133117113
WVRaleigh County,0.000000000000000,-0.419900030898284,-0.269900030898284,0.224153912637375,0.424153912637375
WVRandolph County,0.000000000000000,-0.415402317378738,-0.265402317378739,0.220511254156673,0.420511254156673
WVRitchie County,0.000000000000000,-0.429204851574073,-0.279204851574073,0.231552124014377,0.431552124014377
WVRoane County,0.000000000000000,-0.425977016057870,-0.275977016057870,0.229362586327676,0.429362586327677
WVSummers County,0.000000000000000,-0.417781077461882,-0.267781077461882,0.222408970944419,0.422408970944420
WVTaylor County,0.000000000000000,-0.410533244491768,-0.260533244491768,0.216804342020634,0.416804342020634
WVTucker County,0.000000000000000,-0.416742115098857,-0.266742115098857,0.221490438066156,0.421490438066155
WVTyler County,0.000000000000000,-0.426628670087236,-0.276628670087236,0.229533355050347,0.429533355050347
WVUpshur County,0.000000000000000,-0.415889687350917,-0.265889687350917,0.220919484568274,0.420919484568275
WVWayne County,0.000000000000000,-0.430056654031720,-0.280056654031720,0.232367325436662,0.432367325436663
WVWebster County,0.000000000000000,-0.422555169115119,-0.272555169115119,0.226287234390619,0.426287234390619
WVWetzel County,0.000000000000000,-0.426641872111795,-0.276641872111796,0.229542738467110,0.429542738467110
WVWirt County,0.000000000000000,-0.424114502558237,-0.274114502558237,0.227725556723201,0.427725556723201
WVWood County,0.000000000000000,-0.424050980048751,-0.274050980048751,0.227801873954925,0.427801873954925
WVWyoming County,0.000000000000000,-0.423446323081410,-0.273446323081410,0.227080720614910,0.427080720614910
WYAlbany County,0.000000000000000,0.000000000000000,0.000000000000000,0.000000000000000,0.000000000000000
WYBig Horn County,0.000000000000000,0.000000000000000,0.000000000000000,0.000000000000000,0.000000000000000
WYCampbell County,0.000000000000000,0.000000000000000,0.000000000000000,0.000000000000000,0.000000000000000
WYCarbon County,0.000000000000000,0.000000000000000,0.000000000000000,0.000000000000000,0.000000000000000
WYConverse County,0.000000000000000,0.000000000000000,0.000000000000000,0.000000000000000,0.000000000000000
WYCrook County,0.000000000000000,0.000000000000000,0.000000000000000,0.000000000000000,0.000000000000000
WYFremont County,0.000000000000000,0.000000000000000,0.000000000000000,0.000000000000000,0.000000000000000
WYGoshen County,0.000000000000000,0.000000000000000,0.000000000000000,0.000000000000000,0.000000000000000
WYHot Springs County,0.000000000000000,0.000000000000000,0.000000000000000,0.000000000000000,0.000000000000000
WYJohnson County,0.000000000000000,0.000000000000000,0.000000000000000,0.000000000000000,0.000000000000000
WYLaramie County,0.000000000000000,0.000000000000000,0.000000000000000,0.000000000000000,0.000000000000000
WYLincoln County,0.000000000000000,0.000000000000000,0.000000000000000,0.000000000000000,0.000000000000000
WYNatrona County,0.000000000000000,0.000000000000000,0.000000000000000,0.000000000000000,0.000000000000000
WYNiobrara County,0.000000000000000,0.000000000000000,0.000000000000000,0.000000000000000,0.000000000000000
WYPark County,0.000000000000000,0.000000000000000,0.000000000000000,0.000000000000000,0.000000000000000
WYPlatte County,0.000000000000000,0.000000000000000,0.000000000000000,0.000000000000000,0.000000000000000
WYSheridan County,0.000000000000000,0.000000000000000,0.000000000000000,0.000000000000000,0.000000000000000
WYSublette County,0.000000000000000,0.000000000000000,0.000000000000000,0.000000000000000,0.000000000000000
WYSweetwater County,0.000000000000000,0.000000000000000,0.000000000000000,0.000000000000000,0.000000000000000
WYTeton County,0.000000000000000,0.000000000000000,0.000000000000000,0.000000000000000,0.000000000000000
WYUinta County,0.000000000000000,0.000000000000000,0.000000000000000,0.000000000000000,0.000000000000000
WYWashakie County,0.000000000000000,0.000000000000000,0.000000000000000,0.000000000000000,0.000000000000000
WYWeston County,0.000000000000000,0.000000000000000,0.000000000000000,0.000000000000000,0.000000000000000
IntInt,0.000000000000000,0.000000000000000,0.000000000000000,0.000000000000000,0.000000000000000
