StateCounty,Unknown,Properly installed with adequate anchorage,Obvious signs of deficiencies in the installation,No equipment present
AKAleutians East Borough,0.0000000000000000,0.0000000000000000,0.0000000000000000,0.0000000000000000
AKAleutians West Census Area,0.0000000000000000,0.0000000000000000,0.0000000000000000,0.0000000000000000
AKAnchorage Municipality,0.0000000000000000,0.0000000000000000,0.0000000000000000,0.0000000000000000
AKBethel Census Area,0.0000000000000000,0.0000000000000000,0.0000000000000000,0.0000000000000000
AKBristol Bay Borough,0.0000000000000000,0.0000000000000000,0.0000000000000000,0.0000000000000000
AKDenali Borough,0.0000000000000000,0.0000000000000000,0.0000000000000000,0.0000000000000000
AKDillingham Census Area,0.0000000000000000,0.0000000000000000,0.0000000000000000,0.0000000000000000
AKFairbanks North Star Borough,0.0000000000000000,0.0000000000000000,0.0000000000000000,0.0000000000000000
AKHaines Borough,0.0000000000000000,0.0000000000000000,0.0000000000000000,0.0000000000000000
AKHoonah-Angoon Census Area,0.0000000000000000,0.0000000000000000,0.0000000000000000,0.0000000000000000
AKJuneau Borough,0.0000000000000000,0.0000000000000000,0.0000000000000000,0.0000000000000000
AKKenai Peninsula Borough,0.0000000000000000,0.0000000000000000,0.0000000000000000,0.0000000000000000
AKKetchikan Gateway Borough,0.0000000000000000,0.0000000000000000,0.0000000000000000,0.0000000000000000
AKKodiak Island Borough,0.0000000000000000,0.0000000000000000,0.0000000000000000,0.0000000000000000
AKKusilvak,0.0000000000000000,0.0000000000000000,0.0000000000000000,0.0000000000000000
AKMatanuska-Susitna Borough,0.0000000000000000,0.0000000000000000,0.0000000000000000,0.0000000000000000
AKNome Census Area,0.0000000000000000,0.0000000000000000,0.0000000000000000,0.0000000000000000
AKNorth Slope Borough,0.0000000000000000,0.0000000000000000,0.0000000000000000,0.0000000000000000
AKNorthwest Arctic Borough,0.0000000000000000,0.0000000000000000,0.0000000000000000,0.0000000000000000
AKPeninsula And Lake Borough,0.0000000000000000,0.0000000000000000,0.0000000000000000,0.0000000000000000
AKPetersburg Census Area,0.0000000000000000,0.0000000000000000,0.0000000000000000,0.0000000000000000
AKPrince Of Wales-Hyder Census Area,0.0000000000000000,0.0000000000000000,0.0000000000000000,0.0000000000000000
AKSitka Borough,0.0000000000000000,0.0000000000000000,0.0000000000000000,0.0000000000000000
AKSkagway Municipality,0.0000000000000000,0.0000000000000000,0.0000000000000000,0.0000000000000000
AKSoutheast Fairbanks Census Area,0.0000000000000000,0.0000000000000000,0.0000000000000000,0.0000000000000000
AKValdez-Cordova Census Area,0.0000000000000000,0.0000000000000000,0.0000000000000000,0.0000000000000000
AKWrangell City And Borough,0.0000000000000000,0.0000000000000000,0.0000000000000000,0.0000000000000000
AKYakutat Borough,0.0000000000000000,0.0000000000000000,0.0000000000000000,0.0000000000000000
AKYukon-Koyukuk Census Area,0.0000000000000000,0.0000000000000000,0.0000000000000000,0.0000000000000000
ALAutauga County,0.0000000000000000,-0.0351122007040242,0.0351122007040250,-0.0468674167685312
ALBaldwin County,0.0000000000000000,-0.0366932047315430,0.0366932047315429,-0.0489923441277849
ALBarbour County,0.0000000000000000,-0.0383097929776712,0.0383097929776708,-0.0513220084195075
ALBibb County,0.0000000000000000,-0.0351783487961977,0.0351783487961979,-0.0460608763236651
ALBlount County,0.0000000000000000,-0.0289717814211630,0.0289717814211630,-0.0397247082988298
ALBullock County,0.0000000000000000,-0.0363085039930869,0.0363085039930868,-0.0484545959882408
ALButler County,0.0000000000000000,-0.0382351959887958,0.0382351959887957,-0.0510764518373135
ALCalhoun County,0.0000000000000000,-0.0265431259285298,0.0265431259285305,-0.0367566773850359
ALChambers County,0.0000000000000000,-0.0326497942552909,0.0326497942552910,-0.0439230880017681
ALCherokee County,0.0000000000000000,-0.0288645399831327,0.0288645399831329,-0.0395184270242982
ALChilton County,0.0000000000000000,-0.0348704687545169,0.0348704687545167,-0.0459764846443571
ALChoctaw County,0.0000000000000000,-0.0396960010996454,0.0396960010996457,-0.0523612255663066
ALClarke County,0.0000000000000000,-0.0413539781150124,0.0413539781150125,-0.0556725060894618
ALClay County,0.0000000000000000,-0.0302699813953755,0.0302699813953746,-0.0407273491525381
ALCleburne County,0.0000000000000000,-0.0285910451960333,0.0285910451960332,-0.0388194504195640
ALCoffee County,0.0000000000000000,-0.0398506365575471,0.0398506365575466,-0.0530953868584055
ALColbert County,0.0000000000000000,-0.0311832445319102,0.0311832445319105,-0.0425766013091989
ALConecuh County,0.0000000000000000,-0.0403363294803022,0.0403363294803019,-0.0540467106250079
ALCoosa County,0.0000000000000000,-0.0312192999734701,0.0312192999734699,-0.0420005362368372
ALCovington County,0.0000000000000000,-0.0413984093630386,0.0413984093630388,-0.0550928017689083
ALCrenshaw County,0.0000000000000000,-0.0372286242055725,0.0372286242055726,-0.0496237836997300
ALCullman County,0.0000000000000000,-0.0294131732627488,0.0294131732627494,-0.0404167858195292
ALDale County,0.0000000000000000,-0.0395533766219861,0.0395533766219862,-0.0529638131741308
ALDallas County,0.0000000000000000,-0.0386596421139309,0.0386596421139305,-0.0515826097491882
ALDekalb County,0.0000000000000000,-0.0274854113447136,0.0274854113447143,-0.0382569835802424
ALElmore County,0.0000000000000000,-0.0344177403767784,0.0344177403767785,-0.0461014013232629
ALEscambia County,0.0000000000000000,-0.0426356588362131,0.0426356588362133,-0.0567529082120786
ALEtowah County,0.0000000000000000,-0.0274279657318950,0.0274279657318943,-0.0378457523105985
ALFayette County,0.0000000000000000,-0.0308933657839732,0.0308933657839734,-0.0421940904051208
ALFranklin County,0.0000000000000000,-0.0301174689231173,0.0301174689231174,-0.0415625533387117
ALGeneva County,0.0000000000000000,-0.0415377849885428,0.0415377849885432,-0.0554656403404915
ALGreene County,0.0000000000000000,-0.0361535863326889,0.0361535863326892,-0.0479663374619586
ALHale County,0.0000000000000000,-0.0375786635233188,0.0375786635233193,-0.0498151421787832
ALHenry County,0.0000000000000000,-0.0394150279469858,0.0394150279469851,-0.0526500609769377
ALHouston County,0.0000000000000000,-0.0407150607359703,0.0407150607359703,-0.0544029549521179
ALJackson County,0.0000000000000000,-0.0274772578073416,0.0274772578073423,-0.0388567842363923
ALJefferson County,0.0000000000000000,-0.0303322855516562,0.0303322855516552,-0.0410967272317390
ALLamar County,0.0000000000000000,-0.0314491732151680,0.0314491732151678,-0.0429952476772069
ALLauderdale County,0.0000000000000000,-0.0311905459750680,0.0311905459750683,-0.0425806372618485
ALLawrence County,0.0000000000000000,-0.0310343065543425,0.0310343065543428,-0.0423619035284154
ALLee County,0.0000000000000000,-0.0337694089101171,0.0337694089101170,-0.0453503622797751
ALLimestone County,0.0000000000000000,-0.0291174117438480,0.0291174117438475,-0.0402546863809320
ALLowndes County,0.0000000000000000,-0.0369441575913257,0.0369441575913254,-0.0493679071457584
ALMacon County,0.0000000000000000,-0.0346863958713435,0.0346863958713433,-0.0465602968804409
ALMadison County,0.0000000000000000,-0.0268586733566768,0.0268586733566774,-0.0378967716298888
ALMarengo County,0.0000000000000000,-0.0390645691399962,0.0390645691399965,-0.0525444189108155
ALMarion County,0.0000000000000000,-0.0300946438436199,0.0300946438436198,-0.0414361478617525
ALMarshall County,0.0000000000000000,-0.0291887832262954,0.0291887832262958,-0.0400497269928604
ALMobile County,0.0000000000000000,-0.0362503276220836,0.0362503276220840,-0.0484085066398050
ALMonroe County,0.0000000000000000,-0.0407680175799173,0.0407680175799168,-0.0543951843264197
ALMontgomery County,0.0000000000000000,-0.0350869896350635,0.0350869896350636,-0.0471695503571876
ALMorgan County,0.0000000000000000,-0.0295277403029692,0.0295277403029692,-0.0406124552831973
ALPerry County,0.0000000000000000,-0.0393117480706507,0.0393117480706506,-0.0530717050178809
ALPickens County,0.0000000000000000,-0.0342874279014440,0.0342874279014436,-0.0458794349276002
ALPike County,0.0000000000000000,-0.0377623004755644,0.0377623004755645,-0.0504653709972469
ALRandolph County,0.0000000000000000,-0.0312623068264777,0.0312623068264786,-0.0419428396243472
ALRussell County,0.0000000000000000,-0.0352045821547357,0.0352045821547355,-0.0471491090385046
ALShelby County,0.0000000000000000,-0.0330977398235782,0.0330977398235783,-0.0437703693134989
ALSt. Clair County,0.0000000000000000,-0.0289829591443185,0.0289829591443189,-0.0395167327155161
ALSumter County,0.0000000000000000,-0.0378276535540542,0.0378276535540543,-0.0500032789357984
ALTalladega County,0.0000000000000000,-0.0299727181941243,0.0299727181941241,-0.0404655547746556
ALTallapoosa County,0.0000000000000000,-0.0329632968520913,0.0329632968520919,-0.0442313087927865
ALTuscaloosa County,0.0000000000000000,-0.0332218624435782,0.0332218624435785,-0.0444760439037493
ALWalker County,0.0000000000000000,-0.0294924009299780,0.0294924009299777,-0.0405077021688764
ALWashington County,0.0000000000000000,-0.0428251403707277,0.0428251403707276,-0.0573548252688568
ALWilcox County,0.0000000000000000,-0.0389342611198846,0.0389342611198844,-0.0522602680817617
ALWinston County,0.0000000000000000,-0.0300384424544206,0.0300384424544204,-0.0413134577801575
ARArkansas County,0.0000000000000000,0.0000000000000000,0.0000000000000000,0.0000000000000000
ARAshley County,0.0000000000000000,0.0000000000000000,0.0000000000000000,0.0000000000000000
ARBaxter County,0.0000000000000000,0.0000000000000000,0.0000000000000000,0.0000000000000000
ARBenton County,0.0000000000000000,0.0000000000000000,0.0000000000000000,0.0000000000000000
ARBoone County,0.0000000000000000,0.0000000000000000,0.0000000000000000,0.0000000000000000
ARBradley County,0.0000000000000000,0.0000000000000000,0.0000000000000000,0.0000000000000000
ARCalhoun County,0.0000000000000000,0.0000000000000000,0.0000000000000000,0.0000000000000000
ARCarroll County,0.0000000000000000,0.0000000000000000,0.0000000000000000,0.0000000000000000
ARChicot County,0.0000000000000000,0.0000000000000000,0.0000000000000000,0.0000000000000000
ARClark County,0.0000000000000000,0.0000000000000000,0.0000000000000000,0.0000000000000000
ARClay County,0.0000000000000000,0.0000000000000000,0.0000000000000000,0.0000000000000000
ARCleburne County,0.0000000000000000,0.0000000000000000,0.0000000000000000,0.0000000000000000
ARCleveland County,0.0000000000000000,0.0000000000000000,0.0000000000000000,0.0000000000000000
ARColumbia County,0.0000000000000000,0.0000000000000000,0.0000000000000000,0.0000000000000000
ARConway County,0.0000000000000000,0.0000000000000000,0.0000000000000000,0.0000000000000000
ARCraighead County,0.0000000000000000,0.0000000000000000,0.0000000000000000,0.0000000000000000
ARCrawford County,0.0000000000000000,0.0000000000000000,0.0000000000000000,0.0000000000000000
ARCrittenden County,0.0000000000000000,0.0000000000000000,0.0000000000000000,0.0000000000000000
ARCross County,0.0000000000000000,0.0000000000000000,0.0000000000000000,0.0000000000000000
ARDallas County,0.0000000000000000,0.0000000000000000,0.0000000000000000,0.0000000000000000
ARDesha County,0.0000000000000000,0.0000000000000000,0.0000000000000000,0.0000000000000000
ARDrew County,0.0000000000000000,0.0000000000000000,0.0000000000000000,0.0000000000000000
ARFaulkner County,0.0000000000000000,0.0000000000000000,0.0000000000000000,0.0000000000000000
ARFranklin County,0.0000000000000000,0.0000000000000000,0.0000000000000000,0.0000000000000000
ARFulton County,0.0000000000000000,0.0000000000000000,0.0000000000000000,0.0000000000000000
ARGarland County,0.0000000000000000,0.0000000000000000,0.0000000000000000,0.0000000000000000
ARGrant County,0.0000000000000000,0.0000000000000000,0.0000000000000000,0.0000000000000000
ARGreene County,0.0000000000000000,0.0000000000000000,0.0000000000000000,0.0000000000000000
ARHempstead County,0.0000000000000000,0.0000000000000000,0.0000000000000000,0.0000000000000000
ARHot Spring County,0.0000000000000000,0.0000000000000000,0.0000000000000000,0.0000000000000000
ARHoward County,0.0000000000000000,0.0000000000000000,0.0000000000000000,0.0000000000000000
ARIndependence County,0.0000000000000000,0.0000000000000000,0.0000000000000000,0.0000000000000000
ARIzard County,0.0000000000000000,0.0000000000000000,0.0000000000000000,0.0000000000000000
ARJackson County,0.0000000000000000,0.0000000000000000,0.0000000000000000,0.0000000000000000
ARJefferson County,0.0000000000000000,0.0000000000000000,0.0000000000000000,0.0000000000000000
ARJohnson County,0.0000000000000000,0.0000000000000000,0.0000000000000000,0.0000000000000000
ARLafayette County,0.0000000000000000,0.0000000000000000,0.0000000000000000,0.0000000000000000
ARLawrence County,0.0000000000000000,0.0000000000000000,0.0000000000000000,0.0000000000000000
ARLee County,0.0000000000000000,0.0000000000000000,0.0000000000000000,0.0000000000000000
ARLincoln County,0.0000000000000000,0.0000000000000000,0.0000000000000000,0.0000000000000000
ARLittle River County,0.0000000000000000,0.0000000000000000,0.0000000000000000,0.0000000000000000
ARLogan County,0.0000000000000000,0.0000000000000000,0.0000000000000000,0.0000000000000000
ARLonoke County,0.0000000000000000,0.0000000000000000,0.0000000000000000,0.0000000000000000
ARMadison County,0.0000000000000000,0.0000000000000000,0.0000000000000000,0.0000000000000000
ARMarion County,0.0000000000000000,0.0000000000000000,0.0000000000000000,0.0000000000000000
ARMiller County,0.0000000000000000,0.0000000000000000,0.0000000000000000,0.0000000000000000
ARMississippi County,0.0000000000000000,0.0000000000000000,0.0000000000000000,0.0000000000000000
ARMonroe County,0.0000000000000000,0.0000000000000000,0.0000000000000000,0.0000000000000000
ARMontgomery County,0.0000000000000000,0.0000000000000000,0.0000000000000000,0.0000000000000000
ARNevada County,0.0000000000000000,0.0000000000000000,0.0000000000000000,0.0000000000000000
ARNewton County,0.0000000000000000,0.0000000000000000,0.0000000000000000,0.0000000000000000
AROuachita County,0.0000000000000000,0.0000000000000000,0.0000000000000000,0.0000000000000000
ARPerry County,0.0000000000000000,0.0000000000000000,0.0000000000000000,0.0000000000000000
ARPhillips County,0.0000000000000000,0.0000000000000000,0.0000000000000000,0.0000000000000000
ARPike County,0.0000000000000000,0.0000000000000000,0.0000000000000000,0.0000000000000000
ARPoinsett County,0.0000000000000000,0.0000000000000000,0.0000000000000000,0.0000000000000000
ARPolk County,0.0000000000000000,0.0000000000000000,0.0000000000000000,0.0000000000000000
ARPope County,0.0000000000000000,0.0000000000000000,0.0000000000000000,0.0000000000000000
ARPrairie County,0.0000000000000000,0.0000000000000000,0.0000000000000000,0.0000000000000000
ARPulaski County,0.0000000000000000,0.0000000000000000,0.0000000000000000,0.0000000000000000
ARRandolph County,0.0000000000000000,0.0000000000000000,0.0000000000000000,0.0000000000000000
ARSaline County,0.0000000000000000,0.0000000000000000,0.0000000000000000,0.0000000000000000
ARScott County,0.0000000000000000,0.0000000000000000,0.0000000000000000,0.0000000000000000
ARSearcy County,0.0000000000000000,0.0000000000000000,0.0000000000000000,0.0000000000000000
ARSebastian County,0.0000000000000000,0.0000000000000000,0.0000000000000000,0.0000000000000000
ARSevier County,0.0000000000000000,0.0000000000000000,0.0000000000000000,0.0000000000000000
ARSharp County,0.0000000000000000,0.0000000000000000,0.0000000000000000,0.0000000000000000
ARSt. Francis County,0.0000000000000000,0.0000000000000000,0.0000000000000000,0.0000000000000000
ARStone County,0.0000000000000000,0.0000000000000000,0.0000000000000000,0.0000000000000000
ARUnion County,0.0000000000000000,0.0000000000000000,0.0000000000000000,0.0000000000000000
ARVan Buren County,0.0000000000000000,0.0000000000000000,0.0000000000000000,0.0000000000000000
ARWashington County,0.0000000000000000,0.0000000000000000,0.0000000000000000,0.0000000000000000
ARWhite County,0.0000000000000000,0.0000000000000000,0.0000000000000000,0.0000000000000000
ARWoodruff County,0.0000000000000000,0.0000000000000000,0.0000000000000000,0.0000000000000000
ARYell County,0.0000000000000000,0.0000000000000000,0.0000000000000000,0.0000000000000000
AZApache County,0.0000000000000000,0.0000000000000000,0.0000000000000000,0.0000000000000000
AZCochise County,0.0000000000000000,0.0000000000000000,0.0000000000000000,0.0000000000000000
AZCoconino County,0.0000000000000000,0.0000000000000000,0.0000000000000000,0.0000000000000000
AZGila County,0.0000000000000000,0.0000000000000000,0.0000000000000000,0.0000000000000000
AZGraham County,0.0000000000000000,0.0000000000000000,0.0000000000000000,0.0000000000000000
AZGreenlee County,0.0000000000000000,0.0000000000000000,0.0000000000000000,0.0000000000000000
AZLa Paz County,0.0000000000000000,0.0000000000000000,0.0000000000000000,0.0000000000000000
AZMaricopa County,0.0000000000000000,0.0000000000000000,0.0000000000000000,0.0000000000000000
AZMohave County,0.0000000000000000,0.0000000000000000,0.0000000000000000,0.0000000000000000
AZNavajo County,0.0000000000000000,0.0000000000000000,0.0000000000000000,0.0000000000000000
AZPima County,0.0000000000000000,0.0000000000000000,0.0000000000000000,0.0000000000000000
AZPinal County,0.0000000000000000,0.0000000000000000,0.0000000000000000,0.0000000000000000
AZSanta Cruz County,0.0000000000000000,0.0000000000000000,0.0000000000000000,0.0000000000000000
AZYavapai County,0.0000000000000000,0.0000000000000000,0.0000000000000000,0.0000000000000000
AZYuma County,0.0000000000000000,0.0000000000000000,0.0000000000000000,0.0000000000000000
CAAlameda County,0.0000000000000000,0.0000000000000000,0.0000000000000000,0.0000000000000000
CAAlpine County,0.0000000000000000,0.0000000000000000,0.0000000000000000,0.0000000000000000
CAAmador County,0.0000000000000000,0.0000000000000000,0.0000000000000000,0.0000000000000000
CAButte County,0.0000000000000000,0.0000000000000000,0.0000000000000000,0.0000000000000000
CACalaveras County,0.0000000000000000,0.0000000000000000,0.0000000000000000,0.0000000000000000
CAColusa County,0.0000000000000000,0.0000000000000000,0.0000000000000000,0.0000000000000000
CAContra Costa County,0.0000000000000000,0.0000000000000000,0.0000000000000000,0.0000000000000000
CADel Norte County,0.0000000000000000,0.0000000000000000,0.0000000000000000,0.0000000000000000
CAEl Dorado County,0.0000000000000000,0.0000000000000000,0.0000000000000000,0.0000000000000000
CAFresno County,0.0000000000000000,0.0000000000000000,0.0000000000000000,0.0000000000000000
CAGlenn County,0.0000000000000000,0.0000000000000000,0.0000000000000000,0.0000000000000000
CAHumboldt County,0.0000000000000000,0.0000000000000000,0.0000000000000000,0.0000000000000000
CAImperial County,0.0000000000000000,0.0000000000000000,0.0000000000000000,0.0000000000000000
CAInyo County,0.0000000000000000,0.0000000000000000,0.0000000000000000,0.0000000000000000
CAKern County,0.0000000000000000,0.0000000000000000,0.0000000000000000,0.0000000000000000
CAKings County,0.0000000000000000,0.0000000000000000,0.0000000000000000,0.0000000000000000
CALake County,0.0000000000000000,0.0000000000000000,0.0000000000000000,0.0000000000000000
CALassen County,0.0000000000000000,0.0000000000000000,0.0000000000000000,0.0000000000000000
CALos Angeles County,0.0000000000000000,0.0000000000000000,0.0000000000000000,0.0000000000000000
CAMadera County,0.0000000000000000,0.0000000000000000,0.0000000000000000,0.0000000000000000
CAMarin County,0.0000000000000000,0.0000000000000000,0.0000000000000000,0.0000000000000000
CAMariposa County,0.0000000000000000,0.0000000000000000,0.0000000000000000,0.0000000000000000
CAMendocino County,0.0000000000000000,0.0000000000000000,0.0000000000000000,0.0000000000000000
CAMerced County,0.0000000000000000,0.0000000000000000,0.0000000000000000,0.0000000000000000
CAModoc County,0.0000000000000000,0.0000000000000000,0.0000000000000000,0.0000000000000000
CAMono County,0.0000000000000000,0.0000000000000000,0.0000000000000000,0.0000000000000000
CAMonterey County,0.0000000000000000,0.0000000000000000,0.0000000000000000,0.0000000000000000
CANapa County,0.0000000000000000,0.0000000000000000,0.0000000000000000,0.0000000000000000
CANevada County,0.0000000000000000,0.0000000000000000,0.0000000000000000,0.0000000000000000
CAOrange County,0.0000000000000000,0.0000000000000000,0.0000000000000000,0.0000000000000000
CAPlacer County,0.0000000000000000,0.0000000000000000,0.0000000000000000,0.0000000000000000
CAPlumas County,0.0000000000000000,0.0000000000000000,0.0000000000000000,0.0000000000000000
CARiverside County,0.0000000000000000,0.0000000000000000,0.0000000000000000,0.0000000000000000
CASacramento County,0.0000000000000000,0.0000000000000000,0.0000000000000000,0.0000000000000000
CASan Benito County,0.0000000000000000,0.0000000000000000,0.0000000000000000,0.0000000000000000
CASan Bernardino County,0.0000000000000000,0.0000000000000000,0.0000000000000000,0.0000000000000000
CASan Diego County,0.0000000000000000,0.0000000000000000,0.0000000000000000,0.0000000000000000
CASan Francisco County,0.0000000000000000,0.0000000000000000,0.0000000000000000,0.0000000000000000
CASan Joaquin County,0.0000000000000000,0.0000000000000000,0.0000000000000000,0.0000000000000000
CASan Luis Obispo County,0.0000000000000000,0.0000000000000000,0.0000000000000000,0.0000000000000000
CASan Mateo County,0.0000000000000000,0.0000000000000000,0.0000000000000000,0.0000000000000000
CASanta Barbara County,0.0000000000000000,0.0000000000000000,0.0000000000000000,0.0000000000000000
CASanta Clara County,0.0000000000000000,0.0000000000000000,0.0000000000000000,0.0000000000000000
CASanta Cruz County,0.0000000000000000,0.0000000000000000,0.0000000000000000,0.0000000000000000
CAShasta County,0.0000000000000000,0.0000000000000000,0.0000000000000000,0.0000000000000000
CASierra County,0.0000000000000000,0.0000000000000000,0.0000000000000000,0.0000000000000000
CASiskiyou County,0.0000000000000000,0.0000000000000000,0.0000000000000000,0.0000000000000000
CASolano County,0.0000000000000000,0.0000000000000000,0.0000000000000000,0.0000000000000000
CASonoma County,0.0000000000000000,0.0000000000000000,0.0000000000000000,0.0000000000000000
CAStanislaus County,0.0000000000000000,0.0000000000000000,0.0000000000000000,0.0000000000000000
CASutter County,0.0000000000000000,0.0000000000000000,0.0000000000000000,0.0000000000000000
CATehama County,0.0000000000000000,0.0000000000000000,0.0000000000000000,0.0000000000000000
CATrinity County,0.0000000000000000,0.0000000000000000,0.0000000000000000,0.0000000000000000
CATulare County,0.0000000000000000,0.0000000000000000,0.0000000000000000,0.0000000000000000
CATuolumne County,0.0000000000000000,0.0000000000000000,0.0000000000000000,0.0000000000000000
CAVentura County,0.0000000000000000,0.0000000000000000,0.0000000000000000,0.0000000000000000
CAYolo County,0.0000000000000000,0.0000000000000000,0.0000000000000000,0.0000000000000000
CAYuba County,0.0000000000000000,0.0000000000000000,0.0000000000000000,0.0000000000000000
COAdams County,0.0000000000000000,0.0000000000000000,0.0000000000000000,0.0000000000000000
COAlamosa County,0.0000000000000000,0.0000000000000000,0.0000000000000000,0.0000000000000000
COArapahoe County,0.0000000000000000,0.0000000000000000,0.0000000000000000,0.0000000000000000
COArchuleta County,0.0000000000000000,0.0000000000000000,0.0000000000000000,0.0000000000000000
COBaca County,0.0000000000000000,0.0000000000000000,0.0000000000000000,0.0000000000000000
COBent County,0.0000000000000000,0.0000000000000000,0.0000000000000000,0.0000000000000000
COBoulder County,0.0000000000000000,0.0000000000000000,0.0000000000000000,0.0000000000000000
COBroomfield County,0.0000000000000000,0.0000000000000000,0.0000000000000000,0.0000000000000000
COChaffee County,0.0000000000000000,0.0000000000000000,0.0000000000000000,0.0000000000000000
COCheyenne County,0.0000000000000000,0.0000000000000000,0.0000000000000000,0.0000000000000000
COClear Creek County,0.0000000000000000,0.0000000000000000,0.0000000000000000,0.0000000000000000
COConejos County,0.0000000000000000,0.0000000000000000,0.0000000000000000,0.0000000000000000
COCostilla County,0.0000000000000000,0.0000000000000000,0.0000000000000000,0.0000000000000000
COCrowley County,0.0000000000000000,0.0000000000000000,0.0000000000000000,0.0000000000000000
COCuster County,0.0000000000000000,0.0000000000000000,0.0000000000000000,0.0000000000000000
CODelta County,0.0000000000000000,0.0000000000000000,0.0000000000000000,0.0000000000000000
CODenver County,0.0000000000000000,0.0000000000000000,0.0000000000000000,0.0000000000000000
CODolores County,0.0000000000000000,0.0000000000000000,0.0000000000000000,0.0000000000000000
CODouglas County,0.0000000000000000,0.0000000000000000,0.0000000000000000,0.0000000000000000
COEagle County,0.0000000000000000,0.0000000000000000,0.0000000000000000,0.0000000000000000
COEl Paso County,0.0000000000000000,0.0000000000000000,0.0000000000000000,0.0000000000000000
COElbert County,0.0000000000000000,0.0000000000000000,0.0000000000000000,0.0000000000000000
COFremont County,0.0000000000000000,0.0000000000000000,0.0000000000000000,0.0000000000000000
COGarfield County,0.0000000000000000,0.0000000000000000,0.0000000000000000,0.0000000000000000
COGilpin County,0.0000000000000000,0.0000000000000000,0.0000000000000000,0.0000000000000000
COGrand County,0.0000000000000000,0.0000000000000000,0.0000000000000000,0.0000000000000000
COGunnison County,0.0000000000000000,0.0000000000000000,0.0000000000000000,0.0000000000000000
COHinsdale County,0.0000000000000000,0.0000000000000000,0.0000000000000000,0.0000000000000000
COHuerfano County,0.0000000000000000,0.0000000000000000,0.0000000000000000,0.0000000000000000
COJackson County,0.0000000000000000,0.0000000000000000,0.0000000000000000,0.0000000000000000
COJefferson County,0.0000000000000000,0.0000000000000000,0.0000000000000000,0.0000000000000000
COKiowa County,0.0000000000000000,0.0000000000000000,0.0000000000000000,0.0000000000000000
COKit Carson County,0.0000000000000000,0.0000000000000000,0.0000000000000000,0.0000000000000000
COLa Plata County,0.0000000000000000,0.0000000000000000,0.0000000000000000,0.0000000000000000
COLake County,0.0000000000000000,0.0000000000000000,0.0000000000000000,0.0000000000000000
COLarimer County,0.0000000000000000,0.0000000000000000,0.0000000000000000,0.0000000000000000
COLas Animas County,0.0000000000000000,0.0000000000000000,0.0000000000000000,0.0000000000000000
COLincoln County,0.0000000000000000,0.0000000000000000,0.0000000000000000,0.0000000000000000
COLogan County,0.0000000000000000,0.0000000000000000,0.0000000000000000,0.0000000000000000
COMesa County,0.0000000000000000,0.0000000000000000,0.0000000000000000,0.0000000000000000
COMineral County,0.0000000000000000,0.0000000000000000,0.0000000000000000,0.0000000000000000
COMoffat County,0.0000000000000000,0.0000000000000000,0.0000000000000000,0.0000000000000000
COMontezuma County,0.0000000000000000,0.0000000000000000,0.0000000000000000,0.0000000000000000
COMontrose County,0.0000000000000000,0.0000000000000000,0.0000000000000000,0.0000000000000000
COMorgan County,0.0000000000000000,0.0000000000000000,0.0000000000000000,0.0000000000000000
COOtero County,0.0000000000000000,0.0000000000000000,0.0000000000000000,0.0000000000000000
COOuray County,0.0000000000000000,0.0000000000000000,0.0000000000000000,0.0000000000000000
COPark County,0.0000000000000000,0.0000000000000000,0.0000000000000000,0.0000000000000000
COPhillips County,0.0000000000000000,0.0000000000000000,0.0000000000000000,0.0000000000000000
COPitkin County,0.0000000000000000,0.0000000000000000,0.0000000000000000,0.0000000000000000
COProwers County,0.0000000000000000,0.0000000000000000,0.0000000000000000,0.0000000000000000
COPueblo County,0.0000000000000000,0.0000000000000000,0.0000000000000000,0.0000000000000000
CORio Blanco County,0.0000000000000000,0.0000000000000000,0.0000000000000000,0.0000000000000000
CORio Grande County,0.0000000000000000,0.0000000000000000,0.0000000000000000,0.0000000000000000
CORoutt County,0.0000000000000000,0.0000000000000000,0.0000000000000000,0.0000000000000000
COSaguache County,0.0000000000000000,0.0000000000000000,0.0000000000000000,0.0000000000000000
COSan Juan County,0.0000000000000000,0.0000000000000000,0.0000000000000000,0.0000000000000000
COSan Miguel County,0.0000000000000000,0.0000000000000000,0.0000000000000000,0.0000000000000000
COSedgwick County,0.0000000000000000,0.0000000000000000,0.0000000000000000,0.0000000000000000
COSummit County,0.0000000000000000,0.0000000000000000,0.0000000000000000,0.0000000000000000
COTeller County,0.0000000000000000,0.0000000000000000,0.0000000000000000,0.0000000000000000
COWashington County,0.0000000000000000,0.0000000000000000,0.0000000000000000,0.0000000000000000
COWeld County,0.0000000000000000,0.0000000000000000,0.0000000000000000,0.0000000000000000
COYuma County,0.0000000000000000,0.0000000000000000,0.0000000000000000,0.0000000000000000
CTFairfield County,0.0000000000000000,-0.0203825511072768,0.0203825511072786,-0.0272966397771085
CTHartford County,0.0000000000000000,-0.0428988678184475,0.0428988678184474,-0.0561449281276422
CTLitchfield County,0.0000000000000000,-0.0400251549459794,0.0400251549459794,-0.0525994182502477
CTMiddlesex County,0.0000000000000000,-0.0437047675395649,0.0437047675395648,-0.0579870746368475
CTNew Haven County,0.0000000000000000,-0.0423316651659563,0.0423316651659558,-0.0560733044319628
CTNew London County,0.0000000000000000,-0.0400187188183321,0.0400187188183323,-0.0532751953447126
CTTolland County,0.0000000000000000,-0.0424246070636546,0.0424246070636543,-0.0550306597344561
CTWindham County,0.0000000000000000,-0.0430652470894102,0.0430652470894104,-0.0558599897390680
DCDistrict Of Columbia,0.0000000000000000,-0.0240801781743025,0.0240801781743047,-0.0327069147811893
DEKent County,0.0000000000000000,-0.0227224511690198,0.0227224511690194,-0.0304105081626188
DENew Castle County,0.0000000000000000,-0.0172403584743210,0.0172403584743213,-0.0231891027291085
DESussex County,0.0000000000000000,-0.0296955897393086,0.0296955897393085,-0.0396601795127605
FLAlachua County,0.0000000000000000,-0.0428853066480224,0.0428853066480221,-0.0572135168317908
FLBaker County,0.0000000000000000,-0.0416244304033808,0.0416244304033804,-0.0556894321126521
FLBay County,0.0000000000000000,-0.0341790359978813,0.0341790359978811,-0.0455812021856662
FLBradford County,0.0000000000000000,-0.0421496878670652,0.0421496878670653,-0.0562838787865801
FLBrevard County,0.0000000000000000,-0.0310686719631107,0.0310686719631110,-0.0413539850420075
FLBroward County,0.0000000000000000,-0.0390341344371071,0.0390341344371075,-0.0517833273873243
FLCalhoun County,0.0000000000000000,-0.0395345498327421,0.0395345498327417,-0.0526664481473492
FLCharlotte County,0.0000000000000000,-0.0159697919253897,0.0159697919253898,-0.0214838758307818
FLCitrus County,0.0000000000000000,-0.0153859020807479,0.0153859020807472,-0.0207581729721005
FLClay County,0.0000000000000000,-0.0416087124307605,0.0416087124307603,-0.0554427874211124
FLCollier County,0.0000000000000000,-0.0172748824355720,0.0172748824355715,-0.0229309590266644
FLColumbia County,0.0000000000000000,-0.0413596456805918,0.0413596456805916,-0.0554722849423614
FLDesoto County,0.0000000000000000,-0.0451127168687060,0.0451127168687058,-0.0607097187057674
FLDixie County,0.0000000000000000,-0.0065424228676994,0.0065424228676991,-0.0087519987283630
FLDuval County,0.0000000000000000,-0.0283774231066559,0.0283774231066571,-0.0379228510847252
FLEscambia County,0.0000000000000000,-0.0354847633233903,0.0354847633233897,-0.0473463418498010
FLFlagler County,0.0000000000000000,-0.0301385444348553,0.0301385444348543,-0.0400534212089424
FLFranklin County,0.0000000000000000,-0.0216366704275232,0.0216366704275235,-0.0288507820298792
FLGadsden County,0.0000000000000000,-0.0400115501840493,0.0400115501840497,-0.0531754823747345
FLGilchrist County,0.0000000000000000,-0.0427744312622799,0.0427744312622802,-0.0578710740114706
FLGlades County,0.0000000000000000,-0.0445852983507961,0.0445852983507964,-0.0597351205214202
FLGulf County,0.0000000000000000,-0.0315723408922896,0.0315723408922888,-0.0419303748509093
FLHamilton County,0.0000000000000000,-0.0415818204895186,0.0415818204895189,-0.0558715752754506
FLHardee County,0.0000000000000000,-0.0451342050893090,0.0451342050893093,-0.0602736999844220
FLHendry County,0.0000000000000000,-0.0446495446725806,0.0446495446725808,-0.0596811307309979
FLHernando County,0.0000000000000000,-0.0272158304533461,0.0272158304533463,-0.0364047695131532
FLHighlands County,0.0000000000000000,-0.0444197512534010,0.0444197512534008,-0.0591975192583004
FLHillsborough County,0.0000000000000000,-0.0192430198413308,0.0192430198413325,-0.0259398264792585
FLHolmes County,0.0000000000000000,-0.0409119404306503,0.0409119404306506,-0.0550541927948223
FLIndian River County,0.0000000000000000,-0.0324012142742495,0.0324012142742494,-0.0430811298313812
FLJackson County,0.0000000000000000,-0.0405729468362002,0.0405729468362002,-0.0544760652054284
FLJefferson County,0.0000000000000000,-0.0220442312376248,0.0220442312376250,-0.0292376204347843
FLLafayette County,0.0000000000000000,-0.0409948996313841,0.0409948996313854,-0.0549545268420685
FLLake County,0.0000000000000000,-0.0447186974773746,0.0447186974773748,-0.0597400322838822
FLLee County,0.0000000000000000,-0.0200223527788020,0.0200223527788017,-0.0268071346202789
FLLeon County,0.0000000000000000,-0.0392413617497847,0.0392413617497840,-0.0522386043957075
FLLevy County,0.0000000000000000,-0.0100904980042673,0.0100904980042675,-0.0134599207764418
FLLiberty County,0.0000000000000000,-0.0406385062234024,0.0406385062234027,-0.0538657022541866
FLMadison County,0.0000000000000000,-0.0402094478228203,0.0402094478228203,-0.0535585775715973
FLManatee County,0.0000000000000000,-0.0269799085461874,0.0269799085461875,-0.0360408361224960
FLMarion County,0.0000000000000000,-0.0441579068357664,0.0441579068357658,-0.0592031994115345
FLMartin County,0.0000000000000000,-0.0379065740210747,0.0379065740210749,-0.0502590822778842
FLMiami-Dade County,0.0000000000000000,-0.0319447179161214,0.0319447179161203,-0.0423880287232988
FLMonroe County,0.0000000000000000,-0.0158338894871375,0.0158338894871379,-0.0209786013091690
FLNassau County,0.0000000000000000,-0.0319309503120475,0.0319309503120468,-0.0427298296502547
FLOkaloosa County,0.0000000000000000,-0.0378268312120410,0.0378268312120409,-0.0498418202966727
FLOkeechobee County,0.0000000000000000,-0.0425225365032447,0.0425225365032451,-0.0567276900628424
FLOrange County,0.0000000000000000,-0.0445439353530381,0.0445439353530384,-0.0596218617489935
FLOsceola County,0.0000000000000000,-0.0446041119797396,0.0446041119797396,-0.0593575394728521
FLPalm Beach County,0.0000000000000000,-0.0400292811015974,0.0400292811015974,-0.0528600890867174
FLPasco County,0.0000000000000000,-0.0223498157992874,0.0223498157992870,-0.0300962415744178
FLPinellas County,0.0000000000000000,-0.0205502927379010,0.0205502927379004,-0.0276381813972613
FLPolk County,0.0000000000000000,-0.0450896196941930,0.0450896196941919,-0.0600288099008282
FLPutnam County,0.0000000000000000,-0.0419712160683773,0.0419712160683774,-0.0555620735712224
FLSanta Rosa County,0.0000000000000000,-0.0352637672950887,0.0352637672950888,-0.0470999876643969
FLSarasota County,0.0000000000000000,-0.0291602312746421,0.0291602312746426,-0.0388933903954225
FLSeminole County,0.0000000000000000,-0.0436829842520458,0.0436829842520459,-0.0586341153583220
FLSt. Johns County,0.0000000000000000,-0.0121439447244216,0.0121439447244218,-0.0162148602737365
FLSt. Lucie County,0.0000000000000000,-0.0374085528169538,0.0374085528169537,-0.0497517726975937
FLSumter County,0.0000000000000000,-0.0451277668886950,0.0451277668886949,-0.0602114009394171
FLSuwannee County,0.0000000000000000,-0.0415467376414048,0.0415467376414049,-0.0559415960439197
FLTaylor County,0.0000000000000000,-0.0267140033851677,0.0267140033851681,-0.0357673365062974
FLUnion County,0.0000000000000000,-0.0413542933413752,0.0413542933413755,-0.0556147240791622
FLVolusia County,0.0000000000000000,-0.0234613409330021,0.0234613409330018,-0.0314063161603679
FLWakulla County,0.0000000000000000,-0.0046969070066578,0.0046969070066583,-0.0062723042976232
FLWalton County,0.0000000000000000,-0.0363983995183035,0.0363983995183033,-0.0482130359415284
FLWashington County,0.0000000000000000,-0.0405024272510869,0.0405024272510872,-0.0545475257832173
GAAppling County,0.0000000000000000,-0.0408995093823254,0.0408995093823254,-0.0540634134813833
GAAtkinson County,0.0000000000000000,-0.0395914742891342,0.0395914742891346,-0.0519852525150026
GABacon County,0.0000000000000000,-0.0414579048980525,0.0414579048980519,-0.0546909540446852
GABaker County,0.0000000000000000,-0.0385662003161882,0.0385662003161882,-0.0516726462005921
GABaldwin County,0.0000000000000000,-0.0325978546220098,0.0325978546220098,-0.0443978141418930
GABanks County,0.0000000000000000,-0.0303127223531203,0.0303127223531214,-0.0419684784564898
GABarrow County,0.0000000000000000,-0.0316042641667622,0.0316042641667624,-0.0435638871176615
GABartow County,0.0000000000000000,-0.0302035737364132,0.0302035737364135,-0.0415268301757032
GABen Hill County,0.0000000000000000,-0.0374344370305343,0.0374344370305348,-0.0492473147443783
GABerrien County,0.0000000000000000,-0.0391647366986655,0.0391647366986656,-0.0513864843809055
GABibb County,0.0000000000000000,-0.0326495342262556,0.0326495342262552,-0.0443087711275781
GABleckley County,0.0000000000000000,-0.0353815458692718,0.0353815458692717,-0.0473868272155709
GABrantley County,0.0000000000000000,-0.0420835865331266,0.0420835865331255,-0.0556599374055600
GABrooks County,0.0000000000000000,-0.0403441201605979,0.0403441201605979,-0.0534356052047146
GABryan County,0.0000000000000000,-0.0326747884761256,0.0326747884761260,-0.0431365998618722
GABulloch County,0.0000000000000000,-0.0414685394215265,0.0414685394215255,-0.0549774003995712
GABurke County,0.0000000000000000,-0.0395442706140282,0.0395442706140283,-0.0527078445884509
GAButts County,0.0000000000000000,-0.0312565416917104,0.0312565416917103,-0.0426172505667721
GACalhoun County,0.0000000000000000,-0.0385203399004024,0.0385203399004024,-0.0517847287115533
GACamden County,0.0000000000000000,-0.0244541390862065,0.0244541390862063,-0.0324859038192394
GACandler County,0.0000000000000000,-0.0408674996079756,0.0408674996079761,-0.0539450937103094
GACarroll County,0.0000000000000000,-0.0299213589555386,0.0299213589555385,-0.0403480471811440
GACatoosa County,0.0000000000000000,-0.0291844184942855,0.0291844184942855,-0.0410564632185658
GACharlton County,0.0000000000000000,-0.0422720602779292,0.0422720602779301,-0.0563862667385631
GAChatham County,0.0000000000000000,-0.0234681942644628,0.0234681942644626,-0.0308797118699868
GAChattahoochee County,0.0000000000000000,-0.0336471653560795,0.0336471653560804,-0.0450389191714424
GAChattooga County,0.0000000000000000,-0.0266607530204722,0.0266607530204721,-0.0375586387404346
GACherokee County,0.0000000000000000,-0.0292948855880056,0.0292948855880053,-0.0406445663402915
GAClarke County,0.0000000000000000,-0.0314983812872957,0.0314983812872958,-0.0438256485874621
GAClay County,0.0000000000000000,-0.0386613522144377,0.0386613522144377,-0.0519014554405212
GAClayton County,0.0000000000000000,-0.0286366357342545,0.0286366357342553,-0.0396493467236529
GAClinch County,0.0000000000000000,-0.0404274458215218,0.0404274458215215,-0.0528472189056250
GACobb County,0.0000000000000000,-0.0287768214831254,0.0287768214831250,-0.0399353312168308
GACoffee County,0.0000000000000000,-0.0388383502241226,0.0388383502241227,-0.0511496299680172
GAColquitt County,0.0000000000000000,-0.0384945284478554,0.0384945284478555,-0.0513989527096711
GAColumbia County,0.0000000000000000,-0.0356866554282906,0.0356866554282897,-0.0481810381998845
GACook County,0.0000000000000000,-0.0395411476219015,0.0395411476219023,-0.0520928579347684
GACoweta County,0.0000000000000000,-0.0302453220571869,0.0302453220571868,-0.0412551682387341
GACrawford County,0.0000000000000000,-0.0330665969732853,0.0330665969732857,-0.0447942365473268
GACrisp County,0.0000000000000000,-0.0358204948688597,0.0358204948688601,-0.0480594332530786
GADade County,0.0000000000000000,-0.0275702683630527,0.0275702683630530,-0.0393421250626308
GADawson County,0.0000000000000000,-0.0297320452512191,0.0297320452512195,-0.0406732183767217
GADecatur County,0.0000000000000000,-0.0399947495103526,0.0399947495103528,-0.0534490424604018
GADekalb County,0.0000000000000000,-0.0287295794303098,0.0287295794303100,-0.0399304076549843
GADodge County,0.0000000000000000,-0.0345856023404773,0.0345856023404765,-0.0465664908536142
GADooly County,0.0000000000000000,-0.0361344297365598,0.0361344297365596,-0.0488076506175291
GADougherty County,0.0000000000000000,-0.0361016995711074,0.0361016995711079,-0.0484808167975745
GADouglas County,0.0000000000000000,-0.0287750979490589,0.0287750979490584,-0.0392362269519637
GAEarly County,0.0000000000000000,-0.0397355449129979,0.0397355449129975,-0.0531905969842724
GAEchols County,0.0000000000000000,-0.0398130428600802,0.0398130428600794,-0.0522917371607305
GAEffingham County,0.0000000000000000,-0.0429348360135351,0.0429348360135358,-0.0570363152037041
GAElbert County,0.0000000000000000,-0.0328839170232412,0.0328839170232413,-0.0449680225437230
GAEmanuel County,0.0000000000000000,-0.0384210757968991,0.0384210757968990,-0.0511905584057036
GAEvans County,0.0000000000000000,-0.0409488085968688,0.0409488085968697,-0.0543044529686202
GAFannin County,0.0000000000000000,-0.0278704567540662,0.0278704567540673,-0.0388784543242113
GAFayette County,0.0000000000000000,-0.0300940217974990,0.0300940217974994,-0.0410779908203998
GAFloyd County,0.0000000000000000,-0.0284406663590284,0.0284406663590282,-0.0394014289555561
GAForsyth County,0.0000000000000000,-0.0300657460566085,0.0300657460566085,-0.0417286400714781
GAFranklin County,0.0000000000000000,-0.0321414168981278,0.0321414168981282,-0.0438902166260213
GAFulton County,0.0000000000000000,-0.0284866284404837,0.0284866284404837,-0.0396009655810104
GAGilmer County,0.0000000000000000,-0.0285018481846410,0.0285018481846409,-0.0396065324291780
GAGlascock County,0.0000000000000000,-0.0335583968217942,0.0335583968217950,-0.0455118356733328
GAGlynn County,0.0000000000000000,-0.0161123880769973,0.0161123880769971,-0.0214836871630227
GAGordon County,0.0000000000000000,-0.0299534726236579,0.0299534726236583,-0.0411098331477791
GAGrady County,0.0000000000000000,-0.0400000917432748,0.0400000917432748,-0.0535185664434352
GAGreene County,0.0000000000000000,-0.0320342344737656,0.0320342344737656,-0.0439510462049050
GAGwinnett County,0.0000000000000000,-0.0295023148854658,0.0295023148854656,-0.0409956737864228
GAHabersham County,0.0000000000000000,-0.0291477235903803,0.0291477235903796,-0.0401566206409461
GAHall County,0.0000000000000000,-0.0307169539554133,0.0307169539554135,-0.0425953805029174
GAHancock County,0.0000000000000000,-0.0326812630651858,0.0326812630651845,-0.0445194731259287
GAHaralson County,0.0000000000000000,-0.0287962923504056,0.0287962923504055,-0.0390763665219328
GAHarris County,0.0000000000000000,-0.0328786829771230,0.0328786829771233,-0.0442160934909760
GAHart County,0.0000000000000000,-0.0329582925736006,0.0329582925735998,-0.0447107494489816
GAHeard County,0.0000000000000000,-0.0304417721649705,0.0304417721649712,-0.0412464522625705
GAHenry County,0.0000000000000000,-0.0305603256364632,0.0305603256364626,-0.0418037021961477
GAHouston County,0.0000000000000000,-0.0341329357141502,0.0341329357141502,-0.0462412023438999
GAIrwin County,0.0000000000000000,-0.0381879899491044,0.0381879899491044,-0.0502965674967520
GAJackson County,0.0000000000000000,-0.0308917526044163,0.0308917526044159,-0.0429316168713189
GAJasper County,0.0000000000000000,-0.0314813122632962,0.0314813122632966,-0.0429781333003683
GAJeff Davis County,0.0000000000000000,-0.0385914321248660,0.0385914321248666,-0.0511386161072791
GAJefferson County,0.0000000000000000,-0.0361886755172726,0.0361886755172727,-0.0484070487989753
GAJenkins County,0.0000000000000000,-0.0397580011577688,0.0397580011577692,-0.0528001205854018
GAJohnson County,0.0000000000000000,-0.0351921217349846,0.0351921217349855,-0.0475445234644334
GAJones County,0.0000000000000000,-0.0324693073042360,0.0324693073042364,-0.0438912739668124
GALamar County,0.0000000000000000,-0.0321728828328430,0.0321728828328423,-0.0438780847131087
GALanier County,0.0000000000000000,-0.0398682931009285,0.0398682931009284,-0.0524869619871310
GALaurens County,0.0000000000000000,-0.0345809836744666,0.0345809836744666,-0.0467407403909155
GALee County,0.0000000000000000,-0.0369206460455743,0.0369206460455744,-0.0499540782637869
GALiberty County,0.0000000000000000,-0.0323039954791374,0.0323039954791380,-0.0430101342437740
GALincoln County,0.0000000000000000,-0.0357943172761859,0.0357943172761861,-0.0483547505000815
GALong County,0.0000000000000000,-0.0422915497149905,0.0422915497149896,-0.0563623628488221
GALowndes County,0.0000000000000000,-0.0406506553631014,0.0406506553631012,-0.0532213935869184
GALumpkin County,0.0000000000000000,-0.0280704699344307,0.0280704699344305,-0.0389541952773317
GAMacon County,0.0000000000000000,-0.0349841512417159,0.0349841512417151,-0.0474026591932952
GAMadison County,0.0000000000000000,-0.0317487607847470,0.0317487607847464,-0.0438097400187819
GAMarion County,0.0000000000000000,-0.0334125705529723,0.0334125705529722,-0.0455832931652211
GAMcduffie County,0.0000000000000000,-0.0355168764335310,0.0355168764335314,-0.0477843743496102
GAMcintosh County,0.0000000000000000,-0.0081572053963041,0.0081572053963046,-0.0107987864237719
GAMeriwether County,0.0000000000000000,-0.0319317081297318,0.0319317081297315,-0.0431585245154106
GAMiller County,0.0000000000000000,-0.0394540262579804,0.0394540262579810,-0.0529413961522759
GAMitchell County,0.0000000000000000,-0.0385452568775874,0.0385452568775875,-0.0512792888154621
GAMonroe County,0.0000000000000000,-0.0324324649040079,0.0324324649040080,-0.0441126343604111
GAMontgomery County,0.0000000000000000,-0.0387865894159728,0.0387865894159720,-0.0517344429400206
GAMorgan County,0.0000000000000000,-0.0319346253287591,0.0319346253287593,-0.0436738496465836
GAMurray County,0.0000000000000000,-0.0299832963302401,0.0299832963302402,-0.0417544955633457
GAMuscogee County,0.0000000000000000,-0.0336804165366811,0.0336804165366809,-0.0452255548203829
GANewton County,0.0000000000000000,-0.0305833449920888,0.0305833449920889,-0.0419660480363876
GAOconee County,0.0000000000000000,-0.0318115582813140,0.0318115582813134,-0.0438712633628835
GAOglethorpe County,0.0000000000000000,-0.0323050958418697,0.0323050958418700,-0.0445014494953841
GAPaulding County,0.0000000000000000,-0.0289623485921062,0.0289623485921060,-0.0399922572576815
GAPeach County,0.0000000000000000,-0.0349831871438104,0.0349831871438100,-0.0474545058368157
GAPickens County,0.0000000000000000,-0.0288713678146217,0.0288713678146220,-0.0398879121025554
GAPierce County,0.0000000000000000,-0.0422628178291558,0.0422628178291560,-0.0561192570560194
GAPike County,0.0000000000000000,-0.0321750416295628,0.0321750416295632,-0.0435788380075148
GAPolk County,0.0000000000000000,-0.0291675283625670,0.0291675283625668,-0.0400502513555825
GAPulaski County,0.0000000000000000,-0.0353432148651891,0.0353432148651884,-0.0471651366023842
GAPutnam County,0.0000000000000000,-0.0326975294849340,0.0326975294849337,-0.0445493274884908
GAQuitman County,0.0000000000000000,-0.0366971038101689,0.0366971038101680,-0.0493155993893165
GARabun County,0.0000000000000000,-0.0262761631736207,0.0262761631736208,-0.0365737444124500
GARandolph County,0.0000000000000000,-0.0376767517135914,0.0376767517135919,-0.0506670163147355
GARichmond County,0.0000000000000000,-0.0364705261769186,0.0364705261769194,-0.0494222879647912
GARockdale County,0.0000000000000000,-0.0294122632216667,0.0294122632216665,-0.0406521892925730
GASchley County,0.0000000000000000,-0.0338340817452530,0.0338340817452523,-0.0462185462944041
GAScreven County,0.0000000000000000,-0.0413852005837332,0.0413852005837327,-0.0551633874390416
GASeminole County,0.0000000000000000,-0.0404852821313342,0.0404852821313337,-0.0539825223988950
GASpalding County,0.0000000000000000,-0.0311318282257572,0.0311318282257576,-0.0423887903615509
GAStephens County,0.0000000000000000,-0.0306323425394066,0.0306323425394064,-0.0418892916985261
GAStewart County,0.0000000000000000,-0.0356206619810180,0.0356206619810180,-0.0479891481796568
GASumter County,0.0000000000000000,-0.0363400160575025,0.0363400160575029,-0.0492128360859477
GATalbot County,0.0000000000000000,-0.0323424071661164,0.0323424071661160,-0.0436499630488911
GATaliaferro County,0.0000000000000000,-0.0317293648425149,0.0317293648425148,-0.0439033834936160
GATattnall County,0.0000000000000000,-0.0413220406203658,0.0413220406203660,-0.0547480255273343
GATaylor County,0.0000000000000000,-0.0332209438915063,0.0332209438915054,-0.0451542618434748
GATelfair County,0.0000000000000000,-0.0356339854769308,0.0356339854769310,-0.0477112511647498
GATerrell County,0.0000000000000000,-0.0368963808005635,0.0368963808005631,-0.0499850268176046
GAThomas County,0.0000000000000000,-0.0396183487188609,0.0396183487188611,-0.0526959020234365
GATift County,0.0000000000000000,-0.0386176777732964,0.0386176777732967,-0.0511054914468865
GAToombs County,0.0000000000000000,-0.0401243922563713,0.0401243922563712,-0.0530878618162435
GATowns County,0.0000000000000000,-0.0278298205265136,0.0278298205265133,-0.0381677018318610
GATreutlen County,0.0000000000000000,-0.0371747638784057,0.0371747638784068,-0.0499358966640638
GATroup County,0.0000000000000000,-0.0325934043383421,0.0325934043383425,-0.0439357730706402
GATurner County,0.0000000000000000,-0.0372374858929675,0.0372374858929678,-0.0493461196225200
GATwiggs County,0.0000000000000000,-0.0335433515594061,0.0335433515594066,-0.0451575344086834
GAUnion County,0.0000000000000000,-0.0267449526925810,0.0267449526925820,-0.0374832809701722
GAUpson County,0.0000000000000000,-0.0321380750174973,0.0321380750174973,-0.0437956583187009
GAWalker County,0.0000000000000000,-0.0285279500494288,0.0285279500494287,-0.0402544238057635
GAWalton County,0.0000000000000000,-0.0310691234294432,0.0310691234294431,-0.0427037325361952
GAWare County,0.0000000000000000,-0.0413525455910219,0.0413525455910213,-0.0546015054220451
GAWarren County,0.0000000000000000,-0.0341502597058535,0.0341502597058534,-0.0462977851895623
GAWashington County,0.0000000000000000,-0.0332815877071757,0.0332815877071750,-0.0450014688249554
GAWayne County,0.0000000000000000,-0.0423030569788383,0.0423030569788378,-0.0561401704900465
GAWebster County,0.0000000000000000,-0.0364279177355410,0.0364279177355396,-0.0490621218964279
GAWheeler County,0.0000000000000000,-0.0360109529979598,0.0360109529979593,-0.0483686585595391
GAWhite County,0.0000000000000000,-0.0281083809449520,0.0281083809449518,-0.0388856313362073
GAWhitfield County,0.0000000000000000,-0.0294354932472300,0.0294354932472296,-0.0412337831861065
GAWilcox County,0.0000000000000000,-0.0357894515099069,0.0357894515099069,-0.0477024222636652
GAWilkes County,0.0000000000000000,-0.0331356401477085,0.0331356401477083,-0.0454336791031928
GAWilkinson County,0.0000000000000000,-0.0334533737248101,0.0334533737248106,-0.0452008711089080
GAWorth County,0.0000000000000000,-0.0372712368013199,0.0372712368013204,-0.0496330508419021
HIHawaii County,0.0000000000000000,-0.0433332408868125,0.0433332408868132,-0.0574533601931518
HIHonolulu County,0.0000000000000000,-0.0392836538143754,0.0392836538143770,-0.0520743750689271
HIKalawao County,0.0000000000000000,-0.0394551834111758,0.0394551834111765,-0.0525465022031187
HIKauai County,0.0000000000000000,-0.0378216694039651,0.0378216694039655,-0.0499225680749744
HIMaui County,0.0000000000000000,-0.0382443755654829,0.0382443755654833,-0.0506678361151913
IAAdair County,0.0000000000000000,0.0000000000000000,0.0000000000000000,0.0000000000000000
IAAdams County,0.0000000000000000,0.0000000000000000,0.0000000000000000,0.0000000000000000
IAAllamakee County,0.0000000000000000,0.0000000000000000,0.0000000000000000,0.0000000000000000
IAAppanoose County,0.0000000000000000,0.0000000000000000,0.0000000000000000,0.0000000000000000
IAAudubon County,0.0000000000000000,0.0000000000000000,0.0000000000000000,0.0000000000000000
IABenton County,0.0000000000000000,0.0000000000000000,0.0000000000000000,0.0000000000000000
IABlack Hawk County,0.0000000000000000,0.0000000000000000,0.0000000000000000,0.0000000000000000
IABoone County,0.0000000000000000,0.0000000000000000,0.0000000000000000,0.0000000000000000
IABremer County,0.0000000000000000,0.0000000000000000,0.0000000000000000,0.0000000000000000
IABuchanan County,0.0000000000000000,0.0000000000000000,0.0000000000000000,0.0000000000000000
IABuena Vista County,0.0000000000000000,0.0000000000000000,0.0000000000000000,0.0000000000000000
IAButler County,0.0000000000000000,0.0000000000000000,0.0000000000000000,0.0000000000000000
IACalhoun County,0.0000000000000000,0.0000000000000000,0.0000000000000000,0.0000000000000000
IACarroll County,0.0000000000000000,0.0000000000000000,0.0000000000000000,0.0000000000000000
IACass County,0.0000000000000000,0.0000000000000000,0.0000000000000000,0.0000000000000000
IACedar County,0.0000000000000000,0.0000000000000000,0.0000000000000000,0.0000000000000000
IACerro Gordo County,0.0000000000000000,0.0000000000000000,0.0000000000000000,0.0000000000000000
IACherokee County,0.0000000000000000,0.0000000000000000,0.0000000000000000,0.0000000000000000
IAChickasaw County,0.0000000000000000,0.0000000000000000,0.0000000000000000,0.0000000000000000
IAClarke County,0.0000000000000000,0.0000000000000000,0.0000000000000000,0.0000000000000000
IAClay County,0.0000000000000000,0.0000000000000000,0.0000000000000000,0.0000000000000000
IAClayton County,0.0000000000000000,0.0000000000000000,0.0000000000000000,0.0000000000000000
IAClinton County,0.0000000000000000,0.0000000000000000,0.0000000000000000,0.0000000000000000
IACrawford County,0.0000000000000000,0.0000000000000000,0.0000000000000000,0.0000000000000000
IADallas County,0.0000000000000000,0.0000000000000000,0.0000000000000000,0.0000000000000000
IADavis County,0.0000000000000000,0.0000000000000000,0.0000000000000000,0.0000000000000000
IADecatur County,0.0000000000000000,0.0000000000000000,0.0000000000000000,0.0000000000000000
IADelaware County,0.0000000000000000,0.0000000000000000,0.0000000000000000,0.0000000000000000
IADes Moines County,0.0000000000000000,0.0000000000000000,0.0000000000000000,0.0000000000000000
IADickinson County,0.0000000000000000,0.0000000000000000,0.0000000000000000,0.0000000000000000
IADubuque County,0.0000000000000000,0.0000000000000000,0.0000000000000000,0.0000000000000000
IAEmmet County,0.0000000000000000,0.0000000000000000,0.0000000000000000,0.0000000000000000
IAFayette County,0.0000000000000000,0.0000000000000000,0.0000000000000000,0.0000000000000000
IAFloyd County,0.0000000000000000,0.0000000000000000,0.0000000000000000,0.0000000000000000
IAFranklin County,0.0000000000000000,0.0000000000000000,0.0000000000000000,0.0000000000000000
IAFremont County,0.0000000000000000,0.0000000000000000,0.0000000000000000,0.0000000000000000
IAGreene County,0.0000000000000000,0.0000000000000000,0.0000000000000000,0.0000000000000000
IAGrundy County,0.0000000000000000,0.0000000000000000,0.0000000000000000,0.0000000000000000
IAGuthrie County,0.0000000000000000,0.0000000000000000,0.0000000000000000,0.0000000000000000
IAHamilton County,0.0000000000000000,0.0000000000000000,0.0000000000000000,0.0000000000000000
IAHancock County,0.0000000000000000,0.0000000000000000,0.0000000000000000,0.0000000000000000
IAHardin County,0.0000000000000000,0.0000000000000000,0.0000000000000000,0.0000000000000000
IAHarrison County,0.0000000000000000,0.0000000000000000,0.0000000000000000,0.0000000000000000
IAHenry County,0.0000000000000000,0.0000000000000000,0.0000000000000000,0.0000000000000000
IAHoward County,0.0000000000000000,0.0000000000000000,0.0000000000000000,0.0000000000000000
IAHumboldt County,0.0000000000000000,0.0000000000000000,0.0000000000000000,0.0000000000000000
IAIda County,0.0000000000000000,0.0000000000000000,0.0000000000000000,0.0000000000000000
IAIowa County,0.0000000000000000,0.0000000000000000,0.0000000000000000,0.0000000000000000
IAJackson County,0.0000000000000000,0.0000000000000000,0.0000000000000000,0.0000000000000000
IAJasper County,0.0000000000000000,0.0000000000000000,0.0000000000000000,0.0000000000000000
IAJefferson County,0.0000000000000000,0.0000000000000000,0.0000000000000000,0.0000000000000000
IAJohnson County,0.0000000000000000,0.0000000000000000,0.0000000000000000,0.0000000000000000
IAJones County,0.0000000000000000,0.0000000000000000,0.0000000000000000,0.0000000000000000
IAKeokuk County,0.0000000000000000,0.0000000000000000,0.0000000000000000,0.0000000000000000
IAKossuth County,0.0000000000000000,0.0000000000000000,0.0000000000000000,0.0000000000000000
IALee County,0.0000000000000000,0.0000000000000000,0.0000000000000000,0.0000000000000000
IALinn County,0.0000000000000000,0.0000000000000000,0.0000000000000000,0.0000000000000000
IALouisa County,0.0000000000000000,0.0000000000000000,0.0000000000000000,0.0000000000000000
IALucas County,0.0000000000000000,0.0000000000000000,0.0000000000000000,0.0000000000000000
IALyon County,0.0000000000000000,0.0000000000000000,0.0000000000000000,0.0000000000000000
IAMadison County,0.0000000000000000,0.0000000000000000,0.0000000000000000,0.0000000000000000
IAMahaska County,0.0000000000000000,0.0000000000000000,0.0000000000000000,0.0000000000000000
IAMarion County,0.0000000000000000,0.0000000000000000,0.0000000000000000,0.0000000000000000
IAMarshall County,0.0000000000000000,0.0000000000000000,0.0000000000000000,0.0000000000000000
IAMills County,0.0000000000000000,0.0000000000000000,0.0000000000000000,0.0000000000000000
IAMitchell County,0.0000000000000000,0.0000000000000000,0.0000000000000000,0.0000000000000000
IAMonona County,0.0000000000000000,0.0000000000000000,0.0000000000000000,0.0000000000000000
IAMonroe County,0.0000000000000000,0.0000000000000000,0.0000000000000000,0.0000000000000000
IAMontgomery County,0.0000000000000000,0.0000000000000000,0.0000000000000000,0.0000000000000000
IAMuscatine County,0.0000000000000000,0.0000000000000000,0.0000000000000000,0.0000000000000000
IAO'Brien County,0.0000000000000000,0.0000000000000000,0.0000000000000000,0.0000000000000000
IAOsceola County,0.0000000000000000,0.0000000000000000,0.0000000000000000,0.0000000000000000
IAPage County,0.0000000000000000,0.0000000000000000,0.0000000000000000,0.0000000000000000
IAPalo Alto County,0.0000000000000000,0.0000000000000000,0.0000000000000000,0.0000000000000000
IAPlymouth County,0.0000000000000000,0.0000000000000000,0.0000000000000000,0.0000000000000000
IAPocahontas County,0.0000000000000000,0.0000000000000000,0.0000000000000000,0.0000000000000000
IAPolk County,0.0000000000000000,0.0000000000000000,0.0000000000000000,0.0000000000000000
IAPottawattamie County,0.0000000000000000,0.0000000000000000,0.0000000000000000,0.0000000000000000
IAPoweshiek County,0.0000000000000000,0.0000000000000000,0.0000000000000000,0.0000000000000000
IARinggold County,0.0000000000000000,0.0000000000000000,0.0000000000000000,0.0000000000000000
IASac County,0.0000000000000000,0.0000000000000000,0.0000000000000000,0.0000000000000000
IAScott County,0.0000000000000000,0.0000000000000000,0.0000000000000000,0.0000000000000000
IAShelby County,0.0000000000000000,0.0000000000000000,0.0000000000000000,0.0000000000000000
IASioux County,0.0000000000000000,0.0000000000000000,0.0000000000000000,0.0000000000000000
IAStory County,0.0000000000000000,0.0000000000000000,0.0000000000000000,0.0000000000000000
IATama County,0.0000000000000000,0.0000000000000000,0.0000000000000000,0.0000000000000000
IATaylor County,0.0000000000000000,0.0000000000000000,0.0000000000000000,0.0000000000000000
IAUnion County,0.0000000000000000,0.0000000000000000,0.0000000000000000,0.0000000000000000
IAVan Buren County,0.0000000000000000,0.0000000000000000,0.0000000000000000,0.0000000000000000
IAWapello County,0.0000000000000000,0.0000000000000000,0.0000000000000000,0.0000000000000000
IAWarren County,0.0000000000000000,0.0000000000000000,0.0000000000000000,0.0000000000000000
IAWashington County,0.0000000000000000,0.0000000000000000,0.0000000000000000,0.0000000000000000
IAWayne County,0.0000000000000000,0.0000000000000000,0.0000000000000000,0.0000000000000000
IAWebster County,0.0000000000000000,0.0000000000000000,0.0000000000000000,0.0000000000000000
IAWinnebago County,0.0000000000000000,0.0000000000000000,0.0000000000000000,0.0000000000000000
IAWinneshiek County,0.0000000000000000,0.0000000000000000,0.0000000000000000,0.0000000000000000
IAWoodbury County,0.0000000000000000,0.0000000000000000,0.0000000000000000,0.0000000000000000
IAWorth County,0.0000000000000000,0.0000000000000000,0.0000000000000000,0.0000000000000000
IAWright County,0.0000000000000000,0.0000000000000000,0.0000000000000000,0.0000000000000000
IDAda County,0.0000000000000000,0.0000000000000000,0.0000000000000000,0.0000000000000000
IDAdams County,0.0000000000000000,0.0000000000000000,0.0000000000000000,0.0000000000000000
IDBannock County,0.0000000000000000,0.0000000000000000,0.0000000000000000,0.0000000000000000
IDBear Lake County,0.0000000000000000,0.0000000000000000,0.0000000000000000,0.0000000000000000
IDBenewah County,0.0000000000000000,0.0000000000000000,0.0000000000000000,0.0000000000000000
IDBingham County,0.0000000000000000,0.0000000000000000,0.0000000000000000,0.0000000000000000
IDBlaine County,0.0000000000000000,0.0000000000000000,0.0000000000000000,0.0000000000000000
IDBoise County,0.0000000000000000,0.0000000000000000,0.0000000000000000,0.0000000000000000
IDBonner County,0.0000000000000000,0.0000000000000000,0.0000000000000000,0.0000000000000000
IDBonneville County,0.0000000000000000,0.0000000000000000,0.0000000000000000,0.0000000000000000
IDBoundary County,0.0000000000000000,0.0000000000000000,0.0000000000000000,0.0000000000000000
IDButte County,0.0000000000000000,0.0000000000000000,0.0000000000000000,0.0000000000000000
IDCamas County,0.0000000000000000,0.0000000000000000,0.0000000000000000,0.0000000000000000
IDCanyon County,0.0000000000000000,0.0000000000000000,0.0000000000000000,0.0000000000000000
IDCaribou County,0.0000000000000000,0.0000000000000000,0.0000000000000000,0.0000000000000000
IDCassia County,0.0000000000000000,0.0000000000000000,0.0000000000000000,0.0000000000000000
IDClark County,0.0000000000000000,0.0000000000000000,0.0000000000000000,0.0000000000000000
IDClearwater County,0.0000000000000000,0.0000000000000000,0.0000000000000000,0.0000000000000000
IDCuster County,0.0000000000000000,0.0000000000000000,0.0000000000000000,0.0000000000000000
IDElmore County,0.0000000000000000,0.0000000000000000,0.0000000000000000,0.0000000000000000
IDFranklin County,0.0000000000000000,0.0000000000000000,0.0000000000000000,0.0000000000000000
IDFremont County,0.0000000000000000,0.0000000000000000,0.0000000000000000,0.0000000000000000
IDGem County,0.0000000000000000,0.0000000000000000,0.0000000000000000,0.0000000000000000
IDGooding County,0.0000000000000000,0.0000000000000000,0.0000000000000000,0.0000000000000000
IDIdaho County,0.0000000000000000,0.0000000000000000,0.0000000000000000,0.0000000000000000
IDJefferson County,0.0000000000000000,0.0000000000000000,0.0000000000000000,0.0000000000000000
IDJerome County,0.0000000000000000,0.0000000000000000,0.0000000000000000,0.0000000000000000
IDKootenai County,0.0000000000000000,0.0000000000000000,0.0000000000000000,0.0000000000000000
IDLatah County,0.0000000000000000,0.0000000000000000,0.0000000000000000,0.0000000000000000
IDLemhi County,0.0000000000000000,0.0000000000000000,0.0000000000000000,0.0000000000000000
IDLewis County,0.0000000000000000,0.0000000000000000,0.0000000000000000,0.0000000000000000
IDLincoln County,0.0000000000000000,0.0000000000000000,0.0000000000000000,0.0000000000000000
IDMadison County,0.0000000000000000,0.0000000000000000,0.0000000000000000,0.0000000000000000
IDMinidoka County,0.0000000000000000,0.0000000000000000,0.0000000000000000,0.0000000000000000
IDNez Perce County,0.0000000000000000,0.0000000000000000,0.0000000000000000,0.0000000000000000
IDOneida County,0.0000000000000000,0.0000000000000000,0.0000000000000000,0.0000000000000000
IDOwyhee County,0.0000000000000000,0.0000000000000000,0.0000000000000000,0.0000000000000000
IDPayette County,0.0000000000000000,0.0000000000000000,0.0000000000000000,0.0000000000000000
IDPower County,0.0000000000000000,0.0000000000000000,0.0000000000000000,0.0000000000000000
IDShoshone County,0.0000000000000000,0.0000000000000000,0.0000000000000000,0.0000000000000000
IDTeton County,0.0000000000000000,0.0000000000000000,0.0000000000000000,0.0000000000000000
IDTwin Falls County,0.0000000000000000,0.0000000000000000,0.0000000000000000,0.0000000000000000
IDValley County,0.0000000000000000,0.0000000000000000,0.0000000000000000,0.0000000000000000
IDWashington County,0.0000000000000000,0.0000000000000000,0.0000000000000000,0.0000000000000000
ILAdams County,0.0000000000000000,0.0000000000000000,0.0000000000000000,0.0000000000000000
ILAlexander County,0.0000000000000000,0.0000000000000000,0.0000000000000000,0.0000000000000000
ILBond County,0.0000000000000000,0.0000000000000000,0.0000000000000000,0.0000000000000000
ILBoone County,0.0000000000000000,0.0000000000000000,0.0000000000000000,0.0000000000000000
ILBrown County,0.0000000000000000,0.0000000000000000,0.0000000000000000,0.0000000000000000
ILBureau County,0.0000000000000000,0.0000000000000000,0.0000000000000000,0.0000000000000000
ILCalhoun County,0.0000000000000000,0.0000000000000000,0.0000000000000000,0.0000000000000000
ILCarroll County,0.0000000000000000,0.0000000000000000,0.0000000000000000,0.0000000000000000
ILCass County,0.0000000000000000,0.0000000000000000,0.0000000000000000,0.0000000000000000
ILChampaign County,0.0000000000000000,0.0000000000000000,0.0000000000000000,0.0000000000000000
ILChristian County,0.0000000000000000,0.0000000000000000,0.0000000000000000,0.0000000000000000
ILClark County,0.0000000000000000,0.0000000000000000,0.0000000000000000,0.0000000000000000
ILClay County,0.0000000000000000,0.0000000000000000,0.0000000000000000,0.0000000000000000
ILClinton County,0.0000000000000000,0.0000000000000000,0.0000000000000000,0.0000000000000000
ILColes County,0.0000000000000000,0.0000000000000000,0.0000000000000000,0.0000000000000000
ILCook County,0.0000000000000000,0.0000000000000000,0.0000000000000000,0.0000000000000000
ILCrawford County,0.0000000000000000,0.0000000000000000,0.0000000000000000,0.0000000000000000
ILCumberland County,0.0000000000000000,0.0000000000000000,0.0000000000000000,0.0000000000000000
ILDe Witt County,0.0000000000000000,0.0000000000000000,0.0000000000000000,0.0000000000000000
ILDekalb County,0.0000000000000000,0.0000000000000000,0.0000000000000000,0.0000000000000000
ILDouglas County,0.0000000000000000,0.0000000000000000,0.0000000000000000,0.0000000000000000
ILDupage County,0.0000000000000000,0.0000000000000000,0.0000000000000000,0.0000000000000000
ILEdgar County,0.0000000000000000,0.0000000000000000,0.0000000000000000,0.0000000000000000
ILEdwards County,0.0000000000000000,0.0000000000000000,0.0000000000000000,0.0000000000000000
ILEffingham County,0.0000000000000000,0.0000000000000000,0.0000000000000000,0.0000000000000000
ILFayette County,0.0000000000000000,0.0000000000000000,0.0000000000000000,0.0000000000000000
ILFord County,0.0000000000000000,0.0000000000000000,0.0000000000000000,0.0000000000000000
ILFranklin County,0.0000000000000000,0.0000000000000000,0.0000000000000000,0.0000000000000000
ILFulton County,0.0000000000000000,0.0000000000000000,0.0000000000000000,0.0000000000000000
ILGallatin County,0.0000000000000000,0.0000000000000000,0.0000000000000000,0.0000000000000000
ILGreene County,0.0000000000000000,0.0000000000000000,0.0000000000000000,0.0000000000000000
ILGrundy County,0.0000000000000000,0.0000000000000000,0.0000000000000000,0.0000000000000000
ILHamilton County,0.0000000000000000,0.0000000000000000,0.0000000000000000,0.0000000000000000
ILHancock County,0.0000000000000000,0.0000000000000000,0.0000000000000000,0.0000000000000000
ILHardin County,0.0000000000000000,0.0000000000000000,0.0000000000000000,0.0000000000000000
ILHenderson County,0.0000000000000000,0.0000000000000000,0.0000000000000000,0.0000000000000000
ILHenry County,0.0000000000000000,0.0000000000000000,0.0000000000000000,0.0000000000000000
ILIroquois County,0.0000000000000000,0.0000000000000000,0.0000000000000000,0.0000000000000000
ILJackson County,0.0000000000000000,0.0000000000000000,0.0000000000000000,0.0000000000000000
ILJasper County,0.0000000000000000,0.0000000000000000,0.0000000000000000,0.0000000000000000
ILJefferson County,0.0000000000000000,0.0000000000000000,0.0000000000000000,0.0000000000000000
ILJersey County,0.0000000000000000,0.0000000000000000,0.0000000000000000,0.0000000000000000
ILJo Daviess County,0.0000000000000000,0.0000000000000000,0.0000000000000000,0.0000000000000000
ILJohnson County,0.0000000000000000,0.0000000000000000,0.0000000000000000,0.0000000000000000
ILKane County,0.0000000000000000,0.0000000000000000,0.0000000000000000,0.0000000000000000
ILKankakee County,0.0000000000000000,0.0000000000000000,0.0000000000000000,0.0000000000000000
ILKendall County,0.0000000000000000,0.0000000000000000,0.0000000000000000,0.0000000000000000
ILKnox County,0.0000000000000000,0.0000000000000000,0.0000000000000000,0.0000000000000000
ILLa Salle County,0.0000000000000000,0.0000000000000000,0.0000000000000000,0.0000000000000000
ILLake County,0.0000000000000000,0.0000000000000000,0.0000000000000000,0.0000000000000000
ILLawrence County,0.0000000000000000,0.0000000000000000,0.0000000000000000,0.0000000000000000
ILLee County,0.0000000000000000,0.0000000000000000,0.0000000000000000,0.0000000000000000
ILLivingston County,0.0000000000000000,0.0000000000000000,0.0000000000000000,0.0000000000000000
ILLogan County,0.0000000000000000,0.0000000000000000,0.0000000000000000,0.0000000000000000
ILMacon County,0.0000000000000000,0.0000000000000000,0.0000000000000000,0.0000000000000000
ILMacoupin County,0.0000000000000000,0.0000000000000000,0.0000000000000000,0.0000000000000000
ILMadison County,0.0000000000000000,0.0000000000000000,0.0000000000000000,0.0000000000000000
ILMarion County,0.0000000000000000,0.0000000000000000,0.0000000000000000,0.0000000000000000
ILMarshall County,0.0000000000000000,0.0000000000000000,0.0000000000000000,0.0000000000000000
ILMason County,0.0000000000000000,0.0000000000000000,0.0000000000000000,0.0000000000000000
ILMassac County,0.0000000000000000,0.0000000000000000,0.0000000000000000,0.0000000000000000
ILMcdonough County,0.0000000000000000,0.0000000000000000,0.0000000000000000,0.0000000000000000
ILMchenry County,0.0000000000000000,0.0000000000000000,0.0000000000000000,0.0000000000000000
ILMclean County,0.0000000000000000,0.0000000000000000,0.0000000000000000,0.0000000000000000
ILMenard County,0.0000000000000000,0.0000000000000000,0.0000000000000000,0.0000000000000000
ILMercer County,0.0000000000000000,0.0000000000000000,0.0000000000000000,0.0000000000000000
ILMonroe County,0.0000000000000000,0.0000000000000000,0.0000000000000000,0.0000000000000000
ILMontgomery County,0.0000000000000000,0.0000000000000000,0.0000000000000000,0.0000000000000000
ILMorgan County,0.0000000000000000,0.0000000000000000,0.0000000000000000,0.0000000000000000
ILMoultrie County,0.0000000000000000,0.0000000000000000,0.0000000000000000,0.0000000000000000
ILOgle County,0.0000000000000000,0.0000000000000000,0.0000000000000000,0.0000000000000000
ILPeoria County,0.0000000000000000,0.0000000000000000,0.0000000000000000,0.0000000000000000
ILPerry County,0.0000000000000000,0.0000000000000000,0.0000000000000000,0.0000000000000000
ILPiatt County,0.0000000000000000,0.0000000000000000,0.0000000000000000,0.0000000000000000
ILPike County,0.0000000000000000,0.0000000000000000,0.0000000000000000,0.0000000000000000
ILPope County,0.0000000000000000,0.0000000000000000,0.0000000000000000,0.0000000000000000
ILPulaski County,0.0000000000000000,0.0000000000000000,0.0000000000000000,0.0000000000000000
ILPutnam County,0.0000000000000000,0.0000000000000000,0.0000000000000000,0.0000000000000000
ILRandolph County,0.0000000000000000,0.0000000000000000,0.0000000000000000,0.0000000000000000
ILRichland County,0.0000000000000000,0.0000000000000000,0.0000000000000000,0.0000000000000000
ILRock Island County,0.0000000000000000,0.0000000000000000,0.0000000000000000,0.0000000000000000
ILSaline County,0.0000000000000000,0.0000000000000000,0.0000000000000000,0.0000000000000000
ILSangamon County,0.0000000000000000,0.0000000000000000,0.0000000000000000,0.0000000000000000
ILSchuyler County,0.0000000000000000,0.0000000000000000,0.0000000000000000,0.0000000000000000
ILScott County,0.0000000000000000,0.0000000000000000,0.0000000000000000,0.0000000000000000
ILShelby County,0.0000000000000000,0.0000000000000000,0.0000000000000000,0.0000000000000000
ILSt. Clair County,0.0000000000000000,0.0000000000000000,0.0000000000000000,0.0000000000000000
ILStark County,0.0000000000000000,0.0000000000000000,0.0000000000000000,0.0000000000000000
ILStephenson County,0.0000000000000000,0.0000000000000000,0.0000000000000000,0.0000000000000000
ILTazewell County,0.0000000000000000,0.0000000000000000,0.0000000000000000,0.0000000000000000
ILUnion County,0.0000000000000000,0.0000000000000000,0.0000000000000000,0.0000000000000000
ILVermilion County,0.0000000000000000,0.0000000000000000,0.0000000000000000,0.0000000000000000
ILWabash County,0.0000000000000000,0.0000000000000000,0.0000000000000000,0.0000000000000000
ILWarren County,0.0000000000000000,0.0000000000000000,0.0000000000000000,0.0000000000000000
ILWashington County,0.0000000000000000,0.0000000000000000,0.0000000000000000,0.0000000000000000
ILWayne County,0.0000000000000000,0.0000000000000000,0.0000000000000000,0.0000000000000000
ILWhite County,0.0000000000000000,0.0000000000000000,0.0000000000000000,0.0000000000000000
ILWhiteside County,0.0000000000000000,0.0000000000000000,0.0000000000000000,0.0000000000000000
ILWill County,0.0000000000000000,0.0000000000000000,0.0000000000000000,0.0000000000000000
ILWilliamson County,0.0000000000000000,0.0000000000000000,0.0000000000000000,0.0000000000000000
ILWinnebago County,0.0000000000000000,0.0000000000000000,0.0000000000000000,0.0000000000000000
ILWoodford County,0.0000000000000000,0.0000000000000000,0.0000000000000000,0.0000000000000000
INAdams County,0.0000000000000000,0.0000000000000000,0.0000000000000000,0.0000000000000000
INAllen County,0.0000000000000000,0.0000000000000000,0.0000000000000000,0.0000000000000000
INBartholomew County,0.0000000000000000,0.0000000000000000,0.0000000000000000,0.0000000000000000
INBenton County,0.0000000000000000,0.0000000000000000,0.0000000000000000,0.0000000000000000
INBlackford County,0.0000000000000000,0.0000000000000000,0.0000000000000000,0.0000000000000000
INBoone County,0.0000000000000000,0.0000000000000000,0.0000000000000000,0.0000000000000000
INBrown County,0.0000000000000000,0.0000000000000000,0.0000000000000000,0.0000000000000000
INCarroll County,0.0000000000000000,0.0000000000000000,0.0000000000000000,0.0000000000000000
INCass County,0.0000000000000000,0.0000000000000000,0.0000000000000000,0.0000000000000000
INClark County,0.0000000000000000,0.0000000000000000,0.0000000000000000,0.0000000000000000
INClay County,0.0000000000000000,0.0000000000000000,0.0000000000000000,0.0000000000000000
INClinton County,0.0000000000000000,0.0000000000000000,0.0000000000000000,0.0000000000000000
INCrawford County,0.0000000000000000,0.0000000000000000,0.0000000000000000,0.0000000000000000
INDaviess County,0.0000000000000000,0.0000000000000000,0.0000000000000000,0.0000000000000000
INDearborn County,0.0000000000000000,0.0000000000000000,0.0000000000000000,0.0000000000000000
INDecatur County,0.0000000000000000,0.0000000000000000,0.0000000000000000,0.0000000000000000
INDekalb County,0.0000000000000000,0.0000000000000000,0.0000000000000000,0.0000000000000000
INDelaware County,0.0000000000000000,0.0000000000000000,0.0000000000000000,0.0000000000000000
INDubois County,0.0000000000000000,0.0000000000000000,0.0000000000000000,0.0000000000000000
INElkhart County,0.0000000000000000,0.0000000000000000,0.0000000000000000,0.0000000000000000
INFayette County,0.0000000000000000,0.0000000000000000,0.0000000000000000,0.0000000000000000
INFloyd County,0.0000000000000000,0.0000000000000000,0.0000000000000000,0.0000000000000000
INFountain County,0.0000000000000000,0.0000000000000000,0.0000000000000000,0.0000000000000000
INFranklin County,0.0000000000000000,0.0000000000000000,0.0000000000000000,0.0000000000000000
INFulton County,0.0000000000000000,0.0000000000000000,0.0000000000000000,0.0000000000000000
INGibson County,0.0000000000000000,0.0000000000000000,0.0000000000000000,0.0000000000000000
INGrant County,0.0000000000000000,0.0000000000000000,0.0000000000000000,0.0000000000000000
INGreene County,0.0000000000000000,0.0000000000000000,0.0000000000000000,0.0000000000000000
INHamilton County,0.0000000000000000,0.0000000000000000,0.0000000000000000,0.0000000000000000
INHancock County,0.0000000000000000,0.0000000000000000,0.0000000000000000,0.0000000000000000
INHarrison County,0.0000000000000000,0.0000000000000000,0.0000000000000000,0.0000000000000000
INHendricks County,0.0000000000000000,0.0000000000000000,0.0000000000000000,0.0000000000000000
INHenry County,0.0000000000000000,0.0000000000000000,0.0000000000000000,0.0000000000000000
INHoward County,0.0000000000000000,0.0000000000000000,0.0000000000000000,0.0000000000000000
INHuntington County,0.0000000000000000,0.0000000000000000,0.0000000000000000,0.0000000000000000
INJackson County,0.0000000000000000,0.0000000000000000,0.0000000000000000,0.0000000000000000
INJasper County,0.0000000000000000,0.0000000000000000,0.0000000000000000,0.0000000000000000
INJay County,0.0000000000000000,0.0000000000000000,0.0000000000000000,0.0000000000000000
INJefferson County,0.0000000000000000,0.0000000000000000,0.0000000000000000,0.0000000000000000
INJennings County,0.0000000000000000,0.0000000000000000,0.0000000000000000,0.0000000000000000
INJohnson County,0.0000000000000000,0.0000000000000000,0.0000000000000000,0.0000000000000000
INKnox County,0.0000000000000000,0.0000000000000000,0.0000000000000000,0.0000000000000000
INKosciusko County,0.0000000000000000,0.0000000000000000,0.0000000000000000,0.0000000000000000
INLagrange County,0.0000000000000000,0.0000000000000000,0.0000000000000000,0.0000000000000000
INLake County,0.0000000000000000,0.0000000000000000,0.0000000000000000,0.0000000000000000
INLaporte County,0.0000000000000000,0.0000000000000000,0.0000000000000000,0.0000000000000000
INLawrence County,0.0000000000000000,0.0000000000000000,0.0000000000000000,0.0000000000000000
INMadison County,0.0000000000000000,0.0000000000000000,0.0000000000000000,0.0000000000000000
INMarion County,0.0000000000000000,0.0000000000000000,0.0000000000000000,0.0000000000000000
INMarshall County,0.0000000000000000,0.0000000000000000,0.0000000000000000,0.0000000000000000
INMartin County,0.0000000000000000,0.0000000000000000,0.0000000000000000,0.0000000000000000
INMiami County,0.0000000000000000,0.0000000000000000,0.0000000000000000,0.0000000000000000
INMonroe County,0.0000000000000000,0.0000000000000000,0.0000000000000000,0.0000000000000000
INMontgomery County,0.0000000000000000,0.0000000000000000,0.0000000000000000,0.0000000000000000
INMorgan County,0.0000000000000000,0.0000000000000000,0.0000000000000000,0.0000000000000000
INNewton County,0.0000000000000000,0.0000000000000000,0.0000000000000000,0.0000000000000000
INNoble County,0.0000000000000000,0.0000000000000000,0.0000000000000000,0.0000000000000000
INOhio County,0.0000000000000000,0.0000000000000000,0.0000000000000000,0.0000000000000000
INOrange County,0.0000000000000000,0.0000000000000000,0.0000000000000000,0.0000000000000000
INOwen County,0.0000000000000000,0.0000000000000000,0.0000000000000000,0.0000000000000000
INParke County,0.0000000000000000,0.0000000000000000,0.0000000000000000,0.0000000000000000
INPerry County,0.0000000000000000,0.0000000000000000,0.0000000000000000,0.0000000000000000
INPike County,0.0000000000000000,0.0000000000000000,0.0000000000000000,0.0000000000000000
INPorter County,0.0000000000000000,0.0000000000000000,0.0000000000000000,0.0000000000000000
INPosey County,0.0000000000000000,0.0000000000000000,0.0000000000000000,0.0000000000000000
INPulaski County,0.0000000000000000,0.0000000000000000,0.0000000000000000,0.0000000000000000
INPutnam County,0.0000000000000000,0.0000000000000000,0.0000000000000000,0.0000000000000000
INRandolph County,0.0000000000000000,0.0000000000000000,0.0000000000000000,0.0000000000000000
INRipley County,0.0000000000000000,0.0000000000000000,0.0000000000000000,0.0000000000000000
INRush County,0.0000000000000000,0.0000000000000000,0.0000000000000000,0.0000000000000000
INScott County,0.0000000000000000,0.0000000000000000,0.0000000000000000,0.0000000000000000
INShelby County,0.0000000000000000,0.0000000000000000,0.0000000000000000,0.0000000000000000
INSpencer County,0.0000000000000000,0.0000000000000000,0.0000000000000000,0.0000000000000000
INSt. Joseph County,0.0000000000000000,0.0000000000000000,0.0000000000000000,0.0000000000000000
INStarke County,0.0000000000000000,0.0000000000000000,0.0000000000000000,0.0000000000000000
INSteuben County,0.0000000000000000,0.0000000000000000,0.0000000000000000,0.0000000000000000
INSullivan County,0.0000000000000000,0.0000000000000000,0.0000000000000000,0.0000000000000000
INSwitzerland County,0.0000000000000000,0.0000000000000000,0.0000000000000000,0.0000000000000000
INTippecanoe County,0.0000000000000000,0.0000000000000000,0.0000000000000000,0.0000000000000000
INTipton County,0.0000000000000000,0.0000000000000000,0.0000000000000000,0.0000000000000000
INUnion County,0.0000000000000000,0.0000000000000000,0.0000000000000000,0.0000000000000000
INVanderburgh County,0.0000000000000000,0.0000000000000000,0.0000000000000000,0.0000000000000000
INVermillion County,0.0000000000000000,0.0000000000000000,0.0000000000000000,0.0000000000000000
INVigo County,0.0000000000000000,0.0000000000000000,0.0000000000000000,0.0000000000000000
INWabash County,0.0000000000000000,0.0000000000000000,0.0000000000000000,0.0000000000000000
INWarren County,0.0000000000000000,0.0000000000000000,0.0000000000000000,0.0000000000000000
INWarrick County,0.0000000000000000,0.0000000000000000,0.0000000000000000,0.0000000000000000
INWashington County,0.0000000000000000,0.0000000000000000,0.0000000000000000,0.0000000000000000
INWayne County,0.0000000000000000,0.0000000000000000,0.0000000000000000,0.0000000000000000
INWells County,0.0000000000000000,0.0000000000000000,0.0000000000000000,0.0000000000000000
INWhite County,0.0000000000000000,0.0000000000000000,0.0000000000000000,0.0000000000000000
INWhitley County,0.0000000000000000,0.0000000000000000,0.0000000000000000,0.0000000000000000
KSAllen County,0.0000000000000000,0.0000000000000000,0.0000000000000000,0.0000000000000000
KSAnderson County,0.0000000000000000,0.0000000000000000,0.0000000000000000,0.0000000000000000
KSAtchison County,0.0000000000000000,0.0000000000000000,0.0000000000000000,0.0000000000000000
KSBarber County,0.0000000000000000,0.0000000000000000,0.0000000000000000,0.0000000000000000
KSBarton County,0.0000000000000000,0.0000000000000000,0.0000000000000000,0.0000000000000000
KSBourbon County,0.0000000000000000,0.0000000000000000,0.0000000000000000,0.0000000000000000
KSBrown County,0.0000000000000000,0.0000000000000000,0.0000000000000000,0.0000000000000000
KSButler County,0.0000000000000000,0.0000000000000000,0.0000000000000000,0.0000000000000000
KSChase County,0.0000000000000000,0.0000000000000000,0.0000000000000000,0.0000000000000000
KSChautauqua County,0.0000000000000000,0.0000000000000000,0.0000000000000000,0.0000000000000000
KSCherokee County,0.0000000000000000,0.0000000000000000,0.0000000000000000,0.0000000000000000
KSCheyenne County,0.0000000000000000,0.0000000000000000,0.0000000000000000,0.0000000000000000
KSClark County,0.0000000000000000,0.0000000000000000,0.0000000000000000,0.0000000000000000
KSClay County,0.0000000000000000,0.0000000000000000,0.0000000000000000,0.0000000000000000
KSCloud County,0.0000000000000000,0.0000000000000000,0.0000000000000000,0.0000000000000000
KSCoffey County,0.0000000000000000,0.0000000000000000,0.0000000000000000,0.0000000000000000
KSComanche County,0.0000000000000000,0.0000000000000000,0.0000000000000000,0.0000000000000000
KSCowley County,0.0000000000000000,0.0000000000000000,0.0000000000000000,0.0000000000000000
KSCrawford County,0.0000000000000000,0.0000000000000000,0.0000000000000000,0.0000000000000000
KSDecatur County,0.0000000000000000,0.0000000000000000,0.0000000000000000,0.0000000000000000
KSDickinson County,0.0000000000000000,0.0000000000000000,0.0000000000000000,0.0000000000000000
KSDoniphan County,0.0000000000000000,0.0000000000000000,0.0000000000000000,0.0000000000000000
KSDouglas County,0.0000000000000000,0.0000000000000000,0.0000000000000000,0.0000000000000000
KSEdwards County,0.0000000000000000,0.0000000000000000,0.0000000000000000,0.0000000000000000
KSElk County,0.0000000000000000,0.0000000000000000,0.0000000000000000,0.0000000000000000
KSEllis County,0.0000000000000000,0.0000000000000000,0.0000000000000000,0.0000000000000000
KSEllsworth County,0.0000000000000000,0.0000000000000000,0.0000000000000000,0.0000000000000000
KSFinney County,0.0000000000000000,0.0000000000000000,0.0000000000000000,0.0000000000000000
KSFord County,0.0000000000000000,0.0000000000000000,0.0000000000000000,0.0000000000000000
KSFranklin County,0.0000000000000000,0.0000000000000000,0.0000000000000000,0.0000000000000000
KSGeary County,0.0000000000000000,0.0000000000000000,0.0000000000000000,0.0000000000000000
KSGove County,0.0000000000000000,0.0000000000000000,0.0000000000000000,0.0000000000000000
KSGraham County,0.0000000000000000,0.0000000000000000,0.0000000000000000,0.0000000000000000
KSGrant County,0.0000000000000000,0.0000000000000000,0.0000000000000000,0.0000000000000000
KSGray County,0.0000000000000000,0.0000000000000000,0.0000000000000000,0.0000000000000000
KSGreeley County,0.0000000000000000,0.0000000000000000,0.0000000000000000,0.0000000000000000
KSGreenwood County,0.0000000000000000,0.0000000000000000,0.0000000000000000,0.0000000000000000
KSHamilton County,0.0000000000000000,0.0000000000000000,0.0000000000000000,0.0000000000000000
KSHarper County,0.0000000000000000,0.0000000000000000,0.0000000000000000,0.0000000000000000
KSHarvey County,0.0000000000000000,0.0000000000000000,0.0000000000000000,0.0000000000000000
KSHaskell County,0.0000000000000000,0.0000000000000000,0.0000000000000000,0.0000000000000000
KSHodgeman County,0.0000000000000000,0.0000000000000000,0.0000000000000000,0.0000000000000000
KSJackson County,0.0000000000000000,0.0000000000000000,0.0000000000000000,0.0000000000000000
KSJefferson County,0.0000000000000000,0.0000000000000000,0.0000000000000000,0.0000000000000000
KSJewell County,0.0000000000000000,0.0000000000000000,0.0000000000000000,0.0000000000000000
KSJohnson County,0.0000000000000000,0.0000000000000000,0.0000000000000000,0.0000000000000000
KSKearny County,0.0000000000000000,0.0000000000000000,0.0000000000000000,0.0000000000000000
KSKingman County,0.0000000000000000,0.0000000000000000,0.0000000000000000,0.0000000000000000
KSKiowa County,0.0000000000000000,0.0000000000000000,0.0000000000000000,0.0000000000000000
KSLabette County,0.0000000000000000,0.0000000000000000,0.0000000000000000,0.0000000000000000
KSLane County,0.0000000000000000,0.0000000000000000,0.0000000000000000,0.0000000000000000
KSLeavenworth County,0.0000000000000000,0.0000000000000000,0.0000000000000000,0.0000000000000000
KSLincoln County,0.0000000000000000,0.0000000000000000,0.0000000000000000,0.0000000000000000
KSLinn County,0.0000000000000000,0.0000000000000000,0.0000000000000000,0.0000000000000000
KSLogan County,0.0000000000000000,0.0000000000000000,0.0000000000000000,0.0000000000000000
KSLyon County,0.0000000000000000,0.0000000000000000,0.0000000000000000,0.0000000000000000
KSMarion County,0.0000000000000000,0.0000000000000000,0.0000000000000000,0.0000000000000000
KSMarshall County,0.0000000000000000,0.0000000000000000,0.0000000000000000,0.0000000000000000
KSMcpherson County,0.0000000000000000,0.0000000000000000,0.0000000000000000,0.0000000000000000
KSMeade County,0.0000000000000000,0.0000000000000000,0.0000000000000000,0.0000000000000000
KSMiami County,0.0000000000000000,0.0000000000000000,0.0000000000000000,0.0000000000000000
KSMitchell County,0.0000000000000000,0.0000000000000000,0.0000000000000000,0.0000000000000000
KSMontgomery County,0.0000000000000000,0.0000000000000000,0.0000000000000000,0.0000000000000000
KSMorris County,0.0000000000000000,0.0000000000000000,0.0000000000000000,0.0000000000000000
KSMorton County,0.0000000000000000,0.0000000000000000,0.0000000000000000,0.0000000000000000
KSNemaha County,0.0000000000000000,0.0000000000000000,0.0000000000000000,0.0000000000000000
KSNeosho County,0.0000000000000000,0.0000000000000000,0.0000000000000000,0.0000000000000000
KSNess County,0.0000000000000000,0.0000000000000000,0.0000000000000000,0.0000000000000000
KSNorton County,0.0000000000000000,0.0000000000000000,0.0000000000000000,0.0000000000000000
KSOsage County,0.0000000000000000,0.0000000000000000,0.0000000000000000,0.0000000000000000
KSOsborne County,0.0000000000000000,0.0000000000000000,0.0000000000000000,0.0000000000000000
KSOttawa County,0.0000000000000000,0.0000000000000000,0.0000000000000000,0.0000000000000000
KSPawnee County,0.0000000000000000,0.0000000000000000,0.0000000000000000,0.0000000000000000
KSPhillips County,0.0000000000000000,0.0000000000000000,0.0000000000000000,0.0000000000000000
KSPottawatomie County,0.0000000000000000,0.0000000000000000,0.0000000000000000,0.0000000000000000
KSPratt County,0.0000000000000000,0.0000000000000000,0.0000000000000000,0.0000000000000000
KSRawlins County,0.0000000000000000,0.0000000000000000,0.0000000000000000,0.0000000000000000
KSReno County,0.0000000000000000,0.0000000000000000,0.0000000000000000,0.0000000000000000
KSRepublic County,0.0000000000000000,0.0000000000000000,0.0000000000000000,0.0000000000000000
KSRice County,0.0000000000000000,0.0000000000000000,0.0000000000000000,0.0000000000000000
KSRiley County,0.0000000000000000,0.0000000000000000,0.0000000000000000,0.0000000000000000
KSRooks County,0.0000000000000000,0.0000000000000000,0.0000000000000000,0.0000000000000000
KSRush County,0.0000000000000000,0.0000000000000000,0.0000000000000000,0.0000000000000000
KSRussell County,0.0000000000000000,0.0000000000000000,0.0000000000000000,0.0000000000000000
KSSaline County,0.0000000000000000,0.0000000000000000,0.0000000000000000,0.0000000000000000
KSScott County,0.0000000000000000,0.0000000000000000,0.0000000000000000,0.0000000000000000
KSSedgwick County,0.0000000000000000,0.0000000000000000,0.0000000000000000,0.0000000000000000
KSSeward County,0.0000000000000000,0.0000000000000000,0.0000000000000000,0.0000000000000000
KSShawnee County,0.0000000000000000,0.0000000000000000,0.0000000000000000,0.0000000000000000
KSSheridan County,0.0000000000000000,0.0000000000000000,0.0000000000000000,0.0000000000000000
KSSherman County,0.0000000000000000,0.0000000000000000,0.0000000000000000,0.0000000000000000
KSSmith County,0.0000000000000000,0.0000000000000000,0.0000000000000000,0.0000000000000000
KSStafford County,0.0000000000000000,0.0000000000000000,0.0000000000000000,0.0000000000000000
KSStanton County,0.0000000000000000,0.0000000000000000,0.0000000000000000,0.0000000000000000
KSStevens County,0.0000000000000000,0.0000000000000000,0.0000000000000000,0.0000000000000000
KSSumner County,0.0000000000000000,0.0000000000000000,0.0000000000000000,0.0000000000000000
KSThomas County,0.0000000000000000,0.0000000000000000,0.0000000000000000,0.0000000000000000
KSTrego County,0.0000000000000000,0.0000000000000000,0.0000000000000000,0.0000000000000000
KSWabaunsee County,0.0000000000000000,0.0000000000000000,0.0000000000000000,0.0000000000000000
KSWallace County,0.0000000000000000,0.0000000000000000,0.0000000000000000,0.0000000000000000
KSWashington County,0.0000000000000000,0.0000000000000000,0.0000000000000000,0.0000000000000000
KSWichita County,0.0000000000000000,0.0000000000000000,0.0000000000000000,0.0000000000000000
KSWilson County,0.0000000000000000,0.0000000000000000,0.0000000000000000,0.0000000000000000
KSWoodson County,0.0000000000000000,0.0000000000000000,0.0000000000000000,0.0000000000000000
KSWyandotte County,0.0000000000000000,0.0000000000000000,0.0000000000000000,0.0000000000000000
KYAdair County,0.0000000000000000,0.0000000000000000,0.0000000000000000,0.0000000000000000
KYAllen County,0.0000000000000000,0.0000000000000000,0.0000000000000000,0.0000000000000000
KYAnderson County,0.0000000000000000,0.0000000000000000,0.0000000000000000,0.0000000000000000
KYBallard County,0.0000000000000000,0.0000000000000000,0.0000000000000000,0.0000000000000000
KYBarren County,0.0000000000000000,0.0000000000000000,0.0000000000000000,0.0000000000000000
KYBath County,0.0000000000000000,0.0000000000000000,0.0000000000000000,0.0000000000000000
KYBell County,0.0000000000000000,0.0000000000000000,0.0000000000000000,0.0000000000000000
KYBoone County,0.0000000000000000,0.0000000000000000,0.0000000000000000,0.0000000000000000
KYBourbon County,0.0000000000000000,0.0000000000000000,0.0000000000000000,0.0000000000000000
KYBoyd County,0.0000000000000000,0.0000000000000000,0.0000000000000000,0.0000000000000000
KYBoyle County,0.0000000000000000,0.0000000000000000,0.0000000000000000,0.0000000000000000
KYBracken County,0.0000000000000000,0.0000000000000000,0.0000000000000000,0.0000000000000000
KYBreathitt County,0.0000000000000000,0.0000000000000000,0.0000000000000000,0.0000000000000000
KYBreckinridge County,0.0000000000000000,0.0000000000000000,0.0000000000000000,0.0000000000000000
KYBullitt County,0.0000000000000000,0.0000000000000000,0.0000000000000000,0.0000000000000000
KYButler County,0.0000000000000000,0.0000000000000000,0.0000000000000000,0.0000000000000000
KYCaldwell County,0.0000000000000000,0.0000000000000000,0.0000000000000000,0.0000000000000000
KYCalloway County,0.0000000000000000,0.0000000000000000,0.0000000000000000,0.0000000000000000
KYCampbell County,0.0000000000000000,0.0000000000000000,0.0000000000000000,0.0000000000000000
KYCarlisle County,0.0000000000000000,0.0000000000000000,0.0000000000000000,0.0000000000000000
KYCarroll County,0.0000000000000000,0.0000000000000000,0.0000000000000000,0.0000000000000000
KYCarter County,0.0000000000000000,0.0000000000000000,0.0000000000000000,0.0000000000000000
KYCasey County,0.0000000000000000,0.0000000000000000,0.0000000000000000,0.0000000000000000
KYChristian County,0.0000000000000000,0.0000000000000000,0.0000000000000000,0.0000000000000000
KYClark County,0.0000000000000000,0.0000000000000000,0.0000000000000000,0.0000000000000000
KYClay County,0.0000000000000000,0.0000000000000000,0.0000000000000000,0.0000000000000000
KYClinton County,0.0000000000000000,0.0000000000000000,0.0000000000000000,0.0000000000000000
KYCrittenden County,0.0000000000000000,0.0000000000000000,0.0000000000000000,0.0000000000000000
KYCumberland County,0.0000000000000000,0.0000000000000000,0.0000000000000000,0.0000000000000000
KYDaviess County,0.0000000000000000,0.0000000000000000,0.0000000000000000,0.0000000000000000
KYEdmonson County,0.0000000000000000,0.0000000000000000,0.0000000000000000,0.0000000000000000
KYElliott County,0.0000000000000000,0.0000000000000000,0.0000000000000000,0.0000000000000000
KYEstill County,0.0000000000000000,0.0000000000000000,0.0000000000000000,0.0000000000000000
KYFayette County,0.0000000000000000,0.0000000000000000,0.0000000000000000,0.0000000000000000
KYFleming County,0.0000000000000000,0.0000000000000000,0.0000000000000000,0.0000000000000000
KYFloyd County,0.0000000000000000,0.0000000000000000,0.0000000000000000,0.0000000000000000
KYFranklin County,0.0000000000000000,0.0000000000000000,0.0000000000000000,0.0000000000000000
KYFulton County,0.0000000000000000,0.0000000000000000,0.0000000000000000,0.0000000000000000
KYGallatin County,0.0000000000000000,0.0000000000000000,0.0000000000000000,0.0000000000000000
KYGarrard County,0.0000000000000000,0.0000000000000000,0.0000000000000000,0.0000000000000000
KYGrant County,0.0000000000000000,0.0000000000000000,0.0000000000000000,0.0000000000000000
KYGraves County,0.0000000000000000,0.0000000000000000,0.0000000000000000,0.0000000000000000
KYGrayson County,0.0000000000000000,0.0000000000000000,0.0000000000000000,0.0000000000000000
KYGreen County,0.0000000000000000,0.0000000000000000,0.0000000000000000,0.0000000000000000
KYGreenup County,0.0000000000000000,0.0000000000000000,0.0000000000000000,0.0000000000000000
KYHancock County,0.0000000000000000,0.0000000000000000,0.0000000000000000,0.0000000000000000
KYHardin County,0.0000000000000000,0.0000000000000000,0.0000000000000000,0.0000000000000000
KYHarlan County,0.0000000000000000,0.0000000000000000,0.0000000000000000,0.0000000000000000
KYHarrison County,0.0000000000000000,0.0000000000000000,0.0000000000000000,0.0000000000000000
KYHart County,0.0000000000000000,0.0000000000000000,0.0000000000000000,0.0000000000000000
KYHenderson County,0.0000000000000000,0.0000000000000000,0.0000000000000000,0.0000000000000000
KYHenry County,0.0000000000000000,0.0000000000000000,0.0000000000000000,0.0000000000000000
KYHickman County,0.0000000000000000,0.0000000000000000,0.0000000000000000,0.0000000000000000
KYHopkins County,0.0000000000000000,0.0000000000000000,0.0000000000000000,0.0000000000000000
KYJackson County,0.0000000000000000,0.0000000000000000,0.0000000000000000,0.0000000000000000
KYJefferson County,0.0000000000000000,0.0000000000000000,0.0000000000000000,0.0000000000000000
KYJessamine County,0.0000000000000000,0.0000000000000000,0.0000000000000000,0.0000000000000000
KYJohnson County,0.0000000000000000,0.0000000000000000,0.0000000000000000,0.0000000000000000
KYKenton County,0.0000000000000000,0.0000000000000000,0.0000000000000000,0.0000000000000000
KYKnott County,0.0000000000000000,0.0000000000000000,0.0000000000000000,0.0000000000000000
KYKnox County,0.0000000000000000,0.0000000000000000,0.0000000000000000,0.0000000000000000
KYLarue County,0.0000000000000000,0.0000000000000000,0.0000000000000000,0.0000000000000000
KYLaurel County,0.0000000000000000,0.0000000000000000,0.0000000000000000,0.0000000000000000
KYLawrence County,0.0000000000000000,0.0000000000000000,0.0000000000000000,0.0000000000000000
KYLee County,0.0000000000000000,0.0000000000000000,0.0000000000000000,0.0000000000000000
KYLeslie County,0.0000000000000000,0.0000000000000000,0.0000000000000000,0.0000000000000000
KYLetcher County,0.0000000000000000,0.0000000000000000,0.0000000000000000,0.0000000000000000
KYLewis County,0.0000000000000000,0.0000000000000000,0.0000000000000000,0.0000000000000000
KYLincoln County,0.0000000000000000,0.0000000000000000,0.0000000000000000,0.0000000000000000
KYLivingston County,0.0000000000000000,0.0000000000000000,0.0000000000000000,0.0000000000000000
KYLogan County,0.0000000000000000,0.0000000000000000,0.0000000000000000,0.0000000000000000
KYLyon County,0.0000000000000000,0.0000000000000000,0.0000000000000000,0.0000000000000000
KYMadison County,0.0000000000000000,0.0000000000000000,0.0000000000000000,0.0000000000000000
KYMagoffin County,0.0000000000000000,0.0000000000000000,0.0000000000000000,0.0000000000000000
KYMarion County,0.0000000000000000,0.0000000000000000,0.0000000000000000,0.0000000000000000
KYMarshall County,0.0000000000000000,0.0000000000000000,0.0000000000000000,0.0000000000000000
KYMartin County,0.0000000000000000,0.0000000000000000,0.0000000000000000,0.0000000000000000
KYMason County,0.0000000000000000,0.0000000000000000,0.0000000000000000,0.0000000000000000
KYMccracken County,0.0000000000000000,0.0000000000000000,0.0000000000000000,0.0000000000000000
KYMccreary County,0.0000000000000000,0.0000000000000000,0.0000000000000000,0.0000000000000000
KYMclean County,0.0000000000000000,0.0000000000000000,0.0000000000000000,0.0000000000000000
KYMeade County,0.0000000000000000,0.0000000000000000,0.0000000000000000,0.0000000000000000
KYMenifee County,0.0000000000000000,0.0000000000000000,0.0000000000000000,0.0000000000000000
KYMercer County,0.0000000000000000,0.0000000000000000,0.0000000000000000,0.0000000000000000
KYMetcalfe County,0.0000000000000000,0.0000000000000000,0.0000000000000000,0.0000000000000000
KYMonroe County,0.0000000000000000,0.0000000000000000,0.0000000000000000,0.0000000000000000
KYMontgomery County,0.0000000000000000,0.0000000000000000,0.0000000000000000,0.0000000000000000
KYMorgan County,0.0000000000000000,0.0000000000000000,0.0000000000000000,0.0000000000000000
KYMuhlenberg County,0.0000000000000000,0.0000000000000000,0.0000000000000000,0.0000000000000000
KYNelson County,0.0000000000000000,0.0000000000000000,0.0000000000000000,0.0000000000000000
KYNicholas County,0.0000000000000000,0.0000000000000000,0.0000000000000000,0.0000000000000000
KYOhio County,0.0000000000000000,0.0000000000000000,0.0000000000000000,0.0000000000000000
KYOldham County,0.0000000000000000,0.0000000000000000,0.0000000000000000,0.0000000000000000
KYOwen County,0.0000000000000000,0.0000000000000000,0.0000000000000000,0.0000000000000000
KYOwsley County,0.0000000000000000,0.0000000000000000,0.0000000000000000,0.0000000000000000
KYPendleton County,0.0000000000000000,0.0000000000000000,0.0000000000000000,0.0000000000000000
KYPerry County,0.0000000000000000,0.0000000000000000,0.0000000000000000,0.0000000000000000
KYPike County,0.0000000000000000,0.0000000000000000,0.0000000000000000,0.0000000000000000
KYPowell County,0.0000000000000000,0.0000000000000000,0.0000000000000000,0.0000000000000000
KYPulaski County,0.0000000000000000,0.0000000000000000,0.0000000000000000,0.0000000000000000
KYRobertson County,0.0000000000000000,0.0000000000000000,0.0000000000000000,0.0000000000000000
KYRockcastle County,0.0000000000000000,0.0000000000000000,0.0000000000000000,0.0000000000000000
KYRowan County,0.0000000000000000,0.0000000000000000,0.0000000000000000,0.0000000000000000
KYRussell County,0.0000000000000000,0.0000000000000000,0.0000000000000000,0.0000000000000000
KYScott County,0.0000000000000000,0.0000000000000000,0.0000000000000000,0.0000000000000000
KYShelby County,0.0000000000000000,0.0000000000000000,0.0000000000000000,0.0000000000000000
KYSimpson County,0.0000000000000000,0.0000000000000000,0.0000000000000000,0.0000000000000000
KYSpencer County,0.0000000000000000,0.0000000000000000,0.0000000000000000,0.0000000000000000
KYTaylor County,0.0000000000000000,0.0000000000000000,0.0000000000000000,0.0000000000000000
KYTodd County,0.0000000000000000,0.0000000000000000,0.0000000000000000,0.0000000000000000
KYTrigg County,0.0000000000000000,0.0000000000000000,0.0000000000000000,0.0000000000000000
KYTrimble County,0.0000000000000000,0.0000000000000000,0.0000000000000000,0.0000000000000000
KYUnion County,0.0000000000000000,0.0000000000000000,0.0000000000000000,0.0000000000000000
KYWarren County,0.0000000000000000,0.0000000000000000,0.0000000000000000,0.0000000000000000
KYWashington County,0.0000000000000000,0.0000000000000000,0.0000000000000000,0.0000000000000000
KYWayne County,0.0000000000000000,0.0000000000000000,0.0000000000000000,0.0000000000000000
KYWebster County,0.0000000000000000,0.0000000000000000,0.0000000000000000,0.0000000000000000
KYWhitley County,0.0000000000000000,0.0000000000000000,0.0000000000000000,0.0000000000000000
KYWolfe County,0.0000000000000000,0.0000000000000000,0.0000000000000000,0.0000000000000000
KYWoodford County,0.0000000000000000,0.0000000000000000,0.0000000000000000,0.0000000000000000
LAAcadia Parish,0.0000000000000000,-0.0438559919020912,0.0438559919020911,-0.0585235459805324
LAAllen Parish,0.0000000000000000,-0.0437014658795798,0.0437014658795802,-0.0580698268368537
LAAscension Parish,0.0000000000000000,-0.0427613749049621,0.0427613749049629,-0.0569373570399596
LAAssumption Parish,0.0000000000000000,-0.0441445314336876,0.0441445314336879,-0.0593487861968720
LAAvoyelles Parish,0.0000000000000000,-0.0435794268728911,0.0435794268728911,-0.0585256573733230
LABeauregard Parish,0.0000000000000000,-0.0434481707848243,0.0434481707848247,-0.0575601241210414
LABienville Parish,0.0000000000000000,-0.0354745533361354,0.0354745533361351,-0.0470588592767055
LABossier Parish,0.0000000000000000,-0.0359276170944586,0.0359276170944591,-0.0481746047985971
LACaddo Parish,0.0000000000000000,-0.0353182036405670,0.0353182036405668,-0.0471253000636886
LACalcasieu Parish,0.0000000000000000,-0.0404769456069388,0.0404769456069389,-0.0540470118308737
LACaldwell Parish,0.0000000000000000,-0.0383841362990238,0.0383841362990240,-0.0507278989027748
LACameron Parish,0.0000000000000000,-0.0149602125950350,0.0149602125950361,-0.0199513305945032
LACatahoula Parish,0.0000000000000000,-0.0411326521905609,0.0411326521905608,-0.0546407893324521
LAClaiborne Parish,0.0000000000000000,-0.0332220361587325,0.0332220361587328,-0.0443554586194185
LAConcordia Parish,0.0000000000000000,-0.0418948151978693,0.0418948151978689,-0.0559894607089275
LADe Soto Parish,0.0000000000000000,-0.0366322872658130,0.0366322872658138,-0.0484196468151711
LAEast Baton Rouge Parish,0.0000000000000000,-0.0447840036236437,0.0447840036236433,-0.0594961834564643
LAEast Carroll Parish,0.0000000000000000,-0.0411679291116184,0.0411679291116183,-0.0551491565238112
LAEast Feliciana Parish,0.0000000000000000,-0.0438536221217881,0.0438536221217880,-0.0581822606057858
LAEvangeline Parish,0.0000000000000000,-0.0439470375907434,0.0439470375907434,-0.0586051780239676
LAFranklin Parish,0.0000000000000000,-0.0411288865554209,0.0411288865554202,-0.0549094292042727
LAGrant Parish,0.0000000000000000,-0.0399402937264797,0.0399402937264788,-0.0527885716365524
LAIberia Parish,0.0000000000000000,-0.0225653697572191,0.0225653697572199,-0.0300928361521959
LAIberville Parish,0.0000000000000000,-0.0446169619238647,0.0446169619238646,-0.0595118357649849
LAJackson Parish,0.0000000000000000,-0.0354438879306949,0.0354438879306944,-0.0475321910875283
LAJefferson Davis Parish,0.0000000000000000,-0.0399081281023618,0.0399081281023621,-0.0532838716449210
LAJefferson Parish,0.0000000000000000,-0.0345498961185606,0.0345498961185604,-0.0460182404058072
LALa Salle Parish,0.0000000000000000,-0.0384953526786148,0.0384953526786151,-0.0507104304188229
LALafayette Parish,0.0000000000000000,-0.0434771459546391,0.0434771459546388,-0.0579634275637707
LALafourche Parish,0.0000000000000000,-0.0318014324638174,0.0318014324638174,-0.0422790015868650
LALincoln Parish,0.0000000000000000,-0.0342796075444199,0.0342796075444194,-0.0455902807670303
LALivingston Parish,0.0000000000000000,-0.0400369983436003,0.0400369983436006,-0.0530041661973831
LAMadison Parish,0.0000000000000000,-0.0406193671355559,0.0406193671355566,-0.0545894132816923
LAMorehouse Parish,0.0000000000000000,-0.0380214118852711,0.0380214118852709,-0.0507652671560292
LANatchitoches Parish,0.0000000000000000,-0.0404032801540432,0.0404032801540433,-0.0535195945861365
LAOrleans Parish,0.0000000000000000,-0.0361228010660730,0.0361228010660726,-0.0483265506445884
LAOuachita Parish,0.0000000000000000,-0.0371850950062469,0.0371850950062471,-0.0496702918262572
LAPlaquemines Parish,0.0000000000000000,-0.0164203220900269,0.0164203220900268,-0.0218141584527670
LAPointe Coupee Parish,0.0000000000000000,-0.0441275461512616,0.0441275461512616,-0.0586642154328680
LARapides Parish,0.0000000000000000,-0.0419269379525414,0.0419269379525420,-0.0558446542908353
LARed River Parish,0.0000000000000000,-0.0383432579345532,0.0383432579345537,-0.0514484606361104
LARichland Parish,0.0000000000000000,-0.0404582703354588,0.0404582703354586,-0.0536536649273895
LASabine Parish,0.0000000000000000,-0.0395437139057225,0.0395437139057231,-0.0523047557898545
LASt. Bernard Parish,0.0000000000000000,-0.0311695156571937,0.0311695156571934,-0.0415826962542988
LASt. Charles Parish,0.0000000000000000,-0.0295280575306320,0.0295280575306320,-0.0394929491313567
LASt. Helena Parish,0.0000000000000000,-0.0440972339562414,0.0440972339562415,-0.0588079991262047
LASt. James Parish,0.0000000000000000,-0.0424529347483554,0.0424529347483555,-0.0568539019705669
LASt. John The Baptist Parish,0.0000000000000000,-0.0402356277743077,0.0402356277743074,-0.0536789512149085
LASt. Landry Parish,0.0000000000000000,-0.0438338859574968,0.0438338859574974,-0.0584206766578204
LASt. Martin Parish,0.0000000000000000,-0.0432701280118267,0.0432701280118266,-0.0576538890923843
LASt. Mary Parish,0.0000000000000000,-0.0297971619009431,0.0297971619009434,-0.0398933757263322
LASt. Tammany Parish,0.0000000000000000,-0.0244866381079850,0.0244866381079851,-0.0327162590452834
LATangipahoa Parish,0.0000000000000000,-0.0441254349405797,0.0441254349405795,-0.0589201500567222
LATensas Parish,0.0000000000000000,-0.0413348576381123,0.0413348576381138,-0.0552453685587521
LATerrebonne Parish,0.0000000000000000,-0.0281249497939977,0.0281249497939977,-0.0374219657781281
LAUnion Parish,0.0000000000000000,-0.0335532223665775,0.0335532223665771,-0.0448111618930536
LAVermilion Parish,0.0000000000000000,-0.0246541684340621,0.0246541684340629,-0.0327418176914466
LAVernon Parish,0.0000000000000000,-0.0413865424853199,0.0413865424853197,-0.0545747330592213
LAWashington Parish,0.0000000000000000,-0.0439261051017257,0.0439261051017261,-0.0588164927124356
LAWebster Parish,0.0000000000000000,-0.0352681094922703,0.0352681094922702,-0.0469233129461222
LAWest Baton Rouge Parish,0.0000000000000000,-0.0446947778403044,0.0446947778403046,-0.0594452593512450
LAWest Carroll Parish,0.0000000000000000,-0.0397163022021464,0.0397163022021469,-0.0531612549611249
LAWest Feliciana Parish,0.0000000000000000,-0.0430599514451107,0.0430599514451111,-0.0574580803608858
LAWinn Parish,0.0000000000000000,-0.0374871291313890,0.0374871291313890,-0.0499318647748177
MABarnstable County,0.0000000000000000,-0.0435618817672386,0.0435618817672385,-0.0585063747907391
MABerkshire County,0.0000000000000000,-0.0355250744753113,0.0355250744753111,-0.0469651109243329
MABristol County,0.0000000000000000,-0.0401043515481393,0.0401043515481390,-0.0532687832813052
MADukes County,0.0000000000000000,-0.0462705833193479,0.0462705833193477,-0.0620554493267907
MAEssex County,0.0000000000000000,-0.0440065742594836,0.0440065742594831,-0.0582760736294375
MAFranklin County,0.0000000000000000,-0.0374346301857902,0.0374346301857897,-0.0490402937210440
MAHampden County,0.0000000000000000,-0.0410720646670382,0.0410720646670373,-0.0536474744394461
MAHampshire County,0.0000000000000000,-0.0387207202725223,0.0387207202725230,-0.0507776755253682
MAMiddlesex County,0.0000000000000000,-0.0419876413815216,0.0419876413815219,-0.0545256694995553
MANantucket County,0.0000000000000000,-0.0445419979741249,0.0445419979741251,-0.0591327197402263
MANorfolk County,0.0000000000000000,-0.0426518479340708,0.0426518479340710,-0.0557982211020294
MAPlymouth County,0.0000000000000000,-0.0378945845504294,0.0378945845504284,-0.0502229553040554
MASuffolk County,0.0000000000000000,-0.0330987761776647,0.0330987761776642,-0.0440238778489516
MAWorcester County,0.0000000000000000,-0.0415522133374918,0.0415522133374910,-0.0537276288679859
MDAllegany County,0.0000000000000000,-0.0234058118468596,0.0234058118468592,-0.0334881976625916
MDAnne Arundel County,0.0000000000000000,-0.0243910990635180,0.0243910990635174,-0.0325271976448451
MDBaltimore City,0.0000000000000000,-0.0286352745007530,0.0286352745007525,-0.0385349351197237
MDBaltimore County,0.0000000000000000,-0.0309105845768568,0.0309105845768578,-0.0416657281476999
MDCalvert County,0.0000000000000000,-0.0242332623937674,0.0242332623937671,-0.0321178974331932
MDCaroline County,0.0000000000000000,-0.0383695239640065,0.0383695239640072,-0.0511772711488281
MDCarroll County,0.0000000000000000,-0.0315850523543155,0.0315850523543153,-0.0427349329766470
MDCecil County,0.0000000000000000,-0.0181817326841793,0.0181817326841789,-0.0243212940942382
MDCharles County,0.0000000000000000,-0.0251091357307094,0.0251091357307087,-0.0336303949995336
MDDorchester County,0.0000000000000000,-0.0182354452837028,0.0182354452837026,-0.0243029433119690
MDFrederick County,0.0000000000000000,-0.0300789605882953,0.0300789605882950,-0.0409729226645588
MDGarrett County,0.0000000000000000,-0.0236367896767790,0.0236367896767793,-0.0336387594915812
MDHarford County,0.0000000000000000,-0.0299683916055943,0.0299683916055948,-0.0400492055470408
MDHoward County,0.0000000000000000,-0.0312630591749918,0.0312630591749923,-0.0423614049408645
MDKent County,0.0000000000000000,-0.0359111362616682,0.0359111362616689,-0.0479287081244171
MDMontgomery County,0.0000000000000000,-0.0292577187702552,0.0292577187702545,-0.0401347656051672
MDPrince George's County,0.0000000000000000,-0.0292289080836420,0.0292289080836419,-0.0397161145252160
MDQueen Anne's County,0.0000000000000000,-0.0292304159262585,0.0292304159262582,-0.0390031299891377
MDSomerset County,0.0000000000000000,-0.0294878383690504,0.0294878383690502,-0.0393883466759432
MDSt. Mary's County,0.0000000000000000,-0.0344064013762865,0.0344064013762864,-0.0457165227912451
MDTalbot County,0.0000000000000000,-0.0272260849962509,0.0272260849962507,-0.0362044764769546
MDWashington County,0.0000000000000000,-0.0286296300137608,0.0286296300137607,-0.0391474759543876
MDWicomico County,0.0000000000000000,-0.0332617665623882,0.0332617665623884,-0.0445058839750075
MDWorcester County,0.0000000000000000,-0.0322593620127064,0.0322593620127063,-0.0430093858319289
MEAndroscoggin County,0.0000000000000000,-0.0369741049449223,0.0369741049449226,-0.0488175157422643
MEAroostook County,0.0000000000000000,-0.0324917349110107,0.0324917349110101,-0.0428535855058538
MECumberland County,0.0000000000000000,-0.0314506622132305,0.0314506622132300,-0.0418635559226739
MEFranklin County,0.0000000000000000,-0.0327456143373022,0.0327456143373019,-0.0433067260631556
MEHancock County,0.0000000000000000,-0.0409086872496105,0.0409086872496109,-0.0542957935533575
MEKennebec County,0.0000000000000000,-0.0373129530321814,0.0373129530321814,-0.0487154379723583
MEKnox County,0.0000000000000000,-0.0424838467844419,0.0424838467844422,-0.0564903087391074
MELincoln County,0.0000000000000000,-0.0408120767016992,0.0408120767017004,-0.0540225061923260
MEOxford County,0.0000000000000000,-0.0336411881374400,0.0336411881374399,-0.0445641139176461
MEPenobscot County,0.0000000000000000,-0.0361866093031119,0.0361866093031116,-0.0470564092767692
MEPiscataquis County,0.0000000000000000,-0.0337863731039086,0.0337863731039085,-0.0441716160425102
MESagadahoc County,0.0000000000000000,-0.0417430826132343,0.0417430826132348,-0.0551287715522987
MESomerset County,0.0000000000000000,-0.0347815007641107,0.0347815007641104,-0.0454315569257780
MEWaldo County,0.0000000000000000,-0.0382271620844911,0.0382271620844910,-0.0500402392174941
MEWashington County,0.0000000000000000,-0.0329055517178243,0.0329055517178234,-0.0432417073146300
MEYork County,0.0000000000000000,-0.0246849973632421,0.0246849973632424,-0.0326319117636679
MIAlcona County,0.0000000000000000,0.0000000000000000,0.0000000000000000,0.0000000000000000
MIAlger County,0.0000000000000000,0.0000000000000000,0.0000000000000000,0.0000000000000000
MIAllegan County,0.0000000000000000,0.0000000000000000,0.0000000000000000,0.0000000000000000
MIAlpena County,0.0000000000000000,0.0000000000000000,0.0000000000000000,0.0000000000000000
MIAntrim County,0.0000000000000000,0.0000000000000000,0.0000000000000000,0.0000000000000000
MIArenac County,0.0000000000000000,0.0000000000000000,0.0000000000000000,0.0000000000000000
MIBaraga County,0.0000000000000000,0.0000000000000000,0.0000000000000000,0.0000000000000000
MIBarry County,0.0000000000000000,0.0000000000000000,0.0000000000000000,0.0000000000000000
MIBay County,0.0000000000000000,0.0000000000000000,0.0000000000000000,0.0000000000000000
MIBenzie County,0.0000000000000000,0.0000000000000000,0.0000000000000000,0.0000000000000000
MIBerrien County,0.0000000000000000,0.0000000000000000,0.0000000000000000,0.0000000000000000
MIBranch County,0.0000000000000000,0.0000000000000000,0.0000000000000000,0.0000000000000000
MICalhoun County,0.0000000000000000,0.0000000000000000,0.0000000000000000,0.0000000000000000
MICass County,0.0000000000000000,0.0000000000000000,0.0000000000000000,0.0000000000000000
MICharlevoix County,0.0000000000000000,0.0000000000000000,0.0000000000000000,0.0000000000000000
MICheboygan County,0.0000000000000000,0.0000000000000000,0.0000000000000000,0.0000000000000000
MIChippewa County,0.0000000000000000,0.0000000000000000,0.0000000000000000,0.0000000000000000
MIClare County,0.0000000000000000,0.0000000000000000,0.0000000000000000,0.0000000000000000
MIClinton County,0.0000000000000000,0.0000000000000000,0.0000000000000000,0.0000000000000000
MICrawford County,0.0000000000000000,0.0000000000000000,0.0000000000000000,0.0000000000000000
MIDelta County,0.0000000000000000,0.0000000000000000,0.0000000000000000,0.0000000000000000
MIDickinson County,0.0000000000000000,0.0000000000000000,0.0000000000000000,0.0000000000000000
MIEaton County,0.0000000000000000,0.0000000000000000,0.0000000000000000,0.0000000000000000
MIEmmet County,0.0000000000000000,0.0000000000000000,0.0000000000000000,0.0000000000000000
MIGenesee County,0.0000000000000000,0.0000000000000000,0.0000000000000000,0.0000000000000000
MIGladwin County,0.0000000000000000,0.0000000000000000,0.0000000000000000,0.0000000000000000
MIGogebic County,0.0000000000000000,0.0000000000000000,0.0000000000000000,0.0000000000000000
MIGrand Traverse County,0.0000000000000000,0.0000000000000000,0.0000000000000000,0.0000000000000000
MIGratiot County,0.0000000000000000,0.0000000000000000,0.0000000000000000,0.0000000000000000
MIHillsdale County,0.0000000000000000,0.0000000000000000,0.0000000000000000,0.0000000000000000
MIHoughton County,0.0000000000000000,0.0000000000000000,0.0000000000000000,0.0000000000000000
MIHuron County,0.0000000000000000,0.0000000000000000,0.0000000000000000,0.0000000000000000
MIIngham County,0.0000000000000000,0.0000000000000000,0.0000000000000000,0.0000000000000000
MIIonia County,0.0000000000000000,0.0000000000000000,0.0000000000000000,0.0000000000000000
MIIosco County,0.0000000000000000,0.0000000000000000,0.0000000000000000,0.0000000000000000
MIIron County,0.0000000000000000,0.0000000000000000,0.0000000000000000,0.0000000000000000
MIIsabella County,0.0000000000000000,0.0000000000000000,0.0000000000000000,0.0000000000000000
MIJackson County,0.0000000000000000,0.0000000000000000,0.0000000000000000,0.0000000000000000
MIKalamazoo County,0.0000000000000000,0.0000000000000000,0.0000000000000000,0.0000000000000000
MIKalkaska County,0.0000000000000000,0.0000000000000000,0.0000000000000000,0.0000000000000000
MIKent County,0.0000000000000000,0.0000000000000000,0.0000000000000000,0.0000000000000000
MIKeweenaw County,0.0000000000000000,0.0000000000000000,0.0000000000000000,0.0000000000000000
MILake County,0.0000000000000000,0.0000000000000000,0.0000000000000000,0.0000000000000000
MILapeer County,0.0000000000000000,0.0000000000000000,0.0000000000000000,0.0000000000000000
MILeelanau County,0.0000000000000000,0.0000000000000000,0.0000000000000000,0.0000000000000000
MILenawee County,0.0000000000000000,0.0000000000000000,0.0000000000000000,0.0000000000000000
MILivingston County,0.0000000000000000,0.0000000000000000,0.0000000000000000,0.0000000000000000
MILuce County,0.0000000000000000,0.0000000000000000,0.0000000000000000,0.0000000000000000
MIMackinac County,0.0000000000000000,0.0000000000000000,0.0000000000000000,0.0000000000000000
MIMacomb County,0.0000000000000000,0.0000000000000000,0.0000000000000000,0.0000000000000000
MIManistee County,0.0000000000000000,0.0000000000000000,0.0000000000000000,0.0000000000000000
MIMarquette County,0.0000000000000000,0.0000000000000000,0.0000000000000000,0.0000000000000000
MIMason County,0.0000000000000000,0.0000000000000000,0.0000000000000000,0.0000000000000000
MIMecosta County,0.0000000000000000,0.0000000000000000,0.0000000000000000,0.0000000000000000
MIMenominee County,0.0000000000000000,0.0000000000000000,0.0000000000000000,0.0000000000000000
MIMidland County,0.0000000000000000,0.0000000000000000,0.0000000000000000,0.0000000000000000
MIMissaukee County,0.0000000000000000,0.0000000000000000,0.0000000000000000,0.0000000000000000
MIMonroe County,0.0000000000000000,0.0000000000000000,0.0000000000000000,0.0000000000000000
MIMontcalm County,0.0000000000000000,0.0000000000000000,0.0000000000000000,0.0000000000000000
MIMontmorency County,0.0000000000000000,0.0000000000000000,0.0000000000000000,0.0000000000000000
MIMuskegon County,0.0000000000000000,0.0000000000000000,0.0000000000000000,0.0000000000000000
MINewaygo County,0.0000000000000000,0.0000000000000000,0.0000000000000000,0.0000000000000000
MIOakland County,0.0000000000000000,0.0000000000000000,0.0000000000000000,0.0000000000000000
MIOceana County,0.0000000000000000,0.0000000000000000,0.0000000000000000,0.0000000000000000
MIOgemaw County,0.0000000000000000,0.0000000000000000,0.0000000000000000,0.0000000000000000
MIOntonagon County,0.0000000000000000,0.0000000000000000,0.0000000000000000,0.0000000000000000
MIOsceola County,0.0000000000000000,0.0000000000000000,0.0000000000000000,0.0000000000000000
MIOscoda County,0.0000000000000000,0.0000000000000000,0.0000000000000000,0.0000000000000000
MIOtsego County,0.0000000000000000,0.0000000000000000,0.0000000000000000,0.0000000000000000
MIOttawa County,0.0000000000000000,0.0000000000000000,0.0000000000000000,0.0000000000000000
MIPresque Isle County,0.0000000000000000,0.0000000000000000,0.0000000000000000,0.0000000000000000
MIRoscommon County,0.0000000000000000,0.0000000000000000,0.0000000000000000,0.0000000000000000
MISaginaw County,0.0000000000000000,0.0000000000000000,0.0000000000000000,0.0000000000000000
MISanilac County,0.0000000000000000,0.0000000000000000,0.0000000000000000,0.0000000000000000
MISchoolcraft County,0.0000000000000000,0.0000000000000000,0.0000000000000000,0.0000000000000000
MIShiawassee County,0.0000000000000000,0.0000000000000000,0.0000000000000000,0.0000000000000000
MISt. Clair County,0.0000000000000000,0.0000000000000000,0.0000000000000000,0.0000000000000000
MISt. Joseph County,0.0000000000000000,0.0000000000000000,0.0000000000000000,0.0000000000000000
MITuscola County,0.0000000000000000,0.0000000000000000,0.0000000000000000,0.0000000000000000
MIVan Buren County,0.0000000000000000,0.0000000000000000,0.0000000000000000,0.0000000000000000
MIWashtenaw County,0.0000000000000000,0.0000000000000000,0.0000000000000000,0.0000000000000000
MIWayne County,0.0000000000000000,0.0000000000000000,0.0000000000000000,0.0000000000000000
MIWexford County,0.0000000000000000,0.0000000000000000,0.0000000000000000,0.0000000000000000
MNAitkin County,0.0000000000000000,0.0000000000000000,0.0000000000000000,0.0000000000000000
MNAnoka County,0.0000000000000000,0.0000000000000000,0.0000000000000000,0.0000000000000000
MNBecker County,0.0000000000000000,0.0000000000000000,0.0000000000000000,0.0000000000000000
MNBeltrami County,0.0000000000000000,0.0000000000000000,0.0000000000000000,0.0000000000000000
MNBenton County,0.0000000000000000,0.0000000000000000,0.0000000000000000,0.0000000000000000
MNBig Stone County,0.0000000000000000,0.0000000000000000,0.0000000000000000,0.0000000000000000
MNBlue Earth County,0.0000000000000000,0.0000000000000000,0.0000000000000000,0.0000000000000000
MNBrown County,0.0000000000000000,0.0000000000000000,0.0000000000000000,0.0000000000000000
MNCarlton County,0.0000000000000000,0.0000000000000000,0.0000000000000000,0.0000000000000000
MNCarver County,0.0000000000000000,0.0000000000000000,0.0000000000000000,0.0000000000000000
MNCass County,0.0000000000000000,0.0000000000000000,0.0000000000000000,0.0000000000000000
MNChippewa County,0.0000000000000000,0.0000000000000000,0.0000000000000000,0.0000000000000000
MNChisago County,0.0000000000000000,0.0000000000000000,0.0000000000000000,0.0000000000000000
MNClay County,0.0000000000000000,0.0000000000000000,0.0000000000000000,0.0000000000000000
MNClearwater County,0.0000000000000000,0.0000000000000000,0.0000000000000000,0.0000000000000000
MNCook County,0.0000000000000000,0.0000000000000000,0.0000000000000000,0.0000000000000000
MNCottonwood County,0.0000000000000000,0.0000000000000000,0.0000000000000000,0.0000000000000000
MNCrow Wing County,0.0000000000000000,0.0000000000000000,0.0000000000000000,0.0000000000000000
MNDakota County,0.0000000000000000,0.0000000000000000,0.0000000000000000,0.0000000000000000
MNDodge County,0.0000000000000000,0.0000000000000000,0.0000000000000000,0.0000000000000000
MNDouglas County,0.0000000000000000,0.0000000000000000,0.0000000000000000,0.0000000000000000
MNFaribault County,0.0000000000000000,0.0000000000000000,0.0000000000000000,0.0000000000000000
MNFillmore County,0.0000000000000000,0.0000000000000000,0.0000000000000000,0.0000000000000000
MNFreeborn County,0.0000000000000000,0.0000000000000000,0.0000000000000000,0.0000000000000000
MNGoodhue County,0.0000000000000000,0.0000000000000000,0.0000000000000000,0.0000000000000000
MNGrant County,0.0000000000000000,0.0000000000000000,0.0000000000000000,0.0000000000000000
MNHennepin County,0.0000000000000000,0.0000000000000000,0.0000000000000000,0.0000000000000000
MNHouston County,0.0000000000000000,0.0000000000000000,0.0000000000000000,0.0000000000000000
MNHubbard County,0.0000000000000000,0.0000000000000000,0.0000000000000000,0.0000000000000000
MNIsanti County,0.0000000000000000,0.0000000000000000,0.0000000000000000,0.0000000000000000
MNItasca County,0.0000000000000000,0.0000000000000000,0.0000000000000000,0.0000000000000000
MNJackson County,0.0000000000000000,0.0000000000000000,0.0000000000000000,0.0000000000000000
MNKanabec County,0.0000000000000000,0.0000000000000000,0.0000000000000000,0.0000000000000000
MNKandiyohi County,0.0000000000000000,0.0000000000000000,0.0000000000000000,0.0000000000000000
MNKittson County,0.0000000000000000,0.0000000000000000,0.0000000000000000,0.0000000000000000
MNKoochiching County,0.0000000000000000,0.0000000000000000,0.0000000000000000,0.0000000000000000
MNLac Qui Parle County,0.0000000000000000,0.0000000000000000,0.0000000000000000,0.0000000000000000
MNLake County,0.0000000000000000,0.0000000000000000,0.0000000000000000,0.0000000000000000
MNLake Of The Woods County,0.0000000000000000,0.0000000000000000,0.0000000000000000,0.0000000000000000
MNLe Sueur County,0.0000000000000000,0.0000000000000000,0.0000000000000000,0.0000000000000000
MNLincoln County,0.0000000000000000,0.0000000000000000,0.0000000000000000,0.0000000000000000
MNLyon County,0.0000000000000000,0.0000000000000000,0.0000000000000000,0.0000000000000000
MNMahnomen County,0.0000000000000000,0.0000000000000000,0.0000000000000000,0.0000000000000000
MNMarshall County,0.0000000000000000,0.0000000000000000,0.0000000000000000,0.0000000000000000
MNMartin County,0.0000000000000000,0.0000000000000000,0.0000000000000000,0.0000000000000000
MNMcleod County,0.0000000000000000,0.0000000000000000,0.0000000000000000,0.0000000000000000
MNMeeker County,0.0000000000000000,0.0000000000000000,0.0000000000000000,0.0000000000000000
MNMille Lacs County,0.0000000000000000,0.0000000000000000,0.0000000000000000,0.0000000000000000
MNMorrison County,0.0000000000000000,0.0000000000000000,0.0000000000000000,0.0000000000000000
MNMower County,0.0000000000000000,0.0000000000000000,0.0000000000000000,0.0000000000000000
MNMurray County,0.0000000000000000,0.0000000000000000,0.0000000000000000,0.0000000000000000
MNNicollet County,0.0000000000000000,0.0000000000000000,0.0000000000000000,0.0000000000000000
MNNobles County,0.0000000000000000,0.0000000000000000,0.0000000000000000,0.0000000000000000
MNNorman County,0.0000000000000000,0.0000000000000000,0.0000000000000000,0.0000000000000000
MNOlmsted County,0.0000000000000000,0.0000000000000000,0.0000000000000000,0.0000000000000000
MNOtter Tail County,0.0000000000000000,0.0000000000000000,0.0000000000000000,0.0000000000000000
MNPennington County,0.0000000000000000,0.0000000000000000,0.0000000000000000,0.0000000000000000
MNPine County,0.0000000000000000,0.0000000000000000,0.0000000000000000,0.0000000000000000
MNPipestone County,0.0000000000000000,0.0000000000000000,0.0000000000000000,0.0000000000000000
MNPolk County,0.0000000000000000,0.0000000000000000,0.0000000000000000,0.0000000000000000
MNPope County,0.0000000000000000,0.0000000000000000,0.0000000000000000,0.0000000000000000
MNRamsey County,0.0000000000000000,0.0000000000000000,0.0000000000000000,0.0000000000000000
MNRed Lake County,0.0000000000000000,0.0000000000000000,0.0000000000000000,0.0000000000000000
MNRedwood County,0.0000000000000000,0.0000000000000000,0.0000000000000000,0.0000000000000000
MNRenville County,0.0000000000000000,0.0000000000000000,0.0000000000000000,0.0000000000000000
MNRice County,0.0000000000000000,0.0000000000000000,0.0000000000000000,0.0000000000000000
MNRock County,0.0000000000000000,0.0000000000000000,0.0000000000000000,0.0000000000000000
MNRoseau County,0.0000000000000000,0.0000000000000000,0.0000000000000000,0.0000000000000000
MNScott County,0.0000000000000000,0.0000000000000000,0.0000000000000000,0.0000000000000000
MNSherburne County,0.0000000000000000,0.0000000000000000,0.0000000000000000,0.0000000000000000
MNSibley County,0.0000000000000000,0.0000000000000000,0.0000000000000000,0.0000000000000000
MNSt. Louis County,0.0000000000000000,0.0000000000000000,0.0000000000000000,0.0000000000000000
MNStearns County,0.0000000000000000,0.0000000000000000,0.0000000000000000,0.0000000000000000
MNSteele County,0.0000000000000000,0.0000000000000000,0.0000000000000000,0.0000000000000000
MNStevens County,0.0000000000000000,0.0000000000000000,0.0000000000000000,0.0000000000000000
MNSwift County,0.0000000000000000,0.0000000000000000,0.0000000000000000,0.0000000000000000
MNTodd County,0.0000000000000000,0.0000000000000000,0.0000000000000000,0.0000000000000000
MNTraverse County,0.0000000000000000,0.0000000000000000,0.0000000000000000,0.0000000000000000
MNWabasha County,0.0000000000000000,0.0000000000000000,0.0000000000000000,0.0000000000000000
MNWadena County,0.0000000000000000,0.0000000000000000,0.0000000000000000,0.0000000000000000
MNWaseca County,0.0000000000000000,0.0000000000000000,0.0000000000000000,0.0000000000000000
MNWashington County,0.0000000000000000,0.0000000000000000,0.0000000000000000,0.0000000000000000
MNWatonwan County,0.0000000000000000,0.0000000000000000,0.0000000000000000,0.0000000000000000
MNWilkin County,0.0000000000000000,0.0000000000000000,0.0000000000000000,0.0000000000000000
MNWinona County,0.0000000000000000,0.0000000000000000,0.0000000000000000,0.0000000000000000
MNWright County,0.0000000000000000,0.0000000000000000,0.0000000000000000,0.0000000000000000
MNYellow Medicine County,0.0000000000000000,0.0000000000000000,0.0000000000000000,0.0000000000000000
MOAdair County,0.0000000000000000,0.0000000000000000,0.0000000000000000,0.0000000000000000
MOAndrew County,0.0000000000000000,0.0000000000000000,0.0000000000000000,0.0000000000000000
MOAtchison County,0.0000000000000000,0.0000000000000000,0.0000000000000000,0.0000000000000000
MOAudrain County,0.0000000000000000,0.0000000000000000,0.0000000000000000,0.0000000000000000
MOBarry County,0.0000000000000000,0.0000000000000000,0.0000000000000000,0.0000000000000000
MOBarton County,0.0000000000000000,0.0000000000000000,0.0000000000000000,0.0000000000000000
MOBates County,0.0000000000000000,0.0000000000000000,0.0000000000000000,0.0000000000000000
MOBenton County,0.0000000000000000,0.0000000000000000,0.0000000000000000,0.0000000000000000
MOBollinger County,0.0000000000000000,0.0000000000000000,0.0000000000000000,0.0000000000000000
MOBoone County,0.0000000000000000,0.0000000000000000,0.0000000000000000,0.0000000000000000
MOBuchanan County,0.0000000000000000,0.0000000000000000,0.0000000000000000,0.0000000000000000
MOButler County,0.0000000000000000,0.0000000000000000,0.0000000000000000,0.0000000000000000
MOCaldwell County,0.0000000000000000,0.0000000000000000,0.0000000000000000,0.0000000000000000
MOCallaway County,0.0000000000000000,0.0000000000000000,0.0000000000000000,0.0000000000000000
MOCamden County,0.0000000000000000,0.0000000000000000,0.0000000000000000,0.0000000000000000
MOCape Girardeau County,0.0000000000000000,0.0000000000000000,0.0000000000000000,0.0000000000000000
MOCarroll County,0.0000000000000000,0.0000000000000000,0.0000000000000000,0.0000000000000000
MOCarter County,0.0000000000000000,0.0000000000000000,0.0000000000000000,0.0000000000000000
MOCass County,0.0000000000000000,0.0000000000000000,0.0000000000000000,0.0000000000000000
MOCedar County,0.0000000000000000,0.0000000000000000,0.0000000000000000,0.0000000000000000
MOChariton County,0.0000000000000000,0.0000000000000000,0.0000000000000000,0.0000000000000000
MOChristian County,0.0000000000000000,0.0000000000000000,0.0000000000000000,0.0000000000000000
MOClark County,0.0000000000000000,0.0000000000000000,0.0000000000000000,0.0000000000000000
MOClay County,0.0000000000000000,0.0000000000000000,0.0000000000000000,0.0000000000000000
MOClinton County,0.0000000000000000,0.0000000000000000,0.0000000000000000,0.0000000000000000
MOCole County,0.0000000000000000,0.0000000000000000,0.0000000000000000,0.0000000000000000
MOCooper County,0.0000000000000000,0.0000000000000000,0.0000000000000000,0.0000000000000000
MOCrawford County,0.0000000000000000,0.0000000000000000,0.0000000000000000,0.0000000000000000
MODade County,0.0000000000000000,0.0000000000000000,0.0000000000000000,0.0000000000000000
MODallas County,0.0000000000000000,0.0000000000000000,0.0000000000000000,0.0000000000000000
MODaviess County,0.0000000000000000,0.0000000000000000,0.0000000000000000,0.0000000000000000
MODekalb County,0.0000000000000000,0.0000000000000000,0.0000000000000000,0.0000000000000000
MODent County,0.0000000000000000,0.0000000000000000,0.0000000000000000,0.0000000000000000
MODouglas County,0.0000000000000000,0.0000000000000000,0.0000000000000000,0.0000000000000000
MODunklin County,0.0000000000000000,0.0000000000000000,0.0000000000000000,0.0000000000000000
MOFranklin County,0.0000000000000000,0.0000000000000000,0.0000000000000000,0.0000000000000000
MOGasconade County,0.0000000000000000,0.0000000000000000,0.0000000000000000,0.0000000000000000
MOGentry County,0.0000000000000000,0.0000000000000000,0.0000000000000000,0.0000000000000000
MOGreene County,0.0000000000000000,0.0000000000000000,0.0000000000000000,0.0000000000000000
MOGrundy County,0.0000000000000000,0.0000000000000000,0.0000000000000000,0.0000000000000000
MOHarrison County,0.0000000000000000,0.0000000000000000,0.0000000000000000,0.0000000000000000
MOHenry County,0.0000000000000000,0.0000000000000000,0.0000000000000000,0.0000000000000000
MOHickory County,0.0000000000000000,0.0000000000000000,0.0000000000000000,0.0000000000000000
MOHolt County,0.0000000000000000,0.0000000000000000,0.0000000000000000,0.0000000000000000
MOHoward County,0.0000000000000000,0.0000000000000000,0.0000000000000000,0.0000000000000000
MOHowell County,0.0000000000000000,0.0000000000000000,0.0000000000000000,0.0000000000000000
MOIron County,0.0000000000000000,0.0000000000000000,0.0000000000000000,0.0000000000000000
MOJackson County,0.0000000000000000,0.0000000000000000,0.0000000000000000,0.0000000000000000
MOJasper County,0.0000000000000000,0.0000000000000000,0.0000000000000000,0.0000000000000000
MOJefferson County,0.0000000000000000,0.0000000000000000,0.0000000000000000,0.0000000000000000
MOJohnson County,0.0000000000000000,0.0000000000000000,0.0000000000000000,0.0000000000000000
MOKnox County,0.0000000000000000,0.0000000000000000,0.0000000000000000,0.0000000000000000
MOLaclede County,0.0000000000000000,0.0000000000000000,0.0000000000000000,0.0000000000000000
MOLafayette County,0.0000000000000000,0.0000000000000000,0.0000000000000000,0.0000000000000000
MOLawrence County,0.0000000000000000,0.0000000000000000,0.0000000000000000,0.0000000000000000
MOLewis County,0.0000000000000000,0.0000000000000000,0.0000000000000000,0.0000000000000000
MOLincoln County,0.0000000000000000,0.0000000000000000,0.0000000000000000,0.0000000000000000
MOLinn County,0.0000000000000000,0.0000000000000000,0.0000000000000000,0.0000000000000000
MOLivingston County,0.0000000000000000,0.0000000000000000,0.0000000000000000,0.0000000000000000
MOMacon County,0.0000000000000000,0.0000000000000000,0.0000000000000000,0.0000000000000000
MOMadison County,0.0000000000000000,0.0000000000000000,0.0000000000000000,0.0000000000000000
MOMaries County,0.0000000000000000,0.0000000000000000,0.0000000000000000,0.0000000000000000
MOMarion County,0.0000000000000000,0.0000000000000000,0.0000000000000000,0.0000000000000000
MOMcdonald County,0.0000000000000000,0.0000000000000000,0.0000000000000000,0.0000000000000000
MOMercer County,0.0000000000000000,0.0000000000000000,0.0000000000000000,0.0000000000000000
MOMiller County,0.0000000000000000,0.0000000000000000,0.0000000000000000,0.0000000000000000
MOMississippi County,0.0000000000000000,0.0000000000000000,0.0000000000000000,0.0000000000000000
MOMoniteau County,0.0000000000000000,0.0000000000000000,0.0000000000000000,0.0000000000000000
MOMonroe County,0.0000000000000000,0.0000000000000000,0.0000000000000000,0.0000000000000000
MOMontgomery County,0.0000000000000000,0.0000000000000000,0.0000000000000000,0.0000000000000000
MOMorgan County,0.0000000000000000,0.0000000000000000,0.0000000000000000,0.0000000000000000
MONew Madrid County,0.0000000000000000,0.0000000000000000,0.0000000000000000,0.0000000000000000
MONewton County,0.0000000000000000,0.0000000000000000,0.0000000000000000,0.0000000000000000
MONodaway County,0.0000000000000000,0.0000000000000000,0.0000000000000000,0.0000000000000000
MOOregon County,0.0000000000000000,0.0000000000000000,0.0000000000000000,0.0000000000000000
MOOsage County,0.0000000000000000,0.0000000000000000,0.0000000000000000,0.0000000000000000
MOOzark County,0.0000000000000000,0.0000000000000000,0.0000000000000000,0.0000000000000000
MOPemiscot County,0.0000000000000000,0.0000000000000000,0.0000000000000000,0.0000000000000000
MOPerry County,0.0000000000000000,0.0000000000000000,0.0000000000000000,0.0000000000000000
MOPettis County,0.0000000000000000,0.0000000000000000,0.0000000000000000,0.0000000000000000
MOPhelps County,0.0000000000000000,0.0000000000000000,0.0000000000000000,0.0000000000000000
MOPike County,0.0000000000000000,0.0000000000000000,0.0000000000000000,0.0000000000000000
MOPlatte County,0.0000000000000000,0.0000000000000000,0.0000000000000000,0.0000000000000000
MOPolk County,0.0000000000000000,0.0000000000000000,0.0000000000000000,0.0000000000000000
MOPulaski County,0.0000000000000000,0.0000000000000000,0.0000000000000000,0.0000000000000000
MOPutnam County,0.0000000000000000,0.0000000000000000,0.0000000000000000,0.0000000000000000
MORalls County,0.0000000000000000,0.0000000000000000,0.0000000000000000,0.0000000000000000
MORandolph County,0.0000000000000000,0.0000000000000000,0.0000000000000000,0.0000000000000000
MORay County,0.0000000000000000,0.0000000000000000,0.0000000000000000,0.0000000000000000
MOReynolds County,0.0000000000000000,0.0000000000000000,0.0000000000000000,0.0000000000000000
MORipley County,0.0000000000000000,0.0000000000000000,0.0000000000000000,0.0000000000000000
MOSaline County,0.0000000000000000,0.0000000000000000,0.0000000000000000,0.0000000000000000
MOSchuyler County,0.0000000000000000,0.0000000000000000,0.0000000000000000,0.0000000000000000
MOScotland County,0.0000000000000000,0.0000000000000000,0.0000000000000000,0.0000000000000000
MOScott County,0.0000000000000000,0.0000000000000000,0.0000000000000000,0.0000000000000000
MOShannon County,0.0000000000000000,0.0000000000000000,0.0000000000000000,0.0000000000000000
MOShelby County,0.0000000000000000,0.0000000000000000,0.0000000000000000,0.0000000000000000
MOSt. Charles County,0.0000000000000000,0.0000000000000000,0.0000000000000000,0.0000000000000000
MOSt. Clair County,0.0000000000000000,0.0000000000000000,0.0000000000000000,0.0000000000000000
MOSt. Francois County,0.0000000000000000,0.0000000000000000,0.0000000000000000,0.0000000000000000
MOSt. Louis City,0.0000000000000000,0.0000000000000000,0.0000000000000000,0.0000000000000000
MOSt. Louis County,0.0000000000000000,0.0000000000000000,0.0000000000000000,0.0000000000000000
MOSte. Genevieve County,0.0000000000000000,0.0000000000000000,0.0000000000000000,0.0000000000000000
MOStoddard County,0.0000000000000000,0.0000000000000000,0.0000000000000000,0.0000000000000000
MOStone County,0.0000000000000000,0.0000000000000000,0.0000000000000000,0.0000000000000000
MOSullivan County,0.0000000000000000,0.0000000000000000,0.0000000000000000,0.0000000000000000
MOTaney County,0.0000000000000000,0.0000000000000000,0.0000000000000000,0.0000000000000000
MOTexas County,0.0000000000000000,0.0000000000000000,0.0000000000000000,0.0000000000000000
MOVernon County,0.0000000000000000,0.0000000000000000,0.0000000000000000,0.0000000000000000
MOWarren County,0.0000000000000000,0.0000000000000000,0.0000000000000000,0.0000000000000000
MOWashington County,0.0000000000000000,0.0000000000000000,0.0000000000000000,0.0000000000000000
MOWayne County,0.0000000000000000,0.0000000000000000,0.0000000000000000,0.0000000000000000
MOWebster County,0.0000000000000000,0.0000000000000000,0.0000000000000000,0.0000000000000000
MOWorth County,0.0000000000000000,0.0000000000000000,0.0000000000000000,0.0000000000000000
MOWright County,0.0000000000000000,0.0000000000000000,0.0000000000000000,0.0000000000000000
MSAdams County,0.0000000000000000,-0.0410022205382129,0.0410022205382132,-0.0546826607337105
MSAlcorn County,0.0000000000000000,-0.0299416364735405,0.0299416364735412,-0.0409391207223254
MSAmite County,0.0000000000000000,-0.0422395953589381,0.0422395953589385,-0.0562142863769097
MSAttala County,0.0000000000000000,-0.0351010309676466,0.0351010309676467,-0.0472014981884139
MSBenton County,0.0000000000000000,-0.0317569972983853,0.0317569972983849,-0.0430302099754308
MSBolivar County,0.0000000000000000,-0.0355928727431287,0.0355928727431289,-0.0478834782651812
MSCalhoun County,0.0000000000000000,-0.0338997770264113,0.0338997770264120,-0.0457057172707184
MSCarroll County,0.0000000000000000,-0.0335355655254025,0.0335355655254017,-0.0451692769565194
MSChickasaw County,0.0000000000000000,-0.0345189755904025,0.0345189755904014,-0.0463836714525255
MSChoctaw County,0.0000000000000000,-0.0327366936468054,0.0327366936468056,-0.0444313558796180
MSClaiborne County,0.0000000000000000,-0.0391704755028679,0.0391704755028675,-0.0517803096776259
MSClarke County,0.0000000000000000,-0.0389784539804608,0.0389784539804610,-0.0513052851916554
MSClay County,0.0000000000000000,-0.0348859617315178,0.0348859617315174,-0.0466096212485192
MSCoahoma County,0.0000000000000000,-0.0341168038739139,0.0341168038739130,-0.0455284061976198
MSCopiah County,0.0000000000000000,-0.0412827362552790,0.0412827362552792,-0.0545917145583189
MSCovington County,0.0000000000000000,-0.0417813344360828,0.0417813344360840,-0.0556339715162952
MSDesoto County,0.0000000000000000,-0.0331722342420951,0.0331722342420953,-0.0442058802335971
MSForrest County,0.0000000000000000,-0.0430222355606801,0.0430222355606802,-0.0571442286842645
MSFranklin County,0.0000000000000000,-0.0406487038389046,0.0406487038389045,-0.0537725343546461
MSGeorge County,0.0000000000000000,-0.0449029604013395,0.0449029604013382,-0.0602164394674209
MSGreene County,0.0000000000000000,-0.0436835886882407,0.0436835886882412,-0.0580633894228608
MSGrenada County,0.0000000000000000,-0.0327877333851239,0.0327877333851236,-0.0441701934229897
MSHancock County,0.0000000000000000,-0.0186336170897172,0.0186336170897170,-0.0248246578902330
MSHarrison County,0.0000000000000000,-0.0279493291630540,0.0279493291630539,-0.0372242804797128
MSHinds County,0.0000000000000000,-0.0392514782890002,0.0392514782890010,-0.0527661896502999
MSHolmes County,0.0000000000000000,-0.0373434454659070,0.0373434454659067,-0.0497718644585662
MSHumphreys County,0.0000000000000000,-0.0398652384876036,0.0398652384876046,-0.0524902375231462
MSIssaquena County,0.0000000000000000,-0.0402359844952703,0.0402359844952713,-0.0532001075579588
MSItawamba County,0.0000000000000000,-0.0309304264258946,0.0309304264258949,-0.0422559452772213
MSJackson County,0.0000000000000000,-0.0267619998657609,0.0267619998657607,-0.0355632857990413
MSJasper County,0.0000000000000000,-0.0393894610142549,0.0393894610142549,-0.0522173960827099
MSJefferson County,0.0000000000000000,-0.0397115059224602,0.0397115059224593,-0.0522083548018983
MSJefferson Davis County,0.0000000000000000,-0.0421736068142003,0.0421736068142009,-0.0561097817926365
MSJones County,0.0000000000000000,-0.0415227009670465,0.0415227009670462,-0.0548923356853042
MSKemper County,0.0000000000000000,-0.0361094185036941,0.0361094185036939,-0.0478879259396837
MSLafayette County,0.0000000000000000,-0.0320186023173792,0.0320186023173794,-0.0432669294919004
MSLamar County,0.0000000000000000,-0.0435330237149177,0.0435330237149172,-0.0577616979396164
MSLauderdale County,0.0000000000000000,-0.0375771855912954,0.0375771855912956,-0.0494108970676240
MSLawrence County,0.0000000000000000,-0.0417173352824364,0.0417173352824360,-0.0552844976048488
MSLeake County,0.0000000000000000,-0.0369696882627022,0.0369696882627026,-0.0495605124959424
MSLee County,0.0000000000000000,-0.0344622796491608,0.0344622796491612,-0.0461584976484868
MSLeflore County,0.0000000000000000,-0.0364961979998061,0.0364961979998060,-0.0487743941658223
MSLincoln County,0.0000000000000000,-0.0416484826573875,0.0416484826573873,-0.0551075219468500
MSLowndes County,0.0000000000000000,-0.0342896591203357,0.0342896591203352,-0.0458948286107886
MSMadison County,0.0000000000000000,-0.0397982156372271,0.0397982156372265,-0.0534565863863650
MSMarion County,0.0000000000000000,-0.0433995153953389,0.0433995153953393,-0.0578364013737226
MSMarshall County,0.0000000000000000,-0.0324011182496797,0.0324011182496797,-0.0436524707497971
MSMonroe County,0.0000000000000000,-0.0321859603233061,0.0321859603233061,-0.0438063766129336
MSMontgomery County,0.0000000000000000,-0.0339537062537985,0.0339537062537989,-0.0456843923140945
MSNeshoba County,0.0000000000000000,-0.0364568215231689,0.0364568215231698,-0.0488964255912417
MSNewton County,0.0000000000000000,-0.0373043992347805,0.0373043992347806,-0.0498189334023069
MSNoxubee County,0.0000000000000000,-0.0361419771648865,0.0361419771648859,-0.0478487812944356
MSOktibbeha County,0.0000000000000000,-0.0337638412867405,0.0337638412867405,-0.0457877324075576
MSPanola County,0.0000000000000000,-0.0339422930562799,0.0339422930562800,-0.0455805840017878
MSPearl River County,0.0000000000000000,-0.0440960532680070,0.0440960532680070,-0.0588703760689129
MSPerry County,0.0000000000000000,-0.0429491878381317,0.0429491878381316,-0.0570506158096694
MSPike County,0.0000000000000000,-0.0431723659152655,0.0431723659152663,-0.0577484863693953
MSPontotoc County,0.0000000000000000,-0.0343085350399049,0.0343085350399051,-0.0461417633528215
MSPrentiss County,0.0000000000000000,-0.0319938868361750,0.0319938868361749,-0.0432726254008141
MSQuitman County,0.0000000000000000,-0.0351930769702393,0.0351930769702387,-0.0470495430902717
MSRankin County,0.0000000000000000,-0.0394283717819979,0.0394283717819983,-0.0531068595087254
MSScott County,0.0000000000000000,-0.0384779754060782,0.0384779754060787,-0.0518863958997713
MSSharkey County,0.0000000000000000,-0.0392257623471227,0.0392257623471226,-0.0518353115448468
MSSimpson County,0.0000000000000000,-0.0405312855698282,0.0405312855698281,-0.0541581742970551
MSSmith County,0.0000000000000000,-0.0401154030420118,0.0401154030420128,-0.0536425608575085
MSStone County,0.0000000000000000,-0.0444706672810001,0.0444706672810007,-0.0590844939572861
MSSunflower County,0.0000000000000000,-0.0375571386541864,0.0375571386541866,-0.0501893774666828
MSTallahatchie County,0.0000000000000000,-0.0352377028612494,0.0352377028612494,-0.0474679165175871
MSTate County,0.0000000000000000,-0.0344755446781962,0.0344755446781961,-0.0459286891269066
MSTippah County,0.0000000000000000,-0.0336522540844465,0.0336522540844462,-0.0450030527035219
MSTishomingo County,0.0000000000000000,-0.0298932215750434,0.0298932215750431,-0.0409902085004142
MSTunica County,0.0000000000000000,-0.0358045352281962,0.0358045352281966,-0.0473170488633495
MSUnion County,0.0000000000000000,-0.0346073825760729,0.0346073825760724,-0.0464066369675392
MSWalthall County,0.0000000000000000,-0.0433238643564589,0.0433238643564600,-0.0577110260819962
MSWarren County,0.0000000000000000,-0.0391452766948958,0.0391452766948963,-0.0517110132652563
MSWashington County,0.0000000000000000,-0.0374326756728673,0.0374326756728682,-0.0499759113624969
MSWayne County,0.0000000000000000,-0.0415101703481900,0.0415101703481895,-0.0550474169768368
MSWebster County,0.0000000000000000,-0.0333018539992191,0.0333018539992185,-0.0449856245179915
MSWilkinson County,0.0000000000000000,-0.0420070908607939,0.0420070908607935,-0.0558326134662603
MSWinston County,0.0000000000000000,-0.0345863144687215,0.0345863144687217,-0.0467990453855633
MSYalobusha County,0.0000000000000000,-0.0326147342639690,0.0326147342639691,-0.0441007540807280
MSYazoo County,0.0000000000000000,-0.0389296797351626,0.0389296797351621,-0.0520018032230638
MTBeaverhead County,0.0000000000000000,0.0000000000000000,0.0000000000000000,0.0000000000000000
MTBig Horn County,0.0000000000000000,0.0000000000000000,0.0000000000000000,0.0000000000000000
MTBlaine County,0.0000000000000000,0.0000000000000000,0.0000000000000000,0.0000000000000000
MTBroadwater County,0.0000000000000000,0.0000000000000000,0.0000000000000000,0.0000000000000000
MTCarbon County,0.0000000000000000,0.0000000000000000,0.0000000000000000,0.0000000000000000
MTCarter County,0.0000000000000000,0.0000000000000000,0.0000000000000000,0.0000000000000000
MTCascade County,0.0000000000000000,0.0000000000000000,0.0000000000000000,0.0000000000000000
MTChouteau County,0.0000000000000000,0.0000000000000000,0.0000000000000000,0.0000000000000000
MTCuster County,0.0000000000000000,0.0000000000000000,0.0000000000000000,0.0000000000000000
MTDaniels County,0.0000000000000000,0.0000000000000000,0.0000000000000000,0.0000000000000000
MTDawson County,0.0000000000000000,0.0000000000000000,0.0000000000000000,0.0000000000000000
MTDeer Lodge County,0.0000000000000000,0.0000000000000000,0.0000000000000000,0.0000000000000000
MTFallon County,0.0000000000000000,0.0000000000000000,0.0000000000000000,0.0000000000000000
MTFergus County,0.0000000000000000,0.0000000000000000,0.0000000000000000,0.0000000000000000
MTFlathead County,0.0000000000000000,0.0000000000000000,0.0000000000000000,0.0000000000000000
MTGallatin County,0.0000000000000000,0.0000000000000000,0.0000000000000000,0.0000000000000000
MTGarfield County,0.0000000000000000,0.0000000000000000,0.0000000000000000,0.0000000000000000
MTGlacier County,0.0000000000000000,0.0000000000000000,0.0000000000000000,0.0000000000000000
MTGolden Valley County,0.0000000000000000,0.0000000000000000,0.0000000000000000,0.0000000000000000
MTGranite County,0.0000000000000000,0.0000000000000000,0.0000000000000000,0.0000000000000000
MTHill County,0.0000000000000000,0.0000000000000000,0.0000000000000000,0.0000000000000000
MTJefferson County,0.0000000000000000,0.0000000000000000,0.0000000000000000,0.0000000000000000
MTJudith Basin County,0.0000000000000000,0.0000000000000000,0.0000000000000000,0.0000000000000000
MTLake County,0.0000000000000000,0.0000000000000000,0.0000000000000000,0.0000000000000000
MTLewis And Clark County,0.0000000000000000,0.0000000000000000,0.0000000000000000,0.0000000000000000
MTLiberty County,0.0000000000000000,0.0000000000000000,0.0000000000000000,0.0000000000000000
MTLincoln County,0.0000000000000000,0.0000000000000000,0.0000000000000000,0.0000000000000000
MTMadison County,0.0000000000000000,0.0000000000000000,0.0000000000000000,0.0000000000000000
MTMccone County,0.0000000000000000,0.0000000000000000,0.0000000000000000,0.0000000000000000
MTMeagher County,0.0000000000000000,0.0000000000000000,0.0000000000000000,0.0000000000000000
MTMineral County,0.0000000000000000,0.0000000000000000,0.0000000000000000,0.0000000000000000
MTMissoula County,0.0000000000000000,0.0000000000000000,0.0000000000000000,0.0000000000000000
MTMusselshell County,0.0000000000000000,0.0000000000000000,0.0000000000000000,0.0000000000000000
MTPark County,0.0000000000000000,0.0000000000000000,0.0000000000000000,0.0000000000000000
MTPetroleum County,0.0000000000000000,0.0000000000000000,0.0000000000000000,0.0000000000000000
MTPhillips County,0.0000000000000000,0.0000000000000000,0.0000000000000000,0.0000000000000000
MTPondera County,0.0000000000000000,0.0000000000000000,0.0000000000000000,0.0000000000000000
MTPowder River County,0.0000000000000000,0.0000000000000000,0.0000000000000000,0.0000000000000000
MTPowell County,0.0000000000000000,0.0000000000000000,0.0000000000000000,0.0000000000000000
MTPrairie County,0.0000000000000000,0.0000000000000000,0.0000000000000000,0.0000000000000000
MTRavalli County,0.0000000000000000,0.0000000000000000,0.0000000000000000,0.0000000000000000
MTRichland County,0.0000000000000000,0.0000000000000000,0.0000000000000000,0.0000000000000000
MTRoosevelt County,0.0000000000000000,0.0000000000000000,0.0000000000000000,0.0000000000000000
MTRosebud County,0.0000000000000000,0.0000000000000000,0.0000000000000000,0.0000000000000000
MTSanders County,0.0000000000000000,0.0000000000000000,0.0000000000000000,0.0000000000000000
MTSheridan County,0.0000000000000000,0.0000000000000000,0.0000000000000000,0.0000000000000000
MTSilver Bow County,0.0000000000000000,0.0000000000000000,0.0000000000000000,0.0000000000000000
MTStillwater County,0.0000000000000000,0.0000000000000000,0.0000000000000000,0.0000000000000000
MTSweet Grass County,0.0000000000000000,0.0000000000000000,0.0000000000000000,0.0000000000000000
MTTeton County,0.0000000000000000,0.0000000000000000,0.0000000000000000,0.0000000000000000
MTToole County,0.0000000000000000,0.0000000000000000,0.0000000000000000,0.0000000000000000
MTTreasure County,0.0000000000000000,0.0000000000000000,0.0000000000000000,0.0000000000000000
MTValley County,0.0000000000000000,0.0000000000000000,0.0000000000000000,0.0000000000000000
MTWheatland County,0.0000000000000000,0.0000000000000000,0.0000000000000000,0.0000000000000000
MTWibaux County,0.0000000000000000,0.0000000000000000,0.0000000000000000,0.0000000000000000
MTYellowstone County,0.0000000000000000,0.0000000000000000,0.0000000000000000,0.0000000000000000
NCAlamance County,0.0000000000000000,-0.0339862903808476,0.0339862903808472,-0.0453631936745167
NCAlexander County,0.0000000000000000,-0.0303859010365071,0.0303859010365068,-0.0412365281512842
NCAlleghany County,0.0000000000000000,-0.0291871429452750,0.0291871429452748,-0.0396692339637885
NCAnson County,0.0000000000000000,-0.0355696926385743,0.0355696926385745,-0.0476277507509272
NCAshe County,0.0000000000000000,-0.0271206709851716,0.0271206709851721,-0.0375978300653763
NCAvery County,0.0000000000000000,-0.0255564889450021,0.0255564889450017,-0.0359796324182593
NCBeaufort County,0.0000000000000000,-0.0258731722682969,0.0258731722682966,-0.0341490514732196
NCBertie County,0.0000000000000000,-0.0372859215693238,0.0372859215693238,-0.0492061818346701
NCBladen County,0.0000000000000000,-0.0424510691708638,0.0424510691708637,-0.0562030111205239
NCBrunswick County,0.0000000000000000,-0.0335821192816281,0.0335821192816275,-0.0443608093313840
NCBuncombe County,0.0000000000000000,-0.0275122331799069,0.0275122331799065,-0.0382296179021001
NCBurke County,0.0000000000000000,-0.0274013764831482,0.0274013764831484,-0.0379368485256897
NCCabarrus County,0.0000000000000000,-0.0326342821184439,0.0326342821184440,-0.0445330894932964
NCCaldwell County,0.0000000000000000,-0.0274112951879139,0.0274112951879135,-0.0378690271722580
NCCamden County,0.0000000000000000,-0.0320887511075132,0.0320887511075136,-0.0422557573827306
NCCarteret County,0.0000000000000000,-0.0296434933433933,0.0296434933433933,-0.0395540315509685
NCCaswell County,0.0000000000000000,-0.0334033040255161,0.0334033040255157,-0.0443188743817793
NCCatawba County,0.0000000000000000,-0.0315814337801797,0.0315814337801790,-0.0427791202291838
NCChatham County,0.0000000000000000,-0.0343629114129849,0.0343629114129846,-0.0459280847969907
NCCherokee County,0.0000000000000000,-0.0262669694695484,0.0262669694695488,-0.0367215320446783
NCChowan County,0.0000000000000000,-0.0374012107717907,0.0374012107717907,-0.0494959139099909
NCClay County,0.0000000000000000,-0.0271864991816938,0.0271864991816946,-0.0374497982942118
NCCleveland County,0.0000000000000000,-0.0295426557624159,0.0295426557624154,-0.0403267111623745
NCColumbus County,0.0000000000000000,-0.0440762190309277,0.0440762190309278,-0.0585902703314058
NCCraven County,0.0000000000000000,-0.0277420389666766,0.0277420389666769,-0.0366951894030298
NCCumberland County,0.0000000000000000,-0.0392871068906449,0.0392871068906449,-0.0519967195383472
NCCurrituck County,0.0000000000000000,-0.0330063495657400,0.0330063495657398,-0.0440212455268468
NCDare County,0.0000000000000000,-0.0346836924675021,0.0346836924675022,-0.0462352701594033
NCDavidson County,0.0000000000000000,-0.0337731112667269,0.0337731112667274,-0.0458205139039767
NCDavie County,0.0000000000000000,-0.0326030333693189,0.0326030333693190,-0.0442091492684152
NCDuplin County,0.0000000000000000,-0.0425929043245500,0.0425929043245505,-0.0562278178295802
NCDurham County,0.0000000000000000,-0.0337249215180873,0.0337249215180870,-0.0450278571577664
NCEdgecombe County,0.0000000000000000,-0.0394726831441895,0.0394726831441896,-0.0520727160590552
NCForsyth County,0.0000000000000000,-0.0321619330466690,0.0321619330466689,-0.0438413952908433
NCFranklin County,0.0000000000000000,-0.0359732704432546,0.0359732704432540,-0.0479106798820432
NCGaston County,0.0000000000000000,-0.0301513964063070,0.0301513964063074,-0.0410602527854409
NCGates County,0.0000000000000000,-0.0279877913188344,0.0279877913188344,-0.0370833797029139
NCGraham County,0.0000000000000000,-0.0253731344519685,0.0253731344519681,-0.0358996855395256
NCGranville County,0.0000000000000000,-0.0342294990436777,0.0342294990436776,-0.0455498908660321
NCGreene County,0.0000000000000000,-0.0414507127357135,0.0414507127357133,-0.0546385463921553
NCGuilford County,0.0000000000000000,-0.0334766726643563,0.0334766726643554,-0.0452190092606579
NCHalifax County,0.0000000000000000,-0.0376331007210859,0.0376331007210855,-0.0497888192888511
NCHarnett County,0.0000000000000000,-0.0388677311237506,0.0388677311237504,-0.0514291925472841
NCHaywood County,0.0000000000000000,-0.0264689013644215,0.0264689013644210,-0.0369283278007075
NCHenderson County,0.0000000000000000,-0.0273759994596751,0.0273759994596747,-0.0381516351861668
NCHertford County,0.0000000000000000,-0.0377412250017248,0.0377412250017246,-0.0498573777131702
NCHoke County,0.0000000000000000,-0.0387207491702762,0.0387207491702763,-0.0512337884060537
NCHyde County,0.0000000000000000,-0.0283345755061951,0.0283345755061950,-0.0378044316168757
NCIredell County,0.0000000000000000,-0.0318706502668977,0.0318706502668979,-0.0434276052215382
NCJackson County,0.0000000000000000,-0.0259743841399559,0.0259743841399558,-0.0364679049965968
NCJohnston County,0.0000000000000000,-0.0392980484842833,0.0392980484842838,-0.0522343280407541
NCJones County,0.0000000000000000,-0.0427269292207645,0.0427269292207650,-0.0565716644233141
NCLee County,0.0000000000000000,-0.0362868859163610,0.0362868859163614,-0.0482485160233876
NCLenoir County,0.0000000000000000,-0.0420099471914767,0.0420099471914765,-0.0554965726655122
NCLincoln County,0.0000000000000000,-0.0313955180084400,0.0313955180084402,-0.0424572578914479
NCMacon County,0.0000000000000000,-0.0267299677263851,0.0267299677263850,-0.0371372459762085
NCMadison County,0.0000000000000000,-0.0272022674832605,0.0272022674832610,-0.0378181996213570
NCMartin County,0.0000000000000000,-0.0343640973872859,0.0343640973872859,-0.0452294995232918
NCMcdowell County,0.0000000000000000,-0.0266353021876441,0.0266353021876453,-0.0373031269651277
NCMecklenburg County,0.0000000000000000,-0.0321173011729846,0.0321173011729845,-0.0437719654318056
NCMitchell County,0.0000000000000000,-0.0256119546280159,0.0256119546280169,-0.0362644586167966
NCMontgomery County,0.0000000000000000,-0.0353253107297871,0.0353253107297868,-0.0468141097397319
NCMoore County,0.0000000000000000,-0.0367585446992601,0.0367585446992609,-0.0487748609241242
NCNash County,0.0000000000000000,-0.0383445248554438,0.0383445248554439,-0.0507493751934653
NCNew Hanover County,0.0000000000000000,-0.0335405916622347,0.0335405916622349,-0.0442950932147943
NCNorthampton County,0.0000000000000000,-0.0366210888999473,0.0366210888999470,-0.0485977531999771
NCOnslow County,0.0000000000000000,-0.0327613750813512,0.0327613750813507,-0.0431909977183426
NCOrange County,0.0000000000000000,-0.0334607267144345,0.0334607267144342,-0.0446615927594343
NCPamlico County,0.0000000000000000,-0.0181941090869846,0.0181941090869850,-0.0240959817250117
NCPasquotank County,0.0000000000000000,-0.0416930784605783,0.0416930784605785,-0.0552012434712874
NCPender County,0.0000000000000000,-0.0427523305225963,0.0427523305225974,-0.0562493867537672
NCPerquimans County,0.0000000000000000,-0.0397929500011925,0.0397929500011933,-0.0526850462450674
NCPerson County,0.0000000000000000,-0.0339765906111948,0.0339765906111948,-0.0450698293439730
NCPitt County,0.0000000000000000,-0.0411303685183605,0.0411303685183606,-0.0542475649539795
NCPolk County,0.0000000000000000,-0.0268866246164217,0.0268866246164212,-0.0376225613741014
NCRandolph County,0.0000000000000000,-0.0343757219630453,0.0343757219630456,-0.0461684017768714
NCRichmond County,0.0000000000000000,-0.0369180807536547,0.0369180807536549,-0.0492351741057518
NCRobeson County,0.0000000000000000,-0.0416147688935883,0.0416147688935880,-0.0550225688545977
NCRockingham County,0.0000000000000000,-0.0326441520818073,0.0326441520818066,-0.0439566878591013
NCRowan County,0.0000000000000000,-0.0327661660145558,0.0327661660145560,-0.0444706441407751
NCRutherford County,0.0000000000000000,-0.0281388799132184,0.0281388799132183,-0.0388946545151299
NCSampson County,0.0000000000000000,-0.0417195643698952,0.0417195643698947,-0.0553464864077997
NCScotland County,0.0000000000000000,-0.0392807686454015,0.0392807686454015,-0.0521615726713244
NCStanly County,0.0000000000000000,-0.0345080732277704,0.0345080732277716,-0.0465056695641979
NCStokes County,0.0000000000000000,-0.0312316624286277,0.0312316624286282,-0.0425170093093394
NCSurry County,0.0000000000000000,-0.0304061345707699,0.0304061345707700,-0.0414639883733054
NCSwain County,0.0000000000000000,-0.0255005960553647,0.0255005960553663,-0.0360509257650661
NCTransylvania County,0.0000000000000000,-0.0264029894048096,0.0264029894048092,-0.0368306029310479
NCTyrrell County,0.0000000000000000,-0.0333490161301815,0.0333490161301824,-0.0437984074686558
NCUnion County,0.0000000000000000,-0.0341161575261524,0.0341161575261522,-0.0461765921304835
NCVance County,0.0000000000000000,-0.0348012263062649,0.0348012263062649,-0.0465148926413685
NCWake County,0.0000000000000000,-0.0354049422367096,0.0354049422367098,-0.0470464913799479
NCWarren County,0.0000000000000000,-0.0345296829816177,0.0345296829816182,-0.0464876944712663
NCWashington County,0.0000000000000000,-0.0382530557423623,0.0382530557423617,-0.0504903619625280
NCWatauga County,0.0000000000000000,-0.0267874726805071,0.0267874726805071,-0.0372514963447882
NCWayne County,0.0000000000000000,-0.0412370090357965,0.0412370090357961,-0.0545757570448774
NCWilkes County,0.0000000000000000,-0.0282099858952046,0.0282099858952045,-0.0387902645454775
NCWilson County,0.0000000000000000,-0.0395639181870414,0.0395639181870413,-0.0523317030204689
NCYadkin County,0.0000000000000000,-0.0316174725784295,0.0316174725784297,-0.0430684917194682
NCYancey County,0.0000000000000000,-0.0263594105016836,0.0263594105016836,-0.0370282562824943
NDAdams County,0.0000000000000000,0.0000000000000000,0.0000000000000000,0.0000000000000000
NDBarnes County,0.0000000000000000,0.0000000000000000,0.0000000000000000,0.0000000000000000
NDBenson County,0.0000000000000000,0.0000000000000000,0.0000000000000000,0.0000000000000000
NDBillings County,0.0000000000000000,0.0000000000000000,0.0000000000000000,0.0000000000000000
NDBottineau County,0.0000000000000000,0.0000000000000000,0.0000000000000000,0.0000000000000000
NDBowman County,0.0000000000000000,0.0000000000000000,0.0000000000000000,0.0000000000000000
NDBurke County,0.0000000000000000,0.0000000000000000,0.0000000000000000,0.0000000000000000
NDBurleigh County,0.0000000000000000,0.0000000000000000,0.0000000000000000,0.0000000000000000
NDCass County,0.0000000000000000,0.0000000000000000,0.0000000000000000,0.0000000000000000
NDCavalier County,0.0000000000000000,0.0000000000000000,0.0000000000000000,0.0000000000000000
NDDickey County,0.0000000000000000,0.0000000000000000,0.0000000000000000,0.0000000000000000
NDDivide County,0.0000000000000000,0.0000000000000000,0.0000000000000000,0.0000000000000000
NDDunn County,0.0000000000000000,0.0000000000000000,0.0000000000000000,0.0000000000000000
NDEddy County,0.0000000000000000,0.0000000000000000,0.0000000000000000,0.0000000000000000
NDEmmons County,0.0000000000000000,0.0000000000000000,0.0000000000000000,0.0000000000000000
NDFoster County,0.0000000000000000,0.0000000000000000,0.0000000000000000,0.0000000000000000
NDGolden Valley County,0.0000000000000000,0.0000000000000000,0.0000000000000000,0.0000000000000000
NDGrand Forks County,0.0000000000000000,0.0000000000000000,0.0000000000000000,0.0000000000000000
NDGrant County,0.0000000000000000,0.0000000000000000,0.0000000000000000,0.0000000000000000
NDGriggs County,0.0000000000000000,0.0000000000000000,0.0000000000000000,0.0000000000000000
NDHettinger County,0.0000000000000000,0.0000000000000000,0.0000000000000000,0.0000000000000000
NDKidder County,0.0000000000000000,0.0000000000000000,0.0000000000000000,0.0000000000000000
NDLamoure County,0.0000000000000000,0.0000000000000000,0.0000000000000000,0.0000000000000000
NDLogan County,0.0000000000000000,0.0000000000000000,0.0000000000000000,0.0000000000000000
NDMchenry County,0.0000000000000000,0.0000000000000000,0.0000000000000000,0.0000000000000000
NDMcintosh County,0.0000000000000000,0.0000000000000000,0.0000000000000000,0.0000000000000000
NDMckenzie County,0.0000000000000000,0.0000000000000000,0.0000000000000000,0.0000000000000000
NDMclean County,0.0000000000000000,0.0000000000000000,0.0000000000000000,0.0000000000000000
NDMercer County,0.0000000000000000,0.0000000000000000,0.0000000000000000,0.0000000000000000
NDMorton County,0.0000000000000000,0.0000000000000000,0.0000000000000000,0.0000000000000000
NDMountrail County,0.0000000000000000,0.0000000000000000,0.0000000000000000,0.0000000000000000
NDNelson County,0.0000000000000000,0.0000000000000000,0.0000000000000000,0.0000000000000000
NDOliver County,0.0000000000000000,0.0000000000000000,0.0000000000000000,0.0000000000000000
NDPembina County,0.0000000000000000,0.0000000000000000,0.0000000000000000,0.0000000000000000
NDPierce County,0.0000000000000000,0.0000000000000000,0.0000000000000000,0.0000000000000000
NDRamsey County,0.0000000000000000,0.0000000000000000,0.0000000000000000,0.0000000000000000
NDRansom County,0.0000000000000000,0.0000000000000000,0.0000000000000000,0.0000000000000000
NDRenville County,0.0000000000000000,0.0000000000000000,0.0000000000000000,0.0000000000000000
NDRichland County,0.0000000000000000,0.0000000000000000,0.0000000000000000,0.0000000000000000
NDRolette County,0.0000000000000000,0.0000000000000000,0.0000000000000000,0.0000000000000000
NDSargent County,0.0000000000000000,0.0000000000000000,0.0000000000000000,0.0000000000000000
NDSheridan County,0.0000000000000000,0.0000000000000000,0.0000000000000000,0.0000000000000000
NDSioux County,0.0000000000000000,0.0000000000000000,0.0000000000000000,0.0000000000000000
NDSlope County,0.0000000000000000,0.0000000000000000,0.0000000000000000,0.0000000000000000
NDStark County,0.0000000000000000,0.0000000000000000,0.0000000000000000,0.0000000000000000
NDSteele County,0.0000000000000000,0.0000000000000000,0.0000000000000000,0.0000000000000000
NDStutsman County,0.0000000000000000,0.0000000000000000,0.0000000000000000,0.0000000000000000
NDTowner County,0.0000000000000000,0.0000000000000000,0.0000000000000000,0.0000000000000000
NDTraill County,0.0000000000000000,0.0000000000000000,0.0000000000000000,0.0000000000000000
NDWalsh County,0.0000000000000000,0.0000000000000000,0.0000000000000000,0.0000000000000000
NDWard County,0.0000000000000000,0.0000000000000000,0.0000000000000000,0.0000000000000000
NDWells County,0.0000000000000000,0.0000000000000000,0.0000000000000000,0.0000000000000000
NDWilliams County,0.0000000000000000,0.0000000000000000,0.0000000000000000,0.0000000000000000
NEAdams County,0.0000000000000000,0.0000000000000000,0.0000000000000000,0.0000000000000000
NEAntelope County,0.0000000000000000,0.0000000000000000,0.0000000000000000,0.0000000000000000
NEArthur County,0.0000000000000000,0.0000000000000000,0.0000000000000000,0.0000000000000000
NEBanner County,0.0000000000000000,0.0000000000000000,0.0000000000000000,0.0000000000000000
NEBlaine County,0.0000000000000000,0.0000000000000000,0.0000000000000000,0.0000000000000000
NEBoone County,0.0000000000000000,0.0000000000000000,0.0000000000000000,0.0000000000000000
NEBox Butte County,0.0000000000000000,0.0000000000000000,0.0000000000000000,0.0000000000000000
NEBoyd County,0.0000000000000000,0.0000000000000000,0.0000000000000000,0.0000000000000000
NEBrown County,0.0000000000000000,0.0000000000000000,0.0000000000000000,0.0000000000000000
NEBuffalo County,0.0000000000000000,0.0000000000000000,0.0000000000000000,0.0000000000000000
NEBurt County,0.0000000000000000,0.0000000000000000,0.0000000000000000,0.0000000000000000
NEButler County,0.0000000000000000,0.0000000000000000,0.0000000000000000,0.0000000000000000
NECass County,0.0000000000000000,0.0000000000000000,0.0000000000000000,0.0000000000000000
NECedar County,0.0000000000000000,0.0000000000000000,0.0000000000000000,0.0000000000000000
NEChase County,0.0000000000000000,0.0000000000000000,0.0000000000000000,0.0000000000000000
NECherry County,0.0000000000000000,0.0000000000000000,0.0000000000000000,0.0000000000000000
NECheyenne County,0.0000000000000000,0.0000000000000000,0.0000000000000000,0.0000000000000000
NEClay County,0.0000000000000000,0.0000000000000000,0.0000000000000000,0.0000000000000000
NEColfax County,0.0000000000000000,0.0000000000000000,0.0000000000000000,0.0000000000000000
NECuming County,0.0000000000000000,0.0000000000000000,0.0000000000000000,0.0000000000000000
NECuster County,0.0000000000000000,0.0000000000000000,0.0000000000000000,0.0000000000000000
NEDakota County,0.0000000000000000,0.0000000000000000,0.0000000000000000,0.0000000000000000
NEDawes County,0.0000000000000000,0.0000000000000000,0.0000000000000000,0.0000000000000000
NEDawson County,0.0000000000000000,0.0000000000000000,0.0000000000000000,0.0000000000000000
NEDeuel County,0.0000000000000000,0.0000000000000000,0.0000000000000000,0.0000000000000000
NEDixon County,0.0000000000000000,0.0000000000000000,0.0000000000000000,0.0000000000000000
NEDodge County,0.0000000000000000,0.0000000000000000,0.0000000000000000,0.0000000000000000
NEDouglas County,0.0000000000000000,0.0000000000000000,0.0000000000000000,0.0000000000000000
NEDundy County,0.0000000000000000,0.0000000000000000,0.0000000000000000,0.0000000000000000
NEFillmore County,0.0000000000000000,0.0000000000000000,0.0000000000000000,0.0000000000000000
NEFranklin County,0.0000000000000000,0.0000000000000000,0.0000000000000000,0.0000000000000000
NEFrontier County,0.0000000000000000,0.0000000000000000,0.0000000000000000,0.0000000000000000
NEFurnas County,0.0000000000000000,0.0000000000000000,0.0000000000000000,0.0000000000000000
NEGage County,0.0000000000000000,0.0000000000000000,0.0000000000000000,0.0000000000000000
NEGarden County,0.0000000000000000,0.0000000000000000,0.0000000000000000,0.0000000000000000
NEGarfield County,0.0000000000000000,0.0000000000000000,0.0000000000000000,0.0000000000000000
NEGosper County,0.0000000000000000,0.0000000000000000,0.0000000000000000,0.0000000000000000
NEGrant County,0.0000000000000000,0.0000000000000000,0.0000000000000000,0.0000000000000000
NEGreeley County,0.0000000000000000,0.0000000000000000,0.0000000000000000,0.0000000000000000
NEHall County,0.0000000000000000,0.0000000000000000,0.0000000000000000,0.0000000000000000
NEHamilton County,0.0000000000000000,0.0000000000000000,0.0000000000000000,0.0000000000000000
NEHarlan County,0.0000000000000000,0.0000000000000000,0.0000000000000000,0.0000000000000000
NEHayes County,0.0000000000000000,0.0000000000000000,0.0000000000000000,0.0000000000000000
NEHitchcock County,0.0000000000000000,0.0000000000000000,0.0000000000000000,0.0000000000000000
NEHolt County,0.0000000000000000,0.0000000000000000,0.0000000000000000,0.0000000000000000
NEHooker County,0.0000000000000000,0.0000000000000000,0.0000000000000000,0.0000000000000000
NEHoward County,0.0000000000000000,0.0000000000000000,0.0000000000000000,0.0000000000000000
NEJefferson County,0.0000000000000000,0.0000000000000000,0.0000000000000000,0.0000000000000000
NEJohnson County,0.0000000000000000,0.0000000000000000,0.0000000000000000,0.0000000000000000
NEKearney County,0.0000000000000000,0.0000000000000000,0.0000000000000000,0.0000000000000000
NEKeith County,0.0000000000000000,0.0000000000000000,0.0000000000000000,0.0000000000000000
NEKeya Paha County,0.0000000000000000,0.0000000000000000,0.0000000000000000,0.0000000000000000
NEKimball County,0.0000000000000000,0.0000000000000000,0.0000000000000000,0.0000000000000000
NEKnox County,0.0000000000000000,0.0000000000000000,0.0000000000000000,0.0000000000000000
NELancaster County,0.0000000000000000,0.0000000000000000,0.0000000000000000,0.0000000000000000
NELincoln County,0.0000000000000000,0.0000000000000000,0.0000000000000000,0.0000000000000000
NELogan County,0.0000000000000000,0.0000000000000000,0.0000000000000000,0.0000000000000000
NELoup County,0.0000000000000000,0.0000000000000000,0.0000000000000000,0.0000000000000000
NEMadison County,0.0000000000000000,0.0000000000000000,0.0000000000000000,0.0000000000000000
NEMcpherson County,0.0000000000000000,0.0000000000000000,0.0000000000000000,0.0000000000000000
NEMerrick County,0.0000000000000000,0.0000000000000000,0.0000000000000000,0.0000000000000000
NEMorrill County,0.0000000000000000,0.0000000000000000,0.0000000000000000,0.0000000000000000
NENance County,0.0000000000000000,0.0000000000000000,0.0000000000000000,0.0000000000000000
NENemaha County,0.0000000000000000,0.0000000000000000,0.0000000000000000,0.0000000000000000
NENuckolls County,0.0000000000000000,0.0000000000000000,0.0000000000000000,0.0000000000000000
NEOtoe County,0.0000000000000000,0.0000000000000000,0.0000000000000000,0.0000000000000000
NEPawnee County,0.0000000000000000,0.0000000000000000,0.0000000000000000,0.0000000000000000
NEPerkins County,0.0000000000000000,0.0000000000000000,0.0000000000000000,0.0000000000000000
NEPhelps County,0.0000000000000000,0.0000000000000000,0.0000000000000000,0.0000000000000000
NEPierce County,0.0000000000000000,0.0000000000000000,0.0000000000000000,0.0000000000000000
NEPlatte County,0.0000000000000000,0.0000000000000000,0.0000000000000000,0.0000000000000000
NEPolk County,0.0000000000000000,0.0000000000000000,0.0000000000000000,0.0000000000000000
NERed Willow County,0.0000000000000000,0.0000000000000000,0.0000000000000000,0.0000000000000000
NERichardson County,0.0000000000000000,0.0000000000000000,0.0000000000000000,0.0000000000000000
NERock County,0.0000000000000000,0.0000000000000000,0.0000000000000000,0.0000000000000000
NESaline County,0.0000000000000000,0.0000000000000000,0.0000000000000000,0.0000000000000000
NESarpy County,0.0000000000000000,0.0000000000000000,0.0000000000000000,0.0000000000000000
NESaunders County,0.0000000000000000,0.0000000000000000,0.0000000000000000,0.0000000000000000
NEScotts Bluff County,0.0000000000000000,0.0000000000000000,0.0000000000000000,0.0000000000000000
NESeward County,0.0000000000000000,0.0000000000000000,0.0000000000000000,0.0000000000000000
NESheridan County,0.0000000000000000,0.0000000000000000,0.0000000000000000,0.0000000000000000
NESherman County,0.0000000000000000,0.0000000000000000,0.0000000000000000,0.0000000000000000
NESioux County,0.0000000000000000,0.0000000000000000,0.0000000000000000,0.0000000000000000
NEStanton County,0.0000000000000000,0.0000000000000000,0.0000000000000000,0.0000000000000000
NEThayer County,0.0000000000000000,0.0000000000000000,0.0000000000000000,0.0000000000000000
NEThomas County,0.0000000000000000,0.0000000000000000,0.0000000000000000,0.0000000000000000
NEThurston County,0.0000000000000000,0.0000000000000000,0.0000000000000000,0.0000000000000000
NEValley County,0.0000000000000000,0.0000000000000000,0.0000000000000000,0.0000000000000000
NEWashington County,0.0000000000000000,0.0000000000000000,0.0000000000000000,0.0000000000000000
NEWayne County,0.0000000000000000,0.0000000000000000,0.0000000000000000,0.0000000000000000
NEWebster County,0.0000000000000000,0.0000000000000000,0.0000000000000000,0.0000000000000000
NEWheeler County,0.0000000000000000,0.0000000000000000,0.0000000000000000,0.0000000000000000
NEYork County,0.0000000000000000,0.0000000000000000,0.0000000000000000,0.0000000000000000
NHBelknap County,0.0000000000000000,-0.0384528815885273,0.0384528815885274,-0.0500197126960210
NHCarroll County,0.0000000000000000,-0.0368180195697494,0.0368180195697494,-0.0483259174422026
NHCheshire County,0.0000000000000000,-0.0363209509299183,0.0363209509299183,-0.0474336812561469
NHCoos County,0.0000000000000000,-0.0319550212278524,0.0319550212278517,-0.0424003768673283
NHGrafton County,0.0000000000000000,-0.0351013187380883,0.0351013187380884,-0.0464059143087988
NHHillsborough County,0.0000000000000000,-0.0387749253882581,0.0387749253882577,-0.0503036740313101
NHMerrimack County,0.0000000000000000,-0.0369114707412768,0.0369114707412765,-0.0482095198611427
NHRockingham County,0.0000000000000000,-0.0409745868836157,0.0409745868836144,-0.0536573793897970
NHStrafford County,0.0000000000000000,-0.0389324510939488,0.0389324510939493,-0.0508510970141123
NHSullivan County,0.0000000000000000,-0.0355713810069168,0.0355713810069167,-0.0468431079166728
NJAtlantic County,0.0000000000000000,-0.0329806174083467,0.0329806174083478,-0.0440393993454102
NJBergen County,0.0000000000000000,-0.0311505042300495,0.0311505042300488,-0.0412328483070640
NJBurlington County,0.0000000000000000,-0.0367992087926097,0.0367992087926092,-0.0491183994671109
NJCamden County,0.0000000000000000,-0.0361574551609188,0.0361574551609187,-0.0484412483120894
NJCape May County,0.0000000000000000,-0.0243454297561579,0.0243454297561578,-0.0324293538631132
NJCumberland County,0.0000000000000000,-0.0163532440694573,0.0163532440694565,-0.0217344826740886
NJEssex County,0.0000000000000000,-0.0386806672137789,0.0386806672137801,-0.0512287381901563
NJGloucester County,0.0000000000000000,-0.0276894384510622,0.0276894384510615,-0.0371152680640290
NJHudson County,0.0000000000000000,-0.0126296834084992,0.0126296834084993,-0.0167621100410055
NJHunterdon County,0.0000000000000000,-0.0352774603516736,0.0352774603516732,-0.0476169304249366
NJMercer County,0.0000000000000000,-0.0366974177512375,0.0366974177512376,-0.0491514574483868
NJMiddlesex County,0.0000000000000000,-0.0280768567842535,0.0280768567842529,-0.0373128314225637
NJMonmouth County,0.0000000000000000,-0.0303791399236442,0.0303791399236450,-0.0403754760750498
NJMorris County,0.0000000000000000,-0.0344963329236549,0.0344963329236543,-0.0461372209129118
NJOcean County,0.0000000000000000,-0.0348288637952457,0.0348288637952454,-0.0463510140353670
NJPassaic County,0.0000000000000000,-0.0377867410561699,0.0377867410561703,-0.0500951574757929
NJSalem County,0.0000000000000000,-0.0129289046348317,0.0129289046348322,-0.0173059169390470
NJSomerset County,0.0000000000000000,-0.0355254689434713,0.0355254689434716,-0.0476193837917456
NJSussex County,0.0000000000000000,-0.0334785760625759,0.0334785760625755,-0.0451380469961958
NJUnion County,0.0000000000000000,-0.0374225248338219,0.0374225248338222,-0.0497484932705037
NJWarren County,0.0000000000000000,-0.0328429154119443,0.0328429154119441,-0.0445198280061270
NMBernalillo County,0.0000000000000000,0.0000000000000000,0.0000000000000000,0.0000000000000000
NMCatron County,0.0000000000000000,0.0000000000000000,0.0000000000000000,0.0000000000000000
NMChaves County,0.0000000000000000,0.0000000000000000,0.0000000000000000,0.0000000000000000
NMCibola County,0.0000000000000000,0.0000000000000000,0.0000000000000000,0.0000000000000000
NMColfax County,0.0000000000000000,0.0000000000000000,0.0000000000000000,0.0000000000000000
NMCurry County,0.0000000000000000,0.0000000000000000,0.0000000000000000,0.0000000000000000
NMDebaca County,0.0000000000000000,0.0000000000000000,0.0000000000000000,0.0000000000000000
NMDona Ana County,0.0000000000000000,0.0000000000000000,0.0000000000000000,0.0000000000000000
NMEddy County,0.0000000000000000,0.0000000000000000,0.0000000000000000,0.0000000000000000
NMGrant County,0.0000000000000000,0.0000000000000000,0.0000000000000000,0.0000000000000000
NMGuadalupe County,0.0000000000000000,0.0000000000000000,0.0000000000000000,0.0000000000000000
NMHarding County,0.0000000000000000,0.0000000000000000,0.0000000000000000,0.0000000000000000
NMHidalgo County,0.0000000000000000,0.0000000000000000,0.0000000000000000,0.0000000000000000
NMLea County,0.0000000000000000,0.0000000000000000,0.0000000000000000,0.0000000000000000
NMLincoln County,0.0000000000000000,0.0000000000000000,0.0000000000000000,0.0000000000000000
NMLos Alamos County,0.0000000000000000,0.0000000000000000,0.0000000000000000,0.0000000000000000
NMLuna County,0.0000000000000000,0.0000000000000000,0.0000000000000000,0.0000000000000000
NMMckinley County,0.0000000000000000,0.0000000000000000,0.0000000000000000,0.0000000000000000
NMMora County,0.0000000000000000,0.0000000000000000,0.0000000000000000,0.0000000000000000
NMOtero County,0.0000000000000000,0.0000000000000000,0.0000000000000000,0.0000000000000000
NMQuay County,0.0000000000000000,0.0000000000000000,0.0000000000000000,0.0000000000000000
NMRio Arriba County,0.0000000000000000,0.0000000000000000,0.0000000000000000,0.0000000000000000
NMRoosevelt County,0.0000000000000000,0.0000000000000000,0.0000000000000000,0.0000000000000000
NMSan Juan County,0.0000000000000000,0.0000000000000000,0.0000000000000000,0.0000000000000000
NMSan Miguel County,0.0000000000000000,0.0000000000000000,0.0000000000000000,0.0000000000000000
NMSandoval County,0.0000000000000000,0.0000000000000000,0.0000000000000000,0.0000000000000000
NMSanta Fe County,0.0000000000000000,0.0000000000000000,0.0000000000000000,0.0000000000000000
NMSierra County,0.0000000000000000,0.0000000000000000,0.0000000000000000,0.0000000000000000
NMSocorro County,0.0000000000000000,0.0000000000000000,0.0000000000000000,0.0000000000000000
NMTaos County,0.0000000000000000,0.0000000000000000,0.0000000000000000,0.0000000000000000
NMTorrance County,0.0000000000000000,0.0000000000000000,0.0000000000000000,0.0000000000000000
NMUnion County,0.0000000000000000,0.0000000000000000,0.0000000000000000,0.0000000000000000
NMValencia County,0.0000000000000000,0.0000000000000000,0.0000000000000000,0.0000000000000000
NVCarson City,0.0000000000000000,0.0000000000000000,0.0000000000000000,0.0000000000000000
NVChurchill County,0.0000000000000000,0.0000000000000000,0.0000000000000000,0.0000000000000000
NVClark County,0.0000000000000000,0.0000000000000000,0.0000000000000000,0.0000000000000000
NVDouglas County,0.0000000000000000,0.0000000000000000,0.0000000000000000,0.0000000000000000
NVElko County,0.0000000000000000,0.0000000000000000,0.0000000000000000,0.0000000000000000
NVEsmeralda County,0.0000000000000000,0.0000000000000000,0.0000000000000000,0.0000000000000000
NVEureka County,0.0000000000000000,0.0000000000000000,0.0000000000000000,0.0000000000000000
NVHumboldt County,0.0000000000000000,0.0000000000000000,0.0000000000000000,0.0000000000000000
NVLander County,0.0000000000000000,0.0000000000000000,0.0000000000000000,0.0000000000000000
NVLincoln County,0.0000000000000000,0.0000000000000000,0.0000000000000000,0.0000000000000000
NVLyon County,0.0000000000000000,0.0000000000000000,0.0000000000000000,0.0000000000000000
NVMineral County,0.0000000000000000,0.0000000000000000,0.0000000000000000,0.0000000000000000
NVNye County,0.0000000000000000,0.0000000000000000,0.0000000000000000,0.0000000000000000
NVPershing County,0.0000000000000000,0.0000000000000000,0.0000000000000000,0.0000000000000000
NVStorey County,0.0000000000000000,0.0000000000000000,0.0000000000000000,0.0000000000000000
NVWashoe County,0.0000000000000000,0.0000000000000000,0.0000000000000000,0.0000000000000000
NVWhite Pine County,0.0000000000000000,0.0000000000000000,0.0000000000000000,0.0000000000000000
NYAlbany County,0.0000000000000000,-0.0350382632089149,0.0350382632089130,-0.0469228851036414
NYAllegany County,0.0000000000000000,-0.0219505368485503,0.0219505368485500,-0.0325435880821099
NYBronx County,0.0000000000000000,-0.0113177369021615,0.0113177369021620,-0.0150078780654073
NYBroome County,0.0000000000000000,-0.0258046316954942,0.0258046316954945,-0.0363717594794963
NYCattaraugus County,0.0000000000000000,-0.0197559078309306,0.0197559078309313,-0.0299453554850577
NYCayuga County,0.0000000000000000,-0.0271246461307817,0.0271246461307815,-0.0380019807579325
NYChautauqua County,0.0000000000000000,-0.0227095613517717,0.0227095613517723,-0.0330448627223968
NYChemung County,0.0000000000000000,-0.0237640208800584,0.0237640208800585,-0.0343339918026502
NYChenango County,0.0000000000000000,-0.0262740576067584,0.0262740576067586,-0.0368779988723895
NYClinton County,0.0000000000000000,-0.0326649924575197,0.0326649924575193,-0.0438993010253935
NYColumbia County,0.0000000000000000,-0.0368228751183164,0.0368228751183162,-0.0492842796965810
NYCortland County,0.0000000000000000,-0.0268508439197837,0.0268508439197834,-0.0374585146659173
NYDelaware County,0.0000000000000000,-0.0297269900878604,0.0297269900878603,-0.0402070661148580
NYDutchess County,0.0000000000000000,-0.0391662134841998,0.0391662134841997,-0.0523596213180508
NYErie County,0.0000000000000000,-0.0206474165830874,0.0206474165830870,-0.0307015119116222
NYEssex County,0.0000000000000000,-0.0324677567217494,0.0324677567217493,-0.0436136160432101
NYFranklin County,0.0000000000000000,-0.0292587369681151,0.0292587369681145,-0.0406634269138565
NYFulton County,0.0000000000000000,-0.0316199924294295,0.0316199924294298,-0.0427248950616067
NYGenesee County,0.0000000000000000,-0.0231704769431037,0.0231704769431045,-0.0338108393175329
NYGreene County,0.0000000000000000,-0.0329306107448266,0.0329306107448262,-0.0442631527884657
NYHamilton County,0.0000000000000000,-0.0273553938269989,0.0273553938269988,-0.0386363732429653
NYHerkimer County,0.0000000000000000,-0.0289352706252513,0.0289352706252519,-0.0401533712640219
NYJefferson County,0.0000000000000000,-0.0311129465912672,0.0311129465912670,-0.0431171180394222
NYKings County,0.0000000000000000,-0.0225296032297705,0.0225296032297708,-0.0297219240335364
NYLewis County,0.0000000000000000,-0.0283240294191882,0.0283240294191887,-0.0401674823689528
NYLivingston County,0.0000000000000000,-0.0236597148276668,0.0236597148276665,-0.0342861184005232
NYMadison County,0.0000000000000000,-0.0277593646036334,0.0277593646036334,-0.0390241717097046
NYMonroe County,0.0000000000000000,-0.0229784304250090,0.0229784304250089,-0.0337005007039017
NYMontgomery County,0.0000000000000000,-0.0326937076486067,0.0326937076486069,-0.0439518436862841
NYNassau County,0.0000000000000000,-0.0215944303061365,0.0215944303061359,-0.0288578474889366
NYNew York County,0.0000000000000000,-0.0169600905835249,0.0169600905835239,-0.0224099166806435
NYNiagara County,0.0000000000000000,-0.0247977940226843,0.0247977940226847,-0.0350965885893573
NYOneida County,0.0000000000000000,-0.0267141295555806,0.0267141295555808,-0.0380994388448075
NYOnondaga County,0.0000000000000000,-0.0262853007772726,0.0262853007772732,-0.0368923852435808
NYOntario County,0.0000000000000000,-0.0247476076995642,0.0247476076995641,-0.0353622555237113
NYOrange County,0.0000000000000000,-0.0370906214515374,0.0370906214515372,-0.0494366526659594
NYOrleans County,0.0000000000000000,-0.0238264723747927,0.0238264723747923,-0.0344091858663413
NYOswego County,0.0000000000000000,-0.0282928378280265,0.0282928378280265,-0.0393443443095187
NYOtsego County,0.0000000000000000,-0.0292610928862798,0.0292610928862806,-0.0401651821489490
NYPutnam County,0.0000000000000000,-0.0407600227942398,0.0407600227942397,-0.0541693689891157
NYQueens County,0.0000000000000000,-0.0234059789490753,0.0234059789490739,-0.0311037970257023
NYRensselaer County,0.0000000000000000,-0.0362515199479592,0.0362515199479589,-0.0481973508565527
NYRichmond County,0.0000000000000000,-0.0283685798175346,0.0283685798175348,-0.0375857978498083
NYRockland County,0.0000000000000000,-0.0266693351698472,0.0266693351698466,-0.0354377946614604
NYSaratoga County,0.0000000000000000,-0.0347743315933677,0.0347743315933675,-0.0461806746999940
NYSchenectady County,0.0000000000000000,-0.0331378452500636,0.0331378452500630,-0.0443982170856734
NYSchoharie County,0.0000000000000000,-0.0315367846449204,0.0315367846449204,-0.0425363722582422
NYSchuyler County,0.0000000000000000,-0.0253753604644097,0.0253753604644098,-0.0359490181315604
NYSeneca County,0.0000000000000000,-0.0282294236163305,0.0282294236163307,-0.0389383084325614
NYSt. Lawrence County,0.0000000000000000,-0.0290824934259351,0.0290824934259353,-0.0413919285349198
NYSteuben County,0.0000000000000000,-0.0237271309201766,0.0237271309201770,-0.0344135237807324
NYSuffolk County,0.0000000000000000,-0.0332625417715280,0.0332625417715271,-0.0446864900768178
NYSullivan County,0.0000000000000000,-0.0304323732329498,0.0304323732329495,-0.0410703209608011
NYTioga County,0.0000000000000000,-0.0259242897653404,0.0259242897653404,-0.0365353135258640
NYTompkins County,0.0000000000000000,-0.0265710025504636,0.0265710025504635,-0.0372524750065758
NYUlster County,0.0000000000000000,-0.0363929501833467,0.0363929501833467,-0.0485223403847995
NYWarren County,0.0000000000000000,-0.0317863830601158,0.0317863830601155,-0.0428244287756894
NYWashington County,0.0000000000000000,-0.0357253937032582,0.0357253937032587,-0.0473772191942778
NYWayne County,0.0000000000000000,-0.0250137824747838,0.0250137824747834,-0.0357609296184378
NYWestchester County,0.0000000000000000,-0.0303148736895702,0.0303148736895718,-0.0401692253039566
NYWyoming County,0.0000000000000000,-0.0228967706390185,0.0228967706390184,-0.0335420605467807
NYYates County,0.0000000000000000,-0.0271438140381447,0.0271438140381448,-0.0378827193302632
OHAdams County,0.0000000000000000,0.0000000000000000,0.0000000000000000,0.0000000000000000
OHAllen County,0.0000000000000000,0.0000000000000000,0.0000000000000000,0.0000000000000000
OHAshland County,0.0000000000000000,0.0000000000000000,0.0000000000000000,0.0000000000000000
OHAshtabula County,0.0000000000000000,0.0000000000000000,0.0000000000000000,0.0000000000000000
OHAthens County,0.0000000000000000,0.0000000000000000,0.0000000000000000,0.0000000000000000
OHAuglaize County,0.0000000000000000,0.0000000000000000,0.0000000000000000,0.0000000000000000
OHBelmont County,0.0000000000000000,0.0000000000000000,0.0000000000000000,0.0000000000000000
OHBrown County,0.0000000000000000,0.0000000000000000,0.0000000000000000,0.0000000000000000
OHButler County,0.0000000000000000,0.0000000000000000,0.0000000000000000,0.0000000000000000
OHCarroll County,0.0000000000000000,0.0000000000000000,0.0000000000000000,0.0000000000000000
OHChampaign County,0.0000000000000000,0.0000000000000000,0.0000000000000000,0.0000000000000000
OHClark County,0.0000000000000000,0.0000000000000000,0.0000000000000000,0.0000000000000000
OHClermont County,0.0000000000000000,0.0000000000000000,0.0000000000000000,0.0000000000000000
OHClinton County,0.0000000000000000,0.0000000000000000,0.0000000000000000,0.0000000000000000
OHColumbiana County,0.0000000000000000,0.0000000000000000,0.0000000000000000,0.0000000000000000
OHCoshocton County,0.0000000000000000,0.0000000000000000,0.0000000000000000,0.0000000000000000
OHCrawford County,0.0000000000000000,0.0000000000000000,0.0000000000000000,0.0000000000000000
OHCuyahoga County,0.0000000000000000,0.0000000000000000,0.0000000000000000,0.0000000000000000
OHDarke County,0.0000000000000000,0.0000000000000000,0.0000000000000000,0.0000000000000000
OHDefiance County,0.0000000000000000,0.0000000000000000,0.0000000000000000,0.0000000000000000
OHDelaware County,0.0000000000000000,0.0000000000000000,0.0000000000000000,0.0000000000000000
OHErie County,0.0000000000000000,0.0000000000000000,0.0000000000000000,0.0000000000000000
OHFairfield County,0.0000000000000000,0.0000000000000000,0.0000000000000000,0.0000000000000000
OHFayette County,0.0000000000000000,0.0000000000000000,0.0000000000000000,0.0000000000000000
OHFranklin County,0.0000000000000000,0.0000000000000000,0.0000000000000000,0.0000000000000000
OHFulton County,0.0000000000000000,0.0000000000000000,0.0000000000000000,0.0000000000000000
OHGallia County,0.0000000000000000,0.0000000000000000,0.0000000000000000,0.0000000000000000
OHGeauga County,0.0000000000000000,0.0000000000000000,0.0000000000000000,0.0000000000000000
OHGreene County,0.0000000000000000,0.0000000000000000,0.0000000000000000,0.0000000000000000
OHGuernsey County,0.0000000000000000,0.0000000000000000,0.0000000000000000,0.0000000000000000
OHHamilton County,0.0000000000000000,0.0000000000000000,0.0000000000000000,0.0000000000000000
OHHancock County,0.0000000000000000,0.0000000000000000,0.0000000000000000,0.0000000000000000
OHHardin County,0.0000000000000000,0.0000000000000000,0.0000000000000000,0.0000000000000000
OHHarrison County,0.0000000000000000,0.0000000000000000,0.0000000000000000,0.0000000000000000
OHHenry County,0.0000000000000000,0.0000000000000000,0.0000000000000000,0.0000000000000000
OHHighland County,0.0000000000000000,0.0000000000000000,0.0000000000000000,0.0000000000000000
OHHocking County,0.0000000000000000,0.0000000000000000,0.0000000000000000,0.0000000000000000
OHHolmes County,0.0000000000000000,0.0000000000000000,0.0000000000000000,0.0000000000000000
OHHuron County,0.0000000000000000,0.0000000000000000,0.0000000000000000,0.0000000000000000
OHJackson County,0.0000000000000000,0.0000000000000000,0.0000000000000000,0.0000000000000000
OHJefferson County,0.0000000000000000,0.0000000000000000,0.0000000000000000,0.0000000000000000
OHKnox County,0.0000000000000000,0.0000000000000000,0.0000000000000000,0.0000000000000000
OHLake County,0.0000000000000000,0.0000000000000000,0.0000000000000000,0.0000000000000000
OHLawrence County,0.0000000000000000,0.0000000000000000,0.0000000000000000,0.0000000000000000
OHLicking County,0.0000000000000000,0.0000000000000000,0.0000000000000000,0.0000000000000000
OHLogan County,0.0000000000000000,0.0000000000000000,0.0000000000000000,0.0000000000000000
OHLorain County,0.0000000000000000,0.0000000000000000,0.0000000000000000,0.0000000000000000
OHLucas County,0.0000000000000000,0.0000000000000000,0.0000000000000000,0.0000000000000000
OHMadison County,0.0000000000000000,0.0000000000000000,0.0000000000000000,0.0000000000000000
OHMahoning County,0.0000000000000000,0.0000000000000000,0.0000000000000000,0.0000000000000000
OHMarion County,0.0000000000000000,0.0000000000000000,0.0000000000000000,0.0000000000000000
OHMedina County,0.0000000000000000,0.0000000000000000,0.0000000000000000,0.0000000000000000
OHMeigs County,0.0000000000000000,0.0000000000000000,0.0000000000000000,0.0000000000000000
OHMercer County,0.0000000000000000,0.0000000000000000,0.0000000000000000,0.0000000000000000
OHMiami County,0.0000000000000000,0.0000000000000000,0.0000000000000000,0.0000000000000000
OHMonroe County,0.0000000000000000,0.0000000000000000,0.0000000000000000,0.0000000000000000
OHMontgomery County,0.0000000000000000,0.0000000000000000,0.0000000000000000,0.0000000000000000
OHMorgan County,0.0000000000000000,0.0000000000000000,0.0000000000000000,0.0000000000000000
OHMorrow County,0.0000000000000000,0.0000000000000000,0.0000000000000000,0.0000000000000000
OHMuskingum County,0.0000000000000000,0.0000000000000000,0.0000000000000000,0.0000000000000000
OHNoble County,0.0000000000000000,0.0000000000000000,0.0000000000000000,0.0000000000000000
OHOttawa County,0.0000000000000000,0.0000000000000000,0.0000000000000000,0.0000000000000000
OHPaulding County,0.0000000000000000,0.0000000000000000,0.0000000000000000,0.0000000000000000
OHPerry County,0.0000000000000000,0.0000000000000000,0.0000000000000000,0.0000000000000000
OHPickaway County,0.0000000000000000,0.0000000000000000,0.0000000000000000,0.0000000000000000
OHPike County,0.0000000000000000,0.0000000000000000,0.0000000000000000,0.0000000000000000
OHPortage County,0.0000000000000000,0.0000000000000000,0.0000000000000000,0.0000000000000000
OHPreble County,0.0000000000000000,0.0000000000000000,0.0000000000000000,0.0000000000000000
OHPutnam County,0.0000000000000000,0.0000000000000000,0.0000000000000000,0.0000000000000000
OHRichland County,0.0000000000000000,0.0000000000000000,0.0000000000000000,0.0000000000000000
OHRoss County,0.0000000000000000,0.0000000000000000,0.0000000000000000,0.0000000000000000
OHSandusky County,0.0000000000000000,0.0000000000000000,0.0000000000000000,0.0000000000000000
OHScioto County,0.0000000000000000,0.0000000000000000,0.0000000000000000,0.0000000000000000
OHSeneca County,0.0000000000000000,0.0000000000000000,0.0000000000000000,0.0000000000000000
OHShelby County,0.0000000000000000,0.0000000000000000,0.0000000000000000,0.0000000000000000
OHStark County,0.0000000000000000,0.0000000000000000,0.0000000000000000,0.0000000000000000
OHSummit County,0.0000000000000000,0.0000000000000000,0.0000000000000000,0.0000000000000000
OHTrumbull County,0.0000000000000000,0.0000000000000000,0.0000000000000000,0.0000000000000000
OHTuscarawas County,0.0000000000000000,0.0000000000000000,0.0000000000000000,0.0000000000000000
OHUnion County,0.0000000000000000,0.0000000000000000,0.0000000000000000,0.0000000000000000
OHVan Wert County,0.0000000000000000,0.0000000000000000,0.0000000000000000,0.0000000000000000
OHVinton County,0.0000000000000000,0.0000000000000000,0.0000000000000000,0.0000000000000000
OHWarren County,0.0000000000000000,0.0000000000000000,0.0000000000000000,0.0000000000000000
OHWashington County,0.0000000000000000,0.0000000000000000,0.0000000000000000,0.0000000000000000
OHWayne County,0.0000000000000000,0.0000000000000000,0.0000000000000000,0.0000000000000000
OHWilliams County,0.0000000000000000,0.0000000000000000,0.0000000000000000,0.0000000000000000
OHWood County,0.0000000000000000,0.0000000000000000,0.0000000000000000,0.0000000000000000
OHWyandot County,0.0000000000000000,0.0000000000000000,0.0000000000000000,0.0000000000000000
OKAdair County,0.0000000000000000,0.0000000000000000,0.0000000000000000,0.0000000000000000
OKAlfalfa County,0.0000000000000000,0.0000000000000000,0.0000000000000000,0.0000000000000000
OKAtoka County,0.0000000000000000,0.0000000000000000,0.0000000000000000,0.0000000000000000
OKBeaver County,0.0000000000000000,0.0000000000000000,0.0000000000000000,0.0000000000000000
OKBeckham County,0.0000000000000000,0.0000000000000000,0.0000000000000000,0.0000000000000000
OKBlaine County,0.0000000000000000,0.0000000000000000,0.0000000000000000,0.0000000000000000
OKBryan County,0.0000000000000000,0.0000000000000000,0.0000000000000000,0.0000000000000000
OKCaddo County,0.0000000000000000,0.0000000000000000,0.0000000000000000,0.0000000000000000
OKCanadian County,0.0000000000000000,0.0000000000000000,0.0000000000000000,0.0000000000000000
OKCarter County,0.0000000000000000,0.0000000000000000,0.0000000000000000,0.0000000000000000
OKCherokee County,0.0000000000000000,0.0000000000000000,0.0000000000000000,0.0000000000000000
OKChoctaw County,0.0000000000000000,0.0000000000000000,0.0000000000000000,0.0000000000000000
OKCimarron County,0.0000000000000000,0.0000000000000000,0.0000000000000000,0.0000000000000000
OKCleveland County,0.0000000000000000,0.0000000000000000,0.0000000000000000,0.0000000000000000
OKCoal County,0.0000000000000000,0.0000000000000000,0.0000000000000000,0.0000000000000000
OKComanche County,0.0000000000000000,0.0000000000000000,0.0000000000000000,0.0000000000000000
OKCotton County,0.0000000000000000,0.0000000000000000,0.0000000000000000,0.0000000000000000
OKCraig County,0.0000000000000000,0.0000000000000000,0.0000000000000000,0.0000000000000000
OKCreek County,0.0000000000000000,0.0000000000000000,0.0000000000000000,0.0000000000000000
OKCuster County,0.0000000000000000,0.0000000000000000,0.0000000000000000,0.0000000000000000
OKDelaware County,0.0000000000000000,0.0000000000000000,0.0000000000000000,0.0000000000000000
OKDewey County,0.0000000000000000,0.0000000000000000,0.0000000000000000,0.0000000000000000
OKEllis County,0.0000000000000000,0.0000000000000000,0.0000000000000000,0.0000000000000000
OKGarfield County,0.0000000000000000,0.0000000000000000,0.0000000000000000,0.0000000000000000
OKGarvin County,0.0000000000000000,0.0000000000000000,0.0000000000000000,0.0000000000000000
OKGrady County,0.0000000000000000,0.0000000000000000,0.0000000000000000,0.0000000000000000
OKGrant County,0.0000000000000000,0.0000000000000000,0.0000000000000000,0.0000000000000000
OKGreer County,0.0000000000000000,0.0000000000000000,0.0000000000000000,0.0000000000000000
OKHarmon County,0.0000000000000000,0.0000000000000000,0.0000000000000000,0.0000000000000000
OKHarper County,0.0000000000000000,0.0000000000000000,0.0000000000000000,0.0000000000000000
OKHaskell County,0.0000000000000000,0.0000000000000000,0.0000000000000000,0.0000000000000000
OKHughes County,0.0000000000000000,0.0000000000000000,0.0000000000000000,0.0000000000000000
OKJackson County,0.0000000000000000,0.0000000000000000,0.0000000000000000,0.0000000000000000
OKJefferson County,0.0000000000000000,0.0000000000000000,0.0000000000000000,0.0000000000000000
OKJohnston County,0.0000000000000000,0.0000000000000000,0.0000000000000000,0.0000000000000000
OKKay County,0.0000000000000000,0.0000000000000000,0.0000000000000000,0.0000000000000000
OKKingfisher County,0.0000000000000000,0.0000000000000000,0.0000000000000000,0.0000000000000000
OKKiowa County,0.0000000000000000,0.0000000000000000,0.0000000000000000,0.0000000000000000
OKLatimer County,0.0000000000000000,0.0000000000000000,0.0000000000000000,0.0000000000000000
OKLe Flore County,0.0000000000000000,0.0000000000000000,0.0000000000000000,0.0000000000000000
OKLincoln County,0.0000000000000000,0.0000000000000000,0.0000000000000000,0.0000000000000000
OKLogan County,0.0000000000000000,0.0000000000000000,0.0000000000000000,0.0000000000000000
OKLove County,0.0000000000000000,0.0000000000000000,0.0000000000000000,0.0000000000000000
OKMajor County,0.0000000000000000,0.0000000000000000,0.0000000000000000,0.0000000000000000
OKMarshall County,0.0000000000000000,0.0000000000000000,0.0000000000000000,0.0000000000000000
OKMayes County,0.0000000000000000,0.0000000000000000,0.0000000000000000,0.0000000000000000
OKMcclain County,0.0000000000000000,0.0000000000000000,0.0000000000000000,0.0000000000000000
OKMccurtain County,0.0000000000000000,0.0000000000000000,0.0000000000000000,0.0000000000000000
OKMcintosh County,0.0000000000000000,0.0000000000000000,0.0000000000000000,0.0000000000000000
OKMurray County,0.0000000000000000,0.0000000000000000,0.0000000000000000,0.0000000000000000
OKMuskogee County,0.0000000000000000,0.0000000000000000,0.0000000000000000,0.0000000000000000
OKNoble County,0.0000000000000000,0.0000000000000000,0.0000000000000000,0.0000000000000000
OKNowata County,0.0000000000000000,0.0000000000000000,0.0000000000000000,0.0000000000000000
OKOkfuskee County,0.0000000000000000,0.0000000000000000,0.0000000000000000,0.0000000000000000
OKOklahoma County,0.0000000000000000,0.0000000000000000,0.0000000000000000,0.0000000000000000
OKOkmulgee County,0.0000000000000000,0.0000000000000000,0.0000000000000000,0.0000000000000000
OKOsage County,0.0000000000000000,0.0000000000000000,0.0000000000000000,0.0000000000000000
OKOttawa County,0.0000000000000000,0.0000000000000000,0.0000000000000000,0.0000000000000000
OKPawnee County,0.0000000000000000,0.0000000000000000,0.0000000000000000,0.0000000000000000
OKPayne County,0.0000000000000000,0.0000000000000000,0.0000000000000000,0.0000000000000000
OKPittsburg County,0.0000000000000000,0.0000000000000000,0.0000000000000000,0.0000000000000000
OKPontotoc County,0.0000000000000000,0.0000000000000000,0.0000000000000000,0.0000000000000000
OKPottawatomie County,0.0000000000000000,0.0000000000000000,0.0000000000000000,0.0000000000000000
OKPushmataha County,0.0000000000000000,0.0000000000000000,0.0000000000000000,0.0000000000000000
OKRoger Mills County,0.0000000000000000,0.0000000000000000,0.0000000000000000,0.0000000000000000
OKRogers County,0.0000000000000000,0.0000000000000000,0.0000000000000000,0.0000000000000000
OKSeminole County,0.0000000000000000,0.0000000000000000,0.0000000000000000,0.0000000000000000
OKSequoyah County,0.0000000000000000,0.0000000000000000,0.0000000000000000,0.0000000000000000
OKStephens County,0.0000000000000000,0.0000000000000000,0.0000000000000000,0.0000000000000000
OKTexas County,0.0000000000000000,0.0000000000000000,0.0000000000000000,0.0000000000000000
OKTillman County,0.0000000000000000,0.0000000000000000,0.0000000000000000,0.0000000000000000
OKTulsa County,0.0000000000000000,0.0000000000000000,0.0000000000000000,0.0000000000000000
OKWagoner County,0.0000000000000000,0.0000000000000000,0.0000000000000000,0.0000000000000000
OKWashington County,0.0000000000000000,0.0000000000000000,0.0000000000000000,0.0000000000000000
OKWashita County,0.0000000000000000,0.0000000000000000,0.0000000000000000,0.0000000000000000
OKWoods County,0.0000000000000000,0.0000000000000000,0.0000000000000000,0.0000000000000000
OKWoodward County,0.0000000000000000,0.0000000000000000,0.0000000000000000,0.0000000000000000
ORBaker County,0.0000000000000000,0.0000000000000000,0.0000000000000000,0.0000000000000000
ORBenton County,0.0000000000000000,0.0000000000000000,0.0000000000000000,0.0000000000000000
ORClackamas County,0.0000000000000000,0.0000000000000000,0.0000000000000000,0.0000000000000000
ORClatsop County,0.0000000000000000,0.0000000000000000,0.0000000000000000,0.0000000000000000
ORColumbia County,0.0000000000000000,0.0000000000000000,0.0000000000000000,0.0000000000000000
ORCoos County,0.0000000000000000,0.0000000000000000,0.0000000000000000,0.0000000000000000
ORCrook County,0.0000000000000000,0.0000000000000000,0.0000000000000000,0.0000000000000000
ORCurry County,0.0000000000000000,0.0000000000000000,0.0000000000000000,0.0000000000000000
ORDeschutes County,0.0000000000000000,0.0000000000000000,0.0000000000000000,0.0000000000000000
ORDouglas County,0.0000000000000000,0.0000000000000000,0.0000000000000000,0.0000000000000000
ORGilliam County,0.0000000000000000,0.0000000000000000,0.0000000000000000,0.0000000000000000
ORGrant County,0.0000000000000000,0.0000000000000000,0.0000000000000000,0.0000000000000000
ORHarney County,0.0000000000000000,0.0000000000000000,0.0000000000000000,0.0000000000000000
ORHood River County,0.0000000000000000,0.0000000000000000,0.0000000000000000,0.0000000000000000
ORJackson County,0.0000000000000000,0.0000000000000000,0.0000000000000000,0.0000000000000000
ORJefferson County,0.0000000000000000,0.0000000000000000,0.0000000000000000,0.0000000000000000
ORJosephine County,0.0000000000000000,0.0000000000000000,0.0000000000000000,0.0000000000000000
ORKlamath County,0.0000000000000000,0.0000000000000000,0.0000000000000000,0.0000000000000000
ORLake County,0.0000000000000000,0.0000000000000000,0.0000000000000000,0.0000000000000000
ORLane County,0.0000000000000000,0.0000000000000000,0.0000000000000000,0.0000000000000000
ORLincoln County,0.0000000000000000,0.0000000000000000,0.0000000000000000,0.0000000000000000
ORLinn County,0.0000000000000000,0.0000000000000000,0.0000000000000000,0.0000000000000000
ORMalheur County,0.0000000000000000,0.0000000000000000,0.0000000000000000,0.0000000000000000
ORMarion County,0.0000000000000000,0.0000000000000000,0.0000000000000000,0.0000000000000000
ORMorrow County,0.0000000000000000,0.0000000000000000,0.0000000000000000,0.0000000000000000
ORMultnomah County,0.0000000000000000,0.0000000000000000,0.0000000000000000,0.0000000000000000
ORPolk County,0.0000000000000000,0.0000000000000000,0.0000000000000000,0.0000000000000000
ORSherman County,0.0000000000000000,0.0000000000000000,0.0000000000000000,0.0000000000000000
ORTillamook County,0.0000000000000000,0.0000000000000000,0.0000000000000000,0.0000000000000000
ORUmatilla County,0.0000000000000000,0.0000000000000000,0.0000000000000000,0.0000000000000000
ORUnion County,0.0000000000000000,0.0000000000000000,0.0000000000000000,0.0000000000000000
ORWallowa County,0.0000000000000000,0.0000000000000000,0.0000000000000000,0.0000000000000000
ORWasco County,0.0000000000000000,0.0000000000000000,0.0000000000000000,0.0000000000000000
ORWashington County,0.0000000000000000,0.0000000000000000,0.0000000000000000,0.0000000000000000
ORWheeler County,0.0000000000000000,0.0000000000000000,0.0000000000000000,0.0000000000000000
ORYamhill County,0.0000000000000000,0.0000000000000000,0.0000000000000000,0.0000000000000000
PAAdams County,0.0000000000000000,-0.0291843608235371,0.0291843608235374,-0.0399506392396610
PAAllegheny County,0.0000000000000000,-0.0227974118032387,0.0227974118032379,-0.0331635577330072
PAArmstrong County,0.0000000000000000,-0.0217713294398151,0.0217713294398156,-0.0317924017944191
PABeaver County,0.0000000000000000,-0.0231294232991726,0.0231294232991730,-0.0343011648692240
PABedford County,0.0000000000000000,-0.0239887246664914,0.0239887246664918,-0.0343543889930699
PABerks County,0.0000000000000000,-0.0318577857837009,0.0318577857836999,-0.0432676292240335
PABlair County,0.0000000000000000,-0.0230322000122841,0.0230322000122840,-0.0335863533223663
PABradford County,0.0000000000000000,-0.0259120641927223,0.0259120641927217,-0.0366428999689703
PABucks County,0.0000000000000000,-0.0350670250959374,0.0350670250959373,-0.0472411139333713
PAButler County,0.0000000000000000,-0.0211086749723302,0.0211086749723297,-0.0314029114521517
PACambria County,0.0000000000000000,-0.0227404752128882,0.0227404752128884,-0.0330849429341395
PACameron County,0.0000000000000000,-0.0234387847973687,0.0234387847973685,-0.0334387847973684
PACarbon County,0.0000000000000000,-0.0278224857281791,0.0278224857281792,-0.0386772603903313
PACentre County,0.0000000000000000,-0.0253692758381104,0.0253692758381108,-0.0358339587695278
PAChester County,0.0000000000000000,-0.0338831250923739,0.0338831250923750,-0.0457676930621291
PAClarion County,0.0000000000000000,-0.0203105749644137,0.0203105749644128,-0.0305167748103731
PAClearfield County,0.0000000000000000,-0.0237734178953580,0.0237734178953584,-0.0343412800183132
PAClinton County,0.0000000000000000,-0.0242522972861071,0.0242522972861074,-0.0347343287801534
PAColumbia County,0.0000000000000000,-0.0269915600279944,0.0269915600279949,-0.0377696317953530
PACrawford County,0.0000000000000000,-0.0225739200388194,0.0225739200388195,-0.0338223774229304
PACumberland County,0.0000000000000000,-0.0287116148497722,0.0287116148497719,-0.0393544424408675
PADauphin County,0.0000000000000000,-0.0290916302047859,0.0290916302047866,-0.0399635830494216
PADelaware County,0.0000000000000000,-0.0325578133045318,0.0325578133045319,-0.0439996694894571
PAElk County,0.0000000000000000,-0.0238214159173938,0.0238214159173940,-0.0342165738207757
PAErie County,0.0000000000000000,-0.0276973781471136,0.0276973781471150,-0.0391269546903780
PAFayette County,0.0000000000000000,-0.0237001428618323,0.0237001428618311,-0.0337001428618321
PAForest County,0.0000000000000000,-0.0196768181509337,0.0196768181509341,-0.0296768181509337
PAFranklin County,0.0000000000000000,-0.0268967142723613,0.0268967142723620,-0.0373760421027876
PAFulton County,0.0000000000000000,-0.0242512744592549,0.0242512744592549,-0.0345912297640185
PAGreene County,0.0000000000000000,-0.0231203994687972,0.0231203994687974,-0.0335157947635116
PAHuntingdon County,0.0000000000000000,-0.0233585636773940,0.0233585636773941,-0.0337944111745518
PAIndiana County,0.0000000000000000,-0.0224479742764240,0.0224479742764241,-0.0324859384515086
PAJefferson County,0.0000000000000000,-0.0218860314712516,0.0218860314712515,-0.0320457817895393
PAJuniata County,0.0000000000000000,-0.0261234356256832,0.0261234356256834,-0.0366283023826435
PALackawanna County,0.0000000000000000,-0.0266673780043355,0.0266673780043361,-0.0371394636731509
PALancaster County,0.0000000000000000,-0.0338464845450985,0.0338464845450985,-0.0455791365575743
PALawrence County,0.0000000000000000,-0.0233055849685474,0.0233055849685473,-0.0346843017105498
PALebanon County,0.0000000000000000,-0.0314668290039372,0.0314668290039364,-0.0428163020253354
PALehigh County,0.0000000000000000,-0.0320999047674891,0.0320999047674895,-0.0438471976672643
PALuzerne County,0.0000000000000000,-0.0263928607693159,0.0263928607693156,-0.0369925226883119
PALycoming County,0.0000000000000000,-0.0246054675327652,0.0246054675327654,-0.0351867965664406
PAMckean County,0.0000000000000000,-0.0206642666487508,0.0206642666487509,-0.0307622421956318
PAMercer County,0.0000000000000000,-0.0230783338556819,0.0230783338556824,-0.0345570304475495
PAMifflin County,0.0000000000000000,-0.0243099676656992,0.0243099676656990,-0.0347674511070586
PAMonroe County,0.0000000000000000,-0.0285504683682097,0.0285504683682101,-0.0392938495739327
PAMontgomery County,0.0000000000000000,-0.0337635803465776,0.0337635803465779,-0.0456959667103328
PAMontour County,0.0000000000000000,-0.0282987253518319,0.0282987253518319,-0.0390503268362121
PANorthampton County,0.0000000000000000,-0.0332349904586000,0.0332349904586000,-0.0451124094541568
PANorthumberland County,0.0000000000000000,-0.0282604379492694,0.0282604379492690,-0.0390434213123664
PAPerry County,0.0000000000000000,-0.0270168037999390,0.0270168037999388,-0.0376069198540244
PAPhiladelphia County,0.0000000000000000,-0.0351594048068182,0.0351594048068178,-0.0471671183881931
PAPike County,0.0000000000000000,-0.0295692781836200,0.0295692781836194,-0.0400490451646055
PAPotter County,0.0000000000000000,-0.0229095534599072,0.0229095534599073,-0.0336853887228432
PASchuylkill County,0.0000000000000000,-0.0271558724448347,0.0271558724448333,-0.0378249929882795
PASnyder County,0.0000000000000000,-0.0282754490521808,0.0282754490521802,-0.0393223638565307
PASomerset County,0.0000000000000000,-0.0249661650288402,0.0249661650288404,-0.0352131763350874
PASullivan County,0.0000000000000000,-0.0231500490926725,0.0231500490926726,-0.0336721043256899
PASusquehanna County,0.0000000000000000,-0.0267038214892673,0.0267038214892668,-0.0372530143841905
PATioga County,0.0000000000000000,-0.0236683356095848,0.0236683356095848,-0.0344255518176264
PAUnion County,0.0000000000000000,-0.0277346440281763,0.0277346440281765,-0.0385963708125251
PAVenango County,0.0000000000000000,-0.0186563941526386,0.0186563941526390,-0.0287603856552048
PAWarren County,0.0000000000000000,-0.0238700319130534,0.0238700319130538,-0.0340594449999271
PAWashington County,0.0000000000000000,-0.0236919518861608,0.0236919518861602,-0.0342763505442406
PAWayne County,0.0000000000000000,-0.0278095851101003,0.0278095851101003,-0.0381529367313264
PAWestmoreland County,0.0000000000000000,-0.0232373670286978,0.0232373670286989,-0.0332412430016662
PAWyoming County,0.0000000000000000,-0.0272868631080051,0.0272868631080048,-0.0381088494262439
PAYork County,0.0000000000000000,-0.0316957876029760,0.0316957876029764,-0.0429241864264283
RIBristol County,0.0000000000000000,-0.0441331872670555,0.0441331872670550,-0.0587694899937804
RIKent County,0.0000000000000000,-0.0444563651714671,0.0444563651714671,-0.0587418873857664
RINewport County,0.0000000000000000,-0.0460709060291850,0.0460709060291862,-0.0621098039016795
RIProvidence County,0.0000000000000000,-0.0411097459955058,0.0411097459955052,-0.0540099265984846
RIWashington County,0.0000000000000000,-0.0449315318662393,0.0449315318662393,-0.0598050610598579
SCAbbeville County,0.0000000000000000,-0.0321446972430787,0.0321446972430794,-0.0437209475159124
SCAiken County,0.0000000000000000,-0.0369501978850357,0.0369501978850353,-0.0496949890385443
SCAllendale County,0.0000000000000000,-0.0418956969171173,0.0418956969171174,-0.0561781107363304
SCAnderson County,0.0000000000000000,-0.0311577527658222,0.0311577527658218,-0.0425244545141270
SCBamberg County,0.0000000000000000,-0.0413781874168417,0.0413781874168422,-0.0553790849837044
SCBarnwell County,0.0000000000000000,-0.0400759863484935,0.0400759863484941,-0.0534115080395136
SCBeaufort County,0.0000000000000000,-0.0294221507774681,0.0294221507774679,-0.0390021530539845
SCBerkeley County,0.0000000000000000,-0.0429879840514364,0.0429879840514367,-0.0571490896150244
SCCalhoun County,0.0000000000000000,-0.0403793787023384,0.0403793787023388,-0.0535786033204205
SCCharleston County,0.0000000000000000,-0.0321920414302378,0.0321920414302379,-0.0425026086833439
SCCherokee County,0.0000000000000000,-0.0291699724490136,0.0291699724490138,-0.0398398507577786
SCChester County,0.0000000000000000,-0.0319668196658852,0.0319668196658851,-0.0431618692504344
SCChesterfield County,0.0000000000000000,-0.0368972633993407,0.0368972633993410,-0.0492573634437377
SCClarendon County,0.0000000000000000,-0.0422428333829106,0.0422428333829106,-0.0557738482358768
SCColleton County,0.0000000000000000,-0.0404958469287348,0.0404958469287349,-0.0541287701579601
SCDarlington County,0.0000000000000000,-0.0399507798257659,0.0399507798257663,-0.0529822045240136
SCDillon County,0.0000000000000000,-0.0420591681317700,0.0420591681317701,-0.0557192028648917
SCDorchester County,0.0000000000000000,-0.0440706180115984,0.0440706180115980,-0.0588078167834746
SCEdgefield County,0.0000000000000000,-0.0354859353417681,0.0354859353417682,-0.0479396081816452
SCFairfield County,0.0000000000000000,-0.0326917633491924,0.0326917633491928,-0.0441448680765885
SCFlorence County,0.0000000000000000,-0.0422638043656689,0.0422638043656693,-0.0560109035925523
SCGeorgetown County,0.0000000000000000,-0.0348708472962509,0.0348708472962507,-0.0464266375091912
SCGreenville County,0.0000000000000000,-0.0287700782187983,0.0287700782187983,-0.0398408055406441
SCGreenwood County,0.0000000000000000,-0.0315889568032279,0.0315889568032277,-0.0430055465785977
SCHampton County,0.0000000000000000,-0.0426866527386164,0.0426866527386169,-0.0570790730124934
SCHorry County,0.0000000000000000,-0.0404960028085480,0.0404960028085477,-0.0536591090821946
SCJasper County,0.0000000000000000,-0.0365552201888429,0.0365552201888435,-0.0484915925499476
SCKershaw County,0.0000000000000000,-0.0362160763474423,0.0362160763474422,-0.0484206624137591
SCLancaster County,0.0000000000000000,-0.0326175364685271,0.0326175364685275,-0.0441135641698197
SCLaurens County,0.0000000000000000,-0.0306872351783853,0.0306872351783849,-0.0417893139988746
SCLee County,0.0000000000000000,-0.0403779335137090,0.0403779335137087,-0.0534214269022466
SCLexington County,0.0000000000000000,-0.0369425049606287,0.0369425049606293,-0.0495267127285525
SCMarion County,0.0000000000000000,-0.0433277326635222,0.0433277326635213,-0.0575176139045924
SCMarlboro County,0.0000000000000000,-0.0401548592994344,0.0401548592994341,-0.0533340630550552
SCMccormick County,0.0000000000000000,-0.0359523786600405,0.0359523786600406,-0.0484410036045685
SCNewberry County,0.0000000000000000,-0.0329833772109510,0.0329833772109513,-0.0442760807010503
SCOconee County,0.0000000000000000,-0.0304269116231788,0.0304269116231788,-0.0416881408018529
SCOrangeburg County,0.0000000000000000,-0.0414348890423960,0.0414348890423959,-0.0552160142590984
SCPickens County,0.0000000000000000,-0.0295086804226459,0.0295086804226459,-0.0408156114016012
SCRichland County,0.0000000000000000,-0.0357321114251880,0.0357321114251870,-0.0479478769852624
SCSaluda County,0.0000000000000000,-0.0352756137003521,0.0352756137003520,-0.0474172081291118
SCSpartanburg County,0.0000000000000000,-0.0297575326591580,0.0297575326591584,-0.0405955246878275
SCSumter County,0.0000000000000000,-0.0397116185140224,0.0397116185140218,-0.0526648570860677
SCUnion County,0.0000000000000000,-0.0306252087940985,0.0306252087940986,-0.0413438426001776
SCWilliamsburg County,0.0000000000000000,-0.0441124611734010,0.0441124611734007,-0.0583194181686407
SCYork County,0.0000000000000000,-0.0311388825526128,0.0311388825526124,-0.0422100531241770
SDAurora County,0.0000000000000000,0.0000000000000000,0.0000000000000000,0.0000000000000000
SDBeadle County,0.0000000000000000,0.0000000000000000,0.0000000000000000,0.0000000000000000
SDBennett County,0.0000000000000000,0.0000000000000000,0.0000000000000000,0.0000000000000000
SDBon Homme County,0.0000000000000000,0.0000000000000000,0.0000000000000000,0.0000000000000000
SDBrookings County,0.0000000000000000,0.0000000000000000,0.0000000000000000,0.0000000000000000
SDBrown County,0.0000000000000000,0.0000000000000000,0.0000000000000000,0.0000000000000000
SDBrule County,0.0000000000000000,0.0000000000000000,0.0000000000000000,0.0000000000000000
SDBuffalo County,0.0000000000000000,0.0000000000000000,0.0000000000000000,0.0000000000000000
SDButte County,0.0000000000000000,0.0000000000000000,0.0000000000000000,0.0000000000000000
SDCampbell County,0.0000000000000000,0.0000000000000000,0.0000000000000000,0.0000000000000000
SDCharles Mix County,0.0000000000000000,0.0000000000000000,0.0000000000000000,0.0000000000000000
SDClark County,0.0000000000000000,0.0000000000000000,0.0000000000000000,0.0000000000000000
SDClay County,0.0000000000000000,0.0000000000000000,0.0000000000000000,0.0000000000000000
SDCodington County,0.0000000000000000,0.0000000000000000,0.0000000000000000,0.0000000000000000
SDCorson County,0.0000000000000000,0.0000000000000000,0.0000000000000000,0.0000000000000000
SDCuster County,0.0000000000000000,0.0000000000000000,0.0000000000000000,0.0000000000000000
SDDavison County,0.0000000000000000,0.0000000000000000,0.0000000000000000,0.0000000000000000
SDDay County,0.0000000000000000,0.0000000000000000,0.0000000000000000,0.0000000000000000
SDDeuel County,0.0000000000000000,0.0000000000000000,0.0000000000000000,0.0000000000000000
SDDewey County,0.0000000000000000,0.0000000000000000,0.0000000000000000,0.0000000000000000
SDDouglas County,0.0000000000000000,0.0000000000000000,0.0000000000000000,0.0000000000000000
SDEdmunds County,0.0000000000000000,0.0000000000000000,0.0000000000000000,0.0000000000000000
SDFall River County,0.0000000000000000,0.0000000000000000,0.0000000000000000,0.0000000000000000
SDFaulk County,0.0000000000000000,0.0000000000000000,0.0000000000000000,0.0000000000000000
SDGrant County,0.0000000000000000,0.0000000000000000,0.0000000000000000,0.0000000000000000
SDGregory County,0.0000000000000000,0.0000000000000000,0.0000000000000000,0.0000000000000000
SDHaakon County,0.0000000000000000,0.0000000000000000,0.0000000000000000,0.0000000000000000
SDHamlin County,0.0000000000000000,0.0000000000000000,0.0000000000000000,0.0000000000000000
SDHand County,0.0000000000000000,0.0000000000000000,0.0000000000000000,0.0000000000000000
SDHanson County,0.0000000000000000,0.0000000000000000,0.0000000000000000,0.0000000000000000
SDHarding County,0.0000000000000000,0.0000000000000000,0.0000000000000000,0.0000000000000000
SDHughes County,0.0000000000000000,0.0000000000000000,0.0000000000000000,0.0000000000000000
SDHutchinson County,0.0000000000000000,0.0000000000000000,0.0000000000000000,0.0000000000000000
SDHyde County,0.0000000000000000,0.0000000000000000,0.0000000000000000,0.0000000000000000
SDJackson County,0.0000000000000000,0.0000000000000000,0.0000000000000000,0.0000000000000000
SDJerauld County,0.0000000000000000,0.0000000000000000,0.0000000000000000,0.0000000000000000
SDJones County,0.0000000000000000,0.0000000000000000,0.0000000000000000,0.0000000000000000
SDKingsbury County,0.0000000000000000,0.0000000000000000,0.0000000000000000,0.0000000000000000
SDLake County,0.0000000000000000,0.0000000000000000,0.0000000000000000,0.0000000000000000
SDLawrence County,0.0000000000000000,0.0000000000000000,0.0000000000000000,0.0000000000000000
SDLincoln County,0.0000000000000000,0.0000000000000000,0.0000000000000000,0.0000000000000000
SDLyman County,0.0000000000000000,0.0000000000000000,0.0000000000000000,0.0000000000000000
SDMarshall County,0.0000000000000000,0.0000000000000000,0.0000000000000000,0.0000000000000000
SDMccook County,0.0000000000000000,0.0000000000000000,0.0000000000000000,0.0000000000000000
SDMcpherson County,0.0000000000000000,0.0000000000000000,0.0000000000000000,0.0000000000000000
SDMeade County,0.0000000000000000,0.0000000000000000,0.0000000000000000,0.0000000000000000
SDMellette County,0.0000000000000000,0.0000000000000000,0.0000000000000000,0.0000000000000000
SDMiner County,0.0000000000000000,0.0000000000000000,0.0000000000000000,0.0000000000000000
SDMinnehaha County,0.0000000000000000,0.0000000000000000,0.0000000000000000,0.0000000000000000
SDMoody County,0.0000000000000000,0.0000000000000000,0.0000000000000000,0.0000000000000000
SDOglala Lakota County,0.0000000000000000,0.0000000000000000,0.0000000000000000,0.0000000000000000
SDPennington County,0.0000000000000000,0.0000000000000000,0.0000000000000000,0.0000000000000000
SDPerkins County,0.0000000000000000,0.0000000000000000,0.0000000000000000,0.0000000000000000
SDPotter County,0.0000000000000000,0.0000000000000000,0.0000000000000000,0.0000000000000000
SDRoberts County,0.0000000000000000,0.0000000000000000,0.0000000000000000,0.0000000000000000
SDSanborn County,0.0000000000000000,0.0000000000000000,0.0000000000000000,0.0000000000000000
SDSpink County,0.0000000000000000,0.0000000000000000,0.0000000000000000,0.0000000000000000
SDStanley County,0.0000000000000000,0.0000000000000000,0.0000000000000000,0.0000000000000000
SDSully County,0.0000000000000000,0.0000000000000000,0.0000000000000000,0.0000000000000000
SDTodd County,0.0000000000000000,0.0000000000000000,0.0000000000000000,0.0000000000000000
SDTripp County,0.0000000000000000,0.0000000000000000,0.0000000000000000,0.0000000000000000
SDTurner County,0.0000000000000000,0.0000000000000000,0.0000000000000000,0.0000000000000000
SDUnion County,0.0000000000000000,0.0000000000000000,0.0000000000000000,0.0000000000000000
SDWalworth County,0.0000000000000000,0.0000000000000000,0.0000000000000000,0.0000000000000000
SDYankton County,0.0000000000000000,0.0000000000000000,0.0000000000000000,0.0000000000000000
SDZiebach County,0.0000000000000000,0.0000000000000000,0.0000000000000000,0.0000000000000000
TNAnderson County,0.0000000000000000,0.0000000000000000,0.0000000000000000,0.0000000000000000
TNBedford County,0.0000000000000000,0.0000000000000000,0.0000000000000000,0.0000000000000000
TNBenton County,0.0000000000000000,0.0000000000000000,0.0000000000000000,0.0000000000000000
TNBledsoe County,0.0000000000000000,0.0000000000000000,0.0000000000000000,0.0000000000000000
TNBlount County,0.0000000000000000,0.0000000000000000,0.0000000000000000,0.0000000000000000
TNBradley County,0.0000000000000000,0.0000000000000000,0.0000000000000000,0.0000000000000000
TNCampbell County,0.0000000000000000,0.0000000000000000,0.0000000000000000,0.0000000000000000
TNCannon County,0.0000000000000000,0.0000000000000000,0.0000000000000000,0.0000000000000000
TNCarroll County,0.0000000000000000,0.0000000000000000,0.0000000000000000,0.0000000000000000
TNCarter County,0.0000000000000000,0.0000000000000000,0.0000000000000000,0.0000000000000000
TNCheatham County,0.0000000000000000,0.0000000000000000,0.0000000000000000,0.0000000000000000
TNChester County,0.0000000000000000,0.0000000000000000,0.0000000000000000,0.0000000000000000
TNClaiborne County,0.0000000000000000,0.0000000000000000,0.0000000000000000,0.0000000000000000
TNClay County,0.0000000000000000,0.0000000000000000,0.0000000000000000,0.0000000000000000
TNCocke County,0.0000000000000000,0.0000000000000000,0.0000000000000000,0.0000000000000000
TNCoffee County,0.0000000000000000,0.0000000000000000,0.0000000000000000,0.0000000000000000
TNCrockett County,0.0000000000000000,0.0000000000000000,0.0000000000000000,0.0000000000000000
TNCumberland County,0.0000000000000000,0.0000000000000000,0.0000000000000000,0.0000000000000000
TNDavidson County,0.0000000000000000,0.0000000000000000,0.0000000000000000,0.0000000000000000
TNDecatur County,0.0000000000000000,0.0000000000000000,0.0000000000000000,0.0000000000000000
TNDekalb County,0.0000000000000000,0.0000000000000000,0.0000000000000000,0.0000000000000000
TNDickson County,0.0000000000000000,0.0000000000000000,0.0000000000000000,0.0000000000000000
TNDyer County,0.0000000000000000,0.0000000000000000,0.0000000000000000,0.0000000000000000
TNFayette County,0.0000000000000000,0.0000000000000000,0.0000000000000000,0.0000000000000000
TNFentress County,0.0000000000000000,0.0000000000000000,0.0000000000000000,0.0000000000000000
TNFranklin County,0.0000000000000000,0.0000000000000000,0.0000000000000000,0.0000000000000000
TNGibson County,0.0000000000000000,0.0000000000000000,0.0000000000000000,0.0000000000000000
TNGiles County,0.0000000000000000,0.0000000000000000,0.0000000000000000,0.0000000000000000
TNGrainger County,0.0000000000000000,0.0000000000000000,0.0000000000000000,0.0000000000000000
TNGreene County,0.0000000000000000,0.0000000000000000,0.0000000000000000,0.0000000000000000
TNGrundy County,0.0000000000000000,0.0000000000000000,0.0000000000000000,0.0000000000000000
TNHamblen County,0.0000000000000000,0.0000000000000000,0.0000000000000000,0.0000000000000000
TNHamilton County,0.0000000000000000,0.0000000000000000,0.0000000000000000,0.0000000000000000
TNHancock County,0.0000000000000000,0.0000000000000000,0.0000000000000000,0.0000000000000000
TNHardeman County,0.0000000000000000,0.0000000000000000,0.0000000000000000,0.0000000000000000
TNHardin County,0.0000000000000000,0.0000000000000000,0.0000000000000000,0.0000000000000000
TNHawkins County,0.0000000000000000,0.0000000000000000,0.0000000000000000,0.0000000000000000
TNHaywood County,0.0000000000000000,0.0000000000000000,0.0000000000000000,0.0000000000000000
TNHenderson County,0.0000000000000000,0.0000000000000000,0.0000000000000000,0.0000000000000000
TNHenry County,0.0000000000000000,0.0000000000000000,0.0000000000000000,0.0000000000000000
TNHickman County,0.0000000000000000,0.0000000000000000,0.0000000000000000,0.0000000000000000
TNHouston County,0.0000000000000000,0.0000000000000000,0.0000000000000000,0.0000000000000000
TNHumphreys County,0.0000000000000000,0.0000000000000000,0.0000000000000000,0.0000000000000000
TNJackson County,0.0000000000000000,0.0000000000000000,0.0000000000000000,0.0000000000000000
TNJefferson County,0.0000000000000000,0.0000000000000000,0.0000000000000000,0.0000000000000000
TNJohnson County,0.0000000000000000,0.0000000000000000,0.0000000000000000,0.0000000000000000
TNKnox County,0.0000000000000000,0.0000000000000000,0.0000000000000000,0.0000000000000000
TNLake County,0.0000000000000000,0.0000000000000000,0.0000000000000000,0.0000000000000000
TNLauderdale County,0.0000000000000000,0.0000000000000000,0.0000000000000000,0.0000000000000000
TNLawrence County,0.0000000000000000,0.0000000000000000,0.0000000000000000,0.0000000000000000
TNLewis County,0.0000000000000000,0.0000000000000000,0.0000000000000000,0.0000000000000000
TNLincoln County,0.0000000000000000,0.0000000000000000,0.0000000000000000,0.0000000000000000
TNLoudon County,0.0000000000000000,0.0000000000000000,0.0000000000000000,0.0000000000000000
TNMacon County,0.0000000000000000,0.0000000000000000,0.0000000000000000,0.0000000000000000
TNMadison County,0.0000000000000000,0.0000000000000000,0.0000000000000000,0.0000000000000000
TNMarion County,0.0000000000000000,0.0000000000000000,0.0000000000000000,0.0000000000000000
TNMarshall County,0.0000000000000000,0.0000000000000000,0.0000000000000000,0.0000000000000000
TNMaury County,0.0000000000000000,0.0000000000000000,0.0000000000000000,0.0000000000000000
TNMcminn County,0.0000000000000000,0.0000000000000000,0.0000000000000000,0.0000000000000000
TNMcnairy County,0.0000000000000000,0.0000000000000000,0.0000000000000000,0.0000000000000000
TNMeigs County,0.0000000000000000,0.0000000000000000,0.0000000000000000,0.0000000000000000
TNMonroe County,0.0000000000000000,0.0000000000000000,0.0000000000000000,0.0000000000000000
TNMontgomery County,0.0000000000000000,0.0000000000000000,0.0000000000000000,0.0000000000000000
TNMoore County,0.0000000000000000,0.0000000000000000,0.0000000000000000,0.0000000000000000
TNMorgan County,0.0000000000000000,0.0000000000000000,0.0000000000000000,0.0000000000000000
TNObion County,0.0000000000000000,0.0000000000000000,0.0000000000000000,0.0000000000000000
TNOverton County,0.0000000000000000,0.0000000000000000,0.0000000000000000,0.0000000000000000
TNPerry County,0.0000000000000000,0.0000000000000000,0.0000000000000000,0.0000000000000000
TNPickett County,0.0000000000000000,0.0000000000000000,0.0000000000000000,0.0000000000000000
TNPolk County,0.0000000000000000,0.0000000000000000,0.0000000000000000,0.0000000000000000
TNPutnam County,0.0000000000000000,0.0000000000000000,0.0000000000000000,0.0000000000000000
TNRhea County,0.0000000000000000,0.0000000000000000,0.0000000000000000,0.0000000000000000
TNRoane County,0.0000000000000000,0.0000000000000000,0.0000000000000000,0.0000000000000000
TNRobertson County,0.0000000000000000,0.0000000000000000,0.0000000000000000,0.0000000000000000
TNRutherford County,0.0000000000000000,0.0000000000000000,0.0000000000000000,0.0000000000000000
TNScott County,0.0000000000000000,0.0000000000000000,0.0000000000000000,0.0000000000000000
TNSequatchie County,0.0000000000000000,0.0000000000000000,0.0000000000000000,0.0000000000000000
TNSevier County,0.0000000000000000,0.0000000000000000,0.0000000000000000,0.0000000000000000
TNShelby County,0.0000000000000000,0.0000000000000000,0.0000000000000000,0.0000000000000000
TNSmith County,0.0000000000000000,0.0000000000000000,0.0000000000000000,0.0000000000000000
TNStewart County,0.0000000000000000,0.0000000000000000,0.0000000000000000,0.0000000000000000
TNSullivan County,0.0000000000000000,0.0000000000000000,0.0000000000000000,0.0000000000000000
TNSumner County,0.0000000000000000,0.0000000000000000,0.0000000000000000,0.0000000000000000
TNTipton County,0.0000000000000000,0.0000000000000000,0.0000000000000000,0.0000000000000000
TNTrousdale County,0.0000000000000000,0.0000000000000000,0.0000000000000000,0.0000000000000000
TNUnicoi County,0.0000000000000000,0.0000000000000000,0.0000000000000000,0.0000000000000000
TNUnion County,0.0000000000000000,0.0000000000000000,0.0000000000000000,0.0000000000000000
TNVan Buren County,0.0000000000000000,0.0000000000000000,0.0000000000000000,0.0000000000000000
TNWarren County,0.0000000000000000,0.0000000000000000,0.0000000000000000,0.0000000000000000
TNWashington County,0.0000000000000000,0.0000000000000000,0.0000000000000000,0.0000000000000000
TNWayne County,0.0000000000000000,0.0000000000000000,0.0000000000000000,0.0000000000000000
TNWeakley County,0.0000000000000000,0.0000000000000000,0.0000000000000000,0.0000000000000000
TNWhite County,0.0000000000000000,0.0000000000000000,0.0000000000000000,0.0000000000000000
TNWilliamson County,0.0000000000000000,0.0000000000000000,0.0000000000000000,0.0000000000000000
TNWilson County,0.0000000000000000,0.0000000000000000,0.0000000000000000,0.0000000000000000
TXAnderson County,0.0000000000000000,-0.0365226106900653,0.0365226106900660,-0.0488122880333838
TXAndrews County,0.0000000000000000,-0.0240656836556471,0.0240656836556465,-0.0340656836556469
TXAngelina County,0.0000000000000000,-0.0399116998264967,0.0399116998264957,-0.0533295674186391
TXAransas County,0.0000000000000000,-0.0399583416139496,0.0399583416139495,-0.0529806940763282
TXArcher County,0.0000000000000000,-0.0299614308459760,0.0299614308459761,-0.0409360216452813
TXArmstrong County,0.0000000000000000,-0.0240005894877119,0.0240005894877113,-0.0340005894877120
TXAtascosa County,0.0000000000000000,-0.0431193852532974,0.0431193852532972,-0.0571274743079301
TXAustin County,0.0000000000000000,-0.0445256398667238,0.0445256398667240,-0.0592002098384755
TXBailey County,0.0000000000000000,-0.0139899864449690,0.0139899864449688,-0.0239899864449689
TXBandera County,0.0000000000000000,-0.0351973276827947,0.0351973276827946,-0.0472729732495460
TXBastrop County,0.0000000000000000,-0.0414933443752201,0.0414933443752201,-0.0553999056224681
TXBaylor County,0.0000000000000000,-0.0312287337920298,0.0312287337920301,-0.0432327609281095
TXBee County,0.0000000000000000,-0.0452065575253570,0.0452065575253566,-0.0603075231390339
TXBell County,0.0000000000000000,-0.0377843048411890,0.0377843048411890,-0.0510537746173466
TXBexar County,0.0000000000000000,-0.0390981950492975,0.0390981950492963,-0.0518719177933938
TXBlanco County,0.0000000000000000,-0.0376714689806490,0.0376714689806481,-0.0496994861196004
TXBorden County,0.0000000000000000,-0.0222602932672081,0.0222602932672078,-0.0325675481111088
TXBosque County,0.0000000000000000,-0.0351023053993010,0.0351023053993014,-0.0473018885217555
TXBowie County,0.0000000000000000,-0.0319733346799937,0.0319733346799949,-0.0429427496394642
TXBrazoria County,0.0000000000000000,-0.0317828984528449,0.0317828984528454,-0.0423629344299316
TXBrazos County,0.0000000000000000,-0.0411825230998493,0.0411825230998493,-0.0545440101196285
TXBrewster County,0.0000000000000000,-0.0266682799891386,0.0266682799891387,-0.0369386393620095
TXBriscoe County,0.0000000000000000,-0.0232659357465119,0.0232659357465124,-0.0332659357465116
TXBrooks County,0.0000000000000000,-0.0442706611147952,0.0442706611147952,-0.0594931460264866
TXBrown County,0.0000000000000000,-0.0329556127063354,0.0329556127063353,-0.0441897067213420
TXBurleson County,0.0000000000000000,-0.0423764419622488,0.0423764419622492,-0.0561133447743558
TXBurnet County,0.0000000000000000,-0.0370664900241267,0.0370664900241264,-0.0491714954030388
TXCaldwell County,0.0000000000000000,-0.0423220131039029,0.0423220131039033,-0.0562907589937203
TXCalhoun County,0.0000000000000000,-0.0348701702086291,0.0348701702086283,-0.0465679200080367
TXCallahan County,0.0000000000000000,-0.0312763855684882,0.0312763855684879,-0.0426883916999212
TXCameron County,0.0000000000000000,-0.0358142955284709,0.0358142955284708,-0.0476038489133589
TXCamp County,0.0000000000000000,-0.0329444006200834,0.0329444006200832,-0.0444136752149610
TXCarson County,0.0000000000000000,-0.0187419170181634,0.0187419170181637,-0.0287419170181633
TXCass County,0.0000000000000000,-0.0323568854465955,0.0323568854465954,-0.0436115228654637
TXCastro County,0.0000000000000000,-0.0150811576560362,0.0150811576560361,-0.0250811576560361
TXChambers County,0.0000000000000000,-0.0341230497636349,0.0341230497636351,-0.0454297326908580
TXCherokee County,0.0000000000000000,-0.0363030806381116,0.0363030806381117,-0.0483159177164523
TXChildress County,0.0000000000000000,-0.0246496836151995,0.0246496836151999,-0.0346496836151994
TXClay County,0.0000000000000000,-0.0295696679281426,0.0295696679281423,-0.0411423426525880
TXCochran County,0.0000000000000000,-0.0158089624356820,0.0158089624356819,-0.0258089624356819
TXCoke County,0.0000000000000000,-0.0274049034019214,0.0274049034019215,-0.0383163469955441
TXColeman County,0.0000000000000000,-0.0307579003706425,0.0307579003706429,-0.0417849419213355
TXCollin County,0.0000000000000000,-0.0305953402281354,0.0305953402281356,-0.0418672947789228
TXCollingsworth County,0.0000000000000000,-0.0191218532701646,0.0191218532701645,-0.0291218532701644
TXColorado County,0.0000000000000000,-0.0448751503313449,0.0448751503313449,-0.0599256260718933
TXComal County,0.0000000000000000,-0.0402583237445183,0.0402583237445182,-0.0533724925009931
TXComanche County,0.0000000000000000,-0.0341669057561167,0.0341669057561169,-0.0460501425215655
TXConcho County,0.0000000000000000,-0.0299604677698578,0.0299604677698577,-0.0410841482150405
TXCooke County,0.0000000000000000,-0.0313166056610631,0.0313166056610628,-0.0437885076985771
TXCoryell County,0.0000000000000000,-0.0361743501947813,0.0361743501947811,-0.0489084945623376
TXCottle County,0.0000000000000000,-0.0264176345585991,0.0264176345585980,-0.0364176345585996
TXCrane County,0.0000000000000000,-0.0299870093932090,0.0299870093932093,-0.0417270421804854
TXCrockett County,0.0000000000000000,-0.0270325107437572,0.0270325107437590,-0.0379987219978186
TXCrosby County,0.0000000000000000,-0.0221801642997338,0.0221801642997344,-0.0322914930955313
TXCulberson County,0.0000000000000000,-0.0201137312209424,0.0201137312209418,-0.0301137312209422
TXDallam County,0.0000000000000000,-0.0156279190472739,0.0156279190472741,-0.0256279190472739
TXDallas County,0.0000000000000000,-0.0301893910611134,0.0301893910611144,-0.0413072807239846
TXDawson County,0.0000000000000000,-0.0205719341227497,0.0205719341227490,-0.0305719341227496
TXDeaf Smith County,0.0000000000000000,-0.0139840984391456,0.0139840984391459,-0.0239840984391457
TXDelta County,0.0000000000000000,-0.0343360481248270,0.0343360481248272,-0.0460230356786278
TXDenton County,0.0000000000000000,-0.0313765151133053,0.0313765151133047,-0.0433153049353343
TXDewitt County,0.0000000000000000,-0.0438130741239834,0.0438130741239831,-0.0585509794025210
TXDickens County,0.0000000000000000,-0.0244677948418820,0.0244677948418819,-0.0344677948418820
TXDimmit County,0.0000000000000000,-0.0420630191766485,0.0420630191766478,-0.0566535316728045
TXDonley County,0.0000000000000000,-0.0191588581506645,0.0191588581506650,-0.0291588581506648
TXDuval County,0.0000000000000000,-0.0451655627320787,0.0451655627320782,-0.0603385076426691
TXEastland County,0.0000000000000000,-0.0334771139448927,0.0334771139448924,-0.0454397648252951
TXEctor County,0.0000000000000000,-0.0239934280337012,0.0239934280337013,-0.0339934280337012
TXEdwards County,0.0000000000000000,-0.0325081971380241,0.0325081971380237,-0.0440960566550974
TXEl Paso County,0.0000000000000000,-0.0100000000000023,0.0100000000000051,-0.0200000000000005
TXEllis County,0.0000000000000000,-0.0352148053013390,0.0352148053013386,-0.0474402117166534
TXErath County,0.0000000000000000,-0.0338514054841089,0.0338514054841095,-0.0455070405402164
TXFalls County,0.0000000000000000,-0.0388462300476183,0.0388462300476184,-0.0522338001085729
TXFannin County,0.0000000000000000,-0.0326380706027123,0.0326380706027118,-0.0442644082360667
TXFayette County,0.0000000000000000,-0.0436617732411202,0.0436617732411204,-0.0581335355725286
TXFisher County,0.0000000000000000,-0.0265511859304677,0.0265511859304672,-0.0365511859304671
TXFloyd County,0.0000000000000000,-0.0210570021684051,0.0210570021684049,-0.0310570021684048
TXFoard County,0.0000000000000000,-0.0309014028849665,0.0309014028849657,-0.0418487531460399
TXFort Bend County,0.0000000000000000,-0.0457056944313657,0.0457056944313661,-0.0611188326585580
TXFranklin County,0.0000000000000000,-0.0337365307205373,0.0337365307205371,-0.0452139385401024
TXFreestone County,0.0000000000000000,-0.0380794534862365,0.0380794534862365,-0.0507966923918145
TXFrio County,0.0000000000000000,-0.0413634001719075,0.0413634001719079,-0.0553244083643050
TXGaines County,0.0000000000000000,-0.0218286160795227,0.0218286160795227,-0.0318286160795227
TXGalveston County,0.0000000000000000,-0.0242111538988065,0.0242111538988072,-0.0321924630891488
TXGarza County,0.0000000000000000,-0.0244847492278069,0.0244847492278073,-0.0348106322773003
TXGillespie County,0.0000000000000000,-0.0360981726117985,0.0360981726117993,-0.0480066063534990
TXGlasscock County,0.0000000000000000,-0.0255486621685166,0.0255486621685153,-0.0364086085137936
TXGoliad County,0.0000000000000000,-0.0450026158922557,0.0450026158922561,-0.0602901008781630
TXGonzales County,0.0000000000000000,-0.0432584164674048,0.0432584164674048,-0.0577243932054438
TXGray County,0.0000000000000000,-0.0168609047730645,0.0168609047730643,-0.0268609047730645
TXGrayson County,0.0000000000000000,-0.0311866211896029,0.0311866211896032,-0.0429020228150431
TXGregg County,0.0000000000000000,-0.0337350015741527,0.0337350015741522,-0.0452420253814240
TXGrimes County,0.0000000000000000,-0.0433084709725204,0.0433084709725204,-0.0576498960184630
TXGuadalupe County,0.0000000000000000,-0.0419804614912642,0.0419804614912636,-0.0558642409094793
TXHale County,0.0000000000000000,-0.0169525730847454,0.0169525730847451,-0.0269525730847453
TXHall County,0.0000000000000000,-0.0220730890253606,0.0220730890253606,-0.0320730890253609
TXHamilton County,0.0000000000000000,-0.0343677061914704,0.0343677061914713,-0.0461533009896462
TXHansford County,0.0000000000000000,-0.0157780195239113,0.0157780195239112,-0.0257780195239115
TXHardeman County,0.0000000000000000,-0.0267569796937998,0.0267569796937992,-0.0373912298170701
TXHardin County,0.0000000000000000,-0.0445097027698806,0.0445097027698813,-0.0593048438103062
TXHarris County,0.0000000000000000,-0.0448727678513092,0.0448727678513108,-0.0599763011601211
TXHarrison County,0.0000000000000000,-0.0328824690025189,0.0328824690025180,-0.0443232460028558
TXHartley County,0.0000000000000000,-0.0121589437102365,0.0121589437102365,-0.0221589437102364
TXHaskell County,0.0000000000000000,-0.0301630386644420,0.0301630386644420,-0.0413133204003576
TXHays County,0.0000000000000000,-0.0404496327702515,0.0404496327702517,-0.0534485968701235
TXHemphill County,0.0000000000000000,-0.0148601605863764,0.0148601605863770,-0.0248601605863762
TXHenderson County,0.0000000000000000,-0.0365264134957255,0.0365264134957257,-0.0485739446003716
TXHidalgo County,0.0000000000000000,-0.0445732992429539,0.0445732992429544,-0.0598043391537019
TXHill County,0.0000000000000000,-0.0364766495441258,0.0364766495441260,-0.0493021372963963
TXHockley County,0.0000000000000000,-0.0170453887522966,0.0170453887522968,-0.0270453887522967
TXHood County,0.0000000000000000,-0.0340909532136520,0.0340909532136526,-0.0457140981209454
TXHopkins County,0.0000000000000000,-0.0329818762000849,0.0329818762000844,-0.0442768323907335
TXHouston County,0.0000000000000000,-0.0391623010522149,0.0391623010522153,-0.0523546569178901
TXHoward County,0.0000000000000000,-0.0230327244128452,0.0230327244128452,-0.0331683534241772
TXHudspeth County,0.0000000000000000,-0.0117878618170404,0.0117878618170399,-0.0217878618170404
TXHunt County,0.0000000000000000,-0.0328562073316333,0.0328562073316332,-0.0442685582486753
TXHutchinson County,0.0000000000000000,-0.0144934983346299,0.0144934983346299,-0.0244934983346299
TXIrion County,0.0000000000000000,-0.0272830873435501,0.0272830873435501,-0.0377786154572499
TXJack County,0.0000000000000000,-0.0318138990807539,0.0318138990807542,-0.0434270418770037
TXJackson County,0.0000000000000000,-0.0431837139328284,0.0431837139328286,-0.0572462196610081
TXJasper County,0.0000000000000000,-0.0434132608933342,0.0434132608933346,-0.0580128462080922
TXJeff Davis County,0.0000000000000000,-0.0189853616884865,0.0189853616884863,-0.0289853616884869
TXJefferson County,0.0000000000000000,-0.0327396375216461,0.0327396375216467,-0.0436734543785412
TXJim Hogg County,0.0000000000000000,-0.0447741067135394,0.0447741067135392,-0.0600032235604842
TXJim Wells County,0.0000000000000000,-0.0446514473882066,0.0446514473882067,-0.0593289418401469
TXJohnson County,0.0000000000000000,-0.0347594934842974,0.0347594934842976,-0.0468663457289671
TXJones County,0.0000000000000000,-0.0287021702956067,0.0287021702956070,-0.0395602548608380
TXKarnes County,0.0000000000000000,-0.0446244850930353,0.0446244850930360,-0.0592504679742977
TXKaufman County,0.0000000000000000,-0.0345177227154678,0.0345177227154680,-0.0461316148385323
TXKendall County,0.0000000000000000,-0.0376190304834080,0.0376190304834081,-0.0501043417558485
TXKenedy County,0.0000000000000000,-0.0413065612873693,0.0413065612873702,-0.0546740568859609
TXKent County,0.0000000000000000,-0.0246453104931461,0.0246453104931459,-0.0346453104931463
TXKerr County,0.0000000000000000,-0.0346453789002150,0.0346453789002159,-0.0465827907665648
TXKimble County,0.0000000000000000,-0.0308678895131766,0.0308678895131769,-0.0419294894032490
TXKing County,0.0000000000000000,-0.0261059904271975,0.0261059904271979,-0.0361059904271981
TXKinney County,0.0000000000000000,-0.0384930525790586,0.0384930525790586,-0.0510911739809472
TXKleberg County,0.0000000000000000,-0.0271817614203711,0.0271817614203704,-0.0361230973952806
TXKnox County,0.0000000000000000,-0.0321476500056513,0.0321476500056519,-0.0443314775829360
TXLa Salle County,0.0000000000000000,-0.0431053800163106,0.0431053800163117,-0.0575548411416106
TXLamar County,0.0000000000000000,-0.0332921372861272,0.0332921372861272,-0.0447294861860459
TXLamb County,0.0000000000000000,-0.0139563094673009,0.0139563094673008,-0.0239563094673007
TXLampasas County,0.0000000000000000,-0.0353599465110387,0.0353599465110390,-0.0471746299129829
TXLavaca County,0.0000000000000000,-0.0448262035421807,0.0448262035421807,-0.0597239279609199
TXLee County,0.0000000000000000,-0.0423047066440932,0.0423047066440934,-0.0562716498998024
TXLeon County,0.0000000000000000,-0.0393223665858761,0.0393223665858764,-0.0524517574693673
TXLiberty County,0.0000000000000000,-0.0444932312425881,0.0444932312425881,-0.0594890021950689
TXLimestone County,0.0000000000000000,-0.0384842670953544,0.0384842670953540,-0.0517457662400904
TXLipscomb County,0.0000000000000000,-0.0157614216417223,0.0157614216417226,-0.0257614216417225
TXLive Oak County,0.0000000000000000,-0.0449376631754389,0.0449376631754395,-0.0598056562641255
TXLlano County,0.0000000000000000,-0.0365547792960687,0.0365547792960683,-0.0484456682746575
TXLoving County,0.0000000000000000,-0.0326951679974065,0.0326951679974063,-0.0426951679974065
TXLubbock County,0.0000000000000000,-0.0192387865244964,0.0192387865244961,-0.0292387865244962
TXLynn County,0.0000000000000000,-0.0203281731055655,0.0203281731055649,-0.0306985822588161
TXMadison County,0.0000000000000000,-0.0413153484133721,0.0413153484133719,-0.0550082211114483
TXMarion County,0.0000000000000000,-0.0327368848028530,0.0327368848028531,-0.0439976282357817
TXMartin County,0.0000000000000000,-0.0223434375924320,0.0223434375924318,-0.0328715419782245
TXMason County,0.0000000000000000,-0.0334123168783158,0.0334123168783167,-0.0448481622974040
TXMatagorda County,0.0000000000000000,-0.0364501515511587,0.0364501515511584,-0.0483761029377098
TXMaverick County,0.0000000000000000,-0.0406542259088436,0.0406542259088445,-0.0546471281926419
TXMcculloch County,0.0000000000000000,-0.0315828737434181,0.0315828737434185,-0.0430206761783998
TXMclennan County,0.0000000000000000,-0.0365719480730702,0.0365719480730704,-0.0494375466704519
TXMcmullen County,0.0000000000000000,-0.0441956495237734,0.0441956495237728,-0.0589163187126783
TXMedina County,0.0000000000000000,-0.0385202336423520,0.0385202336423520,-0.0512506127700820
TXMenard County,0.0000000000000000,-0.0312015122209169,0.0312015122209166,-0.0424494266633121
TXMidland County,0.0000000000000000,-0.0225927564630038,0.0225927564630037,-0.0333960665921811
TXMilam County,0.0000000000000000,-0.0399111198113833,0.0399111198113831,-0.0534875572142076
TXMills County,0.0000000000000000,-0.0348318457004586,0.0348318457004584,-0.0466613029565665
TXMitchell County,0.0000000000000000,-0.0247168499955324,0.0247168499955328,-0.0349628540773587
TXMontague County,0.0000000000000000,-0.0308818396925825,0.0308818396925823,-0.0431465004222192
TXMontgomery County,0.0000000000000000,-0.0443444951677330,0.0443444951677332,-0.0592809228259467
TXMoore County,0.0000000000000000,-0.0149652666305957,0.0149652666305959,-0.0249652666305954
TXMorris County,0.0000000000000000,-0.0320507414409940,0.0320507414409941,-0.0432038093084322
TXMotley County,0.0000000000000000,-0.0229614631544214,0.0229614631544206,-0.0329614631544211
TXNacogdoches County,0.0000000000000000,-0.0384336741874592,0.0384336741874587,-0.0512026402689101
TXNavarro County,0.0000000000000000,-0.0375120195273829,0.0375120195273826,-0.0503193029652198
TXNewton County,0.0000000000000000,-0.0431436146805346,0.0431436146805342,-0.0575370483609485
TXNolan County,0.0000000000000000,-0.0261414729538505,0.0261414729538498,-0.0367064045682860
TXNueces County,0.0000000000000000,-0.0397819790910728,0.0397819790910729,-0.0529293218045266
TXOchiltree County,0.0000000000000000,-0.0138492021840695,0.0138492021840690,-0.0238492021840695
TXOldham County,0.0000000000000000,-0.0118838701534036,0.0118838701534039,-0.0218838701534035
TXOrange County,0.0000000000000000,-0.0308247819352050,0.0308247819352052,-0.0411995201637404
TXPalo Pinto County,0.0000000000000000,-0.0326276541613040,0.0326276541613044,-0.0442407987006765
TXPanola County,0.0000000000000000,-0.0351438304097579,0.0351438304097578,-0.0468188179511857
TXParker County,0.0000000000000000,-0.0337899426040381,0.0337899426040380,-0.0454838073124969
TXParmer County,0.0000000000000000,-0.0132814195952995,0.0132814195952995,-0.0232814195952996
TXPecos County,0.0000000000000000,-0.0277616859472607,0.0277616859472611,-0.0391272108571196
TXPolk County,0.0000000000000000,-0.0420806909502583,0.0420806909502580,-0.0560791621833638
TXPotter County,0.0000000000000000,-0.0221874549222046,0.0221874549222045,-0.0321874549222052
TXPresidio County,0.0000000000000000,-0.0170337193299129,0.0170337193299130,-0.0270337193299132
TXRains County,0.0000000000000000,-0.0343656201266215,0.0343656201266225,-0.0456115046720432
TXRandall County,0.0000000000000000,-0.0195862457228936,0.0195862457228930,-0.0295862457228937
TXReagan County,0.0000000000000000,-0.0262784407265628,0.0262784407265639,-0.0368161292347594
TXReal County,0.0000000000000000,-0.0327982132769381,0.0327982132769378,-0.0444824066612780
TXRed River County,0.0000000000000000,-0.0322531158554155,0.0322531158554156,-0.0437041825500376
TXReeves County,0.0000000000000000,-0.0220560042401401,0.0220560042401396,-0.0320560042401402
TXRefugio County,0.0000000000000000,-0.0408888712028956,0.0408888712028961,-0.0544462577144771
TXRoberts County,0.0000000000000000,-0.0145679068321126,0.0145679068321130,-0.0245679068321129
TXRobertson County,0.0000000000000000,-0.0396923895759990,0.0396923895759989,-0.0528501255128428
TXRockwall County,0.0000000000000000,-0.0322182441551512,0.0322182441551513,-0.0434617854244670
TXRunnels County,0.0000000000000000,-0.0278344043155502,0.0278344043155505,-0.0386653372591598
TXRusk County,0.0000000000000000,-0.0352714168738805,0.0352714168738808,-0.0468640687717772
TXSabine County,0.0000000000000000,-0.0409913693283023,0.0409913693283026,-0.0545183164931704
TXSan Augustine County,0.0000000000000000,-0.0413410427255566,0.0413410427255569,-0.0550130600175892
TXSan Jacinto County,0.0000000000000000,-0.0432882057850675,0.0432882057850672,-0.0576556321202457
TXSan Patricio County,0.0000000000000000,-0.0384858313377573,0.0384858313377574,-0.0512807390613572
TXSan Saba County,0.0000000000000000,-0.0341596545554224,0.0341596545554219,-0.0456096004684833
TXSchleicher County,0.0000000000000000,-0.0293987764187081,0.0293987764187083,-0.0400710691537983
TXScurry County,0.0000000000000000,-0.0247084387824301,0.0247084387824297,-0.0350412018509260
TXShackelford County,0.0000000000000000,-0.0339333705782288,0.0339333705782294,-0.0456847809337232
TXShelby County,0.0000000000000000,-0.0383072634827710,0.0383072634827706,-0.0504776709299684
TXSherman County,0.0000000000000000,-0.0142639905195732,0.0142639905195729,-0.0242639905195733
TXSmith County,0.0000000000000000,-0.0340210294936926,0.0340210294936929,-0.0451789645950093
TXSomervell County,0.0000000000000000,-0.0329497543134590,0.0329497543134589,-0.0446992330604178
TXStarr County,0.0000000000000000,-0.0440812761507419,0.0440812761507419,-0.0592180949220827
TXStephens County,0.0000000000000000,-0.0342960133129074,0.0342960133129067,-0.0467838338753107
TXSterling County,0.0000000000000000,-0.0257866753728080,0.0257866753728073,-0.0363914030822388
TXStonewall County,0.0000000000000000,-0.0264047246140995,0.0264047246140995,-0.0364047246140993
TXSutton County,0.0000000000000000,-0.0291654675225446,0.0291654675225457,-0.0399960225513751
TXSwisher County,0.0000000000000000,-0.0208482163404108,0.0208482163404105,-0.0308482163404110
TXTarrant County,0.0000000000000000,-0.0323420419514946,0.0323420419514957,-0.0440262287470748
TXTaylor County,0.0000000000000000,-0.0270024871195652,0.0270024871195655,-0.0373516841996943
TXTerrell County,0.0000000000000000,-0.0290661232849607,0.0290661232849614,-0.0398851976138823
TXTerry County,0.0000000000000000,-0.0202328084900815,0.0202328084900811,-0.0302328084900816
TXThrockmorton County,0.0000000000000000,-0.0341216140040668,0.0341216140040672,-0.0468327998825731
TXTitus County,0.0000000000000000,-0.0328637196267334,0.0328637196267334,-0.0443381152551211
TXTom Green County,0.0000000000000000,-0.0270365019996912,0.0270365019996912,-0.0378257160523821
TXTravis County,0.0000000000000000,-0.0389891993495929,0.0389891993495932,-0.0519508389389870
TXTrinity County,0.0000000000000000,-0.0394288783855976,0.0394288783855974,-0.0527748096555021
TXTyler County,0.0000000000000000,-0.0429834406740465,0.0429834406740464,-0.0575336306052671
TXUpshur County,0.0000000000000000,-0.0332184558448883,0.0332184558448889,-0.0445898032778443
TXUpton County,0.0000000000000000,-0.0265820577020691,0.0265820577020695,-0.0375263453234471
TXUvalde County,0.0000000000000000,-0.0375882988753782,0.0375882988753777,-0.0499675344203647
TXVal Verde County,0.0000000000000000,-0.0341291524273906,0.0341291524273906,-0.0459703905422936
TXVan Zandt County,0.0000000000000000,-0.0339661085007895,0.0339661085007901,-0.0452848298763084
TXVictoria County,0.0000000000000000,-0.0438669330395243,0.0438669330395243,-0.0587490497810129
TXWalker County,0.0000000000000000,-0.0418650971744312,0.0418650971744310,-0.0561018308546377
TXWaller County,0.0000000000000000,-0.0447584548829959,0.0447584548829958,-0.0596644262290589
TXWard County,0.0000000000000000,-0.0292622316832758,0.0292622316832756,-0.0414892538238688
TXWashington County,0.0000000000000000,-0.0442179557337110,0.0442179557337112,-0.0583964668222690
TXWebb County,0.0000000000000000,-0.0432395940464922,0.0432395940464931,-0.0576005179920748
TXWharton County,0.0000000000000000,-0.0452841761535047,0.0452841761535046,-0.0604876338589333
TXWheeler County,0.0000000000000000,-0.0182809208375843,0.0182809208375843,-0.0282809208375844
TXWichita County,0.0000000000000000,-0.0263317000950498,0.0263317000950509,-0.0375132775382040
TXWilbarger County,0.0000000000000000,-0.0264383887071032,0.0264383887071034,-0.0376714097397378
TXWillacy County,0.0000000000000000,-0.0339630043702026,0.0339630043702022,-0.0451800945217973
TXWilliamson County,0.0000000000000000,-0.0393333613128438,0.0393333613128444,-0.0527269511258346
TXWilson County,0.0000000000000000,-0.0432108698475553,0.0432108698475560,-0.0570741249251380
TXWinkler County,0.0000000000000000,-0.0289730549600722,0.0289730549600713,-0.0414675511749081
TXWise County,0.0000000000000000,-0.0330637196082069,0.0330637196082066,-0.0451754708780694
TXWood County,0.0000000000000000,-0.0332299689043009,0.0332299689043016,-0.0444884243172248
TXYoakum County,0.0000000000000000,-0.0241554300311665,0.0241554300311670,-0.0341554300311668
TXYoung County,0.0000000000000000,-0.0309358259470269,0.0309358259470269,-0.0423335527183001
TXZapata County,0.0000000000000000,-0.0433820807667346,0.0433820807667336,-0.0586572799399139
TXZavala County,0.0000000000000000,-0.0409560332243958,0.0409560332243968,-0.0539744035686350
UTBeaver County,0.0000000000000000,0.0000000000000000,0.0000000000000000,0.0000000000000000
UTBox Elder County,0.0000000000000000,0.0000000000000000,0.0000000000000000,0.0000000000000000
UTCache County,0.0000000000000000,0.0000000000000000,0.0000000000000000,0.0000000000000000
UTCarbon County,0.0000000000000000,0.0000000000000000,0.0000000000000000,0.0000000000000000
UTDaggett County,0.0000000000000000,0.0000000000000000,0.0000000000000000,0.0000000000000000
UTDavis County,0.0000000000000000,0.0000000000000000,0.0000000000000000,0.0000000000000000
UTDuchesne County,0.0000000000000000,0.0000000000000000,0.0000000000000000,0.0000000000000000
UTEmery County,0.0000000000000000,0.0000000000000000,0.0000000000000000,0.0000000000000000
UTGarfield County,0.0000000000000000,0.0000000000000000,0.0000000000000000,0.0000000000000000
UTGrand County,0.0000000000000000,0.0000000000000000,0.0000000000000000,0.0000000000000000
UTIron County,0.0000000000000000,0.0000000000000000,0.0000000000000000,0.0000000000000000
UTJuab County,0.0000000000000000,0.0000000000000000,0.0000000000000000,0.0000000000000000
UTKane County,0.0000000000000000,0.0000000000000000,0.0000000000000000,0.0000000000000000
UTMillard County,0.0000000000000000,0.0000000000000000,0.0000000000000000,0.0000000000000000
UTMorgan County,0.0000000000000000,0.0000000000000000,0.0000000000000000,0.0000000000000000
UTPiute County,0.0000000000000000,0.0000000000000000,0.0000000000000000,0.0000000000000000
UTRich County,0.0000000000000000,0.0000000000000000,0.0000000000000000,0.0000000000000000
UTSalt Lake County,0.0000000000000000,0.0000000000000000,0.0000000000000000,0.0000000000000000
UTSan Juan County,0.0000000000000000,0.0000000000000000,0.0000000000000000,0.0000000000000000
UTSanpete County,0.0000000000000000,0.0000000000000000,0.0000000000000000,0.0000000000000000
UTSevier County,0.0000000000000000,0.0000000000000000,0.0000000000000000,0.0000000000000000
UTSummit County,0.0000000000000000,0.0000000000000000,0.0000000000000000,0.0000000000000000
UTTooele County,0.0000000000000000,0.0000000000000000,0.0000000000000000,0.0000000000000000
UTUintah County,0.0000000000000000,0.0000000000000000,0.0000000000000000,0.0000000000000000
UTUtah County,0.0000000000000000,0.0000000000000000,0.0000000000000000,0.0000000000000000
UTWasatch County,0.0000000000000000,0.0000000000000000,0.0000000000000000,0.0000000000000000
UTWashington County,0.0000000000000000,0.0000000000000000,0.0000000000000000,0.0000000000000000
UTWayne County,0.0000000000000000,0.0000000000000000,0.0000000000000000,0.0000000000000000
UTWeber County,0.0000000000000000,0.0000000000000000,0.0000000000000000,0.0000000000000000
VAAccomack County,0.0000000000000000,-0.0344814207154587,0.0344814207154580,-0.0459557837940442
VAAlbemarle County,0.0000000000000000,-0.0303513649447464,0.0303513649447462,-0.0408888066576292
VAAlexandria City,0.0000000000000000,-0.0287715189943628,0.0287715189943620,-0.0389805640598396
VAAlleghany County,0.0000000000000000,-0.0252778640493223,0.0252778640493216,-0.0355144424029464
VAAmelia County,0.0000000000000000,-0.0322840789259879,0.0322840789259879,-0.0430511930941474
VAAmherst County,0.0000000000000000,-0.0292201374588198,0.0292201374588197,-0.0397366474167985
VAAppomattox County,0.0000000000000000,-0.0321054059220488,0.0321054059220487,-0.0432273783346305
VAArlington County,0.0000000000000000,-0.0298496922352622,0.0298496922352627,-0.0407088169138706
VAAugusta County,0.0000000000000000,-0.0312997539087159,0.0312997539087161,-0.0423504426850769
VABath County,0.0000000000000000,-0.0257772108777723,0.0257772108777719,-0.0358549082964505
VABedford County,0.0000000000000000,-0.0301557935136513,0.0301557935136518,-0.0408061457679318
VABland County,0.0000000000000000,-0.0262855660579295,0.0262855660579295,-0.0365838966028968
VABotetourt County,0.0000000000000000,-0.0282507457212995,0.0282507457212997,-0.0386538214591868
VABristol City,0.0000000000000000,-0.0251409425314831,0.0251409425314830,-0.0354787603006049
VABrunswick County,0.0000000000000000,-0.0335972644396100,0.0335972644396094,-0.0451521460009968
VABuchanan County,0.0000000000000000,-0.0229659424148780,0.0229659424148780,-0.0330726202820991
VABuckingham County,0.0000000000000000,-0.0316311892752321,0.0316311892752321,-0.0424259470348777
VABuena Vista City,0.0000000000000000,-0.0283014363259720,0.0283014363259699,-0.0384230456312572
VACampbell County,0.0000000000000000,-0.0312887089195765,0.0312887089195768,-0.0421283902565451
VACaroline County,0.0000000000000000,-0.0321414002587013,0.0321414002587013,-0.0428849378152949
VACarroll County,0.0000000000000000,-0.0285339878727879,0.0285339878727879,-0.0390831757575130
VACharles City County,0.0000000000000000,-0.0318244171929455,0.0318244171929449,-0.0425050538269953
VACharlotte County,0.0000000000000000,-0.0328480881914581,0.0328480881914579,-0.0439729339207953
VACharlottesville City,0.0000000000000000,-0.0303521564524800,0.0303521564524782,-0.0408630998023835
VAChesapeake City,0.0000000000000000,-0.0391932302802118,0.0391932302802114,-0.0515808615024367
VAChesterfield County,0.0000000000000000,-0.0329239548260486,0.0329239548260480,-0.0438311219196121
VAClarke County,0.0000000000000000,-0.0293811147594872,0.0293811147594871,-0.0397788267006198
VAColonial Heights City,0.0000000000000000,-0.0344779640329741,0.0344779640329747,-0.0459686889690490
VACovington City,0.0000000000000000,-0.0246709193447701,0.0246709193447709,-0.0349736599529984
VACraig County,0.0000000000000000,-0.0251074191956174,0.0251074191956173,-0.0351609038936513
VACulpeper County,0.0000000000000000,-0.0313034490326918,0.0313034490326922,-0.0419756432938772
VACumberland County,0.0000000000000000,-0.0314469444044366,0.0314469444044367,-0.0420107053012395
VADanville City,0.0000000000000000,-0.0323778263823142,0.0323778263823140,-0.0431216157574639
VADickenson County,0.0000000000000000,-0.0226007792450010,0.0226007792450016,-0.0327643962608521
VADinwiddie County,0.0000000000000000,-0.0326156646251192,0.0326156646251186,-0.0434775348417742
VAEssex County,0.0000000000000000,-0.0325928212274212,0.0325928212274207,-0.0437838084386895
VAFairfax City,0.0000000000000000,-0.0287662910499481,0.0287662910499487,-0.0395015745784151
VAFairfax County,0.0000000000000000,-0.0278977679386007,0.0278977679385992,-0.0380503715474844
VAFalls Church City,0.0000000000000000,-0.0286244198775762,0.0286244198775749,-0.0394058220618909
VAFauquier County,0.0000000000000000,-0.0303883609286013,0.0303883609286011,-0.0410463122842979
VAFloyd County,0.0000000000000000,-0.0276018370036134,0.0276018370036131,-0.0379194133959632
VAFluvanna County,0.0000000000000000,-0.0304485641464216,0.0304485641464212,-0.0410097163731985
VAFranklin City,0.0000000000000000,-0.0377095865774939,0.0377095865774941,-0.0498800836676426
VAFranklin County,0.0000000000000000,-0.0307233702416359,0.0307233702416359,-0.0414502121248772
VAFrederick County,0.0000000000000000,-0.0280460272669460,0.0280460272669458,-0.0383833830876479
VAFredericksburg City,0.0000000000000000,-0.0308797386536711,0.0308797386536708,-0.0413403940610695
VAGalax City,0.0000000000000000,-0.0285805918349843,0.0285805918349828,-0.0392903545896965
VAGiles County,0.0000000000000000,-0.0254040738722094,0.0254040738722097,-0.0355660137856104
VAGloucester County,0.0000000000000000,-0.0203341885466966,0.0203341885466966,-0.0271050664754103
VAGoochland County,0.0000000000000000,-0.0320405816836378,0.0320405816836378,-0.0426642721838112
VAGrayson County,0.0000000000000000,-0.0266372332036531,0.0266372332036529,-0.0369448413737797
VAGreene County,0.0000000000000000,-0.0293387029479030,0.0293387029479020,-0.0397941396344035
VAGreensville County,0.0000000000000000,-0.0347216626168257,0.0347216626168256,-0.0463886354642262
VAHalifax County,0.0000000000000000,-0.0325904851690403,0.0325904851690397,-0.0435080995263989
VAHampton City,0.0000000000000000,-0.0150413240365254,0.0150413240365255,-0.0199716936099006
VAHanover County,0.0000000000000000,-0.0321464930884893,0.0321464930884889,-0.0428874717641993
VAHarrisonburg City,0.0000000000000000,-0.0311648906419425,0.0311648906419419,-0.0422098769542582
VAHenrico County,0.0000000000000000,-0.0321082251271149,0.0321082251271150,-0.0428594395454498
VAHenry County,0.0000000000000000,-0.0294908928645055,0.0294908928645057,-0.0401044847520882
VAHighland County,0.0000000000000000,-0.0279927088141930,0.0279927088141931,-0.0380793859430868
VAHopewell City,0.0000000000000000,-0.0358576180482129,0.0358576180482124,-0.0478557464459428
VAIsle Of Wight County,0.0000000000000000,-0.0382634895295203,0.0382634895295202,-0.0507716473578316
VAJames City County,0.0000000000000000,-0.0105819153019049,0.0105819153019042,-0.0140947888453341
VAKing And Queen County,0.0000000000000000,-0.0312827626529536,0.0312827626529544,-0.0419771255081135
VAKing George County,0.0000000000000000,-0.0322437873650303,0.0322437873650308,-0.0431920748490701
VAKing William County,0.0000000000000000,-0.0344896123618876,0.0344896123618874,-0.0461990357095616
VALancaster County,0.0000000000000000,-0.0363656747810572,0.0363656747810559,-0.0484419127930634
VALee County,0.0000000000000000,-0.0233759269189567,0.0233759269189564,-0.0335070692109335
VALoudoun County,0.0000000000000000,-0.0293431397685684,0.0293431397685688,-0.0400184464600851
VALouisa County,0.0000000000000000,-0.0310801136548678,0.0310801136548680,-0.0417301509045741
VALunenburg County,0.0000000000000000,-0.0328304942008834,0.0328304942008846,-0.0439678155627677
VALynchburg City,0.0000000000000000,-0.0298119729558103,0.0298119729558100,-0.0405733242582752
VAMadison County,0.0000000000000000,-0.0293234707093327,0.0293234707093328,-0.0398717520177282
VAManassas City,0.0000000000000000,-0.0289755634314148,0.0289755634314153,-0.0393911920844221
VAManassas Park City,0.0000000000000000,-0.0286783475541095,0.0286783475541108,-0.0390265761505262
VAMartinsville City,0.0000000000000000,-0.0290755789787313,0.0290755789787311,-0.0395778009009976
VAMathews County,0.0000000000000000,-0.0270018666545165,0.0270018666545166,-0.0358380915176806
VAMecklenburg County,0.0000000000000000,-0.0340882842917863,0.0340882842917871,-0.0456744188637922
VAMiddlesex County,0.0000000000000000,-0.0383223474500120,0.0383223474500121,-0.0509718221834600
VAMontgomery County,0.0000000000000000,-0.0267510398065938,0.0267510398065931,-0.0369839602018626
VANelson County,0.0000000000000000,-0.0298283859621484,0.0298283859621480,-0.0402508305146896
VANew Kent County,0.0000000000000000,-0.0318138837493328,0.0318138837493327,-0.0426259329408192
VANewport News City,0.0000000000000000,-0.0356342547357316,0.0356342547357318,-0.0473605699273268
VANorfolk City,0.0000000000000000,-0.0302957194519115,0.0302957194519122,-0.0399227591288988
VANorthampton County,0.0000000000000000,-0.0208636118055360,0.0208636118055359,-0.0277866439081702
VANorthumberland County,0.0000000000000000,-0.0402539662417473,0.0402539662417483,-0.0535912460006185
VANorton City,0.0000000000000000,-0.0235676532359234,0.0235676532359244,-0.0338046699299088
VANottoway County,0.0000000000000000,-0.0323469283113539,0.0323469283113547,-0.0433118700051669
VAOrange County,0.0000000000000000,-0.0309621799504136,0.0309621799504127,-0.0415260428287094
VAPage County,0.0000000000000000,-0.0281870530802486,0.0281870530802488,-0.0384541505979977
VAPatrick County,0.0000000000000000,-0.0282203391338982,0.0282203391338989,-0.0387169913174780
VAPetersburg City,0.0000000000000000,-0.0341755765058900,0.0341755765058902,-0.0453596397664420
VAPittsylvania County,0.0000000000000000,-0.0322601265479742,0.0322601265479741,-0.0430538255126937
VAPoquoson City,0.0000000000000000,-0.0128224897297814,0.0128224897297815,-0.0169781888874573
VAPortsmouth City,0.0000000000000000,-0.0167521683356753,0.0167521683356757,-0.0220243668405261
VAPowhatan County,0.0000000000000000,-0.0317249060345697,0.0317249060345701,-0.0422625036561717
VAPrince Edward County,0.0000000000000000,-0.0320717778545422,0.0320717778545423,-0.0431179720387956
VAPrince George County,0.0000000000000000,-0.0345823296827120,0.0345823296827119,-0.0462243077063277
VAPrince William County,0.0000000000000000,-0.0288065021906386,0.0288065021906381,-0.0389655357896295
VAPulaski County,0.0000000000000000,-0.0284535394992583,0.0284535394992582,-0.0389822351177018
VARadford City,0.0000000000000000,-0.0279914714152123,0.0279914714152127,-0.0383616744176539
VARappahannock County,0.0000000000000000,-0.0279505890574950,0.0279505890574951,-0.0383116396795606
VARichmond City,0.0000000000000000,-0.0329960816515160,0.0329960816515174,-0.0439388096673854
VARichmond County,0.0000000000000000,-0.0361614842653259,0.0361614842653264,-0.0486208627252090
VARoanoke City,0.0000000000000000,-0.0282754426289896,0.0282754426289900,-0.0386862705911014
VARoanoke County,0.0000000000000000,-0.0279871915423681,0.0279871915423680,-0.0383781448362038
VARockbridge County,0.0000000000000000,-0.0294365737233827,0.0294365737233822,-0.0396772866485056
VARockingham County,0.0000000000000000,-0.0312961021234376,0.0312961021234375,-0.0424160102995944
VARussell County,0.0000000000000000,-0.0256865778648410,0.0256865778648414,-0.0359487766213281
VASalem City,0.0000000000000000,-0.0274255506624373,0.0274255506624377,-0.0378005984388269
VAScott County,0.0000000000000000,-0.0242916083139154,0.0242916083139155,-0.0345776518153588
VAShenandoah County,0.0000000000000000,-0.0280994926703391,0.0280994926703386,-0.0383855622446015
VASmyth County,0.0000000000000000,-0.0271909626185219,0.0271909626185214,-0.0374829667589435
VASouthampton County,0.0000000000000000,-0.0367674610089469,0.0367674610089472,-0.0489039977547219
VASpotsylvania County,0.0000000000000000,-0.0312915422183125,0.0312915422183131,-0.0417144320526891
VAStafford County,0.0000000000000000,-0.0294562786749022,0.0294562786749026,-0.0397426994628138
VAStaunton City,0.0000000000000000,-0.0314534116018126,0.0314534116018119,-0.0424706333678779
VASuffolk City,0.0000000000000000,-0.0325998152908729,0.0325998152908726,-0.0432035551811464
VASurry County,0.0000000000000000,-0.0375851979585705,0.0375851979585711,-0.0499927420644714
VASussex County,0.0000000000000000,-0.0350925106186203,0.0350925106186191,-0.0469904487418819
VATazewell County,0.0000000000000000,-0.0258642838249712,0.0258642838249705,-0.0361242071435700
VAVirginia Beach City,0.0000000000000000,-0.0391529596847863,0.0391529596847859,-0.0518113252287781
VAWarren County,0.0000000000000000,-0.0272065246706671,0.0272065246706663,-0.0374948419234882
VAWashington County,0.0000000000000000,-0.0272091297045899,0.0272091297045898,-0.0375533582741493
VAWaynesboro City,0.0000000000000000,-0.0315289361734843,0.0315289361734830,-0.0425697273870186
VAWestmoreland County,0.0000000000000000,-0.0204619110008272,0.0204619110008273,-0.0273371830258525
VAWilliamsburg City,0.0000000000000000,-0.0361735811786753,0.0361735811786745,-0.0484426310125166
VAWinchester City,0.0000000000000000,-0.0274059495240681,0.0274059495240682,-0.0377219202648081
VAWise County,0.0000000000000000,-0.0231981224517399,0.0231981224517401,-0.0334944348572327
VAWythe County,0.0000000000000000,-0.0282250139110687,0.0282250139110685,-0.0386893580144372
VAYork County,0.0000000000000000,-0.0258589765781672,0.0258589765781674,-0.0343716278368775
VTAddison County,0.0000000000000000,-0.0354530845964991,0.0354530845964995,-0.0467831560903825
VTBennington County,0.0000000000000000,-0.0333769457287164,0.0333769457287170,-0.0444301994487345
VTCaledonia County,0.0000000000000000,-0.0333612804115300,0.0333612804115300,-0.0441539938355627
VTChittenden County,0.0000000000000000,-0.0352567035408574,0.0352567035408571,-0.0466708633408194
VTEssex County,0.0000000000000000,-0.0315547949317930,0.0315547949317929,-0.0417227108961601
VTFranklin County,0.0000000000000000,-0.0330630643062682,0.0330630643062688,-0.0440577434198016
VTGrand Isle County,0.0000000000000000,-0.0395939928739676,0.0395939928739679,-0.0522294617468857
VTLamoille County,0.0000000000000000,-0.0316084855153825,0.0316084855153831,-0.0420656401177300
VTOrange County,0.0000000000000000,-0.0335464377331884,0.0335464377331884,-0.0445359667982044
VTOrleans County,0.0000000000000000,-0.0337008366334168,0.0337008366334168,-0.0443597205859749
VTRutland County,0.0000000000000000,-0.0326587041150599,0.0326587041150603,-0.0436027973855536
VTWashington County,0.0000000000000000,-0.0322936384149157,0.0322936384149164,-0.0430387528634910
VTWindham County,0.0000000000000000,-0.0340781144847190,0.0340781144847182,-0.0449620042658836
VTWindsor County,0.0000000000000000,-0.0332270378044068,0.0332270378044064,-0.0442098341776788
WAAdams County,0.0000000000000000,0.0000000000000000,0.0000000000000000,0.0000000000000000
WAAsotin County,0.0000000000000000,0.0000000000000000,0.0000000000000000,0.0000000000000000
WABenton County,0.0000000000000000,0.0000000000000000,0.0000000000000000,0.0000000000000000
WAChelan County,0.0000000000000000,0.0000000000000000,0.0000000000000000,0.0000000000000000
WAClallam County,0.0000000000000000,0.0000000000000000,0.0000000000000000,0.0000000000000000
WAClark County,0.0000000000000000,0.0000000000000000,0.0000000000000000,0.0000000000000000
WAColumbia County,0.0000000000000000,0.0000000000000000,0.0000000000000000,0.0000000000000000
WACowlitz County,0.0000000000000000,0.0000000000000000,0.0000000000000000,0.0000000000000000
WADouglas County,0.0000000000000000,0.0000000000000000,0.0000000000000000,0.0000000000000000
WAFerry County,0.0000000000000000,0.0000000000000000,0.0000000000000000,0.0000000000000000
WAFranklin County,0.0000000000000000,0.0000000000000000,0.0000000000000000,0.0000000000000000
WAGarfield County,0.0000000000000000,0.0000000000000000,0.0000000000000000,0.0000000000000000
WAGrant County,0.0000000000000000,0.0000000000000000,0.0000000000000000,0.0000000000000000
WAGrays Harbor County,0.0000000000000000,0.0000000000000000,0.0000000000000000,0.0000000000000000
WAIsland County,0.0000000000000000,0.0000000000000000,0.0000000000000000,0.0000000000000000
WAJefferson County,0.0000000000000000,0.0000000000000000,0.0000000000000000,0.0000000000000000
WAKing County,0.0000000000000000,0.0000000000000000,0.0000000000000000,0.0000000000000000
WAKitsap County,0.0000000000000000,0.0000000000000000,0.0000000000000000,0.0000000000000000
WAKittitas County,0.0000000000000000,0.0000000000000000,0.0000000000000000,0.0000000000000000
WAKlickitat County,0.0000000000000000,0.0000000000000000,0.0000000000000000,0.0000000000000000
WALewis County,0.0000000000000000,0.0000000000000000,0.0000000000000000,0.0000000000000000
WALincoln County,0.0000000000000000,0.0000000000000000,0.0000000000000000,0.0000000000000000
WAMason County,0.0000000000000000,0.0000000000000000,0.0000000000000000,0.0000000000000000
WAOkanogan County,0.0000000000000000,0.0000000000000000,0.0000000000000000,0.0000000000000000
WAPacific County,0.0000000000000000,0.0000000000000000,0.0000000000000000,0.0000000000000000
WAPend Oreille County,0.0000000000000000,0.0000000000000000,0.0000000000000000,0.0000000000000000
WAPierce County,0.0000000000000000,0.0000000000000000,0.0000000000000000,0.0000000000000000
WASan Juan County,0.0000000000000000,0.0000000000000000,0.0000000000000000,0.0000000000000000
WASkagit County,0.0000000000000000,0.0000000000000000,0.0000000000000000,0.0000000000000000
WASkamania County,0.0000000000000000,0.0000000000000000,0.0000000000000000,0.0000000000000000
WASnohomish County,0.0000000000000000,0.0000000000000000,0.0000000000000000,0.0000000000000000
WASpokane County,0.0000000000000000,0.0000000000000000,0.0000000000000000,0.0000000000000000
WAStevens County,0.0000000000000000,0.0000000000000000,0.0000000000000000,0.0000000000000000
WAThurston County,0.0000000000000000,0.0000000000000000,0.0000000000000000,0.0000000000000000
WAWahkiakum County,0.0000000000000000,0.0000000000000000,0.0000000000000000,0.0000000000000000
WAWalla Walla County,0.0000000000000000,0.0000000000000000,0.0000000000000000,0.0000000000000000
WAWhatcom County,0.0000000000000000,0.0000000000000000,0.0000000000000000,0.0000000000000000
WAWhitman County,0.0000000000000000,0.0000000000000000,0.0000000000000000,0.0000000000000000
WAYakima County,0.0000000000000000,0.0000000000000000,0.0000000000000000,0.0000000000000000
WIAdams County,0.0000000000000000,0.0000000000000000,0.0000000000000000,0.0000000000000000
WIAshland County,0.0000000000000000,0.0000000000000000,0.0000000000000000,0.0000000000000000
WIBarron County,0.0000000000000000,0.0000000000000000,0.0000000000000000,0.0000000000000000
WIBayfield County,0.0000000000000000,0.0000000000000000,0.0000000000000000,0.0000000000000000
WIBrown County,0.0000000000000000,0.0000000000000000,0.0000000000000000,0.0000000000000000
WIBuffalo County,0.0000000000000000,0.0000000000000000,0.0000000000000000,0.0000000000000000
WIBurnett County,0.0000000000000000,0.0000000000000000,0.0000000000000000,0.0000000000000000
WICalumet County,0.0000000000000000,0.0000000000000000,0.0000000000000000,0.0000000000000000
WIChippewa County,0.0000000000000000,0.0000000000000000,0.0000000000000000,0.0000000000000000
WIClark County,0.0000000000000000,0.0000000000000000,0.0000000000000000,0.0000000000000000
WIColumbia County,0.0000000000000000,0.0000000000000000,0.0000000000000000,0.0000000000000000
WICrawford County,0.0000000000000000,0.0000000000000000,0.0000000000000000,0.0000000000000000
WIDane County,0.0000000000000000,0.0000000000000000,0.0000000000000000,0.0000000000000000
WIDodge County,0.0000000000000000,0.0000000000000000,0.0000000000000000,0.0000000000000000
WIDoor County,0.0000000000000000,0.0000000000000000,0.0000000000000000,0.0000000000000000
WIDouglas County,0.0000000000000000,0.0000000000000000,0.0000000000000000,0.0000000000000000
WIDunn County,0.0000000000000000,0.0000000000000000,0.0000000000000000,0.0000000000000000
WIEau Claire County,0.0000000000000000,0.0000000000000000,0.0000000000000000,0.0000000000000000
WIFlorence County,0.0000000000000000,0.0000000000000000,0.0000000000000000,0.0000000000000000
WIFond Du Lac County,0.0000000000000000,0.0000000000000000,0.0000000000000000,0.0000000000000000
WIForest County,0.0000000000000000,0.0000000000000000,0.0000000000000000,0.0000000000000000
WIGrant County,0.0000000000000000,0.0000000000000000,0.0000000000000000,0.0000000000000000
WIGreen County,0.0000000000000000,0.0000000000000000,0.0000000000000000,0.0000000000000000
WIGreen Lake County,0.0000000000000000,0.0000000000000000,0.0000000000000000,0.0000000000000000
WIIowa County,0.0000000000000000,0.0000000000000000,0.0000000000000000,0.0000000000000000
WIIron County,0.0000000000000000,0.0000000000000000,0.0000000000000000,0.0000000000000000
WIJackson County,0.0000000000000000,0.0000000000000000,0.0000000000000000,0.0000000000000000
WIJefferson County,0.0000000000000000,0.0000000000000000,0.0000000000000000,0.0000000000000000
WIJuneau County,0.0000000000000000,0.0000000000000000,0.0000000000000000,0.0000000000000000
WIKenosha County,0.0000000000000000,0.0000000000000000,0.0000000000000000,0.0000000000000000
WIKewaunee County,0.0000000000000000,0.0000000000000000,0.0000000000000000,0.0000000000000000
WILa Crosse County,0.0000000000000000,0.0000000000000000,0.0000000000000000,0.0000000000000000
WILafayette County,0.0000000000000000,0.0000000000000000,0.0000000000000000,0.0000000000000000
WILanglade County,0.0000000000000000,0.0000000000000000,0.0000000000000000,0.0000000000000000
WILincoln County,0.0000000000000000,0.0000000000000000,0.0000000000000000,0.0000000000000000
WIManitowoc County,0.0000000000000000,0.0000000000000000,0.0000000000000000,0.0000000000000000
WIMarathon County,0.0000000000000000,0.0000000000000000,0.0000000000000000,0.0000000000000000
WIMarinette County,0.0000000000000000,0.0000000000000000,0.0000000000000000,0.0000000000000000
WIMarquette County,0.0000000000000000,0.0000000000000000,0.0000000000000000,0.0000000000000000
WIMenominee County,0.0000000000000000,0.0000000000000000,0.0000000000000000,0.0000000000000000
WIMilwaukee County,0.0000000000000000,0.0000000000000000,0.0000000000000000,0.0000000000000000
WIMonroe County,0.0000000000000000,0.0000000000000000,0.0000000000000000,0.0000000000000000
WIOconto County,0.0000000000000000,0.0000000000000000,0.0000000000000000,0.0000000000000000
WIOneida County,0.0000000000000000,0.0000000000000000,0.0000000000000000,0.0000000000000000
WIOutagamie County,0.0000000000000000,0.0000000000000000,0.0000000000000000,0.0000000000000000
WIOzaukee County,0.0000000000000000,0.0000000000000000,0.0000000000000000,0.0000000000000000
WIPepin County,0.0000000000000000,0.0000000000000000,0.0000000000000000,0.0000000000000000
WIPierce County,0.0000000000000000,0.0000000000000000,0.0000000000000000,0.0000000000000000
WIPolk County,0.0000000000000000,0.0000000000000000,0.0000000000000000,0.0000000000000000
WIPortage County,0.0000000000000000,0.0000000000000000,0.0000000000000000,0.0000000000000000
WIPrice County,0.0000000000000000,0.0000000000000000,0.0000000000000000,0.0000000000000000
WIRacine County,0.0000000000000000,0.0000000000000000,0.0000000000000000,0.0000000000000000
WIRichland County,0.0000000000000000,0.0000000000000000,0.0000000000000000,0.0000000000000000
WIRock County,0.0000000000000000,0.0000000000000000,0.0000000000000000,0.0000000000000000
WIRusk County,0.0000000000000000,0.0000000000000000,0.0000000000000000,0.0000000000000000
WISauk County,0.0000000000000000,0.0000000000000000,0.0000000000000000,0.0000000000000000
WISawyer County,0.0000000000000000,0.0000000000000000,0.0000000000000000,0.0000000000000000
WIShawano County,0.0000000000000000,0.0000000000000000,0.0000000000000000,0.0000000000000000
WISheboygan County,0.0000000000000000,0.0000000000000000,0.0000000000000000,0.0000000000000000
WISt. Croix County,0.0000000000000000,0.0000000000000000,0.0000000000000000,0.0000000000000000
WITaylor County,0.0000000000000000,0.0000000000000000,0.0000000000000000,0.0000000000000000
WITrempealeau County,0.0000000000000000,0.0000000000000000,0.0000000000000000,0.0000000000000000
WIVernon County,0.0000000000000000,0.0000000000000000,0.0000000000000000,0.0000000000000000
WIVilas County,0.0000000000000000,0.0000000000000000,0.0000000000000000,0.0000000000000000
WIWalworth County,0.0000000000000000,0.0000000000000000,0.0000000000000000,0.0000000000000000
WIWashburn County,0.0000000000000000,0.0000000000000000,0.0000000000000000,0.0000000000000000
WIWashington County,0.0000000000000000,0.0000000000000000,0.0000000000000000,0.0000000000000000
WIWaukesha County,0.0000000000000000,0.0000000000000000,0.0000000000000000,0.0000000000000000
WIWaupaca County,0.0000000000000000,0.0000000000000000,0.0000000000000000,0.0000000000000000
WIWaushara County,0.0000000000000000,0.0000000000000000,0.0000000000000000,0.0000000000000000
WIWinnebago County,0.0000000000000000,0.0000000000000000,0.0000000000000000,0.0000000000000000
WIWood County,0.0000000000000000,0.0000000000000000,0.0000000000000000,0.0000000000000000
WVBarbour County,0.0000000000000000,-0.0271823159318938,0.0271823159318947,-0.0374991447852552
WVBerkeley County,0.0000000000000000,-0.0281538963582226,0.0281538963582222,-0.0385465859803612
WVBoone County,0.0000000000000000,-0.0201683679050382,0.0201683679050384,-0.0302554181663267
WVBraxton County,0.0000000000000000,-0.0224507054743048,0.0224507054743051,-0.0324507054743045
WVBrooke County,0.0000000000000000,-0.0224501561872771,0.0224501561872767,-0.0329296292380413
WVCabell County,0.0000000000000000,-0.0204328717166783,0.0204328717166793,-0.0304328717166794
WVCalhoun County,0.0000000000000000,-0.0209386103419590,0.0209386103419587,-0.0309386103419588
WVClay County,0.0000000000000000,-0.0205628149078599,0.0205628149078598,-0.0305628149078599
WVDoddridge County,0.0000000000000000,-0.0225830739091312,0.0225830739091317,-0.0325830739091312
WVFayette County,0.0000000000000000,-0.0220710110516126,0.0220710110516127,-0.0321298764821185
WVGilmer County,0.0000000000000000,-0.0202450326822770,0.0202450326822763,-0.0302450326822769
WVGrant County,0.0000000000000000,-0.0253811835986335,0.0253811835986335,-0.0355048955278381
WVGreenbrier County,0.0000000000000000,-0.0248027290872248,0.0248027290872246,-0.0348695948346194
WVHampshire County,0.0000000000000000,-0.0239920981981605,0.0239920981981612,-0.0342182102361163
WVHancock County,0.0000000000000000,-0.0218756991045359,0.0218756991045364,-0.0327083828643197
WVHardy County,0.0000000000000000,-0.0259105699094351,0.0259105699094349,-0.0360508243092066
WVHarrison County,0.0000000000000000,-0.0266557126452766,0.0266557126452762,-0.0369522585936198
WVJackson County,0.0000000000000000,-0.0205817606907827,0.0205817606907830,-0.0305817606907827
WVJefferson County,0.0000000000000000,-0.0293364401685652,0.0293364401685652,-0.0399291749835177
WVKanawha County,0.0000000000000000,-0.0204189022245550,0.0204189022245547,-0.0304214968918695
WVLewis County,0.0000000000000000,-0.0256233203522541,0.0256233203522545,-0.0356233203522540
WVLincoln County,0.0000000000000000,-0.0205006104524603,0.0205006104524605,-0.0305006104524602
WVLogan County,0.0000000000000000,-0.0204968702980977,0.0204968702980968,-0.0305904537384154
WVMarion County,0.0000000000000000,-0.0267755844083358,0.0267755844083355,-0.0373164846132051
WVMarshall County,0.0000000000000000,-0.0212703161584826,0.0212703161584822,-0.0312703161584823
WVMason County,0.0000000000000000,-0.0193213273954143,0.0193213273954143,-0.0293213273954143
WVMcdowell County,0.0000000000000000,-0.0231102939492311,0.0231102939492318,-0.0332410197578930
WVMercer County,0.0000000000000000,-0.0251188931748149,0.0251188931748143,-0.0353807107179648
WVMineral County,0.0000000000000000,-0.0235764436833976,0.0235764436833981,-0.0336988910052192
WVMingo County,0.0000000000000000,-0.0209989834589132,0.0209989834589126,-0.0310617970901736
WVMonongalia County,0.0000000000000000,-0.0243144766051808,0.0243144766051815,-0.0346334068045490
WVMonroe County,0.0000000000000000,-0.0256953822636102,0.0256953822636106,-0.0357860074826962
WVMorgan County,0.0000000000000000,-0.0239735845014118,0.0239735845014120,-0.0342769962339393
WVNicholas County,0.0000000000000000,-0.0231628145766316,0.0231628145766312,-0.0331628145766317
WVOhio County,0.0000000000000000,-0.0227280816873140,0.0227280816873139,-0.0327280816873142
WVPendleton County,0.0000000000000000,-0.0273988523500918,0.0273988523500917,-0.0374908763373889
WVPleasants County,0.0000000000000000,-0.0216021959265238,0.0216021959265236,-0.0316021959265239
WVPocahontas County,0.0000000000000000,-0.0256502803162527,0.0256502803162535,-0.0356754432292408
WVPreston County,0.0000000000000000,-0.0236053099449048,0.0236053099449047,-0.0336183656297968
WVPutnam County,0.0000000000000000,-0.0190812637954972,0.0190812637954976,-0.0290812637954970
WVRaleigh County,0.0000000000000000,-0.0234904138875803,0.0234904138875809,-0.0336743970349651
WVRandolph County,0.0000000000000000,-0.0263048235470968,0.0263048235470971,-0.0363389942450334
WVRitchie County,0.0000000000000000,-0.0201207146383133,0.0201207146383131,-0.0301207146383132
WVRoane County,0.0000000000000000,-0.0208720565104773,0.0208720565104767,-0.0308720565104773
WVSummers County,0.0000000000000000,-0.0248980829545314,0.0248980829545311,-0.0350677151320364
WVTaylor County,0.0000000000000000,-0.0273850139455675,0.0273850139455676,-0.0378158600779414
WVTucker County,0.0000000000000000,-0.0255382352129460,0.0255382352129456,-0.0356427649010322
WVTyler County,0.0000000000000000,-0.0216082261802478,0.0216082261802484,-0.0316082261802481
WVUpshur County,0.0000000000000000,-0.0258923385015880,0.0258923385015879,-0.0359770413910703
WVWayne County,0.0000000000000000,-0.0197441415771016,0.0197441415771014,-0.0297441415771015
WVWebster County,0.0000000000000000,-0.0231995007509977,0.0231995007509975,-0.0331995007509975
WVWetzel County,0.0000000000000000,-0.0211434818246701,0.0211434818246696,-0.0311434818246697
WVWirt County,0.0000000000000000,-0.0216107432667193,0.0216107432667194,-0.0316107432667198
WVWood County,0.0000000000000000,-0.0214968898434252,0.0214968898434258,-0.0314968898434252
WVWyoming County,0.0000000000000000,-0.0222104030936691,0.0222104030936692,-0.0323435664810839
WYAlbany County,0.0000000000000000,0.0000000000000000,0.0000000000000000,0.0000000000000000
WYBig Horn County,0.0000000000000000,0.0000000000000000,0.0000000000000000,0.0000000000000000
WYCampbell County,0.0000000000000000,0.0000000000000000,0.0000000000000000,0.0000000000000000
WYCarbon County,0.0000000000000000,0.0000000000000000,0.0000000000000000,0.0000000000000000
WYConverse County,0.0000000000000000,0.0000000000000000,0.0000000000000000,0.0000000000000000
WYCrook County,0.0000000000000000,0.0000000000000000,0.0000000000000000,0.0000000000000000
WYFremont County,0.0000000000000000,0.0000000000000000,0.0000000000000000,0.0000000000000000
WYGoshen County,0.0000000000000000,0.0000000000000000,0.0000000000000000,0.0000000000000000
WYHot Springs County,0.0000000000000000,0.0000000000000000,0.0000000000000000,0.0000000000000000
WYJohnson County,0.0000000000000000,0.0000000000000000,0.0000000000000000,0.0000000000000000
WYLaramie County,0.0000000000000000,0.0000000000000000,0.0000000000000000,0.0000000000000000
WYLincoln County,0.0000000000000000,0.0000000000000000,0.0000000000000000,0.0000000000000000
WYNatrona County,0.0000000000000000,0.0000000000000000,0.0000000000000000,0.0000000000000000
WYNiobrara County,0.0000000000000000,0.0000000000000000,0.0000000000000000,0.0000000000000000
WYPark County,0.0000000000000000,0.0000000000000000,0.0000000000000000,0.0000000000000000
WYPlatte County,0.0000000000000000,0.0000000000000000,0.0000000000000000,0.0000000000000000
WYSheridan County,0.0000000000000000,0.0000000000000000,0.0000000000000000,0.0000000000000000
WYSublette County,0.0000000000000000,0.0000000000000000,0.0000000000000000,0.0000000000000000
WYSweetwater County,0.0000000000000000,0.0000000000000000,0.0000000000000000,0.0000000000000000
WYTeton County,0.0000000000000000,0.0000000000000000,0.0000000000000000,0.0000000000000000
WYUinta County,0.0000000000000000,0.0000000000000000,0.0000000000000000,0.0000000000000000
WYWashakie County,0.0000000000000000,0.0000000000000000,0.0000000000000000,0.0000000000000000
WYWeston County,0.0000000000000000,0.0000000000000000,0.0000000000000000,0.0000000000000000
IntInt,0.0000000000000000,0.0000000000000000,0.0000000000000000,0.0000000000000000
