"Path","Name","Type","Mode","Label","Default Value"
"hx_core/inception_date","inception_date","date","input","Inception Date","2018-01-01"
"hx_core/expiry_date","expiry_date","date","input","Expiry Date","2018-12-31"
"hx_core/model_premium","model_premium","float","output","Model Premium","n/a"
"hx_core/charged_premium","charged_premium","float","output","Charged Premium","n/a"
"hx_core/premium_currency","premium_currency","str","output","Premium Currency","n/a"
"hx_core/ulr","ulr","float","output","ULR","n/a"
"hx_core/class_code","class_code","str","output","Class Code","n/a"
"hx_core","hx_core","structure","n/a","n/a","n/a"
"cds/key_industry/code_type","code_type","str","input","Industry Code Type","None"
"cds/key_industry/code","code","str","input","Industry Code","None"
"cds/key_industry/code_name","code_name","str","input","Industry Code Name","None"
"cds/key_industry","key_industry","structure","n/a","n/a","n/a"
"cds/exposure/aggregate/eo_total_fees","eo_total_fees","float","input","Total Fees","0"
"cds/exposure/aggregate/mediatech_revenue","mediatech_revenue","float","input","Total Revenue","0"
"cds/exposure/aggregate/gl_revenue","gl_revenue","float","output","Total Revenue in Source Currency","n/a"
"cds/exposure/aggregate","aggregate","structure","n/a","n/a","n/a"
"cds/exposure/granular/eo_profession","eo_profession","str","input","Profession","None"
"cds/exposure/granular/eo_ae_operaion_shownby","eo_ae_operaion_shownby","bool","output","A&E operation table shown by flag","n/a"
"cds/exposure/granular/eo_exposure_shownby","eo_exposure_shownby","bool","output","E&O exposure table shown by flag","n/a"
"cds/exposure/granular/eo_total_fees_pct","eo_total_fees_pct","float","output","Total Fees %","n/a"
"cds/exposure/granular/eo_ae_operation_pct","eo_ae_operation_pct","float","output","Total A&E Operation %","n/a"
"cds/exposure/granular/eo_total_base_rate_relativity","eo_total_base_rate_relativity","float","output","Total Base Rate for Premium Calculation","n/a"
"cds/exposure/granular/eo_ae_architecture_commercial/input_pct","input_pct","float","input","Percentage of Fees (%)","0"
"cds/exposure/granular/eo_ae_architecture_commercial/relativity","relativity","float","output","Relativity","n/a"
"cds/exposure/granular/eo_ae_architecture_commercial/show_row","show_row","bool","output","Architecture Commercial","n/a"
"cds/exposure/granular/eo_ae_architecture_commercial","eo_ae_architecture_commercial","structure","n/a","n/a","n/a"
"cds/exposure/granular/eo_ae_architecture_residential/input_pct","input_pct","float","input","Percentage of Fees (%)","0"
"cds/exposure/granular/eo_ae_architecture_residential/relativity","relativity","float","output","Relativity","n/a"
"cds/exposure/granular/eo_ae_architecture_residential/show_row","show_row","bool","output","Architecture Residential","n/a"
"cds/exposure/granular/eo_ae_architecture_residential","eo_ae_architecture_residential","structure","n/a","n/a","n/a"
"cds/exposure/granular/eo_ae_chemical_engineering/input_pct","input_pct","float","input","Percentage of Fees (%)","0"
"cds/exposure/granular/eo_ae_chemical_engineering/relativity","relativity","float","output","Relativity","n/a"
"cds/exposure/granular/eo_ae_chemical_engineering/show_row","show_row","bool","output","Chemical Engineering","n/a"
"cds/exposure/granular/eo_ae_chemical_engineering","eo_ae_chemical_engineering","structure","n/a","n/a","n/a"
"cds/exposure/granular/eo_ae_civil_engineering/input_pct","input_pct","float","input","Percentage of Fees (%)","0"
"cds/exposure/granular/eo_ae_civil_engineering/relativity","relativity","float","output","Relativity","n/a"
"cds/exposure/granular/eo_ae_civil_engineering/show_row","show_row","bool","output","Civil Engineering","n/a"
"cds/exposure/granular/eo_ae_civil_engineering","eo_ae_civil_engineering","structure","n/a","n/a","n/a"
"cds/exposure/granular/eo_ae_commercial_surveys/input_pct","input_pct","float","input","Percentage of Fees (%)","0"
"cds/exposure/granular/eo_ae_commercial_surveys/relativity","relativity","float","output","Relativity","n/a"
"cds/exposure/granular/eo_ae_commercial_surveys/show_row","show_row","bool","output","Commercial Surveys","n/a"
"cds/exposure/granular/eo_ae_commercial_surveys","eo_ae_commercial_surveys","structure","n/a","n/a","n/a"
"cds/exposure/granular/eo_ae_eia_studies/input_pct","input_pct","float","input","Percentage of Fees (%)","0"
"cds/exposure/granular/eo_ae_eia_studies/relativity","relativity","float","output","Relativity","n/a"
"cds/exposure/granular/eo_ae_eia_studies/show_row","show_row","bool","output","Eia Studies","n/a"
"cds/exposure/granular/eo_ae_eia_studies","eo_ae_eia_studies","structure","n/a","n/a","n/a"
"cds/exposure/granular/eo_ae_electrical_engineering/input_pct","input_pct","float","input","Percentage of Fees (%)","0"
"cds/exposure/granular/eo_ae_electrical_engineering/relativity","relativity","float","output","Relativity","n/a"
"cds/exposure/granular/eo_ae_electrical_engineering/show_row","show_row","bool","output","Electrical Engineering","n/a"
"cds/exposure/granular/eo_ae_electrical_engineering","eo_ae_electrical_engineering","structure","n/a","n/a","n/a"
"cds/exposure/granular/eo_ae_environmental/input_pct","input_pct","float","input","Percentage of Fees (%)","0"
"cds/exposure/granular/eo_ae_environmental/relativity","relativity","float","output","Relativity","n/a"
"cds/exposure/granular/eo_ae_environmental/show_row","show_row","bool","output","Environmental","n/a"
"cds/exposure/granular/eo_ae_environmental","eo_ae_environmental","structure","n/a","n/a","n/a"
"cds/exposure/granular/eo_ae_feasibility_studies/input_pct","input_pct","float","input","Percentage of Fees (%)","0"
"cds/exposure/granular/eo_ae_feasibility_studies/relativity","relativity","float","output","Relativity","n/a"
"cds/exposure/granular/eo_ae_feasibility_studies/show_row","show_row","bool","output","Feasibility Studies","n/a"
"cds/exposure/granular/eo_ae_feasibility_studies","eo_ae_feasibility_studies","structure","n/a","n/a","n/a"
"cds/exposure/granular/eo_ae_geology_land_surveying/input_pct","input_pct","float","input","Percentage of Fees (%)","0"
"cds/exposure/granular/eo_ae_geology_land_surveying/relativity","relativity","float","output","Relativity","n/a"
"cds/exposure/granular/eo_ae_geology_land_surveying/show_row","show_row","bool","output","Geology/Land Surveying","n/a"
"cds/exposure/granular/eo_ae_geology_land_surveying","eo_ae_geology_land_surveying","structure","n/a","n/a","n/a"
"cds/exposure/granular/eo_ae_interior_design/input_pct","input_pct","float","input","Percentage of Fees (%)","0"
"cds/exposure/granular/eo_ae_interior_design/relativity","relativity","float","output","Relativity","n/a"
"cds/exposure/granular/eo_ae_interior_design/show_row","show_row","bool","output","Interior Design","n/a"
"cds/exposure/granular/eo_ae_interior_design","eo_ae_interior_design","structure","n/a","n/a","n/a"
"cds/exposure/granular/eo_ae_landscape_architecture/input_pct","input_pct","float","input","Percentage of Fees (%)","0"
"cds/exposure/granular/eo_ae_landscape_architecture/relativity","relativity","float","output","Relativity","n/a"
"cds/exposure/granular/eo_ae_landscape_architecture/show_row","show_row","bool","output","Landscape Architecture","n/a"
"cds/exposure/granular/eo_ae_landscape_architecture","eo_ae_landscape_architecture","structure","n/a","n/a","n/a"
"cds/exposure/granular/eo_ae_mechanical_engineering/input_pct","input_pct","float","input","Percentage of Fees (%)","0"
"cds/exposure/granular/eo_ae_mechanical_engineering/relativity","relativity","float","output","Relativity","n/a"
"cds/exposure/granular/eo_ae_mechanical_engineering/show_row","show_row","bool","output","Mechanical Engineering","n/a"
"cds/exposure/granular/eo_ae_mechanical_engineering","eo_ae_mechanical_engineering","structure","n/a","n/a","n/a"
"cds/exposure/granular/eo_ae_project_coordination/input_pct","input_pct","float","input","Percentage of Fees (%)","0"
"cds/exposure/granular/eo_ae_project_coordination/relativity","relativity","float","output","Relativity","n/a"
"cds/exposure/granular/eo_ae_project_coordination/show_row","show_row","bool","output","Project Coordination","n/a"
"cds/exposure/granular/eo_ae_project_coordination","eo_ae_project_coordination","structure","n/a","n/a","n/a"
"cds/exposure/granular/eo_ae_project_management/input_pct","input_pct","float","input","Percentage of Fees (%)","0"
"cds/exposure/granular/eo_ae_project_management/relativity","relativity","float","output","Relativity","n/a"
"cds/exposure/granular/eo_ae_project_management/show_row","show_row","bool","output","Project Management","n/a"
"cds/exposure/granular/eo_ae_project_management","eo_ae_project_management","structure","n/a","n/a","n/a"
"cds/exposure/granular/eo_ae_quantity_surveying/input_pct","input_pct","float","input","Percentage of Fees (%)","0"
"cds/exposure/granular/eo_ae_quantity_surveying/relativity","relativity","float","output","Relativity","n/a"
"cds/exposure/granular/eo_ae_quantity_surveying/show_row","show_row","bool","output","Quantity Surveying","n/a"
"cds/exposure/granular/eo_ae_quantity_surveying","eo_ae_quantity_surveying","structure","n/a","n/a","n/a"
"cds/exposure/granular/eo_ae_residential_surveys/input_pct","input_pct","float","input","Percentage of Fees (%)","0"
"cds/exposure/granular/eo_ae_residential_surveys/relativity","relativity","float","output","Relativity","n/a"
"cds/exposure/granular/eo_ae_residential_surveys/show_row","show_row","bool","output","Residential Surveys","n/a"
"cds/exposure/granular/eo_ae_residential_surveys","eo_ae_residential_surveys","structure","n/a","n/a","n/a"
"cds/exposure/granular/eo_ae_soils_engineering/input_pct","input_pct","float","input","Percentage of Fees (%)","0"
"cds/exposure/granular/eo_ae_soils_engineering/relativity","relativity","float","output","Relativity","n/a"
"cds/exposure/granular/eo_ae_soils_engineering/show_row","show_row","bool","output","Soils Engineering","n/a"
"cds/exposure/granular/eo_ae_soils_engineering","eo_ae_soils_engineering","structure","n/a","n/a","n/a"
"cds/exposure/granular/eo_ae_structural_engineering/input_pct","input_pct","float","input","Percentage of Fees (%)","0"
"cds/exposure/granular/eo_ae_structural_engineering/relativity","relativity","float","output","Relativity","n/a"
"cds/exposure/granular/eo_ae_structural_engineering/show_row","show_row","bool","output","Structural Engineering","n/a"
"cds/exposure/granular/eo_ae_structural_engineering","eo_ae_structural_engineering","structure","n/a","n/a","n/a"
"cds/exposure/granular/eo_ae_structural_surveys/input_pct","input_pct","float","input","Percentage of Fees (%)","0"
"cds/exposure/granular/eo_ae_structural_surveys/relativity","relativity","float","output","Relativity","n/a"
"cds/exposure/granular/eo_ae_structural_surveys/show_row","show_row","bool","output","Structural Surveys","n/a"
"cds/exposure/granular/eo_ae_structural_surveys","eo_ae_structural_surveys","structure","n/a","n/a","n/a"
"cds/exposure/granular/eo_ae_town_planning/input_pct","input_pct","float","input","Percentage of Fees (%)","0"
"cds/exposure/granular/eo_ae_town_planning/relativity","relativity","float","output","Relativity","n/a"
"cds/exposure/granular/eo_ae_town_planning/show_row","show_row","bool","output","Town Planning","n/a"
"cds/exposure/granular/eo_ae_town_planning","eo_ae_town_planning","structure","n/a","n/a","n/a"
"cds/exposure/granular/eo_ae_valuations/input_pct","input_pct","float","input","Percentage of Fees (%)","0"
"cds/exposure/granular/eo_ae_valuations/relativity","relativity","float","output","Relativity","n/a"
"cds/exposure/granular/eo_ae_valuations/show_row","show_row","bool","output","Valuations","n/a"
"cds/exposure/granular/eo_ae_valuations","eo_ae_valuations","structure","n/a","n/a","n/a"
"cds/exposure/granular/eo_ae_other/input_pct","input_pct","float","input","Percentage of Fees (%)","0"
"cds/exposure/granular/eo_ae_other/relativity","relativity","float","output","Relativity","n/a"
"cds/exposure/granular/eo_ae_other/show_row","show_row","bool","output","Other (Please Specify)","n/a"
"cds/exposure/granular/eo_ae_other","eo_ae_other","structure","n/a","n/a","n/a"
"cds/exposure/granular/eo_lawyer_civil_litigation/input_pct","input_pct","float","input","Percentage of Fees (%)","0"
"cds/exposure/granular/eo_lawyer_civil_litigation/relativity","relativity","float","output","Relativity","n/a"
"cds/exposure/granular/eo_lawyer_civil_litigation/show_row","show_row","bool","output","Civil Litigation","n/a"
"cds/exposure/granular/eo_lawyer_civil_litigation","eo_lawyer_civil_litigation","structure","n/a","n/a","n/a"
"cds/exposure/granular/eo_lawyer_consultancy/input_pct","input_pct","float","input","Percentage of Fees (%)","0"
"cds/exposure/granular/eo_lawyer_consultancy/relativity","relativity","float","output","Relativity","n/a"
"cds/exposure/granular/eo_lawyer_consultancy/show_row","show_row","bool","output","Consultancy","n/a"
"cds/exposure/granular/eo_lawyer_consultancy","eo_lawyer_consultancy","structure","n/a","n/a","n/a"
"cds/exposure/granular/eo_lawyer_conveyance/input_pct","input_pct","float","input","Percentage of Fees (%)","0"
"cds/exposure/granular/eo_lawyer_conveyance/relativity","relativity","float","output","Relativity","n/a"
"cds/exposure/granular/eo_lawyer_conveyance/show_row","show_row","bool","output","Conveyance","n/a"
"cds/exposure/granular/eo_lawyer_conveyance","eo_lawyer_conveyance","structure","n/a","n/a","n/a"
"cds/exposure/granular/eo_lawyer_corporate_finance/input_pct","input_pct","float","input","Percentage of Fees (%)","0"
"cds/exposure/granular/eo_lawyer_corporate_finance/relativity","relativity","float","output","Relativity","n/a"
"cds/exposure/granular/eo_lawyer_corporate_finance/show_row","show_row","bool","output","Corporate Finance (Mergers, Acquisitions etc)","n/a"
"cds/exposure/granular/eo_lawyer_corporate_finance","eo_lawyer_corporate_finance","structure","n/a","n/a","n/a"
"cds/exposure/granular/eo_lawyer_criminal_litigation/input_pct","input_pct","float","input","Percentage of Fees (%)","0"
"cds/exposure/granular/eo_lawyer_criminal_litigation/relativity","relativity","float","output","Relativity","n/a"
"cds/exposure/granular/eo_lawyer_criminal_litigation/show_row","show_row","bool","output","Criminal Litigation","n/a"
"cds/exposure/granular/eo_lawyer_criminal_litigation","eo_lawyer_criminal_litigation","structure","n/a","n/a","n/a"
"cds/exposure/granular/eo_lawyer_employment/input_pct","input_pct","float","input","Percentage of Fees (%)","0"
"cds/exposure/granular/eo_lawyer_employment/relativity","relativity","float","output","Relativity","n/a"
"cds/exposure/granular/eo_lawyer_employment/show_row","show_row","bool","output","Employment","n/a"
"cds/exposure/granular/eo_lawyer_employment","eo_lawyer_employment","structure","n/a","n/a","n/a"
"cds/exposure/granular/eo_lawyer_estate_planning_probate/input_pct","input_pct","float","input","Percentage of Fees (%)","0"
"cds/exposure/granular/eo_lawyer_estate_planning_probate/relativity","relativity","float","output","Relativity","n/a"
"cds/exposure/granular/eo_lawyer_estate_planning_probate/show_row","show_row","bool","output","Estate Planning/Probate","n/a"
"cds/exposure/granular/eo_lawyer_estate_planning_probate","eo_lawyer_estate_planning_probate","structure","n/a","n/a","n/a"
"cds/exposure/granular/eo_lawyer_family_law/input_pct","input_pct","float","input","Percentage of Fees (%)","0"
"cds/exposure/granular/eo_lawyer_family_law/relativity","relativity","float","output","Relativity","n/a"
"cds/exposure/granular/eo_lawyer_family_law/show_row","show_row","bool","output","Family Law","n/a"
"cds/exposure/granular/eo_lawyer_family_law","eo_lawyer_family_law","structure","n/a","n/a","n/a"
"cds/exposure/granular/eo_lawyer_financial_institutions/input_pct","input_pct","float","input","Percentage of Fees (%)","0"
"cds/exposure/granular/eo_lawyer_financial_institutions/relativity","relativity","float","output","Relativity","n/a"
"cds/exposure/granular/eo_lawyer_financial_institutions/show_row","show_row","bool","output","Financial Institutions","n/a"
"cds/exposure/granular/eo_lawyer_financial_institutions","eo_lawyer_financial_institutions","structure","n/a","n/a","n/a"
"cds/exposure/granular/eo_lawyer_formation_administration_of_companies/input_pct","input_pct","float","input","Percentage of Fees (%)","0"
"cds/exposure/granular/eo_lawyer_formation_administration_of_companies/relativity","relativity","float","output","Relativity","n/a"
"cds/exposure/granular/eo_lawyer_formation_administration_of_companies/show_row","show_row","bool","output","Formation/Administration of Companies","n/a"
"cds/exposure/granular/eo_lawyer_formation_administration_of_companies","eo_lawyer_formation_administration_of_companies","structure","n/a","n/a","n/a"
"cds/exposure/granular/eo_lawyer_formation_administration_of_trusts/input_pct","input_pct","float","input","Percentage of Fees (%)","0"
"cds/exposure/granular/eo_lawyer_formation_administration_of_trusts/relativity","relativity","float","output","Relativity","n/a"
"cds/exposure/granular/eo_lawyer_formation_administration_of_trusts/show_row","show_row","bool","output","Formation/Administration of Trusts","n/a"
"cds/exposure/granular/eo_lawyer_formation_administration_of_trusts","eo_lawyer_formation_administration_of_trusts","structure","n/a","n/a","n/a"
"cds/exposure/granular/eo_lawyer_general_commercial/input_pct","input_pct","float","input","Percentage of Fees (%)","0"
"cds/exposure/granular/eo_lawyer_general_commercial/relativity","relativity","float","output","Relativity","n/a"
"cds/exposure/granular/eo_lawyer_general_commercial/show_row","show_row","bool","output","General Commercial","n/a"
"cds/exposure/granular/eo_lawyer_general_commercial","eo_lawyer_general_commercial","structure","n/a","n/a","n/a"
"cds/exposure/granular/eo_lawyer_insolvency/input_pct","input_pct","float","input","Percentage of Fees (%)","0"
"cds/exposure/granular/eo_lawyer_insolvency/relativity","relativity","float","output","Relativity","n/a"
"cds/exposure/granular/eo_lawyer_insolvency/show_row","show_row","bool","output","Insolvency","n/a"
"cds/exposure/granular/eo_lawyer_insolvency","eo_lawyer_insolvency","structure","n/a","n/a","n/a"
"cds/exposure/granular/eo_lawyer_insurance_claims_handling_monitoring/input_pct","input_pct","float","input","Percentage of Fees (%)","0"
"cds/exposure/granular/eo_lawyer_insurance_claims_handling_monitoring/relativity","relativity","float","output","Relativity","n/a"
"cds/exposure/granular/eo_lawyer_insurance_claims_handling_monitoring/show_row","show_row","bool","output","Insurance  Claims Handling/Monitoring","n/a"
"cds/exposure/granular/eo_lawyer_insurance_claims_handling_monitoring","eo_lawyer_insurance_claims_handling_monitoring","structure","n/a","n/a","n/a"
"cds/exposure/granular/eo_lawyer_insurance_other/input_pct","input_pct","float","input","Percentage of Fees (%)","0"
"cds/exposure/granular/eo_lawyer_insurance_other/relativity","relativity","float","output","Relativity","n/a"
"cds/exposure/granular/eo_lawyer_insurance_other/show_row","show_row","bool","output","Insurance Other","n/a"
"cds/exposure/granular/eo_lawyer_insurance_other","eo_lawyer_insurance_other","structure","n/a","n/a","n/a"
"cds/exposure/granular/eo_lawyer_marine_litigation/input_pct","input_pct","float","input","Percentage of Fees (%)","0"
"cds/exposure/granular/eo_lawyer_marine_litigation/relativity","relativity","float","output","Relativity","n/a"
"cds/exposure/granular/eo_lawyer_marine_litigation/show_row","show_row","bool","output","Marine Litigation","n/a"
"cds/exposure/granular/eo_lawyer_marine_litigation","eo_lawyer_marine_litigation","structure","n/a","n/a","n/a"
"cds/exposure/granular/eo_lawyer_patentintellectual_property/input_pct","input_pct","float","input","Percentage of Fees (%)","0"
"cds/exposure/granular/eo_lawyer_patentintellectual_property/relativity","relativity","float","output","Relativity","n/a"
"cds/exposure/granular/eo_lawyer_patentintellectual_property/show_row","show_row","bool","output","Patent/Intellectual Property","n/a"
"cds/exposure/granular/eo_lawyer_patentintellectual_property","eo_lawyer_patentintellectual_property","structure","n/a","n/a","n/a"
"cds/exposure/granular/eo_lawyer_property_development/input_pct","input_pct","float","input","Percentage of Fees (%)","0"
"cds/exposure/granular/eo_lawyer_property_development/relativity","relativity","float","output","Relativity","n/a"
"cds/exposure/granular/eo_lawyer_property_development/show_row","show_row","bool","output","Property Development","n/a"
"cds/exposure/granular/eo_lawyer_property_development","eo_lawyer_property_development","structure","n/a","n/a","n/a"
"cds/exposure/granular/eo_lawyer_provision_of_directors_officers/input_pct","input_pct","float","input","Percentage of Fees (%)","0"
"cds/exposure/granular/eo_lawyer_provision_of_directors_officers/relativity","relativity","float","output","Relativity","n/a"
"cds/exposure/granular/eo_lawyer_provision_of_directors_officers/show_row","show_row","bool","output","Provision Of Directors/Officers","n/a"
"cds/exposure/granular/eo_lawyer_provision_of_directors_officers","eo_lawyer_provision_of_directors_officers","structure","n/a","n/a","n/a"
"cds/exposure/granular/eo_lawyer_trustee_appointments/input_pct","input_pct","float","input","Percentage of Fees (%)","0"
"cds/exposure/granular/eo_lawyer_trustee_appointments/relativity","relativity","float","output","Relativity","n/a"
"cds/exposure/granular/eo_lawyer_trustee_appointments/show_row","show_row","bool","output","Trustee Appointments","n/a"
"cds/exposure/granular/eo_lawyer_trustee_appointments","eo_lawyer_trustee_appointments","structure","n/a","n/a","n/a"
"cds/exposure/granular/eo_lawyer_other/input_pct","input_pct","float","input","Percentage of Fees (%)","0"
"cds/exposure/granular/eo_lawyer_other/relativity","relativity","float","output","Relativity","n/a"
"cds/exposure/granular/eo_lawyer_other/show_row","show_row","bool","output","Other (Please Specify)","n/a"
"cds/exposure/granular/eo_lawyer_other","eo_lawyer_other","structure","n/a","n/a","n/a"
"cds/exposure/granular/eo_misc_accident_investigation_consultants/input_pct","input_pct","float","input","Percentage of Fees (%)","0"
"cds/exposure/granular/eo_misc_accident_investigation_consultants/relativity","relativity","float","output","Relativity","n/a"
"cds/exposure/granular/eo_misc_accident_investigation_consultants/show_row","show_row","bool","output","Accident Investigation Consultants","n/a"
"cds/exposure/granular/eo_misc_accident_investigation_consultants","eo_misc_accident_investigation_consultants","structure","n/a","n/a","n/a"
"cds/exposure/granular/eo_misc_advertising_site_consultants/input_pct","input_pct","float","input","Percentage of Fees (%)","0"
"cds/exposure/granular/eo_misc_advertising_site_consultants/relativity","relativity","float","output","Relativity","n/a"
"cds/exposure/granular/eo_misc_advertising_site_consultants/show_row","show_row","bool","output","Advertising Site Consultants","n/a"
"cds/exposure/granular/eo_misc_advertising_site_consultants","eo_misc_advertising_site_consultants","structure","n/a","n/a","n/a"
"cds/exposure/granular/eo_misc_arboricultural_consultants/input_pct","input_pct","float","input","Percentage of Fees (%)","0"
"cds/exposure/granular/eo_misc_arboricultural_consultants/relativity","relativity","float","output","Relativity","n/a"
"cds/exposure/granular/eo_misc_arboricultural_consultants/show_row","show_row","bool","output","Arboricultural Consultants","n/a"
"cds/exposure/granular/eo_misc_arboricultural_consultants","eo_misc_arboricultural_consultants","structure","n/a","n/a","n/a"
"cds/exposure/granular/eo_misc_archaeological_consultants/input_pct","input_pct","float","input","Percentage of Fees (%)","0"
"cds/exposure/granular/eo_misc_archaeological_consultants/relativity","relativity","float","output","Relativity","n/a"
"cds/exposure/granular/eo_misc_archaeological_consultants/show_row","show_row","bool","output","Archaeological Consultants","n/a"
"cds/exposure/granular/eo_misc_archaeological_consultants","eo_misc_archaeological_consultants","structure","n/a","n/a","n/a"
"cds/exposure/granular/eo_misc_auctioneers/input_pct","input_pct","float","input","Percentage of Fees (%)","0"
"cds/exposure/granular/eo_misc_auctioneers/relativity","relativity","float","output","Relativity","n/a"
"cds/exposure/granular/eo_misc_auctioneers/show_row","show_row","bool","output","Auctioneers (On Behalf of Liquidators/Banks/Police)","n/a"
"cds/exposure/granular/eo_misc_auctioneers","eo_misc_auctioneers","structure","n/a","n/a","n/a"
"cds/exposure/granular/eo_misc_boat_agents/input_pct","input_pct","float","input","Percentage of Fees (%)","0"
"cds/exposure/granular/eo_misc_boat_agents/relativity","relativity","float","output","Relativity","n/a"
"cds/exposure/granular/eo_misc_boat_agents/show_row","show_row","bool","output","Boat Agents","n/a"
"cds/exposure/granular/eo_misc_boat_agents","eo_misc_boat_agents","structure","n/a","n/a","n/a"
"cds/exposure/granular/eo_misc_business_training_development_consultants/input_pct","input_pct","float","input","Percentage of Fees (%)","0"
"cds/exposure/granular/eo_misc_business_training_development_consultants/relativity","relativity","float","output","Relativity","n/a"
"cds/exposure/granular/eo_misc_business_training_development_consultants/show_row","show_row","bool","output","Business Training & Development Consultants","n/a"
"cds/exposure/granular/eo_misc_business_training_development_consultants","eo_misc_business_training_development_consultants","structure","n/a","n/a","n/a"
"cds/exposure/granular/eo_misc_clerical_administration/input_pct","input_pct","float","input","Percentage of Fees (%)","0"
"cds/exposure/granular/eo_misc_clerical_administration/relativity","relativity","float","output","Relativity","n/a"
"cds/exposure/granular/eo_misc_clerical_administration/show_row","show_row","bool","output","Clerical Administration","n/a"
"cds/exposure/granular/eo_misc_clerical_administration","eo_misc_clerical_administration","structure","n/a","n/a","n/a"
"cds/exposure/granular/eo_misc_debt_collectors/input_pct","input_pct","float","input","Percentage of Fees (%)","0"
"cds/exposure/granular/eo_misc_debt_collectors/relativity","relativity","float","output","Relativity","n/a"
"cds/exposure/granular/eo_misc_debt_collectors/show_row","show_row","bool","output","Debt Collectors (Office Based Only) General Liability Exclusion","n/a"
"cds/exposure/granular/eo_misc_debt_collectors","eo_misc_debt_collectors","structure","n/a","n/a","n/a"
"cds/exposure/granular/eo_misc_disability_and_access_audit_consultants/input_pct","input_pct","float","input","Percentage of Fees (%)","0"
"cds/exposure/granular/eo_misc_disability_and_access_audit_consultants/relativity","relativity","float","output","Relativity","n/a"
"cds/exposure/granular/eo_misc_disability_and_access_audit_consultants/show_row","show_row","bool","output","Disability And Access Audit Consultants","n/a"
"cds/exposure/granular/eo_misc_disability_and_access_audit_consultants","eo_misc_disability_and_access_audit_consultants","structure","n/a","n/a","n/a"
"cds/exposure/granular/eo_misc_disaster_recovery_consultants/input_pct","input_pct","float","input","Percentage of Fees (%)","0"
"cds/exposure/granular/eo_misc_disaster_recovery_consultants/relativity","relativity","float","output","Relativity","n/a"
"cds/exposure/granular/eo_misc_disaster_recovery_consultants/show_row","show_row","bool","output","Disaster Recovery Consultants","n/a"
"cds/exposure/granular/eo_misc_disaster_recovery_consultants","eo_misc_disaster_recovery_consultants","structure","n/a","n/a","n/a"
"cds/exposure/granular/eo_misc_educational_guardians/input_pct","input_pct","float","input","Percentage of Fees (%)","0"
"cds/exposure/granular/eo_misc_educational_guardians/relativity","relativity","float","output","Relativity","n/a"
"cds/exposure/granular/eo_misc_educational_guardians/show_row","show_row","bool","output","Educational Guardians (Accommodation & Schools Placement For Overseas Students)","n/a"
"cds/exposure/granular/eo_misc_educational_guardians","eo_misc_educational_guardians","structure","n/a","n/a","n/a"
"cds/exposure/granular/eo_misc_energy_consultants/input_pct","input_pct","float","input","Percentage of Fees (%)","0"
"cds/exposure/granular/eo_misc_energy_consultants/relativity","relativity","float","output","Relativity","n/a"
"cds/exposure/granular/eo_misc_energy_consultants/show_row","show_row","bool","output","Energy Consultants (Provide Energy Cost Analysis)","n/a"
"cds/exposure/granular/eo_misc_energy_consultants","eo_misc_energy_consultants","structure","n/a","n/a","n/a"
"cds/exposure/granular/eo_misc_event_organisers/input_pct","input_pct","float","input","Percentage of Fees (%)","0"
"cds/exposure/granular/eo_misc_event_organisers/relativity","relativity","float","output","Relativity","n/a"
"cds/exposure/granular/eo_misc_event_organisers/show_row","show_row","bool","output","Event Organisers","n/a"
"cds/exposure/granular/eo_misc_event_organisers","eo_misc_event_organisers","structure","n/a","n/a","n/a"
"cds/exposure/granular/eo_misc_exhibition_organisers/input_pct","input_pct","float","input","Percentage of Fees (%)","0"
"cds/exposure/granular/eo_misc_exhibition_organisers/relativity","relativity","float","output","Relativity","n/a"
"cds/exposure/granular/eo_misc_exhibition_organisers/show_row","show_row","bool","output","Exhibition Organisers","n/a"
"cds/exposure/granular/eo_misc_exhibition_organisers","eo_misc_exhibition_organisers","structure","n/a","n/a","n/a"
"cds/exposure/granular/eo_misc_expert_witness_work/input_pct","input_pct","float","input","Percentage of Fees (%)","0"
"cds/exposure/granular/eo_misc_expert_witness_work/relativity","relativity","float","output","Relativity","n/a"
"cds/exposure/granular/eo_misc_expert_witness_work/show_row","show_row","bool","output","Expert Witness Work","n/a"
"cds/exposure/granular/eo_misc_expert_witness_work","eo_misc_expert_witness_work","structure","n/a","n/a","n/a"
"cds/exposure/granular/eo_misc_facilities_management_consultants/input_pct","input_pct","float","input","Percentage of Fees (%)","0"
"cds/exposure/granular/eo_misc_facilities_management_consultants/relativity","relativity","float","output","Relativity","n/a"
"cds/exposure/granular/eo_misc_facilities_management_consultants/show_row","show_row","bool","output","Facilities Management Consultants","n/a"
"cds/exposure/granular/eo_misc_facilities_management_consultants","eo_misc_facilities_management_consultants","structure","n/a","n/a","n/a"
"cds/exposure/granular/eo_misc_fashion_designers/input_pct","input_pct","float","input","Percentage of Fees (%)","0"
"cds/exposure/granular/eo_misc_fashion_designers/relativity","relativity","float","output","Relativity","n/a"
"cds/exposure/granular/eo_misc_fashion_designers/show_row","show_row","bool","output","Fashion Designers","n/a"
"cds/exposure/granular/eo_misc_fashion_designers","eo_misc_fashion_designers","structure","n/a","n/a","n/a"
"cds/exposure/granular/eo_misc_fire_trainers/input_pct","input_pct","float","input","Percentage of Fees (%)","0"
"cds/exposure/granular/eo_misc_fire_trainers/relativity","relativity","float","output","Relativity","n/a"
"cds/exposure/granular/eo_misc_fire_trainers/show_row","show_row","bool","output","Fire Trainers","n/a"
"cds/exposure/granular/eo_misc_fire_trainers","eo_misc_fire_trainers","structure","n/a","n/a","n/a"
"cds/exposure/granular/eo_misc_forestry_woodland_management_consultants/input_pct","input_pct","float","input","Percentage of Fees (%)","0"
"cds/exposure/granular/eo_misc_forestry_woodland_management_consultants/relativity","relativity","float","output","Relativity","n/a"
"cds/exposure/granular/eo_misc_forestry_woodland_management_consultants/show_row","show_row","bool","output","Forestry & Woodland Management Consultants","n/a"
"cds/exposure/granular/eo_misc_forestry_woodland_management_consultants","eo_misc_forestry_woodland_management_consultants","structure","n/a","n/a","n/a"
"cds/exposure/granular/eo_misc_graphic_designers/input_pct","input_pct","float","input","Percentage of Fees (%)","0"
"cds/exposure/granular/eo_misc_graphic_designers/relativity","relativity","float","output","Relativity","n/a"
"cds/exposure/granular/eo_misc_graphic_designers/show_row","show_row","bool","output","Graphic Designers","n/a"
"cds/exposure/granular/eo_misc_graphic_designers","eo_misc_graphic_designers","structure","n/a","n/a","n/a"
"cds/exposure/granular/eo_misc_health_safety_consultants/input_pct","input_pct","float","input","Percentage of Fees (%)","0"
"cds/exposure/granular/eo_misc_health_safety_consultants/relativity","relativity","float","output","Relativity","n/a"
"cds/exposure/granular/eo_misc_health_safety_consultants/show_row","show_row","bool","output","Health & Safety Consultants (Not Food Hygiene or Mech Equip & Mach Trainers)","n/a"
"cds/exposure/granular/eo_misc_health_safety_consultants","eo_misc_health_safety_consultants","structure","n/a","n/a","n/a"
"cds/exposure/granular/eo_misc_horticultural_consultants/input_pct","input_pct","float","input","Percentage of Fees (%)","0"
"cds/exposure/granular/eo_misc_horticultural_consultants/relativity","relativity","float","output","Relativity","n/a"
"cds/exposure/granular/eo_misc_horticultural_consultants/show_row","show_row","bool","output","Horticultural Consultants","n/a"
"cds/exposure/granular/eo_misc_horticultural_consultants","eo_misc_horticultural_consultants","structure","n/a","n/a","n/a"
"cds/exposure/granular/eo_misc_human_resource_consultants/input_pct","input_pct","float","input","Percentage of Fees (%)","0"
"cds/exposure/granular/eo_misc_human_resource_consultants/relativity","relativity","float","output","Relativity","n/a"
"cds/exposure/granular/eo_misc_human_resource_consultants/show_row","show_row","bool","output","Human Resource Consultants","n/a"
"cds/exposure/granular/eo_misc_human_resource_consultants","eo_misc_human_resource_consultants","structure","n/a","n/a","n/a"
"cds/exposure/granular/eo_misc_insurance_fraud_investigators/input_pct","input_pct","float","input","Percentage of Fees (%)","0"
"cds/exposure/granular/eo_misc_insurance_fraud_investigators/relativity","relativity","float","output","Relativity","n/a"
"cds/exposure/granular/eo_misc_insurance_fraud_investigators/show_row","show_row","bool","output","Insurance Fraud Investigators","n/a"
"cds/exposure/granular/eo_misc_insurance_fraud_investigators","eo_misc_insurance_fraud_investigators","structure","n/a","n/a","n/a"
"cds/exposure/granular/eo_misc_inventory_consultants/input_pct","input_pct","float","input","Percentage of Fees (%)","0"
"cds/exposure/granular/eo_misc_inventory_consultants/relativity","relativity","float","output","Relativity","n/a"
"cds/exposure/granular/eo_misc_inventory_consultants/show_row","show_row","bool","output","Inventory Consultants","n/a"
"cds/exposure/granular/eo_misc_inventory_consultants","eo_misc_inventory_consultants","structure","n/a","n/a","n/a"
"cds/exposure/granular/eo_misc_landscape_gardeners/input_pct","input_pct","float","input","Percentage of Fees (%)","0"
"cds/exposure/granular/eo_misc_landscape_gardeners/relativity","relativity","float","output","Relativity","n/a"
"cds/exposure/granular/eo_misc_landscape_gardeners/show_row","show_row","bool","output","Landscape Gardeners","n/a"
"cds/exposure/granular/eo_misc_landscape_gardeners","eo_misc_landscape_gardeners","structure","n/a","n/a","n/a"
"cds/exposure/granular/eo_misc_law_costs_draughtsman/input_pct","input_pct","float","input","Percentage of Fees (%)","0"
"cds/exposure/granular/eo_misc_law_costs_draughtsman/relativity","relativity","float","output","Relativity","n/a"
"cds/exposure/granular/eo_misc_law_costs_draughtsman/show_row","show_row","bool","output","Law Costs Draughtsman","n/a"
"cds/exposure/granular/eo_misc_law_costs_draughtsman","eo_misc_law_costs_draughtsman","structure","n/a","n/a","n/a"
"cds/exposure/granular/eo_misc_licensed_court_enforcement_officers/input_pct","input_pct","float","input","Percentage of Fees (%)","0"
"cds/exposure/granular/eo_misc_licensed_court_enforcement_officers/relativity","relativity","float","output","Relativity","n/a"
"cds/exposure/granular/eo_misc_licensed_court_enforcement_officers/show_row","show_row","bool","output","Licensed Court Enforcement Officers","n/a"
"cds/exposure/granular/eo_misc_licensed_court_enforcement_officers","eo_misc_licensed_court_enforcement_officers","structure","n/a","n/a","n/a"
"cds/exposure/granular/eo_misc_licensing_consultants/input_pct","input_pct","float","input","Percentage of Fees (%)","0"
"cds/exposure/granular/eo_misc_licensing_consultants/relativity","relativity","float","output","Relativity","n/a"
"cds/exposure/granular/eo_misc_licensing_consultants/show_row","show_row","bool","output","Licensing Consultants","n/a"
"cds/exposure/granular/eo_misc_licensing_consultants","eo_misc_licensing_consultants","structure","n/a","n/a","n/a"
"cds/exposure/granular/eo_misc_local_search_companies/input_pct","input_pct","float","input","Percentage of Fees (%)","0"
"cds/exposure/granular/eo_misc_local_search_companies/relativity","relativity","float","output","Relativity","n/a"
"cds/exposure/granular/eo_misc_local_search_companies/show_row","show_row","bool","output","Local Search Companies","n/a"
"cds/exposure/granular/eo_misc_local_search_companies","eo_misc_local_search_companies","structure","n/a","n/a","n/a"
"cds/exposure/granular/eo_misc_loss_adjusters/input_pct","input_pct","float","input","Percentage of Fees (%)","0"
"cds/exposure/granular/eo_misc_loss_adjusters/relativity","relativity","float","output","Relativity","n/a"
"cds/exposure/granular/eo_misc_loss_adjusters/show_row","show_row","bool","output","Loss Adjusters","n/a"
"cds/exposure/granular/eo_misc_loss_adjusters","eo_misc_loss_adjusters","structure","n/a","n/a","n/a"
"cds/exposure/granular/eo_misc_loss_assessors/input_pct","input_pct","float","input","Percentage of Fees (%)","0"
"cds/exposure/granular/eo_misc_loss_assessors/relativity","relativity","float","output","Relativity","n/a"
"cds/exposure/granular/eo_misc_loss_assessors/show_row","show_row","bool","output","Loss Assessors","n/a"
"cds/exposure/granular/eo_misc_loss_assessors","eo_misc_loss_assessors","structure","n/a","n/a","n/a"
"cds/exposure/granular/eo_misc_management_consultants/input_pct","input_pct","float","input","Percentage of Fees (%)","0"
"cds/exposure/granular/eo_misc_management_consultants/relativity","relativity","float","output","Relativity","n/a"
"cds/exposure/granular/eo_misc_management_consultants/show_row","show_row","bool","output","Management Consultants","n/a"
"cds/exposure/granular/eo_misc_management_consultants","eo_misc_management_consultants","structure","n/a","n/a","n/a"
"cds/exposure/granular/eo_misc_market_research_consultants/input_pct","input_pct","float","input","Percentage of Fees (%)","0"
"cds/exposure/granular/eo_misc_market_research_consultants/relativity","relativity","float","output","Relativity","n/a"
"cds/exposure/granular/eo_misc_market_research_consultants/show_row","show_row","bool","output","Market Research Consultants","n/a"
"cds/exposure/granular/eo_misc_market_research_consultants","eo_misc_market_research_consultants","structure","n/a","n/a","n/a"
"cds/exposure/granular/eo_misc_noise_abatement_consultants/input_pct","input_pct","float","input","Percentage of Fees (%)","0"
"cds/exposure/granular/eo_misc_noise_abatement_consultants/relativity","relativity","float","output","Relativity","n/a"
"cds/exposure/granular/eo_misc_noise_abatement_consultants/show_row","show_row","bool","output","Noise Abatement Consultants","n/a"
"cds/exposure/granular/eo_misc_noise_abatement_consultants","eo_misc_noise_abatement_consultants","structure","n/a","n/a","n/a"
"cds/exposure/granular/eo_misc_nvq_assessors/input_pct","input_pct","float","input","Percentage of Fees (%)","0"
"cds/exposure/granular/eo_misc_nvq_assessors/relativity","relativity","float","output","Relativity","n/a"
"cds/exposure/granular/eo_misc_nvq_assessors/show_row","show_row","bool","output","NVQ Assessors","n/a"
"cds/exposure/granular/eo_misc_nvq_assessors","eo_misc_nvq_assessors","structure","n/a","n/a","n/a"
"cds/exposure/granular/eo_misc_ofsted_inspectors_education_consultants/input_pct","input_pct","float","input","Percentage of Fees (%)","0"
"cds/exposure/granular/eo_misc_ofsted_inspectors_education_consultants/relativity","relativity","float","output","Relativity","n/a"
"cds/exposure/granular/eo_misc_ofsted_inspectors_education_consultants/show_row","show_row","bool","output","Ofsted Inspectors/Education Consultants","n/a"
"cds/exposure/granular/eo_misc_ofsted_inspectors_education_consultants","eo_misc_ofsted_inspectors_education_consultants","structure","n/a","n/a","n/a"
"cds/exposure/granular/eo_misc_private_investigators/input_pct","input_pct","float","input","Percentage of Fees (%)","0"
"cds/exposure/granular/eo_misc_private_investigators/relativity","relativity","float","output","Relativity","n/a"
"cds/exposure/granular/eo_misc_private_investigators/show_row","show_row","bool","output","Private Investigators","n/a"
"cds/exposure/granular/eo_misc_private_investigators","eo_misc_private_investigators","structure","n/a","n/a","n/a"
"cds/exposure/granular/eo_misc_property_insurance_surveyors/input_pct","input_pct","float","input","Percentage of Fees (%)","0"
"cds/exposure/granular/eo_misc_property_insurance_surveyors/relativity","relativity","float","output","Relativity","n/a"
"cds/exposure/granular/eo_misc_property_insurance_surveyors/show_row","show_row","bool","output","Property Insurance Surveyors","n/a"
"cds/exposure/granular/eo_misc_property_insurance_surveyors","eo_misc_property_insurance_surveyors","structure","n/a","n/a","n/a"
"cds/exposure/granular/eo_misc_property_maintenance_consultants/input_pct","input_pct","float","input","Percentage of Fees (%)","0"
"cds/exposure/granular/eo_misc_property_maintenance_consultants/relativity","relativity","float","output","Relativity","n/a"
"cds/exposure/granular/eo_misc_property_maintenance_consultants/show_row","show_row","bool","output","Property Maintenance Consultants","n/a"
"cds/exposure/granular/eo_misc_property_maintenance_consultants","eo_misc_property_maintenance_consultants","structure","n/a","n/a","n/a"
"cds/exposure/granular/eo_misc_purchase_supply_consultants/input_pct","input_pct","float","input","Percentage of Fees (%)","0"
"cds/exposure/granular/eo_misc_purchase_supply_consultants/relativity","relativity","float","output","Relativity","n/a"
"cds/exposure/granular/eo_misc_purchase_supply_consultants/show_row","show_row","bool","output","Purchase & Supply Consultants","n/a"
"cds/exposure/granular/eo_misc_purchase_supply_consultants","eo_misc_purchase_supply_consultants","structure","n/a","n/a","n/a"
"cds/exposure/granular/eo_misc_quality_assessors/input_pct","input_pct","float","input","Percentage of Fees (%)","0"
"cds/exposure/granular/eo_misc_quality_assessors/relativity","relativity","float","output","Relativity","n/a"
"cds/exposure/granular/eo_misc_quality_assessors/show_row","show_row","bool","output","Quality Assessors","n/a"
"cds/exposure/granular/eo_misc_quality_assessors","eo_misc_quality_assessors","structure","n/a","n/a","n/a"
"cds/exposure/granular/eo_misc_recruitment_consultants_employment_agencies/input_pct","input_pct","float","input","Percentage of Fees (%)","0"
"cds/exposure/granular/eo_misc_recruitment_consultants_employment_agencies/relativity","relativity","float","output","Relativity","n/a"
"cds/exposure/granular/eo_misc_recruitment_consultants_employment_agencies/show_row","show_row","bool","output","Recruitment Consultants/Employment Agencies","n/a"
"cds/exposure/granular/eo_misc_recruitment_consultants_employment_agencies","eo_misc_recruitment_consultants_employment_agencies","structure","n/a","n/a","n/a"
"cds/exposure/granular/eo_misc_regeneration_consultants/input_pct","input_pct","float","input","Percentage of Fees (%)","0"
"cds/exposure/granular/eo_misc_regeneration_consultants/relativity","relativity","float","output","Relativity","n/a"
"cds/exposure/granular/eo_misc_regeneration_consultants/show_row","show_row","bool","output","Regeneration Consultants","n/a"
"cds/exposure/granular/eo_misc_regeneration_consultants","eo_misc_regeneration_consultants","structure","n/a","n/a","n/a"
"cds/exposure/granular/eo_misc_relocation_consultants/input_pct","input_pct","float","input","Percentage of Fees (%)","0"
"cds/exposure/granular/eo_misc_relocation_consultants/relativity","relativity","float","output","Relativity","n/a"
"cds/exposure/granular/eo_misc_relocation_consultants/show_row","show_row","bool","output","Relocation Consultants","n/a"
"cds/exposure/granular/eo_misc_relocation_consultants","eo_misc_relocation_consultants","structure","n/a","n/a","n/a"
"cds/exposure/granular/eo_misc_secretarial_administration_consultants/input_pct","input_pct","float","input","Percentage of Fees (%)","0"
"cds/exposure/granular/eo_misc_secretarial_administration_consultants/relativity","relativity","float","output","Relativity","n/a"
"cds/exposure/granular/eo_misc_secretarial_administration_consultants/show_row","show_row","bool","output","Secretarial & Administration Consultants","n/a"
"cds/exposure/granular/eo_misc_secretarial_administration_consultants","eo_misc_secretarial_administration_consultants","structure","n/a","n/a","n/a"
"cds/exposure/granular/eo_misc_sign_language_interpreters/input_pct","input_pct","float","input","Percentage of Fees (%)","0"
"cds/exposure/granular/eo_misc_sign_language_interpreters/relativity","relativity","float","output","Relativity","n/a"
"cds/exposure/granular/eo_misc_sign_language_interpreters/show_row","show_row","bool","output","Sign Language Interpreters","n/a"
"cds/exposure/granular/eo_misc_sign_language_interpreters","eo_misc_sign_language_interpreters","structure","n/a","n/a","n/a"
"cds/exposure/granular/eo_misc_stock_takers_valuers/input_pct","input_pct","float","input","Percentage of Fees (%)","0"
"cds/exposure/granular/eo_misc_stock_takers_valuers/relativity","relativity","float","output","Relativity","n/a"
"cds/exposure/granular/eo_misc_stock_takers_valuers/show_row","show_row","bool","output","Stock Takers & Valuers","n/a"
"cds/exposure/granular/eo_misc_stock_takers_valuers","eo_misc_stock_takers_valuers","structure","n/a","n/a","n/a"
"cds/exposure/granular/eo_misc_telecommunications_consultants/input_pct","input_pct","float","input","Percentage of Fees (%)","0"
"cds/exposure/granular/eo_misc_telecommunications_consultants/relativity","relativity","float","output","Relativity","n/a"
"cds/exposure/granular/eo_misc_telecommunications_consultants/show_row","show_row","bool","output","Telecommunications Consultants (Ex Mission Critical Live Trading Environments)","n/a"
"cds/exposure/granular/eo_misc_telecommunications_consultants","eo_misc_telecommunications_consultants","structure","n/a","n/a","n/a"
"cds/exposure/granular/eo_misc_tracing_consultant/input_pct","input_pct","float","input","Percentage of Fees (%)","0"
"cds/exposure/granular/eo_misc_tracing_consultant/relativity","relativity","float","output","Relativity","n/a"
"cds/exposure/granular/eo_misc_tracing_consultant/show_row","show_row","bool","output","Tracing Consultant","n/a"
"cds/exposure/granular/eo_misc_tracing_consultant","eo_misc_tracing_consultant","structure","n/a","n/a","n/a"
"cds/exposure/granular/eo_misc_trade_associations/input_pct","input_pct","float","input","Percentage of Fees (%)","0"
"cds/exposure/granular/eo_misc_trade_associations/relativity","relativity","float","output","Relativity","n/a"
"cds/exposure/granular/eo_misc_trade_associations/show_row","show_row","bool","output","Trade Associations","n/a"
"cds/exposure/granular/eo_misc_trade_associations","eo_misc_trade_associations","structure","n/a","n/a","n/a"
"cds/exposure/granular/eo_misc_trading_standards_consultants/input_pct","input_pct","float","input","Percentage of Fees (%)","0"
"cds/exposure/granular/eo_misc_trading_standards_consultants/relativity","relativity","float","output","Relativity","n/a"
"cds/exposure/granular/eo_misc_trading_standards_consultants/show_row","show_row","bool","output","Trading Standards Consultants","n/a"
"cds/exposure/granular/eo_misc_trading_standards_consultants","eo_misc_trading_standards_consultants","structure","n/a","n/a","n/a"
"cds/exposure/granular/eo_misc_translators/input_pct","input_pct","float","input","Percentage of Fees (%)","0"
"cds/exposure/granular/eo_misc_translators/relativity","relativity","float","output","Relativity","n/a"
"cds/exposure/granular/eo_misc_translators/show_row","show_row","bool","output","Translators (Ex Medical, Legal Or Financial)","n/a"
"cds/exposure/granular/eo_misc_translators","eo_misc_translators","structure","n/a","n/a","n/a"
"cds/exposure/granular/eo_misc_tree_surgeons/input_pct","input_pct","float","input","Percentage of Fees (%)","0"
"cds/exposure/granular/eo_misc_tree_surgeons/relativity","relativity","float","output","Relativity","n/a"
"cds/exposure/granular/eo_misc_tree_surgeons/show_row","show_row","bool","output","Tree Surgeons","n/a"
"cds/exposure/granular/eo_misc_tree_surgeons","eo_misc_tree_surgeons","structure","n/a","n/a","n/a"
"cds/exposure/granular/eo_misc_utility_consultants/input_pct","input_pct","float","input","Percentage of Fees (%)","0"
"cds/exposure/granular/eo_misc_utility_consultants/relativity","relativity","float","output","Relativity","n/a"
"cds/exposure/granular/eo_misc_utility_consultants/show_row","show_row","bool","output","Utility Consultants","n/a"
"cds/exposure/granular/eo_misc_utility_consultants","eo_misc_utility_consultants","structure","n/a","n/a","n/a"
"cds/exposure/granular/eo_misc_vat_consultants/input_pct","input_pct","float","input","Percentage of Fees (%)","0"
"cds/exposure/granular/eo_misc_vat_consultants/relativity","relativity","float","output","Relativity","n/a"
"cds/exposure/granular/eo_misc_vat_consultants/show_row","show_row","bool","output","Vat Consultants","n/a"
"cds/exposure/granular/eo_misc_vat_consultants","eo_misc_vat_consultants","structure","n/a","n/a","n/a"
"cds/exposure/granular/eo_misc_other/input_pct","input_pct","float","input","Percentage of Fees (%)","0"
"cds/exposure/granular/eo_misc_other/relativity","relativity","float","output","Relativity","n/a"
"cds/exposure/granular/eo_misc_other/show_row","show_row","bool","output","Other (Please Specify)","n/a"
"cds/exposure/granular/eo_misc_other","eo_misc_other","structure","n/a","n/a","n/a"
"cds/exposure/granular/eo_insbroker_bloodstock/input_pct","input_pct","float","input","Percentage of Fees (%)","0"
"cds/exposure/granular/eo_insbroker_bloodstock/relativity","relativity","float","output","Relativity","n/a"
"cds/exposure/granular/eo_insbroker_bloodstock/show_row","show_row","bool","output","Bloodstock","n/a"
"cds/exposure/granular/eo_insbroker_bloodstock","eo_insbroker_bloodstock","structure","n/a","n/a","n/a"
"cds/exposure/granular/eo_insbroker_cargo_goods_in_transit/input_pct","input_pct","float","input","Percentage of Fees (%)","0"
"cds/exposure/granular/eo_insbroker_cargo_goods_in_transit/relativity","relativity","float","output","Relativity","n/a"
"cds/exposure/granular/eo_insbroker_cargo_goods_in_transit/show_row","show_row","bool","output","Cargo/Goods In Transit","n/a"
"cds/exposure/granular/eo_insbroker_cargo_goods_in_transit","eo_insbroker_cargo_goods_in_transit","structure","n/a","n/a","n/a"
"cds/exposure/granular/eo_insbroker_claims_adjusting/input_pct","input_pct","float","input","Percentage of Fees (%)","0"
"cds/exposure/granular/eo_insbroker_claims_adjusting/relativity","relativity","float","output","Relativity","n/a"
"cds/exposure/granular/eo_insbroker_claims_adjusting/show_row","show_row","bool","output","Claims Adjusting","n/a"
"cds/exposure/granular/eo_insbroker_claims_adjusting","eo_insbroker_claims_adjusting","structure","n/a","n/a","n/a"
"cds/exposure/granular/eo_insbroker_commercial_property/input_pct","input_pct","float","input","Percentage of Fees (%)","0"
"cds/exposure/granular/eo_insbroker_commercial_property/relativity","relativity","float","output","Relativity","n/a"
"cds/exposure/granular/eo_insbroker_commercial_property/show_row","show_row","bool","output","Commercial Property","n/a"
"cds/exposure/granular/eo_insbroker_commercial_property","eo_insbroker_commercial_property","structure","n/a","n/a","n/a"
"cds/exposure/granular/eo_insbroker_crime/input_pct","input_pct","float","input","Percentage of Fees (%)","0"
"cds/exposure/granular/eo_insbroker_crime/relativity","relativity","float","output","Relativity","n/a"
"cds/exposure/granular/eo_insbroker_crime/show_row","show_row","bool","output","Crime","n/a"
"cds/exposure/granular/eo_insbroker_crime","eo_insbroker_crime","structure","n/a","n/a","n/a"
"cds/exposure/granular/eo_insbroker_fac_reinsurance/input_pct","input_pct","float","input","Percentage of Fees (%)","0"
"cds/exposure/granular/eo_insbroker_fac_reinsurance/relativity","relativity","float","output","Relativity","n/a"
"cds/exposure/granular/eo_insbroker_fac_reinsurance/show_row","show_row","bool","output","Fac Reinsurance","n/a"
"cds/exposure/granular/eo_insbroker_fac_reinsurance","eo_insbroker_fac_reinsurance","structure","n/a","n/a","n/a"
"cds/exposure/granular/eo_insbroker_group_accident_life/input_pct","input_pct","float","input","Percentage of Fees (%)","0"
"cds/exposure/granular/eo_insbroker_group_accident_life/relativity","relativity","float","output","Relativity","n/a"
"cds/exposure/granular/eo_insbroker_group_accident_life/show_row","show_row","bool","output","Group Accident/Life","n/a"
"cds/exposure/granular/eo_insbroker_group_accident_life","eo_insbroker_group_accident_life","structure","n/a","n/a","n/a"
"cds/exposure/granular/eo_insbroker_householders/input_pct","input_pct","float","input","Percentage of Fees (%)","0"
"cds/exposure/granular/eo_insbroker_householders/relativity","relativity","float","output","Relativity","n/a"
"cds/exposure/granular/eo_insbroker_householders/show_row","show_row","bool","output","Householders","n/a"
"cds/exposure/granular/eo_insbroker_householders","eo_insbroker_householders","structure","n/a","n/a","n/a"
"cds/exposure/granular/eo_insbroker_individual_term_life_health/input_pct","input_pct","float","input","Percentage of Fees (%)","0"
"cds/exposure/granular/eo_insbroker_individual_term_life_health/relativity","relativity","float","output","Relativity","n/a"
"cds/exposure/granular/eo_insbroker_individual_term_life_health/show_row","show_row","bool","output","Individual Term Life/Health","n/a"
"cds/exposure/granular/eo_insbroker_individual_term_life_health","eo_insbroker_individual_term_life_health","structure","n/a","n/a","n/a"
"cds/exposure/granular/eo_insbroker_industrial_property/input_pct","input_pct","float","input","Percentage of Fees (%)","0"
"cds/exposure/granular/eo_insbroker_industrial_property/relativity","relativity","float","output","Relativity","n/a"
"cds/exposure/granular/eo_insbroker_industrial_property/show_row","show_row","bool","output","Industrial Property","n/a"
"cds/exposure/granular/eo_insbroker_industrial_property","eo_insbroker_industrial_property","structure","n/a","n/a","n/a"
"cds/exposure/granular/eo_insbroker_liability/input_pct","input_pct","float","input","Percentage of Fees (%)","0"
"cds/exposure/granular/eo_insbroker_liability/relativity","relativity","float","output","Relativity","n/a"
"cds/exposure/granular/eo_insbroker_liability/show_row","show_row","bool","output","Liability","n/a"
"cds/exposure/granular/eo_insbroker_liability","eo_insbroker_liability","structure","n/a","n/a","n/a"
"cds/exposure/granular/eo_insbroker_marine_aviation_hull/input_pct","input_pct","float","input","Percentage of Fees (%)","0"
"cds/exposure/granular/eo_insbroker_marine_aviation_hull/relativity","relativity","float","output","Relativity","n/a"
"cds/exposure/granular/eo_insbroker_marine_aviation_hull/show_row","show_row","bool","output","Marine/Aviation/Hull","n/a"
"cds/exposure/granular/eo_insbroker_marine_aviation_hull","eo_insbroker_marine_aviation_hull","structure","n/a","n/a","n/a"
"cds/exposure/granular/eo_insbroker_marine_private_yacht/input_pct","input_pct","float","input","Percentage of Fees (%)","0"
"cds/exposure/granular/eo_insbroker_marine_private_yacht/relativity","relativity","float","output","Relativity","n/a"
"cds/exposure/granular/eo_insbroker_marine_private_yacht/show_row","show_row","bool","output","Marine Private Yacht","n/a"
"cds/exposure/granular/eo_insbroker_marine_private_yacht","eo_insbroker_marine_private_yacht","structure","n/a","n/a","n/a"
"cds/exposure/granular/eo_insbroker_med_mal/input_pct","input_pct","float","input","Percentage of Fees (%)","0"
"cds/exposure/granular/eo_insbroker_med_mal/relativity","relativity","float","output","Relativity","n/a"
"cds/exposure/granular/eo_insbroker_med_mal/show_row","show_row","bool","output","Med Mal","n/a"
"cds/exposure/granular/eo_insbroker_med_mal","eo_insbroker_med_mal","structure","n/a","n/a","n/a"
"cds/exposure/granular/eo_insbroker_mortgage_broking/input_pct","input_pct","float","input","Percentage of Fees (%)","0"
"cds/exposure/granular/eo_insbroker_mortgage_broking/relativity","relativity","float","output","Relativity","n/a"
"cds/exposure/granular/eo_insbroker_mortgage_broking/show_row","show_row","bool","output","Mortgage Broking","n/a"
"cds/exposure/granular/eo_insbroker_mortgage_broking","eo_insbroker_mortgage_broking","structure","n/a","n/a","n/a"
"cds/exposure/granular/eo_insbroker_motor/input_pct","input_pct","float","input","Percentage of Fees (%)","0"
"cds/exposure/granular/eo_insbroker_motor/relativity","relativity","float","output","Relativity","n/a"
"cds/exposure/granular/eo_insbroker_motor/show_row","show_row","bool","output","Motor","n/a"
"cds/exposure/granular/eo_insbroker_motor","eo_insbroker_motor","structure","n/a","n/a","n/a"
"cds/exposure/granular/eo_insbroker_non_marine/input_pct","input_pct","float","input","Percentage of Fees (%)","0"
"cds/exposure/granular/eo_insbroker_non_marine/relativity","relativity","float","output","Relativity","n/a"
"cds/exposure/granular/eo_insbroker_non_marine/show_row","show_row","bool","output","Non Marine","n/a"
"cds/exposure/granular/eo_insbroker_non_marine","eo_insbroker_non_marine","structure","n/a","n/a","n/a"
"cds/exposure/granular/eo_insbroker_pensions_life_investment_products/input_pct","input_pct","float","input","Percentage of Fees (%)","0"
"cds/exposure/granular/eo_insbroker_pensions_life_investment_products/relativity","relativity","float","output","Relativity","n/a"
"cds/exposure/granular/eo_insbroker_pensions_life_investment_products/show_row","show_row","bool","output","Pensions/Life Investment Products","n/a"
"cds/exposure/granular/eo_insbroker_pensions_life_investment_products","eo_insbroker_pensions_life_investment_products","structure","n/a","n/a","n/a"
"cds/exposure/granular/eo_insbroker_personal_accident/input_pct","input_pct","float","input","Percentage of Fees (%)","0"
"cds/exposure/granular/eo_insbroker_personal_accident/relativity","relativity","float","output","Relativity","n/a"
"cds/exposure/granular/eo_insbroker_personal_accident/show_row","show_row","bool","output","Personal Accident","n/a"
"cds/exposure/granular/eo_insbroker_personal_accident","eo_insbroker_personal_accident","structure","n/a","n/a","n/a"
"cds/exposure/granular/eo_insbroker_reinsurance_treaty/input_pct","input_pct","float","input","Percentage of Fees (%)","0"
"cds/exposure/granular/eo_insbroker_reinsurance_treaty/relativity","relativity","float","output","Relativity","n/a"
"cds/exposure/granular/eo_insbroker_reinsurance_treaty/show_row","show_row","bool","output","Reinsurance Treaty","n/a"
"cds/exposure/granular/eo_insbroker_reinsurance_treaty","eo_insbroker_reinsurance_treaty","structure","n/a","n/a","n/a"
"cds/exposure/granular/eo_insbroker_risk_management_consultancy/input_pct","input_pct","float","input","Percentage of Fees (%)","0"
"cds/exposure/granular/eo_insbroker_risk_management_consultancy/relativity","relativity","float","output","Relativity","n/a"
"cds/exposure/granular/eo_insbroker_risk_management_consultancy/show_row","show_row","bool","output","Risk Management/Consultancy","n/a"
"cds/exposure/granular/eo_insbroker_risk_management_consultancy","eo_insbroker_risk_management_consultancy","structure","n/a","n/a","n/a"
"cds/exposure/granular/eo_insbroker_other/input_pct","input_pct","float","input","Percentage of Fees (%)","0"
"cds/exposure/granular/eo_insbroker_other/relativity","relativity","float","output","Relativity","n/a"
"cds/exposure/granular/eo_insbroker_other/show_row","show_row","bool","output","Other (Please Specify)","n/a"
"cds/exposure/granular/eo_insbroker_other","eo_insbroker_other","structure","n/a","n/a","n/a"
"cds/exposure/granular/eo_ae_operation_aerospace/input_pct","input_pct","float","input","Percentage of Fees (%)","0"
"cds/exposure/granular/eo_ae_operation_aerospace/relativity","relativity","float","output","Relativity","n/a"
"cds/exposure/granular/eo_ae_operation_aerospace/show_row","show_row","bool","output","Aerospace","n/a"
"cds/exposure/granular/eo_ae_operation_aerospace","eo_ae_operation_aerospace","structure","n/a","n/a","n/a"
"cds/exposure/granular/eo_ae_operation_airports/input_pct","input_pct","float","input","Percentage of Fees (%)","0"
"cds/exposure/granular/eo_ae_operation_airports/relativity","relativity","float","output","Relativity","n/a"
"cds/exposure/granular/eo_ae_operation_airports/show_row","show_row","bool","output","Airports","n/a"
"cds/exposure/granular/eo_ae_operation_airports","eo_ae_operation_airports","structure","n/a","n/a","n/a"
"cds/exposure/granular/eo_ae_operation_bridgestunnels/input_pct","input_pct","float","input","Percentage of Fees (%)","0"
"cds/exposure/granular/eo_ae_operation_bridgestunnels/relativity","relativity","float","output","Relativity","n/a"
"cds/exposure/granular/eo_ae_operation_bridgestunnels/show_row","show_row","bool","output","Bridges/Tunnels","n/a"
"cds/exposure/granular/eo_ae_operation_bridgestunnels","eo_ae_operation_bridgestunnels","structure","n/a","n/a","n/a"
"cds/exposure/granular/eo_ae_operation_chemicalpetrochemicalpipelines/input_pct","input_pct","float","input","Percentage of Fees (%)","0"
"cds/exposure/granular/eo_ae_operation_chemicalpetrochemicalpipelines/relativity","relativity","float","output","Relativity","n/a"
"cds/exposure/granular/eo_ae_operation_chemicalpetrochemicalpipelines/show_row","show_row","bool","output","Chemical/Petrochemical/Pipelines","n/a"
"cds/exposure/granular/eo_ae_operation_chemicalpetrochemicalpipelines","eo_ae_operation_chemicalpetrochemicalpipelines","structure","n/a","n/a","n/a"
"cds/exposure/granular/eo_ae_operation_commercial_clients/input_pct","input_pct","float","input","Percentage of Fees (%)","0"
"cds/exposure/granular/eo_ae_operation_commercial_clients/relativity","relativity","float","output","Relativity","n/a"
"cds/exposure/granular/eo_ae_operation_commercial_clients/show_row","show_row","bool","output","Commercial Clients","n/a"
"cds/exposure/granular/eo_ae_operation_commercial_clients","eo_ae_operation_commercial_clients","structure","n/a","n/a","n/a"
"cds/exposure/granular/eo_ae_operation_consultingengineeringmanufacturing/input_pct","input_pct","float","input","Percentage of Fees (%)","0"
"cds/exposure/granular/eo_ae_operation_consultingengineeringmanufacturing/relativity","relativity","float","output","Relativity","n/a"
"cds/exposure/granular/eo_ae_operation_consultingengineeringmanufacturing/show_row","show_row","bool","output","Consulting/Engineering/Manufacturing","n/a"
"cds/exposure/granular/eo_ae_operation_consultingengineeringmanufacturing","eo_ae_operation_consultingengineeringmanufacturing","structure","n/a","n/a","n/a"
"cds/exposure/granular/eo_ae_operation_damsharboursjetties/input_pct","input_pct","float","input","Percentage of Fees (%)","0"
"cds/exposure/granular/eo_ae_operation_damsharboursjetties/relativity","relativity","float","output","Relativity","n/a"
"cds/exposure/granular/eo_ae_operation_damsharboursjetties/show_row","show_row","bool","output","Dams/Harbours/Jetties","n/a"
"cds/exposure/granular/eo_ae_operation_damsharboursjetties","eo_ae_operation_damsharboursjetties","structure","n/a","n/a","n/a"
"cds/exposure/granular/eo_ae_operation_financial_clients/input_pct","input_pct","float","input","Percentage of Fees (%)","0"
"cds/exposure/granular/eo_ae_operation_financial_clients/relativity","relativity","float","output","Relativity","n/a"
"cds/exposure/granular/eo_ae_operation_financial_clients/show_row","show_row","bool","output","Financial Clients","n/a"
"cds/exposure/granular/eo_ae_operation_financial_clients","eo_ae_operation_financial_clients","structure","n/a","n/a","n/a"
"cds/exposure/granular/eo_ae_operation_foundationsunderpinning/input_pct","input_pct","float","input","Percentage of Fees (%)","0"
"cds/exposure/granular/eo_ae_operation_foundationsunderpinning/relativity","relativity","float","output","Relativity","n/a"
"cds/exposure/granular/eo_ae_operation_foundationsunderpinning/show_row","show_row","bool","output","Foundations/Underpinning","n/a"
"cds/exposure/granular/eo_ae_operation_foundationsunderpinning","eo_ae_operation_foundationsunderpinning","structure","n/a","n/a","n/a"
"cds/exposure/granular/eo_ae_operation_healthcaremedical/input_pct","input_pct","float","input","Percentage of Fees (%)","0"
"cds/exposure/granular/eo_ae_operation_healthcaremedical/relativity","relativity","float","output","Relativity","n/a"
"cds/exposure/granular/eo_ae_operation_healthcaremedical/show_row","show_row","bool","output","Healthcare/Medical","n/a"
"cds/exposure/granular/eo_ae_operation_healthcaremedical","eo_ae_operation_healthcaremedical","structure","n/a","n/a","n/a"
"cds/exposure/granular/eo_ae_operation_highways/input_pct","input_pct","float","input","Percentage of Fees (%)","0"
"cds/exposure/granular/eo_ae_operation_highways/relativity","relativity","float","output","Relativity","n/a"
"cds/exposure/granular/eo_ae_operation_highways/show_row","show_row","bool","output","Highways","n/a"
"cds/exposure/granular/eo_ae_operation_highways","eo_ae_operation_highways","structure","n/a","n/a","n/a"
"cds/exposure/granular/eo_ae_operation_hospitalsschoolspublic_buildings/input_pct","input_pct","float","input","Percentage of Fees (%)","0"
"cds/exposure/granular/eo_ae_operation_hospitalsschoolspublic_buildings/relativity","relativity","float","output","Relativity","n/a"
"cds/exposure/granular/eo_ae_operation_hospitalsschoolspublic_buildings/show_row","show_row","bool","output","Hospitals/Schools/Public Buildings","n/a"
"cds/exposure/granular/eo_ae_operation_hospitalsschoolspublic_buildings","eo_ae_operation_hospitalsschoolspublic_buildings","structure","n/a","n/a","n/a"
"cds/exposure/granular/eo_ae_operation_hotelsresorts/input_pct","input_pct","float","input","Percentage of Fees (%)","0"
"cds/exposure/granular/eo_ae_operation_hotelsresorts/relativity","relativity","float","output","Relativity","n/a"
"cds/exposure/granular/eo_ae_operation_hotelsresorts/show_row","show_row","bool","output","Hotels/Resorts","n/a"
"cds/exposure/granular/eo_ae_operation_hotelsresorts","eo_ae_operation_hotelsresorts","structure","n/a","n/a","n/a"
"cds/exposure/granular/eo_ae_operation_industrialfactories/input_pct","input_pct","float","input","Percentage of Fees (%)","0"
"cds/exposure/granular/eo_ae_operation_industrialfactories/relativity","relativity","float","output","Relativity","n/a"
"cds/exposure/granular/eo_ae_operation_industrialfactories/show_row","show_row","bool","output","Industrial/factories","n/a"
"cds/exposure/granular/eo_ae_operation_industrialfactories","eo_ae_operation_industrialfactories","structure","n/a","n/a","n/a"
"cds/exposure/granular/eo_ae_operation_internetecommerce/input_pct","input_pct","float","input","Percentage of Fees (%)","0"
"cds/exposure/granular/eo_ae_operation_internetecommerce/relativity","relativity","float","output","Relativity","n/a"
"cds/exposure/granular/eo_ae_operation_internetecommerce/show_row","show_row","bool","output","Internet/E-Commerce","n/a"
"cds/exposure/granular/eo_ae_operation_internetecommerce","eo_ae_operation_internetecommerce","structure","n/a","n/a","n/a"
"cds/exposure/granular/eo_ae_operation_machinerymechanical_design/input_pct","input_pct","float","input","Percentage of Fees (%)","0"
"cds/exposure/granular/eo_ae_operation_machinerymechanical_design/relativity","relativity","float","output","Relativity","n/a"
"cds/exposure/granular/eo_ae_operation_machinerymechanical_design/show_row","show_row","bool","output","Machinery/Mechanical Design","n/a"
"cds/exposure/granular/eo_ae_operation_machinerymechanical_design","eo_ae_operation_machinerymechanical_design","structure","n/a","n/a","n/a"
"cds/exposure/granular/eo_ae_operation_nuclear/input_pct","input_pct","float","input","Percentage of Fees (%)","0"
"cds/exposure/granular/eo_ae_operation_nuclear/relativity","relativity","float","output","Relativity","n/a"
"cds/exposure/granular/eo_ae_operation_nuclear/show_row","show_row","bool","output","Nuclear","n/a"
"cds/exposure/granular/eo_ae_operation_nuclear","eo_ae_operation_nuclear","structure","n/a","n/a","n/a"
"cds/exposure/granular/eo_ae_operation_offshore/input_pct","input_pct","float","input","Percentage of Fees (%)","0"
"cds/exposure/granular/eo_ae_operation_offshore/relativity","relativity","float","output","Relativity","n/a"
"cds/exposure/granular/eo_ae_operation_offshore/show_row","show_row","bool","output","Offshore","n/a"
"cds/exposure/granular/eo_ae_operation_offshore","eo_ae_operation_offshore","structure","n/a","n/a","n/a"
"cds/exposure/granular/eo_ae_operation_other/input_pct","input_pct","float","input","Percentage of Fees (%)","0"
"cds/exposure/granular/eo_ae_operation_other/relativity","relativity","float","output","Relativity","n/a"
"cds/exposure/granular/eo_ae_operation_other/show_row","show_row","bool","output","Other (Please Specify)","n/a"
"cds/exposure/granular/eo_ae_operation_other","eo_ae_operation_other","structure","n/a","n/a","n/a"
"cds/exposure/granular/eo_ae_operation_publicgovernment_clients/input_pct","input_pct","float","input","Percentage of Fees (%)","0"
"cds/exposure/granular/eo_ae_operation_publicgovernment_clients/relativity","relativity","float","output","Relativity","n/a"
"cds/exposure/granular/eo_ae_operation_publicgovernment_clients/show_row","show_row","bool","output","Public/Government Clients","n/a"
"cds/exposure/granular/eo_ae_operation_publicgovernment_clients","eo_ae_operation_publicgovernment_clients","structure","n/a","n/a","n/a"
"cds/exposure/granular/eo_ae_operation_residential_individual_dwelling/input_pct","input_pct","float","input","Percentage of Fees (%)","0"
"cds/exposure/granular/eo_ae_operation_residential_individual_dwelling/relativity","relativity","float","output","Relativity","n/a"
"cds/exposure/granular/eo_ae_operation_residential_individual_dwelling/show_row","show_row","bool","output","Residential Individual Dwelling","n/a"
"cds/exposure/granular/eo_ae_operation_residential_individual_dwelling","eo_ae_operation_residential_individual_dwelling","structure","n/a","n/a","n/a"
"cds/exposure/granular/eo_ae_operation_residential_multiple_dwelling/input_pct","input_pct","float","input","Percentage of Fees (%)","0"
"cds/exposure/granular/eo_ae_operation_residential_multiple_dwelling/relativity","relativity","float","output","Relativity","n/a"
"cds/exposure/granular/eo_ae_operation_residential_multiple_dwelling/show_row","show_row","bool","output","Residential Multiple Dwelling","n/a"
"cds/exposure/granular/eo_ae_operation_residential_multiple_dwelling","eo_ae_operation_residential_multiple_dwelling","structure","n/a","n/a","n/a"
"cds/exposure/granular/eo_ae_operation_retailofficecommercial/input_pct","input_pct","float","input","Percentage of Fees (%)","0"
"cds/exposure/granular/eo_ae_operation_retailofficecommercial/relativity","relativity","float","output","Relativity","n/a"
"cds/exposure/granular/eo_ae_operation_retailofficecommercial/show_row","show_row","bool","output","Retail/Office/Commercial","n/a"
"cds/exposure/granular/eo_ae_operation_retailofficecommercial","eo_ae_operation_retailofficecommercial","structure","n/a","n/a","n/a"
"cds/exposure/granular/eo_ae_operation_theatresstadiumsleisure/input_pct","input_pct","float","input","Percentage of Fees (%)","0"
"cds/exposure/granular/eo_ae_operation_theatresstadiumsleisure/relativity","relativity","float","output","Relativity","n/a"
"cds/exposure/granular/eo_ae_operation_theatresstadiumsleisure/show_row","show_row","bool","output","Theatres/Stadiums/Leisure","n/a"
"cds/exposure/granular/eo_ae_operation_theatresstadiumsleisure","eo_ae_operation_theatresstadiumsleisure","structure","n/a","n/a","n/a"
"cds/exposure/granular/eo_ae_operation_trade_wholesaleretail/input_pct","input_pct","float","input","Percentage of Fees (%)","0"
"cds/exposure/granular/eo_ae_operation_trade_wholesaleretail/relativity","relativity","float","output","Relativity","n/a"
"cds/exposure/granular/eo_ae_operation_trade_wholesaleretail/show_row","show_row","bool","output","Trade Wholesale/Retail","n/a"
"cds/exposure/granular/eo_ae_operation_trade_wholesaleretail","eo_ae_operation_trade_wholesaleretail","structure","n/a","n/a","n/a"
"cds/exposure/granular/eo_ae_operation_water_systemssewerage/input_pct","input_pct","float","input","Percentage of Fees (%)","0"
"cds/exposure/granular/eo_ae_operation_water_systemssewerage/relativity","relativity","float","output","Relativity","n/a"
"cds/exposure/granular/eo_ae_operation_water_systemssewerage/show_row","show_row","bool","output","Water Systems/Sewerage","n/a"
"cds/exposure/granular/eo_ae_operation_water_systemssewerage","eo_ae_operation_water_systemssewerage","structure","n/a","n/a","n/a"
"cds/exposure/granular/mediatech_total_revenue_pct","mediatech_total_revenue_pct","float","output","Total Revenue %","n/a"
"cds/exposure/granular/mediatech_max_class","mediatech_max_class","float","output","Not set","n/a"
"cds/exposure/granular/mediatech_total_base_rate_relativity","mediatech_total_base_rate_relativity","float","output","Total Base Rate for Premium Calculation","n/a"
"cds/exposure/granular/mediatech_reseller_distributor/input_pct","input_pct","float","input","Percentage of Revenue (%)","0"
"cds/exposure/granular/mediatech_reseller_distributor/revenue_amount","revenue_amount","float","output","Revenue","n/a"
"cds/exposure/granular/mediatech_reseller_distributor/class_name","class_name","float","output","Industry Class","n/a"
"cds/exposure/granular/mediatech_reseller_distributor","mediatech_reseller_distributor","structure","n/a","n/a","n/a"
"cds/exposure/granular/mediatech_archiving_records_management/input_pct","input_pct","float","input","Percentage of Revenue (%)","0"
"cds/exposure/granular/mediatech_archiving_records_management/revenue_amount","revenue_amount","float","output","Revenue","n/a"
"cds/exposure/granular/mediatech_archiving_records_management/class_name","class_name","float","output","Industry Class","n/a"
"cds/exposure/granular/mediatech_archiving_records_management","mediatech_archiving_records_management","structure","n/a","n/a","n/a"
"cds/exposure/granular/mediatech_training_education/input_pct","input_pct","float","input","Percentage of Revenue (%)","0"
"cds/exposure/granular/mediatech_training_education/revenue_amount","revenue_amount","float","output","Revenue","n/a"
"cds/exposure/granular/mediatech_training_education/class_name","class_name","float","output","Industry Class","n/a"
"cds/exposure/granular/mediatech_training_education","mediatech_training_education","structure","n/a","n/a","n/a"
"cds/exposure/granular/mediatech_automation_word_processing/input_pct","input_pct","float","input","Percentage of Revenue (%)","0"
"cds/exposure/granular/mediatech_automation_word_processing/revenue_amount","revenue_amount","float","output","Revenue","n/a"
"cds/exposure/granular/mediatech_automation_word_processing/class_name","class_name","float","output","Industry Class","n/a"
"cds/exposure/granular/mediatech_automation_word_processing","mediatech_automation_word_processing","structure","n/a","n/a","n/a"
"cds/exposure/granular/mediatech_consulting_administrative_services_low_exposure/input_pct","input_pct","float","input","Percentage of Revenue (%)","0"
"cds/exposure/granular/mediatech_consulting_administrative_services_low_exposure/revenue_amount","revenue_amount","float","output","Revenue","n/a"
"cds/exposure/granular/mediatech_consulting_administrative_services_low_exposure/class_name","class_name","float","output","Industry Class","n/a"
"cds/exposure/granular/mediatech_consulting_administrative_services_low_exposure","mediatech_consulting_administrative_services_low_exposure","structure","n/a","n/a","n/a"
"cds/exposure/granular/mediatech_prepackaged_software_products_services_low_exposure/input_pct","input_pct","float","input","Percentage of Revenue (%)","0"
"cds/exposure/granular/mediatech_prepackaged_software_products_services_low_exposure/revenue_amount","revenue_amount","float","output","Revenue","n/a"
"cds/exposure/granular/mediatech_prepackaged_software_products_services_low_exposure/class_name","class_name","float","output","Industry Class","n/a"
"cds/exposure/granular/mediatech_prepackaged_software_products_services_low_exposure","mediatech_prepackaged_software_products_services_low_exposure","structure","n/a","n/a","n/a"
"cds/exposure/granular/mediatech_technology_hardware_low_exposure/input_pct","input_pct","float","input","Percentage of Revenue (%)","0"
"cds/exposure/granular/mediatech_technology_hardware_low_exposure/revenue_amount","revenue_amount","float","output","Revenue","n/a"
"cds/exposure/granular/mediatech_technology_hardware_low_exposure/class_name","class_name","float","output","Industry Class","n/a"
"cds/exposure/granular/mediatech_technology_hardware_low_exposure","mediatech_technology_hardware_low_exposure","structure","n/a","n/a","n/a"
"cds/exposure/granular/mediatech_internet_access_provider_low_exposure/input_pct","input_pct","float","input","Percentage of Revenue (%)","0"
"cds/exposure/granular/mediatech_internet_access_provider_low_exposure/revenue_amount","revenue_amount","float","output","Revenue","n/a"
"cds/exposure/granular/mediatech_internet_access_provider_low_exposure/class_name","class_name","float","output","Industry Class","n/a"
"cds/exposure/granular/mediatech_internet_access_provider_low_exposure","mediatech_internet_access_provider_low_exposure","structure","n/a","n/a","n/a"
"cds/exposure/granular/mediatech_other_class_1/input_pct","input_pct","float","input","Percentage of Revenue (%)","0"
"cds/exposure/granular/mediatech_other_class_1/revenue_amount","revenue_amount","float","output","Revenue","n/a"
"cds/exposure/granular/mediatech_other_class_1/class_name","class_name","float","output","Industry Class","n/a"
"cds/exposure/granular/mediatech_other_class_1","mediatech_other_class_1","structure","n/a","n/a","n/a"
"cds/exposure/granular/mediatech_network_design_administration/input_pct","input_pct","float","input","Percentage of Revenue (%)","0"
"cds/exposure/granular/mediatech_network_design_administration/revenue_amount","revenue_amount","float","output","Revenue","n/a"
"cds/exposure/granular/mediatech_network_design_administration/class_name","class_name","float","output","Industry Class","n/a"
"cds/exposure/granular/mediatech_network_design_administration","mediatech_network_design_administration","structure","n/a","n/a","n/a"
"cds/exposure/granular/mediatech_systems_engineering/input_pct","input_pct","float","input","Percentage of Revenue (%)","0"
"cds/exposure/granular/mediatech_systems_engineering/revenue_amount","revenue_amount","float","output","Revenue","n/a"
"cds/exposure/granular/mediatech_systems_engineering/class_name","class_name","float","output","Industry Class","n/a"
"cds/exposure/granular/mediatech_systems_engineering","mediatech_systems_engineering","structure","n/a","n/a","n/a"
"cds/exposure/granular/mediatech_consulting_administrative_services_standard_exposure/input_pct","input_pct","float","input","Percentage of Revenue (%)","0"
"cds/exposure/granular/mediatech_consulting_administrative_services_standard_exposure/revenue_amount","revenue_amount","float","output","Revenue","n/a"
"cds/exposure/granular/mediatech_consulting_administrative_services_standard_exposure/class_name","class_name","float","output","Industry Class","n/a"
"cds/exposure/granular/mediatech_consulting_administrative_services_standard_exposure","mediatech_consulting_administrative_services_standard_exposure","structure","n/a","n/a","n/a"
"cds/exposure/granular/mediatech_installation_maintenance_support_services/input_pct","input_pct","float","input","Percentage of Revenue (%)","0"
"cds/exposure/granular/mediatech_installation_maintenance_support_services/revenue_amount","revenue_amount","float","output","Revenue","n/a"
"cds/exposure/granular/mediatech_installation_maintenance_support_services/class_name","class_name","float","output","Industry Class","n/a"
"cds/exposure/granular/mediatech_installation_maintenance_support_services","mediatech_installation_maintenance_support_services","structure","n/a","n/a","n/a"
"cds/exposure/granular/mediatech_prepackaged_software_products_services_standard_exposure/input_pct","input_pct","float","input","Percentage of Revenue (%)","0"
"cds/exposure/granular/mediatech_prepackaged_software_products_services_standard_exposure/revenue_amount","revenue_amount","float","output","Revenue","n/a"
"cds/exposure/granular/mediatech_prepackaged_software_products_services_standard_exposure/class_name","class_name","float","output","Industry Class","n/a"
"cds/exposure/granular/mediatech_prepackaged_software_products_services_standard_exposure","mediatech_prepackaged_software_products_services_standard_exposure","structure","n/a","n/a","n/a"
"cds/exposure/granular/mediatech_graphic_design_imaging_communications_consulting/input_pct","input_pct","float","input","Percentage of Revenue (%)","0"
"cds/exposure/granular/mediatech_graphic_design_imaging_communications_consulting/revenue_amount","revenue_amount","float","output","Revenue","n/a"
"cds/exposure/granular/mediatech_graphic_design_imaging_communications_consulting/class_name","class_name","float","output","Industry Class","n/a"
"cds/exposure/granular/mediatech_graphic_design_imaging_communications_consulting","mediatech_graphic_design_imaging_communications_consulting","structure","n/a","n/a","n/a"
"cds/exposure/granular/mediatech_technology_hardware_standard_exposure/input_pct","input_pct","float","input","Percentage of Revenue (%)","0"
"cds/exposure/granular/mediatech_technology_hardware_standard_exposure/revenue_amount","revenue_amount","float","output","Revenue","n/a"
"cds/exposure/granular/mediatech_technology_hardware_standard_exposure/class_name","class_name","float","output","Industry Class","n/a"
"cds/exposure/granular/mediatech_technology_hardware_standard_exposure","mediatech_technology_hardware_standard_exposure","structure","n/a","n/a","n/a"
"cds/exposure/granular/mediatech_internet_access_provider_standard_exposure/input_pct","input_pct","float","input","Percentage of Revenue (%)","0"
"cds/exposure/granular/mediatech_internet_access_provider_standard_exposure/revenue_amount","revenue_amount","float","output","Revenue","n/a"
"cds/exposure/granular/mediatech_internet_access_provider_standard_exposure/class_name","class_name","float","output","Industry Class","n/a"
"cds/exposure/granular/mediatech_internet_access_provider_standard_exposure","mediatech_internet_access_provider_standard_exposure","structure","n/a","n/a","n/a"
"cds/exposure/granular/mediatech_software_hardware_management_systems/input_pct","input_pct","float","input","Percentage of Revenue (%)","0"
"cds/exposure/granular/mediatech_software_hardware_management_systems/revenue_amount","revenue_amount","float","output","Revenue","n/a"
"cds/exposure/granular/mediatech_software_hardware_management_systems/class_name","class_name","float","output","Industry Class","n/a"
"cds/exposure/granular/mediatech_software_hardware_management_systems","mediatech_software_hardware_management_systems","structure","n/a","n/a","n/a"
"cds/exposure/granular/mediatech_telecommunication_consulting_services_low_exposure/input_pct","input_pct","float","input","Percentage of Revenue (%)","0"
"cds/exposure/granular/mediatech_telecommunication_consulting_services_low_exposure/revenue_amount","revenue_amount","float","output","Revenue","n/a"
"cds/exposure/granular/mediatech_telecommunication_consulting_services_low_exposure/class_name","class_name","float","output","Industry Class","n/a"
"cds/exposure/granular/mediatech_telecommunication_consulting_services_low_exposure","mediatech_telecommunication_consulting_services_low_exposure","structure","n/a","n/a","n/a"
"cds/exposure/granular/mediatech_custom_software_development_low_exposure/input_pct","input_pct","float","input","Percentage of Revenue (%)","0"
"cds/exposure/granular/mediatech_custom_software_development_low_exposure/revenue_amount","revenue_amount","float","output","Revenue","n/a"
"cds/exposure/granular/mediatech_custom_software_development_low_exposure/class_name","class_name","float","output","Industry Class","n/a"
"cds/exposure/granular/mediatech_custom_software_development_low_exposure","mediatech_custom_software_development_low_exposure","structure","n/a","n/a","n/a"
"cds/exposure/granular/mediatech_data_processing_low_exposure/input_pct","input_pct","float","input","Percentage of Revenue (%)","0"
"cds/exposure/granular/mediatech_data_processing_low_exposure/revenue_amount","revenue_amount","float","output","Revenue","n/a"
"cds/exposure/granular/mediatech_data_processing_low_exposure/class_name","class_name","float","output","Industry Class","n/a"
"cds/exposure/granular/mediatech_data_processing_low_exposure","mediatech_data_processing_low_exposure","structure","n/a","n/a","n/a"
"cds/exposure/granular/mediatech_advertising_media_consulting_low_exposure/input_pct","input_pct","float","input","Percentage of Revenue (%)","0"
"cds/exposure/granular/mediatech_advertising_media_consulting_low_exposure/revenue_amount","revenue_amount","float","output","Revenue","n/a"
"cds/exposure/granular/mediatech_advertising_media_consulting_low_exposure/class_name","class_name","float","output","Industry Class","n/a"
"cds/exposure/granular/mediatech_advertising_media_consulting_low_exposure","mediatech_advertising_media_consulting_low_exposure","structure","n/a","n/a","n/a"
"cds/exposure/granular/mediatech_internet_based_services_products_low_exposure/input_pct","input_pct","float","input","Percentage of Revenue (%)","0"
"cds/exposure/granular/mediatech_internet_based_services_products_low_exposure/revenue_amount","revenue_amount","float","output","Revenue","n/a"
"cds/exposure/granular/mediatech_internet_based_services_products_low_exposure/class_name","class_name","float","output","Industry Class","n/a"
"cds/exposure/granular/mediatech_internet_based_services_products_low_exposure","mediatech_internet_based_services_products_low_exposure","structure","n/a","n/a","n/a"
"cds/exposure/granular/mediatech_other_class_2/input_pct","input_pct","float","input","Percentage of Revenue (%)","0"
"cds/exposure/granular/mediatech_other_class_2/revenue_amount","revenue_amount","float","output","Revenue","n/a"
"cds/exposure/granular/mediatech_other_class_2/class_name","class_name","float","output","Industry Class","n/a"
"cds/exposure/granular/mediatech_other_class_2","mediatech_other_class_2","structure","n/a","n/a","n/a"
"cds/exposure/granular/mediatech_internet_based_services_products_standard_exposure/input_pct","input_pct","float","input","Percentage of Revenue (%)","0"
"cds/exposure/granular/mediatech_internet_based_services_products_standard_exposure/revenue_amount","revenue_amount","float","output","Revenue","n/a"
"cds/exposure/granular/mediatech_internet_based_services_products_standard_exposure/class_name","class_name","float","output","Industry Class","n/a"
"cds/exposure/granular/mediatech_internet_based_services_products_standard_exposure","mediatech_internet_based_services_products_standard_exposure","structure","n/a","n/a","n/a"
"cds/exposure/granular/mediatech_telecommunication_consulting_services_standard_exposure/input_pct","input_pct","float","input","Percentage of Revenue (%)","0"
"cds/exposure/granular/mediatech_telecommunication_consulting_services_standard_exposure/revenue_amount","revenue_amount","float","output","Revenue","n/a"
"cds/exposure/granular/mediatech_telecommunication_consulting_services_standard_exposure/class_name","class_name","float","output","Industry Class","n/a"
"cds/exposure/granular/mediatech_telecommunication_consulting_services_standard_exposure","mediatech_telecommunication_consulting_services_standard_exposure","structure","n/a","n/a","n/a"
"cds/exposure/granular/mediatech_site_operations/input_pct","input_pct","float","input","Percentage of Revenue (%)","0"
"cds/exposure/granular/mediatech_site_operations/revenue_amount","revenue_amount","float","output","Revenue","n/a"
"cds/exposure/granular/mediatech_site_operations/class_name","class_name","float","output","Industry Class","n/a"
"cds/exposure/granular/mediatech_site_operations","mediatech_site_operations","structure","n/a","n/a","n/a"
"cds/exposure/granular/mediatech_custom_software_development_standard_exposure/input_pct","input_pct","float","input","Percentage of Revenue (%)","0"
"cds/exposure/granular/mediatech_custom_software_development_standard_exposure/revenue_amount","revenue_amount","float","output","Revenue","n/a"
"cds/exposure/granular/mediatech_custom_software_development_standard_exposure/class_name","class_name","float","output","Industry Class","n/a"
"cds/exposure/granular/mediatech_custom_software_development_standard_exposure","mediatech_custom_software_development_standard_exposure","structure","n/a","n/a","n/a"
"cds/exposure/granular/mediatech_data_processing_standard_exposure/input_pct","input_pct","float","input","Percentage of Revenue (%)","0"
"cds/exposure/granular/mediatech_data_processing_standard_exposure/revenue_amount","revenue_amount","float","output","Revenue","n/a"
"cds/exposure/granular/mediatech_data_processing_standard_exposure/class_name","class_name","float","output","Industry Class","n/a"
"cds/exposure/granular/mediatech_data_processing_standard_exposure","mediatech_data_processing_standard_exposure","structure","n/a","n/a","n/a"
"cds/exposure/granular/mediatech_advertising_media_consulting_standard_exposure/input_pct","input_pct","float","input","Percentage of Revenue (%)","0"
"cds/exposure/granular/mediatech_advertising_media_consulting_standard_exposure/revenue_amount","revenue_amount","float","output","Revenue","n/a"
"cds/exposure/granular/mediatech_advertising_media_consulting_standard_exposure/class_name","class_name","float","output","Industry Class","n/a"
"cds/exposure/granular/mediatech_advertising_media_consulting_standard_exposure","mediatech_advertising_media_consulting_standard_exposure","structure","n/a","n/a","n/a"
"cds/exposure/granular/mediatech_software_hardware_accounting_financial_non_funds_transfer/input_pct","input_pct","float","input","Percentage of Revenue (%)","0"
"cds/exposure/granular/mediatech_software_hardware_accounting_financial_non_funds_transfer/revenue_amount","revenue_amount","float","output","Revenue","n/a"
"cds/exposure/granular/mediatech_software_hardware_accounting_financial_non_funds_transfer/class_name","class_name","float","output","Industry Class","n/a"
"cds/exposure/granular/mediatech_software_hardware_accounting_financial_non_funds_transfer","mediatech_software_hardware_accounting_financial_non_funds_transfer","structure","n/a","n/a","n/a"
"cds/exposure/granular/mediatech_consulting_administrative_services_high_exposure/input_pct","input_pct","float","input","Percentage of Revenue (%)","0"
"cds/exposure/granular/mediatech_consulting_administrative_services_high_exposure/revenue_amount","revenue_amount","float","output","Revenue","n/a"
"cds/exposure/granular/mediatech_consulting_administrative_services_high_exposure/class_name","class_name","float","output","Industry Class","n/a"
"cds/exposure/granular/mediatech_consulting_administrative_services_high_exposure","mediatech_consulting_administrative_services_high_exposure","structure","n/a","n/a","n/a"
"cds/exposure/granular/mediatech_prepackaged_software_products_services_high_exposure/input_pct","input_pct","float","input","Percentage of Revenue (%)","0"
"cds/exposure/granular/mediatech_prepackaged_software_products_services_high_exposure/revenue_amount","revenue_amount","float","output","Revenue","n/a"
"cds/exposure/granular/mediatech_prepackaged_software_products_services_high_exposure/class_name","class_name","float","output","Industry Class","n/a"
"cds/exposure/granular/mediatech_prepackaged_software_products_services_high_exposure","mediatech_prepackaged_software_products_services_high_exposure","structure","n/a","n/a","n/a"
"cds/exposure/granular/mediatech_technology_hardware_high_exposure/input_pct","input_pct","float","input","Percentage of Revenue (%)","0"
"cds/exposure/granular/mediatech_technology_hardware_high_exposure/revenue_amount","revenue_amount","float","output","Revenue","n/a"
"cds/exposure/granular/mediatech_technology_hardware_high_exposure/class_name","class_name","float","output","Industry Class","n/a"
"cds/exposure/granular/mediatech_technology_hardware_high_exposure","mediatech_technology_hardware_high_exposure","structure","n/a","n/a","n/a"
"cds/exposure/granular/mediatech_internet_access_provider_high_exposure/input_pct","input_pct","float","input","Percentage of Revenue (%)","0"
"cds/exposure/granular/mediatech_internet_access_provider_high_exposure/revenue_amount","revenue_amount","float","output","Revenue","n/a"
"cds/exposure/granular/mediatech_internet_access_provider_high_exposure/class_name","class_name","float","output","Industry Class","n/a"
"cds/exposure/granular/mediatech_internet_access_provider_high_exposure","mediatech_internet_access_provider_high_exposure","structure","n/a","n/a","n/a"
"cds/exposure/granular/mediatech_other_class_3/input_pct","input_pct","float","input","Percentage of Revenue (%)","0"
"cds/exposure/granular/mediatech_other_class_3/revenue_amount","revenue_amount","float","output","Revenue","n/a"
"cds/exposure/granular/mediatech_other_class_3/class_name","class_name","float","output","Industry Class","n/a"
"cds/exposure/granular/mediatech_other_class_3","mediatech_other_class_3","structure","n/a","n/a","n/a"
"cds/exposure/granular/mediatech_software_hardware_payroll_systems/input_pct","input_pct","float","input","Percentage of Revenue (%)","0"
"cds/exposure/granular/mediatech_software_hardware_payroll_systems/revenue_amount","revenue_amount","float","output","Revenue","n/a"
"cds/exposure/granular/mediatech_software_hardware_payroll_systems/class_name","class_name","float","output","Industry Class","n/a"
"cds/exposure/granular/mediatech_software_hardware_payroll_systems","mediatech_software_hardware_payroll_systems","structure","n/a","n/a","n/a"
"cds/exposure/granular/mediatech_edp_audits_feasibility_studies_needs_evaluation_implementation/input_pct","input_pct","float","input","Percentage of Revenue (%)","0"
"cds/exposure/granular/mediatech_edp_audits_feasibility_studies_needs_evaluation_implementation/revenue_amount","revenue_amount","float","output","Revenue","n/a"
"cds/exposure/granular/mediatech_edp_audits_feasibility_studies_needs_evaluation_implementation/class_name","class_name","float","output","Industry Class","n/a"
"cds/exposure/granular/mediatech_edp_audits_feasibility_studies_needs_evaluation_implementation","mediatech_edp_audits_feasibility_studies_needs_evaluation_implementation","structure","n/a","n/a","n/a"
"cds/exposure/granular/mediatech_software_hardware_computer_aided_design_non_structural/input_pct","input_pct","float","input","Percentage of Revenue (%)","0"
"cds/exposure/granular/mediatech_software_hardware_computer_aided_design_non_structural/revenue_amount","revenue_amount","float","output","Revenue","n/a"
"cds/exposure/granular/mediatech_software_hardware_computer_aided_design_non_structural/class_name","class_name","float","output","Industry Class","n/a"
"cds/exposure/granular/mediatech_software_hardware_computer_aided_design_non_structural","mediatech_software_hardware_computer_aided_design_non_structural","structure","n/a","n/a","n/a"
"cds/exposure/granular/mediatech_computer_security_consulting/input_pct","input_pct","float","input","Percentage of Revenue (%)","0"
"cds/exposure/granular/mediatech_computer_security_consulting/revenue_amount","revenue_amount","float","output","Revenue","n/a"
"cds/exposure/granular/mediatech_computer_security_consulting/class_name","class_name","float","output","Industry Class","n/a"
"cds/exposure/granular/mediatech_computer_security_consulting","mediatech_computer_security_consulting","structure","n/a","n/a","n/a"
"cds/exposure/granular/mediatech_telecommunication_consulting_services_high_exposure/input_pct","input_pct","float","input","Percentage of Revenue (%)","0"
"cds/exposure/granular/mediatech_telecommunication_consulting_services_high_exposure/revenue_amount","revenue_amount","float","output","Revenue","n/a"
"cds/exposure/granular/mediatech_telecommunication_consulting_services_high_exposure/class_name","class_name","float","output","Industry Class","n/a"
"cds/exposure/granular/mediatech_telecommunication_consulting_services_high_exposure","mediatech_telecommunication_consulting_services_high_exposure","structure","n/a","n/a","n/a"
"cds/exposure/granular/mediatech_custom_software_development_high_exposure/input_pct","input_pct","float","input","Percentage of Revenue (%)","0"
"cds/exposure/granular/mediatech_custom_software_development_high_exposure/revenue_amount","revenue_amount","float","output","Revenue","n/a"
"cds/exposure/granular/mediatech_custom_software_development_high_exposure/class_name","class_name","float","output","Industry Class","n/a"
"cds/exposure/granular/mediatech_custom_software_development_high_exposure","mediatech_custom_software_development_high_exposure","structure","n/a","n/a","n/a"
"cds/exposure/granular/mediatech_data_processing_high_exposure/input_pct","input_pct","float","input","Percentage of Revenue (%)","0"
"cds/exposure/granular/mediatech_data_processing_high_exposure/revenue_amount","revenue_amount","float","output","Revenue","n/a"
"cds/exposure/granular/mediatech_data_processing_high_exposure/class_name","class_name","float","output","Industry Class","n/a"
"cds/exposure/granular/mediatech_data_processing_high_exposure","mediatech_data_processing_high_exposure","structure","n/a","n/a","n/a"
"cds/exposure/granular/mediatech_advertising_media_consulting_high_exposure/input_pct","input_pct","float","input","Percentage of Revenue (%)","0"
"cds/exposure/granular/mediatech_advertising_media_consulting_high_exposure/revenue_amount","revenue_amount","float","output","Revenue","n/a"
"cds/exposure/granular/mediatech_advertising_media_consulting_high_exposure/class_name","class_name","float","output","Industry Class","n/a"
"cds/exposure/granular/mediatech_advertising_media_consulting_high_exposure","mediatech_advertising_media_consulting_high_exposure","structure","n/a","n/a","n/a"
"cds/exposure/granular/mediatech_internet_based_services_products_high_exposure/input_pct","input_pct","float","input","Percentage of Revenue (%)","0"
"cds/exposure/granular/mediatech_internet_based_services_products_high_exposure/revenue_amount","revenue_amount","float","output","Revenue","n/a"
"cds/exposure/granular/mediatech_internet_based_services_products_high_exposure/class_name","class_name","float","output","Industry Class","n/a"
"cds/exposure/granular/mediatech_internet_based_services_products_high_exposure","mediatech_internet_based_services_products_high_exposure","structure","n/a","n/a","n/a"
"cds/exposure/granular/mediatech_other_class_4/input_pct","input_pct","float","input","Percentage of Revenue (%)","0"
"cds/exposure/granular/mediatech_other_class_4/revenue_amount","revenue_amount","float","output","Revenue","n/a"
"cds/exposure/granular/mediatech_other_class_4/class_name","class_name","float","output","Industry Class","n/a"
"cds/exposure/granular/mediatech_other_class_4","mediatech_other_class_4","structure","n/a","n/a","n/a"
"cds/exposure/granular/mediatech_computer_security_products_services/input_pct","input_pct","float","input","Percentage of Revenue (%)","0"
"cds/exposure/granular/mediatech_computer_security_products_services/revenue_amount","revenue_amount","float","output","Revenue","n/a"
"cds/exposure/granular/mediatech_computer_security_products_services/class_name","class_name","float","output","Industry Class","n/a"
"cds/exposure/granular/mediatech_computer_security_products_services","mediatech_computer_security_products_services","structure","n/a","n/a","n/a"
"cds/exposure/granular/mediatech_software_hardware_medical_management_non_diagnostic/input_pct","input_pct","float","input","Percentage of Revenue (%)","0"
"cds/exposure/granular/mediatech_software_hardware_medical_management_non_diagnostic/revenue_amount","revenue_amount","float","output","Revenue","n/a"
"cds/exposure/granular/mediatech_software_hardware_medical_management_non_diagnostic/class_name","class_name","float","output","Industry Class","n/a"
"cds/exposure/granular/mediatech_software_hardware_medical_management_non_diagnostic","mediatech_software_hardware_medical_management_non_diagnostic","structure","n/a","n/a","n/a"
"cds/exposure/granular/mediatech_other_class_5/input_pct","input_pct","float","input","Percentage of Revenue (%)","0"
"cds/exposure/granular/mediatech_other_class_5/revenue_amount","revenue_amount","float","output","Revenue","n/a"
"cds/exposure/granular/mediatech_other_class_5/class_name","class_name","float","output","Industry Class","n/a"
"cds/exposure/granular/mediatech_other_class_5","mediatech_other_class_5","structure","n/a","n/a","n/a"
"cds/exposure/granular/mediatech_software_hardware_computer_aided_manufacturing_structural_design/input_pct","input_pct","float","input","Percentage of Revenue (%)","0"
"cds/exposure/granular/mediatech_software_hardware_computer_aided_manufacturing_structural_design/revenue_amount","revenue_amount","float","output","Revenue","n/a"
"cds/exposure/granular/mediatech_software_hardware_computer_aided_manufacturing_structural_design/class_name","class_name","float","output","Industry Class","n/a"
"cds/exposure/granular/mediatech_software_hardware_computer_aided_manufacturing_structural_design","mediatech_software_hardware_computer_aided_manufacturing_structural_design","structure","n/a","n/a","n/a"
"cds/exposure/granular/mediatech_software_hardware_medical_management_diagnostic/input_pct","input_pct","float","input","Percentage of Revenue (%)","0"
"cds/exposure/granular/mediatech_software_hardware_medical_management_diagnostic/revenue_amount","revenue_amount","float","output","Revenue","n/a"
"cds/exposure/granular/mediatech_software_hardware_medical_management_diagnostic/class_name","class_name","float","output","Industry Class","n/a"
"cds/exposure/granular/mediatech_software_hardware_medical_management_diagnostic","mediatech_software_hardware_medical_management_diagnostic","structure","n/a","n/a","n/a"
"cds/exposure/granular/mediatech_software_hardware_financial_fund_transfer/input_pct","input_pct","float","input","Percentage of Revenue (%)","0"
"cds/exposure/granular/mediatech_software_hardware_financial_fund_transfer/revenue_amount","revenue_amount","float","output","Revenue","n/a"
"cds/exposure/granular/mediatech_software_hardware_financial_fund_transfer/class_name","class_name","float","output","Industry Class","n/a"
"cds/exposure/granular/mediatech_software_hardware_financial_fund_transfer","mediatech_software_hardware_financial_fund_transfer","structure","n/a","n/a","n/a"
"cds/exposure/granular/mediatech_software_hardware_scientific_and_technical/input_pct","input_pct","float","input","Percentage of Revenue (%)","0"
"cds/exposure/granular/mediatech_software_hardware_scientific_and_technical/revenue_amount","revenue_amount","float","output","Revenue","n/a"
"cds/exposure/granular/mediatech_software_hardware_scientific_and_technical/class_name","class_name","float","output","Industry Class","n/a"
"cds/exposure/granular/mediatech_software_hardware_scientific_and_technical","mediatech_software_hardware_scientific_and_technical","structure","n/a","n/a","n/a"
"cds/exposure/granular/mediatech_system_integration_control_automation_systems/input_pct","input_pct","float","input","Percentage of Revenue (%)","0"
"cds/exposure/granular/mediatech_system_integration_control_automation_systems/revenue_amount","revenue_amount","float","output","Revenue","n/a"
"cds/exposure/granular/mediatech_system_integration_control_automation_systems/class_name","class_name","float","output","Industry Class","n/a"
"cds/exposure/granular/mediatech_system_integration_control_automation_systems","mediatech_system_integration_control_automation_systems","structure","n/a","n/a","n/a"
"cds/exposure/granular/mediatech_hosting/input_pct","input_pct","float","input","Percentage of Revenue (%)","0"
"cds/exposure/granular/mediatech_hosting/revenue_amount","revenue_amount","float","output","Revenue","n/a"
"cds/exposure/granular/mediatech_hosting/class_name","class_name","float","output","Industry Class","n/a"
"cds/exposure/granular/mediatech_hosting","mediatech_hosting","structure","n/a","n/a","n/a"
"cds/exposure/granular/mediatech_other_class_6/input_pct","input_pct","float","input","Percentage of Revenue (%)","0"
"cds/exposure/granular/mediatech_other_class_6/revenue_amount","revenue_amount","float","output","Revenue","n/a"
"cds/exposure/granular/mediatech_other_class_6/class_name","class_name","float","output","Industry Class","n/a"
"cds/exposure/granular/mediatech_other_class_6","mediatech_other_class_6","structure","n/a","n/a","n/a"
"cds/exposure/granular/gl_product","gl_product","str","output","Product Type","n/a"
"cds/exposure/granular/gl_exposure_info/product_type","product_type","str","output","Product Type","n/a"
"cds/exposure/granular/gl_exposure_info/occupation","occupation","str","input","Occupation","None"
"cds/exposure/granular/gl_exposure_info","gl_exposure_info","structure","n/a","n/a","n/a"
"cds/exposure/granular/gl_revenue/tier_input","tier_input","str","input","Tier","None"
"cds/exposure/granular/gl_revenue/revenue_input","revenue_input","float","input","Revenue in Source Currency","0"
"cds/exposure/granular/gl_revenue/revenue_input_usd","revenue_input_usd","float","output","Revenue Converted to $ USD","n/a"
"cds/exposure/granular/gl_revenue/revenue_base_rate","revenue_base_rate","float","output","Not set","n/a"
"cds/exposure/granular/gl_revenue/exposure_type","exposure_type","str","input","Type","None"
"cds/exposure/granular/gl_revenue/tier_relativity","tier_relativity","float","output","Not set","n/a"
"cds/exposure/granular/gl_revenue/type_relativity","type_relativity","float","output","Not set","n/a"
"cds/exposure/granular/gl_revenue/total_relativity","total_relativity","float","output","Not set","n/a"
"cds/exposure/granular/gl_revenue","gl_revenue","list","n/a","n/a","n/a"
"cds/exposure/granular","granular","structure","n/a","n/a","n/a"
"cds/exposure","exposure","structure","n/a","n/a","n/a"
"cds/standard_fields/insured_name","insured_name","str","input","Insured Name","None"
"cds/standard_fields/broker","broker","str","input","Broker Name","None"
"cds/standard_fields/expiry_date","expiry_date","date","output","Expiry Date","n/a"
"cds/standard_fields/inception_date","inception_date","date","output","Inception Date","n/a"
"cds/standard_fields/insured_country","insured_country","str","input","Insured Country","None"
"cds/standard_fields/insured_postal_code","insured_postal_code","str","input","Insured Postal Code","None"
"cds/standard_fields/insured_state_or_province","insured_state_or_province","str","input","Insured State or Province","None"
"cds/standard_fields/is_admitted_or_surplus","is_admitted_or_surplus","str","input","Is Admitted Or Surplus","None"
"cds/standard_fields/is_free_trade_zone","is_free_trade_zone","bool","input","Is Free-Trade Zone","False"
"cds/standard_fields/is_renewal","is_renewal","bool","input","Is Renewal","False"
"cds/standard_fields/underwriter","underwriter","str","input","Underwriter","None"
"cds/standard_fields/policy_reference","policy_reference","str","input","Policy Reference","None"
"cds/standard_fields/facility_reference","facility_reference","str","input","Facility Reference","None"
"cds/standard_fields/benchmark_class","benchmark_class","str","input","Benchmark Class","None"
"cds/standard_fields/uw_rationale","uw_rationale","str","input","Underwriter Rationale","None"
"cds/standard_fields/trifocus","trifocus","str","input","Trifocus","None"
"cds/standard_fields/rating_methodology","rating_methodology","str","input","Rater Priced or Case Priced?","Rater"
"cds/standard_fields/is_case_priced","is_case_priced","bool","output","Is Case Priced","n/a"
"cds/standard_fields/is_rater_priced","is_rater_priced","bool","output","Is Rater Priced","n/a"
"cds/standard_fields","standard_fields","structure","n/a","n/a","n/a"
"cds/layers/limit","limit","float","input","Each and Every Limit","0"
"cds/layers/excess","excess","float","input","Excess","None"
"cds/layers/deductible","deductible","float","input","Retention","0"
"cds/layers/aggregate_limit","aggregate_limit","float","input","Aggregate Limit","None"
"cds/layers/aggregate_excess","aggregate_excess","float","input","Aggregate Excess","None"
"cds/layers/aggregate_deductible","aggregate_deductible","float","input","Aggregate Deductible","None"
"cds/layers/currency","currency","str","input","Currency","None"
"cds/layers/section_reference","section_reference","str","input","Section Reference","None"
"cds/layers/brokerage","brokerage","float","input","Brokerage","0"
"cds/layers/written_line","written_line","float","input","Written Line","1"
"cds/layers/premium","premium","float","input","Gross Bound Premium","None"
"cds/layers/status","status","str","input","Status","None"
"cds/layers/is_primary_excess","is_primary_excess","str","input","Primary or Excess","None"
"cds/layers/benchmark_premium","benchmark_premium","float","output","Gross Benchmark Premium","n/a"
"cds/layers/bpi","bpi","float","output","BPI","n/a"
"cds/layers/bpi_pre_uw_adj","bpi_pre_uw_adj","float","output","BPI (Pre-UW Adjustment)","n/a"
"cds/layers/model_premium","model_premium","float","output","Gross Model Premium","n/a"
"cds/layers/unity_premium","unity_premium","float","output","Gross Unity Premium","n/a"
"cds/layers/quoted_premium","quoted_premium","float","output","Gross Quoted Premium","n/a"
"cds/layers/technical_premium","technical_premium","float","output","Gross Technical Premium","n/a"
"cds/layers/technical_premium_pre_uw_adj","technical_premium_pre_uw_adj","float","output","Gross Technical Premium (Pre-UW Adjustment)","n/a"
"cds/layers/technical_premium_net","technical_premium_net","float","output","Net Technical Premium","n/a"
"cds/layers/tpi","tpi","float","output","TPI","n/a"
"cds/layers/tpi_pre_uw_adj","tpi_pre_uw_adj","float","output","TPI (Pre-UW Adjustment)","n/a"
"cds/layers/pflr_att","pflr_att","float","output","Priced-for Loss Ratio (Att)","n/a"
"cds/layers/pflr_cat","pflr_cat","float","output","Priced-for Loss Ratio (Cat)","n/a"
"cds/layers/pflr","pflr","float","output","Priced-for Loss Ratio","n/a"
"cds/layers/roc","roc","float","output","Return on Capital","n/a"
"cds/layers/uw_adj_impact","uw_adj_impact","float","output","Impact of Underwriting Adjustments","n/a"
"cds/layers/trifocus","trifocus","str","input","Trifocus","None"
"cds/layers/expected_loss_cost","expected_loss_cost","float","output","Expected Loss Cost","n/a"
"cds/layers/expected_loss_cost_pre_uw_adj","expected_loss_cost_pre_uw_adj","float","output","Expected Loss Cost (Pre-UW Ajustment)","n/a"
"cds/layers/coverages/eo/limit","limit","float","input","Each and Every Limit","None"
"cds/layers/coverages/eo/excess","excess","float","input","Excess","None"
"cds/layers/coverages/eo/deductible","deductible","float","input","Retention","None"
"cds/layers/coverages/eo/aggregate_limit","aggregate_limit","float","input","Aggregate Limit","None"
"cds/layers/coverages/eo/aggregate_excess","aggregate_excess","float","input","Aggregate Excess","None"
"cds/layers/coverages/eo/aggregate_deductible","aggregate_deductible","float","input","Aggregate Deductible","None"
"cds/layers/coverages/eo/currency","currency","str","input","Currency","None"
"cds/layers/coverages/eo/section_reference","section_reference","str","input","Section Reference","None"
"cds/layers/coverages/eo/brokerage","brokerage","float","input","Brokerage","None"
"cds/layers/coverages/eo/written_line","written_line","float","input","Written Line","1"
"cds/layers/coverages/eo/premium","premium","float","input","Gross Bound Premium","None"
"cds/layers/coverages/eo/status","status","str","input","Status","None"
"cds/layers/coverages/eo/benchmark_premium","benchmark_premium","float","output","Gross Benchmark Premium After Minimum Premium","n/a"
"cds/layers/coverages/eo/bpi","bpi","float","output","BPI","n/a"
"cds/layers/coverages/eo/bpi_pre_uw_adj","bpi_pre_uw_adj","float","output","BPI (Pre-UW Adjustment)","n/a"
"cds/layers/coverages/eo/model_premium","model_premium","float","output","Gross Model Premium","n/a"
"cds/layers/coverages/eo/unity_premium","unity_premium","float","output","Gross Unity Premium","n/a"
"cds/layers/coverages/eo/quoted_premium","quoted_premium","float","input","Gross Quoted Premium","None"
"cds/layers/coverages/eo/technical_premium","technical_premium","float","output","Gross Technical Premium After Minimum Premium","n/a"
"cds/layers/coverages/eo/technical_premium_pre_uw_adj","technical_premium_pre_uw_adj","float","output","Gross Technical Premium (Pre-UW Adjustment)","n/a"
"cds/layers/coverages/eo/technical_premium_net","technical_premium_net","float","output","Net Technical Premium","n/a"
"cds/layers/coverages/eo/tpi","tpi","float","output","TPI","n/a"
"cds/layers/coverages/eo/tpi_pre_uw_adj","tpi_pre_uw_adj","float","output","TPI (Pre-UW Adjustment)","n/a"
"cds/layers/coverages/eo/pflr_att","pflr_att","float","output","Priced-for Loss Ratio (Att)","n/a"
"cds/layers/coverages/eo/pflr_cat","pflr_cat","float","output","Priced-for Loss Ratio (Cat)","n/a"
"cds/layers/coverages/eo/pflr","pflr","float","output","Priced-for Loss Ratio","n/a"
"cds/layers/coverages/eo/roc","roc","float","output","Return on Capital","n/a"
"cds/layers/coverages/eo/uw_adj_impact","uw_adj_impact","float","output","Impact of Underwriting Adjustments","n/a"
"cds/layers/coverages/eo/guideline_deductible","guideline_deductible","float","output","Guideline Retention","n/a"
"cds/layers/coverages/eo/expected_loss_cost_pre_uw_adj_usd","expected_loss_cost_pre_uw_adj_usd","float","output","Expected Claims Cost Before UW Adjustment (USD)","n/a"
"cds/layers/coverages/eo/expected_loss_cost_usd","expected_loss_cost_usd","float","output","Expected Claims Cost After UW Adjustment (USD) ","n/a"
"cds/layers/coverages/eo/expected_loss_cost_pre_uw_adj","expected_loss_cost_pre_uw_adj","float","output","Expected Claims Cost Before UW Adjustment","n/a"
"cds/layers/coverages/eo/expected_loss_cost","expected_loss_cost","float","output","Expected Claims Cost After UW Adjustment","n/a"
"cds/layers/coverages/eo/benchmark_premium_pre_uw_adj","benchmark_premium_pre_uw_adj","float","output","Gross Benchmark Premium (Pre-UW Adjustment)","n/a"
"cds/layers/coverages/eo/benchmark_premium_pre_uw_adj_usd","benchmark_premium_pre_uw_adj_usd","float","output","Gross Benchmark Premium (Pre-UW Adjustment) (USD)","n/a"
"cds/layers/coverages/eo/benchmark_premium_usd","benchmark_premium_usd","float","output","Gross Benchmark Premium (USD)","n/a"
"cds/layers/coverages/eo/technical_premium_usd","technical_premium_usd","float","output","Gross Technical Premium (USD)","n/a"
"cds/layers/coverages/eo/technical_premium_pre_uw_adj_usd","technical_premium_pre_uw_adj_usd","float","output","Gross Technical Premium (Pre-UW Adjustment) (USD)","n/a"
"cds/layers/coverages/eo/technical_premium_net_usd","technical_premium_net_usd","float","output","Net Technical Premium (USD)","n/a"
"cds/layers/coverages/eo/technical_premium_net_pre_uw_adj_usd","technical_premium_net_pre_uw_adj_usd","float","output","Net Technical Premium (Pre-UW Adjustment) (USD)","n/a"
"cds/layers/coverages/eo/technical_premium_net_pre_uw_adj","technical_premium_net_pre_uw_adj","float","output","Net Technical Premium (Pre-UW Adjustment)","n/a"
"cds/layers/coverages/eo/benchmark_premium_net_usd","benchmark_premium_net_usd","float","output","Net Benchmark Premium (USD)","n/a"
"cds/layers/coverages/eo/benchmark_premium_net","benchmark_premium_net","float","output","Net Benchmark Premium ","n/a"
"cds/layers/coverages/eo/benchmark_premium_net_pre_uw_adj_usd","benchmark_premium_net_pre_uw_adj_usd","float","output","Net Benchmark Premium (Pre-UW Adjustment) (USD)","n/a"
"cds/layers/coverages/eo/benchmark_premium_net_pre_uw_adj","benchmark_premium_net_pre_uw_adj","float","output","Net Benchmark Premium (Pre-UW Adjustment)","n/a"
"cds/layers/coverages/eo/limit_relativity","limit_relativity","float","output","Limit Relativity","n/a"
"cds/layers/coverages/eo/deductible_relativity","deductible_relativity","float","output","Deductible Relativity","n/a"
"cds/layers/coverages/eo/expected_loss_cost_before_minimum_premium_usd","expected_loss_cost_before_minimum_premium_usd","float","output","Expected Claims Cost After UW Adjustment and Before Minimum Premium (USD)","n/a"
"cds/layers/coverages/eo/expected_loss_cost_before_minimum_premium","expected_loss_cost_before_minimum_premium","float","output","Expected Claims Cost After UW Adjustment and Before Minimum Premium","n/a"
"cds/layers/coverages/eo/technical_premium_net_before_minimum_prem_usd","technical_premium_net_before_minimum_prem_usd","float","output","Net Technical Premium (USD) Before Minimum Premium","n/a"
"cds/layers/coverages/eo/technical_premium_before_minimum_prem_usd","technical_premium_before_minimum_prem_usd","float","output","Gross Technical Premium (USD) Before Minimum Premium","n/a"
"cds/layers/coverages/eo/technical_premium_net_before_minimum_prem","technical_premium_net_before_minimum_prem","float","output","Net Technical Premium Before Minimum Premium","n/a"
"cds/layers/coverages/eo/technical_premium_before_minimum_prem","technical_premium_before_minimum_prem","float","output","Gross Technical Premium Before Minimum Premium","n/a"
"cds/layers/coverages/eo","eo","structure","n/a","n/a","n/a"
"cds/layers/coverages/mediatech/limit","limit","float","input","Each and Every Limit","None"
"cds/layers/coverages/mediatech/excess","excess","float","input","Excess","None"
"cds/layers/coverages/mediatech/deductible","deductible","float","input","Retention","None"
"cds/layers/coverages/mediatech/aggregate_limit","aggregate_limit","float","input","Aggregate Limit","None"
"cds/layers/coverages/mediatech/aggregate_excess","aggregate_excess","float","input","Aggregate Excess","None"
"cds/layers/coverages/mediatech/aggregate_deductible","aggregate_deductible","float","input","Aggregate Deductible","None"
"cds/layers/coverages/mediatech/currency","currency","str","input","Currency","None"
"cds/layers/coverages/mediatech/section_reference","section_reference","str","input","Section Reference","None"
"cds/layers/coverages/mediatech/brokerage","brokerage","float","input","Brokerage","None"
"cds/layers/coverages/mediatech/written_line","written_line","float","input","Written Line","1"
"cds/layers/coverages/mediatech/premium","premium","float","input","Gross Bound Premium","None"
"cds/layers/coverages/mediatech/status","status","str","input","Status","None"
"cds/layers/coverages/mediatech/benchmark_premium","benchmark_premium","float","output","Gross Benchmark Premium After Minimum Premium","n/a"
"cds/layers/coverages/mediatech/bpi","bpi","float","output","BPI","n/a"
"cds/layers/coverages/mediatech/bpi_pre_uw_adj","bpi_pre_uw_adj","float","output","BPI (Pre-UW Adjustment)","n/a"
"cds/layers/coverages/mediatech/model_premium","model_premium","float","output","Gross Model Premium","n/a"
"cds/layers/coverages/mediatech/unity_premium","unity_premium","float","output","Gross Unity Premium","n/a"
"cds/layers/coverages/mediatech/quoted_premium","quoted_premium","float","input","Gross Quoted Premium","None"
"cds/layers/coverages/mediatech/technical_premium","technical_premium","float","output","Gross Technical  Premium After Minimum Premium","n/a"
"cds/layers/coverages/mediatech/technical_premium_pre_uw_adj","technical_premium_pre_uw_adj","float","output","Gross Technical Premium (Pre-UW Adjustment)","n/a"
"cds/layers/coverages/mediatech/technical_premium_net","technical_premium_net","float","output","Net Technical Premium","n/a"
"cds/layers/coverages/mediatech/tpi","tpi","float","output","TPI","n/a"
"cds/layers/coverages/mediatech/tpi_pre_uw_adj","tpi_pre_uw_adj","float","output","TPI (Pre-UW Adjustment)","n/a"
"cds/layers/coverages/mediatech/pflr_att","pflr_att","float","output","Priced-for Loss Ratio (Att)","n/a"
"cds/layers/coverages/mediatech/pflr_cat","pflr_cat","float","output","Priced-for Loss Ratio (Cat)","n/a"
"cds/layers/coverages/mediatech/pflr","pflr","float","output","Priced-for Loss Ratio","n/a"
"cds/layers/coverages/mediatech/roc","roc","float","output","Return on Capital","n/a"
"cds/layers/coverages/mediatech/uw_adj_impact","uw_adj_impact","float","output","Impact of Underwriting Adjustments","n/a"
"cds/layers/coverages/mediatech/guideline_deductible","guideline_deductible","float","output","Guideline Retention","n/a"
"cds/layers/coverages/mediatech/expected_loss_cost_pre_uw_adj_usd","expected_loss_cost_pre_uw_adj_usd","float","output","Expected Claims Cost Before UW Adjustment (USD)","n/a"
"cds/layers/coverages/mediatech/expected_loss_cost_usd","expected_loss_cost_usd","float","output","Expected Claims Cost After UW Adjustment (USD) ","n/a"
"cds/layers/coverages/mediatech/expected_loss_cost_pre_uw_adj","expected_loss_cost_pre_uw_adj","float","output","Expected Claims Cost Before UW Adjustment","n/a"
"cds/layers/coverages/mediatech/expected_loss_cost","expected_loss_cost","float","output","Expected Claims Cost After UW Adjustment","n/a"
"cds/layers/coverages/mediatech/benchmark_premium_pre_uw_adj","benchmark_premium_pre_uw_adj","float","output","Gross Benchmark Premium (Pre-UW Adjustment)","n/a"
"cds/layers/coverages/mediatech/benchmark_premium_pre_uw_adj_usd","benchmark_premium_pre_uw_adj_usd","float","output","Gross Benchmark Premium (Pre-UW Adjustment) (USD)","n/a"
"cds/layers/coverages/mediatech/benchmark_premium_usd","benchmark_premium_usd","float","output","Gross Benchmark Premium (USD)","n/a"
"cds/layers/coverages/mediatech/technical_premium_usd","technical_premium_usd","float","output","Gross Technical Premium (USD)","n/a"
"cds/layers/coverages/mediatech/technical_premium_pre_uw_adj_usd","technical_premium_pre_uw_adj_usd","float","output","Gross Technical Premium (Pre-UW Adjustment) (USD)","n/a"
"cds/layers/coverages/mediatech/technical_premium_net_usd","technical_premium_net_usd","float","output","Net Technical Premium (USD)","n/a"
"cds/layers/coverages/mediatech/technical_premium_net_pre_uw_adj_usd","technical_premium_net_pre_uw_adj_usd","float","output","Net Technical Premium (Pre-UW Adjustment) (USD)","n/a"
"cds/layers/coverages/mediatech/technical_premium_net_pre_uw_adj","technical_premium_net_pre_uw_adj","float","output","Net Technical Premium (Pre-UW Adjustment)","n/a"
"cds/layers/coverages/mediatech/benchmark_premium_net_usd","benchmark_premium_net_usd","float","output","Net Benchmark Premium (USD)","n/a"
"cds/layers/coverages/mediatech/benchmark_premium_net","benchmark_premium_net","float","output","Net Benchmark Premium ","n/a"
"cds/layers/coverages/mediatech/benchmark_premium_net_pre_uw_adj_usd","benchmark_premium_net_pre_uw_adj_usd","float","output","Net Benchmark Premium (Pre-UW Adjustment) (USD)","n/a"
"cds/layers/coverages/mediatech/benchmark_premium_net_pre_uw_adj","benchmark_premium_net_pre_uw_adj","float","output","Net Benchmark Premium (Pre-UW Adjustment)","n/a"
"cds/layers/coverages/mediatech/limit_relativity","limit_relativity","float","output","Limit Relativity","n/a"
"cds/layers/coverages/mediatech/deductible_relativity","deductible_relativity","float","output","Deductible Relativity","n/a"
"cds/layers/coverages/mediatech/expected_loss_cost_before_minimum_premium_usd","expected_loss_cost_before_minimum_premium_usd","float","output","Expected Claims Cost After UW Adjustment and Before Minimum Premium (USD)","n/a"
"cds/layers/coverages/mediatech/expected_loss_cost_before_minimum_premium","expected_loss_cost_before_minimum_premium","float","output","Expected Claims Cost After UW Adjustment and Before Minimum Premium","n/a"
"cds/layers/coverages/mediatech/technical_premium_net_before_minimum_prem_usd","technical_premium_net_before_minimum_prem_usd","float","output","Net Technical Premium (USD) Before Minimum Premium","n/a"
"cds/layers/coverages/mediatech/technical_premium_before_minimum_prem_usd","technical_premium_before_minimum_prem_usd","float","output","Gross Technical Premium (USD) Before Minimum Premium","n/a"
"cds/layers/coverages/mediatech/technical_premium_net_before_minimum_prem","technical_premium_net_before_minimum_prem","float","output","Net Technical Premium Before Minimum Premium","n/a"
"cds/layers/coverages/mediatech/technical_premium_before_minimum_prem","technical_premium_before_minimum_prem","float","output","Gross Technical Premium Before Minimum Premium","n/a"
"cds/layers/coverages/mediatech/additional_defense_limit","additional_defense_limit","float","input","Additional Defense Limit","None"
"cds/layers/coverages/mediatech","mediatech","structure","n/a","n/a","n/a"
"cds/layers/coverages/gl/limit","limit","float","input","Liability Limits EEC","None"
"cds/layers/coverages/gl/excess","excess","float","input","Excess","None"
"cds/layers/coverages/gl/deductible","deductible","float","input","Primary Deductible","None"
"cds/layers/coverages/gl/aggregate_limit","aggregate_limit","float","output","Product Liability Limits AGG","n/a"
"cds/layers/coverages/gl/aggregate_excess","aggregate_excess","float","input","Aggregate Excess","None"
"cds/layers/coverages/gl/aggregate_deductible","aggregate_deductible","float","input","Aggregate Deductible","None"
"cds/layers/coverages/gl/currency","currency","str","input","Currency","None"
"cds/layers/coverages/gl/section_reference","section_reference","str","input","Section Reference","None"
"cds/layers/coverages/gl/brokerage","brokerage","float","input","Brokerage","None"
"cds/layers/coverages/gl/written_line","written_line","float","input","Written Line","1"
"cds/layers/coverages/gl/premium","premium","float","input","Gross Bound Premium","None"
"cds/layers/coverages/gl/status","status","str","input","Status","None"
"cds/layers/coverages/gl/benchmark_premium","benchmark_premium","float","output","Gross Benchmark Premium After Minimum Premium","n/a"
"cds/layers/coverages/gl/bpi","bpi","float","output","BPI","n/a"
"cds/layers/coverages/gl/bpi_pre_uw_adj","bpi_pre_uw_adj","float","output","BPI (Pre-UW Adjustment)","n/a"
"cds/layers/coverages/gl/model_premium","model_premium","float","output","Gross Model Premium","n/a"
"cds/layers/coverages/gl/unity_premium","unity_premium","float","output","Gross Unity Premium","n/a"
"cds/layers/coverages/gl/quoted_premium","quoted_premium","float","input","Gross Quoted Premium","None"
"cds/layers/coverages/gl/technical_premium","technical_premium","float","output","Gross Technical  Premium After Minimum Premium","n/a"
"cds/layers/coverages/gl/technical_premium_pre_uw_adj","technical_premium_pre_uw_adj","float","output","Gross Technical Premium (Pre-UW Adjustment)","n/a"
"cds/layers/coverages/gl/technical_premium_net","technical_premium_net","float","output","Net Technical Premium","n/a"
"cds/layers/coverages/gl/tpi","tpi","float","output","TPI","n/a"
"cds/layers/coverages/gl/tpi_pre_uw_adj","tpi_pre_uw_adj","float","output","TPI (Pre-UW Adjustment)","n/a"
"cds/layers/coverages/gl/pflr_att","pflr_att","float","output","Priced-for Loss Ratio (Att)","n/a"
"cds/layers/coverages/gl/pflr_cat","pflr_cat","float","output","Priced-for Loss Ratio (Cat)","n/a"
"cds/layers/coverages/gl/pflr","pflr","float","output","Priced-for Loss Ratio","n/a"
"cds/layers/coverages/gl/roc","roc","float","output","Return on Capital","n/a"
"cds/layers/coverages/gl/uw_adj_impact","uw_adj_impact","float","output","Impact of Underwriting Adjustments","n/a"
"cds/layers/coverages/gl/guideline_deductible","guideline_deductible","float","output","Guideline Retention","n/a"
"cds/layers/coverages/gl/expected_loss_cost_pre_uw_adj_usd","expected_loss_cost_pre_uw_adj_usd","float","output","Expected Claims Cost Before UW Adjustment (USD)","n/a"
"cds/layers/coverages/gl/expected_loss_cost_usd","expected_loss_cost_usd","float","output","Expected Claims Cost After UW Adjustment (USD) ","n/a"
"cds/layers/coverages/gl/expected_loss_cost_pre_uw_adj","expected_loss_cost_pre_uw_adj","float","output","Expected Claims Cost Before UW Adjustment","n/a"
"cds/layers/coverages/gl/expected_loss_cost","expected_loss_cost","float","output","Expected Claims Cost After UW Adjustment","n/a"
"cds/layers/coverages/gl/benchmark_premium_pre_uw_adj","benchmark_premium_pre_uw_adj","float","output","Gross Benchmark Premium (Pre-UW Adjustment)","n/a"
"cds/layers/coverages/gl/benchmark_premium_pre_uw_adj_usd","benchmark_premium_pre_uw_adj_usd","float","output","Gross Benchmark Premium (Pre-UW Adjustment) (USD)","n/a"
"cds/layers/coverages/gl/benchmark_premium_usd","benchmark_premium_usd","float","output","Gross Benchmark Premium (USD)","n/a"
"cds/layers/coverages/gl/technical_premium_usd","technical_premium_usd","float","output","Gross Technical Premium (USD)","n/a"
"cds/layers/coverages/gl/technical_premium_pre_uw_adj_usd","technical_premium_pre_uw_adj_usd","float","output","Gross Technical Premium (Pre-UW Adjustment) (USD)","n/a"
"cds/layers/coverages/gl/technical_premium_net_usd","technical_premium_net_usd","float","output","Net Technical Premium (USD)","n/a"
"cds/layers/coverages/gl/technical_premium_net_pre_uw_adj_usd","technical_premium_net_pre_uw_adj_usd","float","output","Net Technical Premium (Pre-UW Adjustment) (USD)","n/a"
"cds/layers/coverages/gl/technical_premium_net_pre_uw_adj","technical_premium_net_pre_uw_adj","float","output","Net Technical Premium (Pre-UW Adjustment)","n/a"
"cds/layers/coverages/gl/benchmark_premium_net_usd","benchmark_premium_net_usd","float","output","Net Benchmark Premium (USD)","n/a"
"cds/layers/coverages/gl/benchmark_premium_net","benchmark_premium_net","float","output","Net Benchmark Premium ","n/a"
"cds/layers/coverages/gl/benchmark_premium_net_pre_uw_adj_usd","benchmark_premium_net_pre_uw_adj_usd","float","output","Net Benchmark Premium (Pre-UW Adjustment) (USD)","n/a"
"cds/layers/coverages/gl/benchmark_premium_net_pre_uw_adj","benchmark_premium_net_pre_uw_adj","float","output","Net Benchmark Premium (Pre-UW Adjustment)","n/a"
"cds/layers/coverages/gl/limit_relativity","limit_relativity","float","output","Limit Relativity","n/a"
"cds/layers/coverages/gl/deductible_relativity","deductible_relativity","float","output","Deductible Relativity","n/a"
"cds/layers/coverages/gl/expected_loss_cost_before_minimum_premium_usd","expected_loss_cost_before_minimum_premium_usd","float","output","Expected Claims Cost After UW Adjustment and Before Minimum Premium (USD)","n/a"
"cds/layers/coverages/gl/expected_loss_cost_before_minimum_premium","expected_loss_cost_before_minimum_premium","float","output","Expected Claims Cost After UW Adjustment and Before Minimum Premium","n/a"
"cds/layers/coverages/gl/technical_premium_net_before_minimum_prem_usd","technical_premium_net_before_minimum_prem_usd","float","output","Net Technical Premium (USD) Before Minimum Premium","n/a"
"cds/layers/coverages/gl/technical_premium_before_minimum_prem_usd","technical_premium_before_minimum_prem_usd","float","output","Gross Technical Premium (USD) Before Minimum Premium","n/a"
"cds/layers/coverages/gl/technical_premium_net_before_minimum_prem","technical_premium_net_before_minimum_prem","float","output","Net Technical Premium Before Minimum Premium","n/a"
"cds/layers/coverages/gl/technical_premium_before_minimum_prem","technical_premium_before_minimum_prem","float","output","Gross Technical Premium Before Minimum Premium","n/a"
"cds/layers/coverages/gl/gl_limit_agg","gl_limit_agg","float","output","General Liability Limits AGG","n/a"
"cds/layers/coverages/gl/personal_advertise_limit_agg","personal_advertise_limit_agg","float","output","Personal Advertising Liability Limit EEC","n/a"
"cds/layers/coverages/gl/defence_outside_limit","defence_outside_limit","str","input","Defence Outside Limits","None"
"cds/layers/coverages/gl/excess_of","excess_of","float","input","Excess Of","None"
"cds/layers/coverages/gl/excess_relativity","excess_relativity","float","output","Excess Relativity","n/a"
"cds/layers/coverages/gl/limit_local_currency","limit_local_currency","float","output","Liability Limits EEC","n/a"
"cds/layers/coverages/gl/aggregate_limit_local_currency","aggregate_limit_local_currency","float","output","Product Liability Limits AGG","n/a"
"cds/layers/coverages/gl/gl_limit_agg_local_currency","gl_limit_agg_local_currency","float","output","General Liability Limits AGG","n/a"
"cds/layers/coverages/gl/personal_advertise_limit_agg_local_currency","personal_advertise_limit_agg_local_currency","float","output","Personal Advertising Liability Limit EEC","n/a"
"cds/layers/coverages/gl/defence_outside_limit_local_currency","defence_outside_limit_local_currency","float","output","Defence Outside Limits","n/a"
"cds/layers/coverages/gl/excess_of_local_currency","excess_of_local_currency","float","output","Excess Of","n/a"
"cds/layers/coverages/gl/deductible_local_currency","deductible_local_currency","float","output","Primary Deductible","n/a"
"cds/layers/coverages/gl","gl","structure","n/a","n/a","n/a"
"cds/layers/coverages","coverages","structure","n/a","n/a","n/a"
"cds/layers/rate_change/exposure_change/model_calculated","model_calculated","float","output","Model","n/a"
"cds/layers/rate_change/exposure_change/uw_selected","uw_selected","float","override","UW Selected","n/a"
"cds/layers/rate_change/exposure_change/comments","comments","str","input","Comment","None"
"cds/layers/rate_change/exposure_change","exposure_change","structure","n/a","n/a","n/a"
"cds/layers/rate_change/risk_characteristics_change/model_calculated","model_calculated","float","output","Model","n/a"
"cds/layers/rate_change/risk_characteristics_change/uw_selected","uw_selected","float","override","UW Selected","n/a"
"cds/layers/rate_change/risk_characteristics_change/comments","comments","str","input","Comment","None"
"cds/layers/rate_change/risk_characteristics_change","risk_characteristics_change","structure","n/a","n/a","n/a"
"cds/layers/rate_change/limit_change/model_calculated","model_calculated","float","output","Model","n/a"
"cds/layers/rate_change/limit_change/uw_selected","uw_selected","float","override","UW Selected","n/a"
"cds/layers/rate_change/limit_change/comments","comments","str","input","Comment","None"
"cds/layers/rate_change/limit_change","limit_change","structure","n/a","n/a","n/a"
"cds/layers/rate_change/deductible_change/model_calculated","model_calculated","float","output","Model","n/a"
"cds/layers/rate_change/deductible_change/uw_selected","uw_selected","float","override","UW Selected","n/a"
"cds/layers/rate_change/deductible_change/comments","comments","str","input","Comment","None"
"cds/layers/rate_change/deductible_change","deductible_change","structure","n/a","n/a","n/a"
"cds/layers/rate_change/terms_conditions_change/model_calculated","model_calculated","float","output","Model","n/a"
"cds/layers/rate_change/terms_conditions_change/uw_selected","uw_selected","float","override","UW Selected","n/a"
"cds/layers/rate_change/terms_conditions_change/comments","comments","str","input","Comment","None"
"cds/layers/rate_change/terms_conditions_change","terms_conditions_change","structure","n/a","n/a","n/a"
"cds/layers/rate_change/other_change/model_calculated","model_calculated","float","output","Model","n/a"
"cds/layers/rate_change/other_change/uw_selected","uw_selected","float","override","UW Selected","n/a"
"cds/layers/rate_change/other_change/comments","comments","str","input","Comment","None"
"cds/layers/rate_change/other_change","other_change","structure","n/a","n/a","n/a"
"cds/layers/rate_change/brokerage_change/model_calculated","model_calculated","float","output","Model","n/a"
"cds/layers/rate_change/brokerage_change/uw_selected","uw_selected","float","override","UW Selected","n/a"
"cds/layers/rate_change/brokerage_change/comments","comments","str","input","Comment","None"
"cds/layers/rate_change/brokerage_change","brokerage_change","structure","n/a","n/a","n/a"
"cds/layers/rate_change/rate_change/model_calculated","model_calculated","float","output","Model","n/a"
"cds/layers/rate_change/rate_change/uw_selected","uw_selected","float","output","UW Selected","n/a"
"cds/layers/rate_change/rate_change/comments","comments","str","input","Comment","None"
"cds/layers/rate_change/rate_change/lloyds_limit_attachment_point_change","lloyds_limit_attachment_point_change","float","output","Lloyds's Limit Attachment Point Change","n/a"
"cds/layers/rate_change/rate_change/lloyds_breadth_of_cover_change","lloyds_breadth_of_cover_change","float","output","Lloyds's Breadth of Cover Change","n/a"
"cds/layers/rate_change/rate_change/other_factors_change","other_factors_change","float","output","Other Factors Change","n/a"
"cds/layers/rate_change/rate_change","rate_change","structure","n/a","n/a","n/a"
"cds/layers/rate_change/rebased_expiring_premium","rebased_expiring_premium","float","output","Rebased Expiring Premium","n/a"
"cds/layers/rate_change/expiring_layer","expiring_layer","int","input","Expiring Layer","1"
"cds/layers/rate_change/premium_policy_term_beazley_share/renewal","renewal","float","output","Renewal","n/a"
"cds/layers/rate_change/premium_policy_term_beazley_share/expiring","expiring","float","output","Expiring","n/a"
"cds/layers/rate_change/premium_policy_term_beazley_share","premium_policy_term_beazley_share","structure","n/a","n/a","n/a"
"cds/layers/rate_change/premium_policy_term_100pct/renewal","renewal","float","output","Renewal","n/a"
"cds/layers/rate_change/premium_policy_term_100pct/expiring","expiring","float","output","Expiring","n/a"
"cds/layers/rate_change/premium_policy_term_100pct","premium_policy_term_100pct","structure","n/a","n/a","n/a"
"cds/layers/rate_change/premium_annualized_beazley_share/renewal","renewal","float","output","Renewal","n/a"
"cds/layers/rate_change/premium_annualized_beazley_share/expiring","expiring","float","output","Expiring","n/a"
"cds/layers/rate_change/premium_annualized_beazley_share","premium_annualized_beazley_share","structure","n/a","n/a","n/a"
"cds/layers/rate_change/premium_annualized_100pctbenchmark_premium/renewal","renewal","float","output","Renewal","n/a"
"cds/layers/rate_change/premium_annualized_100pctbenchmark_premium/expiring","expiring","float","output","Expiring","n/a"
"cds/layers/rate_change/premium_annualized_100pctbenchmark_premium","premium_annualized_100pctbenchmark_premium","structure","n/a","n/a","n/a"
"cds/layers/rate_change/technical_premium/renewal","renewal","float","output","Renewal","n/a"
"cds/layers/rate_change/technical_premium/expiring","expiring","float","output","Expiring","n/a"
"cds/layers/rate_change/technical_premium","technical_premium","structure","n/a","n/a","n/a"
"cds/layers/rate_change/written_line/renewal","renewal","float","output","Renewal","n/a"
"cds/layers/rate_change/written_line/expiring","expiring","float","output","Expiring","n/a"
"cds/layers/rate_change/written_line","written_line","structure","n/a","n/a","n/a"
"cds/layers/rate_change/bpi/renewal","renewal","float","output","Renewal","n/a"
"cds/layers/rate_change/bpi/expiring","expiring","float","output","Expiring","n/a"
"cds/layers/rate_change/bpi","bpi","structure","n/a","n/a","n/a"
"cds/layers/rate_change/tpi/renewal","renewal","float","output","Renewal","n/a"
"cds/layers/rate_change/tpi/expiring","expiring","float","output","Expiring","n/a"
"cds/layers/rate_change/tpi","tpi","structure","n/a","n/a","n/a"
"cds/layers/rate_change/expiring_policy_info/expiring_exposure","expiring_exposure","float","output","Not set","n/a"
"cds/layers/rate_change/expiring_policy_info/expiring_policy_length","expiring_policy_length","float","output","Not set","n/a"
"cds/layers/rate_change/expiring_policy_info/expiring_premium","expiring_premium","float","output","Not set","n/a"
"cds/layers/rate_change/expiring_policy_info/expiring_limit","expiring_limit","float","output","Not set","n/a"
"cds/layers/rate_change/expiring_policy_info/expiring_deductible","expiring_deductible","float","output","Not set","n/a"
"cds/layers/rate_change/expiring_policy_info/expiring_brokerage","expiring_brokerage","float","output","Not set","n/a"
"cds/layers/rate_change/expiring_policy_info/expiring_written_line","expiring_written_line","float","output","Not set","n/a"
"cds/layers/rate_change/expiring_policy_info/expiring_expected_loss","expiring_expected_loss","float","output","Not set","n/a"
"cds/layers/rate_change/expiring_policy_info/expiring_technical_premium","expiring_technical_premium","float","output","Not set","n/a"
"cds/layers/rate_change/expiring_policy_info/expiring_tpi","expiring_tpi","float","output","Not set","n/a"
"cds/layers/rate_change/expiring_policy_info/expiring_benchmark_premium","expiring_benchmark_premium","float","output","Not set","n/a"
"cds/layers/rate_change/expiring_policy_info/expiring_bpi","expiring_bpi","float","output","Not set","n/a"
"cds/layers/rate_change/expiring_policy_info","expiring_policy_info","structure","n/a","n/a","n/a"
"cds/layers/rate_change/total_change/model_calculated","model_calculated","float","output","Model %","n/a"
"cds/layers/rate_change/total_change/uw_selected","uw_selected","float","output","UW Selected %","n/a"
"cds/layers/rate_change/total_change/comments","comments","str","input","Comment",""
"cds/layers/rate_change/total_change","total_change","structure","n/a","n/a","n/a"
"cds/layers/rate_change/simple_rate_change","simple_rate_change","float","output","Pure Premium Change / Simple Rate Change","n/a"
"cds/layers/rate_change/risk_adjusted_rate_change/expiry_onlevel_premium_technical","expiry_onlevel_premium_technical","float","output","Rebased Expiring Premium - Technical","n/a"
"cds/layers/rate_change/risk_adjusted_rate_change/expiry_onlevel_premium_technical_net","expiry_onlevel_premium_technical_net","float","output","Rebased Expiring Net Premium - Technical","n/a"
"cds/layers/rate_change/risk_adjusted_rate_change/technical","technical","float","output","Model Risk Adjusted Rate Change","n/a"
"cds/layers/rate_change/risk_adjusted_rate_change/technical_net_brokerage","technical_net_brokerage","float","output","Not set","n/a"
"cds/layers/rate_change/risk_adjusted_rate_change/expiry_onlevel_premium_uw_selected","expiry_onlevel_premium_uw_selected","float","output","Rebased Expiring Premium - UW Selected","n/a"
"cds/layers/rate_change/risk_adjusted_rate_change/expiry_onlevel_premium_uw_selected_net","expiry_onlevel_premium_uw_selected_net","float","output","Rebased Expiring Net Premium - UW Selected","n/a"
"cds/layers/rate_change/risk_adjusted_rate_change/uw_selected","uw_selected","float","output","UW Selected Risk Adjusted Rate Change","n/a"
"cds/layers/rate_change/risk_adjusted_rate_change/uw_selected_net_brokerage","uw_selected_net_brokerage","float","output","UW Selected Risk Adjusted Rate Change","n/a"
"cds/layers/rate_change/risk_adjusted_rate_change","risk_adjusted_rate_change","structure","n/a","n/a","n/a"
"cds/layers/rate_change/risk_adjusted_rate_change_case_priced/uw_selected","uw_selected","float","override","UW Selected Risk Adjusted Rate Change","n/a"
"cds/layers/rate_change/risk_adjusted_rate_change_case_priced/uw_selected_net_brokerage","uw_selected_net_brokerage","float","output","UW Selected Risk Adjusted Rate Change Net Brokerage","n/a"
"cds/layers/rate_change/risk_adjusted_rate_change_case_priced/comments","comments","str","input","Comment",""
"cds/layers/rate_change/risk_adjusted_rate_change_case_priced","risk_adjusted_rate_change_case_priced","structure","n/a","n/a","n/a"
"cds/layers/rate_change/error_message","error_message","str","output","Not set","n/a"
"cds/layers/rate_change/temp_storage/quoted_premium","quoted_premium","float","output","Not set","n/a"
"cds/layers/rate_change/temp_storage/benchmark_premium","benchmark_premium","float","output","Not set","n/a"
"cds/layers/rate_change/temp_storage","temp_storage","structure","n/a","n/a","n/a"
"cds/layers/rate_change","rate_change","structure","n/a","n/a","n/a"
"cds/layers/deal_status_record","deal_status_record","str","output","Deal Status by Renewal Layers","n/a"
"cds/layers/bpi_case_priced","bpi_case_priced","float","input","BPI (Case Priced)","0"
"cds/layers","layers","list","n/a","n/a","n/a"
"cds/currencies/target_currency","target_currency","str","input","Target Currency","None"
"cds/currencies/source_currency","source_currency","str","output","Source Currency","n/a"
"cds/currencies/multi_currency_support","multi_currency_support","bool","input","Multi Currency Support","False"
"cds/currencies/rates/code","code","str","input","Code","None"
"cds/currencies/rates/rate","rate","float","input","Rate","None"
"cds/currencies/rates","rates","list","n/a","n/a","n/a"
"cds/currencies","currencies","structure","n/a","n/a","n/a"
"cds/experience_rating/claims_available","claims_available","bool","input","Loss Data Avaialble","False"
"cds/experience_rating/claims_fgu","claims_fgu","bool","input","Claims From Ground Up","False"
"cds/experience_rating/claims_net_of_deductible","claims_net_of_deductible","bool","input","Are Claims net of Deductible","False"
"cds/experience_rating","experience_rating","structure","n/a","n/a","n/a"
"cds/database_id","database_id","int","output","Database ID","n/a"
"cds/broker_contact","broker_contact","str","input","Broker Contact",""
"cds/source_currency_name","source_currency_name","str","input","Source Currency Name","United States Dollar"
"cds/eo_coverage_selection","eo_coverage_selection","bool","output","E&O ","n/a"
"cds/mediatech_coverage_selection","mediatech_coverage_selection","bool","output","Media Tech ","n/a"
"cds/gl_coverage_selection","gl_coverage_selection","bool","output","GL ","n/a"
"cds/coverage_selection","coverage_selection","str","input","Coverage","None"
"cds/gl_coverage_selection_opposite","gl_coverage_selection_opposite","bool","output","Not set","n/a"
"cds/rate_change/show_layer_1","show_layer_1","bool","output","Not set","n/a"
"cds/rate_change/show_layer_2","show_layer_2","bool","output","Not set","n/a"
"cds/rate_change/show_layer_3","show_layer_3","bool","output","Not set","n/a"
"cds/rate_change/show_layer_4","show_layer_4","bool","output","Not set","n/a"
"cds/rate_change/expiring_policy_option_id","expiring_policy_option_id","int","override","Expiring Policy Option","n/a"
"cds/rate_change/rarc_calc_update","rarc_calc_update","str","output","Not set","n/a"
"cds/rate_change/rarc_run_again_message","rarc_run_again_message","str","output","Not set","n/a"
"cds/rate_change/rarc_message_show","rarc_message_show","bool","output","Not set","n/a"
"cds/rate_change/rarc_calcs_show","rarc_calcs_show","bool","output","Not set","n/a"
"cds/rate_change/has_fetch_not_run","has_fetch_not_run","bool","input","Not set","True"
"cds/rate_change/has_fetch_run","has_fetch_run","bool","output","Not set","n/a"
"cds/rate_change/has_rarc_not_run","has_rarc_not_run","bool","input","Not set","True"
"cds/rate_change/has_rarc_run","has_rarc_run","bool","output","Not set","n/a"
"cds/rate_change/has_expiring_data","has_expiring_data","bool","output","Not set","n/a"
"cds/rate_change/layer_mapping","layer_mapping","str","output","Not set","n/a"
"cds/rate_change","rate_change","structure","n/a","n/a","n/a"
"cds/rating_factors/eo_territory/input_value","input_value","str","input","Territory","None"
"cds/rating_factors/eo_territory/relativity","relativity","float","output","Not set","n/a"
"cds/rating_factors/eo_territory","eo_territory","structure","n/a","n/a","n/a"
"cds/rating_factors/eo_size_relativity","eo_size_relativity","float","output","Not set","n/a"
"cds/rating_factors/eo_prior_knowledge/input_value","input_value","str","input","Description","Two years"
"cds/rating_factors/eo_prior_knowledge/relativity","relativity","float","output","Applied Relativity","n/a"
"cds/rating_factors/eo_prior_knowledge","eo_prior_knowledge","structure","n/a","n/a","n/a"
"cds/rating_factors/eo_cost_included/input_value","input_value","str","input","Description","No"
"cds/rating_factors/eo_cost_included/relativity","relativity","float","output","Applied Relativity","n/a"
"cds/rating_factors/eo_cost_included","eo_cost_included","structure","n/a","n/a","n/a"
"cds/rating_factors/mediatech_territory/input_value","input_value","str","input","Territory","None"
"cds/rating_factors/mediatech_territory/relativity","relativity","float","output","Not set","n/a"
"cds/rating_factors/mediatech_territory","mediatech_territory","structure","n/a","n/a","n/a"
"cds/rating_factors/mediatech_prior_acts/coverage","coverage","str","input","Prior Acts Coverage","No Prior Acts"
"cds/rating_factors/mediatech_prior_acts/retroactive_date","retroactive_date","date","input","Retroactive Start Date","None"
"cds/rating_factors/mediatech_prior_acts/relativity","relativity","float","output","Prior Acts Relativity","n/a"
"cds/rating_factors/mediatech_prior_acts/shown_by","shown_by","bool","output","Not set","n/a"
"cds/rating_factors/mediatech_prior_acts","mediatech_prior_acts","structure","n/a","n/a","n/a"
"cds/rating_factors/mediatech_longevity/business_years","business_years","str","input","Years in Business from Inception","3-9 Years"
"cds/rating_factors/mediatech_longevity/relativity","relativity","float","output","Business Longevity Relativity","n/a"
"cds/rating_factors/mediatech_longevity","mediatech_longevity","structure","n/a","n/a","n/a"
"cds/rating_factors/mediatech_cost_included/cost_included","cost_included","str","input","Cost Included","No"
"cds/rating_factors/mediatech_cost_included/relativity","relativity","float","output","Cost Included Relativity","n/a"
"cds/rating_factors/mediatech_cost_included","mediatech_cost_included","structure","n/a","n/a","n/a"
"cds/rating_factors/gl_territory/input_value","input_value","str","input","Territory","None"
"cds/rating_factors/gl_territory","gl_territory","structure","n/a","n/a","n/a"
"cds/rating_factors/gl_loss/input_value","input_value","str","input","Loss Experience Description","None"
"cds/rating_factors/gl_loss/relativity","relativity","float","output","Relativity","n/a"
"cds/rating_factors/gl_loss","gl_loss","structure","n/a","n/a","n/a"
"cds/rating_factors/gl_excess_primary/input_value","input_value","str","input","Excess/Primary","None"
"cds/rating_factors/gl_excess_primary/excess_relativity","excess_relativity","float","output","Not set","n/a"
"cds/rating_factors/gl_excess_primary","gl_excess_primary","structure","n/a","n/a","n/a"
"cds/rating_factors/gl_excess_show","gl_excess_show","bool","output","Not set","n/a"
"cds/rating_factors","rating_factors","structure","n/a","n/a","n/a"
"cds/modifiers/eo_schedule_modifier/input_value","input_value","float","input","User Input","0"
"cds/modifiers/eo_schedule_modifier/min_rel","min_rel","float","output","Minimum","n/a"
"cds/modifiers/eo_schedule_modifier/max_rel","max_rel","float","output","Maximum","n/a"
"cds/modifiers/eo_schedule_modifier/applied_rel","applied_rel","float","output","Applied","n/a"
"cds/modifiers/eo_schedule_modifier","eo_schedule_modifier","structure","n/a","n/a","n/a"
"cds/modifiers/eo_insurance_history/input_value","input_value","str","input","Description","Other"
"cds/modifiers/eo_insurance_history/input_rel","input_rel","float","input","User Input Relativity","None"
"cds/modifiers/eo_insurance_history/output_class","output_class","str","output","Insurance History","n/a"
"cds/modifiers/eo_insurance_history/min_rel","min_rel","float","output","Minimum Relativity","n/a"
"cds/modifiers/eo_insurance_history/max_rel","max_rel","float","output","Maximum Relativity","n/a"
"cds/modifiers/eo_insurance_history/default_rel","default_rel","float","output","Default Relativity","n/a"
"cds/modifiers/eo_insurance_history/applied_rel","applied_rel","float","output","Applied Relativity","n/a"
"cds/modifiers/eo_insurance_history","eo_insurance_history","structure","n/a","n/a","n/a"
"cds/modifiers/eo_claim_history/input_value","input_value","str","input","Description","None"
"cds/modifiers/eo_claim_history/input_rel","input_rel","float","input","User Input Relativity","None"
"cds/modifiers/eo_claim_history/min_rel","min_rel","float","output","Minimum Relativity","n/a"
"cds/modifiers/eo_claim_history/max_rel","max_rel","float","output","Maximum Relativity","n/a"
"cds/modifiers/eo_claim_history/default_rel","default_rel","float","output","Default Relativity","n/a"
"cds/modifiers/eo_claim_history/applied_rel","applied_rel","float","output","Applied Relativity","n/a"
"cds/modifiers/eo_claim_history","eo_claim_history","structure","n/a","n/a","n/a"
"cds/modifiers/mediatech_accredited_certified/input_value","input_value","float","input","User Input","0"
"cds/modifiers/mediatech_accredited_certified/min_val","min_val","float","output","Minimum","n/a"
"cds/modifiers/mediatech_accredited_certified/max_val","max_val","float","output","Maximum","n/a"
"cds/modifiers/mediatech_accredited_certified/default_val","default_val","float","output","Default","n/a"
"cds/modifiers/mediatech_accredited_certified/applied_val","applied_val","float","output","Applied","n/a"
"cds/modifiers/mediatech_accredited_certified","mediatech_accredited_certified","structure","n/a","n/a","n/a"
"cds/modifiers/mediatech_standardized_written_contract/input_value","input_value","float","input","User Input","0"
"cds/modifiers/mediatech_standardized_written_contract/min_val","min_val","float","output","Minimum","n/a"
"cds/modifiers/mediatech_standardized_written_contract/max_val","max_val","float","output","Maximum","n/a"
"cds/modifiers/mediatech_standardized_written_contract/default_val","default_val","float","output","Default","n/a"
"cds/modifiers/mediatech_standardized_written_contract/applied_val","applied_val","float","output","Applied","n/a"
"cds/modifiers/mediatech_standardized_written_contract","mediatech_standardized_written_contract","structure","n/a","n/a","n/a"
"cds/modifiers/mediatech_risk_management/input_value","input_value","float","input","User Input","0"
"cds/modifiers/mediatech_risk_management/min_val","min_val","float","output","Minimum","n/a"
"cds/modifiers/mediatech_risk_management/max_val","max_val","float","output","Maximum","n/a"
"cds/modifiers/mediatech_risk_management/default_val","default_val","float","output","Default","n/a"
"cds/modifiers/mediatech_risk_management/applied_val","applied_val","float","output","Applied","n/a"
"cds/modifiers/mediatech_risk_management","mediatech_risk_management","structure","n/a","n/a","n/a"
"cds/modifiers/mediatech_financial_condition/input_value","input_value","float","input","User Input","0"
"cds/modifiers/mediatech_financial_condition/min_val","min_val","float","output","Minimum","n/a"
"cds/modifiers/mediatech_financial_condition/max_val","max_val","float","output","Maximum","n/a"
"cds/modifiers/mediatech_financial_condition/default_val","default_val","float","output","Default","n/a"
"cds/modifiers/mediatech_financial_condition/applied_val","applied_val","float","output","Applied","n/a"
"cds/modifiers/mediatech_financial_condition","mediatech_financial_condition","structure","n/a","n/a","n/a"
"cds/modifiers/mediatech_atypical_proportion/input_value","input_value","float","input","User Input","0"
"cds/modifiers/mediatech_atypical_proportion/min_val","min_val","float","output","Minimum","n/a"
"cds/modifiers/mediatech_atypical_proportion/max_val","max_val","float","output","Maximum","n/a"
"cds/modifiers/mediatech_atypical_proportion/default_val","default_val","float","output","Default","n/a"
"cds/modifiers/mediatech_atypical_proportion/applied_val","applied_val","float","output","Applied","n/a"
"cds/modifiers/mediatech_atypical_proportion","mediatech_atypical_proportion","structure","n/a","n/a","n/a"
"cds/modifiers/mediatech_media_content_review/input_value","input_value","float","input","User Input","0"
"cds/modifiers/mediatech_media_content_review/min_val","min_val","float","output","Minimum","n/a"
"cds/modifiers/mediatech_media_content_review/max_val","max_val","float","output","Maximum","n/a"
"cds/modifiers/mediatech_media_content_review/default_val","default_val","float","output","Default","n/a"
"cds/modifiers/mediatech_media_content_review/applied_val","applied_val","float","output","Applied","n/a"
"cds/modifiers/mediatech_media_content_review","mediatech_media_content_review","structure","n/a","n/a","n/a"
"cds/modifiers/mediatech_privacy_controls/input_value","input_value","float","input","User Input","0"
"cds/modifiers/mediatech_privacy_controls/min_val","min_val","float","output","Minimum","n/a"
"cds/modifiers/mediatech_privacy_controls/max_val","max_val","float","output","Maximum","n/a"
"cds/modifiers/mediatech_privacy_controls/default_val","default_val","float","output","Default","n/a"
"cds/modifiers/mediatech_privacy_controls/applied_val","applied_val","float","output","Applied","n/a"
"cds/modifiers/mediatech_privacy_controls","mediatech_privacy_controls","structure","n/a","n/a","n/a"
"cds/modifiers/mediatech_overall_quality/input_value","input_value","float","input","User Input","0"
"cds/modifiers/mediatech_overall_quality/min_val","min_val","float","output","Minimum","n/a"
"cds/modifiers/mediatech_overall_quality/max_val","max_val","float","output","Maximum","n/a"
"cds/modifiers/mediatech_overall_quality/default_val","default_val","float","output","Default","n/a"
"cds/modifiers/mediatech_overall_quality/applied_val","applied_val","float","output","Applied","n/a"
"cds/modifiers/mediatech_overall_quality","mediatech_overall_quality","structure","n/a","n/a","n/a"
"cds/modifiers/mediatech_total_schedule/input_value","input_value","float","output","Selected","n/a"
"cds/modifiers/mediatech_total_schedule/min_val","min_val","float","output","Minimum","n/a"
"cds/modifiers/mediatech_total_schedule/max_val","max_val","float","output","Maximum","n/a"
"cds/modifiers/mediatech_total_schedule/default_val","default_val","float","output","Default","n/a"
"cds/modifiers/mediatech_total_schedule/applied_val","applied_val","float","output","Applied","n/a"
"cds/modifiers/mediatech_total_schedule","mediatech_total_schedule","structure","n/a","n/a","n/a"
"cds/modifiers/mediatech_bipd/input_value","input_value","str","input","Included ?","No"
"cds/modifiers/mediatech_bipd/input_relativity","input_relativity","float","input","User Input Relativity","None"
"cds/modifiers/mediatech_bipd/min_rel","min_rel","float","output","Minimum Relativity","n/a"
"cds/modifiers/mediatech_bipd/max_rel","max_rel","float","output","Maximum Relativity","n/a"
"cds/modifiers/mediatech_bipd/default_rel","default_rel","float","output","Default Relativity","n/a"
"cds/modifiers/mediatech_bipd/applied_rel","applied_rel","float","output","Applied Relativity","n/a"
"cds/modifiers/mediatech_bipd","mediatech_bipd","structure","n/a","n/a","n/a"
"cds/modifiers/mediatech_claim_experience/input_value","input_value","str","input","Activity","No claim activity"
"cds/modifiers/mediatech_claim_experience/input_relativity","input_relativity","float","input","User Input Relativity","None"
"cds/modifiers/mediatech_claim_experience/min_rel","min_rel","float","output","Minimum Relativity","n/a"
"cds/modifiers/mediatech_claim_experience/max_rel","max_rel","float","output","Maximum Relativity","n/a"
"cds/modifiers/mediatech_claim_experience/default_rel","default_rel","float","output","Default Relativity","n/a"
"cds/modifiers/mediatech_claim_experience/applied_rel","applied_rel","float","output","Applied Relativity","n/a"
"cds/modifiers/mediatech_claim_experience","mediatech_claim_experience","structure","n/a","n/a","n/a"
"cds/modifiers/gl_uw_adjustment/input_value","input_value","float","input","User Input","0"
"cds/modifiers/gl_uw_adjustment/min_value","min_value","float","output","Min","n/a"
"cds/modifiers/gl_uw_adjustment/max_value","max_value","float","output","Max","n/a"
"cds/modifiers/gl_uw_adjustment/applied_value","applied_value","float","output","Applied","n/a"
"cds/modifiers/gl_uw_adjustment","gl_uw_adjustment","structure","n/a","n/a","n/a"
"cds/modifiers","modifiers","structure","n/a","n/a","n/a"
"cds/gl_tier_notes/text_box","text_box","str","output","Not set","n/a"
"cds/gl_tier_notes/show_box","show_box","bool","input","Show the Product Tiers Description","False"
"cds/gl_tier_notes/stretch_box","stretch_box","bool","output","Not set","n/a"
"cds/gl_tier_notes","gl_tier_notes","structure","n/a","n/a","n/a"
"cds/local_currency_output","local_currency_output","str","output","Original/Source Currency","n/a"
"cds/eo_fees_currency_label","eo_fees_currency_label","str","output","Not set","n/a"
"cds/mediatech_revenue_currency_label","mediatech_revenue_currency_label","str","output","Not set","n/a"
"cds/gl_revenue_currency_label","gl_revenue_currency_label","str","output","Not set","n/a"
"cds/gl_revenue_total_currency_label","gl_revenue_total_currency_label","str","output","Not set","n/a"
"cds/gl_local_currency_label","gl_local_currency_label","str","output","Not set","n/a"
"cds/gl_local_currency","gl_local_currency","bool","input","Show Pricing Inputs in Source Currency","False"
"cds","cds","structure","n/a","n/a","n/a"
"model_state/pressed_start_renewal_task","pressed_start_renewal_task","bool","output","Not set","n/a"
"model_state/show_landing_page","show_landing_page","bool","output","Not set","n/a"
"model_state/show_after_landing_page","show_after_landing_page","bool","output","Not set","n/a"
"model_state/show_rate_change","show_rate_change","bool","output","Not set","n/a"
"model_state/landing_page_info","landing_page_info","str","input","Not set","Click 'Import Expiring Policy Data' in the top right corner then click 'Start Policy'"
"model_state","model_state","structure","n/a","n/a","n/a"
